ISO-10303-21;
HEADER;
FILE_DESCRIPTION (( 'STEP AP203' ),
    '1' );
FILE_NAME ('MirroredLPlate.STEP',
    '2026-02-26T13:27:22',
    ( '' ),
    ( '' ),
    'SwSTEP 2.0',
    'SolidWorks 2024',
    '' );
FILE_SCHEMA (( 'CONFIG_CONTROL_DESIGN' ));
ENDSEC;

DATA;
#1 = CARTESIAN_POINT ( 'NONE',  ( -23.76322043552682928, 8.000000000000000000, 18.31145418945635939 ) ) ;
#2 = EDGE_LOOP ( 'NONE', ( #1514, #3647, #1574, #2074, #4924, #4482 ) ) ;
#3 = EDGE_LOOP ( 'NONE', ( #5026, #1207, #1642, #795, #4421, #3268 ) ) ;
#4 = FACE_BOUND ( 'NONE', #337, .T. ) ;
#5 = VERTEX_POINT ( 'NONE', #3161 ) ;
#6 = DIRECTION ( 'NONE',  ( 0.8660254037844390407, 0.000000000000000000, 0.4999999999999991673 ) ) ;
#7 = DIRECTION ( 'NONE',  ( 0.000000000000000000, 3.717264591378872007E-15, 1.000000000000000000 ) ) ;
#8 = DIRECTION ( 'NONE',  ( 0.000000000000000000, 1.000000000000000000, -3.386180225106570465E-15 ) ) ;
#9 = CARTESIAN_POINT ( 'NONE',  ( 0.000000000000000000, 0.000000000000000000, 0.000000000000000000 ) ) ;
#10 = CARTESIAN_POINT ( 'NONE',  ( -26.92701278571807322, 35.20000000000023022, -25.60000000000013642 ) ) ;
#11 = LINE ( 'NONE', #2827, #1205 ) ;
#12 = LINE ( 'NONE', #3968, #2047 ) ;
#13 = ORIENTED_EDGE ( 'NONE', *, *, #1661, .F. ) ;
#14 = CYLINDRICAL_SURFACE ( 'NONE', #2793, 1.700000000000000178 ) ;
#15 = LINE ( 'NONE', #3193, #980 ) ;
#16 = CARTESIAN_POINT ( 'NONE',  ( -42.40000000000000568, 47.70000000000002416, -25.60000000000018261 ) ) ;
#17 = ORIENTED_EDGE ( 'NONE', *, *, #2307, .F. ) ;
#18 = DIRECTION ( 'NONE',  ( -0.4999999999999985567, -0.8660254037844394848, 2.790012826226032270E-15 ) ) ;
#19 = ORIENTED_EDGE ( 'NONE', *, *, #4039, .F. ) ;
#20 = VERTEX_POINT ( 'NONE', #4755 ) ;
#21 = DIRECTION ( 'NONE',  ( 0.000000000000000000, 0.000000000000000000, 1.000000000000000000 ) ) ;
#22 = VERTEX_POINT ( 'NONE', #1279 ) ;
#23 = EDGE_LOOP ( 'NONE', ( #559, #4485, #2472, #727 ) ) ;
#24 = FACE_BOUND ( 'NONE', #3247, .T. ) ;
#25 = ORIENTED_EDGE ( 'NONE', *, *, #3608, .F. ) ;
#26 = CARTESIAN_POINT ( 'NONE',  ( 0.000000000000000000, 8.000000000000000000, -12.00000000000000178 ) ) ;
#27 = CARTESIAN_POINT ( 'NONE',  ( -57.87298721428194881, 19.19999999999995310, -22.00000000000008527 ) ) ;
#28 = EDGE_CURVE ( 'NONE', #4066, #524, #4392, .T. ) ;
#29 = FACE_OUTER_BOUND ( 'NONE', #1663, .T. ) ;
#30 = ORIENTED_EDGE ( 'NONE', *, *, #1901, .F. ) ;
#31 = DIRECTION ( 'NONE',  ( 0.000000000000000000, -1.000000000000000000, 3.097720492815725095E-15 ) ) ;
#32 = CARTESIAN_POINT ( 'NONE',  ( -57.87298721428201986, 40.79999999999999716, -25.60000000000015774 ) ) ;
#33 = EDGE_CURVE ( 'NONE', #1283, #1080, #3626, .T. ) ;
#34 = DIRECTION ( 'NONE',  ( -0.8660254037844398178, 0.4999999999999980016, -1.817990202823726573E-15 ) ) ;
#35 = EDGE_LOOP ( 'NONE', ( #4827, #2734, #1969, #4555 ) ) ;
#36 = CARTESIAN_POINT ( 'NONE',  ( -42.40000000000000568, 12.30000000000001847, -25.60000000000005826 ) ) ;
#37 = EDGE_CURVE ( 'NONE', #807, #3201, #763, .T. ) ;
#38 = ADVANCED_FACE ( 'NONE', ( #1988 ), #3573, .F. ) ;
#39 = CYLINDRICAL_SURFACE ( 'NONE', #3642, 12.00000000000000000 ) ;
#40 = DIRECTION ( 'NONE',  ( 0.000000000000000000, 0.000000000000000000, -1.000000000000000000 ) ) ;
#41 = EDGE_LOOP ( 'NONE', ( #2857, #1530 ) ) ;
#42 = CARTESIAN_POINT ( 'NONE',  ( -54.82640687119288714, 0.000000000000000000, -22.00000000000000711 ) ) ;
#43 = ORIENTED_EDGE ( 'NONE', *, *, #903, .F. ) ;
#44 = AXIS2_PLACEMENT_3D ( 'NONE', #271, #4998, #293 ) ;
#45 = ORIENTED_EDGE ( 'NONE', *, *, #2762, .T. ) ;
#46 = PLANE ( 'NONE',  #5153 ) ;
#47 = AXIS2_PLACEMENT_3D ( 'NONE', #581, #480, #947 ) ;
#48 = VECTOR ( 'NONE', #3166, 999.9999999999998863 ) ;
#49 = ORIENTED_EDGE ( 'NONE', *, *, #736, .T. ) ;
#50 = ORIENTED_EDGE ( 'NONE', *, *, #3192, .F. ) ;
#51 = PLANE ( 'NONE',  #4299 ) ;
#52 = AXIS2_PLACEMENT_3D ( 'NONE', #4551, #1399, #4184 ) ;
#53 = EDGE_CURVE ( 'NONE', #1323, #3262, #3184, .T. ) ;
#54 = DATE_AND_TIME ( #2340, #545 ) ;
#55 = APPROVAL ( #4300, 'UNSPECIFIED' ) ;
#56 = AXIS2_PLACEMENT_3D ( 'NONE', #3145, #3557, #5165 ) ;
#57 = CARTESIAN_POINT ( 'NONE',  ( -56.25640646055099126, 21.99999999999995737, -25.60000000000009024 ) ) ;
#58 = CARTESIAN_POINT ( 'NONE',  ( 13.49999999999994671, 5.400000000000000355, -21.68268590217987679 ) ) ;
#59 = DIRECTION ( 'NONE',  ( 0.5000000000000101030, -0.8660254037844328234, 3.004629197474230499E-15 ) ) ;
#60 = CIRCLE ( 'NONE', #473, 29.99999999999998934 ) ;
#61 = CARTESIAN_POINT ( 'NONE',  ( -13.49999999999978328, 0.000000000000000000, 23.38268590217996490 ) ) ;
#62 = DIRECTION ( 'NONE',  ( -3.402186748401941492E-17, 3.361841101310300739E-15, 1.000000000000000000 ) ) ;
#63 = VECTOR ( 'NONE', #2243, 1000.000000000000114 ) ;
#64 = DIRECTION ( 'NONE',  ( -0.000000000000000000, 3.552713678800500929E-15, 1.000000000000000000 ) ) ;
#65 = VERTEX_POINT ( 'NONE', #4807 ) ;
#66 = DIRECTION ( 'NONE',  ( 3.402186748401744277E-17, 3.577052802596770261E-15, 1.000000000000000000 ) ) ;
#68 = DIRECTION ( 'NONE',  ( -0.000000000000000000, 3.552713678800500929E-15, 1.000000000000000000 ) ) ;
#67 = VECTOR ( 'NONE', #3653, 1000.000000000000000 ) ;
#69 = CARTESIAN_POINT ( 'NONE',  ( -13.50000000000009948, 5.400000000000000355, -20.14952439471788281 ) ) ;
#70 = ORIENTED_EDGE ( 'NONE', *, *, #752, .F. ) ;
#71 = EDGE_CURVE ( 'NONE', #409, #2392, #4383, .T. ) ;
#72 = VECTOR ( 'NONE', #3108, 1000.000000000000227 ) ;
#73 = CARTESIAN_POINT ( 'NONE',  ( -57.87298721428194881, 19.19999999999994245, -25.60000000000008313 ) ) ;
#74 = ORIENTED_EDGE ( 'NONE', *, *, #2246, .F. ) ;
#75 = VECTOR ( 'NONE', #1695, 1000.000000000000000 ) ;
#76 = VERTEX_POINT ( 'NONE', #4175 ) ;
#77 = DIRECTION ( 'NONE',  ( 2.720046410331633524E-15, 0.000000000000000000, 1.000000000000000000 ) ) ;
#78 = ORIENTED_EDGE ( 'NONE', *, *, #2958, .T. ) ;
#79 = EDGE_CURVE ( 'NONE', #202, #3254, #550, .T. ) ;
#80 = VERTEX_POINT ( 'NONE', #180 ) ;
#81 = DIRECTION ( 'NONE',  ( -0.8660254037844390407, 0.000000000000000000, -0.4999999999999991673 ) ) ;
#82 = EDGE_CURVE ( 'NONE', #839, #2555, #4957, .T. ) ;
#83 = ORIENTED_EDGE ( 'NONE', *, *, #2810, .T. ) ;
#84 = DIRECTION ( 'NONE',  ( 0.000000000000000000, 0.000000000000000000, 1.000000000000000000 ) ) ;
#85 = ORIENTED_EDGE ( 'NONE', *, *, #285, .T. ) ;
#86 = PLANE ( 'NONE',  #631 ) ;
#87 = EDGE_CURVE ( 'NONE', #5028, #2865, #576, .T. ) ;
#88 = CYLINDRICAL_SURFACE ( 'NONE', #4204, 1.799999999999989164 ) ;
#89 = DIRECTION ( 'NONE',  ( 7.617846651086544702E-17, 3.386180225106570071E-15, 1.000000000000000000 ) ) ;
#90 = ORIENTED_EDGE ( 'NONE', *, *, #1501, .F. ) ;
#91 = DIRECTION ( 'NONE',  ( -0.8660254037844394848, 0.4999999999999985012, -1.627117625333528354E-15 ) ) ;
#92 = DIRECTION ( 'NONE',  ( -1.000000000000000000, -1.998401444325287295E-15, -2.146163712482384364E-16 ) ) ;
#93 = CARTESIAN_POINT ( 'NONE',  ( -10.70000000000010054, 8.000000000000000000, -21.76610514844884392 ) ) ;
#94 = ORIENTED_EDGE ( 'NONE', *, *, #5082, .F. ) ;
#95 = LINE ( 'NONE', #458, #5141 ) ;
#96 = ORIENTED_EDGE ( 'NONE', *, *, #1665, .F. ) ;
#97 = ADVANCED_FACE ( 'NONE', ( #1386 ), #2181, .T. ) ;
#98 = EDGE_LOOP ( 'NONE', ( #3916, #4817 ) ) ;
#99 = DIRECTION ( 'NONE',  ( 1.000000000000000000, 1.332267629550187533E-14, -2.146163712482680926E-16 ) ) ;
#100 = VERTEX_POINT ( 'NONE', #3729 ) ;
#101 = ADVANCED_FACE ( 'NONE', ( #1804 ), #503, .F. ) ;
#102 = ORIENTED_EDGE ( 'NONE', *, *, #330, .F. ) ;
#103 = CARTESIAN_POINT ( 'NONE',  ( -5.349999999999980993, 8.000000000000000000, 9.266471820493480394 ) ) ;
#104 = EDGE_LOOP ( 'NONE', ( #3484, #2779, #206, #2092 ) ) ;
#105 = DIRECTION ( 'NONE',  ( 0.000000000000000000, 3.345538132240845257E-15, 1.000000000000000000 ) ) ;
#106 = LINE ( 'NONE', #1308, #1138 ) ;
#107 = CARTESIAN_POINT ( 'NONE',  ( -13.49999999999978328, 5.400000000000000355, 23.38268590217996490 ) ) ;
#108 = DIRECTION ( 'NONE',  ( -0.000000000000000000, -1.000000000000000000, 0.000000000000000000 ) ) ;
#109 = FACE_OUTER_BOUND ( 'NONE', #1903, .T. ) ;
#110 = EDGE_LOOP ( 'NONE', ( #720, #2704 ) ) ;
#111 = FACE_OUTER_BOUND ( 'NONE', #884, .T. ) ;
#112 = DIRECTION ( 'NONE',  ( 1.000000000000000000, 0.000000000000000000, 0.000000000000000000 ) ) ;
#113 = CARTESIAN_POINT ( 'NONE',  ( -13.49999999999981348, 8.000000000000000000, 20.14952439471806400 ) ) ;
#114 = EDGE_LOOP ( 'NONE', ( #323, #1252 ) ) ;
#115 = LINE ( 'NONE', #2513, #4968 ) ;
#116 = DIRECTION ( 'NONE',  ( -1.000000000000000000, 0.000000000000000000, -6.671245638583922968E-16 ) ) ;
#117 = ORIENTED_EDGE ( 'NONE', *, *, #225, .T. ) ;
#118 = ORIENTED_EDGE ( 'NONE', *, *, #2213, .T. ) ;
#119 = DIRECTION ( 'NONE',  ( 0.000000000000000000, 3.552713678800500929E-15, 1.000000000000000000 ) ) ;
#120 = ORIENTED_EDGE ( 'NONE', *, *, #2492, .F. ) ;
#121 = CARTESIAN_POINT ( 'NONE',  ( -53.02324495308916141, 38.00000000000000000, -25.60000000000014708 ) ) ;
#122 = EDGE_LOOP ( 'NONE', ( #197, #3775, #4167, #1560 ) ) ;
#123 = AXIS2_PLACEMENT_3D ( 'NONE', #2224, #3821, #1099 ) ;
#124 = ORIENTED_EDGE ( 'NONE', *, *, #4684, .T. ) ;
#125 = CARTESIAN_POINT ( 'NONE',  ( 10.69999999999994245, 5.400000000000000355, -24.99926665591081942 ) ) ;
#126 = ORGANIZATION ( 'UNSPECIFIED', 'UNSPECIFIED', '' ) ;
#127 = AXIS2_PLACEMENT_3D ( 'NONE', #2830, #2457, #4466 ) ;
#128 = EDGE_CURVE ( 'NONE', #3953, #668, #4570, .T. ) ;
#129 = EDGE_CURVE ( 'NONE', #511, #1982, #1724, .T. ) ;
#130 = AXIS2_PLACEMENT_3D ( 'NONE', #4102, #4128, #168 ) ;
#131 = VECTOR ( 'NONE', #3710, 1000.000000000000114 ) ;
#132 = ORIENTED_EDGE ( 'NONE', *, *, #2920, .F. ) ;
#133 = CARTESIAN_POINT ( 'NONE',  ( 27.00000000000000000, 5.400000000000000355, 0.000000000000000000 ) ) ;
#134 = DIRECTION ( 'NONE',  ( 0.000000000000000000, 1.000000000000000000, -0.000000000000000000 ) ) ;
#135 = DIRECTION ( 'NONE',  ( 0.000000000000000000, -1.000000000000000000, 3.854941057726261566E-15 ) ) ;
#136 = CYLINDRICAL_SURFACE ( 'NONE', #2454, 1.700000000000000178 ) ;
#137 = AXIS2_PLACEMENT_3D ( 'NONE', #1013, #4188, #3405 ) ;
#138 = CARTESIAN_POINT ( 'NONE',  ( -13.50000000000011013, 0.000000000000000000, -23.38268590217978726 ) ) ;
#139 = DIRECTION ( 'NONE',  ( -0.7071067811865490160, 0.000000000000000000, 0.7071067811865460184 ) ) ;
#140 = CIRCLE ( 'NONE', #2212, 1.700000000000000178 ) ;
#141 = DIRECTION ( 'NONE',  ( 0.8660254037844383745, 0.000000000000000000, -0.5000000000000003331 ) ) ;
#142 = DIRECTION ( 'NONE',  ( 0.5000000000000039968, -0.8660254037844363761, 3.004629197474243121E-15 ) ) ;
#143 = EDGE_LOOP ( 'NONE', ( #3926, #2760, #3070, #3038 ) ) ;
#144 = VECTOR ( 'NONE', #4860, 1000.000000000000114 ) ;
#145 = CARTESIAN_POINT ( 'NONE',  ( 24.19999999999999929, 60.00000000000002842, 1.616580753730953779 ) ) ;
#146 = EDGE_CURVE ( 'NONE', #4238, #4712, #2107, .T. ) ;
#147 = DIRECTION ( 'NONE',  ( -0.8660254037844333785, 0.000000000000000000, 0.5000000000000092149 ) ) ;
#148 = VECTOR ( 'NONE', #1257, 1000.000000000000000 ) ;
#149 = ORIENTED_EDGE ( 'NONE', *, *, #1004, .F. ) ;
#150 = CARTESIAN_POINT ( 'NONE',  ( 15.49999999999999645, 1.560000000000005826, -13.70000000000000817 ) ) ;
#151 = EDGE_CURVE ( 'NONE', #5028, #892, #3721, .T. ) ;
#152 = AXIS2_PLACEMENT_3D ( 'NONE', #2572, #5022, #2595 ) ;
#153 = AXIS2_PLACEMENT_3D ( 'NONE', #1002, #1731, #2948 ) ;
#154 = CARTESIAN_POINT ( 'NONE',  ( -26.92701278571807322, 35.20000000000023022, -25.60000000000013642 ) ) ;
#155 = ORIENTED_EDGE ( 'NONE', *, *, #3932, .T. ) ;
#157 = ORIENTED_EDGE ( 'NONE', *, *, #4266, .F. ) ;
#156 = VECTOR ( 'NONE', #2232, 1000.000000000000114 ) ;
#158 = CARTESIAN_POINT ( 'NONE',  ( -63.61320343559648194, 8.786796564403655196, -22.00000000000004263 ) ) ;
#159 = ADVANCED_FACE ( 'NONE', ( #894 ), #924, .T. ) ;
#160 = ORIENTED_EDGE ( 'NONE', *, *, #4285, .T. ) ;
#161 = CARTESIAN_POINT ( 'NONE',  ( -28.54359353944891353, 20.30000000000014992, -25.60000000000008313 ) ) ;
#162 = DIRECTION ( 'NONE',  ( 0.5000000000000039968, 0.000000000000000000, 0.8660254037844363761 ) ) ;
#163 = CARTESIAN_POINT ( 'NONE',  ( -31.77675504691096364, 38.00000000000017053, -22.00000000000014921 ) ) ;
#164 = CARTESIAN_POINT ( 'NONE',  ( -40.78341924626905524, 11.20000000000000284, -25.60000000000005471 ) ) ;
#165 = DIRECTION ( 'NONE',  ( 7.617846651086544702E-17, -3.552713678800500929E-15, -1.000000000000000000 ) ) ;
#166 = CARTESIAN_POINT ( 'NONE',  ( -42.40000000000000568, 42.00000000000003553, -22.00000000000016342 ) ) ;
#167 = CARTESIAN_POINT ( 'NONE',  ( -59.48956796801291347, 21.99999999999995026, -22.00000000000009237 ) ) ;
#168 = DIRECTION ( 'NONE',  ( 0.000000000000000000, 1.000000000000000000, -4.081702296416015997E-15 ) ) ;
#169 = EDGE_LOOP ( 'NONE', ( #2503, #2701, #4530, #1248 ) ) ;
#170 = DIRECTION ( 'NONE',  ( 0.000000000000000000, 1.000000000000000000, -4.081702296416015997E-15 ) ) ;
#171 = PLANE ( 'NONE',  #4135 ) ;
#172 = EDGE_LOOP ( 'NONE', ( #4367, #3233, #2350, #1007 ) ) ;
#173 = PLANE ( 'NONE',  #2483 ) ;
#174 = DIRECTION ( 'NONE',  ( 6.272760089132149442E-15, -1.000000000000000000, 3.361841101310300739E-15 ) ) ;
#175 = EDGE_LOOP ( 'NONE', ( #4426, #3283, #1052, #1610 ) ) ;
#176 = VERTEX_POINT ( 'NONE', #2527 ) ;
#177 = CARTESIAN_POINT ( 'NONE',  ( 0.000000000000000000, 0.000000000000000000, 0.000000000000000000 ) ) ;
#178 = ORIENTED_EDGE ( 'NONE', *, *, #873, .T. ) ;
#179 = CARTESIAN_POINT ( 'NONE',  ( -13.49999999999978328, 5.400000000000000355, 23.38268590217996490 ) ) ;
#180 = CARTESIAN_POINT ( 'NONE',  ( -10.69999999999976659, 8.000000000000000000, 24.99926665591089048 ) ) ;
#181 = FACE_OUTER_BOUND ( 'NONE', #4891, .T. ) ;
#182 = DIRECTION ( 'NONE',  ( 0.000000000000000000, 3.386180225106570465E-15, 1.000000000000000000 ) ) ;
#183 = CARTESIAN_POINT ( 'NONE',  ( -26.90000000000000568, 43.70000000000003126, -28.44000000000016470 ) ) ;
#184 = CARTESIAN_POINT ( 'NONE',  ( 13.50000000000031442, 60.00000000000002842, 26.61584740964158868 ) ) ;
#185 = EDGE_CURVE ( 'NONE', #959, #3809, #3777, .T. ) ;
#186 = LINE ( 'NONE', #1316, #1555 ) ;
#187 = LINE ( 'NONE', #1395, #2625 ) ;
#188 = VERTEX_POINT ( 'NONE', #3388 ) ;
#189 = EDGE_CURVE ( 'NONE', #3743, #1073, #3383, .T. ) ;
#190 = EDGE_CURVE ( 'NONE', #2100, #1660, #106, .T. ) ;
#191 = LINE ( 'NONE', #4579, #2202 ) ;
#192 = DIRECTION ( 'NONE',  ( 5.495603971894524875E-15, 0.000000000000000000, 1.000000000000000000 ) ) ;
#193 = EDGE_CURVE ( 'NONE', #1158, #710, #1556, .T. ) ;
#194 = LINE ( 'NONE', #1766, #3314 ) ;
#195 = PLANE ( 'NONE',  #4247 ) ;
#196 = ORIENTED_EDGE ( 'NONE', *, *, #2958, .F. ) ;
#197 = ORIENTED_EDGE ( 'NONE', *, *, #2420, .T. ) ;
#198 = FACE_OUTER_BOUND ( 'NONE', #438, .T. ) ;
#199 = AXIS2_PLACEMENT_3D ( 'NONE', #3494, #4355, #3575 ) ;
#200 = ORIENTED_EDGE ( 'NONE', *, *, #1794, .F. ) ;
#201 = APPROVAL_PERSON_ORGANIZATION ( #417, #3615, #1533 ) ;
#202 = VERTEX_POINT ( 'NONE', #2162 ) ;
#203 = EDGE_CURVE ( 'NONE', #668, #1283, #4094, .T. ) ;
#204 = CARTESIAN_POINT ( 'NONE',  ( 13.50000000000023981, 5.400000000000000355, 20.14952439471778334 ) ) ;
#205 = CARTESIAN_POINT ( 'NONE',  ( 14.89999999999994351, 8.000000000000000000, -25.80755703277631241 ) ) ;
#206 = ORIENTED_EDGE ( 'NONE', *, *, #189, .F. ) ;
#207 = DIRECTION ( 'NONE',  ( -0.000000000000000000, 3.552713678800500929E-15, 1.000000000000000000 ) ) ;
#208 = ADVANCED_FACE ( 'NONE', ( #526 ), #3753, .T. ) ;
#209 = CARTESIAN_POINT ( 'NONE',  ( 1.675926263239042842E-15, 8.000000000000000000, -22.00000000000003908 ) ) ;
#210 = CIRCLE ( 'NONE', #130, 1.700000000000000178 ) ;
#211 = LINE ( 'NONE', #4123, #3065 ) ;
#213 = DIRECTION ( 'NONE',  ( 0.8660254037844394848, -0.4999999999999985012, 1.842329326619997088E-15 ) ) ;
#212 = AXIS2_PLACEMENT_3D ( 'NONE', #243, #340, #1837 ) ;
#214 = CARTESIAN_POINT ( 'NONE',  ( -28.54359353944907696, 36.30000000000018900, -25.60000000000013998 ) ) ;
#215 = AXIS2_PLACEMENT_3D ( 'NONE', #2011, #3600, #31 ) ;
#216 = PLANE ( 'NONE',  #3706 ) ;
#217 = ORIENTED_EDGE ( 'NONE', *, *, #406, .T. ) ;
#218 = VECTOR ( 'NONE', #5148, 1000.000000000000000 ) ;
#219 = DIRECTION ( 'NONE',  ( 0.000000000000000000, -1.000000000000000000, 3.854941057726246577E-15 ) ) ;
#220 = CARTESIAN_POINT ( 'NONE',  ( -13.50000000000009948, 5.400000000000000355, -20.14952439471788281 ) ) ;
#221 = DIRECTION ( 'NONE',  ( 0.8660254037844390407, 0.000000000000000000, 0.4999999999999991673 ) ) ;
#222 = CIRCLE ( 'NONE', #3131, 12.00000000000000000 ) ;
#223 = VECTOR ( 'NONE', #3705, 1000.000000000000000 ) ;
#224 = LINE ( 'NONE', #4525, #2897 ) ;
#225 = EDGE_CURVE ( 'NONE', #4489, #4641, #970, .T. ) ;
#226 = VECTOR ( 'NONE', #59, 1000.000000000000114 ) ;
#227 = VECTOR ( 'NONE', #1307, 1000.000000000000114 ) ;
#228 = DIRECTION ( 'NONE',  ( -0.000000000000000000, -1.000000000000000000, 0.000000000000000000 ) ) ;
#229 = ORIENTED_EDGE ( 'NONE', *, *, #3192, .T. ) ;
#230 = ORIENTED_EDGE ( 'NONE', *, *, #3234, .F. ) ;
#231 = CIRCLE ( 'NONE', #4637, 1.700000000000000178 ) ;
#232 = AXIS2_PLACEMENT_3D ( 'NONE', #2666, #1907, #2639 ) ;
#233 = VERTEX_POINT ( 'NONE', #4689 ) ;
#234 = VECTOR ( 'NONE', #4603, 1000.000000000000000 ) ;
#235 = AXIS2_PLACEMENT_3D ( 'NONE', #3745, #3376, #2547 ) ;
#236 = ORIENTED_EDGE ( 'NONE', *, *, #4882, .T. ) ;
#237 = DIRECTION ( 'NONE',  ( 0.000000000000000000, -1.000000000000000000, 0.000000000000000000 ) ) ;
#238 = DIRECTION ( 'NONE',  ( 1.998401444325286506E-15, -1.000000000000000000, 3.445107828157266365E-15 ) ) ;
#239 = ORIENTED_EDGE ( 'NONE', *, *, #246, .T. ) ;
#240 = DIRECTION ( 'NONE',  ( 0.000000000000000000, 0.000000000000000000, 1.000000000000000000 ) ) ;
#241 = CARTESIAN_POINT ( 'NONE',  ( -26.90000000000000568, 45.50000000000004263, -22.00000000000017053 ) ) ;
#242 = CARTESIAN_POINT ( 'NONE',  ( -28.54359353944891353, 22.00000000000013856, -30.00000000000034106 ) ) ;
#243 = CARTESIAN_POINT ( 'NONE',  ( -42.40000000000000568, 14.00000000000001954, -25.60000000000006537 ) ) ;
#244 = DIRECTION ( 'NONE',  ( -8.659560562354941486E-17, 0.7071067811865456854, -0.7071067811865493491 ) ) ;
#245 = CARTESIAN_POINT ( 'NONE',  ( -8.149999999999977263, 8.000000000000000000, 14.11621408168633884 ) ) ;
#246 = EDGE_CURVE ( 'NONE', #1036, #1762, #3096, .T. ) ;
#247 = ORIENTED_EDGE ( 'NONE', *, *, #1295, .T. ) ;
#248 = EDGE_CURVE ( 'NONE', #1982, #522, #3047, .T. ) ;
#249 = CARTESIAN_POINT ( 'NONE',  ( 0.000000000000000000, 5.400000000000000355, 0.000000000000000000 ) ) ;
#250 = LINE ( 'NONE', #1914, #2800 ) ;
#251 = DIRECTION ( 'NONE',  ( 0.4999999999999992228, 0.000000000000000000, -0.8660254037844391517 ) ) ;
#252 = FACE_OUTER_BOUND ( 'NONE', #5066, .T. ) ;
#253 = CARTESIAN_POINT ( 'NONE',  ( -54.63982570682003370, 19.19999999999997087, -25.60000000000007958 ) ) ;
#254 = VERTEX_POINT ( 'NONE', #4249 ) ;
#255 = ORIENTED_EDGE ( 'NONE', *, *, #3479, .T. ) ;
#256 = EDGE_CURVE ( 'NONE', #668, #2548, #314, .T. ) ;
#257 = ORIENTED_EDGE ( 'NONE', *, *, #4979, .F. ) ;
#258 = EDGE_CURVE ( 'NONE', #886, #4192, #2686, .T. ) ;
#259 = ORIENTED_EDGE ( 'NONE', *, *, #3031, .T. ) ;
#260 = DIRECTION ( 'NONE',  ( 0.000000000000000000, 1.000000000000000000, 0.000000000000000000 ) ) ;
#261 = LINE ( 'NONE', #3433, #1719 ) ;
#262 = VERTEX_POINT ( 'NONE', #2633 ) ;
#263 = CARTESIAN_POINT ( 'NONE',  ( -13.49999999999975309, 60.00000000000002842, 26.61584740964186935 ) ) ;
#264 = CARTESIAN_POINT ( 'NONE',  ( -25.31043203198699132, 22.00000000000018119, -22.00000000000009237 ) ) ;
#265 = PLANE ( 'NONE',  #3236 ) ;
#266 = CARTESIAN_POINT ( 'NONE',  ( -13.57820639017470299, 8.000000000000000000, 26.75130485090060972 ) ) ;
#267 = FACE_OUTER_BOUND ( 'NONE', #4307, .T. ) ;
#268 = VERTEX_POINT ( 'NONE', #1904 ) ;
#269 = CARTESIAN_POINT ( 'NONE',  ( 13.49999999999994671, 5.400000000000000355, -23.38268590217987608 ) ) ;
#270 = ORIENTED_EDGE ( 'NONE', *, *, #3261, .T. ) ;
#271 = CARTESIAN_POINT ( 'NONE',  ( -15.50000000000000355, 0.000000000000000000, -15.50000000000000178 ) ) ;
#272 = DIRECTION ( 'NONE',  ( -1.000000000000000000, -8.992806499463750622E-15, 2.146163712482759319E-16 ) ) ;
#273 = DIRECTION ( 'NONE',  ( -0.5000000000000026645, 0.000000000000000000, -0.8660254037844371533 ) ) ;
#274 = FACE_BOUND ( 'NONE', #114, .T. ) ;
#275 = ORIENTED_EDGE ( 'NONE', *, *, #5087, .T. ) ;
#276 = EDGE_CURVE ( 'NONE', #4439, #4319, #4225, .T. ) ;
#277 = DIRECTION ( 'NONE',  ( 0.8660254037844390407, 0.000000000000000000, 0.4999999999999992228 ) ) ;
#278 = EDGE_LOOP ( 'NONE', ( #2592, #4903 ) ) ;
#279 = EDGE_LOOP ( 'NONE', ( #2522, #1494, #45, #2602 ) ) ;
#280 = ORIENTED_EDGE ( 'NONE', *, *, #4145, .T. ) ;
#281 = EDGE_LOOP ( 'NONE', ( #3073, #1956, #3278, #830 ) ) ;
#282 = PLANE ( 'NONE',  #638 ) ;
#283 = EDGE_CURVE ( 'NONE', #3176, #524, #4270, .T. ) ;
#284 = ORIENTED_EDGE ( 'NONE', *, *, #4639, .T. ) ;
#285 = EDGE_CURVE ( 'NONE', #1633, #3591, #3908, .T. ) ;
#286 = EDGE_CURVE ( 'NONE', #176, #4651, #5140, .T. ) ;
#287 = CARTESIAN_POINT ( 'NONE',  ( -16.30000000000011795, 5.400000000000000355, 24.99926665591072705 ) ) ;
#288 = CARTESIAN_POINT ( 'NONE',  ( 0.000000000000000000, 5.400000000000000355, 0.000000000000000000 ) ) ;
#289 = FACE_OUTER_BOUND ( 'NONE', #2847, .T. ) ;
#290 = VERTEX_POINT ( 'NONE', #336 ) ;
#291 = CARTESIAN_POINT ( 'NONE',  ( -28.54359353944891353, 20.30000000000013571, -30.00000000000033396 ) ) ;
#292 = ORIENTED_EDGE ( 'NONE', *, *, #2191, .F. ) ;
#293 = DIRECTION ( 'NONE',  ( 0.000000000000000000, 0.000000000000000000, 1.000000000000000000 ) ) ;
#294 = AXIS2_PLACEMENT_3D ( 'NONE', #1654, #3549, #1263 ) ;
#295 = DIRECTION ( 'NONE',  ( -0.4999999999999919509, -0.8660254037844432595, 3.004629197474266787E-15 ) ) ;
#296 = CARTESIAN_POINT ( 'NONE',  ( -57.90000000000000568, 45.50000000000001421, -28.44000000000017181 ) ) ;
#297 = CIRCLE ( 'NONE', #4043, 3.360000000000002096 ) ;
#298 = VECTOR ( 'NONE', #89, 1000.000000000000000 ) ;
#299 = CARTESIAN_POINT ( 'NONE',  ( -54.63982570682006212, 24.79999999999996163, -22.00000000000010303 ) ) ;
#300 = ORIENTED_EDGE ( 'NONE', *, *, #5139, .T. ) ;
#301 = EDGE_CURVE ( 'NONE', #1982, #3843, #1507, .T. ) ;
#302 = DIRECTION ( 'NONE',  ( 0.4999999999999979461, 0.000000000000000000, 0.8660254037844397068 ) ) ;
#303 = ORIENTED_EDGE ( 'NONE', *, *, #5106, .F. ) ;
#304 = CIRCLE ( 'NONE', #137, 12.00000000000000178 ) ;
#305 = AXIS2_PLACEMENT_3D ( 'NONE', #2338, #388, #4747 ) ;
#306 = VERTEX_POINT ( 'NONE', #1112 ) ;
#307 = CC_DESIGN_PERSON_AND_ORGANIZATION_ASSIGNMENT ( #1927, #4377, ( #1210 ) ) ;
#308 = EDGE_CURVE ( 'NONE', #4220, #1539, #3808, .T. ) ;
#309 = AXIS2_PLACEMENT_3D ( 'NONE', #4815, #68, #3635 ) ;
#310 = ORIENTED_EDGE ( 'NONE', *, *, #189, .T. ) ;
#311 = ADVANCED_FACE ( 'NONE', ( #4296 ), #2284, .F. ) ;
#312 = AXIS2_PLACEMENT_3D ( 'NONE', #2237, #4368, #3950 ) ;
#313 = ORIENTED_EDGE ( 'NONE', *, *, #572, .F. ) ;
#314 = LINE ( 'NONE', #1042, #2132 ) ;
#315 = ORIENTED_EDGE ( 'NONE', *, *, #851, .F. ) ;
#316 = DIRECTION ( 'NONE',  ( -0.7071067811865460184, 0.7071067811865490160, 0.000000000000000000 ) ) ;
#317 = VECTOR ( 'NONE', #4842, 1000.000000000000000 ) ;
#319 = DIRECTION ( 'NONE',  ( -0.000000000000000000, -1.000000000000000000, -0.000000000000000000 ) ) ;
#318 = AXIS2_PLACEMENT_3D ( 'NONE', #1489, #2717, #4301 ) ;
#320 = LINE ( 'NONE', #3052, #2712 ) ;
#321 = EDGE_CURVE ( 'NONE', #2417, #597, #3880, .T. ) ;
#322 = CARTESIAN_POINT ( 'NONE',  ( -44.01658075373094903, 16.80000000000000071, -25.60000000000007248 ) ) ;
#323 = ORIENTED_EDGE ( 'NONE', *, *, #3587, .T. ) ;
#324 = FACE_OUTER_BOUND ( 'NONE', #1525, .T. ) ;
#325 = ORIENTED_EDGE ( 'NONE', *, *, #3151, .F. ) ;
#326 = FACE_OUTER_BOUND ( 'NONE', #1557, .T. ) ;
#327 = DIRECTION ( 'NONE',  ( 0.000000000000000000, -1.000000000000000000, 3.700743415417189520E-15 ) ) ;
#328 = FACE_OUTER_BOUND ( 'NONE', #2624, .T. ) ;
#329 = DIRECTION ( 'NONE',  ( 0.000000000000000000, 1.000000000000000000, -0.000000000000000000 ) ) ;
#330 = EDGE_CURVE ( 'NONE', #4404, #1869, #140, .T. ) ;
#331 = LINE ( 'NONE', #3109, #3878 ) ;
#332 = ORIENTED_EDGE ( 'NONE', *, *, #706, .F. ) ;
#333 = ORIENTED_EDGE ( 'NONE', *, *, #4865, .T. ) ;
#334 = EDGE_LOOP ( 'NONE', ( #493, #3453, #785, #1183 ) ) ;
#335 = EDGE_LOOP ( 'NONE', ( #2544, #4012 ) ) ;
#336 = CARTESIAN_POINT ( 'NONE',  ( -63.61320343559648194, 8.786796564403626775, -30.00000000000004263 ) ) ;
#337 = EDGE_LOOP ( 'NONE', ( #25, #413 ) ) ;
#338 = PERSON_AND_ORGANIZATION ( #904, #126 ) ;
#339 = PLANE ( 'NONE',  #1741 ) ;
#340 = DIRECTION ( 'NONE',  ( -0.000000000000000000, -3.221629312528199387E-15, -1.000000000000000000 ) ) ;
#341 = CARTESIAN_POINT ( 'NONE',  ( 15.49999999999999645, 0.000000000000000000, -12.14000000000000234 ) ) ;
#342 = ORIENTED_EDGE ( 'NONE', *, *, #2529, .F. ) ;
#343 = CYLINDRICAL_SURFACE ( 'NONE', #1046, 1.700000000000000178 ) ;
#344 = ORIENTED_EDGE ( 'NONE', *, *, #2274, .T. ) ;
#345 = PLANE ( 'NONE',  #542 ) ;
#346 = DIRECTION ( 'NONE',  ( -0.000000000000000000, -1.000000000000000000, -0.000000000000000000 ) ) ;
#347 = CARTESIAN_POINT ( 'NONE',  ( -39.16683849253811189, 46.00000000000005684, -25.60000000000017550 ) ) ;
#348 = LINE ( 'NONE', #3521, #4819 ) ;
#349 = EDGE_CURVE ( 'NONE', #3727, #3294, #3020, .T. ) ;
#350 = EDGE_CURVE ( 'NONE', #4562, #410, #2238, .T. ) ;
#351 = CARTESIAN_POINT ( 'NONE',  ( 10.69999999999994778, 10.24040027717670220, -22.00000000000003908 ) ) ;
#352 = VERTEX_POINT ( 'NONE', #3833 ) ;
#353 = ORIENTED_EDGE ( 'NONE', *, *, #4552, .T. ) ;
#354 = CARTESIAN_POINT ( 'NONE',  ( 10.70000000000029239, 60.00000000000002842, 24.99926665591067021 ) ) ;
#355 = ORIENTED_EDGE ( 'NONE', *, *, #3554, .F. ) ;
#356 = ORIENTED_EDGE ( 'NONE', *, *, #4769, .F. ) ;
#357 = DIRECTION ( 'NONE',  ( 0.000000000000000000, 1.000000000000000000, -4.081702296416015997E-15 ) ) ;
#358 = ORIENTED_EDGE ( 'NONE', *, *, #3985, .T. ) ;
#359 = DIRECTION ( 'NONE',  ( 0.8660254037844328234, 0.5000000000000101030, -1.982541115402139066E-15 ) ) ;
#360 = LINE ( 'NONE', #1951, #218 ) ;
#361 = EDGE_CURVE ( 'NONE', #1539, #597, #261, .T. ) ;
#362 = DIRECTION ( 'NONE',  ( 0.8660254037844432595, -0.4999999999999919509, 1.486905836551404126E-15 ) ) ;
#363 = CARTESIAN_POINT ( 'NONE',  ( 24.20000000000000284, 8.000000000000000000, -1.616580753730955555 ) ) ;
#364 = ORIENTED_EDGE ( 'NONE', *, *, #1381, .F. ) ;
#365 = DIRECTION ( 'NONE',  ( -1.102003339948843381E-16, 3.445107828157265971E-15, 1.000000000000000000 ) ) ;
#366 = ADVANCED_FACE ( 'NONE', ( #2262 ), #282, .T. ) ;
#367 = APPLICATION_CONTEXT ( 'configuration controlled 3d designs of mechanical parts and assemblies' ) ;
#368 = CARTESIAN_POINT ( 'NONE',  ( 12.42640687119288323, 8.000000000000035527, -22.00000000000003553 ) ) ;
#369 = AXIS2_PLACEMENT_3D ( 'NONE', #1358, #2946, #4537 ) ;
#370 = FACE_OUTER_BOUND ( 'NONE', #4791, .T. ) ;
#371 = VERTEX_POINT ( 'NONE', #1486 ) ;
#372 = CARTESIAN_POINT ( 'NONE',  ( -15.50000000000000000, 0.000000000000000000, 15.49999999999999822 ) ) ;
#373 = AXIS2_PLACEMENT_3D ( 'NONE', #4178, #2665, #3836 ) ;
#374 = CARTESIAN_POINT ( 'NONE',  ( -26.89999999999999858, 12.70000000000002238, -28.44000000000004746 ) ) ;
#375 = VERTEX_POINT ( 'NONE', #4406 ) ;
#376 = VECTOR ( 'NONE', #3189, 1000.000000000000000 ) ;
#377 = CARTESIAN_POINT ( 'NONE',  ( -27.00000000000000000, 5.400000000000000355, -3.233161507461902673 ) ) ;
#378 = ORIENTED_EDGE ( 'NONE', *, *, #1596, .T. ) ;
#379 = AXIS2_PLACEMENT_3D ( 'NONE', #709, #2296, #5100 ) ;
#380 = AXIS2_PLACEMENT_3D ( 'NONE', #3060, #1082, #3997 ) ;
#381 = ORIENTED_EDGE ( 'NONE', *, *, #2923, .T. ) ;
#382 = LINE ( 'NONE', #1855, #898 ) ;
#383 = VECTOR ( 'NONE', #116, 1000.000000000000000 ) ;
#384 = EDGE_LOOP ( 'NONE', ( #3389, #918 ) ) ;
#385 = AXIS2_PLACEMENT_3D ( 'NONE', #4564, #2502, #1689 ) ;
#386 = AXIS2_PLACEMENT_3D ( 'NONE', #3341, #2930, #4596 ) ;
#387 = ORIENTED_EDGE ( 'NONE', *, *, #4185, .T. ) ;
#388 = DIRECTION ( 'NONE',  ( 0.8660254037844367092, 0.5000000000000034417, -1.627117625333545117E-15 ) ) ;
#389 = VERTEX_POINT ( 'NONE', #1529 ) ;
#390 = CARTESIAN_POINT ( 'NONE',  ( 15.49999999999999645, 0.000000000000000000, -15.50000000000000178 ) ) ;
#391 = VECTOR ( 'NONE', #525, 1000.000000000000000 ) ;
#392 = DIRECTION ( 'NONE',  ( 2.146163712482459552E-16, 3.345538132240890616E-15, 1.000000000000000000 ) ) ;
#393 = FACE_OUTER_BOUND ( 'NONE', #1269, .T. ) ;
#394 = DIRECTION ( 'NONE',  ( 0.5756811139072498529, -0.7470754134985363448, -0.3323696460817366916 ) ) ;
#395 = LINE ( 'NONE', #2063, #3795 ) ;
#396 = AXIS2_PLACEMENT_3D ( 'NONE', #2418, #859, #2863 ) ;
#397 = AXIS2_PLACEMENT_3D ( 'NONE', #530, #4961, #3289 ) ;
#398 = LINE ( 'NONE', #4735, #2788 ) ;
#399 = CARTESIAN_POINT ( 'NONE',  ( -40.78341924626905524, 11.20000000000000284, -25.60000000000005471 ) ) ;
#400 = ORIENTED_EDGE ( 'NONE', *, *, #1214, .F. ) ;
#401 = LINE ( 'NONE', #872, #2389 ) ;
#402 = VECTOR ( 'NONE', #4350, 1000.000000000000000 ) ;
#403 = EDGE_CURVE ( 'NONE', #410, #1106, #1947, .T. ) ;
#404 = CARTESIAN_POINT ( 'NONE',  ( -8.150000000000034106, 8.000000000000000000, -14.11621408168630865 ) ) ;
#405 = CARTESIAN_POINT ( 'NONE',  ( 16.78755610176370894, 5.400000000000000355, 25.84373859570590426 ) ) ;
#406 = EDGE_CURVE ( 'NONE', #2439, #3861, #1254, .T. ) ;
#407 = ORIENTED_EDGE ( 'NONE', *, *, #1400, .T. ) ;
#408 = CARTESIAN_POINT ( 'NONE',  ( -39.16683849253810479, 14.00000000000002665, -22.00000000000006395 ) ) ;
#409 = VERTEX_POINT ( 'NONE', #2786 ) ;
#410 = VERTEX_POINT ( 'NONE', #4374 ) ;
#411 = CARTESIAN_POINT ( 'NONE',  ( -31.77675504691080022, 22.00000000000012079, -25.60000000000009024 ) ) ;
#412 = VERTEX_POINT ( 'NONE', #3618 ) ;
#413 = ORIENTED_EDGE ( 'NONE', *, *, #4145, .F. ) ;
#414 = DIRECTION ( 'NONE',  ( -0.000000000000000000, -1.000000000000000000, -0.000000000000000000 ) ) ;
#415 = VERTEX_POINT ( 'NONE', #3532 ) ;
#416 = ADVANCED_FACE ( 'NONE', ( #2422 ), #51, .T. ) ;
#417 = PERSON_AND_ORGANIZATION ( #904, #126 ) ;
#418 = EDGE_CURVE ( 'NONE', #389, #415, #1173, .T. ) ;
#419 = DIRECTION ( 'NONE',  ( 0.000000000000000000, 1.000000000000000000, -3.854941057726261566E-15 ) ) ;
#420 = EDGE_CURVE ( 'NONE', #3907, #1869, #5144, .T. ) ;
#421 = CARTESIAN_POINT ( 'NONE',  ( -42.40000000000000568, 46.00000000000002842, -25.60000000000017550 ) ) ;
#422 = LINE ( 'NONE', #3211, #1063 ) ;
#423 = EDGE_LOOP ( 'NONE', ( #4011, #1156, #4783, #118 ) ) ;
#424 = DIRECTION ( 'NONE',  ( -0.7921073478508945387, -0.6103818063152128826, 2.108170269515744765E-15 ) ) ;
#425 = PLANE ( 'NONE',  #4366 ) ;
#426 = LINE ( 'NONE', #4438, #1801 ) ;
#427 = ORIENTED_EDGE ( 'NONE', *, *, #5137, .F. ) ;
#428 = LINE ( 'NONE', #4859, #557 ) ;
#429 = CARTESIAN_POINT ( 'NONE',  ( 12.42640687119288323, 8.000000000000035527, -22.00000000000003553 ) ) ;
#430 = CARTESIAN_POINT ( 'NONE',  ( -29.80000000000000071, 60.00000000000002842, -1.616580753730949116 ) ) ;
#431 = ORIENTED_EDGE ( 'NONE', *, *, #1346, .T. ) ;
#432 = FACE_OUTER_BOUND ( 'NONE', #4405, .T. ) ;
#433 = ORIENTED_EDGE ( 'NONE', *, *, #3059, .T. ) ;
#434 = ORIENTED_EDGE ( 'NONE', *, *, #2908, .T. ) ;
#435 = EDGE_CURVE ( 'NONE', #4662, #2255, #4722, .T. ) ;
#436 = DIRECTION ( 'NONE',  ( 0.000000000000000000, 0.000000000000000000, -1.000000000000000000 ) ) ;
#437 = EDGE_CURVE ( 'NONE', #3696, #2646, #1146, .T. ) ;
#438 = EDGE_LOOP ( 'NONE', ( #3524, #2395, #1508, #3429, #3092, #1854 ) ) ;
#439 = ORIENTED_EDGE ( 'NONE', *, *, #1902, .F. ) ;
#440 = CARTESIAN_POINT ( 'NONE',  ( 13.49999999999995559, 60.00000000000002842, -20.14952439471797163 ) ) ;
#441 = COORDINATED_UNIVERSAL_TIME_OFFSET ( 8, 0, .AHEAD. ) ;
#442 = ADVANCED_FACE ( 'NONE', ( #2056 ), #2741, .F. ) ;
#443 = CARTESIAN_POINT ( 'NONE',  ( -42.40000000000000568, 46.00000000000001421, -30.00000000000042633 ) ) ;
#444 = EDGE_CURVE ( 'NONE', #3486, #4031, #756, .T. ) ;
#445 = DIRECTION ( 'NONE',  ( -1.000000000000000000, -1.998401444325287295E-15, -2.146163712482384364E-16 ) ) ;
#446 = ORIENTED_EDGE ( 'NONE', *, *, #2708, .T. ) ;
#447 = ADVANCED_FACE ( 'NONE', ( #840 ), #778, .F. ) ;
#448 = DIRECTION ( 'NONE',  ( 0.000000000000000000, 0.000000000000000000, -1.000000000000000000 ) ) ;
#449 = DIRECTION ( 'NONE',  ( 0.4999999999999901745, 0.8660254037844442587, -3.219245568722515503E-15 ) ) ;
#450 = LINE ( 'NONE', #3631, #4558 ) ;
#451 = VERTEX_POINT ( 'NONE', #1644 ) ;
#452 = FACE_OUTER_BOUND ( 'NONE', #3153, .T. ) ;
#453 = CARTESIAN_POINT ( 'NONE',  ( 13.49999999999994316, 8.000000000000000000, 26.61584740964178053 ) ) ;
#454 = DIRECTION ( 'NONE',  ( -0.000000000000000000, -1.000000000000000000, 0.000000000000000000 ) ) ;
#455 = ORIENTED_EDGE ( 'NONE', *, *, #3500, .T. ) ;
#456 = VECTOR ( 'NONE', #4153, 1000.000000000000000 ) ;
#457 = EDGE_CURVE ( 'NONE', #3482, #2198, #3378, .T. ) ;
#458 = CARTESIAN_POINT ( 'NONE',  ( -42.40000000000000568, 15.70000000000001883, -25.60000000000006892 ) ) ;
#459 = ORIENTED_EDGE ( 'NONE', *, *, #2764, .F. ) ;
#460 = AXIS2_PLACEMENT_3D ( 'NONE', #4258, #3895, #3864 ) ;
#461 = VERTEX_POINT ( 'NONE', #2766 ) ;
#462 = FACE_OUTER_BOUND ( 'NONE', #1449, .T. ) ;
#463 = EDGE_CURVE ( 'NONE', #1147, #1086, #4384, .T. ) ;
#464 = VECTOR ( 'NONE', #4667, 1000.000000000000114 ) ;
#465 = VECTOR ( 'NONE', #5015, 1000.000000000000114 ) ;
#466 = VERTEX_POINT ( 'NONE', #4034 ) ;
#467 = VECTOR ( 'NONE', #454, 1000.000000000000000 ) ;
#468 = ORIENTED_EDGE ( 'NONE', *, *, #2680, .F. ) ;
#469 = ADVANCED_FACE ( 'NONE', ( #470, #3956, #1981, #5113, #2005, #3566, #4, #3590, #24, #1614, #4799, #1227 ), #2820, .F. ) ;
#470 = FACE_BOUND ( 'NONE', #4021, .T. ) ;
#471 = CONICAL_SURFACE ( 'NONE', #2882, 3.360000000000002096, 0.7853981633974482790 ) ;
#472 = ADVANCED_FACE ( 'NONE', ( #4091 ), #2922, .F. ) ;
#473 = AXIS2_PLACEMENT_3D ( 'NONE', #3671, #4531, #2477 ) ;
#474 = CIRCLE ( 'NONE', #1137, 3.360000000000002096 ) ;
#475 = EDGE_LOOP ( 'NONE', ( #3172, #4629, #2445, #2014, #4397, #1517, #1833, #1089, #4006, #4257, #5044, #3274, #4854, #2450, #2983, #2886, #3075, #4609, #3769, #1453, #3603, #3658, #3332, #650, #3335, #2862, #2096, #356, #1298, #1600, #96, #1948, #3980, #17, #2892, #1541, #2042, #1553, #620, #2996, #1647 ) ) ;
#476 = DIRECTION ( 'NONE',  ( 0.8660254037844392627, 0.000000000000000000, 0.4999999999999988898 ) ) ;
#477 = VERTEX_POINT ( 'NONE', #1772 ) ;
#478 = VECTOR ( 'NONE', #944, 1000.000000000000000 ) ;
#479 = DIRECTION ( 'NONE',  ( 0.6103818063152128826, -0.7921073478508945387, 0.000000000000000000 ) ) ;
#480 = DIRECTION ( 'NONE',  ( -7.617846651086545934E-17, 3.663735981263016583E-15, 1.000000000000000000 ) ) ;
#481 = CIRCLE ( 'NONE', #640, 1.699999999999996625 ) ;
#482 = DIRECTION ( 'NONE',  ( -0.8660254037844390407, 0.000000000000000000, -0.4999999999999991673 ) ) ;
#483 = VERTEX_POINT ( 'NONE', #2524 ) ;
#484 = ADVANCED_FACE ( 'NONE', ( #4851 ), #4487, .T. ) ;
#485 = CYLINDRICAL_SURFACE ( 'NONE', #1059, 1.700000000000000178 ) ;
#487 = CARTESIAN_POINT ( 'NONE',  ( -44.01658075373095613, 48.80000000000006111, -22.00000000000018474 ) ) ;
#486 = VECTOR ( 'NONE', #3776, 1000.000000000000000 ) ;
#488 = VECTOR ( 'NONE', #4273, 1000.000000000000000 ) ;
#489 = CARTESIAN_POINT ( 'NONE',  ( 29.95641278034915089, 8.000000000000000000, -1.616580753730952003 ) ) ;
#490 = ORIENTED_EDGE ( 'NONE', *, *, #1728, .F. ) ;
#491 = AXIS2_PLACEMENT_3D ( 'NONE', #2677, #3089, #1102 ) ;
#492 = LINE ( 'NONE', #1632, #1964 ) ;
#493 = ORIENTED_EDGE ( 'NONE', *, *, #3281, .F. ) ;
#494 = AXIS2_PLACEMENT_3D ( 'NONE', #948, #4541, #1282 ) ;
#495 = ORIENTED_EDGE ( 'NONE', *, *, #4840, .T. ) ;
#496 = ADVANCED_FACE ( 'NONE', ( #993 ), #1330, .F. ) ;
#497 = DIRECTION ( 'NONE',  ( -1.254552017826426891E-14, 0.000000000000000000, -1.000000000000000000 ) ) ;
#498 = ORIENTED_EDGE ( 'NONE', *, *, #4162, .T. ) ;
#499 = EDGE_LOOP ( 'NONE', ( #4955, #3830, #2474, #5122 ) ) ;
#500 = DIRECTION ( 'NONE',  ( 0.000000000000000000, -3.552713678800500929E-15, -1.000000000000000000 ) ) ;
#501 = VERTEX_POINT ( 'NONE', #919 ) ;
#502 = DIRECTION ( 'NONE',  ( 1.000000000000000000, 0.000000000000000000, -0.000000000000000000 ) ) ;
#503 = CYLINDRICAL_SURFACE ( 'NONE', #3971, 1.799999999999989164 ) ;
#504 = CARTESIAN_POINT ( 'NONE',  ( -10.69999999999979678, 5.400000000000000355, 21.76610514844899313 ) ) ;
#505 = DIRECTION ( 'NONE',  ( 1.102003339948839560E-16, 3.493786075749806212E-15, 1.000000000000000000 ) ) ;
#506 = CARTESIAN_POINT ( 'NONE',  ( 16.30000000000025295, 60.00000000000002842, 21.76610514844869826 ) ) ;
#507 = ORIENTED_EDGE ( 'NONE', *, *, #3932, .F. ) ;
#508 = LINE ( 'NONE', #1782, #3040 ) ;
#509 = DIRECTION ( 'NONE',  ( -0.8660254037844387076, 0.000000000000000000, 0.4999999999999998335 ) ) ;
#510 = DIRECTION ( 'NONE',  ( 0.000000000000000000, -1.000000000000000000, 0.000000000000000000 ) ) ;
#511 = VERTEX_POINT ( 'NONE', #941 ) ;
#512 = CARTESIAN_POINT ( 'NONE',  ( -26.89999999999999858, 16.30000000000002558, -22.00000000000007105 ) ) ;
#513 = CARTESIAN_POINT ( 'NONE',  ( -57.87298721428198434, 24.79999999999993676, -25.60000000000010090 ) ) ;
#514 = ORIENTED_EDGE ( 'NONE', *, *, #994, .F. ) ;
#515 = EDGE_CURVE ( 'NONE', #3117, #2439, #3750, .T. ) ;
#516 = ORIENTED_EDGE ( 'NONE', *, *, #706, .T. ) ;
#517 = PLANE ( 'NONE',  #3816 ) ;
#518 = ORIENTED_EDGE ( 'NONE', *, *, #4317, .T. ) ;
#519 = ADVANCED_FACE ( 'NONE', ( #4952 ), #3260, .T. ) ;
#520 = CARTESIAN_POINT ( 'NONE',  ( -15.50000000000000355, 8.000000000000000000, -15.50000000000000178 ) ) ;
#521 = ORIENTED_EDGE ( 'NONE', *, *, #2708, .F. ) ;
#522 = VERTEX_POINT ( 'NONE', #3355 ) ;
#523 = DIRECTION ( 'NONE',  ( -0.000000000000000000, -3.345538132240890616E-15, -1.000000000000000000 ) ) ;
#524 = VERTEX_POINT ( 'NONE', #4872 ) ;
#525 = DIRECTION ( 'NONE',  ( 0.000000000000000000, 1.000000000000000000, 0.000000000000000000 ) ) ;
#526 = FACE_OUTER_BOUND ( 'NONE', #4371, .T. ) ;
#527 = CARTESIAN_POINT ( 'NONE',  ( 24.20000000000000284, 5.400000000000000355, -1.616580753730955555 ) ) ;
#528 = EDGE_CURVE ( 'NONE', #1384, #3264, #1223, .T. ) ;
#529 = FACE_BOUND ( 'NONE', #3483, .T. ) ;
#530 = CARTESIAN_POINT ( 'NONE',  ( -27.00000000000000000, 5.400000000000000355, 0.000000000000000000 ) ) ;
#531 = CARTESIAN_POINT ( 'NONE',  ( -24.20000000000000284, 60.00000000000002842, 1.616580753730955555 ) ) ;
#532 = ADVANCED_FACE ( 'NONE', ( #2866 ), #3334, .F. ) ;
#533 = DIRECTION ( 'NONE',  ( 0.5000000000000039968, -0.8660254037844363761, 3.004629197474243121E-15 ) ) ;
#534 = DIRECTION ( 'NONE',  ( 1.000000000000000000, 0.000000000000000000, 1.073081856240826668E-15 ) ) ;
#535 = EDGE_LOOP ( 'NONE', ( #3763, #3720, #4723, #3632 ) ) ;
#536 = DIRECTION ( 'NONE',  ( -0.000000000000000000, 3.552713678800500929E-15, 1.000000000000000000 ) ) ;
#537 = DIRECTION ( 'NONE',  ( 0.000000000000000000, 1.000000000000000000, -4.081702296416015997E-15 ) ) ;
#538 = ORIENTED_EDGE ( 'NONE', *, *, #1613, .T. ) ;
#539 = CARTESIAN_POINT ( 'NONE',  ( -27.00000000000000000, 0.000000000000000000, 0.000000000000000000 ) ) ;
#540 = DIRECTION ( 'NONE',  ( 0.8660254037844363761, 0.5000000000000039968, -1.651456749129815238E-15 ) ) ;
#541 = ORIENTED_EDGE ( 'NONE', *, *, #2631, .T. ) ;
#542 = AXIS2_PLACEMENT_3D ( 'NONE', #3163, #4758, #1990 ) ;
#543 = ORIENTED_EDGE ( 'NONE', *, *, #4221, .T. ) ;
#544 = DIRECTION ( 'NONE',  ( -0.000000000000000000, -1.000000000000000000, 0.000000000000000000 ) ) ;
#545 = LOCAL_TIME ( 21, 27, 22.00000000000000000, #441 ) ;
#546 = VECTOR ( 'NONE', #1466, 1000.000000000000114 ) ;
#547 = AXIS2_PLACEMENT_3D ( 'NONE', #2409, #4389, #2753 ) ;
#548 = ORIENTED_EDGE ( 'NONE', *, *, #2213, .F. ) ;
#549 = DIRECTION ( 'NONE',  ( -1.000000000000000000, 0.000000000000000000, -1.073081856240826668E-15 ) ) ;
#550 = LINE ( 'NONE', #1692, #2391 ) ;
#551 = DIRECTION ( 'NONE',  ( -0.8660254037844397068, 0.4999999999999979461, -1.982541115402097256E-15 ) ) ;
#552 = FACE_BOUND ( 'NONE', #1035, .T. ) ;
#553 = FACE_OUTER_BOUND ( 'NONE', #4760, .T. ) ;
#554 = PLANE ( 'NONE',  #3717 ) ;
#555 = VECTOR ( 'NONE', #500, 1000.000000000000000 ) ;
#556 = LINE ( 'NONE', #4918, #2055 ) ;
#557 = VECTOR ( 'NONE', #4048, 1000.000000000000000 ) ;
#558 = CARTESIAN_POINT ( 'NONE',  ( -44.01658075373095613, 48.80000000000004690, -25.60000000000018616 ) ) ;
#559 = ORIENTED_EDGE ( 'NONE', *, *, #1447, .T. ) ;
#560 = VECTOR ( 'NONE', #4782, 1000.000000000000114 ) ;
#561 = CARTESIAN_POINT ( 'NONE',  ( 27.00000000000000000, 5.400000000000000355, 3.233161507461902673 ) ) ;
#562 = CARTESIAN_POINT ( 'NONE',  ( -30.16017429317998477, 35.20000000000017337, -25.60000000000013642 ) ) ;
#563 = VECTOR ( 'NONE', #4457, 1000.000000000000000 ) ;
#564 = EDGE_LOOP ( 'NONE', ( #679, #4017, #4664, #2000 ) ) ;
#565 = CARTESIAN_POINT ( 'NONE',  ( -56.25640646055099126, 20.29999999999994387, -30.00000000000033396 ) ) ;
#566 = AXIS2_PLACEMENT_3D ( 'NONE', #4705, #329, #3448 ) ;
#567 = VECTOR ( 'NONE', #3393, 1000.000000000000114 ) ;
#568 = CARTESIAN_POINT ( 'NONE',  ( 13.49999999999993960, 60.00000000000002842, -26.61584740964178053 ) ) ;
#569 = ORIENTED_EDGE ( 'NONE', *, *, #2191, .T. ) ;
#570 = ORIENTED_EDGE ( 'NONE', *, *, #420, .T. ) ;
#571 = DIRECTION ( 'NONE',  ( -1.000000000000000000, -8.992806499463749045E-15, -0.000000000000000000 ) ) ;
#572 = EDGE_CURVE ( 'NONE', #4770, #3179, #4509, .T. ) ;
#573 = ADVANCED_FACE ( 'NONE', ( #2576 ), #1303, .F. ) ;
#574 = EDGE_LOOP ( 'NONE', ( #490, #1992, #1430, #1038 ) ) ;
#575 = PLANE ( 'NONE',  #5063 ) ;
#576 = LINE ( 'NONE', #2481, #4893 ) ;
#577 = EDGE_CURVE ( 'NONE', #633, #290, #4144, .T. ) ;
#578 = DESIGN_CONTEXT ( 'detailed design', #1341, 'design' ) ;
#579 = CARTESIAN_POINT ( 'NONE',  ( -26.89999999999999858, 14.50000000000000888, -30.00000000000006040 ) ) ;
#580 = EDGE_CURVE ( 'NONE', #5, #4845, #4170, .T. ) ;
#581 = CARTESIAN_POINT ( 'NONE',  ( -42.40000000000000568, 30.00000000000003553, -22.00000000000012079 ) ) ;
#582 = CARTESIAN_POINT ( 'NONE',  ( -15.50000000000000355, 0.000000000000000000, -13.70000000000001172 ) ) ;
#583 = CARTESIAN_POINT ( 'NONE',  ( -42.40000000000000568, 30.00000000000003553, -22.00000000000012079 ) ) ;
#584 = DIRECTION ( 'NONE',  ( -0.5000000000000004441, 0.000000000000000000, -0.8660254037844384856 ) ) ;
#585 = CYLINDRICAL_SURFACE ( 'NONE', #2960, 1.799999999999985612 ) ;
#586 = ORIENTED_EDGE ( 'NONE', *, *, #1725, .T. ) ;
#587 = DIRECTION ( 'NONE',  ( -0.000000000000000000, 3.552713678800500929E-15, 1.000000000000000000 ) ) ;
#588 = DIRECTION ( 'NONE',  ( 0.000000000000000000, 1.000000000000000000, 0.000000000000000000 ) ) ;
#589 = CARTESIAN_POINT ( 'NONE',  ( -16.30000000000012150, 60.00000000000002842, -24.99926665591072350 ) ) ;
#590 = DIRECTION ( 'NONE',  ( 1.000000000000000000, 6.272760089132149442E-15, 0.000000000000000000 ) ) ;
#591 = ORIENTED_EDGE ( 'NONE', *, *, #4979, .T. ) ;
#592 = EDGE_CURVE ( 'NONE', #2673, #995, #3651, .T. ) ;
#593 = ORIENTED_EDGE ( 'NONE', *, *, #4514, .T. ) ;
#594 = EDGE_CURVE ( 'NONE', #4008, #3486, #60, .T. ) ;
#595 = CARTESIAN_POINT ( 'NONE',  ( 0.000000000000000000, 8.000000000000000000, 0.000000000000000000 ) ) ;
#596 = ORIENTED_EDGE ( 'NONE', *, *, #406, .F. ) ;
#597 = VERTEX_POINT ( 'NONE', #964 ) ;
#598 = CARTESIAN_POINT ( 'NONE',  ( -13.50000000000011013, 5.400000000000000355, -25.08268590217978300 ) ) ;
#599 = CARTESIAN_POINT ( 'NONE',  ( 10.70000000000025331, 60.00000000000002842, 21.76610514844876931 ) ) ;
#600 = ORIENTED_EDGE ( 'NONE', *, *, #4756, .F. ) ;
#601 = CARTESIAN_POINT ( 'NONE',  ( 0.000000000000000000, 0.000000000000000000, 0.000000000000000000 ) ) ;
#602 = LINE ( 'NONE', #625, #4873 ) ;
#603 = DIRECTION ( 'NONE',  ( -1.000000000000000000, 0.000000000000000000, 1.254552017826427048E-14 ) ) ;
#604 = DIRECTION ( 'NONE',  ( 0.4999999999999985012, 0.8660254037844394848, 0.000000000000000000 ) ) ;
#605 = EDGE_CURVE ( 'NONE', #22, #202, #2551, .T. ) ;
#606 = DIRECTION ( 'NONE',  ( -0.8660254037844363761, -0.5000000000000039968, 1.651456749129815238E-15 ) ) ;
#607 = DIRECTION ( 'NONE',  ( 0.000000000000000000, -1.000000000000000000, -0.000000000000000000 ) ) ;
#608 = ORIENTED_EDGE ( 'NONE', *, *, #1591, .T. ) ;
#609 = LINE ( 'NONE', #3402, #131 ) ;
#610 = FACE_OUTER_BOUND ( 'NONE', #2267, .T. ) ;
#611 = CARTESIAN_POINT ( 'NONE',  ( -26.90000000000000568, 45.50000000000001421, -30.00000000000017408 ) ) ;
#612 = EDGE_CURVE ( 'NONE', #4324, #1365, #4067, .T. ) ;
#613 = DIRECTION ( 'NONE',  ( -0.000000000000000000, -1.000000000000000000, -0.000000000000000000 ) ) ;
#614 = ORIENTED_EDGE ( 'NONE', *, *, #3384, .T. ) ;
#615 = ORIENTED_EDGE ( 'NONE', *, *, #151, .F. ) ;
#616 = CIRCLE ( 'NONE', #2953, 1.799999999999996048 ) ;
#617 = ORIENTED_EDGE ( 'NONE', *, *, #4880, .T. ) ;
#618 = ADVANCED_FACE ( 'NONE', ( #4983 ), #2601, .T. ) ;
#619 = VECTOR ( 'NONE', #4883, 1000.000000000000000 ) ;
#620 = ORIENTED_EDGE ( 'NONE', *, *, #4209, .T. ) ;
#621 = LINE ( 'NONE', #2736, #4143 ) ;
#622 = DIRECTION ( 'NONE',  ( 0.000000000000000000, 0.000000000000000000, -1.000000000000000000 ) ) ;
#623 = ORIENTED_EDGE ( 'NONE', *, *, #671, .T. ) ;
#624 = LINE ( 'NONE', #4991, #877 ) ;
#625 = CARTESIAN_POINT ( 'NONE',  ( -56.25640646055099126, 20.29999999999995808, -25.60000000000008313 ) ) ;
#626 = CIRCLE ( 'NONE', #966, 1.700000000000000178 ) ;
#627 = DIRECTION ( 'NONE',  ( -0.000000000000000000, -1.000000000000000000, 0.000000000000000000 ) ) ;
#628 = DIRECTION ( 'NONE',  ( -0.8660254037844412611, 0.000000000000000000, -0.4999999999999956146 ) ) ;
#629 = CIRCLE ( 'NONE', #3958, 1.799999999999992495 ) ;
#630 = CARTESIAN_POINT ( 'NONE',  ( -29.80000000000000071, 5.400000000000000355, -1.616580753730949116 ) ) ;
#631 = AXIS2_PLACEMENT_3D ( 'NONE', #4414, #424, #479 ) ;
#632 = DIRECTION ( 'NONE',  ( -0.000000000000000000, -1.000000000000000000, 0.000000000000000000 ) ) ;
#633 = VERTEX_POINT ( 'NONE', #3380 ) ;
#634 = VECTOR ( 'NONE', #3901, 1000.000000000000000 ) ;
#635 = CARTESIAN_POINT ( 'NONE',  ( -54.63982570682006212, 24.79999999999995097, -25.60000000000010090 ) ) ;
#636 = CARTESIAN_POINT ( 'NONE',  ( -25.31043203198699132, 22.00000000000016698, -25.60000000000009024 ) ) ;
#637 = CARTESIAN_POINT ( 'NONE',  ( -44.01658075373096324, 43.20000000000005969, -22.00000000000016698 ) ) ;
#638 = AXIS2_PLACEMENT_3D ( 'NONE', #3855, #1876, #3461 ) ;
#639 = AXIS2_PLACEMENT_3D ( 'NONE', #2570, #4580, #537 ) ;
#640 = AXIS2_PLACEMENT_3D ( 'NONE', #3682, #792, #2381 ) ;
#641 = DIRECTION ( 'NONE',  ( -2.720046410331633918E-15, 0.000000000000000000, -1.000000000000000000 ) ) ;
#642 = ADVANCED_FACE ( 'NONE', ( #3772, #198 ), #1796, .T. ) ;
#643 = VECTOR ( 'NONE', #2406, 1000.000000000000114 ) ;
#644 = EDGE_CURVE ( 'NONE', #3638, #999, #1393, .T. ) ;
#645 = FACE_OUTER_BOUND ( 'NONE', #2787, .T. ) ;
#646 = EDGE_LOOP ( 'NONE', ( #4357, #4248, #858, #1884 ) ) ;
#647 = ORIENTED_EDGE ( 'NONE', *, *, #2628, .T. ) ;
#648 = VECTOR ( 'NONE', #2619, 1000.000000000000000 ) ;
#649 = VECTOR ( 'NONE', #3813, 1000.000000000000000 ) ;
#650 = ORIENTED_EDGE ( 'NONE', *, *, #3174, .F. ) ;
#651 = VECTOR ( 'NONE', #4816, 1000.000000000000000 ) ;
#652 = AXIS2_PLACEMENT_3D ( 'NONE', #2007, #1985, #1297 ) ;
#653 = ORIENTED_EDGE ( 'NONE', *, *, #3436, .T. ) ;
#654 = LINE ( 'NONE', #2359, #4814 ) ;
#655 = DIRECTION ( 'NONE',  ( 0.000000000000000000, -1.000000000000000000, 0.000000000000000000 ) ) ;
#656 = ORIENTED_EDGE ( 'NONE', *, *, #4756, .T. ) ;
#657 = DIRECTION ( 'NONE',  ( -1.000000000000000000, -6.272760089132151808E-15, -2.146163712481998068E-16 ) ) ;
#658 = FACE_BOUND ( 'NONE', #3672, .T. ) ;
#659 = LINE ( 'NONE', #5096, #465 ) ;
#660 = CARTESIAN_POINT ( 'NONE',  ( -26.92701278571814427, 40.80000000000021032, -22.00000000000015987 ) ) ;
#661 = ORIENTED_EDGE ( 'NONE', *, *, #3410, .T. ) ;
#662 = DIRECTION ( 'NONE',  ( 0.8660254037844388186, 0.4999999999999996669, -1.710384352180497531E-15 ) ) ;
#663 = VERTEX_POINT ( 'NONE', #783 ) ;
#664 = PLANE ( 'NONE',  #2447 ) ;
#665 = CARTESIAN_POINT ( 'NONE',  ( -13.50000000000011013, 5.400000000000000355, -23.38268590217978726 ) ) ;
#666 = LINE ( 'NONE', #2251, #5048 ) ;
#667 = DIRECTION ( 'NONE',  ( -1.000000000000000000, 0.000000000000000000, -1.031762615983161979E-16 ) ) ;
#668 = VERTEX_POINT ( 'NONE', #4015 ) ;
#669 = CARTESIAN_POINT ( 'NONE',  ( -26.99999999999999645, 5.400000000000000355, 3.233161507461903117 ) ) ;
#670 = ORIENTED_EDGE ( 'NONE', *, *, #2383, .T. ) ;
#671 = EDGE_CURVE ( 'NONE', #3197, #254, #222, .T. ) ;
#672 = EDGE_CURVE ( 'NONE', #1527, #1792, #1592, .T. ) ;
#673 = EDGE_CURVE ( 'NONE', #4316, #3849, #2219, .T. ) ;
#674 = ORIENTED_EDGE ( 'NONE', *, *, #418, .T. ) ;
#675 = ORIENTED_EDGE ( 'NONE', *, *, #1057, .T. ) ;
#676 = EDGE_CURVE ( 'NONE', #1688, #3308, #4393, .T. ) ;
#677 = ORIENTED_EDGE ( 'NONE', *, *, #2424, .T. ) ;
#678 = DIRECTION ( 'NONE',  ( 0.8660254037844390407, 0.000000000000000000, 0.4999999999999992228 ) ) ;
#679 = ORIENTED_EDGE ( 'NONE', *, *, #4932, .F. ) ;
#680 = LINE ( 'NONE', #4251, #4036 ) ;
#681 = CARTESIAN_POINT ( 'NONE',  ( -28.54359353944907696, 39.70000000000018758, -25.60000000000015419 ) ) ;
#682 = FACE_OUTER_BOUND ( 'NONE', #4949, .T. ) ;
#683 = CARTESIAN_POINT ( 'NONE',  ( -57.89999999999999858, 12.70000000000004725, -22.00000000000006040 ) ) ;
#684 = ADVANCED_FACE ( 'NONE', ( #1986 ), #4830, .F. ) ;
#685 = ORIENTED_EDGE ( 'NONE', *, *, #2248, .T. ) ;
#686 = CARTESIAN_POINT ( 'NONE',  ( -42.40000000000000568, 15.70000000000001883, -25.60000000000006892 ) ) ;
#687 = ORIENTED_EDGE ( 'NONE', *, *, #1885, .T. ) ;
#688 = FACE_OUTER_BOUND ( 'NONE', #4706, .T. ) ;
#689 = LINE ( 'NONE', #3087, #800 ) ;
#690 = DIRECTION ( 'NONE',  ( -0.000000000000000000, -1.000000000000000000, 0.000000000000000000 ) ) ;
#691 = ADVANCED_FACE ( 'NONE', ( #817 ), #3159, .F. ) ;
#692 = EDGE_CURVE ( 'NONE', #2269, #20, #1256, .T. ) ;
#693 = CARTESIAN_POINT ( 'NONE',  ( -44.01658075373094903, 16.80000000000000071, -25.60000000000007248 ) ) ;
#694 = ADVANCED_FACE ( 'NONE', ( #2027 ), #2794, .F. ) ;
#695 = DIRECTION ( 'NONE',  ( 0.000000000000000000, 0.000000000000000000, -1.000000000000000000 ) ) ;
#696 = ORIENTED_EDGE ( 'NONE', *, *, #1497, .F. ) ;
#697 = ORIENTED_EDGE ( 'NONE', *, *, #4173, .T. ) ;
#698 = EDGE_LOOP ( 'NONE', ( #4290, #2714, #4800, #2023 ) ) ;
#699 = VERTEX_POINT ( 'NONE', #27 ) ;
#700 = CARTESIAN_POINT ( 'NONE',  ( -57.90000000000000568, 47.29999999999999716, -30.00000000000018474 ) ) ;
#701 = ORIENTED_EDGE ( 'NONE', *, *, #2187, .T. ) ;
#702 = DIRECTION ( 'NONE',  ( 0.000000000000000000, 1.000000000000000000, -4.081702296416015997E-15 ) ) ;
#703 = CARTESIAN_POINT ( 'NONE',  ( -40.78341924626906234, 43.20000000000004547, -25.60000000000016485 ) ) ;
#704 = DIRECTION ( 'NONE',  ( 7.617846651086544702E-17, 3.386180225106570071E-15, 1.000000000000000000 ) ) ;
#705 = VECTOR ( 'NONE', #3423, 1000.000000000000000 ) ;
#706 = EDGE_CURVE ( 'NONE', #1562, #1910, #3559, .T. ) ;
#707 = CARTESIAN_POINT ( 'NONE',  ( -54.63982570682003370, 19.19999999999997087, -25.60000000000007958 ) ) ;
#708 = ORIENTED_EDGE ( 'NONE', *, *, #2558, .T. ) ;
#709 = CARTESIAN_POINT ( 'NONE',  ( 0.000000000000000000, 5.400000000000000355, 0.000000000000000000 ) ) ;
#710 = VERTEX_POINT ( 'NONE', #865 ) ;
#711 = SECURITY_CLASSIFICATION ( '', '', #3508 ) ;
#712 = DIRECTION ( 'NONE',  ( 0.4999999999999992228, 0.000000000000000000, -0.8660254037844391517 ) ) ;
#713 = AXIS2_PLACEMENT_3D ( 'NONE', #296, #1520, #2698 ) ;
#714 = CARTESIAN_POINT ( 'NONE',  ( 15.49999999999999645, 1.560000000000005826, -15.50000000000000178 ) ) ;
#715 = DIRECTION ( 'NONE',  ( -0.000000000000000000, -1.000000000000000000, -0.000000000000000000 ) ) ;
#716 = CIRCLE ( 'NONE', #3042, 29.99999999999998934 ) ;
#717 = AXIS2_PLACEMENT_3D ( 'NONE', #759, #536, #4132 ) ;
#718 = CARTESIAN_POINT ( 'NONE',  ( -44.01658075373095613, 48.80000000000004690, -25.60000000000018616 ) ) ;
#719 = CYLINDRICAL_SURFACE ( 'NONE', #1302, 1.799999999999990941 ) ;
#720 = ORIENTED_EDGE ( 'NONE', *, *, #528, .T. ) ;
#721 = AXIS2_PLACEMENT_3D ( 'NONE', #1915, #1162, #2676 ) ;
#722 = VECTOR ( 'NONE', #1196, 1000.000000000000114 ) ;
#723 = ORIENTED_EDGE ( 'NONE', *, *, #4707, .F. ) ;
#724 = VECTOR ( 'NONE', #4545, 1000.000000000000000 ) ;
#725 = VERTEX_POINT ( 'NONE', #2448 ) ;
#726 = CONICAL_SURFACE ( 'NONE', #3472, 3.360000000000002096, 0.7853981633974492782 ) ;
#727 = ORIENTED_EDGE ( 'NONE', *, *, #2942, .F. ) ;
#728 = DIRECTION ( 'NONE',  ( 0.000000000000000000, -1.000000000000000000, -0.000000000000000000 ) ) ;
#729 = VERTEX_POINT ( 'NONE', #1931 ) ;
#730 = EDGE_CURVE ( 'NONE', #2421, #100, #1954, .T. ) ;
#731 = MECHANICAL_CONTEXT ( 'NONE', #367, 'mechanical' ) ;
#732 = CIRCLE ( 'NONE', #905, 1.700000000000000178 ) ;
#734 = AXIS2_PLACEMENT_3D ( 'NONE', #2427, #3624, #3512 ) ;
#733 = CARTESIAN_POINT ( 'NONE',  ( -13.49999999999978328, 0.000000000000000000, 25.08268590217996774 ) ) ;
#735 = DIRECTION ( 'NONE',  ( 0.000000000000000000, 1.000000000000000000, -0.000000000000000000 ) ) ;
#736 = EDGE_CURVE ( 'NONE', #3299, #415, #2769, .T. ) ;
#737 = EDGE_CURVE ( 'NONE', #3611, #262, #1537, .T. ) ;
#738 = DIRECTION ( 'NONE',  ( -0.8660254037844442587, 0.4999999999999902300, -1.759062599773003062E-15 ) ) ;
#739 = ORIENTED_EDGE ( 'NONE', *, *, #3934, .F. ) ;
#740 = ADVANCED_FACE ( 'NONE', ( #3539 ), #4805, .F. ) ;
#741 = CARTESIAN_POINT ( 'NONE',  ( -42.40000000000000568, 14.00000000000001954, -25.60000000000006537 ) ) ;
#742 = ORIENTED_EDGE ( 'NONE', *, *, #1746, .T. ) ;
#743 = CARTESIAN_POINT ( 'NONE',  ( -15.50000000000000355, 0.000000000000000000, -15.50000000000000178 ) ) ;
#744 = CARTESIAN_POINT ( 'NONE',  ( -30.16017429318005583, 40.80000000000016769, -22.00000000000015987 ) ) ;
#745 = DIRECTION ( 'NONE',  ( -0.000000000000000000, 3.552713678800500929E-15, 1.000000000000000000 ) ) ;
#746 = CARTESIAN_POINT ( 'NONE',  ( -13.49999999999978328, 5.400000000000000355, 23.38268590217996490 ) ) ;
#747 = EDGE_LOOP ( 'NONE', ( #2179, #4235, #4984, #600 ) ) ;
#748 = CARTESIAN_POINT ( 'NONE',  ( -26.92701278571790624, 19.20000000000015916, -25.60000000000007958 ) ) ;
#749 = ORIENTED_EDGE ( 'NONE', *, *, #920, .F. ) ;
#750 = ORIENTED_EDGE ( 'NONE', *, *, #4928, .F. ) ;
#751 = LINE ( 'NONE', #4321, #1895 ) ;
#752 = EDGE_CURVE ( 'NONE', #4828, #1132, #2746, .T. ) ;
#753 = EDGE_LOOP ( 'NONE', ( #1872, #303, #2263, #4898 ) ) ;
#754 = EDGE_CURVE ( 'NONE', #233, #4450, #2343, .T. ) ;
#755 = EDGE_LOOP ( 'NONE', ( #4635, #1228, #3641, #2525 ) ) ;
#756 = LINE ( 'NONE', #3178, #4631 ) ;
#757 = ORIENTED_EDGE ( 'NONE', *, *, #2994, .T. ) ;
#758 = CARTESIAN_POINT ( 'NONE',  ( -28.54359353944891353, 22.00000000000015277, -25.60000000000009024 ) ) ;
#759 = CARTESIAN_POINT ( 'NONE',  ( -26.90000000000000568, 45.50000000000002132, -28.44000000000016826 ) ) ;
#760 = EDGE_CURVE ( 'NONE', #1584, #3462, #2906, .T. ) ;
#761 = DIRECTION ( 'NONE',  ( 0.000000000000000000, 1.000000000000000000, -4.081702296416015997E-15 ) ) ;
#762 = LINE ( 'NONE', #2669, #3886 ) ;
#763 = LINE ( 'NONE', #4353, #1309 ) ;
#764 = DIRECTION ( 'NONE',  ( 0.000000000000000000, 0.000000000000000000, -1.000000000000000000 ) ) ;
#765 = ORIENTED_EDGE ( 'NONE', *, *, #5039, .T. ) ;
#766 = CARTESIAN_POINT ( 'NONE',  ( -42.40000000000000568, 30.00000000000003553, -22.00000000000012079 ) ) ;
#767 = LINE ( 'NONE', #823, #3306 ) ;
#768 = ORIENTED_EDGE ( 'NONE', *, *, #2088, .T. ) ;
#769 = CARTESIAN_POINT ( 'NONE',  ( -26.89999999999999858, 11.14000000000000945, -30.00000000000004974 ) ) ;
#770 = LINE ( 'NONE', #3974, #3149 ) ;
#771 = ORIENTED_EDGE ( 'NONE', *, *, #1759, .T. ) ;
#772 = FACE_BOUND ( 'NONE', #1091, .T. ) ;
#773 = EDGE_LOOP ( 'NONE', ( #4402, #2829, #1750, #4176 ) ) ;
#774 = EDGE_LOOP ( 'NONE', ( #4223, #2087 ) ) ;
#775 = CARTESIAN_POINT ( 'NONE',  ( 15.50000000000000000, 0.000000000000000000, 15.49999999999999822 ) ) ;
#776 = ORIENTED_EDGE ( 'NONE', *, *, #1767, .T. ) ;
#777 = ORIENTED_EDGE ( 'NONE', *, *, #151, .T. ) ;
#778 = PLANE ( 'NONE',  #305 ) ;
#779 = VERTEX_POINT ( 'NONE', #2929 ) ;
#780 = FACE_OUTER_BOUND ( 'NONE', #4977, .T. ) ;
#781 = ADVANCED_FACE ( 'NONE', ( #4076 ), #4231, .F. ) ;
#782 = ADVANCED_FACE ( 'NONE', ( #2110 ), #2185, .F. ) ;
#783 = CARTESIAN_POINT ( 'NONE',  ( -54.82640687119288714, 8.000000000000000000, -22.00000000000000711 ) ) ;
#784 = CARTESIAN_POINT ( 'NONE',  ( 29.95641278034915089, 5.400000000000000355, 1.616580753730949116 ) ) ;
#785 = ORIENTED_EDGE ( 'NONE', *, *, #3175, .T. ) ;
#786 = CARTESIAN_POINT ( 'NONE',  ( -57.90000000000000568, 45.50000000000003553, -22.00000000000017408 ) ) ;
#787 = CARTESIAN_POINT ( 'NONE',  ( -56.25640646055099126, 21.99999999999994316, -30.00000000000034106 ) ) ;
#788 = CIRCLE ( 'NONE', #460, 1.799999999999987388 ) ;
#789 = PLANE ( 'NONE',  #1129 ) ;
#790 = VERTEX_POINT ( 'NONE', #183 ) ;
#791 = CARTESIAN_POINT ( 'NONE',  ( 13.50000000000027178, 0.000000000000000000, 25.08268590217968708 ) ) ;
#792 = DIRECTION ( 'NONE',  ( -0.000000000000000000, -1.000000000000000000, -0.000000000000000000 ) ) ;
#793 = CC_DESIGN_APPROVAL ( #55, ( #2058 ) ) ;
#794 = DIRECTION ( 'NONE',  ( 0.000000000000000000, 0.000000000000000000, 1.000000000000000000 ) ) ;
#795 = ORIENTED_EDGE ( 'NONE', *, *, #1842, .T. ) ;
#796 = VECTOR ( 'NONE', #1184, 1000.000000000000000 ) ;
#797 = CARTESIAN_POINT ( 'NONE',  ( -28.54359353944907696, 39.70000000000018758, -25.60000000000015419 ) ) ;
#798 = VERTEX_POINT ( 'NONE', #1391 ) ;
#799 = VECTOR ( 'NONE', #2413, 1000.000000000000000 ) ;
#800 = VECTOR ( 'NONE', #4280, 1000.000000000000000 ) ;
#801 = EDGE_CURVE ( 'NONE', #4346, #371, #3364, .T. ) ;
#802 = EDGE_LOOP ( 'NONE', ( #3522, #2684, #5112, #3122 ) ) ;
#803 = CARTESIAN_POINT ( 'NONE',  ( -39.16683849253811189, 46.00000000000005684, -25.60000000000017550 ) ) ;
#804 = EDGE_CURVE ( 'NONE', #4343, #1607, #1650, .T. ) ;
#805 = EDGE_CURVE ( 'NONE', #3826, #1795, #2588, .T. ) ;
#806 = VECTOR ( 'NONE', #3523, 1000.000000000000000 ) ;
#807 = VERTEX_POINT ( 'NONE', #4913 ) ;
#808 = VECTOR ( 'NONE', #4612, 1000.000000000000000 ) ;
#809 = ORIENTED_EDGE ( 'NONE', *, *, #3261, .F. ) ;
#811 = CARTESIAN_POINT ( 'NONE',  ( -56.25640646055104099, 36.29999999999999005, -25.60000000000013998 ) ) ;
#810 = AXIS2_PLACEMENT_3D ( 'NONE', #4020, #2349, #870 ) ;
#812 = ORIENTED_EDGE ( 'NONE', *, *, #3681, .T. ) ;
#813 = VECTOR ( 'NONE', #2796, 1000.000000000000227 ) ;
#814 = DATE_TIME_ROLE ( 'creation_date' ) ;
#815 = DIRECTION ( 'NONE',  ( -0.8660254037844363761, -0.5000000000000039968, 1.486905836551445738E-15 ) ) ;
#816 = AXIS2_PLACEMENT_3D ( 'NONE', #2480, #502, #2526 ) ;
#817 = FACE_OUTER_BOUND ( 'NONE', #574, .T. ) ;
#818 = LINE ( 'NONE', #2405, #486 ) ;
#819 = CARTESIAN_POINT ( 'NONE',  ( -25.31043203198716185, 38.00000000000025580, -22.00000000000014921 ) ) ;
#820 = FACE_OUTER_BOUND ( 'NONE', #4033, .T. ) ;
#821 = AXIS2_PLACEMENT_3D ( 'NONE', #611, #2937, #2229 ) ;
#822 = DIRECTION ( 'NONE',  ( -8.659560562354941486E-17, 0.7071067811865456854, -0.7071067811865493491 ) ) ;
#823 = CARTESIAN_POINT ( 'NONE',  ( 24.20000000000000284, 60.00000000000002842, -1.616580753730955555 ) ) ;
#824 = ORIENTED_EDGE ( 'NONE', *, *, #4000, .T. ) ;
#825 = FACE_OUTER_BOUND ( 'NONE', #1273, .T. ) ;
#826 = ADVANCED_FACE ( 'NONE', ( #553 ), #899, .T. ) ;
#827 = EDGE_CURVE ( 'NONE', #999, #3638, #4986, .T. ) ;
#828 = CARTESIAN_POINT ( 'NONE',  ( -27.00000000000000000, 0.000000000000000000, 1.700000000000000178 ) ) ;
#829 = DIRECTION ( 'NONE',  ( -0.000000000000000000, -3.593355771666226926E-15, -1.000000000000000000 ) ) ;
#830 = ORIENTED_EDGE ( 'NONE', *, *, #321, .T. ) ;
#831 = DIRECTION ( 'NONE',  ( 7.617846651086517585E-17, -1.000000000000000000, 3.663735981263016583E-15 ) ) ;
#832 = EDGE_LOOP ( 'NONE', ( #4981, #1179, #4113, #2277 ) ) ;
#833 = EDGE_LOOP ( 'NONE', ( #3055, #3408 ) ) ;
#834 = DIRECTION ( 'NONE',  ( -0.000000000000000000, 3.552713678800500929E-15, 1.000000000000000000 ) ) ;
#835 = EDGE_CURVE ( 'NONE', #1962, #725, #211, .T. ) ;
#836 = ORIENTED_EDGE ( 'NONE', *, *, #4571, .F. ) ;
#837 = EDGE_CURVE ( 'NONE', #3345, #5028, #3267, .T. ) ;
#838 = EDGE_CURVE ( 'NONE', #2269, #729, #2566, .T. ) ;
#839 = VERTEX_POINT ( 'NONE', #3677 ) ;
#840 = FACE_OUTER_BOUND ( 'NONE', #832, .T. ) ;
#841 = ORIENTED_EDGE ( 'NONE', *, *, #2274, .F. ) ;
#842 = CARTESIAN_POINT ( 'NONE',  ( -28.54359353944891353, 22.00000000000013856, -30.00000000000034106 ) ) ;
#843 = DIRECTION ( 'NONE',  ( 0.000000000000000000, 1.000000000000000000, -0.000000000000000000 ) ) ;
#844 = ORIENTED_EDGE ( 'NONE', *, *, #4157, .T. ) ;
#845 = ADVANCED_FACE ( 'NONE', ( #109 ), #1313, .F. ) ;
#846 = CARTESIAN_POINT ( 'NONE',  ( -63.61320343559648194, 8.786796564403626775, -30.00000000000004263 ) ) ;
#847 = CARTESIAN_POINT ( 'NONE',  ( -24.20000000000000284, 5.400000000000000355, 1.616580753730955555 ) ) ;
#848 = CYLINDRICAL_SURFACE ( 'NONE', #810, 1.700000000000000178 ) ;
#849 = ORIENTED_EDGE ( 'NONE', *, *, #4488, .T. ) ;
#850 = CARTESIAN_POINT ( 'NONE',  ( 13.49999999999994671, 5.400000000000000355, -23.38268590217987608 ) ) ;
#851 = EDGE_CURVE ( 'NONE', #451, #1920, #4885, .T. ) ;
#852 = DIRECTION ( 'NONE',  ( -0.8660254037844331565, -0.5000000000000095479, 1.842329326620034953E-15 ) ) ;
#853 = DIRECTION ( 'NONE',  ( 0.000000000000000000, 1.000000000000000000, -0.000000000000000000 ) ) ;
#854 = VERTEX_POINT ( 'NONE', #2165 ) ;
#855 = CARTESIAN_POINT ( 'NONE',  ( -57.90000000000000568, 48.86000000000000654, -30.00000000000018829 ) ) ;
#856 = ORIENTED_EDGE ( 'NONE', *, *, #308, .F. ) ;
#857 = ADVANCED_FACE ( 'NONE', ( #4494 ), #3726, .F. ) ;
#858 = ORIENTED_EDGE ( 'NONE', *, *, #3620, .T. ) ;
#859 = DIRECTION ( 'NONE',  ( -0.8660254037844388186, -0.4999999999999996669, 1.759062599773035800E-15 ) ) ;
#860 = EDGE_CURVE ( 'NONE', #3308, #1685, #4098, .T. ) ;
#861 = ORIENTED_EDGE ( 'NONE', *, *, #1107, .F. ) ;
#862 = EDGE_LOOP ( 'NONE', ( #310, #1220, #5166, #1120 ) ) ;
#863 = DIRECTION ( 'NONE',  ( -0.000000000000000000, -3.717264591378872007E-15, -1.000000000000000000 ) ) ;
#864 = EDGE_CURVE ( 'NONE', #3727, #1479, #1820, .T. ) ;
#865 = CARTESIAN_POINT ( 'NONE',  ( 29.95641278034914734, 8.000000000000000000, -1.616580753730951558 ) ) ;
#866 = DIRECTION ( 'NONE',  ( 9.714451465470122884E-15, 0.000000000000000000, 1.000000000000000000 ) ) ;
#867 = ORIENTED_EDGE ( 'NONE', *, *, #4010, .T. ) ;
#868 = CARTESIAN_POINT ( 'NONE',  ( -8.149999999999835154, 8.000000000000000000, 14.11621408168645608 ) ) ;
#869 = CARTESIAN_POINT ( 'NONE',  ( 0.000000000000000000, 5.400000000000000355, 0.000000000000000000 ) ) ;
#870 = DIRECTION ( 'NONE',  ( 0.000000000000000000, 0.000000000000000000, -1.000000000000000000 ) ) ;
#871 = ORIENTED_EDGE ( 'NONE', *, *, #5080, .F. ) ;
#872 = CARTESIAN_POINT ( 'NONE',  ( 10.69999999999994778, 5.400000000000000355, -21.76610514844892208 ) ) ;
#873 = EDGE_CURVE ( 'NONE', #352, #1660, #2562, .T. ) ;
#874 = LINE ( 'NONE', #1264, #5059 ) ;
#875 = DIRECTION ( 'NONE',  ( 0.000000000000000000, 0.000000000000000000, -1.000000000000000000 ) ) ;
#876 = VERTEX_POINT ( 'NONE', #3438 ) ;
#877 = VECTOR ( 'NONE', #1806, 1000.000000000000000 ) ;
#878 = DIRECTION ( 'NONE',  ( 1.000000000000000000, 0.000000000000000000, -2.109423746787797427E-15 ) ) ;
#879 = ORIENTED_EDGE ( 'NONE', *, *, #1658, .T. ) ;
#880 = AXIS2_PLACEMENT_3D ( 'NONE', #164, #4938, #182 ) ;
#881 = EDGE_LOOP ( 'NONE', ( #1709, #4906, #455, #3504 ) ) ;
#882 = CARTESIAN_POINT ( 'NONE',  ( 13.50000000000031442, 60.00000000000002842, 26.61584740964158868 ) ) ;
#883 = VECTOR ( 'NONE', #1280, 1000.000000000000114 ) ;
#884 = EDGE_LOOP ( 'NONE', ( #4520, #5004, #1550, #4746 ) ) ;
#885 = AXIS2_PLACEMENT_3D ( 'NONE', #2430, #4385, #4460 ) ;
#886 = VERTEX_POINT ( 'NONE', #703 ) ;
#887 = CARTESIAN_POINT ( 'NONE',  ( 15.50000000000000000, 0.000000000000000000, 12.13999999999999702 ) ) ;
#888 = VECTOR ( 'NONE', #3933, 1000.000000000000000 ) ;
#889 = AXIS2_PLACEMENT_3D ( 'NONE', #595, #1274, #3279 ) ;
#890 = AXIS2_PLACEMENT_3D ( 'NONE', #1267, #4027, #2415 ) ;
#891 = VECTOR ( 'NONE', #2565, 1000.000000000000000 ) ;
#892 = VERTEX_POINT ( 'NONE', #4252 ) ;
#893 = CARTESIAN_POINT ( 'NONE',  ( -16.29999999999976623, 60.00000000000002842, 24.99926665591094732 ) ) ;
#894 = FACE_OUTER_BOUND ( 'NONE', #564, .T. ) ;
#895 = AXIS2_PLACEMENT_3D ( 'NONE', #2505, #4910, #4152 ) ;
#896 = FACE_OUTER_BOUND ( 'NONE', #2916, .T. ) ;
#897 = LINE ( 'NONE', #2485, #3528 ) ;
#898 = VECTOR ( 'NONE', #4611, 1000.000000000000227 ) ;
#899 = PLANE ( 'NONE',  #2064 ) ;
#900 = ORIENTED_EDGE ( 'NONE', *, *, #4068, .F. ) ;
#901 = CARTESIAN_POINT ( 'NONE',  ( -28.54359353944907696, 38.00000000000018474, -25.60000000000014708 ) ) ;
#902 = EDGE_CURVE ( 'NONE', #1429, #2357, #2291, .T. ) ;
#903 = EDGE_CURVE ( 'NONE', #1685, #2838, #2478, .T. ) ;
#904 = PERSON ( 'UNSPECIFIED', 'UNSPECIFIED', 'UNSPECIFIED', ('UNSPECIFIED'), ('UNSPECIFIED'), ('UNSPECIFIED') ) ;
#906 = CARTESIAN_POINT ( 'NONE',  ( -44.01658075373096324, 43.20000000000004547, -25.60000000000016485 ) ) ;
#905 = AXIS2_PLACEMENT_3D ( 'NONE', #3744, #1349, #4212 ) ;
#907 = VECTOR ( 'NONE', #4857, 1000.000000000000000 ) ;
#908 = CARTESIAN_POINT ( 'NONE',  ( -15.50000000000000355, 8.000000000000000000, -17.29999999999999005 ) ) ;
#909 = ORIENTED_EDGE ( 'NONE', *, *, #3554, .T. ) ;
#910 = AXIS2_PLACEMENT_3D ( 'NONE', #3141, #1867, #4740 ) ;
#911 = DIRECTION ( 'NONE',  ( -7.617846651086545934E-17, 3.663735981263016583E-15, 1.000000000000000000 ) ) ;
#912 = EDGE_LOOP ( 'NONE', ( #3939, #1029, #514, #4638 ) ) ;
#913 = ORIENTED_EDGE ( 'NONE', *, *, #2536, .T. ) ;
#914 = DIRECTION ( 'NONE',  ( -3.402186748401941492E-17, 3.361841101310300739E-15, 1.000000000000000000 ) ) ;
#915 = LINE ( 'NONE', #3509, #2904 ) ;
#916 = ORIENTED_EDGE ( 'NONE', *, *, #3780, .F. ) ;
#917 = EDGE_CURVE ( 'NONE', #4106, #1666, #1075, .T. ) ;
#918 = ORIENTED_EDGE ( 'NONE', *, *, #2516, .T. ) ;
#919 = CARTESIAN_POINT ( 'NONE',  ( 16.29999999999994387, 5.400000000000000355, 24.99926665591083363 ) ) ;
#920 = EDGE_CURVE ( 'NONE', #2347, #1434, #2241, .T. ) ;
#921 = EDGE_CURVE ( 'NONE', #188, #80, #1461, .T. ) ;
#922 = ORIENTED_EDGE ( 'NONE', *, *, #4658, .F. ) ;
#923 = DIRECTION ( 'NONE',  ( 0.000000000000000000, 1.000000000000000000, -3.469446951953614189E-15 ) ) ;
#924 = PLANE ( 'NONE',  #1476 ) ;
#925 = CARTESIAN_POINT ( 'NONE',  ( 10.69999999999994600, 30.00000000000003553, -22.00000000000011724 ) ) ;
#926 = CARTESIAN_POINT ( 'NONE',  ( -10.69999999999999396, 8.000000000000000000, 9.741096818061118185E-14 ) ) ;
#927 = ADVANCED_FACE ( 'NONE', ( #3077, #3050 ), #2689, .T. ) ;
#928 = CARTESIAN_POINT ( 'NONE',  ( -26.89999999999999858, 14.50000000000000888, -30.00000000000006040 ) ) ;
#929 = LINE ( 'NONE', #2610, #2369 ) ;
#930 = DIRECTION ( 'NONE',  ( 0.5000000000000039968, -0.8660254037844363761, 0.000000000000000000 ) ) ;
#931 = DIRECTION ( 'NONE',  ( 0.000000000000000000, 0.000000000000000000, -1.000000000000000000 ) ) ;
#932 = VERTEX_POINT ( 'NONE', #5035 ) ;
#933 = DIRECTION ( 'NONE',  ( -0.000000000000000000, -1.000000000000000000, -0.000000000000000000 ) ) ;
#934 = CARTESIAN_POINT ( 'NONE',  ( -26.99999999999999645, 60.00000000000002842, 3.233161507461903117 ) ) ;
#935 = EDGE_LOOP ( 'NONE', ( #4142, #942, #364, #2169, #696, #2924 ) ) ;
#936 = ORIENTED_EDGE ( 'NONE', *, *, #3681, .F. ) ;
#937 = DIRECTION ( 'NONE',  ( 0.000000000000000000, 0.000000000000000000, 1.000000000000000000 ) ) ;
#938 = LINE ( 'NONE', #1713, #4065 ) ;
#939 = ORIENTED_EDGE ( 'NONE', *, *, #1169, .F. ) ;
#940 = VERTEX_POINT ( 'NONE', #4644 ) ;
#941 = CARTESIAN_POINT ( 'NONE',  ( -44.01658075373095613, 11.20000000000000284, -25.60000000000005471 ) ) ;
#942 = ORIENTED_EDGE ( 'NONE', *, *, #4882, .F. ) ;
#943 = CARTESIAN_POINT ( 'NONE',  ( 27.00000000000000000, 0.000000000000000000, -1.700000000000000178 ) ) ;
#944 = DIRECTION ( 'NONE',  ( 0.000000000000000000, 1.000000000000000000, 0.000000000000000000 ) ) ;
#945 = UNCERTAINTY_MEASURE_WITH_UNIT (LENGTH_MEASURE( 1.000000000000000082E-05 ), #2637, 'distance_accuracy_value', 'NONE');
#946 = FACE_OUTER_BOUND ( 'NONE', #2990, .T. ) ;
#947 = DIRECTION ( 'NONE',  ( 7.617846651086517585E-17, -1.000000000000000000, 3.663735981263016583E-15 ) ) ;
#948 = CARTESIAN_POINT ( 'NONE',  ( -26.90000000000000568, 45.50000000000004263, -22.00000000000017053 ) ) ;
#949 = ADVANCED_FACE ( 'NONE', ( #1417 ), #4668, .F. ) ;
#950 = FACE_OUTER_BOUND ( 'NONE', #646, .T. ) ;
#951 = CARTESIAN_POINT ( 'NONE',  ( -15.50000000000000355, 0.000000000000000000, -12.14000000000000234 ) ) ;
#952 = DIRECTION ( 'NONE',  ( 0.000000000000000000, -1.000000000000000000, 3.854941057726268666E-15 ) ) ;
#953 = VERTEX_POINT ( 'NONE', #3488 ) ;
#954 = CARTESIAN_POINT ( 'NONE',  ( -54.63982570682003370, 19.19999999999998153, -22.00000000000008171 ) ) ;
#955 = DIRECTION ( 'NONE',  ( -0.4999999999999997224, 0.8660254037844388186, -3.219245568722496570E-15 ) ) ;
#956 = ORIENTED_EDGE ( 'NONE', *, *, #2699, .F. ) ;
#957 = DIRECTION ( 'NONE',  ( 1.254552017826426891E-14, 0.000000000000000000, 1.000000000000000000 ) ) ;
#958 = DIRECTION ( 'NONE',  ( 0.000000000000000000, 1.000000000000000000, -4.081702296416015997E-15 ) ) ;
#959 = VERTEX_POINT ( 'NONE', #733 ) ;
#960 = AXIS2_PLACEMENT_3D ( 'NONE', #3754, #1310, #240 ) ;
#961 = ADVANCED_FACE ( 'NONE', ( #3099 ), #3858, .F. ) ;
#962 = EDGE_CURVE ( 'NONE', #4824, #268, #4595, .T. ) ;
#963 = ORIENTED_EDGE ( 'NONE', *, *, #605, .T. ) ;
#964 = CARTESIAN_POINT ( 'NONE',  ( 29.80000000000000071, 5.400000000000000355, -1.616580753730952003 ) ) ;
#965 = AXIS2_PLACEMENT_3D ( 'NONE', #2877, #1208, #5158 ) ;
#966 = AXIS2_PLACEMENT_3D ( 'NONE', #4942, #1761, #1051 ) ;
#967 = AXIS2_PLACEMENT_3D ( 'NONE', #1240, #2455, #1991 ) ;
#968 = ORIENTED_EDGE ( 'NONE', *, *, #4796, .T. ) ;
#969 = DIRECTION ( 'NONE',  ( -1.000000000000000000, -1.332267629550187691E-14, -0.000000000000000000 ) ) ;
#970 = LINE ( 'NONE', #4512, #1058 ) ;
#971 = CARTESIAN_POINT ( 'NONE',  ( -45.63316150746191369, 46.00000000000003553, -25.60000000000017550 ) ) ;
#972 = FACE_BOUND ( 'NONE', #1113, .T. ) ;
#973 = CIRCLE ( 'NONE', #2889, 1.799999999999989164 ) ;
#974 = DIRECTION ( 'NONE',  ( 0.000000000000000000, 0.000000000000000000, -1.000000000000000000 ) ) ;
#975 = CARTESIAN_POINT ( 'NONE',  ( 29.80000000000000071, 5.400000000000000355, 1.616580753730949116 ) ) ;
#976 = VECTOR ( 'NONE', #2663, 1000.000000000000000 ) ;
#977 = DIRECTION ( 'NONE',  ( -0.000000000000000000, -1.000000000000000000, 0.000000000000000000 ) ) ;
#978 = DIRECTION ( 'NONE',  ( 1.000000000000000000, 0.000000000000000000, 0.000000000000000000 ) ) ;
#979 = EDGE_LOOP ( 'NONE', ( #132, #5073, #4682, #4267, #739, #1564, #5130, #2358 ) ) ;
#980 = VECTOR ( 'NONE', #4785, 1000.000000000000000 ) ;
#981 = EDGE_CURVE ( 'NONE', #1762, #4987, #2609, .T. ) ;
#982 = CARTESIAN_POINT ( 'NONE',  ( 29.80000000000000071, 5.400000000000000355, 1.616580753730949116 ) ) ;
#983 = PLANE ( 'NONE',  #1888 ) ;
#984 = ADVANCED_FACE ( 'NONE', ( #1116 ), #1237, .F. ) ;
#985 = VECTOR ( 'NONE', #3114, 1000.000000000000000 ) ;
#986 = EDGE_LOOP ( 'NONE', ( #3152, #3989, #4320, #157, #4171, #1924 ) ) ;
#987 = FACE_BOUND ( 'NONE', #1413, .T. ) ;
#988 = VECTOR ( 'NONE', #4261, 999.9999999999998863 ) ;
#989 = AXIS2_PLACEMENT_3D ( 'NONE', #3024, #319, #3911 ) ;
#990 = DIRECTION ( 'NONE',  ( 0.000000000000000000, 0.000000000000000000, 1.000000000000000000 ) ) ;
#991 = ORIENTED_EDGE ( 'NONE', *, *, #3436, .F. ) ;
#992 = EDGE_LOOP ( 'NONE', ( #74, #280, #768, #2429 ) ) ;
#993 = FACE_OUTER_BOUND ( 'NONE', #3664, .T. ) ;
#994 = EDGE_CURVE ( 'NONE', #1910, #1562, #2228, .T. ) ;
#995 = VERTEX_POINT ( 'NONE', #4992 ) ;
#996 = ORIENTED_EDGE ( 'NONE', *, *, #2519, .F. ) ;
#997 = LINE ( 'NONE', #4118, #1559 ) ;
#998 = DIRECTION ( 'NONE',  ( 0.4999999999999901745, 0.8660254037844442587, -3.219245568722515503E-15 ) ) ;
#999 = VERTEX_POINT ( 'NONE', #1025 ) ;
#1000 = DIRECTION ( 'NONE',  ( 0.000000000000000000, -3.552713678800500929E-15, -1.000000000000000000 ) ) ;
#1001 = CARTESIAN_POINT ( 'NONE',  ( 0.000000000000000000, 0.000000000000000000, -12.00000000000000178 ) ) ;
#1002 = CARTESIAN_POINT ( 'NONE',  ( -28.54359353944907696, 38.00000000000018474, -25.60000000000014708 ) ) ;
#1003 = FACE_OUTER_BOUND ( 'NONE', #5090, .T. ) ;
#1004 = EDGE_CURVE ( 'NONE', #2261, #4996, #5014, .T. ) ;
#1005 = CARTESIAN_POINT ( 'NONE',  ( 0.000000000000000000, 8.000000000000000000, 29.99999999999998934 ) ) ;
#1006 = FACE_OUTER_BOUND ( 'NONE', #104, .T. ) ;
#1007 = ORIENTED_EDGE ( 'NONE', *, *, #3570, .F. ) ;
#1008 = DIRECTION ( 'NONE',  ( -0.4999999999999985567, -0.8660254037844394848, 3.219245568722475271E-15 ) ) ;
#1009 = EDGE_CURVE ( 'NONE', #3849, #4316, #4901, .T. ) ;
#1010 = DIRECTION ( 'NONE',  ( -0.5000000000000044409, 0.000000000000000000, 0.8660254037844360431 ) ) ;
#1011 = FACE_BOUND ( 'NONE', #986, .T. ) ;
#1012 = ADVANCED_FACE ( 'NONE', ( #658, #3837 ), #265, .T. ) ;
#1013 = CARTESIAN_POINT ( 'NONE',  ( 0.000000000000000000, 0.000000000000000000, 0.000000000000000000 ) ) ;
#1014 = VERTEX_POINT ( 'NONE', #3207 ) ;
#1015 = VERTEX_POINT ( 'NONE', #1152 ) ;
#1016 = CARTESIAN_POINT ( 'NONE',  ( -57.89999999999999858, 17.86000000000000654, -30.00000000000007461 ) ) ;
#1017 = VERTEX_POINT ( 'NONE', #2499 ) ;
#1018 = ORIENTED_EDGE ( 'NONE', *, *, #3758, .T. ) ;
#1019 = EDGE_CURVE ( 'NONE', #2198, #3482, #3315, .T. ) ;
#1020 = CARTESIAN_POINT ( 'NONE',  ( -54.63982570682013318, 40.80000000000000426, -25.60000000000015774 ) ) ;
#1021 = DIRECTION ( 'NONE',  ( -7.617846651086544702E-17, 3.552713678800500929E-15, 1.000000000000000000 ) ) ;
#1022 = ORIENTED_EDGE ( 'NONE', *, *, #4499, .T. ) ;
#1023 = CARTESIAN_POINT ( 'NONE',  ( 13.50000000000027178, 0.000000000000000000, 21.68268590217968494 ) ) ;
#1024 = LINE ( 'NONE', #3811, #2368 ) ;
#1025 = CARTESIAN_POINT ( 'NONE',  ( -42.40000000000000568, 44.30000000000001137, -30.00000000000041922 ) ) ;
#1026 = FACE_OUTER_BOUND ( 'NONE', #1583, .T. ) ;
#1027 = CARTESIAN_POINT ( 'NONE',  ( -57.87298721428194881, 19.19999999999994245, -25.60000000000008313 ) ) ;
#1028 = CYLINDRICAL_SURFACE ( 'NONE', #3292, 1.799999999999990941 ) ;
#1029 = ORIENTED_EDGE ( 'NONE', *, *, #5097, .T. ) ;
#1030 = CARTESIAN_POINT ( 'NONE',  ( 27.00000000000000000, 60.00000000000002842, 3.233161507461902673 ) ) ;
#1031 = FACE_OUTER_BOUND ( 'NONE', #4276, .T. ) ;
#1032 = CARTESIAN_POINT ( 'NONE',  ( 16.30000000000025295, 5.400000000000000355, 21.76610514844869826 ) ) ;
#1033 = CARTESIAN_POINT ( 'NONE',  ( -13.49999999999981348, 60.00000000000002842, 20.14952439471806400 ) ) ;
#1034 = FACE_OUTER_BOUND ( 'NONE', #2876, .T. ) ;
#1035 = EDGE_LOOP ( 'NONE', ( #3507, #2550, #3687, #1319, #2972, #117 ) ) ;
#1036 = VERTEX_POINT ( 'NONE', #4803 ) ;
#1037 = AXIS2_PLACEMENT_3D ( 'NONE', #1936, #3518, #2752 ) ;
#1038 = ORIENTED_EDGE ( 'NONE', *, *, #3297, .F. ) ;
#1039 = ORIENTED_EDGE ( 'NONE', *, *, #2187, .F. ) ;
#1040 = PLANE ( 'NONE',  #312 ) ;
#1042 = CARTESIAN_POINT ( 'NONE',  ( -30.16017429318005583, 40.80000000000015348, -25.60000000000015774 ) ) ;
#1041 = AXIS2_PLACEMENT_3D ( 'NONE', #288, #1879, #5036 ) ;
#1043 = ORIENTED_EDGE ( 'NONE', *, *, #1794, .T. ) ;
#1044 = CARTESIAN_POINT ( 'NONE',  ( -54.63982570682003370, 19.19999999999998153, -22.00000000000008171 ) ) ;
#1045 = CARTESIAN_POINT ( 'NONE',  ( 29.80000000000000071, 60.00000000000002842, 1.616580753730949116 ) ) ;
#1046 = AXIS2_PLACEMENT_3D ( 'NONE', #5043, #3515, #3056 ) ;
#1047 = DIRECTION ( 'NONE',  ( -0.5000000000000039968, 0.000000000000000000, 0.8660254037844363761 ) ) ;
#1048 = DIRECTION ( 'NONE',  ( 0.000000000000000000, -3.552713678800500929E-15, -1.000000000000000000 ) ) ;
#1049 = CIRCLE ( 'NONE', #1219, 1.799999999999992495 ) ;
#1050 = CARTESIAN_POINT ( 'NONE',  ( -40.78341924626905524, 11.20000000000001528, -22.00000000000005329 ) ) ;
#1051 = DIRECTION ( 'NONE',  ( 0.000000000000000000, 0.000000000000000000, -1.000000000000000000 ) ) ;
#1052 = ORIENTED_EDGE ( 'NONE', *, *, #1779, .T. ) ;
#1053 = CARTESIAN_POINT ( 'NONE',  ( 5.349999999999957900, 8.000000000000000000, -9.266471820493515921 ) ) ;
#1054 = EDGE_CURVE ( 'NONE', #3688, #352, #915, .T. ) ;
#1055 = CARTESIAN_POINT ( 'NONE',  ( -10.70000000000011831, 5.400000000000000355, -24.99926665591075192 ) ) ;
#1056 = DIRECTION ( 'NONE',  ( 0.000000000000000000, 0.000000000000000000, 1.000000000000000000 ) ) ;
#1057 = EDGE_CURVE ( 'NONE', #4089, #3345, #1823, .T. ) ;
#1058 = VECTOR ( 'NONE', #3485, 1000.000000000000114 ) ;
#1059 = AXIS2_PLACEMENT_3D ( 'NONE', #850, #3578, #4784 ) ;
#1060 = VECTOR ( 'NONE', #112, 1000.000000000000000 ) ;
#1061 = FACE_BOUND ( 'NONE', #3526, .T. ) ;
#1062 = VECTOR ( 'NONE', #998, 1000.000000000000114 ) ;
#1063 = VECTOR ( 'NONE', #445, 1000.000000000000000 ) ;
#1064 = DIRECTION ( 'NONE',  ( 0.8660254037844427044, 0.000000000000000000, 0.4999999999999928946 ) ) ;
#1065 = ORIENTED_EDGE ( 'NONE', *, *, #3190, .F. ) ;
#1066 = ORIENTED_EDGE ( 'NONE', *, *, #5164, .T. ) ;
#1067 = CIRCLE ( 'NONE', #1649, 3.360000000000000320 ) ;
#1068 = AXIS2_PLACEMENT_3D ( 'NONE', #4776, #3931, #4088 ) ;
#1069 = ORIENTED_EDGE ( 'NONE', *, *, #2207, .F. ) ;
#1070 = ADVANCED_FACE ( 'NONE', ( #1590 ), #339, .F. ) ;
#1071 = ORIENTED_EDGE ( 'NONE', *, *, #1923, .T. ) ;
#1072 = CARTESIAN_POINT ( 'NONE',  ( -30.16017429317980358, 19.20000000000012719, -25.60000000000007958 ) ) ;
#1073 = VERTEX_POINT ( 'NONE', #1950 ) ;
#1074 = EDGE_CURVE ( 'NONE', #779, #483, #938, .T. ) ;
#1075 = LINE ( 'NONE', #4616, #488 ) ;
#1076 = LINE ( 'NONE', #2242, #4130 ) ;
#1077 = PLANE ( 'NONE',  #1474 ) ;
#1078 = ORIENTED_EDGE ( 'NONE', *, *, #403, .T. ) ;
#1079 = FACE_OUTER_BOUND ( 'NONE', #1195, .T. ) ;
#1080 = VERTEX_POINT ( 'NONE', #5116 ) ;
#1081 = CARTESIAN_POINT ( 'NONE',  ( -26.92701278571807322, 35.20000000000023022, -25.60000000000013642 ) ) ;
#1082 = DIRECTION ( 'NONE',  ( -2.368335091109122803E-29, 3.717264591378872007E-15, 1.000000000000000000 ) ) ;
#1083 = DIRECTION ( 'NONE',  ( -0.000000000000000000, -1.000000000000000000, 0.000000000000000000 ) ) ;
#1084 = CARTESIAN_POINT ( 'NONE',  ( -57.89999999999999858, 11.14000000000000590, -30.00000000000005329 ) ) ;
#1085 = CARTESIAN_POINT ( 'NONE',  ( -26.90000000000000568, 45.50000000000001421, -30.00000000000017408 ) ) ;
#1086 = VERTEX_POINT ( 'NONE', #1569 ) ;
#1087 = ORIENTED_EDGE ( 'NONE', *, *, #5001, .F. ) ;
#1088 = ORIENTED_EDGE ( 'NONE', *, *, #1547, .T. ) ;
#1089 = ORIENTED_EDGE ( 'NONE', *, *, #286, .F. ) ;
#1090 = CARTESIAN_POINT ( 'NONE',  ( 13.49999999999994671, 5.400000000000000355, -25.08268590217987537 ) ) ;
#1091 = EDGE_LOOP ( 'NONE', ( #2075, #155 ) ) ;
#1092 =( NAMED_UNIT ( * ) PLANE_ANGLE_UNIT ( ) SI_UNIT ( $, .RADIAN. ) );
#1093 = DIRECTION ( 'NONE',  ( 0.000000000000000000, 3.593355771666226926E-15, 1.000000000000000000 ) ) ;
#1094 = CARTESIAN_POINT ( 'NONE',  ( 10.70000000000029239, 5.400000000000000355, 24.99926665591067021 ) ) ;
#1095 = LINE ( 'NONE', #1050, #5143 ) ;
#1096 = ORIENTED_EDGE ( 'NONE', *, *, #3587, .F. ) ;
#1097 = CARTESIAN_POINT ( 'NONE',  ( -27.00000000000000000, 5.400000000000000355, -1.700000000000000178 ) ) ;
#1098 = ORIENTED_EDGE ( 'NONE', *, *, #1500, .T. ) ;
#1099 = DIRECTION ( 'NONE',  ( 0.4999999999999919509, 0.8660254037844432595, 0.000000000000000000 ) ) ;
#1100 = DIRECTION ( 'NONE',  ( -0.000000000000000000, -1.000000000000000000, -0.000000000000000000 ) ) ;
#1101 = LINE ( 'NONE', #3034, #4874 ) ;
#1102 = DIRECTION ( 'NONE',  ( 0.000000000000000000, 0.000000000000000000, 1.000000000000000000 ) ) ;
#1103 = CARTESIAN_POINT ( 'NONE',  ( -54.63982570682006212, 24.79999999999995097, -25.60000000000010090 ) ) ;
#1104 = EDGE_LOOP ( 'NONE', ( #2006, #4896 ) ) ;
#1105 = EDGE_CURVE ( 'NONE', #1014, #3188, #4481, .T. ) ;
#1106 = VERTEX_POINT ( 'NONE', #3307 ) ;
#1107 = EDGE_CURVE ( 'NONE', #3264, #1384, #4484, .T. ) ;
#1108 = EDGE_CURVE ( 'NONE', #3262, #2943, #4902, .T. ) ;
#1109 = ORIENTED_EDGE ( 'NONE', *, *, #4427, .T. ) ;
#1110 = ADVANCED_FACE ( 'NONE', ( #1534 ), #2743, .F. ) ;
#1111 = EDGE_LOOP ( 'NONE', ( #200, #2048, #2155, #1253 ) ) ;
#1112 = CARTESIAN_POINT ( 'NONE',  ( -57.89999999999999858, 16.30000000000001847, -22.00000000000007461 ) ) ;
#1113 = EDGE_LOOP ( 'NONE', ( #2757, #434, #2709, #1164, #4160, #160 ) ) ;
#1114 = VECTOR ( 'NONE', #4621, 1000.000000000000000 ) ;
#1115 = COORDINATED_UNIVERSAL_TIME_OFFSET ( 8, 0, .AHEAD. ) ;
#1116 = FACE_OUTER_BOUND ( 'NONE', #3071, .T. ) ;
#1117 = LINE ( 'NONE', #2218, #1953 ) ;
#1118 = VECTOR ( 'NONE', #2608, 1000.000000000000000 ) ;
#1119 = CARTESIAN_POINT ( 'NONE',  ( 24.20000000000000284, 5.400000000000000355, -1.616580753730955555 ) ) ;
#1120 = ORIENTED_EDGE ( 'NONE', *, *, #3456, .F. ) ;
#1121 = CARTESIAN_POINT ( 'NONE',  ( 0.000000000000000000, 0.000000000000000000, 0.000000000000000000 ) ) ;
#1122 = ORIENTED_EDGE ( 'NONE', *, *, #1331, .T. ) ;
#1123 = VECTOR ( 'NONE', #4615, 1000.000000000000000 ) ;
#1124 = DIRECTION ( 'NONE',  ( -0.000000000000000000, 3.552713678800500929E-15, 1.000000000000000000 ) ) ;
#1125 = VECTOR ( 'NONE', #1930, 1000.000000000000000 ) ;
#1126 = CARTESIAN_POINT ( 'NONE',  ( -15.50000000000000355, 0.000000000000000000, -18.86000000000000298 ) ) ;
#1127 = LINE ( 'NONE', #347, #3636 ) ;
#1128 = AXIS2_PLACEMENT_3D ( 'NONE', #2189, #1441, #3344 ) ;
#1129 = AXIS2_PLACEMENT_3D ( 'NONE', #1160, #2066, #3187 ) ;
#1130 = DIRECTION ( 'NONE',  ( -7.617846651086544702E-17, 3.552713678800500929E-15, 1.000000000000000000 ) ) ;
#1131 = EDGE_CURVE ( 'NONE', #892, #5028, #2822, .T. ) ;
#1132 = VERTEX_POINT ( 'NONE', #2891 ) ;
#1133 = AXIS2_PLACEMENT_3D ( 'NONE', #4907, #2896, #2158 ) ;
#1134 = ADVANCED_FACE ( 'NONE', ( #3569, #780 ), #4327, .T. ) ;
#1135 = CARTESIAN_POINT ( 'NONE',  ( 15.50000000000000000, 8.000000000000000000, 15.49999999999999822 ) ) ;
#1136 = EDGE_LOOP ( 'NONE', ( #1192, #4717, #1098, #4475 ) ) ;
#1137 = AXIS2_PLACEMENT_3D ( 'NONE', #1866, #745, #4678 ) ;
#1138 = VECTOR ( 'NONE', #3285, 1000.000000000000227 ) ;
#1139 = ORIENTED_EDGE ( 'NONE', *, *, #1372, .T. ) ;
#1140 = DIRECTION ( 'NONE',  ( -0.4999999999999985567, -0.8660254037844394848, 3.219245568722475271E-15 ) ) ;
#1141 = CIRCLE ( 'NONE', #3136, 3.360000000000002096 ) ;
#1142 = ORIENTED_EDGE ( 'NONE', *, *, #3434, .F. ) ;
#1143 = AXIS2_PLACEMENT_3D ( 'NONE', #2973, #4909, #3387 ) ;
#1145 = ORIENTED_EDGE ( 'NONE', *, *, #3449, .T. ) ;
#1144 = VECTOR ( 'NONE', #1200, 1000.000000000000000 ) ;
#1146 = LINE ( 'NONE', #811, #3542 ) ;
#1147 = VERTEX_POINT ( 'NONE', #26 ) ;
#1148 = EDGE_CURVE ( 'NONE', #3310, #4003, #3733, .T. ) ;
#1149 = DATE_TIME_ROLE ( 'classification_date' ) ;
#1150 = AXIS2_PLACEMENT_3D ( 'NONE', #539, #2442, #436 ) ;
#1152 = CARTESIAN_POINT ( 'NONE',  ( -40.78341924626905524, 11.20000000000000284, -25.60000000000005471 ) ) ;
#1151 = CIRCLE ( 'NONE', #4905, 1.699999999999996625 ) ;
#1153 = DIRECTION ( 'NONE',  ( 1.102003339948839560E-16, 3.493786075749806212E-15, 1.000000000000000000 ) ) ;
#1154 = DIRECTION ( 'NONE',  ( 0.000000000000000000, 1.000000000000000000, -3.552713678800500929E-15 ) ) ;
#1155 = DIRECTION ( 'NONE',  ( 1.000000000000000000, 0.000000000000000000, -1.254552017826427048E-14 ) ) ;
#1156 = ORIENTED_EDGE ( 'NONE', *, *, #3410, .F. ) ;
#1157 = CARTESIAN_POINT ( 'NONE',  ( -53.02324495308916141, 38.00000000000001421, -22.00000000000014921 ) ) ;
#1158 = VERTEX_POINT ( 'NONE', #1618 ) ;
#1159 = LINE ( 'NONE', #368, #5037 ) ;
#1160 = CARTESIAN_POINT ( 'NONE',  ( 16.29999999999994031, 60.00000000000002842, -24.99926665591083363 ) ) ;
#1161 = ORIENTED_EDGE ( 'NONE', *, *, #2288, .F. ) ;
#1162 = DIRECTION ( 'NONE',  ( 0.5000000000000087708, 0.000000000000000000, 0.8660254037844336006 ) ) ;
#1163 = CARTESIAN_POINT ( 'NONE',  ( -13.49999999999978328, 5.400000000000000355, 25.08268590217996774 ) ) ;
#1164 = ORIENTED_EDGE ( 'NONE', *, *, #1616, .T. ) ;
#1165 = DIRECTION ( 'NONE',  ( 0.000000000000000000, -3.552713678800500929E-15, -1.000000000000000000 ) ) ;
#1166 = ORIENTED_EDGE ( 'NONE', *, *, #1255, .T. ) ;
#1167 = ORIENTED_EDGE ( 'NONE', *, *, #2331, .T. ) ;
#1168 = DIRECTION ( 'NONE',  ( 0.000000000000000000, 1.000000000000000000, -0.000000000000000000 ) ) ;
#1169 = EDGE_CURVE ( 'NONE', #1633, #2821, #1484, .T. ) ;
#1170 = ADVANCED_FACE ( 'NONE', ( #2367 ), #3959, .F. ) ;
#1171 = VERTEX_POINT ( 'NONE', #1373 ) ;
#1172 = ORIENTED_EDGE ( 'NONE', *, *, #2148, .F. ) ;
#1173 = LINE ( 'NONE', #1588, #2636 ) ;
#1174 = VERTEX_POINT ( 'NONE', #3037 ) ;
#1175 = CALENDAR_DATE ( 2026, 26, 2 ) ;
#1176 = DIRECTION ( 'NONE',  ( -0.000000000000000000, -1.000000000000000000, 0.000000000000000000 ) ) ;
#1177 = CARTESIAN_POINT ( 'NONE',  ( -16.30000000000010374, 45.27895839063656780, -21.99999999999974065 ) ) ;
#1178 = CARTESIAN_POINT ( 'NONE',  ( 15.50000000000000000, 1.560000000000005826, 15.49999999999999822 ) ) ;
#1179 = ORIENTED_EDGE ( 'NONE', *, *, #2275, .F. ) ;
#1180 = DIRECTION ( 'NONE',  ( -0.000000000000000000, -1.000000000000000000, -0.000000000000000000 ) ) ;
#1181 = CARTESIAN_POINT ( 'NONE',  ( 29.80000000000000071, 8.000000000000000000, 1.616580753730949116 ) ) ;
#1182 = FACE_OUTER_BOUND ( 'NONE', #1857, .T. ) ;
#1183 = ORIENTED_EDGE ( 'NONE', *, *, #2814, .T. ) ;
#1184 = DIRECTION ( 'NONE',  ( 1.254552017826427048E-14, 0.000000000000000000, 1.000000000000000000 ) ) ;
#1185 = ADVANCED_FACE ( 'NONE', ( #1034 ), #2620, .F. ) ;
#1186 = ADVANCED_FACE ( 'NONE', ( #645 ), #2961, .F. ) ;
#1187 = CARTESIAN_POINT ( 'NONE',  ( -29.80000000000000071, 60.00000000000002842, 1.616580753730952003 ) ) ;
#1188 = DIRECTION ( 'NONE',  ( 1.000000000000000000, 0.000000000000000000, 0.000000000000000000 ) ) ;
#1189 = ORIENTED_EDGE ( 'NONE', *, *, #5038, .F. ) ;
#1190 = LINE ( 'NONE', #408, #2215 ) ;
#1191 = EDGE_LOOP ( 'NONE', ( #3422, #433, #2812, #708, #1078, #2003 ) ) ;
#1192 = ORIENTED_EDGE ( 'NONE', *, *, #2303, .F. ) ;
#1193 = DIRECTION ( 'NONE',  ( -0.5000000000000095479, 0.8660254037844331565, 0.000000000000000000 ) ) ;
#1194 = VERTEX_POINT ( 'NONE', #4976 ) ;
#1195 = EDGE_LOOP ( 'NONE', ( #3853, #3441, #3962, #1324, #2010, #836, #4077, #1161 ) ) ;
#1196 = DIRECTION ( 'NONE',  ( -0.5000000000000095479, 0.8660254037844331565, -2.790012826226010182E-15 ) ) ;
#1197 = ORIENTED_EDGE ( 'NONE', *, *, #2354, .F. ) ;
#1198 = DIRECTION ( 'NONE',  ( 0.4999999999999979461, 0.8660254037844397068, 0.000000000000000000 ) ) ;
#1199 = ADVANCED_FACE ( 'NONE', ( #4140 ), #4213, .F. ) ;
#1200 = DIRECTION ( 'NONE',  ( 5.495603971894524875E-15, 0.000000000000000000, 1.000000000000000000 ) ) ;
#1201 = DIRECTION ( 'NONE',  ( 0.000000000000000000, -3.552713678800500929E-15, -1.000000000000000000 ) ) ;
#1202 = CARTESIAN_POINT ( 'NONE',  ( -26.99999999999999645, 5.400000000000000355, 3.233161507461903117 ) ) ;
#1203 = DIRECTION ( 'NONE',  ( 0.000000000000000000, -1.000000000000000000, 0.000000000000000000 ) ) ;
#1204 = FACE_OUTER_BOUND ( 'NONE', #755, .T. ) ;
#1205 = VECTOR ( 'NONE', #3186, 1000.000000000000000 ) ;
#1206 = PLANE ( 'NONE',  #4045 ) ;
#1207 = ORIENTED_EDGE ( 'NONE', *, *, #3174, .T. ) ;
#1208 = DIRECTION ( 'NONE',  ( 0.8660254037844328234, 0.5000000000000101030, -1.817990202823767988E-15 ) ) ;
#1209 = DIRECTION ( 'NONE',  ( 0.000000000000000000, -1.000000000000000000, 0.000000000000000000 ) ) ;
#1210 = PRODUCT_DEFINITION_FORMATION_WITH_SPECIFIED_SOURCE ( 'ANY', '', #2520, .NOT_KNOWN. ) ;
#1211 = CARTESIAN_POINT ( 'NONE',  ( -23.76322043552682928, 0.000000000000000000, 18.31145418945635939 ) ) ;
#1212 = ORIENTED_EDGE ( 'NONE', *, *, #1216, .T. ) ;
#1213 = VECTOR ( 'NONE', #2509, 1000.000000000000114 ) ;
#1214 = EDGE_CURVE ( 'NONE', #2357, #2491, #3825, .T. ) ;
#1215 = EDGE_CURVE ( 'NONE', #1848, #1485, #2231, .T. ) ;
#1216 = EDGE_CURVE ( 'NONE', #3179, #4748, #1768, .T. ) ;
#1217 = LINE ( 'NONE', #3663, #5055 ) ;
#1218 = ORIENTED_EDGE ( 'NONE', *, *, #4590, .F. ) ;
#1219 = AXIS2_PLACEMENT_3D ( 'NONE', #4336, #64, #3602 ) ;
#1220 = ORIENTED_EDGE ( 'NONE', *, *, #4590, .T. ) ;
#1221 = CARTESIAN_POINT ( 'NONE',  ( 16.29999999999994031, 5.400000000000000355, -24.99926665591083363 ) ) ;
#1222 = EDGE_LOOP ( 'NONE', ( #1271, #1946, #4498, #270 ) ) ;
#1223 = CIRCLE ( 'NONE', #4138, 1.700000000000000178 ) ;
#1224 = AXIS2_PLACEMENT_3D ( 'NONE', #3079, #3126, #4669 ) ;
#1225 = ORIENTED_EDGE ( 'NONE', *, *, #321, .F. ) ;
#1227 = FACE_OUTER_BOUND ( 'NONE', #1997, .T. ) ;
#1226 = VECTOR ( 'NONE', #5119, 1000.000000000000000 ) ;
#1228 = ORIENTED_EDGE ( 'NONE', *, *, #827, .T. ) ;
#1229 = PERSON_AND_ORGANIZATION ( #904, #126 ) ;
#1230 = EDGE_CURVE ( 'NONE', #3978, #4651, #2123, .T. ) ;
#1231 = AXIS2_PLACEMENT_3D ( 'NONE', #775, #1168, #21 ) ;
#1232 = DIRECTION ( 'NONE',  ( 0.000000000000000000, 1.000000000000000000, -4.081702296416015997E-15 ) ) ;
#1233 = DIRECTION ( 'NONE',  ( -0.000000000000000000, -1.000000000000000000, -0.000000000000000000 ) ) ;
#1234 = ORIENTED_EDGE ( 'NONE', *, *, #3867, .T. ) ;
#1235 = LINE ( 'NONE', #504, #2290 ) ;
#1236 = VECTOR ( 'NONE', #1294, 1000.000000000000000 ) ;
#1237 = CONICAL_SURFACE ( 'NONE', #4822, 3.359999999999998543, 0.7853981633974482790 ) ;
#1238 = EDGE_CURVE ( 'NONE', #4504, #3998, #2197, .T. ) ;
#1239 = CARTESIAN_POINT ( 'NONE',  ( -31.77675504691096364, 38.00000000000017053, -22.00000000000014921 ) ) ;
#1240 = CARTESIAN_POINT ( 'NONE',  ( -25.31043203198716185, 38.00000000000024158, -25.60000000000014708 ) ) ;
#1241 = EDGE_LOOP ( 'NONE', ( #4680, #1696 ) ) ;
#1242 = CARTESIAN_POINT ( 'NONE',  ( -30.16017429317998477, 35.20000000000017337, -25.60000000000013642 ) ) ;
#1243 = EDGE_CURVE ( 'NONE', #1972, #4003, #3719, .T. ) ;
#1244 = FACE_OUTER_BOUND ( 'NONE', #3856, .T. ) ;
#1245 = DIRECTION ( 'NONE',  ( -0.000000000000000000, 3.552713678800500929E-15, 1.000000000000000000 ) ) ;
#1246 = ORIENTED_EDGE ( 'NONE', *, *, #3920, .F. ) ;
#1247 = DIRECTION ( 'NONE',  ( -8.659560562354932858E-17, 0.7071067811865450192, -0.7071067811865501263 ) ) ;
#1248 = ORIENTED_EDGE ( 'NONE', *, *, #3986, .F. ) ;
#1249 = ADVANCED_FACE ( 'NONE', ( #3427 ), #1448, .T. ) ;
#1250 = ORIENTED_EDGE ( 'NONE', *, *, #403, .F. ) ;
#1251 = LINE ( 'NONE', #4030, #2142 ) ;
#1252 = ORIENTED_EDGE ( 'NONE', *, *, #3760, .T. ) ;
#1253 = ORIENTED_EDGE ( 'NONE', *, *, #1131, .F. ) ;
#1254 = LINE ( 'NONE', #1563, #1967 ) ;
#1255 = EDGE_CURVE ( 'NONE', #2881, #3294, #1151, .T. ) ;
#1256 = LINE ( 'NONE', #2845, #2818 ) ;
#1257 = DIRECTION ( 'NONE',  ( 1.000000000000000000, 0.000000000000000000, 6.671245638583922968E-16 ) ) ;
#1258 = VERTEX_POINT ( 'NONE', #4109 ) ;
#1259 = CARTESIAN_POINT ( 'NONE',  ( -29.80000000000000071, 5.400000000000000355, -1.616580753730949116 ) ) ;
#1260 = CARTESIAN_POINT ( 'NONE',  ( -42.40000000000000568, 44.30000000000002558, -25.60000000000016840 ) ) ;
#1261 = CARTESIAN_POINT ( 'NONE',  ( 26.99999999999999645, 60.00000000000002842, -3.233161507461903117 ) ) ;
#1262 = ORIENTED_EDGE ( 'NONE', *, *, #33, .T. ) ;
#1263 = DIRECTION ( 'NONE',  ( 0.000000000000000000, 0.000000000000000000, 1.000000000000000000 ) ) ;
#1264 = CARTESIAN_POINT ( 'NONE',  ( -28.54359353944891353, 23.70000000000015206, -25.60000000000009734 ) ) ;
#1265 = LINE ( 'NONE', #3606, #3562 ) ;
#1266 = ORIENTED_EDGE ( 'NONE', *, *, #3774, .T. ) ;
#1267 = CARTESIAN_POINT ( 'NONE',  ( -56.25640646055104099, 37.99999999999997868, -30.00000000000039790 ) ) ;
#1268 = EDGE_LOOP ( 'NONE', ( #1354, #342, #3690, #5030 ) ) ;
#1269 = EDGE_LOOP ( 'NONE', ( #1630, #2659, #3237, #4877 ) ) ;
#1270 = CARTESIAN_POINT ( 'NONE',  ( -56.25640646055104099, 36.29999999999997584, -30.00000000000039080 ) ) ;
#1271 = ORIENTED_EDGE ( 'NONE', *, *, #2811, .F. ) ;
#1272 = ADVANCED_FACE ( 'NONE', ( #2938 ), #1824, .F. ) ;
#1273 = EDGE_LOOP ( 'NONE', ( #90, #2571, #2664, #2660 ) ) ;
#1274 = DIRECTION ( 'NONE',  ( -0.000000000000000000, -1.000000000000000000, 0.000000000000000000 ) ) ;
#1275 = ADVANCED_FACE ( 'NONE', ( #3331 ), #195, .T. ) ;
#1276 = EDGE_CURVE ( 'NONE', #2018, #3110, #4380, .T. ) ;
#1277 = ORIENTED_EDGE ( 'NONE', *, *, #308, .T. ) ;
#1278 = LINE ( 'NONE', #58, #4394 ) ;
#1279 = CARTESIAN_POINT ( 'NONE',  ( -24.19999999999999929, 8.000000000000000000, -1.616580753730953779 ) ) ;
#1280 = DIRECTION ( 'NONE',  ( 0.8660254037844445918, 0.000000000000000000, 0.4999999999999895084 ) ) ;
#1281 = DIRECTION ( 'NONE',  ( 0.000000000000000000, -3.552713678800500929E-15, -1.000000000000000000 ) ) ;
#1282 = DIRECTION ( 'NONE',  ( 0.000000000000000000, 1.000000000000000000, -3.854941057726261566E-15 ) ) ;
#1283 = VERTEX_POINT ( 'NONE', #2989 ) ;
#1284 = PLANE ( 'NONE',  #127 ) ;
#1285 = LINE ( 'NONE', #4359, #4726 ) ;
#1286 = DIRECTION ( 'NONE',  ( -0.000000000000000000, -1.000000000000000000, -0.000000000000000000 ) ) ;
#1287 = ORIENTED_EDGE ( 'NONE', *, *, #2810, .F. ) ;
#1288 = VECTOR ( 'NONE', #1834, 1000.000000000000000 ) ;
#1289 = CARTESIAN_POINT ( 'NONE',  ( 26.99999999999999645, 5.400000000000000355, -3.233161507461903117 ) ) ;
#1290 = ORIENTED_EDGE ( 'NONE', *, *, #3078, .T. ) ;
#1291 = CIRCLE ( 'NONE', #1378, 12.00000000000000000 ) ;
#1292 = EDGE_CURVE ( 'NONE', #5120, #3942, #304, .T. ) ;
#1293 = ORIENTED_EDGE ( 'NONE', *, *, #28, .T. ) ;
#1294 = DIRECTION ( 'NONE',  ( 0.000000000000000000, -1.000000000000000000, 0.000000000000000000 ) ) ;
#1295 = EDGE_CURVE ( 'NONE', #1848, #4651, #5003, .T. ) ;
#1296 = CIRCLE ( 'NONE', #4210, 1.699999999999996625 ) ;
#1297 = DIRECTION ( 'NONE',  ( 0.000000000000000000, 0.000000000000000000, -1.000000000000000000 ) ) ;
#1298 = ORIENTED_EDGE ( 'NONE', *, *, #730, .F. ) ;
#1299 = CIRCLE ( 'NONE', #4626, 29.99999999999998934 ) ;
#1300 = ORIENTED_EDGE ( 'NONE', *, *, #921, .T. ) ;
#1301 = CARTESIAN_POINT ( 'NONE',  ( -28.54359353944891353, 22.00000000000015277, -25.60000000000009024 ) ) ;
#1302 = AXIS2_PLACEMENT_3D ( 'NONE', #3068, #2309, #1868 ) ;
#1303 = CONICAL_SURFACE ( 'NONE', #1551, 3.360000000000003428, 0.7853981633974492782 ) ;
#1304 = AXIS2_PLACEMENT_3D ( 'NONE', #531, #3394, #4993 ) ;
#1305 = AXIS2_PLACEMENT_3D ( 'NONE', #1027, #606, #930 ) ;
#1306 = EDGE_LOOP ( 'NONE', ( #4407, #378 ) ) ;
#1307 = DIRECTION ( 'NONE',  ( 0.8660254037844443697, 0.000000000000000000, 0.4999999999999900635 ) ) ;
#1308 = CARTESIAN_POINT ( 'NONE',  ( 29.80000000000000071, 5.400000000000000355, 1.616580753730949116 ) ) ;
#1309 = VECTOR ( 'NONE', #394, 1000.000000000000000 ) ;
#1310 = DIRECTION ( 'NONE',  ( -0.000000000000000000, -1.000000000000000000, 0.000000000000000000 ) ) ;
#1311 = FACE_OUTER_BOUND ( 'NONE', #753, .T. ) ;
#1312 = AXIS2_PLACEMENT_3D ( 'NONE', #4352, #2846, #2371 ) ;
#1313 = CYLINDRICAL_SURFACE ( 'NONE', #1482, 1.700000000000000178 ) ;
#1314 = CARTESIAN_POINT ( 'NONE',  ( -39.16683849253811189, 46.00000000000007105, -22.00000000000017408 ) ) ;
#1316 = CARTESIAN_POINT ( 'NONE',  ( -57.87298721428201276, 35.20000000000000995, -22.00000000000013856 ) ) ;
#1315 = AXIS2_PLACEMENT_3D ( 'NONE', #3066, #3921, #2778 ) ;
#1317 = AXIS2_PLACEMENT_3D ( 'NONE', #928, #2508, #1755 ) ;
#1318 = DIRECTION ( 'NONE',  ( -0.000000000000000000, -1.000000000000000000, -0.000000000000000000 ) ) ;
#1319 = ORIENTED_EDGE ( 'NONE', *, *, #71, .T. ) ;
#1320 = DIRECTION ( 'NONE',  ( -0.8660254037844336006, 0.000000000000000000, 0.5000000000000087708 ) ) ;
#1321 = CIRCLE ( 'NONE', #2655, 1.699999999999996625 ) ;
#1322 = DIRECTION ( 'NONE',  ( -7.617846651086544702E-17, 3.552713678800500929E-15, 1.000000000000000000 ) ) ;
#1323 = VERTEX_POINT ( 'NONE', #669 ) ;
#1324 = ORIENTED_EDGE ( 'NONE', *, *, #1565, .T. ) ;
#1325 = DIRECTION ( 'NONE',  ( 0.000000000000000000, 1.000000000000000000, -0.000000000000000000 ) ) ;
#1326 = CARTESIAN_POINT ( 'NONE',  ( -15.50000000000000355, 1.560000000000005826, -15.50000000000000178 ) ) ;
#1327 = ORIENTED_EDGE ( 'NONE', *, *, #2705, .T. ) ;
#1328 = ORIENTED_EDGE ( 'NONE', *, *, #3094, .F. ) ;
#1329 = EDGE_CURVE ( 'NONE', #4836, #3863, #2356, .T. ) ;
#1330 = PLANE ( 'NONE',  #4467 ) ;
#1331 = EDGE_CURVE ( 'NONE', #254, #3197, #4053, .T. ) ;
#1332 = ORIENTED_EDGE ( 'NONE', *, *, #2536, .F. ) ;
#1333 = CARTESIAN_POINT ( 'NONE',  ( -57.87298721428198434, 24.79999999999993676, -25.60000000000010090 ) ) ;
#1334 = DIRECTION ( 'NONE',  ( -1.000000000000000000, 0.000000000000000000, 9.103828801926283631E-15 ) ) ;
#1335 = PLANE ( 'NONE',  #369 ) ;
#1336 = FACE_BOUND ( 'NONE', #278, .T. ) ;
#1337 = CARTESIAN_POINT ( 'NONE',  ( -56.25640646055099126, 21.99999999999995737, -25.60000000000009024 ) ) ;
#1338 = DIRECTION ( 'NONE',  ( 0.000000000000000000, 0.000000000000000000, -1.000000000000000000 ) ) ;
#1339 = CARTESIAN_POINT ( 'NONE',  ( -26.92701278571807322, 35.20000000000023022, -25.60000000000013642 ) ) ;
#1340 = CARTESIAN_POINT ( 'NONE',  ( -16.29999999999979821, 60.00000000000002842, 21.76610514844904287 ) ) ;
#1341 = APPLICATION_CONTEXT ( 'configuration controlled 3d designs of mechanical parts and assemblies' ) ;
#1342 = ORIENTED_EDGE ( 'NONE', *, *, #3780, .T. ) ;
#1343 = ADVANCED_FACE ( 'NONE', ( #3922 ), #1918, .F. ) ;
#1344 = CARTESIAN_POINT ( 'NONE',  ( -57.90000000000000568, 43.70000000000001705, -28.44000000000016826 ) ) ;
#1345 = FACE_OUTER_BOUND ( 'NONE', #2182, .T. ) ;
#1346 = EDGE_CURVE ( 'NONE', #5128, #4562, #4681, .T. ) ;
#1347 = EDGE_CURVE ( 'NONE', #779, #1421, #1468, .T. ) ;
#1348 = ORIENTED_EDGE ( 'NONE', *, *, #3499, .T. ) ;
#1349 = DIRECTION ( 'NONE',  ( -0.000000000000000000, -3.221629312528199387E-15, -1.000000000000000000 ) ) ;
#1350 = DIRECTION ( 'NONE',  ( -0.000000000000000000, -1.000000000000000000, -0.000000000000000000 ) ) ;
#1351 = ORIENTED_EDGE ( 'NONE', *, *, #2171, .T. ) ;
#1352 = EDGE_LOOP ( 'NONE', ( #2105, #1505, #358, #353 ) ) ;
#1353 = DIRECTION ( 'NONE',  ( -0.4999999999999979461, -0.8660254037844397068, 3.004629197474254559E-15 ) ) ;
#1354 = ORIENTED_EDGE ( 'NONE', *, *, #3951, .F. ) ;
#1355 = FACE_OUTER_BOUND ( 'NONE', #912, .T. ) ;
#1356 = DIRECTION ( 'NONE',  ( 0.000000000000000000, -0.7071067811865471286, 0.7071067811865479058 ) ) ;
#1357 = EDGE_CURVE ( 'NONE', #932, #953, #4741, .T. ) ;
#1358 = CARTESIAN_POINT ( 'NONE',  ( 24.20000000000000284, 60.00000000000002842, -1.616580753730955555 ) ) ;
#1359 = EDGE_CURVE ( 'NONE', #3581, #1485, #1522, .T. ) ;
#1360 = CARTESIAN_POINT ( 'NONE',  ( -15.50000000000000000, 8.000000000000000000, 13.70000000000000817 ) ) ;
#1361 = CARTESIAN_POINT ( 'NONE',  ( -18.63677956447317996, 48.31145418945639847, -22.00000000000018474 ) ) ;
#1362 = DIRECTION ( 'NONE',  ( 0.000000000000000000, 1.000000000000000000, -3.854941057726261566E-15 ) ) ;
#1363 = DIRECTION ( 'NONE',  ( -0.4999999999999985567, -0.8660254037844394848, 2.790012826226032270E-15 ) ) ;
#1364 = DIRECTION ( 'NONE',  ( -1.102003339948843381E-16, 3.445107828157265971E-15, 1.000000000000000000 ) ) ;
#1365 = VERTEX_POINT ( 'NONE', #4342 ) ;
#1366 = DIRECTION ( 'NONE',  ( -0.8660254037844390407, 0.000000000000000000, -0.4999999999999992228 ) ) ;
#1367 = DIRECTION ( 'NONE',  ( -0.8660254037844443697, 0.000000000000000000, -0.4999999999999900080 ) ) ;
#1368 = EDGE_CURVE ( 'NONE', #2423, #940, #2332, .T. ) ;
#1369 = VERTEX_POINT ( 'NONE', #351 ) ;
#1370 = PLANE ( 'NONE',  #152 ) ;
#1371 = EDGE_CURVE ( 'NONE', #4534, #2899, #1896, .T. ) ;
#1372 = EDGE_CURVE ( 'NONE', #1578, #3299, #331, .T. ) ;
#1373 = CARTESIAN_POINT ( 'NONE',  ( -53.02324495308916141, 38.00000000000001421, -22.00000000000014921 ) ) ;
#1374 = VERTEX_POINT ( 'NONE', #4262 ) ;
#1375 = CIRCLE ( 'NONE', #2195, 1.799999999999989164 ) ;
#1376 = ORIENTED_EDGE ( 'NONE', *, *, #3617, .F. ) ;
#1377 = DIRECTION ( 'NONE',  ( 0.000000000000000000, 1.000000000000000000, 0.000000000000000000 ) ) ;
#1378 = AXIS2_PLACEMENT_3D ( 'NONE', #3339, #4462, #4959 ) ;
#1379 = CIRCLE ( 'NONE', #4543, 1.799999999999989164 ) ;
#1380 = ORIENTED_EDGE ( 'NONE', *, *, #3891, .F. ) ;
#1381 = EDGE_CURVE ( 'NONE', #1578, #633, #5084, .T. ) ;
#1382 = AXIS2_PLACEMENT_3D ( 'NONE', #107, #4354, #3265 ) ;
#1383 = VECTOR ( 'NONE', #3822, 1000.000000000000114 ) ;
#1384 = VERTEX_POINT ( 'NONE', #4708 ) ;
#1385 = FACE_OUTER_BOUND ( 'NONE', #3406, .T. ) ;
#1386 = FACE_OUTER_BOUND ( 'NONE', #4529, .T. ) ;
#1387 = DIRECTION ( 'NONE',  ( 0.4999999999999985567, 0.8660254037844394848, -3.219245568722475271E-15 ) ) ;
#1388 = EDGE_CURVE ( 'NONE', #477, #2765, #3945, .T. ) ;
#1389 = DIRECTION ( 'NONE',  ( 0.000000000000000000, -1.000000000000000000, 3.854941057726261566E-15 ) ) ;
#1390 = AXIS2_PLACEMENT_3D ( 'NONE', #4945, #2935, #1367 ) ;
#1391 = CARTESIAN_POINT ( 'NONE',  ( -13.57820639017470121, 8.000000000000000000, 26.75130485090060617 ) ) ;
#1392 = CYLINDRICAL_SURFACE ( 'NONE', #386, 1.700000000000000178 ) ;
#1393 = CIRCLE ( 'NONE', #2053, 1.700000000000000178 ) ;
#1394 = CARTESIAN_POINT ( 'NONE',  ( -56.25640646055104099, 39.69999999999999574, -25.60000000000015419 ) ) ;
#1395 = CARTESIAN_POINT ( 'NONE',  ( -10.69999999999979678, 60.00000000000002842, 21.76610514844899313 ) ) ;
#1396 = ADVANCED_FACE ( 'NONE', ( #1502 ), #719, .F. ) ;
#1397 = ORIENTED_EDGE ( 'NONE', *, *, #3281, .T. ) ;
#1398 = VECTOR ( 'NONE', #1363, 1000.000000000000114 ) ;
#1399 = DIRECTION ( 'NONE',  ( -0.000000000000000000, -3.345538132240845257E-15, -1.000000000000000000 ) ) ;
#1400 = EDGE_CURVE ( 'NONE', #1369, #807, #2733, .T. ) ;
#1401 = CARTESIAN_POINT ( 'NONE',  ( -10.69999999999979678, 8.000000000000000000, 21.76610514844899313 ) ) ;
#1402 = FACE_OUTER_BOUND ( 'NONE', #3560, .T. ) ;
#1403 = VECTOR ( 'NONE', #2330, 1000.000000000000000 ) ;
#1404 = CARTESIAN_POINT ( 'NONE',  ( 15.49999999999999645, 0.000000000000000000, -15.50000000000000178 ) ) ;
#1405 = VERTEX_POINT ( 'NONE', #5129 ) ;
#1406 = ADVANCED_FACE ( 'NONE', ( #772, #5053 ), #1968, .T. ) ;
#1407 = ORIENTED_EDGE ( 'NONE', *, *, #3770, .T. ) ;
#1408 = CARTESIAN_POINT ( 'NONE',  ( -89.58076211353306917, 8.280522879539445213, -25.60000000000003340 ) ) ;
#1409 = ORIENTED_EDGE ( 'NONE', *, *, #3112, .T. ) ;
#1410 = VERTEX_POINT ( 'NONE', #3170 ) ;
#1411 = DIRECTION ( 'NONE',  ( -1.332267629550187691E-14, 1.000000000000000000, -3.577052802596770261E-15 ) ) ;
#1412 = CARTESIAN_POINT ( 'NONE',  ( -42.40000000000000568, 14.00000000000001954, -25.60000000000006537 ) ) ;
#1413 = EDGE_LOOP ( 'NONE', ( #2742, #968 ) ) ;
#1414 = ADVANCED_FACE ( 'NONE', ( #2254 ), #1478, .F. ) ;
#1415 = LINE ( 'NONE', #2975, #1624 ) ;
#1416 = DIRECTION ( 'NONE',  ( 1.000000000000000000, 6.272760089132151808E-15, 2.146163712481998068E-16 ) ) ;
#1417 = FACE_OUTER_BOUND ( 'NONE', #3903, .T. ) ;
#1418 = CARTESIAN_POINT ( 'NONE',  ( 13.50000000000031442, 5.400000000000000355, 26.61584740964158868 ) ) ;
#1419 = DIRECTION ( 'NONE',  ( 0.000000000000000000, 0.000000000000000000, -1.000000000000000000 ) ) ;
#1420 = CARTESIAN_POINT ( 'NONE',  ( -40.78341924626906234, 43.20000000000005969, -22.00000000000016698 ) ) ;
#1421 = VERTEX_POINT ( 'NONE', #2438 ) ;
#1422 = CARTESIAN_POINT ( 'NONE',  ( -13.49999999999978328, 5.400000000000000355, 21.68268590217996561 ) ) ;
#1423 = FACE_OUTER_BOUND ( 'NONE', #35, .T. ) ;
#1424 = CARTESIAN_POINT ( 'NONE',  ( -57.90000000000000568, 47.30000000000002558, -22.00000000000018119 ) ) ;
#1425 = FACE_BOUND ( 'NONE', #3852, .T. ) ;
#1426 = CARTESIAN_POINT ( 'NONE',  ( 16.37820639017451541, 8.000000000000000000, 25.13472409716975875 ) ) ;
#1427 = EDGE_LOOP ( 'NONE', ( #4832, #2233, #3200, #5076 ) ) ;
#1428 = EDGE_LOOP ( 'NONE', ( #19, #2151, #5108, #3588, #2398, #3147 ) ) ;
#1429 = VERTEX_POINT ( 'NONE', #4056 ) ;
#1430 = ORIENTED_EDGE ( 'NONE', *, *, #860, .T. ) ;
#1431 = CARTESIAN_POINT ( 'NONE',  ( -40.78341924626904813, 16.80000000000001492, -22.00000000000007461 ) ) ;
#1432 = DIRECTION ( 'NONE',  ( 0.000000000000000000, 1.000000000000000000, -4.081702296416015997E-15 ) ) ;
#1433 = ADVANCED_FACE ( 'NONE', ( #432 ), #3582, .T. ) ;
#1434 = VERTEX_POINT ( 'NONE', #797 ) ;
#1435 = DIRECTION ( 'NONE',  ( 0.000000000000000000, -1.000000000000000000, 3.854941057726261566E-15 ) ) ;
#1436 = EDGE_CURVE ( 'NONE', #3428, #4404, #95, .T. ) ;
#1437 = FACE_OUTER_BOUND ( 'NONE', #698, .T. ) ;
#1438 = CARTESIAN_POINT ( 'NONE',  ( -16.29999999999979821, 5.400000000000000355, 21.76610514844904287 ) ) ;
#1439 = LINE ( 'NONE', #4727, #4289 ) ;
#1440 = DIRECTION ( 'NONE',  ( 1.000000000000000000, 8.992806499463750622E-15, -2.146163712482759319E-16 ) ) ;
#1441 = DIRECTION ( 'NONE',  ( 0.000000000000000000, 0.000000000000000000, 1.000000000000000000 ) ) ;
#1442 = ORIENTED_EDGE ( 'NONE', *, *, #5045, .T. ) ;
#1443 = CARTESIAN_POINT ( 'NONE',  ( -40.78341924626905524, 48.80000000000004690, -25.60000000000018616 ) ) ;
#1444 = FACE_BOUND ( 'NONE', #4203, .T. ) ;
#1445 = CYLINDRICAL_SURFACE ( 'NONE', #2623, 1.799999999999990941 ) ;
#1446 = FACE_BOUND ( 'NONE', #384, .T. ) ;
#1447 = EDGE_CURVE ( 'NONE', #2077, #3696, #3045, .T. ) ;
#1448 = CYLINDRICAL_SURFACE ( 'NONE', #5161, 29.99999999999998934 ) ;
#1449 = EDGE_LOOP ( 'NONE', ( #196, #4026, #5167, #4798 ) ) ;
#1450 = ORIENTED_EDGE ( 'NONE', *, *, #3116, .T. ) ;
#1451 = EDGE_CURVE ( 'NONE', #1080, #4504, #2044, .T. ) ;
#1452 = AXIS2_PLACEMENT_3D ( 'NONE', #249, #3058, #2727 ) ;
#1453 = ORIENTED_EDGE ( 'NONE', *, *, #146, .F. ) ;
#1454 = AXIS2_PLACEMENT_3D ( 'NONE', #241, #3023, #4594 ) ;
#1455 = EDGE_CURVE ( 'NONE', #4220, #3177, #492, .T. ) ;
#1456 = EDGE_LOOP ( 'NONE', ( #3829, #2952, #4250, #387 ) ) ;
#1458 = DIRECTION ( 'NONE',  ( 0.000000000000000000, -1.000000000000000000, 0.000000000000000000 ) ) ;
#1457 = CIRCLE ( 'NONE', #3965, 1.700000000000000178 ) ;
#1459 = ORIENTED_EDGE ( 'NONE', *, *, #4298, .T. ) ;
#1460 = VECTOR ( 'NONE', #853, 1000.000000000000000 ) ;
#1461 = LINE ( 'NONE', #1878, #4062 ) ;
#1462 = CARTESIAN_POINT ( 'NONE',  ( -26.89999999999999858, 12.70000000000004725, -22.00000000000005684 ) ) ;
#1463 = CIRCLE ( 'NONE', #3043, 1.700000000000000178 ) ;
#1464 = CARTESIAN_POINT ( 'NONE',  ( -31.77675504691096364, 38.00000000000015632, -25.60000000000014708 ) ) ;
#1465 = ORIENTED_EDGE ( 'NONE', *, *, #515, .T. ) ;
#1466 = DIRECTION ( 'NONE',  ( 0.4999999999999985567, 0.8660254037844394848, -2.790012826226032270E-15 ) ) ;
#1467 = EDGE_LOOP ( 'NONE', ( #3102, #4349, #4347, #521 ) ) ;
#1468 = CIRCLE ( 'NONE', #3538, 1.799999999999989164 ) ;
#1469 = CARTESIAN_POINT ( 'NONE',  ( -10.69999999999976659, 5.400000000000000355, 24.99926665591089048 ) ) ;
#1470 = PLANE ( 'NONE',  #380 ) ;
#1471 = LINE ( 'NONE', #3062, #376 ) ;
#1472 = AXIS2_PLACEMENT_3D ( 'NONE', #2844, #863, #357 ) ;
#1473 = AXIS2_PLACEMENT_3D ( 'NONE', #4311, #273, #2329 ) ;
#1474 = AXIS2_PLACEMENT_3D ( 'NONE', #3468, #3081, #5072 ) ;
#1475 = DIRECTION ( 'NONE',  ( 0.8660254037844383745, 0.000000000000000000, -0.5000000000000003331 ) ) ;
#1476 = AXIS2_PLACEMENT_3D ( 'NONE', #599, #3318, #1777 ) ;
#1477 = VECTOR ( 'NONE', #1608, 1000.000000000000000 ) ;
#1478 = CYLINDRICAL_SURFACE ( 'NONE', #4294, 1.799999999999990941 ) ;
#1479 = VERTEX_POINT ( 'NONE', #4364 ) ;
#1480 = ORIENTED_EDGE ( 'NONE', *, *, #1214, .T. ) ;
#1481 = CIRCLE ( 'NONE', #1822, 1.799999999999990941 ) ;
#1482 = AXIS2_PLACEMENT_3D ( 'NONE', #1337, #4516, #3736 ) ;
#1483 = EDGE_LOOP ( 'NONE', ( #3914, #3567, #2759, #596 ) ) ;
#1484 = CIRCLE ( 'NONE', #3818, 1.799999999999989164 ) ;
#1485 = VERTEX_POINT ( 'NONE', #2387 ) ;
#1486 = CARTESIAN_POINT ( 'NONE',  ( 13.50000000000023981, 8.000000000000000000, 20.14952439471778334 ) ) ;
#1487 = ORIENTED_EDGE ( 'NONE', *, *, #146, .T. ) ;
#1488 = DIRECTION ( 'NONE',  ( 0.5000000000000034417, -0.8660254037844367092, 3.219245568722465410E-15 ) ) ;
#1489 = CARTESIAN_POINT ( 'NONE',  ( -56.25640646055099126, 21.99999999999995737, -25.60000000000009024 ) ) ;
#1490 = PLANE ( 'NONE',  #1224 ) ;
#1491 = CARTESIAN_POINT ( 'NONE',  ( 10.70000000000029239, 60.00000000000002842, 24.99926665591067021 ) ) ;
#1492 = VERTEX_POINT ( 'NONE', #513 ) ;
#1493 = CARTESIAN_POINT ( 'NONE',  ( -45.63316150746191369, 46.00000000000003553, -25.60000000000017550 ) ) ;
#1494 = ORIENTED_EDGE ( 'NONE', *, *, #3085, .T. ) ;
#1495 = CARTESIAN_POINT ( 'NONE',  ( 24.19999999999999929, 5.400000000000000355, 1.616580753730953779 ) ) ;
#1496 = PLANE ( 'NONE',  #4292 ) ;
#1497 = EDGE_CURVE ( 'NONE', #2421, #663, #3640, .T. ) ;
#1498 = LINE ( 'NONE', #3475, #4218 ) ;
#1499 = CARTESIAN_POINT ( 'NONE',  ( -44.01658075373095613, 48.80000000000006111, -22.00000000000018474 ) ) ;
#1500 = EDGE_CURVE ( 'NONE', #4319, #2512, #4844, .T. ) ;
#1501 = EDGE_CURVE ( 'NONE', #2555, #2740, #1190, .T. ) ;
#1502 = FACE_OUTER_BOUND ( 'NONE', #5060, .T. ) ;
#1503 = ORIENTED_EDGE ( 'NONE', *, *, #2088, .F. ) ;
#1504 = ORIENTED_EDGE ( 'NONE', *, *, #2628, .F. ) ;
#1505 = ORIENTED_EDGE ( 'NONE', *, *, #2657, .F. ) ;
#1506 = ORIENTED_EDGE ( 'NONE', *, *, #2965, .F. ) ;
#1507 = LINE ( 'NONE', #2209, #4557 ) ;
#1508 = ORIENTED_EDGE ( 'NONE', *, *, #4639, .F. ) ;
#1509 = CARTESIAN_POINT ( 'NONE',  ( -63.61320343559648194, 8.786796564403655196, -22.00000000000004263 ) ) ;
#1510 = DIRECTION ( 'NONE',  ( 0.8660254037844336006, 0.000000000000000000, -0.5000000000000087708 ) ) ;
#1511 = CARTESIAN_POINT ( 'NONE',  ( -42.40000000000000568, 44.30000000000002558, -25.60000000000016840 ) ) ;
#1512 = EDGE_CURVE ( 'NONE', #2479, #3614, #2094, .T. ) ;
#1513 = DIRECTION ( 'NONE',  ( -0.4999999999999902300, -0.8660254037844442587, -0.000000000000000000 ) ) ;
#1514 = ORIENTED_EDGE ( 'NONE', *, *, #4526, .F. ) ;
#1515 = CARTESIAN_POINT ( 'NONE',  ( -57.90000000000000568, 45.50000000000000711, -30.00000000000017764 ) ) ;
#1516 = CC_DESIGN_PERSON_AND_ORGANIZATION_ASSIGNMENT ( #4724, #2319, ( #2058 ) ) ;
#1517 = ORIENTED_EDGE ( 'NONE', *, *, #4007, .F. ) ;
#1518 = CARTESIAN_POINT ( 'NONE',  ( 16.29999999999994031, 5.400000000000000355, -24.99926665591083363 ) ) ;
#1519 = DIRECTION ( 'NONE',  ( 0.000000000000000000, -3.552713678800500929E-15, -1.000000000000000000 ) ) ;
#1520 = DIRECTION ( 'NONE',  ( -0.000000000000000000, 3.552713678800500929E-15, 1.000000000000000000 ) ) ;
#1521 = DIRECTION ( 'NONE',  ( 0.000000000000000000, -1.000000000000000000, 0.000000000000000000 ) ) ;
#1522 = LINE ( 'NONE', #3871, #2128 ) ;
#1523 = VERTEX_POINT ( 'NONE', #4863 ) ;
#1524 = EDGE_CURVE ( 'NONE', #3614, #3006, #4474, .T. ) ;
#1525 = EDGE_LOOP ( 'NONE', ( #771, #608, #4663, #2052 ) ) ;
#1526 = DIRECTION ( 'NONE',  ( 0.000000000000000000, -3.552713678800500929E-15, -1.000000000000000000 ) ) ;
#1527 = VERTEX_POINT ( 'NONE', #3609 ) ;
#1528 = ORIENTED_EDGE ( 'NONE', *, *, #5089, .T. ) ;
#1529 = CARTESIAN_POINT ( 'NONE',  ( 12.42640687119288856, 8.000000000000000000, -30.00000000000000000 ) ) ;
#1530 = ORIENTED_EDGE ( 'NONE', *, *, #1331, .F. ) ;
#1531 = AXIS2_PLACEMENT_3D ( 'NONE', #601, #2108, #2183 ) ;
#1532 = ADVANCED_FACE ( 'NONE', ( #4422 ), #2859, .T. ) ;
#1533 = APPROVAL_ROLE ( '' ) ;
#1534 = FACE_OUTER_BOUND ( 'NONE', #992, .T. ) ;
#1535 = DIRECTION ( 'NONE',  ( -0.4999999999999956146, -0.000000000000000000, 0.8660254037844412611 ) ) ;
#1536 = AXIS2_PLACEMENT_3D ( 'NONE', #2289, #4272, #702 ) ;
#1537 = LINE ( 'NONE', #1619, #3899 ) ;
#1538 = FACE_OUTER_BOUND ( 'NONE', #4565, .T. ) ;
#1539 = VERTEX_POINT ( 'NONE', #1289 ) ;
#1540 = DIRECTION ( 'NONE',  ( -1.102003339948843381E-16, 3.445107828157265971E-15, 1.000000000000000000 ) ) ;
#1541 = ORIENTED_EDGE ( 'NONE', *, *, #2130, .F. ) ;
#1542 = VECTOR ( 'NONE', #2436, 999.9999999999998863 ) ;
#1543 = DIRECTION ( 'NONE',  ( -0.8660254037844408170, 0.4999999999999961697, -1.710384352180486092E-15 ) ) ;
#1544 = LINE ( 'NONE', #3445, #1383 ) ;
#1545 = LINE ( 'NONE', #4737, #5058 ) ;
#1546 = VECTOR ( 'NONE', #2849, 1000.000000000000227 ) ;
#1547 = EDGE_CURVE ( 'NONE', #2417, #4220, #1217, .T. ) ;
#1548 = VECTOR ( 'NONE', #1366, 1000.000000000000227 ) ;
#1549 = CARTESIAN_POINT ( 'NONE',  ( 13.49999999999994316, 8.000000000000000000, 26.61584740964178053 ) ) ;
#1550 = ORIENTED_EDGE ( 'NONE', *, *, #3360, .T. ) ;
#1551 = AXIS2_PLACEMENT_3D ( 'NONE', #4115, #544, #2127 ) ;
#1552 = CARTESIAN_POINT ( 'NONE',  ( -63.61320343559648194, 8.786796564403655196, -22.00000000000004263 ) ) ;
#1553 = ORIENTED_EDGE ( 'NONE', *, *, #921, .F. ) ;
#1554 = VECTOR ( 'NONE', #277, 1000.000000000000227 ) ;
#1555 = VECTOR ( 'NONE', #4964, 1000.000000000000114 ) ;
#1556 = CIRCLE ( 'NONE', #895, 29.99999999999998934 ) ;
#1557 = EDGE_LOOP ( 'NONE', ( #871, #1606, #4586, #1742 ) ) ;
#1558 = DIRECTION ( 'NONE',  ( 0.000000000000000000, 1.000000000000000000, -4.081702296416015997E-15 ) ) ;
#1559 = VECTOR ( 'NONE', #4511, 1000.000000000000000 ) ;
#1560 = ORIENTED_EDGE ( 'NONE', *, *, #3407, .F. ) ;
#1561 = CIRCLE ( 'NONE', #491, 1.799999999999992495 ) ;
#1562 = VERTEX_POINT ( 'NONE', #4083 ) ;
#1563 = CARTESIAN_POINT ( 'NONE',  ( -57.89999999999999858, 11.14000000000000412, -30.00000000000005329 ) ) ;
#1564 = ORIENTED_EDGE ( 'NONE', *, *, #594, .T. ) ;
#1565 = EDGE_CURVE ( 'NONE', #2670, #597, #4788, .T. ) ;
#1566 = PERSON_AND_ORGANIZATION ( #904, #126 ) ;
#1567 = CIRCLE ( 'NONE', #5159, 3.360000000000002096 ) ;
#1569 = CARTESIAN_POINT ( 'NONE',  ( -1.469576158976824144E-15, 8.000000000000000000, 12.00000000000000178 ) ) ;
#1568 = VECTOR ( 'NONE', #1064, 1000.000000000000227 ) ;
#1570 = ADVANCED_FACE ( 'NONE', ( #4005 ), #3196, .F. ) ;
#1571 = LINE ( 'NONE', #3158, #4211 ) ;
#1572 = DIRECTION ( 'NONE',  ( -0.000000000000000000, -1.000000000000000000, -0.000000000000000000 ) ) ;
#1573 = CARTESIAN_POINT ( 'NONE',  ( -26.89999999999999858, 14.50000000000000888, -30.00000000000006040 ) ) ;
#1574 = ORIENTED_EDGE ( 'NONE', *, *, #53, .F. ) ;
#1575 = DIRECTION ( 'NONE',  ( 0.000000000000000000, 1.000000000000000000, -4.081702296416015997E-15 ) ) ;
#1576 = CARTESIAN_POINT ( 'NONE',  ( -53.02324495308910457, 21.99999999999996803, -25.60000000000009024 ) ) ;
#1577 = FACE_OUTER_BOUND ( 'NONE', #4730, .T. ) ;
#1578 = VERTEX_POINT ( 'NONE', #42 ) ;
#1579 = LINE ( 'NONE', #2853, #796 ) ;
#1580 = LINE ( 'NONE', #2352, #2564 ) ;
#1581 = ORIENTED_EDGE ( 'NONE', *, *, #1678, .T. ) ;
#1582 = DIRECTION ( 'NONE',  ( -0.7071067811865461294, 0.7071067811865489050, -2.644518867078458797E-15 ) ) ;
#1583 = EDGE_LOOP ( 'NONE', ( #2410, #4766, #217, #2860 ) ) ;
#1584 = VERTEX_POINT ( 'NONE', #3227 ) ;
#1585 = DIRECTION ( 'NONE',  ( 0.8660254037844331565, 0.5000000000000095479, -1.842329326620034953E-15 ) ) ;
#1586 = ORIENTED_EDGE ( 'NONE', *, *, #2148, .T. ) ;
#1587 = EDGE_LOOP ( 'NONE', ( #956, #2400, #3514, #3994 ) ) ;
#1588 = CARTESIAN_POINT ( 'NONE',  ( 12.42640687119288856, 8.000000000000000000, -30.00000000000000000 ) ) ;
#1589 = ORIENTED_EDGE ( 'NONE', *, *, #2920, .T. ) ;
#1590 = FACE_OUTER_BOUND ( 'NONE', #802, .T. ) ;
#1591 = EDGE_CURVE ( 'NONE', #3591, #2236, #4820, .T. ) ;
#1592 = LINE ( 'NONE', #2008, #3799 ) ;
#1593 = ADVANCED_FACE ( 'NONE', ( #4895 ), #3328, .F. ) ;
#1594 = DIRECTION ( 'NONE',  ( 0.000000000000000000, 0.000000000000000000, 1.000000000000000000 ) ) ;
#1595 = DIRECTION ( 'NONE',  ( 0.000000000000000000, 1.000000000000000000, 0.000000000000000000 ) ) ;
#1596 = EDGE_CURVE ( 'NONE', #5033, #2995, #973, .T. ) ;
#1597 = CARTESIAN_POINT ( 'NONE',  ( -30.16017429317998477, 35.20000000000017337, -25.60000000000013642 ) ) ;
#1598 = CARTESIAN_POINT ( 'NONE',  ( -26.89999999999999858, 17.86000000000001364, -30.00000000000007105 ) ) ;
#1599 = PLANE ( 'NONE',  #3876 ) ;
#1600 = ORIENTED_EDGE ( 'NONE', *, *, #1497, .T. ) ;
#1601 = CARTESIAN_POINT ( 'NONE',  ( -57.87298721428201276, 35.19999999999999574, -25.60000000000013642 ) ) ;
#1602 = CARTESIAN_POINT ( 'NONE',  ( -15.50000000000000355, 8.000000000000000000, -15.50000000000000178 ) ) ;
#1603 = DIRECTION ( 'NONE',  ( 0.000000000000000000, -1.000000000000000000, 3.097720492815725095E-15 ) ) ;
#1604 = ORIENTED_EDGE ( 'NONE', *, *, #3599, .T. ) ;
#1605 = CARTESIAN_POINT ( 'NONE',  ( 30.77511220352753440, 5.400000000000000355, -1.616580753730951336 ) ) ;
#1606 = ORIENTED_EDGE ( 'NONE', *, *, #4298, .F. ) ;
#1607 = VERTEX_POINT ( 'NONE', #4501 ) ;
#1608 = DIRECTION ( 'NONE',  ( 1.102003339948839560E-16, 3.493786075749806212E-15, 1.000000000000000000 ) ) ;
#1609 = ADVANCED_FACE ( 'NONE', ( #4522 ), #3711, .F. ) ;
#1610 = ORIENTED_EDGE ( 'NONE', *, *, #4548, .F. ) ;
#1611 = ADVANCED_FACE ( 'NONE', ( #3370 ), #171, .T. ) ;
#1612 = ORIENTED_EDGE ( 'NONE', *, *, #1826, .T. ) ;
#1613 = EDGE_CURVE ( 'NONE', #2487, #4477, #4133, .T. ) ;
#1614 = FACE_BOUND ( 'NONE', #4443, .T. ) ;
#1615 = EDGE_LOOP ( 'NONE', ( #3460, #675 ) ) ;
#1616 = EDGE_CURVE ( 'NONE', #2765, #4578, #4602, .T. ) ;
#1617 = PERSON_AND_ORGANIZATION ( #904, #126 ) ;
#1618 = CARTESIAN_POINT ( 'NONE',  ( 21.21320343559646915, 8.000000000000000000, -21.21320343559638033 ) ) ;
#1619 = CARTESIAN_POINT ( 'NONE',  ( 15.49999999999999645, 0.000000000000000000, -17.29999999999999005 ) ) ;
#1620 = LINE ( 'NONE', #4853, #67 ) ;
#1621 = VERTEX_POINT ( 'NONE', #1401 ) ;
#1622 = CARTESIAN_POINT ( 'NONE',  ( -28.54359353944907696, 36.30000000000017479, -30.00000000000039080 ) ) ;
#1623 = DIRECTION ( 'NONE',  ( 7.617846651086544702E-17, -3.552713678800500929E-15, -1.000000000000000000 ) ) ;
#1624 = VECTOR ( 'NONE', #4197, 1000.000000000000000 ) ;
#1625 = CARTESIAN_POINT ( 'NONE',  ( -59.48956796801297031, 37.99999999999999289, -25.60000000000014708 ) ) ;
#1626 = ORIENTED_EDGE ( 'NONE', *, *, #3454, .T. ) ;
#1627 = DIRECTION ( 'NONE',  ( 0.000000000000000000, 1.000000000000000000, 0.000000000000000000 ) ) ;
#1628 = PLANE ( 'NONE',  #3385 ) ;
#1629 = CARTESIAN_POINT ( 'NONE',  ( -30.16017429317998477, 35.20000000000017337, -25.60000000000013642 ) ) ;
#1630 = ORIENTED_EDGE ( 'NONE', *, *, #4432, .F. ) ;
#1631 = CIRCLE ( 'NONE', #1875, 1.699999999999996625 ) ;
#1632 = CARTESIAN_POINT ( 'NONE',  ( 5.349999999999995204, 8.000000000000000000, 9.266471820493489275 ) ) ;
#1633 = VERTEX_POINT ( 'NONE', #1424 ) ;
#1634 = VECTOR ( 'NONE', #2671, 1000.000000000000000 ) ;
#1635 = AXIS2_PLACEMENT_3D ( 'NONE', #3741, #1787, #170 ) ;
#1636 = VERTEX_POINT ( 'NONE', #1032 ) ;
#1637 = ADVANCED_FACE ( 'NONE', ( #2617 ), #983, .F. ) ;
#1638 = CARTESIAN_POINT ( 'NONE',  ( -40.78341924626904813, 16.80000000000000071, -25.60000000000007248 ) ) ;
#1639 = VECTOR ( 'NONE', #2541, 999.9999999999998863 ) ;
#1640 = ORIENTED_EDGE ( 'NONE', *, *, #2207, .T. ) ;
#1641 = VECTOR ( 'NONE', #2079, 1000.000000000000000 ) ;
#1642 = ORIENTED_EDGE ( 'NONE', *, *, #672, .T. ) ;
#1644 = CARTESIAN_POINT ( 'NONE',  ( -18.63677956447317996, 48.31145418945639847, -22.00000000000018474 ) ) ;
#1643 = VECTOR ( 'NONE', #977, 1000.000000000000000 ) ;
#1645 = DIRECTION ( 'NONE',  ( 0.000000000000000000, -1.000000000000000000, 0.000000000000000000 ) ) ;
#1646 = LINE ( 'NONE', #4778, #3972 ) ;
#1647 = ORIENTED_EDGE ( 'NONE', *, *, #4131, .F. ) ;
#1648 = DIRECTION ( 'NONE',  ( 3.402186748401744277E-17, 3.577052802596770261E-15, 1.000000000000000000 ) ) ;
#1649 = AXIS2_PLACEMENT_3D ( 'NONE', #2022, #1325, #2518 ) ;
#1650 = CIRCLE ( 'NONE', #397, 1.700000000000000178 ) ;
#1651 = CARTESIAN_POINT ( 'NONE',  ( -26.89999999999999858, 14.50000000000000888, -30.00000000000006040 ) ) ;
#1652 = LINE ( 'NONE', #5156, #4975 ) ;
#1653 = EDGE_LOOP ( 'NONE', ( #2353, #2337, #2004, #4293 ) ) ;
#1654 = CARTESIAN_POINT ( 'NONE',  ( -15.50000000000000000, 0.000000000000000000, 15.49999999999999822 ) ) ;
#1655 = PLANE ( 'NONE',  #2809 ) ;
#1656 = CARTESIAN_POINT ( 'NONE',  ( -40.78341924626904813, 16.80000000000000071, -25.60000000000007248 ) ) ;
#1657 = EDGE_LOOP ( 'NONE', ( #4848, #247, #4136, #591 ) ) ;
#1658 = EDGE_CURVE ( 'NONE', #3872, #3169, #3348, .T. ) ;
#1659 = CARTESIAN_POINT ( 'NONE',  ( -42.40000000000000568, 30.00000000000003553, -22.00000000000012079 ) ) ;
#1660 = VERTEX_POINT ( 'NONE', #4923 ) ;
#1661 = EDGE_CURVE ( 'NONE', #4477, #1919, #1764, .T. ) ;
#1662 = ADVANCED_FACE ( 'NONE', ( #2193 ), #1845, .T. ) ;
#1663 = EDGE_LOOP ( 'NONE', ( #1681, #3277, #4908, #1765 ) ) ;
#1664 = CARTESIAN_POINT ( 'NONE',  ( 15.49999999999999645, 8.000000000000000000, -17.29999999999999005 ) ) ;
#1665 = EDGE_CURVE ( 'NONE', #3486, #663, #2117, .T. ) ;
#1666 = VERTEX_POINT ( 'NONE', #2172 ) ;
#1667 = ORIENTED_EDGE ( 'NONE', *, *, #4111, .F. ) ;
#1668 = DIRECTION ( 'NONE',  ( -8.992806499463749045E-15, 1.000000000000000000, -3.493786075749805423E-15 ) ) ;
#1669 = ORIENTED_EDGE ( 'NONE', *, *, #33, .F. ) ;
#1670 = CARTESIAN_POINT ( 'NONE',  ( -30.16017429317986753, 24.80000000000013216, -25.60000000000009734 ) ) ;
#1671 = DIRECTION ( 'NONE',  ( -0.000000000000000000, -1.000000000000000000, -0.000000000000000000 ) ) ;
#1672 = FACE_OUTER_BOUND ( 'NONE', #3018, .T. ) ;
#1673 = CARTESIAN_POINT ( 'NONE',  ( -26.90000000000000568, 45.50000000000001421, -30.00000000000017408 ) ) ;
#1674 = DIRECTION ( 'NONE',  ( 0.000000000000000000, -1.000000000000000000, 0.000000000000000000 ) ) ;
#1675 = EDGE_LOOP ( 'NONE', ( #2286, #229, #2020, #3093 ) ) ;
#1676 = EDGE_CURVE ( 'NONE', #371, #2360, #4105, .T. ) ;
#1677 = FACE_OUTER_BOUND ( 'NONE', #3133, .T. ) ;
#1678 = EDGE_CURVE ( 'NONE', #3998, #3953, #3765, .T. ) ;
#1679 = LINE ( 'NONE', #3167, #4634 ) ;
#1680 = CARTESIAN_POINT ( 'NONE',  ( 16.29999999999997939, 8.000000000000000000, -2.044919789057073156E-13 ) ) ;
#1681 = ORIENTED_EDGE ( 'NONE', *, *, #4538, .F. ) ;
#1682 = DIRECTION ( 'NONE',  ( -0.8660254037844390407, 0.000000000000000000, -0.4999999999999991673 ) ) ;
#1683 = ORIENTED_EDGE ( 'NONE', *, *, #1388, .F. ) ;
#1684 = ADVANCED_FACE ( 'NONE', ( #1345 ), #2149, .T. ) ;
#1685 = VERTEX_POINT ( 'NONE', #1788 ) ;
#1686 = DIRECTION ( 'NONE',  ( 1.000000000000000000, 6.272760089132151808E-15, 2.146163712481998068E-16 ) ) ;
#1687 = EDGE_LOOP ( 'NONE', ( #1065, #2606, #2711, #1071 ) ) ;
#1688 = VERTEX_POINT ( 'NONE', #2594 ) ;
#1689 = DIRECTION ( 'NONE',  ( 0.8660254037844336006, 0.000000000000000000, -0.5000000000000087708 ) ) ;
#1690 = VERTEX_POINT ( 'NONE', #4186 ) ;
#1691 = CARTESIAN_POINT ( 'NONE',  ( -42.40000000000000568, 30.00000000000001066, -30.00000000000030198 ) ) ;
#1692 = CARTESIAN_POINT ( 'NONE',  ( -8.150000000000009237, 8.000000000000000000, -14.11621408168635661 ) ) ;
#1693 = CARTESIAN_POINT ( 'NONE',  ( -16.30000000000011795, 8.000000000000000000, 24.99926665591072705 ) ) ;
#1694 = FACE_BOUND ( 'NONE', #3097, .T. ) ;
#1695 = DIRECTION ( 'NONE',  ( 1.000000000000000000, 1.998401444325287295E-15, 2.146163712482384364E-16 ) ) ;
#1696 = ORIENTED_EDGE ( 'NONE', *, *, #2854, .F. ) ;
#1697 = FACE_OUTER_BOUND ( 'NONE', #3130, .T. ) ;
#1698 = LINE ( 'NONE', #4101, #1893 ) ;
#1699 = CARTESIAN_POINT ( 'NONE',  ( 0.000000000000000000, 8.000000000000000000, 0.000000000000000000 ) ) ;
#1700 = ORIENTED_EDGE ( 'NONE', *, *, #256, .F. ) ;
#1701 = CIRCLE ( 'NONE', #199, 1.799999999999987388 ) ;
#1702 = DIRECTION ( 'NONE',  ( -0.000000000000000000, -1.000000000000000000, 0.000000000000000000 ) ) ;
#1703 = CARTESIAN_POINT ( 'NONE',  ( -57.90000000000000568, 45.50000000000000711, -30.00000000000017764 ) ) ;
#1704 = ORIENTED_EDGE ( 'NONE', *, *, #3679, .T. ) ;
#1705 = ADVANCED_FACE ( 'NONE', ( #610 ), #2650, .T. ) ;
#1706 = CIRCLE ( 'NONE', #4960, 3.359999999999998543 ) ;
#1707 = EDGE_CURVE ( 'NONE', #2782, #2024, #1127, .T. ) ;
#1708 = CIRCLE ( 'NONE', #3873, 3.360000000000000320 ) ;
#1709 = ORIENTED_EDGE ( 'NONE', *, *, #4865, .F. ) ;
#1710 = DIRECTION ( 'NONE',  ( 0.000000000000000000, 3.345538132240845257E-15, 1.000000000000000000 ) ) ;
#1711 = ORIENTED_EDGE ( 'NONE', *, *, #572, .T. ) ;
#1712 = AXIS2_PLACEMENT_3D ( 'NONE', #741, #4306, #1575 ) ;
#1713 = CARTESIAN_POINT ( 'NONE',  ( 15.50000000000000000, 0.000000000000000000, 17.29999999999999005 ) ) ;
#1714 = ORIENTED_EDGE ( 'NONE', *, *, #4849, .F. ) ;
#1715 = AXIS2_PLACEMENT_3D ( 'NONE', #2913, #4500, #2539 ) ;
#1716 = ORIENTED_EDGE ( 'NONE', *, *, #577, .F. ) ;
#1717 = DIRECTION ( 'NONE',  ( 0.8660254037844370423, 0.000000000000000000, -0.5000000000000026645 ) ) ;
#1718 = VECTOR ( 'NONE', #4765, 1000.000000000000000 ) ;
#1719 = VECTOR ( 'NONE', #678, 1000.000000000000227 ) ;
#1720 = VECTOR ( 'NONE', #66, 1000.000000000000000 ) ;
#1721 = AXIS2_PLACEMENT_3D ( 'NONE', #2931, #2188, #2981 ) ;
#1722 = ORIENTED_EDGE ( 'NONE', *, *, #1870, .T. ) ;
#1723 = CARTESIAN_POINT ( 'NONE',  ( -26.99999999999999645, 60.00000000000002842, 3.233161507461903117 ) ) ;
#1724 = LINE ( 'NONE', #4491, #4636 ) ;
#1725 = EDGE_CURVE ( 'NONE', #4869, #1795, #474, .T. ) ;
#1726 = AXIS2_PLACEMENT_3D ( 'NONE', #2372, #1671, #2771 ) ;
#1727 = CARTESIAN_POINT ( 'NONE',  ( 13.49999999999995559, 8.000000000000000000, -20.14952439471797163 ) ) ;
#1728 = EDGE_CURVE ( 'NONE', #1688, #2838, #4260, .T. ) ;
#1729 = DIRECTION ( 'NONE',  ( -0.8660254037844370423, 0.000000000000000000, 0.5000000000000026645 ) ) ;
#1730 = VECTOR ( 'NONE', #3432, 1000.000000000000114 ) ;
#1731 = DIRECTION ( 'NONE',  ( 0.000000000000000000, 3.593355771666226926E-15, 1.000000000000000000 ) ) ;
#1732 = LINE ( 'NONE', #1418, #3209 ) ;
#1734 = CARTESIAN_POINT ( 'NONE',  ( 15.49999999999999645, 8.000000000000000000, -13.70000000000001172 ) ) ;
#1733 = VECTOR ( 'NONE', #3612, 1000.000000000000000 ) ;
#1735 = PRODUCT_DEFINITION_SHAPE ( 'NONE', 'NONE',  #2058 ) ;
#1736 = AXIS2_PLACEMENT_3D ( 'NONE', #421, #7, #1232 ) ;
#1737 = LINE ( 'NONE', #1840, #3375 ) ;
#1738 = ORIENTED_EDGE ( 'NONE', *, *, #1074, .F. ) ;
#1739 = CARTESIAN_POINT ( 'NONE',  ( -16.30000000000010374, 8.000000000000000000, -22.00000000000003553 ) ) ;
#1740 = DIRECTION ( 'NONE',  ( -0.5000000000000101030, 0.8660254037844328234, -3.004629197474230499E-15 ) ) ;
#1741 = AXIS2_PLACEMENT_3D ( 'NONE', #121, #3181, #1198 ) ;
#1742 = ORIENTED_EDGE ( 'NONE', *, *, #5062, .T. ) ;
#1743 = CARTESIAN_POINT ( 'NONE',  ( -57.87298721428198434, 24.79999999999994742, -22.00000000000010303 ) ) ;
#1744 = DIRECTION ( 'NONE',  ( -0.5000000000000039968, 0.8660254037844363761, 0.000000000000000000 ) ) ;
#1745 = ORIENTED_EDGE ( 'NONE', *, *, #1215, .T. ) ;
#1746 = EDGE_CURVE ( 'NONE', #4341, #1919, #3497, .T. ) ;
#1747 = ORIENTED_EDGE ( 'NONE', *, *, #835, .T. ) ;
#1748 = EDGE_CURVE ( 'NONE', #2884, #3650, #4241, .T. ) ;
#1749 = CARTESIAN_POINT ( 'NONE',  ( -53.02324495308916141, 38.00000000000000000, -25.60000000000014708 ) ) ;
#1750 = ORIENTED_EDGE ( 'NONE', *, *, #2285, .F. ) ;
#1751 = LINE ( 'NONE', #1723, #2308 ) ;
#1752 = CARTESIAN_POINT ( 'NONE',  ( -31.77675504691096364, 38.00000000000015632, -25.60000000000014708 ) ) ;
#1753 = FACE_OUTER_BOUND ( 'NONE', #4743, .T. ) ;
#1754 = DIRECTION ( 'NONE',  ( 0.5756811139072496308, -0.7470754134985359007, -0.3323696460817378573 ) ) ;
#1755 = DIRECTION ( 'NONE',  ( 0.000000000000000000, -1.000000000000000000, 3.097720492815725095E-15 ) ) ;
#1756 = DIRECTION ( 'NONE',  ( 0.000000000000000000, 1.000000000000000000, 0.000000000000000000 ) ) ;
#1757 = ADVANCED_FACE ( 'NONE', ( #4624 ), #1445, .F. ) ;
#1758 = EDGE_CURVE ( 'NONE', #940, #4843, #2351, .T. ) ;
#1759 = EDGE_CURVE ( 'NONE', #2295, #3591, #2543, .T. ) ;
#1760 = DIRECTION ( 'NONE',  ( -0.000000000000000000, -3.593355771666182750E-15, -1.000000000000000000 ) ) ;
#1761 = DIRECTION ( 'NONE',  ( -0.000000000000000000, -1.000000000000000000, -0.000000000000000000 ) ) ;
#1762 = VERTEX_POINT ( 'NONE', #3919 ) ;
#1763 = CARTESIAN_POINT ( 'NONE',  ( -16.30000000000000782, 8.000000000000000000, 1.583455588871631030E-13 ) ) ;
#1764 = LINE ( 'NONE', #637, #2552 ) ;
#1765 = ORIENTED_EDGE ( 'NONE', *, *, #4704, .F. ) ;
#1766 = CARTESIAN_POINT ( 'NONE',  ( 0.000000000000000000, 0.000000000000000000, -12.00000000000000178 ) ) ;
#1767 = EDGE_CURVE ( 'NONE', #3598, #1369, #1498, .T. ) ;
#1768 = LINE ( 'NONE', #4559, #156 ) ;
#1769 = ORIENTED_EDGE ( 'NONE', *, *, #1276, .T. ) ;
#1770 = EDGE_CURVE ( 'NONE', #3308, #1688, #4622, .T. ) ;
#1771 = ORIENTED_EDGE ( 'NONE', *, *, #3225, .T. ) ;
#1772 = CARTESIAN_POINT ( 'NONE',  ( -59.48956796801297031, 38.00000000000000711, -22.00000000000014921 ) ) ;
#1773 = PRODUCT_RELATED_PRODUCT_CATEGORY ( 'detail', '', ( #2520 ) ) ;
#1774 = ADVANCED_FACE ( 'NONE', ( #5050 ), #3088, .F. ) ;
#1775 = ORIENTED_EDGE ( 'NONE', *, *, #4134, .T. ) ;
#1776 = FACE_OUTER_BOUND ( 'NONE', #279, .T. ) ;
#1777 = DIRECTION ( 'NONE',  ( -0.8660254037844333785, 0.000000000000000000, 0.5000000000000092149 ) ) ;
#1778 = CARTESIAN_POINT ( 'NONE',  ( -10.69999999999998153, 8.000000000000000000, 5.880296249927131266E-14 ) ) ;
#1779 = EDGE_CURVE ( 'NONE', #2190, #3826, #1101, .T. ) ;
#1780 = CARTESIAN_POINT ( 'NONE',  ( 8.679136255228380392, 12.86292441645673534, -39.42097769699140031 ) ) ;
#1781 = CARTESIAN_POINT ( 'NONE',  ( -15.50000000000000000, 0.000000000000000000, 15.49999999999999822 ) ) ;
#1782 = CARTESIAN_POINT ( 'NONE',  ( 16.29999999999994031, 60.00000000000002842, -24.99926665591083363 ) ) ;
#1783 = PLANE ( 'NONE',  #2730 ) ;
#1784 = CARTESIAN_POINT ( 'NONE',  ( -57.89999999999999858, 14.50000000000000533, -30.00000000000006395 ) ) ;
#1785 = ORIENTED_EDGE ( 'NONE', *, *, #1748, .F. ) ;
#1786 = ADVANCED_FACE ( 'NONE', ( #328 ), #3107, .T. ) ;
#1787 = DIRECTION ( 'NONE',  ( -0.000000000000000000, -3.593355771666182750E-15, -1.000000000000000000 ) ) ;
#1788 = CARTESIAN_POINT ( 'NONE',  ( 27.00000000000000000, 5.400000000000000355, -1.700000000000000178 ) ) ;
#1789 = VECTOR ( 'NONE', #3086, 1000.000000000000000 ) ;
#1790 = DIRECTION ( 'NONE',  ( 0.000000000000000000, 1.000000000000000000, 0.000000000000000000 ) ) ;
#1791 = DIRECTION ( 'NONE',  ( 0.000000000000000000, 0.000000000000000000, 1.000000000000000000 ) ) ;
#1792 = VERTEX_POINT ( 'NONE', #5125 ) ;
#1793 =( GEOMETRIC_REPRESENTATION_CONTEXT ( 3 ) GLOBAL_UNCERTAINTY_ASSIGNED_CONTEXT ( ( #945 ) ) GLOBAL_UNIT_ASSIGNED_CONTEXT ( ( #2637, #1092, #3437 ) ) REPRESENTATION_CONTEXT ( 'NONE', 'WORKASPACE' ) );
#1794 = EDGE_CURVE ( 'NONE', #4089, #892, #1545, .T. ) ;
#1795 = VERTEX_POINT ( 'NONE', #769 ) ;
#1796 = PLANE ( 'NONE',  #2469 ) ;
#1797 = VECTOR ( 'NONE', #1814, 1000.000000000000114 ) ;
#1798 = CONICAL_SURFACE ( 'NONE', #4037, 3.360000000000002096, 0.7853981633974492782 ) ;
#1799 = ORIENTED_EDGE ( 'NONE', *, *, #2246, .T. ) ;
#1800 = AXIS2_PLACEMENT_3D ( 'NONE', #1515, #3103, #4698 ) ;
#1801 = VECTOR ( 'NONE', #2378, 1000.000000000000000 ) ;
#1802 = ORIENTED_EDGE ( 'NONE', *, *, #2831, .T. ) ;
#1803 = PLANE ( 'NONE',  #816 ) ;
#1804 = FACE_OUTER_BOUND ( 'NONE', #1111, .T. ) ;
#1805 = ORIENTED_EDGE ( 'NONE', *, *, #1616, .F. ) ;
#1806 = DIRECTION ( 'NONE',  ( -8.659560562354937789E-17, -0.7071067811865471286, -0.7071067811865479058 ) ) ;
#1807 = AXIS2_PLACEMENT_3D ( 'NONE', #4195, #5032, #622 ) ;
#1808 = LINE ( 'NONE', #1045, #4035 ) ;
#1809 = AXIS2_PLACEMENT_3D ( 'NONE', #2658, #3090, #3850 ) ;
#1810 = DIRECTION ( 'NONE',  ( 0.000000000000000000, 0.000000000000000000, 1.000000000000000000 ) ) ;
#1811 = DIRECTION ( 'NONE',  ( 0.000000000000000000, -3.552713678800500929E-15, -1.000000000000000000 ) ) ;
#1812 = AXIS2_PLACEMENT_3D ( 'NONE', #4072, #162, #3698 ) ;
#1813 = CARTESIAN_POINT ( 'NONE',  ( -26.92701278571797729, 24.80000000000016414, -25.60000000000010090 ) ) ;
#1814 = DIRECTION ( 'NONE',  ( -0.5000000000000044409, 0.000000000000000000, 0.8660254037844360431 ) ) ;
#1815 = VERTEX_POINT ( 'NONE', #3943 ) ;
#1816 = DIRECTION ( 'NONE',  ( -0.000000000000000000, -1.000000000000000000, -0.000000000000000000 ) ) ;
#1817 = DIRECTION ( 'NONE',  ( 0.000000000000000000, 0.000000000000000000, -1.000000000000000000 ) ) ;
#1818 = DIRECTION ( 'NONE',  ( 0.000000000000000000, 0.000000000000000000, -1.000000000000000000 ) ) ;
#1819 = AXIS2_PLACEMENT_3D ( 'NONE', #4490, #549, #2581 ) ;
#1820 = CIRCLE ( 'NONE', #2144, 1.699999999999996625 ) ;
#1821 = FACE_BOUND ( 'NONE', #3155, .T. ) ;
#1822 = AXIS2_PLACEMENT_3D ( 'NONE', #2839, #4505, #937 ) ;
#1823 = CIRCLE ( 'NONE', #4236, 1.799999999999987388 ) ;
#1824 = PLANE ( 'NONE',  #2402 ) ;
#1825 = ORIENTED_EDGE ( 'NONE', *, *, #437, .F. ) ;
#1826 = EDGE_CURVE ( 'NONE', #1258, #2282, #1708, .T. ) ;
#1827 = EDGE_CURVE ( 'NONE', #1106, #4828, #666, .T. ) ;
#1828 = ORIENTED_EDGE ( 'NONE', *, *, #5001, .T. ) ;
#1829 = ORIENTED_EDGE ( 'NONE', *, *, #330, .T. ) ;
#1830 = ORIENTED_EDGE ( 'NONE', *, *, #3983, .F. ) ;
#1831 = CYLINDRICAL_SURFACE ( 'NONE', #3232, 1.700000000000000178 ) ;
#1832 = CARTESIAN_POINT ( 'NONE',  ( 29.80000000000000071, 60.00000000000002842, -1.616580753730952003 ) ) ;
#1833 = ORIENTED_EDGE ( 'NONE', *, *, #1230, .T. ) ;
#1834 = DIRECTION ( 'NONE',  ( 7.494178599599612151E-30, -1.000000000000000000, 3.552713678800500929E-15 ) ) ;
#1835 = LINE ( 'NONE', #3001, #1118 ) ;
#1836 = DIRECTION ( 'NONE',  ( -0.000000000000000000, -3.345538132240890616E-15, -1.000000000000000000 ) ) ;
#1837 = DIRECTION ( 'NONE',  ( 0.000000000000000000, 1.000000000000000000, -4.081702296416015997E-15 ) ) ;
#1838 = LINE ( 'NONE', #707, #3229 ) ;
#1839 = EDGE_CURVE ( 'NONE', #2512, #1666, #1471, .T. ) ;
#1840 = CARTESIAN_POINT ( 'NONE',  ( -44.01658075373094903, 16.80000000000000071, -25.60000000000007248 ) ) ;
#1841 = ORIENTED_EDGE ( 'NONE', *, *, #37, .F. ) ;
#1842 = EDGE_CURVE ( 'NONE', #1792, #4770, #401, .T. ) ;
#1843 = CARTESIAN_POINT ( 'NONE',  ( -40.78341924626904813, 16.80000000000000071, -25.60000000000007248 ) ) ;
#1844 = DIRECTION ( 'NONE',  ( -3.402186748401941492E-17, 3.361841101310300739E-15, 1.000000000000000000 ) ) ;
#1845 = PLANE ( 'NONE',  #1390 ) ;
#1846 = ADVANCED_FACE ( 'NONE', ( #2488 ), #485, .F. ) ;
#1847 = FACE_BOUND ( 'NONE', #3021, .T. ) ;
#1848 = VERTEX_POINT ( 'NONE', #2434 ) ;
#1849 = CARTESIAN_POINT ( 'NONE',  ( 16.78755610176370894, 8.000000000000000000, 25.84373859570590426 ) ) ;
#1850 = ORIENTED_EDGE ( 'NONE', *, *, #5137, .T. ) ;
#1851 = ADVANCED_FACE ( 'NONE', ( #3634 ), #14, .F. ) ;
#1852 = EDGE_LOOP ( 'NONE', ( #2630, #1871, #1465, #1197 ) ) ;
#1853 = ORIENTED_EDGE ( 'NONE', *, *, #1842, .F. ) ;
#1854 = ORIENTED_EDGE ( 'NONE', *, *, #2923, .F. ) ;
#1855 = CARTESIAN_POINT ( 'NONE',  ( -59.48956796801297031, 37.99999999999999289, -25.60000000000014708 ) ) ;
#1856 = CARTESIAN_POINT ( 'NONE',  ( -13.50000000000011013, 5.400000000000000355, -25.08268590217978300 ) ) ;
#1857 = EDGE_LOOP ( 'NONE', ( #3203, #5114, #3329, #4864 ) ) ;
#1858 = CARTESIAN_POINT ( 'NONE',  ( -37.61923788646698341, 81.71947712046032564, -25.60000000000028919 ) ) ;
#1859 = LINE ( 'NONE', #3815, #4711 ) ;
#1860 = DIRECTION ( 'NONE',  ( -6.272760089132149442E-15, 1.000000000000000000, -3.361841101310300739E-15 ) ) ;
#1861 = EDGE_LOOP ( 'NONE', ( #4390, #4087, #3955, #2775 ) ) ;
#1862 = DIRECTION ( 'NONE',  ( 0.000000000000000000, -3.552713678800500929E-15, -1.000000000000000000 ) ) ;
#1863 = ORIENTED_EDGE ( 'NONE', *, *, #1707, .F. ) ;
#1864 = CARTESIAN_POINT ( 'NONE',  ( 0.000000000000000000, 0.000000000000000000, 29.99999999999998934 ) ) ;
#1865 = DIRECTION ( 'NONE',  ( 0.000000000000000000, 0.000000000000000000, -1.000000000000000000 ) ) ;
#1866 = CARTESIAN_POINT ( 'NONE',  ( -26.89999999999999858, 14.50000000000000888, -30.00000000000006040 ) ) ;
#1867 = DIRECTION ( 'NONE',  ( -0.000000000000000000, -1.000000000000000000, -0.000000000000000000 ) ) ;
#1868 = DIRECTION ( 'NONE',  ( 0.000000000000000000, 0.000000000000000000, 1.000000000000000000 ) ) ;
#1869 = VERTEX_POINT ( 'NONE', #36 ) ;
#1870 = EDGE_CURVE ( 'NONE', #4031, #1578, #2015, .T. ) ;
#1871 = ORIENTED_EDGE ( 'NONE', *, *, #5139, .F. ) ;
#1872 = ORIENTED_EDGE ( 'NONE', *, *, #692, .F. ) ;
#1873 = CC_DESIGN_APPROVAL ( #4544, ( #1210 ) ) ;
#1874 = EDGE_LOOP ( 'NONE', ( #2206, #3084, #2695, #867 ) ) ;
#1876 = DIRECTION ( 'NONE',  ( 0.5000000000000026645, 0.000000000000000000, 0.8660254037844371533 ) ) ;
#1875 = AXIS2_PLACEMENT_3D ( 'NONE', #3970, #3783, #3737 ) ;
#1877 = EDGE_LOOP ( 'NONE', ( #4373, #3555, #120, #4217 ) ) ;
#1878 = CARTESIAN_POINT ( 'NONE',  ( 8.150000000000133582, 8.000000000000000000, 14.11621408168625003 ) ) ;
#1879 = DIRECTION ( 'NONE',  ( 0.000000000000000000, 1.000000000000000000, 0.000000000000000000 ) ) ;
#1880 = VECTOR ( 'NONE', #272, 1000.000000000000000 ) ;
#1881 = ADVANCED_FACE ( 'NONE', ( #1677 ), #2803, .F. ) ;
#1882 = ADVANCED_FACE ( 'NONE', ( #452 ), #3269, .F. ) ;
#1883 = DIRECTION ( 'NONE',  ( -0.000000000000000000, 3.552713678800500929E-15, 1.000000000000000000 ) ) ;
#1884 = ORIENTED_EDGE ( 'NONE', *, *, #2057, .T. ) ;
#1885 = EDGE_CURVE ( 'NONE', #4584, #268, #3659, .T. ) ;
#1886 = CARTESIAN_POINT ( 'NONE',  ( -59.48956796801297031, 37.99999999999999289, -25.60000000000014708 ) ) ;
#1887 = ORIENTED_EDGE ( 'NONE', *, *, #258, .T. ) ;
#1888 = AXIS2_PLACEMENT_3D ( 'NONE', #3742, #3009, #1010 ) ;
#1889 = DIRECTION ( 'NONE',  ( 0.8660254037844409281, 0.000000000000000000, 0.4999999999999961142 ) ) ;
#1890 = DIRECTION ( 'NONE',  ( 0.000000000000000000, 3.221629312528199387E-15, 1.000000000000000000 ) ) ;
#1891 = CARTESIAN_POINT ( 'NONE',  ( 27.00000000000000000, 5.400000000000000355, 1.700000000000000178 ) ) ;
#1892 = VECTOR ( 'NONE', #1021, 1000.000000000000000 ) ;
#1893 = VECTOR ( 'NONE', #533, 999.9999999999998863 ) ;
#1894 = LINE ( 'NONE', #1499, #4900 ) ;
#1895 = VECTOR ( 'NONE', #3173, 1000.000000000000000 ) ;
#1896 = LINE ( 'NONE', #1941, #4630 ) ;
#1897 = ORIENTED_EDGE ( 'NONE', *, *, #4928, .T. ) ;
#1898 = ORIENTED_EDGE ( 'NONE', *, *, #3116, .F. ) ;
#1899 = CIRCLE ( 'NONE', #3476, 1.700000000000000178 ) ;
#1900 = ORIENTED_EDGE ( 'NONE', *, *, #2942, .T. ) ;
#1901 = EDGE_CURVE ( 'NONE', #4192, #4477, #428, .T. ) ;
#1902 = EDGE_CURVE ( 'NONE', #80, #4824, #3218, .T. ) ;
#1903 = EDGE_LOOP ( 'NONE', ( #4255, #617, #4047, #332 ) ) ;
#1904 = CARTESIAN_POINT ( 'NONE',  ( -13.50000000000012434, 5.400000000000000355, 26.61584740964169171 ) ) ;
#1905 = ORIENTED_EDGE ( 'NONE', *, *, #1368, .T. ) ;
#1906 = CARTESIAN_POINT ( 'NONE',  ( -54.63982570682013318, 40.80000000000000426, -25.60000000000015774 ) ) ;
#1907 = DIRECTION ( 'NONE',  ( 2.368335091109122803E-29, 3.221629312528199387E-15, 1.000000000000000000 ) ) ;
#1908 = CARTESIAN_POINT ( 'NONE',  ( -54.63982570682003370, 19.19999999999997087, -25.60000000000007958 ) ) ;
#1909 = FACE_OUTER_BOUND ( 'NONE', #281, .T. ) ;
#1910 = VERTEX_POINT ( 'NONE', #4838 ) ;
#1911 = CARTESIAN_POINT ( 'NONE',  ( -57.90000000000000568, 43.70000000000001705, -30.00000000000017408 ) ) ;
#1912 = VERTEX_POINT ( 'NONE', #1601 ) ;
#1913 = CARTESIAN_POINT ( 'NONE',  ( 10.69999999999994245, 5.400000000000000355, -24.99926665591081942 ) ) ;
#1914 = CARTESIAN_POINT ( 'NONE',  ( -57.87298721428194881, 19.19999999999994245, -25.60000000000008313 ) ) ;
#1915 = CARTESIAN_POINT ( 'NONE',  ( -16.29999999999979821, 60.00000000000002842, 21.76610514844904287 ) ) ;
#1916 = ADVANCED_FACE ( 'NONE', ( #825 ), #1284, .F. ) ;
#1917 = DIRECTION ( 'NONE',  ( 0.000000000000000000, 1.000000000000000000, -3.854941057726261566E-15 ) ) ;
#1918 = CYLINDRICAL_SURFACE ( 'NONE', #4719, 1.799999999999989164 ) ;
#1919 = VERTEX_POINT ( 'NONE', #3999 ) ;
#1920 = VERTEX_POINT ( 'NONE', #3604 ) ;
#1921 = EDGE_CURVE ( 'NONE', #1434, #2899, #1457, .T. ) ;
#1922 = ORIENTED_EDGE ( 'NONE', *, *, #4685, .F. ) ;
#1923 = EDGE_CURVE ( 'NONE', #3998, #4489, #4813, .T. ) ;
#1924 = ORIENTED_EDGE ( 'NONE', *, *, #79, .F. ) ;
#1925 = CARTESIAN_POINT ( 'NONE',  ( 26.99999999999999645, 60.00000000000002842, -3.233161507461903117 ) ) ;
#1926 = EDGE_LOOP ( 'NONE', ( #4720, #1172, #3879, #5099 ) ) ;
#1927 = PERSON_AND_ORGANIZATION ( #904, #126 ) ;
#1928 = DIRECTION ( 'NONE',  ( 0.4999999999999919509, 0.8660254037844432595, -3.004629197474266787E-15 ) ) ;
#1929 = ADVANCED_FACE ( 'NONE', ( #3248 ), #3952, .F. ) ;
#1930 = DIRECTION ( 'NONE',  ( 3.402186748401744277E-17, 3.577052802596770261E-15, 1.000000000000000000 ) ) ;
#1931 = CARTESIAN_POINT ( 'NONE',  ( -26.90000000000000568, 43.70000000000005258, -22.00000000000016698 ) ) ;
#1932 = CARTESIAN_POINT ( 'NONE',  ( -16.30000000000012150, 5.400000000000000355, -24.99926665591072350 ) ) ;
#1933 = ORIENTED_EDGE ( 'NONE', *, *, #4449, .F. ) ;
#1934 = LINE ( 'NONE', #2645, #1634 ) ;
#1935 = VERTEX_POINT ( 'NONE', #4440 ) ;
#1936 = CARTESIAN_POINT ( 'NONE',  ( -13.49999999999981348, 60.00000000000002842, 20.14952439471806400 ) ) ;
#1937 = CARTESIAN_POINT ( 'NONE',  ( -57.89999999999999858, 12.70000000000002238, -28.44000000000005102 ) ) ;
#1938 = CARTESIAN_POINT ( 'NONE',  ( 15.50000000000000000, 0.000000000000000000, 15.49999999999999822 ) ) ;
#1939 = DIRECTION ( 'NONE',  ( -0.000000000000000000, -1.000000000000000000, 0.000000000000000000 ) ) ;
#1940 = EDGE_CURVE ( 'NONE', #2360, #4465, #1579, .T. ) ;
#1941 = CARTESIAN_POINT ( 'NONE',  ( -28.54359353944907696, 36.30000000000018900, -25.60000000000013998 ) ) ;
#1942 = EDGE_LOOP ( 'NONE', ( #2515, #4129, #3493, #3946 ) ) ;
#1943 = ORIENTED_EDGE ( 'NONE', *, *, #3500, .F. ) ;
#1944 = DIRECTION ( 'NONE',  ( -0.000000000000000000, -3.593355771666226926E-15, -1.000000000000000000 ) ) ;
#1945 = ORIENTED_EDGE ( 'NONE', *, *, #4049, .T. ) ;
#1946 = ORIENTED_EDGE ( 'NONE', *, *, #1524, .F. ) ;
#1947 = LINE ( 'NONE', #2399, #722 ) ;
#1948 = ORIENTED_EDGE ( 'NONE', *, *, #594, .F. ) ;
#1949 = AXIS2_PLACEMENT_3D ( 'NONE', #1030, #712, #5102 ) ;
#1950 = CARTESIAN_POINT ( 'NONE',  ( -15.50000000000000000, 1.560000000000005826, 13.70000000000000639 ) ) ;
#1951 = CARTESIAN_POINT ( 'NONE',  ( -24.19999999999999929, 60.00000000000002842, -1.616580753730953779 ) ) ;
#1952 = VECTOR ( 'NONE', #1754, 1000.000000000000114 ) ;
#1953 = VECTOR ( 'NONE', #3859, 1000.000000000000000 ) ;
#1954 = LINE ( 'NONE', #5118, #1144 ) ;
#1955 = CARTESIAN_POINT ( 'NONE',  ( -15.50000000000000355, 0.000000000000000000, -15.50000000000000178 ) ) ;
#1956 = ORIENTED_EDGE ( 'NONE', *, *, #4099, .T. ) ;
#1957 = CARTESIAN_POINT ( 'NONE',  ( 15.50000000000000000, 0.000000000000000000, 15.49999999999999822 ) ) ;
#1958 = VECTOR ( 'NONE', #3964, 1000.000000000000114 ) ;
#1959 = FACE_OUTER_BOUND ( 'NONE', #499, .T. ) ;
#1960 = AXIS2_PLACEMENT_3D ( 'NONE', #3918, #346, #2649 ) ;
#1961 = PLANE ( 'NONE',  #967 ) ;
#1962 = VERTEX_POINT ( 'NONE', #4358 ) ;
#1963 = DIRECTION ( 'NONE',  ( 0.000000000000000000, 1.000000000000000000, -4.081702296416015997E-15 ) ) ;
#1964 = VECTOR ( 'NONE', #3298, 1000.000000000000114 ) ;
#1965 = CARTESIAN_POINT ( 'NONE',  ( -26.89999999999999858, 14.50000000000003730, -22.00000000000006395 ) ) ;
#1966 = ORIENTED_EDGE ( 'NONE', *, *, #283, .T. ) ;
#1967 = VECTOR ( 'NONE', #3202, 1000.000000000000000 ) ;
#1968 = PLANE ( 'NONE',  #56 ) ;
#1969 = ORIENTED_EDGE ( 'NONE', *, *, #3983, .T. ) ;
#1970 = AXIS2_PLACEMENT_3D ( 'NONE', #3520, #4281, #5081 ) ;
#1971 = VECTOR ( 'NONE', #4304, 1000.000000000000000 ) ;
#1972 = VERTEX_POINT ( 'NONE', #791 ) ;
#1973 = DIRECTION ( 'NONE',  ( 0.000000000000000000, -3.552713678800500929E-15, -1.000000000000000000 ) ) ;
#1974 = AXIS2_PLACEMENT_3D ( 'NONE', #1955, #4754, #1594 ) ;
#1975 = EDGE_CURVE ( 'NONE', #3176, #4812, #1631, .T. ) ;
#1976 = ORIENTED_EDGE ( 'NONE', *, *, #1371, .T. ) ;
#1977 = ADVANCED_FACE ( 'NONE', ( #111 ), #2532, .F. ) ;
#1978 = CIRCLE ( 'NONE', #3395, 3.360000000000002096 ) ;
#1980 = ORIENTED_EDGE ( 'NONE', *, *, #1998, .T. ) ;
#1979 = VECTOR ( 'NONE', #3885, 1000.000000000000000 ) ;
#1981 = FACE_BOUND ( 'NONE', #4709, .T. ) ;
#1982 = VERTEX_POINT ( 'NONE', #4180 ) ;
#1983 = VECTOR ( 'NONE', #2511, 1000.000000000000000 ) ;
#1985 = DIRECTION ( 'NONE',  ( 0.000000000000000000, 1.000000000000000000, 0.000000000000000000 ) ) ;
#1984 = AXIS2_PLACEMENT_3D ( 'NONE', #253, #174, #590 ) ;
#1986 = FACE_OUTER_BOUND ( 'NONE', #169, .T. ) ;
#1987 = DIRECTION ( 'NONE',  ( 0.000000000000000000, -3.386180225106570465E-15, -1.000000000000000000 ) ) ;
#1988 = FACE_OUTER_BOUND ( 'NONE', #2310, .T. ) ;
#1989 = CARTESIAN_POINT ( 'NONE',  ( 10.70000000000029239, 8.000000000000000000, 24.99926665591067021 ) ) ;
#1990 = DIRECTION ( 'NONE',  ( 0.5000000000000039968, 0.000000000000000000, -0.8660254037844363761 ) ) ;
#1991 = DIRECTION ( 'NONE',  ( 0.4999999999999902300, 0.8660254037844442587, 0.000000000000000000 ) ) ;
#1992 = ORIENTED_EDGE ( 'NONE', *, *, #676, .T. ) ;
#1993 = CARTESIAN_POINT ( 'NONE',  ( -45.63316150746190658, 13.99999999999999289, -25.60000000000006537 ) ) ;
#1994 = ADVANCED_FACE ( 'NONE', ( #1003 ), #4575, .F. ) ;
#1995 = DIRECTION ( 'NONE',  ( -0.8660254037844371533, 0.000000000000000000, 0.5000000000000026645 ) ) ;
#1996 = CARTESIAN_POINT ( 'NONE',  ( -53.02324495308910457, 21.99999999999997868, -22.00000000000009237 ) ) ;
#1997 = EDGE_LOOP ( 'NONE', ( #685, #3165, #1109, #1722, #1139, #49 ) ) ;
#1998 = EDGE_CURVE ( 'NONE', #2334, #2190, #1379, .T. ) ;
#1999 = DIRECTION ( 'NONE',  ( -0.4999999999999901745, -0.8660254037844442587, 3.219245568722515503E-15 ) ) ;
#2000 = ORIENTED_EDGE ( 'NONE', *, *, #3342, .T. ) ;
#2001 = ORIENTED_EDGE ( 'NONE', *, *, #258, .F. ) ;
#2002 = LINE ( 'NONE', #3586, #3140 ) ;
#2003 = ORIENTED_EDGE ( 'NONE', *, *, #1827, .T. ) ;
#2004 = ORIENTED_EDGE ( 'NONE', *, *, #805, .T. ) ;
#2005 = FACE_BOUND ( 'NONE', #833, .T. ) ;
#2006 = ORIENTED_EDGE ( 'NONE', *, *, #1148, .T. ) ;
#2007 = CARTESIAN_POINT ( 'NONE',  ( -27.00000000000000000, 5.400000000000000355, 0.000000000000000000 ) ) ;
#2008 = CARTESIAN_POINT ( 'NONE',  ( 10.69999999999994778, 60.00000000000002842, -21.76610514844892208 ) ) ;
#2009 = CARTESIAN_POINT ( 'NONE',  ( 10.69999999999999218, 8.000000000000000000, -2.257083409062941795E-14 ) ) ;
#2010 = ORIENTED_EDGE ( 'NONE', *, *, #361, .F. ) ;
#2011 = CARTESIAN_POINT ( 'NONE',  ( -26.90000000000000568, 45.50000000000001421, -30.00000000000017408 ) ) ;
#2012 = LINE ( 'NONE', #3629, #2538 ) ;
#2013 = LINE ( 'NONE', #399, #298 ) ;
#2014 = ORIENTED_EDGE ( 'NONE', *, *, #1676, .F. ) ;
#2015 = LINE ( 'NONE', #4022, #48 ) ;
#2016 = DIRECTION ( 'NONE',  ( 0.6103818063152128826, -0.7921073478508945387, 2.948570141335367649E-15 ) ) ;
#2017 = DIRECTION ( 'NONE',  ( 0.000000000000000000, 1.000000000000000000, -4.081702296416015997E-15 ) ) ;
#2018 = VERTEX_POINT ( 'NONE', #2907 ) ;
#2019 = DIRECTION ( 'NONE',  ( 0.000000000000000000, 3.221629312528199387E-15, 1.000000000000000000 ) ) ;
#2020 = ORIENTED_EDGE ( 'NONE', *, *, #3882, .T. ) ;
#2021 = ORIENTED_EDGE ( 'NONE', *, *, #4459, .T. ) ;
#2022 = CARTESIAN_POINT ( 'NONE',  ( -15.50000000000000000, 0.000000000000000000, 15.49999999999999822 ) ) ;
#2023 = ORIENTED_EDGE ( 'NONE', *, *, #577, .T. ) ;
#2024 = VERTEX_POINT ( 'NONE', #1314 ) ;
#2025 = DIRECTION ( 'NONE',  ( 0.000000000000000000, 3.593355771666182750E-15, 1.000000000000000000 ) ) ;
#2026 = PERSON_AND_ORGANIZATION_ROLE ( 'design_owner' ) ;
#2027 = FACE_OUTER_BOUND ( 'NONE', #1657, .T. ) ;
#2028 = ADVANCED_FACE ( 'NONE', ( #1026 ), #2283, .F. ) ;
#2029 = FACE_OUTER_BOUND ( 'NONE', #2456, .T. ) ;
#2030 = VERTEX_POINT ( 'NONE', #166 ) ;
#2031 = CYLINDRICAL_SURFACE ( 'NONE', #1382, 1.700000000000000178 ) ;
#2032 = PLANE ( 'NONE',  #1037 ) ;
#2033 = AXIS2_PLACEMENT_3D ( 'NONE', #579, #1000, #135 ) ;
#2034 = FACE_OUTER_BOUND ( 'NONE', #747, .T. ) ;
#2035 = ORIENTED_EDGE ( 'NONE', *, *, #2682, .F. ) ;
#2036 = DIRECTION ( 'NONE',  ( -0.4999999999999985012, -0.8660254037844394848, -0.000000000000000000 ) ) ;
#2037 = ADVANCED_FACE ( 'NONE', ( #2186 ), #4124, .T. ) ;
#2038 = ADVANCED_FACE ( 'NONE', ( #3680 ), #2141, .F. ) ;
#2039 = CARTESIAN_POINT ( 'NONE',  ( -26.92701278571790624, 19.20000000000017337, -22.00000000000008171 ) ) ;
#2040 = LOCAL_TIME ( 21, 27, 22.00000000000000000, #5115 ) ;
#2041 = DIRECTION ( 'NONE',  ( -0.4999999999999974465, 0.000000000000000000, -0.8660254037844400399 ) ) ;
#2042 = ORIENTED_EDGE ( 'NONE', *, *, #5027, .F. ) ;
#2043 = VECTOR ( 'NONE', #3419, 1000.000000000000000 ) ;
#2044 = LINE ( 'NONE', #2494, #3801 ) ;
#2045 = ORIENTED_EDGE ( 'NONE', *, *, #276, .F. ) ;
#2046 = CIRCLE ( 'NONE', #3530, 1.799999999999989164 ) ;
#2047 = VECTOR ( 'NONE', #4736, 1000.000000000000000 ) ;
#2048 = ORIENTED_EDGE ( 'NONE', *, *, #2702, .F. ) ;
#2049 = FACE_OUTER_BOUND ( 'NONE', #2785, .T. ) ;
#2050 = VECTOR ( 'NONE', #2605, 1000.000000000000000 ) ;
#2051 = VECTOR ( 'NONE', #2703, 1000.000000000000000 ) ;
#2052 = ORIENTED_EDGE ( 'NONE', *, *, #2313, .F. ) ;
#2053 = AXIS2_PLACEMENT_3D ( 'NONE', #443, #4410, #761 ) ;
#2054 = VERTEX_POINT ( 'NONE', #4542 ) ;
#2056 = FACE_OUTER_BOUND ( 'NONE', #2739, .T. ) ;
#2055 = VECTOR ( 'NONE', #2143, 1000.000000000000000 ) ;
#2057 = EDGE_CURVE ( 'NONE', #3581, #2135, #1732, .T. ) ;
#2058 = PRODUCT_DEFINITION ( 'UNKNOWN', '', #1210, #578 ) ;
#2059 = CIRCLE ( 'NONE', #4222, 1.799999999999990941 ) ;
#2060 = ORIENTED_EDGE ( 'NONE', *, *, #350, .F. ) ;
#2061 = LINE ( 'NONE', #2770, #4982 ) ;
#2062 = EDGE_LOOP ( 'NONE', ( #1683, #2852, #1626, #4632 ) ) ;
#2063 = CARTESIAN_POINT ( 'NONE',  ( -10.70000000000010232, 38.01170189303008584, -21.99999999999980105 ) ) ;
#2064 = AXIS2_PLACEMENT_3D ( 'NONE', #506, #603, #4939 ) ;
#2065 = FACE_OUTER_BOUND ( 'NONE', #2781, .T. ) ;
#2066 = DIRECTION ( 'NONE',  ( -1.000000000000000000, -0.000000000000000000, 2.720046410331633918E-15 ) ) ;
#2067 = ORIENTED_EDGE ( 'NONE', *, *, #2057, .F. ) ;
#2068 = CARTESIAN_POINT ( 'NONE',  ( -13.98755610176389830, 5.400000000000000355, 27.46031934943675523 ) ) ;
#2069 = CARTESIAN_POINT ( 'NONE',  ( -39.16683849253811189, 46.00000000000005684, -25.60000000000017550 ) ) ;
#2070 = CARTESIAN_POINT ( 'NONE',  ( -26.92701278571797729, 24.80000000000016414, -25.60000000000010090 ) ) ;
#2071 = ORIENTED_EDGE ( 'NONE', *, *, #1238, .F. ) ;
#2072 = ADVANCED_FACE ( 'NONE', ( #1697 ), #4495, .T. ) ;
#2073 = DIRECTION ( 'NONE',  ( 2.109423746787797427E-15, 0.000000000000000000, 1.000000000000000000 ) ) ;
#2074 = ORIENTED_EDGE ( 'NONE', *, *, #2814, .F. ) ;
#2075 = ORIENTED_EDGE ( 'NONE', *, *, #3313, .T. ) ;
#2076 = CARTESIAN_POINT ( 'NONE',  ( 15.50000000000000000, 0.000000000000000000, 18.86000000000000298 ) ) ;
#2077 = VERTEX_POINT ( 'NONE', #3003 ) ;
#2078 = ORIENTED_EDGE ( 'NONE', *, *, #1436, .F. ) ;
#2079 = DIRECTION ( 'NONE',  ( 7.617846651086544702E-17, -3.552713678800500929E-15, -1.000000000000000000 ) ) ;
#2080 = EDGE_LOOP ( 'NONE', ( #2316, #1980 ) ) ;
#2081 = PLANE ( 'NONE',  #1819 ) ;
#2082 = DIRECTION ( 'NONE',  ( -0.000000000000000000, -1.000000000000000000, 0.000000000000000000 ) ) ;
#2083 = DIRECTION ( 'NONE',  ( 0.000000000000000000, 1.000000000000000000, -3.854941057726261566E-15 ) ) ;
#2084 = ADVANCED_FACE ( 'NONE', ( #4914 ), #1392, .F. ) ;
#2085 = CARTESIAN_POINT ( 'NONE',  ( -16.30000000000012150, 5.400000000000000355, -24.99926665591072350 ) ) ;
#2086 = DIRECTION ( 'NONE',  ( -0.000000000000000000, -3.717264591378872007E-15, -1.000000000000000000 ) ) ;
#2087 = ORIENTED_EDGE ( 'NONE', *, *, #838, .T. ) ;
#2088 = EDGE_CURVE ( 'NONE', #1405, #4343, #929, .T. ) ;
#2089 = DIRECTION ( 'NONE',  ( 0.000000000000000000, -1.000000000000000000, 0.000000000000000000 ) ) ;
#2090 = CARTESIAN_POINT ( 'NONE',  ( -57.90000000000000568, 43.70000000000004547, -22.00000000000016698 ) ) ;
#2091 = LINE ( 'NONE', #4025, #467 ) ;
#2092 = ORIENTED_EDGE ( 'NONE', *, *, #4112, .F. ) ;
#2093 = LINE ( 'NONE', #561, #1548 ) ;
#2094 = LINE ( 'NONE', #73, #3712 ) ;
#2095 = ORIENTED_EDGE ( 'NONE', *, *, #2577, .T. ) ;
#2096 = ORIENTED_EDGE ( 'NONE', *, *, #2366, .F. ) ;
#2097 = DIRECTION ( 'NONE',  ( 0.000000000000000000, -1.000000000000000000, 3.552713678800500929E-15 ) ) ;
#2098 = ORIENTED_EDGE ( 'NONE', *, *, #676, .F. ) ;
#2099 = DIRECTION ( 'NONE',  ( -0.000000000000000000, -1.000000000000000000, -0.000000000000000000 ) ) ;
#2100 = VERTEX_POINT ( 'NONE', #975 ) ;
#2101 = ADVANCED_FACE ( 'NONE', ( #950 ), #554, .T. ) ;
#2102 = EDGE_LOOP ( 'NONE', ( #3400, #809, #275, #2247 ) ) ;
#2103 = EDGE_CURVE ( 'NONE', #4238, #4748, #508, .T. ) ;
#2104 = DIRECTION ( 'NONE',  ( 0.000000000000000000, 1.000000000000000000, -4.081702296416015997E-15 ) ) ;
#2105 = ORIENTED_EDGE ( 'NONE', *, *, #3080, .F. ) ;
#2106 = FACE_OUTER_BOUND ( 'NONE', #4447, .T. ) ;
#2107 = LINE ( 'NONE', #205, #3053 ) ;
#2108 = DIRECTION ( 'NONE',  ( 0.000000000000000000, 1.000000000000000000, 0.000000000000000000 ) ) ;
#2109 = LINE ( 'NONE', #3321, #2118 ) ;
#2110 = FACE_OUTER_BOUND ( 'NONE', #172, .T. ) ;
#2111 = DIRECTION ( 'NONE',  ( 7.617846651086544702E-17, -3.552713678800500929E-15, -1.000000000000000000 ) ) ;
#2112 = PLANE ( 'NONE',  #3051 ) ;
#2113 = CARTESIAN_POINT ( 'NONE',  ( 26.99999999999999645, 8.000000000000000000, -3.233161507461903117 ) ) ;
#2114 = VERTEX_POINT ( 'NONE', #3365 ) ;
#2115 = VECTOR ( 'NONE', #62, 1000.000000000000000 ) ;
#2116 = DIRECTION ( 'NONE',  ( 1.000000000000000000, 0.000000000000000000, 0.000000000000000000 ) ) ;
#2117 = LINE ( 'NONE', #2514, #1639 ) ;
#2118 = VECTOR ( 'NONE', #4074, 1000.000000000000000 ) ;
#2119 = VECTOR ( 'NONE', #2272, 1000.000000000000000 ) ;
#2120 = ORIENTED_EDGE ( 'NONE', *, *, #851, .T. ) ;
#2121 = LINE ( 'NONE', #882, #1733 ) ;
#2122 = VECTOR ( 'NONE', #142, 999.9999999999998863 ) ;
#2123 = LINE ( 'NONE', #1849, #2656 ) ;
#2124 = ORIENTED_EDGE ( 'NONE', *, *, #1678, .F. ) ;
#2125 = AXIS2_PLACEMENT_3D ( 'NONE', #2954, #587, #2192 ) ;
#2126 = ORIENTED_EDGE ( 'NONE', *, *, #1839, .F. ) ;
#2127 = DIRECTION ( 'NONE',  ( 0.000000000000000000, 0.000000000000000000, 1.000000000000000000 ) ) ;
#2128 = VECTOR ( 'NONE', #302, 1000.000000000000227 ) ;
#2129 = EDGE_CURVE ( 'NONE', #76, #3046, #3290, .T. ) ;
#2130 = EDGE_CURVE ( 'NONE', #1621, #4117, #2321, .T. ) ;
#2131 = ADVANCED_FACE ( 'NONE', ( #3510 ), #1490, .F. ) ;
#2132 = VECTOR ( 'NONE', #2998, 1000.000000000000000 ) ;
#2133 = VECTOR ( 'NONE', #1083, 1000.000000000000000 ) ;
#2134 = VECTOR ( 'NONE', #1209, 1000.000000000000000 ) ;
#2135 = VERTEX_POINT ( 'NONE', #1094 ) ;
#2136 = DIRECTION ( 'NONE',  ( -3.402186748401941492E-17, 3.361841101310300739E-15, 1.000000000000000000 ) ) ;
#2137 = CARTESIAN_POINT ( 'NONE',  ( -39.16683849253810479, 14.00000000000001421, -25.60000000000006537 ) ) ;
#2138 = DIRECTION ( 'NONE',  ( -5.495603971894524875E-15, 0.000000000000000000, -1.000000000000000000 ) ) ;
#2139 = CARTESIAN_POINT ( 'NONE',  ( 15.49999999999999645, 0.000000000000000000, -15.50000000000000178 ) ) ;
#2140 = DIRECTION ( 'NONE',  ( 0.000000000000000000, 1.000000000000000000, -4.081702296416015997E-15 ) ) ;
#2141 = CYLINDRICAL_SURFACE ( 'NONE', #3704, 1.699999999999996625 ) ;
#2143 = DIRECTION ( 'NONE',  ( 0.000000000000000000, -3.552713678800500929E-15, -1.000000000000000000 ) ) ;
#2142 = VECTOR ( 'NONE', #1710, 1000.000000000000000 ) ;
#2144 = AXIS2_PLACEMENT_3D ( 'NONE', #138, #3322, #974 ) ;
#2145 = CARTESIAN_POINT ( 'NONE',  ( -57.87298721428201276, 35.19999999999999574, -25.60000000000013642 ) ) ;
#2146 = ORIENTED_EDGE ( 'NONE', *, *, #4386, .T. ) ;
#2147 = DIRECTION ( 'NONE',  ( 0.8660254037844408170, -0.4999999999999961697, 1.710384352180486092E-15 ) ) ;
#2148 = EDGE_CURVE ( 'NONE', #1080, #409, #1117, .T. ) ;
#2149 = PLANE ( 'NONE',  #2726 ) ;
#2150 = AXIS2_PLACEMENT_3D ( 'NONE', #5025, #3013, #958 ) ;
#2151 = ORIENTED_EDGE ( 'NONE', *, *, #4168, .F. ) ;
#2152 = CARTESIAN_POINT ( 'NONE',  ( -15.50000000000000000, 1.560000000000005826, 15.49999999999999822 ) ) ;
#2153 = ADVANCED_FACE ( 'NONE', ( #3887 ), #1798, .F. ) ;
#2154 = DIRECTION ( 'NONE',  ( -0.4999999999999980016, -0.000000000000000000, 0.8660254037844398178 ) ) ;
#2155 = ORIENTED_EDGE ( 'NONE', *, *, #837, .T. ) ;
#2156 = ADVANCED_FACE ( 'NONE', ( #2265, #682 ), #3439, .T. ) ;
#2157 = ORIENTED_EDGE ( 'NONE', *, *, #903, .T. ) ;
#2158 = DIRECTION ( 'NONE',  ( 0.000000000000000000, 0.000000000000000000, 1.000000000000000000 ) ) ;
#2159 = ORIENTED_EDGE ( 'NONE', *, *, #2462, .F. ) ;
#2160 = EDGE_CURVE ( 'NONE', #4584, #798, #2641, .T. ) ;
#2161 = LINE ( 'NONE', #1333, #2647 ) ;
#2162 = CARTESIAN_POINT ( 'NONE',  ( -27.00000000000000000, 8.000000000000000000, -3.233161507461902673 ) ) ;
#2163 = PLANE ( 'NONE',  #2868 ) ;
#2164 = LINE ( 'NONE', #4097, #4540 ) ;
#2165 = CARTESIAN_POINT ( 'NONE',  ( -13.49999999999978328, 5.400000000000000355, 21.68268590217996561 ) ) ;
#2166 = DIRECTION ( 'NONE',  ( 0.4999999999999895639, 0.000000000000000000, -0.8660254037844447028 ) ) ;
#2167 = CARTESIAN_POINT ( 'NONE',  ( -56.25640646055104099, 37.99999999999999289, -25.60000000000014708 ) ) ;
#2168 = DIRECTION ( 'NONE',  ( 0.000000000000000000, -3.552713678800500929E-15, -1.000000000000000000 ) ) ;
#2169 = ORIENTED_EDGE ( 'NONE', *, *, #2583, .F. ) ;
#2170 = CARTESIAN_POINT ( 'NONE',  ( 10.70000000000025331, 8.000000000000000000, 21.76610514844876931 ) ) ;
#2171 = EDGE_CURVE ( 'NONE', #807, #4770, #1859, .T. ) ;
#2172 = CARTESIAN_POINT ( 'NONE',  ( -10.70000000000010054, 5.400000000000000355, -21.76610514844884392 ) ) ;
#2173 = DIRECTION ( 'NONE',  ( 0.000000000000000000, -1.000000000000000000, 0.000000000000000000 ) ) ;
#2174 = DIRECTION ( 'NONE',  ( 0.000000000000000000, 0.000000000000000000, -1.000000000000000000 ) ) ;
#2175 = VERTEX_POINT ( 'NONE', #3467 ) ;
#2176 = EDGE_LOOP ( 'NONE', ( #1922, #1300, #4862, #4246 ) ) ;
#2177 = DIRECTION ( 'NONE',  ( -8.659560562354952580E-17, 0.7071067811865465735, -0.7071067811865485719 ) ) ;
#2178 = ORIENTED_EDGE ( 'NONE', *, *, #902, .T. ) ;
#2179 = ORIENTED_EDGE ( 'NONE', *, *, #4069, .T. ) ;
#2180 = DIRECTION ( 'NONE',  ( 0.000000000000000000, 1.000000000000000000, -4.081702296416015997E-15 ) ) ;
#2181 = PLANE ( 'NONE',  #1812 ) ;
#2182 = EDGE_LOOP ( 'NONE', ( #1771, #3800, #4193, #2603, #4090, #2806 ) ) ;
#2183 = DIRECTION ( 'NONE',  ( 0.000000000000000000, 0.000000000000000000, -1.000000000000000000 ) ) ;
#2184 = DIRECTION ( 'NONE',  ( 0.000000000000000000, 3.345538132240845257E-15, 1.000000000000000000 ) ) ;
#2185 = CYLINDRICAL_SURFACE ( 'NONE', #153, 1.700000000000000178 ) ;
#2186 = FACE_OUTER_BOUND ( 'NONE', #334, .T. ) ;
#2187 = EDGE_CURVE ( 'NONE', #1869, #4404, #3372, .T. ) ;
#2188 = DIRECTION ( 'NONE',  ( -0.000000000000000000, -1.000000000000000000, -0.000000000000000000 ) ) ;
#2189 = CARTESIAN_POINT ( 'NONE',  ( 29.80000000000000071, 2.022992871964639061, 1.616580753730949116 ) ) ;
#2190 = VERTEX_POINT ( 'NONE', #1462 ) ;
#2191 = EDGE_CURVE ( 'NONE', #3953, #4641, #4274, .T. ) ;
#2192 = DIRECTION ( 'NONE',  ( 0.000000000000000000, -1.000000000000000000, 3.854941057726261566E-15 ) ) ;
#2193 = FACE_OUTER_BOUND ( 'NONE', #4587, .T. ) ;
#2194 = ADVANCED_FACE ( 'NONE', ( #2718 ), #5071, .T. ) ;
#2195 = AXIS2_PLACEMENT_3D ( 'NONE', #4120, #3390, #4592 ) ;
#2196 = FACE_BOUND ( 'NONE', #4510, .T. ) ;
#2197 = LINE ( 'NONE', #154, #5074 ) ;
#2198 = VERTEX_POINT ( 'NONE', #1511 ) ;
#2199 = AXIS2_PLACEMENT_3D ( 'NONE', #869, #4044, #2873 ) ;
#2200 = ORIENTED_EDGE ( 'NONE', *, *, #5005, .F. ) ;
#2201 = VECTOR ( 'NONE', #365, 1000.000000000000000 ) ;
#2202 = VECTOR ( 'NONE', #3369, 999.9999999999998863 ) ;
#2203 = ORIENTED_EDGE ( 'NONE', *, *, #4157, .F. ) ;
#2204 = VECTOR ( 'NONE', #2607, 1000.000000000000000 ) ;
#2205 = CIRCLE ( 'NONE', #2719, 1.699999999999996625 ) ;
#2206 = ORIENTED_EDGE ( 'NONE', *, *, #2260, .F. ) ;
#2207 = EDGE_CURVE ( 'NONE', #4764, #3169, #320, .T. ) ;
#2208 = CARTESIAN_POINT ( 'NONE',  ( 15.49999999999999645, 0.000000000000000000, -18.86000000000000298 ) ) ;
#2209 = CARTESIAN_POINT ( 'NONE',  ( -45.63316150746190658, 13.99999999999999289, -25.60000000000006537 ) ) ;
#2210 = ORIENTED_EDGE ( 'NONE', *, *, #1613, .F. ) ;
#2211 = DIRECTION ( 'NONE',  ( -2.146163712482456101E-16, 3.593355771666182750E-15, 1.000000000000000000 ) ) ;
#2212 = AXIS2_PLACEMENT_3D ( 'NONE', #1412, #5010, #1432 ) ;
#2213 = EDGE_CURVE ( 'NONE', #3188, #4828, #1439, .T. ) ;
#2214 = DIRECTION ( 'NONE',  ( 0.000000000000000000, -1.000000000000000000, 0.000000000000000000 ) ) ;
#2215 = VECTOR ( 'NONE', #18, 1000.000000000000114 ) ;
#2216 = DIRECTION ( 'NONE',  ( 0.000000000000000000, -1.000000000000000000, 3.854941057726268666E-15 ) ) ;
#2218 = CARTESIAN_POINT ( 'NONE',  ( -25.31043203198716185, 38.00000000000024158, -25.60000000000014708 ) ) ;
#2217 = CIRCLE ( 'NONE', #4810, 29.99999999999998934 ) ;
#2219 = CIRCLE ( 'NONE', #3884, 1.700000000000000178 ) ;
#2220 = LINE ( 'NONE', #1339, #891 ) ;
#2221 = CARTESIAN_POINT ( 'NONE',  ( 16.29999999999994031, 8.000000000000000000, -24.99926665591083363 ) ) ;
#2222 = ORIENTED_EDGE ( 'NONE', *, *, #3208, .F. ) ;
#2223 = VECTOR ( 'NONE', #1140, 1000.000000000000114 ) ;
#2224 = CARTESIAN_POINT ( 'NONE',  ( -25.31043203198699132, 22.00000000000016698, -25.60000000000009024 ) ) ;
#2225 = DIRECTION ( 'NONE',  ( -0.5000000000000034417, 0.8660254037844367092, -3.219245568722465410E-15 ) ) ;
#2226 = CARTESIAN_POINT ( 'NONE',  ( -44.01658075373096324, 43.20000000000004547, -25.60000000000016485 ) ) ;
#2227 = VECTOR ( 'NONE', #497, 1000.000000000000000 ) ;
#2228 = CIRCLE ( 'NONE', #318, 1.700000000000000178 ) ;
#2229 = DIRECTION ( 'NONE',  ( 0.000000000000000000, -1.000000000000000000, 3.097720492815725095E-15 ) ) ;
#2230 = VECTOR ( 'NONE', #4497, 1000.000000000000000 ) ;
#2231 = CIRCLE ( 'NONE', #3563, 29.99999999999998934 ) ;
#2232 = DIRECTION ( 'NONE',  ( 0.8660254037844397068, 0.000000000000000000, 0.4999999999999979461 ) ) ;
#2233 = ORIENTED_EDGE ( 'NONE', *, *, #3224, .T. ) ;
#2234 = ORIENTED_EDGE ( 'NONE', *, *, #3644, .F. ) ;
#2235 = ORIENTED_EDGE ( 'NONE', *, *, #2631, .F. ) ;
#2236 = VERTEX_POINT ( 'NONE', #2292 ) ;
#2237 = CARTESIAN_POINT ( 'NONE',  ( -13.50000000000009948, 60.00000000000002842, -20.14952439471788281 ) ) ;
#2238 = LINE ( 'NONE', #1072, #4887 ) ;
#2239 = VERTEX_POINT ( 'NONE', #1908 ) ;
#2240 = DIRECTION ( 'NONE',  ( 0.000000000000000000, -3.552713678800500929E-15, -1.000000000000000000 ) ) ;
#2241 = LINE ( 'NONE', #681, #3477 ) ;
#2242 = CARTESIAN_POINT ( 'NONE',  ( 10.70000000000025331, 60.00000000000002842, 21.76610514844876931 ) ) ;
#2243 = DIRECTION ( 'NONE',  ( 0.5000000000000101030, -0.8660254037844328234, 3.004629197474230499E-15 ) ) ;
#2244 = ORIENTED_EDGE ( 'NONE', *, *, #580, .F. ) ;
#2245 = DIRECTION ( 'NONE',  ( -0.4999999999999996669, 0.8660254037844388186, 0.000000000000000000 ) ) ;
#2246 = EDGE_CURVE ( 'NONE', #2763, #1607, #4646, .T. ) ;
#2247 = ORIENTED_EDGE ( 'NONE', *, *, #1329, .T. ) ;
#2248 = EDGE_CURVE ( 'NONE', #415, #466, #659, .T. ) ;
#2249 = DIRECTION ( 'NONE',  ( -0.000000000000000000, 3.552713678800500929E-15, 1.000000000000000000 ) ) ;
#2250 = DIRECTION ( 'NONE',  ( 0.000000000000000000, 1.000000000000000000, 0.000000000000000000 ) ) ;
#2251 = CARTESIAN_POINT ( 'NONE',  ( -31.77675504691080022, 22.00000000000013500, -22.00000000000009237 ) ) ;
#2252 = FACE_BOUND ( 'NONE', #3354, .T. ) ;
#2253 = ORIENTED_EDGE ( 'NONE', *, *, #4486, .F. ) ;
#2254 = FACE_OUTER_BOUND ( 'NONE', #4946, .T. ) ;
#2255 = VERTEX_POINT ( 'NONE', #3025 ) ;
#2256 = ORIENTED_EDGE ( 'NONE', *, *, #3920, .T. ) ;
#2257 = EDGE_CURVE ( 'NONE', #3614, #1492, #2667, .T. ) ;
#2258 = ORIENTED_EDGE ( 'NONE', *, *, #4866, .F. ) ;
#2259 = EDGE_CURVE ( 'NONE', #2360, #412, #1076, .T. ) ;
#2260 = EDGE_CURVE ( 'NONE', #100, #2261, #4253, .T. ) ;
#2261 = VERTEX_POINT ( 'NONE', #2744 ) ;
#2262 = FACE_OUTER_BOUND ( 'NONE', #2584, .T. ) ;
#2263 = ORIENTED_EDGE ( 'NONE', *, *, #3732, .T. ) ;
#2264 = CARTESIAN_POINT ( 'NONE',  ( 15.49999999999999645, 0.000000000000000000, -15.50000000000000178 ) ) ;
#2265 = FACE_BOUND ( 'NONE', #1104, .T. ) ;
#2266 = CARTESIAN_POINT ( 'NONE',  ( -26.92701278571797729, 24.80000000000017835, -22.00000000000010303 ) ) ;
#2267 = EDGE_LOOP ( 'NONE', ( #3272, #677, #844, #2178 ) ) ;
#2268 = LINE ( 'NONE', #1157, #4710 ) ;
#2269 = VERTEX_POINT ( 'NONE', #2342 ) ;
#2270 = PLANE ( 'NONE',  #1452 ) ;
#2271 = DIRECTION ( 'NONE',  ( 0.000000000000000000, 0.000000000000000000, -1.000000000000000000 ) ) ;
#2272 = DIRECTION ( 'NONE',  ( 0.000000000000000000, 1.000000000000000000, 0.000000000000000000 ) ) ;
#2273 = CARTESIAN_POINT ( 'NONE',  ( -16.37820639017468949, 8.000000000000000000, 25.13472409716964506 ) ) ;
#2274 = EDGE_CURVE ( 'NONE', #22, #940, #360, .T. ) ;
#2275 = EDGE_CURVE ( 'NONE', #3462, #4578, #1571, .T. ) ;
#2276 = DIRECTION ( 'NONE',  ( 0.000000000000000000, 3.593355771666226926E-15, 1.000000000000000000 ) ) ;
#2277 = ORIENTED_EDGE ( 'NONE', *, *, #4322, .T. ) ;
#2278 = ORIENTED_EDGE ( 'NONE', *, *, #1216, .F. ) ;
#2279 = CIRCLE ( 'NONE', #3035, 12.00000000000000178 ) ;
#2280 = ORIENTED_EDGE ( 'NONE', *, *, #1447, .F. ) ;
#2281 = APPROVAL_PERSON_ORGANIZATION ( #1566, #4544, #3930 ) ;
#2282 = VERTEX_POINT ( 'NONE', #4751 ) ;
#2284 = PLANE ( 'NONE',  #3303 ) ;
#2283 = CONICAL_SURFACE ( 'NONE', #3544, 3.360000000000002096, 0.7853981633974504994 ) ;
#2285 = EDGE_CURVE ( 'NONE', #790, #20, #3798, .T. ) ;
#2286 = ORIENTED_EDGE ( 'NONE', *, *, #592, .F. ) ;
#2287 = ADVANCED_FACE ( 'NONE', ( #1423 ), #4104, .F. ) ;
#2288 = EDGE_CURVE ( 'NONE', #1660, #4245, #2093, .T. ) ;
#2289 = CARTESIAN_POINT ( 'NONE',  ( -42.40000000000000568, 14.00000000000000533, -30.00000000000031619 ) ) ;
#2290 = VECTOR ( 'NONE', #4018, 1000.000000000000000 ) ;
#2291 = LINE ( 'NONE', #1438, #567 ) ;
#2292 = CARTESIAN_POINT ( 'NONE',  ( -57.90000000000000568, 48.86000000000000654, -30.00000000000018829 ) ) ;
#2293 = CIRCLE ( 'NONE', #1635, 1.700000000000000178 ) ;
#2294 = PLANE ( 'NONE',  #4061 ) ;
#2295 = VERTEX_POINT ( 'NONE', #1344 ) ;
#2296 = DIRECTION ( 'NONE',  ( 0.000000000000000000, 1.000000000000000000, 0.000000000000000000 ) ) ;
#2297 = ORIENTED_EDGE ( 'NONE', *, *, #801, .T. ) ;
#2298 = VECTOR ( 'NONE', #1740, 1000.000000000000114 ) ;
#2299 = FACE_OUTER_BOUND ( 'NONE', #2, .T. ) ;
#2300 = FACE_OUTER_BOUND ( 'NONE', #143, .T. ) ;
#2301 = DIRECTION ( 'NONE',  ( 0.000000000000000000, 0.000000000000000000, -1.000000000000000000 ) ) ;
#2302 = VECTOR ( 'NONE', #2941, 999.9999999999998863 ) ;
#2303 = EDGE_CURVE ( 'NONE', #4439, #461, #609, .T. ) ;
#2304 = AXIS2_PLACEMENT_3D ( 'NONE', #1602, #4395, #3660 ) ;
#2305 = CARTESIAN_POINT ( 'NONE',  ( -28.54359353944891353, 23.70000000000013785, -30.00000000000034817 ) ) ;
#2306 = ORIENTED_EDGE ( 'NONE', *, *, #4561, .F. ) ;
#2307 = EDGE_CURVE ( 'NONE', #1815, #1036, #3685, .T. ) ;
#2308 = VECTOR ( 'NONE', #3752, 1000.000000000000000 ) ;
#2309 = DIRECTION ( 'NONE',  ( -0.000000000000000000, -1.000000000000000000, 0.000000000000000000 ) ) ;
#2310 = EDGE_LOOP ( 'NONE', ( #3541, #913, #2816, #916 ) ) ;
#2311 = ORIENTED_EDGE ( 'NONE', *, *, #4917, .T. ) ;
#2312 = CONICAL_SURFACE ( 'NONE', #5068, 3.359999999999998543, 0.7853981633974482790 ) ;
#2313 = EDGE_CURVE ( 'NONE', #2295, #3411, #115, .T. ) ;
#2314 = ORIENTED_EDGE ( 'NONE', *, *, #87, .F. ) ;
#2315 = EDGE_CURVE ( 'NONE', #2100, #3171, #4999, .T. ) ;
#2316 = ORIENTED_EDGE ( 'NONE', *, *, #3847, .T. ) ;
#2317 = DIRECTION ( 'NONE',  ( 0.4999999999999985567, 0.8660254037844394848, -2.790012826226032270E-15 ) ) ;
#2318 = ORIENTED_EDGE ( 'NONE', *, *, #2811, .T. ) ;
#2319 = PERSON_AND_ORGANIZATION_ROLE ( 'creator' ) ;
#2320 = DIRECTION ( 'NONE',  ( 0.000000000000000000, 0.000000000000000000, 1.000000000000000000 ) ) ;
#2321 = LINE ( 'NONE', #4694, #3464 ) ;
#2322 = EDGE_CURVE ( 'NONE', #2646, #4344, #2293, .T. ) ;
#2323 = CARTESIAN_POINT ( 'NONE',  ( 0.000000000000000000, 0.000000000000000000, 0.000000000000000000 ) ) ;
#2324 = ORIENTED_EDGE ( 'NONE', *, *, #1901, .T. ) ;
#2325 = CYLINDRICAL_SURFACE ( 'NONE', #1712, 1.700000000000000178 ) ;
#2326 = ORIENTED_EDGE ( 'NONE', *, *, #1839, .T. ) ;
#2327 = LINE ( 'NONE', #1260, #2874 ) ;
#2328 = DIRECTION ( 'NONE',  ( 0.7921073478508945387, 0.000000000000000000, -0.6103818063152128826 ) ) ;
#2329 = DIRECTION ( 'NONE',  ( 0.8660254037844371533, 0.000000000000000000, -0.5000000000000026645 ) ) ;
#2330 = DIRECTION ( 'NONE',  ( -0.000000000000000000, -1.000000000000000000, 0.000000000000000000 ) ) ;
#2331 = EDGE_CURVE ( 'NONE', #2024, #4192, #3347, .T. ) ;
#2332 = LINE ( 'NONE', #377, #1554 ) ;
#2333 = ORIENTED_EDGE ( 'NONE', *, *, #3948, .F. ) ;
#2334 = VERTEX_POINT ( 'NONE', #512 ) ;
#2335 = DIRECTION ( 'NONE',  ( 0.000000000000000000, 0.000000000000000000, -1.000000000000000000 ) ) ;
#2336 = ORIENTED_EDGE ( 'NONE', *, *, #5038, .T. ) ;
#2337 = ORIENTED_EDGE ( 'NONE', *, *, #4548, .T. ) ;
#2338 = CARTESIAN_POINT ( 'NONE',  ( -54.63982570682013318, 40.80000000000000426, -25.60000000000015774 ) ) ;
#2339 = ORIENTED_EDGE ( 'NONE', *, *, #2841, .F. ) ;
#2340 = CALENDAR_DATE ( 2026, 26, 2 ) ;
#2341 = DIRECTION ( 'NONE',  ( 2.146163712482199228E-16, 3.593355771666226926E-15, 1.000000000000000000 ) ) ;
#2342 = CARTESIAN_POINT ( 'NONE',  ( -26.90000000000000568, 47.30000000000003268, -22.00000000000017764 ) ) ;
#2343 = LINE ( 'NONE', #1177, #2397 ) ;
#2344 = DIRECTION ( 'NONE',  ( 0.000000000000000000, -1.000000000000000000, 3.097720492815725095E-15 ) ) ;
#2345 = VERTEX_POINT ( 'NONE', #954 ) ;
#2346 = DIRECTION ( 'NONE',  ( 0.000000000000000000, 1.000000000000000000, -0.000000000000000000 ) ) ;
#2347 = VERTEX_POINT ( 'NONE', #4944 ) ;
#2348 = DIRECTION ( 'NONE',  ( 7.617846651086544702E-17, -3.552713678800500929E-15, -1.000000000000000000 ) ) ;
#2349 = DIRECTION ( 'NONE',  ( 0.000000000000000000, 1.000000000000000000, 0.000000000000000000 ) ) ;
#2350 = ORIENTED_EDGE ( 'NONE', *, *, #920, .T. ) ;
#2351 = LINE ( 'NONE', #3866, #4889 ) ;
#2352 = CARTESIAN_POINT ( 'NONE',  ( -40.78341924626905524, 11.20000000000000284, -25.60000000000005471 ) ) ;
#2353 = ORIENTED_EDGE ( 'NONE', *, *, #3078, .F. ) ;
#2354 = EDGE_CURVE ( 'NONE', #4324, #2439, #4463, .T. ) ;
#2355 = EDGE_CURVE ( 'NONE', #1410, #3773, #2466, .T. ) ;
#2356 = LINE ( 'NONE', #1103, #1718 ) ;
#2357 = VERTEX_POINT ( 'NONE', #2569 ) ;
#2358 = ORIENTED_EDGE ( 'NONE', *, *, #4427, .F. ) ;
#2359 = CARTESIAN_POINT ( 'NONE',  ( -26.90000000000000568, 42.14000000000000767, -30.00000000000016698 ) ) ;
#2360 = VERTEX_POINT ( 'NONE', #2170 ) ;
#2361 = ORIENTED_EDGE ( 'NONE', *, *, #225, .F. ) ;
#2362 = DIRECTION ( 'NONE',  ( -0.000000000000000000, -1.000000000000000000, 0.000000000000000000 ) ) ;
#2363 = VERTEX_POINT ( 'NONE', #4521 ) ;
#2364 = VECTOR ( 'NONE', #4335, 1000.000000000000000 ) ;
#2365 = PERSON_AND_ORGANIZATION ( #904, #126 ) ;
#2366 = EDGE_CURVE ( 'NONE', #1017, #4106, #191, .T. ) ;
#2367 = FACE_OUTER_BOUND ( 'NONE', #4920, .T. ) ;
#2368 = VECTOR ( 'NONE', #1488, 1000.000000000000114 ) ;
#2369 = VECTOR ( 'NONE', #4517, 1000.000000000000000 ) ;
#2370 = DIRECTION ( 'NONE',  ( 7.617846651086544702E-17, -3.552713678800500929E-15, -1.000000000000000000 ) ) ;
#2371 = DIRECTION ( 'NONE',  ( -0.8660254037844383745, 0.000000000000000000, 0.5000000000000003331 ) ) ;
#2372 = CARTESIAN_POINT ( 'NONE',  ( 13.49999999999994671, 5.400000000000000355, -23.38268590217987608 ) ) ;
#2373 = LINE ( 'NONE', #868, #883 ) ;
#2374 = EDGE_CURVE ( 'NONE', #1158, #466, #3008, .T. ) ;
#2375 = AXIS2_PLACEMENT_3D ( 'NONE', #2567, #534, #3005 ) ;
#2376 = DIRECTION ( 'NONE',  ( 0.000000000000000000, -1.000000000000000000, 3.700743415417189520E-15 ) ) ;
#2377 = CIRCLE ( 'NONE', #1960, 1.700000000000000178 ) ;
#2378 = DIRECTION ( 'NONE',  ( -0.8660254037844392627, 0.000000000000000000, -0.4999999999999989453 ) ) ;
#2379 = EDGE_LOOP ( 'NONE', ( #2693, #4287 ) ) ;
#2380 = DIRECTION ( 'NONE',  ( 0.000000000000000000, -1.000000000000000000, -0.000000000000000000 ) ) ;
#2381 = DIRECTION ( 'NONE',  ( 0.000000000000000000, 0.000000000000000000, -1.000000000000000000 ) ) ;
#2382 = VECTOR ( 'NONE', #4243, 1000.000000000000227 ) ;
#2383 = EDGE_CURVE ( 'NONE', #3688, #4245, #2985, .T. ) ;
#2384 = DIRECTION ( 'NONE',  ( 0.8660254037844371533, 0.000000000000000000, -0.5000000000000026645 ) ) ;
#2385 = EDGE_LOOP ( 'NONE', ( #2464, #4400, #1397, #4110 ) ) ;
#2386 = VECTOR ( 'NONE', #2713, 1000.000000000000000 ) ;
#2387 = CARTESIAN_POINT ( 'NONE',  ( 13.57820639017451825, 5.400000000000000355, 26.75130485090070565 ) ) ;
#2388 = EDGE_LOOP ( 'NONE', ( #922, #4858, #2802, #3937 ) ) ;
#2389 = VECTOR ( 'NONE', #4418, 1000.000000000000000 ) ;
#2390 = AXIS2_PLACEMENT_3D ( 'NONE', #1261, #3164, #482 ) ;
#2391 = VECTOR ( 'NONE', #4879, 1000.000000000000114 ) ;
#2392 = VERTEX_POINT ( 'NONE', #3791 ) ;
#2393 = PLANE ( 'NONE',  #2561 ) ;
#2394 = CIRCLE ( 'NONE', #2815, 1.799999999999985612 ) ;
#2395 = ORIENTED_EDGE ( 'NONE', *, *, #1105, .F. ) ;
#2396 = CIRCLE ( 'NONE', #1150, 1.700000000000000178 ) ;
#2398 = ORIENTED_EDGE ( 'NONE', *, *, #3985, .F. ) ;
#2397 = VECTOR ( 'NONE', #4351, 1000.000000000000000 ) ;
#2399 = CARTESIAN_POINT ( 'NONE',  ( -30.16017429317980358, 19.20000000000014140, -22.00000000000008171 ) ) ;
#2400 = ORIENTED_EDGE ( 'NONE', *, *, #1746, .F. ) ;
#2401 = PERSON_AND_ORGANIZATION_ROLE ( 'classification_officer' ) ;
#2403 = DIRECTION ( 'NONE',  ( -2.146163712482203172E-16, 3.345538132240846046E-15, 1.000000000000000000 ) ) ;
#2402 = AXIS2_PLACEMENT_3D ( 'NONE', #3768, #540, #1744 ) ;
#2404 = DIRECTION ( 'NONE',  ( 1.000000000000000000, 0.000000000000000000, 1.031762615983161979E-16 ) ) ;
#2405 = CARTESIAN_POINT ( 'NONE',  ( 13.57820639017451825, 8.000000000000000000, 26.75130485090070565 ) ) ;
#2406 = DIRECTION ( 'NONE',  ( -0.4999999999999901745, -0.8660254037844442587, 3.219245568722515503E-15 ) ) ;
#2407 = LINE ( 'NONE', #3627, #4455 ) ;
#2408 = DIRECTION ( 'NONE',  ( 0.000000000000000000, 3.717264591378872007E-15, 1.000000000000000000 ) ) ;
#2409 = CARTESIAN_POINT ( 'NONE',  ( -26.89999999999999858, 14.50000000000000888, -30.00000000000006040 ) ) ;
#2410 = ORIENTED_EDGE ( 'NONE', *, *, #612, .F. ) ;
#2411 = CARTESIAN_POINT ( 'NONE',  ( 13.50000000000027178, 5.400000000000000355, 23.38268590217968423 ) ) ;
#2412 = LINE ( 'NONE', #429, #2890 ) ;
#2413 = DIRECTION ( 'NONE',  ( -0.000000000000000000, -1.000000000000000000, 0.000000000000000000 ) ) ;
#2414 = ORIENTED_EDGE ( 'NONE', *, *, #1357, .F. ) ;
#2415 = DIRECTION ( 'NONE',  ( 0.000000000000000000, 1.000000000000000000, -4.081702296416015997E-15 ) ) ;
#2416 = ORIENTED_EDGE ( 'NONE', *, *, #2103, .T. ) ;
#2417 = VERTEX_POINT ( 'NONE', #4601 ) ;
#2418 = CARTESIAN_POINT ( 'NONE',  ( -44.01658075373095613, 11.20000000000000284, -25.60000000000005471 ) ) ;
#2419 = VERTEX_POINT ( 'NONE', #220 ) ;
#2420 = EDGE_CURVE ( 'NONE', #4605, #1972, #1463, .T. ) ;
#2421 = VERTEX_POINT ( 'NONE', #1739 ) ;
#2422 = FACE_OUTER_BOUND ( 'NONE', #1427, .T. ) ;
#2423 = VERTEX_POINT ( 'NONE', #4921 ) ;
#2424 = EDGE_CURVE ( 'NONE', #4117, #1815, #2493, .T. ) ;
#2425 = COORDINATED_UNIVERSAL_TIME_OFFSET ( 8, 0, .AHEAD. ) ;
#2426 = EDGE_CURVE ( 'NONE', #5151, #2030, #3215, .T. ) ;
#2427 = CARTESIAN_POINT ( 'NONE',  ( 16.78755610176370894, 1.293321843319615638, 25.84373859570590426 ) ) ;
#2428 = DIRECTION ( 'NONE',  ( 0.000000000000000000, 1.000000000000000000, -3.854941057726268666E-15 ) ) ;
#2429 = ORIENTED_EDGE ( 'NONE', *, *, #2577, .F. ) ;
#2430 = CARTESIAN_POINT ( 'NONE',  ( -26.92701278571790624, 19.20000000000015916, -25.60000000000007958 ) ) ;
#2431 = CYLINDRICAL_SURFACE ( 'NONE', #3371, 1.700000000000000178 ) ;
#2432 = CARTESIAN_POINT ( 'NONE',  ( 15.50000000000000000, 1.560000000000005826, 13.70000000000000639 ) ) ;
#2433 = ORIENTED_EDGE ( 'NONE', *, *, #2558, .F. ) ;
#2434 = CARTESIAN_POINT ( 'NONE',  ( 16.37820639017451541, 5.400000000000000355, 25.13472409716975875 ) ) ;
#2435 = CARTESIAN_POINT ( 'NONE',  ( -54.63982570682010476, 35.20000000000000995, -22.00000000000013856 ) ) ;
#2436 = DIRECTION ( 'NONE',  ( -0.8660254037844368202, 0.000000000000000000, 0.5000000000000032196 ) ) ;
#2437 = EDGE_LOOP ( 'NONE', ( #230, #1802, #1966, #3548 ) ) ;
#2438 = CARTESIAN_POINT ( 'NONE',  ( 15.50000000000000000, 8.000000000000000000, 13.70000000000000817 ) ) ;
#2439 = VERTEX_POINT ( 'NONE', #1937 ) ;
#2440 = ORIENTED_EDGE ( 'NONE', *, *, #3882, .F. ) ;
#2441 = ADVANCED_FACE ( 'NONE', ( #3495 ), #1496, .F. ) ;
#2442 = DIRECTION ( 'NONE',  ( -0.000000000000000000, -1.000000000000000000, -0.000000000000000000 ) ) ;
#2443 = ADVANCED_FACE ( 'NONE', ( #1031 ), #4623, .F. ) ;
#2444 = ORIENTED_EDGE ( 'NONE', *, *, #3223, .T. ) ;
#2445 = ORIENTED_EDGE ( 'NONE', *, *, #1940, .F. ) ;
#2446 = DIRECTION ( 'NONE',  ( 0.000000000000000000, 0.000000000000000000, -1.000000000000000000 ) ) ;
#2447 = AXIS2_PLACEMENT_3D ( 'NONE', #1081, #3844, #2674 ) ;
#2448 = CARTESIAN_POINT ( 'NONE',  ( -40.78341924626905524, 48.80000000000006111, -22.00000000000018474 ) ) ;
#2449 = CARTESIAN_POINT ( 'NONE',  ( 13.49999999999993960, 5.400000000000000355, -26.61584740964178053 ) ) ;
#2450 = ORIENTED_EDGE ( 'NONE', *, *, #1547, .F. ) ;
#2451 = EDGE_CURVE ( 'NONE', #1374, #5128, #4259, .T. ) ;
#2452 = CARTESIAN_POINT ( 'NONE',  ( -44.01658075373096324, 43.20000000000005969, -22.00000000000016698 ) ) ;
#2453 = CARTESIAN_POINT ( 'NONE',  ( -15.50000000000000355, 1.560000000000005826, -13.70000000000000817 ) ) ;
#2454 = AXIS2_PLACEMENT_3D ( 'NONE', #3676, #4856, #3700 ) ;
#2455 = DIRECTION ( 'NONE',  ( 0.8660254037844442587, -0.4999999999999902300, 1.759062599773003062E-15 ) ) ;
#2456 = EDGE_LOOP ( 'NONE', ( #2203, #2754, #239, #541 ) ) ;
#2457 = DIRECTION ( 'NONE',  ( 0.8660254037844394848, -0.4999999999999985012, 1.627117625333528354E-15 ) ) ;
#2458 = LINE ( 'NONE', #1187, #3802 ) ;
#2459 = LINE ( 'NONE', #4054, #1542 ) ;
#2460 = ORIENTED_EDGE ( 'NONE', *, *, #3118, .F. ) ;
#2461 = AXIS2_PLACEMENT_3D ( 'NONE', #4303, #1535, #628 ) ;
#2462 = EDGE_CURVE ( 'NONE', #1912, #3368, #4310, .T. ) ;
#2463 = CARTESIAN_POINT ( 'NONE',  ( -59.48956796801291347, 21.99999999999993960, -25.60000000000009024 ) ) ;
#2464 = ORIENTED_EDGE ( 'NONE', *, *, #2762, .F. ) ;
#2465 = CONICAL_SURFACE ( 'NONE', #215, 3.360000000000002096, 0.7853981633974492782 ) ;
#2466 = CIRCLE ( 'NONE', #52, 1.700000000000000178 ) ;
#2467 = ORIENTED_EDGE ( 'NONE', *, *, #3904, .T. ) ;
#2468 = CARTESIAN_POINT ( 'NONE',  ( -57.90000000000000568, 47.30000000000001137, -28.44000000000017891 ) ) ;
#2469 = AXIS2_PLACEMENT_3D ( 'NONE', #1408, #392, #362 ) ;
#2470 = VECTOR ( 'NONE', #1582, 1000.000000000000114 ) ;
#2471 = AXIS2_PLACEMENT_3D ( 'NONE', #4994, #4888, #1419 ) ;
#2472 = ORIENTED_EDGE ( 'NONE', *, *, #3012, .F. ) ;
#2473 = CC_DESIGN_PERSON_AND_ORGANIZATION_ASSIGNMENT ( #338, #3990, ( #1210 ) ) ;
#2474 = ORIENTED_EDGE ( 'NONE', *, *, #981, .F. ) ;
#2475 = EDGE_CURVE ( 'NONE', #4084, #2345, #1544, .T. ) ;
#2477 = DIRECTION ( 'NONE',  ( 0.000000000000000000, 0.000000000000000000, -1.000000000000000000 ) ) ;
#2476 = CIRCLE ( 'NONE', #2304, 1.799999999999987388 ) ;
#2478 = CIRCLE ( 'NONE', #989, 1.700000000000000178 ) ;
#2479 = VERTEX_POINT ( 'NONE', #2675 ) ;
#2480 = CARTESIAN_POINT ( 'NONE',  ( -29.80000000000000071, 60.00000000000002842, 1.616580753730952003 ) ) ;
#2481 = CARTESIAN_POINT ( 'NONE',  ( -15.50000000000000355, 0.000000000000000000, -12.14000000000000234 ) ) ;
#2482 = DIRECTION ( 'NONE',  ( -0.8660254037844328234, -0.5000000000000101030, 1.817990202823767988E-15 ) ) ;
#2483 = AXIS2_PLACEMENT_3D ( 'NONE', #3794, #1790, #5002 ) ;
#2484 = AXIS2_PLACEMENT_3D ( 'NONE', #2918, #2341, #359 ) ;
#2485 = CARTESIAN_POINT ( 'NONE',  ( -26.92701278571790624, 19.20000000000015916, -25.60000000000007958 ) ) ;
#2486 = CARTESIAN_POINT ( 'NONE',  ( -5.349999999999891287, 8.000000000000000000, 9.266471820493551448 ) ) ;
#2487 = VERTEX_POINT ( 'NONE', #2697 ) ;
#2488 = FACE_OUTER_BOUND ( 'NONE', #2437, .T. ) ;
#2489 = LINE ( 'NONE', #2855, #2134 ) ;
#2490 = CARTESIAN_POINT ( 'NONE',  ( -28.54359353944907696, 38.00000000000017053, -30.00000000000039790 ) ) ;
#2491 = VERTEX_POINT ( 'NONE', #3474 ) ;
#2492 = EDGE_CURVE ( 'NONE', #3294, #2881, #2205, .T. ) ;
#2493 = LINE ( 'NONE', #4894, #4801 ) ;
#2494 = CARTESIAN_POINT ( 'NONE',  ( -25.31043203198716185, 38.00000000000024158, -25.60000000000014708 ) ) ;
#2495 = EDGE_LOOP ( 'NONE', ( #841, #963, #3662, #1905 ) ) ;
#2496 = EDGE_CURVE ( 'NONE', #4845, #2054, #689, .T. ) ;
#2497 = VERTEX_POINT ( 'NONE', #1126 ) ;
#2498 = LINE ( 'NONE', #4478, #1236 ) ;
#2499 = CARTESIAN_POINT ( 'NONE',  ( -13.50000000000009948, 8.000000000000000000, -20.14952439471788281 ) ) ;
#2500 = ORIENTED_EDGE ( 'NONE', *, *, #1940, .T. ) ;
#2501 = ORIENTED_EDGE ( 'NONE', *, *, #2688, .F. ) ;
#2502 = DIRECTION ( 'NONE',  ( -0.5000000000000087708, 0.000000000000000000, -0.8660254037844336006 ) ) ;
#2503 = ORIENTED_EDGE ( 'NONE', *, *, #644, .T. ) ;
#2504 = LINE ( 'NONE', #4093, #391 ) ;
#2505 = CARTESIAN_POINT ( 'NONE',  ( 0.000000000000000000, 8.000000000000000000, 0.000000000000000000 ) ) ;
#2506 = CARTESIAN_POINT ( 'NONE',  ( 16.37820639017451541, 8.000000000000000000, 25.13472409716975164 ) ) ;
#2507 = LINE ( 'NONE', #1780, #1952 ) ;
#2508 = DIRECTION ( 'NONE',  ( 0.000000000000000000, -3.552713678800500929E-15, -1.000000000000000000 ) ) ;
#2509 = DIRECTION ( 'NONE',  ( 0.8660254037844387076, 0.000000000000000000, -0.4999999999999998335 ) ) ;
#2510 = CARTESIAN_POINT ( 'NONE',  ( -10.70000000000011831, 60.00000000000002842, -24.99926665591075192 ) ) ;
#2511 = DIRECTION ( 'NONE',  ( -1.254552017826427048E-14, 0.000000000000000000, -1.000000000000000000 ) ) ;
#2512 = VERTEX_POINT ( 'NONE', #1055 ) ;
#2513 = CARTESIAN_POINT ( 'NONE',  ( -57.90000000000000568, 42.14000000000000057, -30.00000000000017053 ) ) ;
#2514 = CARTESIAN_POINT ( 'NONE',  ( -54.82640687119288714, 8.000000000000000000, -22.00000000000000711 ) ) ;
#2515 = ORIENTED_EDGE ( 'NONE', *, *, #1998, .F. ) ;
#2516 = EDGE_CURVE ( 'NONE', #1421, #779, #3709, .T. ) ;
#2517 = ORIENTED_EDGE ( 'NONE', *, *, #1758, .T. ) ;
#2518 = DIRECTION ( 'NONE',  ( 0.000000000000000000, 0.000000000000000000, 1.000000000000000000 ) ) ;
#2519 = EDGE_CURVE ( 'NONE', #3650, #262, #629, .T. ) ;
#2520 = PRODUCT ( 'MirroredLPlate', 'MirroredLPlate', '', ( #731 ) ) ;
#2521 = DIRECTION ( 'NONE',  ( 0.000000000000000000, 1.000000000000000000, -0.000000000000000000 ) ) ;
#2522 = ORIENTED_EDGE ( 'NONE', *, *, #4050, .F. ) ;
#2523 = ORIENTED_EDGE ( 'NONE', *, *, #3596, .F. ) ;
#2524 = CARTESIAN_POINT ( 'NONE',  ( 15.50000000000000000, 1.560000000000005826, 17.29999999999999005 ) ) ;
#2525 = ORIENTED_EDGE ( 'NONE', *, *, #1019, .F. ) ;
#2526 = DIRECTION ( 'NONE',  ( 0.000000000000000000, 0.000000000000000000, 1.000000000000000000 ) ) ;
#2527 = CARTESIAN_POINT ( 'NONE',  ( 29.95641278034914734, 8.000000000000000000, 1.616580753730948672 ) ) ;
#2528 = CARTESIAN_POINT ( 'NONE',  ( -15.50000000000000355, 0.000000000000000000, -18.86000000000000298 ) ) ;
#2529 = EDGE_CURVE ( 'NONE', #2479, #699, #250, .T. ) ;
#2530 = LINE ( 'NONE', #926, #619 ) ;
#2531 = DIRECTION ( 'NONE',  ( -0.8660254037844443697, 0.000000000000000000, -0.4999999999999900080 ) ) ;
#2532 = PLANE ( 'NONE',  #4125 ) ;
#2533 = ADVANCED_FACE ( 'NONE', ( #2300 ), #471, .F. ) ;
#2534 = DIRECTION ( 'NONE',  ( -5.495603971894524875E-15, 0.000000000000000000, -1.000000000000000000 ) ) ;
#2535 = LINE ( 'NONE', #1340, #3455 ) ;
#2536 = EDGE_CURVE ( 'NONE', #3942, #1086, #3896, .T. ) ;
#2537 = ORIENTED_EDGE ( 'NONE', *, *, #2516, .F. ) ;
#2538 = VECTOR ( 'NONE', #822, 1000.000000000000000 ) ;
#2539 = DIRECTION ( 'NONE',  ( 0.000000000000000000, -1.000000000000000000, 3.758567531283081775E-15 ) ) ;
#2540 = EDGE_CURVE ( 'NONE', #290, #1920, #1299, .T. ) ;
#2541 = DIRECTION ( 'NONE',  ( -0.6103818063152128826, 0.000000000000000000, -0.7921073478508945387 ) ) ;
#2542 = CC_DESIGN_APPROVAL ( #3615, ( #711 ) ) ;
#2543 = CIRCLE ( 'NONE', #713, 1.799999999999996048 ) ;
#2544 = ORIENTED_EDGE ( 'NONE', *, *, #1009, .F. ) ;
#2545 = FACE_BOUND ( 'NONE', #41, .T. ) ;
#2546 = CIRCLE ( 'NONE', #2716, 1.700000000000000178 ) ;
#2547 = DIRECTION ( 'NONE',  ( 0.000000000000000000, 0.000000000000000000, -1.000000000000000000 ) ) ;
#2548 = VERTEX_POINT ( 'NONE', #744 ) ;
#2549 = VECTOR ( 'NONE', #4835, 1000.000000000000000 ) ;
#2550 = ORIENTED_EDGE ( 'NONE', *, *, #3668, .T. ) ;
#2551 = LINE ( 'NONE', #103, #2970 ) ;
#2552 = VECTOR ( 'NONE', #955, 1000.000000000000000 ) ;
#2553 = VECTOR ( 'NONE', #1717, 1000.000000000000227 ) ;
#2554 = VECTOR ( 'NONE', #244, 1000.000000000000000 ) ;
#2555 = VERTEX_POINT ( 'NONE', #3106 ) ;
#2556 = CARTESIAN_POINT ( 'NONE',  ( -30.16017429318005583, 40.80000000000015348, -25.60000000000015774 ) ) ;
#2557 = CARTESIAN_POINT ( 'NONE',  ( -13.49999999999978328, 5.400000000000000355, 25.08268590217996774 ) ) ;
#2558 = EDGE_CURVE ( 'NONE', #2751, #410, #3137, .T. ) ;
#2559 = CARTESIAN_POINT ( 'NONE',  ( -26.89999999999999858, 14.50000000000001421, -28.44000000000005457 ) ) ;
#2560 = PLANE ( 'NONE',  #47 ) ;
#2561 = AXIS2_PLACEMENT_3D ( 'NONE', #3527, #1585, #1193 ) ;
#2562 = LINE ( 'NONE', #4155, #1979 ) ;
#2563 = DIRECTION ( 'NONE',  ( 0.8660254037844445918, 0.000000000000000000, 0.4999999999999895084 ) ) ;
#2565 = DIRECTION ( 'NONE',  ( 3.402186748401744277E-17, 3.577052802596770261E-15, 1.000000000000000000 ) ) ;
#2564 = VECTOR ( 'NONE', #5162, 1000.000000000000000 ) ;
#2566 = CIRCLE ( 'NONE', #494, 1.799999999999989164 ) ;
#2567 = CARTESIAN_POINT ( 'NONE',  ( 24.19999999999999929, 60.00000000000002842, 1.616580753730953779 ) ) ;
#2568 = EDGE_LOOP ( 'NONE', ( #3929, #124, #3451, #2318, #1704, #498 ) ) ;
#2569 = CARTESIAN_POINT ( 'NONE',  ( -13.49999999999981348, 5.400000000000000355, 20.14952439471806400 ) ) ;
#2570 = CARTESIAN_POINT ( 'NONE',  ( -28.54359353944891353, 22.00000000000015277, -25.60000000000009024 ) ) ;
#2571 = ORIENTED_EDGE ( 'NONE', *, *, #82, .F. ) ;
#2572 = CARTESIAN_POINT ( 'NONE',  ( 0.000000000000000000, 8.000000000000000000, 0.000000000000000000 ) ) ;
#2573 = CARTESIAN_POINT ( 'NONE',  ( -13.49999999999981348, 5.400000000000000355, 20.14952439471806400 ) ) ;
#2574 = ORIENTED_EDGE ( 'NONE', *, *, #4010, .F. ) ;
#2575 = ORIENTED_EDGE ( 'NONE', *, *, #2426, .F. ) ;
#2576 = FACE_OUTER_BOUND ( 'NONE', #1675, .T. ) ;
#2577 = EDGE_CURVE ( 'NONE', #1607, #4343, #2377, .T. ) ;
#2578 = VERTEX_POINT ( 'NONE', #5020 ) ;
#2579 = ADVANCED_FACE ( 'NONE', ( #1444, #4240 ), #1470, .T. ) ;
#2580 = EDGE_LOOP ( 'NONE', ( #5133, #1069, #4852, #4560 ) ) ;
#2581 = DIRECTION ( 'NONE',  ( 1.073081856240826668E-15, 0.000000000000000000, -1.000000000000000000 ) ) ;
#2582 = CARTESIAN_POINT ( 'NONE',  ( -15.50000000000000355, 0.000000000000000000, -15.50000000000000178 ) ) ;
#2583 = EDGE_CURVE ( 'NONE', #663, #1578, #12, .T. ) ;
#2584 = EDGE_LOOP ( 'NONE', ( #3652, #5101, #1841, #1351, #1711 ) ) ;
#2585 = DIRECTION ( 'NONE',  ( 0.000000000000000000, -1.000000000000000000, 3.854941057726253677E-15 ) ) ;
#2586 = ADVANCED_FACE ( 'NONE', ( #370 ), #789, .T. ) ;
#2587 = DIRECTION ( 'NONE',  ( 0.7071067811865490160, 0.7071067811865460184, -2.458281623643809940E-15 ) ) ;
#2588 = LINE ( 'NONE', #4179, #4734 ) ;
#2589 = CARTESIAN_POINT ( 'NONE',  ( 21.21320343559646915, 8.000000000000000000, -21.21320343559638033 ) ) ;
#2590 = LINE ( 'NONE', #1394, #223 ) ;
#2591 = FACE_OUTER_BOUND ( 'NONE', #3893, .T. ) ;
#2592 = ORIENTED_EDGE ( 'NONE', *, *, #4449, .T. ) ;
#2593 = CARTESIAN_POINT ( 'NONE',  ( -39.16683849253811189, 46.00000000000007105, -22.00000000000017408 ) ) ;
#2594 = CARTESIAN_POINT ( 'NONE',  ( 27.00000000000000000, 0.000000000000000000, 1.700000000000000178 ) ) ;
#2595 = DIRECTION ( 'NONE',  ( 0.000000000000000000, 0.000000000000000000, -1.000000000000000000 ) ) ;
#2596 = DIRECTION ( 'NONE',  ( 0.000000000000000000, 1.000000000000000000, -0.000000000000000000 ) ) ;
#2597 = ORIENTED_EDGE ( 'NONE', *, *, #4069, .F. ) ;
#2598 = ADVANCED_FACE ( 'NONE', ( #2851 ), #1206, .F. ) ;
#2599 = EDGE_LOOP ( 'NONE', ( #765, #4661 ) ) ;
#2600 = EDGE_CURVE ( 'NONE', #2255, #1792, #426, .T. ) ;
#2601 = PLANE ( 'NONE',  #3639 ) ;
#2602 = ORIENTED_EDGE ( 'NONE', *, *, #1108, .T. ) ;
#2603 = ORIENTED_EDGE ( 'NONE', *, *, #1004, .T. ) ;
#2604 = CARTESIAN_POINT ( 'NONE',  ( -42.40000000000000568, 47.70000000000002416, -25.60000000000018261 ) ) ;
#2605 = DIRECTION ( 'NONE',  ( 0.000000000000000000, -3.552713678800500929E-15, -1.000000000000000000 ) ) ;
#2606 = ORIENTED_EDGE ( 'NONE', *, *, #2964, .F. ) ;
#2607 = DIRECTION ( 'NONE',  ( -8.659560562354937789E-17, -0.7071067811865471286, -0.7071067811865479058 ) ) ;
#2608 = DIRECTION ( 'NONE',  ( -7.617846651086544702E-17, 3.552713678800500929E-15, 1.000000000000000000 ) ) ;
#2609 = LINE ( 'NONE', #287, #2898 ) ;
#2610 = CARTESIAN_POINT ( 'NONE',  ( -27.00000000000000000, 5.400000000000000355, -1.700000000000000178 ) ) ;
#2611 = PLANE ( 'NONE',  #4472 ) ;
#2612 = CARTESIAN_POINT ( 'NONE',  ( -54.63982570682006212, 24.79999999999996163, -22.00000000000010303 ) ) ;
#2613 = MANIFOLD_SOLID_BREP ( '<LPlate>-<CirPattern5>', #2642 ) ;
#2614 = ORIENTED_EDGE ( 'NONE', *, *, #4684, .F. ) ;
#2615 = DIRECTION ( 'NONE',  ( 0.000000000000000000, -1.000000000000000000, 3.097720492815725095E-15 ) ) ;
#2616 = CARTESIAN_POINT ( 'NONE',  ( -1.469576158976824144E-15, 0.000000000000000000, 12.00000000000000178 ) ) ;
#2617 = FACE_OUTER_BOUND ( 'NONE', #5029, .T. ) ;
#2618 = CIRCLE ( 'NONE', #3947, 29.99999999999998934 ) ;
#2619 = DIRECTION ( 'NONE',  ( 0.000000000000000000, -1.000000000000000000, -0.000000000000000000 ) ) ;
#2620 = CYLINDRICAL_SURFACE ( 'NONE', #235, 1.700000000000000178 ) ;
#2621 = ORIENTED_EDGE ( 'NONE', *, *, #5005, .T. ) ;
#2622 = AXIS2_PLACEMENT_3D ( 'NONE', #1509, #2587, #316 ) ;
#2623 = AXIS2_PLACEMENT_3D ( 'NONE', #1938, #690, #4703 ) ;
#2624 = EDGE_LOOP ( 'NONE', ( #4607, #2467, #4929, #4057 ) ) ;
#2625 = VECTOR ( 'NONE', #607, 1000.000000000000000 ) ;
#2626 = AXIS2_PLACEMENT_3D ( 'NONE', #4702, #1890, #5103 ) ;
#2627 = ORIENTED_EDGE ( 'NONE', *, *, #4538, .T. ) ;
#2628 = EDGE_CURVE ( 'NONE', #1795, #4869, #4715, .T. ) ;
#2629 = AXIS2_PLACEMENT_3D ( 'NONE', #3686, #878, #2073 ) ;
#2630 = ORIENTED_EDGE ( 'NONE', *, *, #2994, .F. ) ;
#2631 = EDGE_CURVE ( 'NONE', #1762, #1429, #3941, .T. ) ;
#2632 = LINE ( 'NONE', #2208, #1730 ) ;
#2633 = CARTESIAN_POINT ( 'NONE',  ( 15.49999999999999645, 1.560000000000005826, -17.29999999999999716 ) ) ;
#2634 = ORIENTED_EDGE ( 'NONE', *, *, #1347, .F. ) ;
#2635 = CARTESIAN_POINT ( 'NONE',  ( -57.90000000000000568, 45.50000000000000711, -30.00000000000017764 ) ) ;
#2636 = VECTOR ( 'NONE', #2362, 1000.000000000000000 ) ;
#2637 =( LENGTH_UNIT ( ) NAMED_UNIT ( * ) SI_UNIT ( .MILLI., .METRE. ) );
#2638 = VECTOR ( 'NONE', #2380, 1000.000000000000000 ) ;
#2639 = DIRECTION ( 'NONE',  ( 0.000000000000000000, -1.000000000000000000, 3.221629312528199387E-15 ) ) ;
#2641 = LINE ( 'NONE', #266, #4962 ) ;
#2640 = VECTOR ( 'NONE', #92, 1000.000000000000000 ) ;
#2642 = CLOSED_SHELL ( 'NONE', ( #1186, #2084, #2443, #3374, #4284, #684, #4413, #1570, #3239, #4950, #3551, #961, #4532, #1343, #2848, #4655, #1757, #4818, #472, #984, #949, #1929, #4228, #1851, #2681, #532, #1593, #3304, #3516, #38, #519, #3734, #1433, #4997, #4523, #1249, #2441, #3730, #1977, #469, #2072, #5078, #4593, #2984, #4823, #4146, #4670, #2692, #4362, #691, #2586, #1786, #416, #1532, #366, #1275, #3767, #2194, #97, #2909, #3142, #3511, #1684, #4408, #3244, #618, #3349, #2037, #1611, #3346, #4696, #3205, #1705, #4876, #208, #484, #1406, #2101, #3072, #159, #1662, #826, #2156, #1846, #2038, #1110, #4446, #1185, #1414, #781, #1170, #3789, #101, #3191, #1396, #573, #3399, #5042, #2153, #4147, #2028, #4659, #857, #4683, #2533, #2749, #3633, #1994, #4378, #740, #2131, #2579, #4937, #311, #1070, #447, #442, #2598, #4264, #4606, #2287, #1272, #3015, #4916, #2867, #1199, #1012, #3665, #3143, #1882, #3585, #5024, #1916, #927, #496, #1774, #2745, #4527, #4839, #3496, #642, #3026, #4503, #4826, #2668, #1881, #3280, #1134, #4980, #845, #4312, #1609, #782, #4206, #3063, #2672, #694, #4931, #1637 ) ) ;
#2643 = AXIS2_PLACEMENT_3D ( 'NONE', #3240, #1572, #3571 ) ;
#2644 = LINE ( 'NONE', #3913, #1226 ) ;
#2645 = CARTESIAN_POINT ( 'NONE',  ( -25.31043203198699132, 22.00000000000016698, -25.60000000000009024 ) ) ;
#2646 = VERTEX_POINT ( 'NONE', #3216 ) ;
#2647 = VECTOR ( 'NONE', #2136, 1000.000000000000000 ) ;
#2648 = DIRECTION ( 'NONE',  ( 0.4999999999999997224, -0.8660254037844388186, 3.219245568722496570E-15 ) ) ;
#2649 = DIRECTION ( 'NONE',  ( 0.000000000000000000, 0.000000000000000000, -1.000000000000000000 ) ) ;
#2650 = PLANE ( 'NONE',  #721 ) ;
#2651 = CIRCLE ( 'NONE', #566, 3.360000000000000320 ) ;
#2652 = AXIS2_PLACEMENT_3D ( 'NONE', #242, #1836, #4230 ) ;
#2653 = FACE_BOUND ( 'NONE', #4795, .T. ) ;
#2654 = EDGE_CURVE ( 'NONE', #3826, #2915, #1049, .T. ) ;
#2655 = AXIS2_PLACEMENT_3D ( 'NONE', #4420, #1318, #931 ) ;
#2656 = VECTOR ( 'NONE', #3352, 1000.000000000000227 ) ;
#2657 = EDGE_CURVE ( 'NONE', #1015, #2740, #2013, .T. ) ;
#2658 = CARTESIAN_POINT ( 'NONE',  ( -42.40000000000000568, 30.00000000000001066, -30.00000000000030198 ) ) ;
#2659 = ORIENTED_EDGE ( 'NONE', *, *, #79, .T. ) ;
#2660 = ORIENTED_EDGE ( 'NONE', *, *, #2657, .T. ) ;
#2661 = ORIENTED_EDGE ( 'NONE', *, *, #2383, .F. ) ;
#2662 = ORIENTED_EDGE ( 'NONE', *, *, #2682, .T. ) ;
#2663 = DIRECTION ( 'NONE',  ( 7.617846651086544702E-17, 3.386180225106570071E-15, 1.000000000000000000 ) ) ;
#2664 = ORIENTED_EDGE ( 'NONE', *, *, #2991, .T. ) ;
#2665 = DIRECTION ( 'NONE',  ( 7.617846651086544702E-17, -3.552713678800500929E-15, -1.000000000000000000 ) ) ;
#2666 = CARTESIAN_POINT ( 'NONE',  ( -84.80000000000001137, 60.00000000000014211, -25.60000000000021458 ) ) ;
#2667 = LINE ( 'NONE', #4617, #5136 ) ;
#2668 = ADVANCED_FACE ( 'NONE', ( #4811 ), #1961, .F. ) ;
#2669 = CARTESIAN_POINT ( 'NONE',  ( -30.16017429317986753, 24.80000000000013216, -25.60000000000009734 ) ) ;
#2670 = VERTEX_POINT ( 'NONE', #3576 ) ;
#2671 = DIRECTION ( 'NONE',  ( 1.102003339948839560E-16, 3.493786075749806212E-15, 1.000000000000000000 ) ) ;
#2672 = ADVANCED_FACE ( 'NONE', ( #1182 ), #1599, .F. ) ;
#2673 = VERTEX_POINT ( 'NONE', #2432 ) ;
#2674 = DIRECTION ( 'NONE',  ( 1.000000000000000000, 1.332267629550187691E-14, 0.000000000000000000 ) ) ;
#2675 = CARTESIAN_POINT ( 'NONE',  ( -57.87298721428194881, 19.19999999999994245, -25.60000000000008313 ) ) ;
#2676 = DIRECTION ( 'NONE',  ( -0.8660254037844336006, 0.000000000000000000, 0.5000000000000087708 ) ) ;
#2677 = CARTESIAN_POINT ( 'NONE',  ( 15.49999999999999645, 1.560000000000005826, -15.50000000000000178 ) ) ;
#2678 = DIRECTION ( 'NONE',  ( -0.000000000000000000, -1.000000000000000000, 0.000000000000000000 ) ) ;
#2679 = ORIENTED_EDGE ( 'NONE', *, *, #736, .F. ) ;
#2680 = EDGE_CURVE ( 'NONE', #3177, #3057, #767, .T. ) ;
#2681 = ADVANCED_FACE ( 'NONE', ( #2034 ), #848, .F. ) ;
#2682 = EDGE_CURVE ( 'NONE', #3650, #3110, #450, .T. ) ;
#2683 = ORIENTED_EDGE ( 'NONE', *, *, #1295, .F. ) ;
#2684 = ORIENTED_EDGE ( 'NONE', *, *, #4322, .F. ) ;
#2685 = EDGE_LOOP ( 'NONE', ( #3714, #5041 ) ) ;
#2686 = LINE ( 'NONE', #4640, #1892 ) ;
#2687 = ORIENTED_EDGE ( 'NONE', *, *, #737, .F. ) ;
#2688 = EDGE_CURVE ( 'NONE', #886, #2487, #1652, .T. ) ;
#2689 = PLANE ( 'NONE',  #232 ) ;
#2690 = DIRECTION ( 'NONE',  ( 0.000000000000000000, -1.000000000000000000, 3.097720492815725095E-15 ) ) ;
#2691 = LINE ( 'NONE', #660, #63 ) ;
#2692 = ADVANCED_FACE ( 'NONE', ( #1577 ), #4046, .T. ) ;
#2693 = ORIENTED_EDGE ( 'NONE', *, *, #1292, .F. ) ;
#2694 = FACE_OUTER_BOUND ( 'NONE', #2835, .T. ) ;
#2695 = ORIENTED_EDGE ( 'NONE', *, *, #4068, .T. ) ;
#2696 = FACE_OUTER_BOUND ( 'NONE', #5088, .T. ) ;
#2697 = CARTESIAN_POINT ( 'NONE',  ( -44.01658075373096324, 43.20000000000004547, -25.60000000000016485 ) ) ;
#2698 = DIRECTION ( 'NONE',  ( 0.000000000000000000, -1.000000000000000000, 3.854941057726246577E-15 ) ) ;
#2699 = EDGE_CURVE ( 'NONE', #1919, #2767, #4759, .T. ) ;
#2700 = LINE ( 'NONE', #2273, #1403 ) ;
#2701 = ORIENTED_EDGE ( 'NONE', *, *, #4972, .T. ) ;
#2702 = EDGE_CURVE ( 'NONE', #3345, #4089, #2476, .T. ) ;
#2703 = DIRECTION ( 'NONE',  ( 0.000000000000000000, -1.000000000000000000, 0.000000000000000000 ) ) ;
#2704 = ORIENTED_EDGE ( 'NONE', *, *, #1107, .T. ) ;
#2705 = EDGE_CURVE ( 'NONE', #4712, #3179, #2489, .T. ) ;
#2706 = ORIENTED_EDGE ( 'NONE', *, *, #917, .T. ) ;
#2707 = CONICAL_SURFACE ( 'NONE', #3282, 3.360000000000000320, 0.7853981633974488341 ) ;
#2708 = EDGE_CURVE ( 'NONE', #3849, #1384, #874, .T. ) ;
#2709 = ORIENTED_EDGE ( 'NONE', *, *, #1388, .T. ) ;
#2710 = CIRCLE ( 'NONE', #1454, 1.799999999999989164 ) ;
#2711 = ORIENTED_EDGE ( 'NONE', *, *, #1238, .T. ) ;
#2713 = DIRECTION ( 'NONE',  ( 0.000000000000000000, -1.000000000000000000, 0.000000000000000000 ) ) ;
#2712 = VECTOR ( 'NONE', #704, 1000.000000000000000 ) ;
#2714 = ORIENTED_EDGE ( 'NONE', *, *, #1372, .F. ) ;
#2715 = APPLICATION_PROTOCOL_DEFINITION ( 'international standard', 'config_control_design', 1994, #1341 ) ;
#2716 = AXIS2_PLACEMENT_3D ( 'NONE', #2490, #829, #2017 ) ;
#2717 = DIRECTION ( 'NONE',  ( -0.000000000000000000, -3.345538132240845257E-15, -1.000000000000000000 ) ) ;
#2718 = FACE_OUTER_BOUND ( 'NONE', #1136, .T. ) ;
#2719 = AXIS2_PLACEMENT_3D ( 'NONE', #665, #1100, #2271 ) ;
#2720 = EDGE_CURVE ( 'NONE', #20, #790, #4892, .T. ) ;
#2721 = PLANE ( 'NONE',  #4388 ) ;
#2722 = ORIENTED_EDGE ( 'NONE', *, *, #4114, .T. ) ;
#2723 = AXIS2_PLACEMENT_3D ( 'NONE', #4773, #414, #2446 ) ;
#2724 = CARTESIAN_POINT ( 'NONE',  ( -29.80000000000000071, 8.000000000000000000, 1.616580753730952003 ) ) ;
#2725 = ORIENTED_EDGE ( 'NONE', *, *, #2366, .T. ) ;
#2726 = AXIS2_PLACEMENT_3D ( 'NONE', #2955, #4553, #192 ) ;
#2727 = DIRECTION ( 'NONE',  ( 0.000000000000000000, 0.000000000000000000, 1.000000000000000000 ) ) ;
#2728 = CARTESIAN_POINT ( 'NONE',  ( -26.92701278571790624, 19.20000000000017337, -22.00000000000008171 ) ) ;
#2729 = DIRECTION ( 'NONE',  ( -7.617846651086544702E-17, 3.552713678800500929E-15, 1.000000000000000000 ) ) ;
#2730 = AXIS2_PLACEMENT_3D ( 'NONE', #3889, #1860, #4671 ) ;
#2731 = CARTESIAN_POINT ( 'NONE',  ( 16.29999999999994387, 8.000000000000000000, 24.99926665591083363 ) ) ;
#2732 = VERTEX_POINT ( 'NONE', #453 ) ;
#2733 = LINE ( 'NONE', #4318, #806 ) ;
#2734 = ORIENTED_EDGE ( 'NONE', *, *, #4917, .F. ) ;
#2735 = ORIENTED_EDGE ( 'NONE', *, *, #3175, .F. ) ;
#2736 = CARTESIAN_POINT ( 'NONE',  ( -15.50000000000000000, 0.000000000000000000, 18.85999999999999943 ) ) ;
#2737 = AXIS2_PLACEMENT_3D ( 'NONE', #1965, #3168, #1917 ) ;
#2738 = AXIS2_PLACEMENT_3D ( 'NONE', #3782, #2086, #2140 ) ;
#2739 = EDGE_LOOP ( 'NONE', ( #1805, #5007, #3041, #3217 ) ) ;
#2740 = VERTEX_POINT ( 'NONE', #2878 ) ;
#2741 = PLANE ( 'NONE',  #3716 ) ;
#2742 = ORIENTED_EDGE ( 'NONE', *, *, #4165, .T. ) ;
#2743 = CYLINDRICAL_SURFACE ( 'NONE', #652, 1.700000000000000178 ) ;
#2744 = CARTESIAN_POINT ( 'NONE',  ( -16.30000000000010374, 5.400000000000000355, -21.76610514844881550 ) ) ;
#2745 = ADVANCED_FACE ( 'NONE', ( #4468 ), #1628, .F. ) ;
#2746 = LINE ( 'NONE', #3935, #4401 ) ;
#2747 = LINE ( 'NONE', #4254, #1971 ) ;
#2748 = ORIENTED_EDGE ( 'NONE', *, *, #1057, .F. ) ;
#2749 = ADVANCED_FACE ( 'NONE', ( #1244 ), #1655, .F. ) ;
#2750 = FACE_OUTER_BOUND ( 'NONE', #2388, .T. ) ;
#2751 = VERTEX_POINT ( 'NONE', #2039 ) ;
#2752 = DIRECTION ( 'NONE',  ( -0.8660254037844427044, 0.000000000000000000, -0.4999999999999929501 ) ) ;
#2753 = DIRECTION ( 'NONE',  ( 0.000000000000000000, -1.000000000000000000, 3.097720492815725095E-15 ) ) ;
#2754 = ORIENTED_EDGE ( 'NONE', *, *, #2307, .T. ) ;
#2755 = CARTESIAN_POINT ( 'NONE',  ( 27.00000000000000000, 0.000000000000000000, 0.000000000000000000 ) ) ;
#2756 = CARTESIAN_POINT ( 'NONE',  ( -57.87298721428194881, 19.19999999999995310, -22.00000000000008527 ) ) ;
#2757 = ORIENTED_EDGE ( 'NONE', *, *, #2792, .T. ) ;
#2758 = CARTESIAN_POINT ( 'NONE',  ( 16.29999999999995097, 60.00000000000002842, -21.76610514844893274 ) ) ;
#2759 = ORIENTED_EDGE ( 'NONE', *, *, #4023, .F. ) ;
#2760 = ORIENTED_EDGE ( 'NONE', *, *, #4707, .T. ) ;
#2761 = CARTESIAN_POINT ( 'NONE',  ( 13.50000000000031442, 5.400000000000000355, 26.61584740964158868 ) ) ;
#2762 = EDGE_CURVE ( 'NONE', #4305, #3262, #2458, .T. ) ;
#2763 = VERTEX_POINT ( 'NONE', #828 ) ;
#2764 = EDGE_CURVE ( 'NONE', #5033, #1073, #1679, .T. ) ;
#2765 = VERTEX_POINT ( 'NONE', #4001 ) ;
#2766 = CARTESIAN_POINT ( 'NONE',  ( -10.70000000000011831, 38.01170189303009295, -24.99926665591075192 ) ) ;
#2767 = VERTEX_POINT ( 'NONE', #487 ) ;
#2768 = CARTESIAN_POINT ( 'NONE',  ( -29.80000000000000071, 5.400000000000000355, 1.616580753730952003 ) ) ;
#2769 = LINE ( 'NONE', #4381, #4149 ) ;
#2770 = CARTESIAN_POINT ( 'NONE',  ( -16.30000000000010374, 30.00000000000003553, -22.00000000000011724 ) ) ;
#2771 = DIRECTION ( 'NONE',  ( 0.000000000000000000, 0.000000000000000000, -1.000000000000000000 ) ) ;
#2772 = DIRECTION ( 'NONE',  ( 0.000000000000000000, 0.000000000000000000, -1.000000000000000000 ) ) ;
#2773 = DIRECTION ( 'NONE',  ( -0.000000000000000000, -3.345538132240845257E-15, -1.000000000000000000 ) ) ;
#2774 = CARTESIAN_POINT ( 'NONE',  ( -45.63316150746191369, 46.00000000000004974, -22.00000000000017408 ) ) ;
#2775 = ORIENTED_EDGE ( 'NONE', *, *, #2583, .T. ) ;
#2776 = DIRECTION ( 'NONE',  ( 0.000000000000000000, 0.000000000000000000, -1.000000000000000000 ) ) ;
#2777 = CARTESIAN_POINT ( 'NONE',  ( -59.48956796801291347, 21.99999999999995026, -22.00000000000009237 ) ) ;
#2778 = DIRECTION ( 'NONE',  ( 0.000000000000000000, 0.000000000000000000, -1.000000000000000000 ) ) ;
#2779 = ORIENTED_EDGE ( 'NONE', *, *, #2764, .T. ) ;
#2780 = DIRECTION ( 'NONE',  ( -3.402186748401941492E-17, 3.361841101310300739E-15, 1.000000000000000000 ) ) ;
#2781 = EDGE_LOOP ( 'NONE', ( #1825, #1528, #1900, #3564 ) ) ;
#2782 = VERTEX_POINT ( 'NONE', #2069 ) ;
#2783 = DIRECTION ( 'NONE',  ( 0.000000000000000000, -0.7071067811865507924, -0.7071067811865441310 ) ) ;
#2784 = EDGE_LOOP ( 'NONE', ( #1612, #3693 ) ) ;
#2785 = EDGE_LOOP ( 'NONE', ( #30, #2001, #4337, #538 ) ) ;
#2786 = CARTESIAN_POINT ( 'NONE',  ( -25.31043203198716185, 38.00000000000025580, -22.00000000000014921 ) ) ;
#2787 = EDGE_LOOP ( 'NONE', ( #4672, #1976, #4620, #749 ) ) ;
#2788 = VECTOR ( 'NONE', #3214, 1000.000000000000000 ) ;
#2789 = DATE_AND_TIME ( #4409, #3701 ) ;
#2790 = DIRECTION ( 'NONE',  ( -0.000000000000000000, -3.345538132240890616E-15, -1.000000000000000000 ) ) ;
#2791 = VECTOR ( 'NONE', #1729, 1000.000000000000227 ) ;
#2792 = EDGE_CURVE ( 'NONE', #2054, #375, #4762, .T. ) ;
#2793 = AXIS2_PLACEMENT_3D ( 'NONE', #2411, #1627, #2776 ) ;
#2794 = PLANE ( 'NONE',  #734 ) ;
#2795 = CARTESIAN_POINT ( 'NONE',  ( 30.77511220352753440, 8.000000000000000000, -1.616580753730951336 ) ) ;
#2796 = DIRECTION ( 'NONE',  ( -0.8660254037844390407, 0.000000000000000000, -0.4999999999999992228 ) ) ;
#2797 = LINE ( 'NONE', #1259, #1546 ) ;
#2798 = AXIS2_PLACEMENT_3D ( 'NONE', #3543, #662, #2245 ) ;
#2799 = CARTESIAN_POINT ( 'NONE',  ( -42.40000000000000568, 46.00000000000002842, -25.60000000000017550 ) ) ;
#2800 = VECTOR ( 'NONE', #1844, 1000.000000000000000 ) ;
#2801 = CARTESIAN_POINT ( 'NONE',  ( 13.49999999999994316, 1.293321843319615638, 26.61584740964178053 ) ) ;
#2802 = ORIENTED_EDGE ( 'NONE', *, *, #4771, .T. ) ;
#2803 = PLANE ( 'NONE',  #965 ) ;
#2804 = DIRECTION ( 'NONE',  ( -0.8660254037844388186, -0.4999999999999996669, 1.710384352180497531E-15 ) ) ;
#2805 = DIRECTION ( 'NONE',  ( -0.000000000000000000, -1.000000000000000000, -0.000000000000000000 ) ) ;
#2806 = ORIENTED_EDGE ( 'NONE', *, *, #754, .F. ) ;
#2807 = DIRECTION ( 'NONE',  ( 0.000000000000000000, -3.552713678800500929E-15, -1.000000000000000000 ) ) ;
#2808 = ORIENTED_EDGE ( 'NONE', *, *, #1512, .F. ) ;
#2809 = AXIS2_PLACEMENT_3D ( 'NONE', #906, #2804, #3250 ) ;
#2810 = EDGE_CURVE ( 'NONE', #4172, #1962, #4024, .T. ) ;
#2811 = EDGE_CURVE ( 'NONE', #3006, #2578, #3270, .T. ) ;
#2812 = ORIENTED_EDGE ( 'NONE', *, *, #5080, .T. ) ;
#2813 = PLANE ( 'NONE',  #396 ) ;
#2814 = EDGE_CURVE ( 'NONE', #4843, #1323, #1285, .T. ) ;
#2815 = AXIS2_PLACEMENT_3D ( 'NONE', #3572, #2824, #2428 ) ;
#2816 = ORIENTED_EDGE ( 'NONE', *, *, #463, .F. ) ;
#2817 = VECTOR ( 'NONE', #2384, 1000.000000000000000 ) ;
#2819 = ORIENTED_EDGE ( 'NONE', *, *, #515, .F. ) ;
#2818 = VECTOR ( 'NONE', #3992, 1000.000000000000000 ) ;
#2820 = PLANE ( 'NONE',  #5056 ) ;
#2821 = VERTEX_POINT ( 'NONE', #2090 ) ;
#2822 = CIRCLE ( 'NONE', #3150, 1.799999999999992495 ) ;
#2823 = DIRECTION ( 'NONE',  ( 0.000000000000000000, -3.552713678800500929E-15, -1.000000000000000000 ) ) ;
#2824 = DIRECTION ( 'NONE',  ( 7.617846651086544702E-17, -3.552713678800500929E-15, -1.000000000000000000 ) ) ;
#2825 = ORIENTED_EDGE ( 'NONE', *, *, #190, .T. ) ;
#2826 = FACE_OUTER_BOUND ( 'NONE', #4265, .T. ) ;
#2827 = CARTESIAN_POINT ( 'NONE',  ( 13.50000000000023981, 60.00000000000002842, 20.14952439471778334 ) ) ;
#2828 = DIRECTION ( 'NONE',  ( -0.8660254037844398178, 0.000000000000000000, 0.4999999999999980016 ) ) ;
#2829 = ORIENTED_EDGE ( 'NONE', *, *, #692, .T. ) ;
#2830 = CARTESIAN_POINT ( 'NONE',  ( -39.16683849253810479, 14.00000000000001421, -25.60000000000006537 ) ) ;
#2831 = EDGE_CURVE ( 'NONE', #4812, #3176, #481, .T. ) ;
#2832 = EDGE_CURVE ( 'NONE', #4712, #3201, #3973, .T. ) ;
#2833 = DIRECTION ( 'NONE',  ( 0.5000000000000095479, -0.8660254037844331565, 0.000000000000000000 ) ) ;
#2834 = CARTESIAN_POINT ( 'NONE',  ( -16.37820639017468949, 8.000000000000000000, 25.13472409716964506 ) ) ;
#2835 = EDGE_LOOP ( 'NONE', ( #5006, #3430, #149, #2574, #3909, #2126 ) ) ;
#2836 = DIRECTION ( 'NONE',  ( 0.000000000000000000, 0.000000000000000000, 1.000000000000000000 ) ) ;
#2837 = ORIENTED_EDGE ( 'NONE', *, *, #3599, .F. ) ;
#2838 = VERTEX_POINT ( 'NONE', #3579 ) ;
#2839 = CARTESIAN_POINT ( 'NONE',  ( 15.50000000000000000, 1.560000000000005826, 15.49999999999999822 ) ) ;
#2840 = ORIENTED_EDGE ( 'NONE', *, *, #804, .F. ) ;
#2841 = EDGE_CURVE ( 'NONE', #4103, #1132, #15, .T. ) ;
#2842 = EDGE_CURVE ( 'NONE', #451, #233, #2412, .T. ) ;
#2843 = ORIENTED_EDGE ( 'NONE', *, *, #2680, .T. ) ;
#2844 = CARTESIAN_POINT ( 'NONE',  ( -42.40000000000000568, 46.00000000000002842, -25.60000000000017550 ) ) ;
#2845 = CARTESIAN_POINT ( 'NONE',  ( -26.90000000000000568, 47.30000000000000426, -30.00000000000018119 ) ) ;
#2846 = DIRECTION ( 'NONE',  ( 0.5000000000000004441, 0.000000000000000000, 0.8660254037844384856 ) ) ;
#2847 = EDGE_LOOP ( 'NONE', ( #3259, #3252, #3533, #1640 ) ) ;
#2848 = ADVANCED_FACE ( 'NONE', ( #3605 ), #39, .F. ) ;
#2849 = DIRECTION ( 'NONE',  ( 0.8660254037844383745, 0.000000000000000000, -0.5000000000000003331 ) ) ;
#2850 = DIRECTION ( 'NONE',  ( 0.000000000000000000, 3.717264591378872007E-15, 1.000000000000000000 ) ) ;
#2851 = FACE_OUTER_BOUND ( 'NONE', #2062, .T. ) ;
#2852 = ORIENTED_EDGE ( 'NONE', *, *, #4329, .F. ) ;
#2853 = CARTESIAN_POINT ( 'NONE',  ( 10.69999999999997797, 8.000000000000000000, -1.342370659074274400E-13 ) ) ;
#2854 = EDGE_CURVE ( 'NONE', #1479, #3727, #3546, .T. ) ;
#2855 = CARTESIAN_POINT ( 'NONE',  ( 13.49999999999993960, 60.00000000000002842, -26.61584740964178053 ) ) ;
#2856 = CARTESIAN_POINT ( 'NONE',  ( -57.89999999999999858, 14.50000000000000533, -30.00000000000006395 ) ) ;
#2857 = ORIENTED_EDGE ( 'NONE', *, *, #671, .F. ) ;
#2858 = CC_DESIGN_PERSON_AND_ORGANIZATION_ASSIGNMENT ( #1229, #2401, ( #711 ) ) ;
#2859 = PLANE ( 'NONE',  #2629 ) ;
#2860 = ORIENTED_EDGE ( 'NONE', *, *, #3031, .F. ) ;
#2861 = EDGE_CURVE ( 'NONE', #2670, #3171, #4721, .T. ) ;
#2862 = ORIENTED_EDGE ( 'NONE', *, *, #4608, .F. ) ;
#2863 = DIRECTION ( 'NONE',  ( 0.4999999999999996669, -0.8660254037844388186, 0.000000000000000000 ) ) ;
#2864 = EDGE_LOOP ( 'NONE', ( #939, #85, #4568, #2957 ) ) ;
#2865 = VERTEX_POINT ( 'NONE', #951 ) ;
#2866 = FACE_OUTER_BOUND ( 'NONE', #3082, .T. ) ;
#2867 = ADVANCED_FACE ( 'NONE', ( #4576 ), #4597, .F. ) ;
#2868 = AXIS2_PLACEMENT_3D ( 'NONE', #3779, #2211, #551 ) ;
#2869 = ORIENTED_EDGE ( 'NONE', *, *, #5111, .F. ) ;
#2870 = CARTESIAN_POINT ( 'NONE',  ( -42.40000000000000568, 42.00000000000000711, -30.00000000000034106 ) ) ;
#2871 = DIRECTION ( 'NONE',  ( -0.4999999999999997224, 0.8660254037844388186, -2.790012826226006237E-15 ) ) ;
#2872 = PLANE ( 'NONE',  #885 ) ;
#2873 = DIRECTION ( 'NONE',  ( 0.000000000000000000, 0.000000000000000000, -1.000000000000000000 ) ) ;
#2874 = VECTOR ( 'NONE', #2850, 1000.000000000000000 ) ;
#2875 = DIRECTION ( 'NONE',  ( 0.000000000000000000, 0.000000000000000000, 1.000000000000000000 ) ) ;
#2876 = EDGE_LOOP ( 'NONE', ( #4867, #1775, #4059, #2222 ) ) ;
#2877 = CARTESIAN_POINT ( 'NONE',  ( -26.92701278571814427, 40.80000000000019611, -25.60000000000015774 ) ) ;
#2878 = CARTESIAN_POINT ( 'NONE',  ( -40.78341924626905524, 11.20000000000001528, -22.00000000000005329 ) ) ;
#2879 = CIRCLE ( 'NONE', #4291, 1.700000000000000178 ) ;
#2880 = CARTESIAN_POINT ( 'NONE',  ( 13.50000000000027178, 0.000000000000000000, 23.38268590217968423 ) ) ;
#2881 = VERTEX_POINT ( 'NONE', #3396 ) ;
#2882 = AXIS2_PLACEMENT_3D ( 'NONE', #3519, #1519, #3033 ) ;
#2883 = CARTESIAN_POINT ( 'NONE',  ( 1.675926263239042842E-15, 8.000000000000000000, -22.00000000000003908 ) ) ;
#2884 = VERTEX_POINT ( 'NONE', #1734 ) ;
#2885 = VECTOR ( 'NONE', #4970, 1000.000000000000000 ) ;
#2886 = ORIENTED_EDGE ( 'NONE', *, *, #193, .F. ) ;
#2887 = CARTESIAN_POINT ( 'NONE',  ( -44.01658075373096324, 43.20000000000004547, -25.60000000000016485 ) ) ;
#2888 = VECTOR ( 'NONE', #1458, 1000.000000000000000 ) ;
#2889 = AXIS2_PLACEMENT_3D ( 'NONE', #3823, #2914, #1818 ) ;
#2890 = VECTOR ( 'NONE', #2016, 1000.000000000000000 ) ;
#2891 = CARTESIAN_POINT ( 'NONE',  ( -26.92701278571797729, 24.80000000000018190, -22.00000000000009948 ) ) ;
#2892 = ORIENTED_EDGE ( 'NONE', *, *, #2424, .F. ) ;
#2893 = VECTOR ( 'NONE', #3359, 1000.000000000000000 ) ;
#2894 = ORIENTED_EDGE ( 'NONE', *, *, #1329, .F. ) ;
#2896 = DIRECTION ( 'NONE',  ( -0.000000000000000000, -1.000000000000000000, 0.000000000000000000 ) ) ;
#2895 = VECTOR ( 'NONE', #476, 1000.000000000000114 ) ;
#2897 = VECTOR ( 'NONE', #957, 1000.000000000000000 ) ;
#2898 = VECTOR ( 'NONE', #1047, 999.9999999999998863 ) ;
#2899 = VERTEX_POINT ( 'NONE', #214 ) ;
#2900 = DIRECTION ( 'NONE',  ( -7.617846651086544702E-17, 3.552713678800500929E-15, 1.000000000000000000 ) ) ;
#2901 = DIRECTION ( 'NONE',  ( 0.000000000000000000, 1.000000000000000000, -0.000000000000000000 ) ) ;
#2902 = LINE ( 'NONE', #1778, #3619 ) ;
#2903 = VECTOR ( 'NONE', #4442, 1000.000000000000000 ) ;
#2904 = VECTOR ( 'NONE', #6, 1000.000000000000114 ) ;
#2905 = LINE ( 'NONE', #2947, #5046 ) ;
#2906 = LINE ( 'NONE', #2978, #75 ) ;
#2907 = CARTESIAN_POINT ( 'NONE',  ( 15.49999999999999645, 0.000000000000000000, -18.86000000000000298 ) ) ;
#2908 = EDGE_CURVE ( 'NONE', #375, #477, #186, .T. ) ;
#2909 = ADVANCED_FACE ( 'NONE', ( #4496 ), #2611, .T. ) ;
#2910 = DIRECTION ( 'NONE',  ( -7.617846651086544702E-17, 3.552713678800500929E-15, 1.000000000000000000 ) ) ;
#2911 = CARTESIAN_POINT ( 'NONE',  ( 13.50000000000027178, 5.400000000000000355, 25.08268590217968708 ) ) ;
#2912 = ORIENTED_EDGE ( 'NONE', *, *, #4716, .T. ) ;
#2913 = CARTESIAN_POINT ( 'NONE',  ( -42.40000000000000568, 30.00000000000003553, -22.00000000000012079 ) ) ;
#2914 = DIRECTION ( 'NONE',  ( -0.000000000000000000, -1.000000000000000000, -0.000000000000000000 ) ) ;
#2915 = VERTEX_POINT ( 'NONE', #3785 ) ;
#2916 = EDGE_LOOP ( 'NONE', ( #5057, #3230, #656, #507 ) ) ;
#2917 = CARTESIAN_POINT ( 'NONE',  ( -42.40000000000000568, 47.70000000000000995, -30.00000000000043343 ) ) ;
#2918 = CARTESIAN_POINT ( 'NONE',  ( -47.18076211353266558, -21.71947712046030077, -25.59999999999992681 ) ) ;
#2919 = ORIENTED_EDGE ( 'NONE', *, *, #4339, .T. ) ;
#2920 = EDGE_CURVE ( 'NONE', #3095, #4772, #3817, .T. ) ;
#2921 = ORIENTED_EDGE ( 'NONE', *, *, #4099, .F. ) ;
#2922 = CYLINDRICAL_SURFACE ( 'NONE', #1133, 1.799999999999989164 ) ;
#2923 = EDGE_CURVE ( 'NONE', #4103, #1374, #3004, .T. ) ;
#2924 = ORIENTED_EDGE ( 'NONE', *, *, #3225, .F. ) ;
#2925 = CARTESIAN_POINT ( 'NONE',  ( 13.50000000000027178, 5.400000000000000355, 21.68268590217968494 ) ) ;
#2926 = DIRECTION ( 'NONE',  ( -9.103828801926283631E-15, 0.000000000000000000, -1.000000000000000000 ) ) ;
#2927 = LINE ( 'NONE', #4881, #456 ) ;
#2928 = FACE_BOUND ( 'NONE', #2080, .T. ) ;
#2929 = CARTESIAN_POINT ( 'NONE',  ( 15.50000000000000000, 8.000000000000000000, 17.29999999999999005 ) ) ;
#2930 = DIRECTION ( 'NONE',  ( 0.000000000000000000, 3.345538132240890616E-15, 1.000000000000000000 ) ) ;
#2931 = CARTESIAN_POINT ( 'NONE',  ( -13.50000000000011013, 0.000000000000000000, -23.38268590217978726 ) ) ;
#2932 = CARTESIAN_POINT ( 'NONE',  ( -57.87298721428201276, 35.19999999999999574, -25.60000000000013642 ) ) ;
#2933 = ORIENTED_EDGE ( 'NONE', *, *, #4571, .T. ) ;
#2934 = CARTESIAN_POINT ( 'NONE',  ( -53.02324495308910457, 21.99999999999996803, -25.60000000000009024 ) ) ;
#2935 = DIRECTION ( 'NONE',  ( -0.4999999999999900635, 0.000000000000000000, 0.8660254037844444808 ) ) ;
#2936 = ORIENTED_EDGE ( 'NONE', *, *, #5027, .T. ) ;
#2937 = DIRECTION ( 'NONE',  ( -0.000000000000000000, 3.552713678800500929E-15, 1.000000000000000000 ) ) ;
#2938 = FACE_OUTER_BOUND ( 'NONE', #3692, .T. ) ;
#2939 = ORIENTED_EDGE ( 'NONE', *, *, #3613, .F. ) ;
#2940 = ORIENTED_EDGE ( 'NONE', *, *, #4658, .T. ) ;
#2941 = DIRECTION ( 'NONE',  ( -8.659560562354942719E-17, -0.7071067811865467956, -0.7071067811865483499 ) ) ;
#2942 = EDGE_CURVE ( 'NONE', #2077, #4344, #2590, .T. ) ;
#2943 = VERTEX_POINT ( 'NONE', #630 ) ;
#2944 = CARTESIAN_POINT ( 'NONE',  ( -56.25640646055099126, 21.99999999999995737, -25.60000000000009024 ) ) ;
#2945 = CARTESIAN_POINT ( 'NONE',  ( -30.16017429318005583, 40.80000000000015348, -25.60000000000015774 ) ) ;
#2946 = DIRECTION ( 'NONE',  ( 0.4999999999999998335, 0.000000000000000000, 0.8660254037844387076 ) ) ;
#2947 = CARTESIAN_POINT ( 'NONE',  ( 24.19999999999999929, 8.000000000000000000, 2.596858092102800434E-14 ) ) ;
#2948 = DIRECTION ( 'NONE',  ( 0.000000000000000000, 1.000000000000000000, -4.081702296416015997E-15 ) ) ;
#2949 = DIRECTION ( 'NONE',  ( 0.000000000000000000, -1.000000000000000000, 3.097720492815725095E-15 ) ) ;
#2950 = DIRECTION ( 'NONE',  ( 0.000000000000000000, 1.000000000000000000, -4.081702296416015997E-15 ) ) ;
#2951 = FACE_OUTER_BOUND ( 'NONE', #23, .T. ) ;
#2952 = ORIENTED_EDGE ( 'NONE', *, *, #2496, .F. ) ;
#2953 = AXIS2_PLACEMENT_3D ( 'NONE', #3444, #2249, #219 ) ;
#2954 = CARTESIAN_POINT ( 'NONE',  ( -57.89999999999999858, 14.50000000000001066, -28.44000000000005812 ) ) ;
#2955 = CARTESIAN_POINT ( 'NONE',  ( -16.30000000000010374, 60.00000000000002842, -21.76610514844881550 ) ) ;
#2956 = LOCAL_TIME ( 21, 27, 22.00000000000000000, #3206 ) ;
#2957 = ORIENTED_EDGE ( 'NONE', *, *, #4317, .F. ) ;
#2958 = EDGE_CURVE ( 'NONE', #2114, #522, #4126, .T. ) ;
#2959 = CARTESIAN_POINT ( 'NONE',  ( 15.49999999999999645, 0.000000000000000000, -15.50000000000000178 ) ) ;
#2960 = AXIS2_PLACEMENT_3D ( 'NONE', #1784, #2168, #952 ) ;
#2961 = CYLINDRICAL_SURFACE ( 'NONE', #2150, 1.700000000000000178 ) ;
#2962 = ORIENTED_EDGE ( 'NONE', *, *, #2492, .T. ) ;
#2963 = VECTOR ( 'NONE', #4082, 1000.000000000000000 ) ;
#2964 = EDGE_CURVE ( 'NONE', #4504, #2392, #2220, .T. ) ;
#2965 = EDGE_CURVE ( 'NONE', #4836, #1523, #1698, .T. ) ;
#2966 = ORIENTED_EDGE ( 'NONE', *, *, #4514, .F. ) ;
#2967 = DIRECTION ( 'NONE',  ( 0.000000000000000000, 0.000000000000000000, -1.000000000000000000 ) ) ;
#2968 = VECTOR ( 'NONE', #3450, 1000.000000000000000 ) ;
#2969 = VERTEX_POINT ( 'NONE', #3343 ) ;
#2970 = VECTOR ( 'NONE', #81, 1000.000000000000114 ) ;
#2971 = AXIS2_PLACEMENT_3D ( 'NONE', #4275, #3054, #3860 ) ;
#2972 = ORIENTED_EDGE ( 'NONE', *, *, #3190, .T. ) ;
#2973 = CARTESIAN_POINT ( 'NONE',  ( 13.49999999999994671, 5.400000000000000355, -23.38268590217987608 ) ) ;
#2974 = DIRECTION ( 'NONE',  ( 7.617846651086544702E-17, 3.386180225106570071E-15, 1.000000000000000000 ) ) ;
#2975 = CARTESIAN_POINT ( 'NONE',  ( -44.01658075373095613, 11.20000000000000284, -25.60000000000005471 ) ) ;
#2976 = DIRECTION ( 'NONE',  ( -1.073081856240826668E-15, 0.000000000000000000, 1.000000000000000000 ) ) ;
#2977 = CIRCLE ( 'NONE', #3976, 1.700000000000000178 ) ;
#2978 = CARTESIAN_POINT ( 'NONE',  ( -57.87298721428201986, 40.79999999999999716, -25.60000000000015774 ) ) ;
#2979 = CARTESIAN_POINT ( 'NONE',  ( -5.349999999999995204, 8.000000000000000000, -9.266471820493489275 ) ) ;
#2981 = DIRECTION ( 'NONE',  ( 0.000000000000000000, 0.000000000000000000, -1.000000000000000000 ) ) ;
#2980 = VECTOR ( 'NONE', #2041, 1000.000000000000114 ) ;
#2982 = CARTESIAN_POINT ( 'NONE',  ( -13.98755610176389830, 8.000000000000000000, 27.46031934943675523 ) ) ;
#2983 = ORIENTED_EDGE ( 'NONE', *, *, #3249, .T. ) ;
#2984 = ADVANCED_FACE ( 'NONE', ( #3291 ), #2112, .T. ) ;
#2985 = LINE ( 'NONE', #145, #2963 ) ;
#2986 = CARTESIAN_POINT ( 'NONE',  ( 12.10000000000022702, 8.000000000000000000, 20.95781477158329054 ) ) ;
#2987 = CC_DESIGN_DATE_AND_TIME_ASSIGNMENT ( #54, #814, ( #2058 ) ) ;
#2988 = FACE_BOUND ( 'NONE', #1615, .T. ) ;
#2989 = CARTESIAN_POINT ( 'NONE',  ( -26.92701278571814427, 40.80000000000019611, -25.60000000000015774 ) ) ;
#2990 = EDGE_LOOP ( 'NONE', ( #1332, #3198, #1342, #4990 ) ) ;
#2991 = EDGE_CURVE ( 'NONE', #839, #1015, #3324, .T. ) ;
#2992 = ORIENTED_EDGE ( 'NONE', *, *, #203, .T. ) ;
#2993 = DIRECTION ( 'NONE',  ( -0.4999999999999992228, -0.000000000000000000, 0.8660254037844391517 ) ) ;
#2994 = EDGE_CURVE ( 'NONE', #306, #4324, #556, .T. ) ;
#2995 = VERTEX_POINT ( 'NONE', #3738 ) ;
#2996 = ORIENTED_EDGE ( 'NONE', *, *, #4075, .F. ) ;
#2997 = CYLINDRICAL_SURFACE ( 'NONE', #1143, 1.700000000000000178 ) ;
#2998 = DIRECTION ( 'NONE',  ( 3.402186748401744277E-17, 3.577052802596770261E-15, 1.000000000000000000 ) ) ;
#2999 = ORIENTED_EDGE ( 'NONE', *, *, #3827, .T. ) ;
#3000 = CYLINDRICAL_SURFACE ( 'NONE', #1531, 12.00000000000000178 ) ;
#3001 = CARTESIAN_POINT ( 'NONE',  ( -42.40000000000000568, 42.00000000000000711, -30.00000000000034106 ) ) ;
#3002 = CARTESIAN_POINT ( 'NONE',  ( -10.69999999999976659, 5.400000000000000355, 24.99926665591089048 ) ) ;
#3003 = CARTESIAN_POINT ( 'NONE',  ( -56.25640646055104099, 39.69999999999998153, -30.00000000000040501 ) ) ;
#3004 = LINE ( 'NONE', #1813, #3967 ) ;
#3005 = DIRECTION ( 'NONE',  ( -1.073081856240826668E-15, 0.000000000000000000, 1.000000000000000000 ) ) ;
#3006 = VERTEX_POINT ( 'NONE', #167 ) ;
#3007 = FACE_BOUND ( 'NONE', #3778, .T. ) ;
#3008 = LINE ( 'NONE', #3764, #5132 ) ;
#3009 = DIRECTION ( 'NONE',  ( 0.8660254037844361541, 0.000000000000000000, 0.5000000000000045519 ) ) ;
#3010 = ADVANCED_BREP_SHAPE_REPRESENTATION ( 'MirroredLPlate', ( #2613, #4288 ), #1793 ) ;
#3011 = FACE_OUTER_BOUND ( 'NONE', #475, .T. ) ;
#3012 = EDGE_CURVE ( 'NONE', #4344, #2646, #4302, .T. ) ;
#3013 = DIRECTION ( 'NONE',  ( 0.000000000000000000, 3.593355771666226926E-15, 1.000000000000000000 ) ) ;
#3014 = ORIENTED_EDGE ( 'NONE', *, *, #1770, .T. ) ;
#3015 = ADVANCED_FACE ( 'NONE', ( #3761 ), #1783, .F. ) ;
#3016 = ORIENTED_EDGE ( 'NONE', *, *, #4752, .F. ) ;
#3017 = EDGE_LOOP ( 'NONE', ( #2735, #1945, #344, #2517 ) ) ;
#3018 = EDGE_LOOP ( 'NONE', ( #2433, #4189, #431, #4169 ) ) ;
#3019 = CARTESIAN_POINT ( 'NONE',  ( -42.40000000000000568, 15.70000000000000639, -30.00000000000032330 ) ) ;
#3020 = LINE ( 'NONE', #1856, #808 ) ;
#3021 = EDGE_LOOP ( 'NONE', ( #2280, #5163 ) ) ;
#3022 = FACE_OUTER_BOUND ( 'NONE', #3491, .T. ) ;
#3023 = DIRECTION ( 'NONE',  ( 7.617846651086544702E-17, -3.552713678800500929E-15, -1.000000000000000000 ) ) ;
#3024 = CARTESIAN_POINT ( 'NONE',  ( 27.00000000000000000, 5.400000000000000355, 0.000000000000000000 ) ) ;
#3025 = CARTESIAN_POINT ( 'NONE',  ( 13.49999999999995559, 5.400000000000000355, -20.14952439471797163 ) ) ;
#3026 = ADVANCED_FACE ( 'NONE', ( #1538 ), #3839, .F. ) ;
#3027 = EDGE_CURVE ( 'NONE', #3188, #4103, #762, .T. ) ;
#3028 = FACE_OUTER_BOUND ( 'NONE', #3356, .T. ) ;
#3029 = CARTESIAN_POINT ( 'NONE',  ( -44.01658075373094903, 16.80000000000000071, -25.60000000000007248 ) ) ;
#3030 = ORIENTED_EDGE ( 'NONE', *, *, #3840, .T. ) ;
#3031 = EDGE_CURVE ( 'NONE', #1365, #3861, #1141, .T. ) ;
#3032 = LINE ( 'NONE', #5019, #705 ) ;
#3033 = DIRECTION ( 'NONE',  ( 0.000000000000000000, -1.000000000000000000, 3.097720492815725095E-15 ) ) ;
#3034 = CARTESIAN_POINT ( 'NONE',  ( -26.89999999999999858, 12.70000000000002061, -30.00000000000005329 ) ) ;
#3035 = AXIS2_PLACEMENT_3D ( 'NONE', #5012, #1816, #4700 ) ;
#3036 = LINE ( 'NONE', #1033, #648 ) ;
#3037 = CARTESIAN_POINT ( 'NONE',  ( 10.69999999999994600, 8.000000000000000000, -22.00000000000003553 ) ) ;
#3038 = ORIENTED_EDGE ( 'NONE', *, *, #4796, .F. ) ;
#3039 = CIRCLE ( 'NONE', #2199, 29.99999999999998934 ) ;
#3040 = VECTOR ( 'NONE', #2089, 1000.000000000000000 ) ;
#3041 = ORIENTED_EDGE ( 'NONE', *, *, #760, .T. ) ;
#3042 = AXIS2_PLACEMENT_3D ( 'NONE', #4861, #1286, #4002 ) ;
#3043 = AXIS2_PLACEMENT_3D ( 'NONE', #4969, #933, #1817 ) ;
#3044 = ORIENTED_EDGE ( 'NONE', *, *, #3668, .F. ) ;
#3045 = CIRCLE ( 'NONE', #890, 1.700000000000000178 ) ;
#3046 = VERTEX_POINT ( 'NONE', #4647 ) ;
#3047 = LINE ( 'NONE', #4589, #976 ) ;
#3048 = EDGE_LOOP ( 'NONE', ( #2837, #2501, #991, #3333, #1287, #3722 ) ) ;
#3049 = VECTOR ( 'NONE', #655, 1000.000000000000000 ) ;
#3050 = FACE_OUTER_BOUND ( 'NONE', #1428, .T. ) ;
#3052 = CARTESIAN_POINT ( 'NONE',  ( -40.78341924626904813, 16.80000000000000071, -25.60000000000007248 ) ) ;
#3051 = AXIS2_PLACEMENT_3D ( 'NONE', #4181, #584, #141 ) ;
#3053 = VECTOR ( 'NONE', #4458, 1000.000000000000227 ) ;
#3054 = DIRECTION ( 'NONE',  ( -0.5000000000000032196, 0.000000000000000000, -0.8660254037844368202 ) ) ;
#3055 = ORIENTED_EDGE ( 'NONE', *, *, #2420, .F. ) ;
#3056 = DIRECTION ( 'NONE',  ( 0.000000000000000000, 1.000000000000000000, -4.081702296416015997E-15 ) ) ;
#3057 = VERTEX_POINT ( 'NONE', #1119 ) ;
#3058 = DIRECTION ( 'NONE',  ( 0.000000000000000000, 1.000000000000000000, 0.000000000000000000 ) ) ;
#3059 = EDGE_CURVE ( 'NONE', #1132, #2969, #4729, .T. ) ;
#3060 = CARTESIAN_POINT ( 'NONE',  ( 2.742424794396365927E-16, -9.456959025401700359E-14, -25.60000000000000497 ) ) ;
#3061 = EDGE_CURVE ( 'NONE', #466, #4772, #2217, .T. ) ;
#3062 = CARTESIAN_POINT ( 'NONE',  ( -10.70000000000011831, 5.400000000000000355, -24.99926665591075192 ) ) ;
#3063 = ADVANCED_FACE ( 'NONE', ( #1909 ), #1077, .F. ) ;
#3064 = VECTOR ( 'NONE', #641, 1000.000000000000000 ) ;
#3065 = VECTOR ( 'NONE', #3756, 1000.000000000000000 ) ;
#3066 = CARTESIAN_POINT ( 'NONE',  ( -15.50000000000000000, 8.000000000000000000, 15.49999999999999822 ) ) ;
#3067 = AXIS2_PLACEMENT_3D ( 'NONE', #390, #4379, #3991 ) ;
#3068 = CARTESIAN_POINT ( 'NONE',  ( 15.50000000000000000, 0.000000000000000000, 15.49999999999999822 ) ) ;
#3069 = ORIENTED_EDGE ( 'NONE', *, *, #917, .F. ) ;
#3070 = ORIENTED_EDGE ( 'NONE', *, *, #2313, .T. ) ;
#3071 = EDGE_LOOP ( 'NONE', ( #3481, #909, #1189, #2035 ) ) ;
#3072 = ADVANCED_FACE ( 'NONE', ( #3028 ), #2721, .T. ) ;
#3073 = ORIENTED_EDGE ( 'NONE', *, *, #1565, .F. ) ;
#3074 = DIRECTION ( 'NONE',  ( 1.102003339948839560E-16, 3.493786075749806212E-15, 1.000000000000000000 ) ) ;
#3075 = ORIENTED_EDGE ( 'NONE', *, *, #3360, .F. ) ;
#3076 = DIRECTION ( 'NONE',  ( -0.000000000000000000, -3.593355771666182750E-15, -1.000000000000000000 ) ) ;
#3077 = FACE_BOUND ( 'NONE', #3923, .T. ) ;
#3078 = EDGE_CURVE ( 'NONE', #2915, #4869, #3490, .T. ) ;
#3079 = CARTESIAN_POINT ( 'NONE',  ( -45.63316150746191369, 46.00000000000003553, -25.60000000000017550 ) ) ;
#3080 = EDGE_CURVE ( 'NONE', #2740, #2114, #1095, .T. ) ;
#3081 = DIRECTION ( 'NONE',  ( 6.671245638583922968E-16, 0.000000000000000000, -1.000000000000000000 ) ) ;
#3082 = EDGE_LOOP ( 'NONE', ( #5054, #1799, #2840, #1503 ) ) ;
#3083 = CARTESIAN_POINT ( 'NONE',  ( -57.89999999999999858, 16.29999999999999716, -28.44000000000006523 ) ) ;
#3084 = ORIENTED_EDGE ( 'NONE', *, *, #4769, .T. ) ;
#3085 = EDGE_CURVE ( 'NONE', #3254, #4305, #2747, .T. ) ;
#3086 = DIRECTION ( 'NONE',  ( 1.073081856240826471E-15, 0.000000000000000000, -1.000000000000000000 ) ) ;
#3087 = CARTESIAN_POINT ( 'NONE',  ( -54.63982570682010476, 35.19999999999999574, -25.60000000000013642 ) ) ;
#3088 = PLANE ( 'NONE',  #1970 ) ;
#3089 = DIRECTION ( 'NONE',  ( 0.000000000000000000, 1.000000000000000000, -0.000000000000000000 ) ) ;
#3090 = DIRECTION ( 'NONE',  ( 7.617846651086544702E-17, -3.552713678800500929E-15, -1.000000000000000000 ) ) ;
#3091 = ORIENTED_EDGE ( 'NONE', *, *, #873, .F. ) ;
#3092 = ORIENTED_EDGE ( 'NONE', *, *, #2451, .F. ) ;
#3093 = ORIENTED_EDGE ( 'NONE', *, *, #4363, .F. ) ;
#3094 = EDGE_CURVE ( 'NONE', #4316, #3264, #2644, .T. ) ;
#3095 = VERTEX_POINT ( 'NONE', #4331 ) ;
#3096 = LINE ( 'NONE', #4665, #3226 ) ;
#3097 = EDGE_LOOP ( 'NONE', ( #3987, #4732, #3902, #2940, #1167, #2324 ) ) ;
#3098 = CALENDAR_DATE ( 2026, 26, 2 ) ;
#3099 = FACE_OUTER_BOUND ( 'NONE', #3584, .T. ) ;
#3100 = CARTESIAN_POINT ( 'NONE',  ( -26.90000000000000568, 45.50000000000001421, -30.00000000000017408 ) ) ;
#3101 = CARTESIAN_POINT ( 'NONE',  ( -57.89999999999999858, 14.50000000000000533, -30.00000000000006395 ) ) ;
#3102 = ORIENTED_EDGE ( 'NONE', *, *, #1009, .T. ) ;
#3103 = DIRECTION ( 'NONE',  ( 0.000000000000000000, -3.552713678800500929E-15, -1.000000000000000000 ) ) ;
#3104 = EDGE_LOOP ( 'NONE', ( #355, #1234, #2662, #3820 ) ) ;
#3105 = CARTESIAN_POINT ( 'NONE',  ( 13.49999999999993960, 8.000000000000000000, -26.61584740964178053 ) ) ;
#3106 = CARTESIAN_POINT ( 'NONE',  ( -39.16683849253810479, 14.00000000000002665, -22.00000000000006040 ) ) ;
#3107 = PLANE ( 'NONE',  #1473 ) ;
#3108 = DIRECTION ( 'NONE',  ( -0.4999999999999979461, 0.000000000000000000, -0.8660254037844397068 ) ) ;
#3109 = CARTESIAN_POINT ( 'NONE',  ( -54.82640687119288714, 0.000000000000000000, -30.00000000000000711 ) ) ;
#3110 = VERTEX_POINT ( 'NONE', #341 ) ;
#3111 = CIRCLE ( 'NONE', #3784, 1.700000000000000178 ) ;
#3112 = EDGE_CURVE ( 'NONE', #4996, #4319, #4234, .T. ) ;
#3113 = ORIENTED_EDGE ( 'NONE', *, *, #3759, .T. ) ;
#3114 = DIRECTION ( 'NONE',  ( 0.4999999999999997224, -0.8660254037844388186, 2.790012826226006237E-15 ) ) ;
#3115 = CC_DESIGN_SECURITY_CLASSIFICATION ( #711, ( #1210 ) ) ;
#3116 = EDGE_CURVE ( 'NONE', #2239, #2479, #1838, .T. ) ;
#3117 = VERTEX_POINT ( 'NONE', #683 ) ;
#3118 = EDGE_CURVE ( 'NONE', #2175, #409, #2691, .T. ) ;
#3119 = VECTOR ( 'NONE', #1862, 1000.000000000000000 ) ;
#3120 = ORIENTED_EDGE ( 'NONE', *, *, #5039, .F. ) ;
#3121 = CARTESIAN_POINT ( 'NONE',  ( -42.40000000000000568, 12.30000000000001847, -25.60000000000005826 ) ) ;
#3122 = ORIENTED_EDGE ( 'NONE', *, *, #2496, .T. ) ;
#3123 = SHAPE_DEFINITION_REPRESENTATION ( #1735, #3010 ) ;
#3124 = VECTOR ( 'NONE', #1648, 1000.000000000000000 ) ;
#3125 = DIRECTION ( 'NONE',  ( 0.000000000000000000, 0.000000000000000000, 1.000000000000000000 ) ) ;
#3126 = DIRECTION ( 'NONE',  ( -0.8660254037844394848, 0.4999999999999985012, -1.842329326619997088E-15 ) ) ;
#3127 = VECTOR ( 'NONE', #2116, 1000.000000000000000 ) ;
#3128 = DIRECTION ( 'NONE',  ( 0.000000000000000000, -1.000000000000000000, 3.758567531283081775E-15 ) ) ;
#3129 = DIRECTION ( 'NONE',  ( -0.000000000000000000, -1.000000000000000000, -0.000000000000000000 ) ) ;
#3130 = EDGE_LOOP ( 'NONE', ( #3666, #1716, #236, #2120 ) ) ;
#3131 = AXIS2_PLACEMENT_3D ( 'NONE', #5149, #2370, #3128 ) ;
#3132 = DIRECTION ( 'NONE',  ( 0.000000000000000000, 0.000000000000000000, -1.000000000000000000 ) ) ;
#3133 = EDGE_LOOP ( 'NONE', ( #2460, #2966, #1262, #1586 ) ) ;
#3134 = AXIS2_PLACEMENT_3D ( 'NONE', #1659, #911, #831 ) ;
#3135 = LINE ( 'NONE', #1576, #2115 ) ;
#3136 = AXIS2_PLACEMENT_3D ( 'NONE', #3101, #1883, #2344 ) ;
#3137 = LINE ( 'NONE', #2728, #1880 ) ;
#3138 = CARTESIAN_POINT ( 'NONE',  ( 15.49999999999999645, 0.000000000000000000, -13.70000000000001172 ) ) ;
#3139 = AXIS2_PLACEMENT_3D ( 'NONE', #9, #1595, #3212 ) ;
#3140 = VECTOR ( 'NONE', #5031, 1000.000000000000000 ) ;
#3141 = CARTESIAN_POINT ( 'NONE',  ( 0.000000000000000000, 8.000000000000000000, 0.000000000000000000 ) ) ;
#3142 = ADVANCED_FACE ( 'NONE', ( #267 ), #5040, .T. ) ;
#3143 = ADVANCED_FACE ( 'NONE', ( #289 ), #2294, .F. ) ;
#3144 = AXIS2_PLACEMENT_3D ( 'NONE', #2944, #105, #2180 ) ;
#3145 = CARTESIAN_POINT ( 'NONE',  ( 0.000000000000000000, 5.400000000000000355, 0.000000000000000000 ) ) ;
#3146 = EDGE_LOOP ( 'NONE', ( #1328, #4951, #446, #861 ) ) ;
#3147 = ORIENTED_EDGE ( 'NONE', *, *, #2991, .F. ) ;
#3148 = LINE ( 'NONE', #3925, #4476 ) ;
#3149 = VECTOR ( 'NONE', #1521, 1000.000000000000000 ) ;
#3150 = AXIS2_PLACEMENT_3D ( 'NONE', #1326, #2521, #3125 ) ;
#3151 = EDGE_CURVE ( 'NONE', #4845, #1912, #422, .T. ) ;
#3152 = ORIENTED_EDGE ( 'NONE', *, *, #605, .F. ) ;
#3153 = EDGE_LOOP ( 'NONE', ( #4524, #4041, #3746, #543 ) ) ;
#3154 = DIRECTION ( 'NONE',  ( 0.000000000000000000, -1.000000000000000000, 0.000000000000000000 ) ) ;
#3155 = EDGE_LOOP ( 'NONE', ( #2919, #1293 ) ) ;
#3156 = CALENDAR_DATE ( 2026, 26, 2 ) ;
#3157 = DIRECTION ( 'NONE',  ( 0.000000000000000000, 0.000000000000000000, -1.000000000000000000 ) ) ;
#3158 = CARTESIAN_POINT ( 'NONE',  ( -54.63982570682013318, 40.80000000000000426, -25.60000000000015774 ) ) ;
#3159 = CYLINDRICAL_SURFACE ( 'NONE', #4567, 1.700000000000000178 ) ;
#3160 = PLANE ( 'NONE',  #1312 ) ;
#3161 = CARTESIAN_POINT ( 'NONE',  ( -53.02324495308916141, 38.00000000000000000, -25.60000000000014708 ) ) ;
#3162 = LINE ( 'NONE', #3915, #4625 ) ;
#3163 = CARTESIAN_POINT ( 'NONE',  ( -16.30000000000011795, 1.293321843319610309, 24.99926665591072705 ) ) ;
#3164 = DIRECTION ( 'NONE',  ( -0.4999999999999992228, -0.000000000000000000, 0.8660254037844391517 ) ) ;
#3165 = ORIENTED_EDGE ( 'NONE', *, *, #3061, .T. ) ;
#3166 = DIRECTION ( 'NONE',  ( -0.6103818063152128826, 0.000000000000000000, -0.7921073478508945387 ) ) ;
#3167 = CARTESIAN_POINT ( 'NONE',  ( -15.50000000000000000, 0.000000000000000000, 13.70000000000000817 ) ) ;
#3168 = DIRECTION ( 'NONE',  ( 7.617846651086544702E-17, -3.552713678800500929E-15, -1.000000000000000000 ) ) ;
#3169 = VERTEX_POINT ( 'NONE', #4434 ) ;
#3170 = CARTESIAN_POINT ( 'NONE',  ( -56.25640646055099126, 23.69999999999994245, -30.00000000000034817 ) ) ;
#3171 = VERTEX_POINT ( 'NONE', #784 ) ;
#3172 = ORIENTED_EDGE ( 'NONE', *, *, #3906, .T. ) ;
#3173 = DIRECTION ( 'NONE',  ( -1.952430740422004218E-29, 1.000000000000000000, -3.552713678800500929E-15 ) ) ;
#3174 = EDGE_CURVE ( 'NONE', #1174, #1527, #3597, .T. ) ;
#3175 = EDGE_CURVE ( 'NONE', #3046, #4843, #1646, .T. ) ;
#3176 = VERTEX_POINT ( 'NONE', #4411 ) ;
#3177 = VERTEX_POINT ( 'NONE', #363 ) ;
#3178 = CARTESIAN_POINT ( 'NONE',  ( -23.76322043552682928, 8.000000000000000000, 18.31145418945635939 ) ) ;
#3179 = VERTEX_POINT ( 'NONE', #2449 ) ;
#3180 = DATE_AND_TIME ( #1175, #2040 ) ;
#3181 = DIRECTION ( 'NONE',  ( 0.8660254037844398178, -0.4999999999999980016, 1.817990202823726573E-15 ) ) ;
#3182 = DIRECTION ( 'NONE',  ( -0.000000000000000000, -3.345538132240890616E-15, -1.000000000000000000 ) ) ;
#3183 = FACE_OUTER_BOUND ( 'NONE', #3740, .T. ) ;
#3184 = LINE ( 'NONE', #1202, #813 ) ;
#3185 = CARTESIAN_POINT ( 'NONE',  ( -26.92701278571814427, 40.80000000000019611, -25.60000000000015774 ) ) ;
#3186 = DIRECTION ( 'NONE',  ( 0.000000000000000000, -1.000000000000000000, 0.000000000000000000 ) ) ;
#3187 = DIRECTION ( 'NONE',  ( -2.720046410331633918E-15, 0.000000000000000000, -1.000000000000000000 ) ) ;
#3188 = VERTEX_POINT ( 'NONE', #1670 ) ;
#3189 = DIRECTION ( 'NONE',  ( 5.495603971894524875E-15, 0.000000000000000000, 1.000000000000000000 ) ) ;
#3190 = EDGE_CURVE ( 'NONE', #2392, #4489, #1620, .T. ) ;
#3191 = ADVANCED_FACE ( 'NONE', ( #29 ), #4563, .F. ) ;
#3192 = EDGE_CURVE ( 'NONE', #2673, #483, #2059, .T. ) ;
#3193 = CARTESIAN_POINT ( 'NONE',  ( -26.92701278571797729, 24.80000000000016414, -25.60000000000010090 ) ) ;
#3194 = DIRECTION ( 'NONE',  ( 0.000000000000000000, -1.000000000000000000, 0.000000000000000000 ) ) ;
#3195 = ORIENTED_EDGE ( 'NONE', *, *, #2861, .T. ) ;
#3196 = CYLINDRICAL_SURFACE ( 'NONE', #3220, 1.799999999999989164 ) ;
#3197 = VERTEX_POINT ( 'NONE', #2870 ) ;
#3198 = ORIENTED_EDGE ( 'NONE', *, *, #4691, .T. ) ;
#3199 = DIRECTION ( 'NONE',  ( 0.000000000000000000, -0.7071067811865471286, 0.7071067811865479058 ) ) ;
#3200 = ORIENTED_EDGE ( 'NONE', *, *, #435, .T. ) ;
#3201 = VERTEX_POINT ( 'NONE', #3625 ) ;
#3202 = DIRECTION ( 'NONE',  ( 0.000000000000000000, -0.7071067811865516806, -0.7071067811865434649 ) ) ;
#3203 = ORIENTED_EDGE ( 'NONE', *, *, #3906, .F. ) ;
#3204 = VECTOR ( 'NONE', #3731, 1000.000000000000114 ) ;
#3205 = ADVANCED_FACE ( 'NONE', ( #2029 ), #4806, .T. ) ;
#3206 = COORDINATED_UNIVERSAL_TIME_OFFSET ( 8, 0, .AHEAD. ) ;
#3207 = CARTESIAN_POINT ( 'NONE',  ( -31.77675504691080022, 22.00000000000012079, -25.60000000000009024 ) ) ;
#3208 = EDGE_CURVE ( 'NONE', #4003, #3310, #3392, .T. ) ;
#3209 = VECTOR ( 'NONE', #3703, 1000.000000000000114 ) ;
#3210 = DIRECTION ( 'NONE',  ( -0.000000000000000000, -1.000000000000000000, 0.000000000000000000 ) ) ;
#3211 = CARTESIAN_POINT ( 'NONE',  ( -54.63982570682010476, 35.19999999999999574, -25.60000000000013642 ) ) ;
#3212 = DIRECTION ( 'NONE',  ( 0.000000000000000000, 0.000000000000000000, -1.000000000000000000 ) ) ;
#3213 = LINE ( 'NONE', #2528, #2204 ) ;
#3214 = DIRECTION ( 'NONE',  ( 0.6103818063152128826, -0.7921073478508945387, 2.948570141335367649E-15 ) ) ;
#3215 = CIRCLE ( 'NONE', #1715, 12.00000000000000000 ) ;
#3216 = CARTESIAN_POINT ( 'NONE',  ( -56.25640646055104099, 36.29999999999999005, -25.60000000000013998 ) ) ;
#3217 = ORIENTED_EDGE ( 'NONE', *, *, #2275, .T. ) ;
#3218 = LINE ( 'NONE', #4391, #2638 ) ;
#3219 = CARTESIAN_POINT ( 'NONE',  ( -42.40000000000000568, 30.00000000000001066, -30.00000000000030198 ) ) ;
#3220 = AXIS2_PLACEMENT_3D ( 'NONE', #1703, #2807, #4399 ) ;
#3221 = CARTESIAN_POINT ( 'NONE',  ( -15.50000000000000000, 0.000000000000000000, 17.29999999999999005 ) ) ;
#3222 = ORIENTED_EDGE ( 'NONE', *, *, #1748, .T. ) ;
#3223 = EDGE_CURVE ( 'NONE', #306, #3117, #2394, .T. ) ;
#3224 = EDGE_CURVE ( 'NONE', #1527, #4662, #4016, .T. ) ;
#3225 = EDGE_CURVE ( 'NONE', #233, #2421, #2061, .T. ) ;
#3226 = VECTOR ( 'NONE', #728, 1000.000000000000000 ) ;
#3227 = CARTESIAN_POINT ( 'NONE',  ( -57.87298721428201986, 40.79999999999999716, -25.60000000000015774 ) ) ;
#3228 = ORIENTED_EDGE ( 'NONE', *, *, #3061, .F. ) ;
#3229 = VECTOR ( 'NONE', #3420, 1000.000000000000000 ) ;
#3230 = ORIENTED_EDGE ( 'NONE', *, *, #4486, .T. ) ;
#3231 = CARTESIAN_POINT ( 'NONE',  ( -30.16017429318005583, 40.80000000000016769, -22.00000000000015987 ) ) ;
#3232 = AXIS2_PLACEMENT_3D ( 'NONE', #3832, #260, #2335 ) ;
#3233 = ORIENTED_EDGE ( 'NONE', *, *, #4268, .T. ) ;
#3234 = EDGE_CURVE ( 'NONE', #4812, #4066, #1278, .T. ) ;
#3235 = VECTOR ( 'NONE', #1686, 1000.000000000000000 ) ;
#3237 = ORIENTED_EDGE ( 'NONE', *, *, #4050, .T. ) ;
#3236 = AXIS2_PLACEMENT_3D ( 'NONE', #1858, #2403, #815 ) ;
#3238 = CARTESIAN_POINT ( 'NONE',  ( -57.87298721428201986, 40.79999999999999716, -25.60000000000015774 ) ) ;
#3239 = ADVANCED_FACE ( 'NONE', ( #3183 ), #726, .F. ) ;
#3240 = CARTESIAN_POINT ( 'NONE',  ( 27.00000000000000000, 0.000000000000000000, 0.000000000000000000 ) ) ;
#3241 = DIRECTION ( 'NONE',  ( 0.000000000000000000, -1.000000000000000000, 3.097720492815725095E-15 ) ) ;
#3242 = ORIENTED_EDGE ( 'NONE', *, *, #3713, .F. ) ;
#3243 = DIRECTION ( 'NONE',  ( 0.5000000000000039968, 0.000000000000000000, -0.8660254037844363761 ) ) ;
#3244 = ADVANCED_FACE ( 'NONE', ( #393 ), #3160, .T. ) ;
#3245 = DIRECTION ( 'NONE',  ( 0.000000000000000000, -3.552713678800500929E-15, -1.000000000000000000 ) ) ;
#3246 = DIRECTION ( 'NONE',  ( -1.000000000000000000, 0.000000000000000000, 0.000000000000000000 ) ) ;
#3247 = EDGE_LOOP ( 'NONE', ( #3654, #4591 ) ) ;
#3248 = FACE_OUTER_BOUND ( 'NONE', #862, .T. ) ;
#3249 = EDGE_CURVE ( 'NONE', #2417, #710, #3961, .T. ) ;
#3250 = DIRECTION ( 'NONE',  ( 0.4999999999999996669, -0.8660254037844388186, 0.000000000000000000 ) ) ;
#3251 = CARTESIAN_POINT ( 'NONE',  ( -24.19999999999999929, 8.000000000000000000, -2.596858092102800434E-14 ) ) ;
#3252 = ORIENTED_EDGE ( 'NONE', *, *, #4221, .F. ) ;
#3253 = DIRECTION ( 'NONE',  ( -0.5000000000000039968, 0.8660254037844363761, -3.004629197474243121E-15 ) ) ;
#3254 = VERTEX_POINT ( 'NONE', #4382 ) ;
#3255 = EDGE_CURVE ( 'NONE', #876, #1485, #818, .T. ) ;
#3256 = ORIENTED_EDGE ( 'NONE', *, *, #644, .F. ) ;
#3257 = FACE_OUTER_BOUND ( 'NONE', #2580, .T. ) ;
#3258 = ORIENTED_EDGE ( 'NONE', *, *, #3342, .F. ) ;
#3259 = ORIENTED_EDGE ( 'NONE', *, *, #1658, .F. ) ;
#3260 = CYLINDRICAL_SURFACE ( 'NONE', #889, 29.99999999999998934 ) ;
#3261 = EDGE_CURVE ( 'NONE', #1492, #2578, #2161, .T. ) ;
#3262 = VERTEX_POINT ( 'NONE', #4588 ) ;
#3263 = DIRECTION ( 'NONE',  ( 1.952430740422004218E-29, -1.000000000000000000, 3.552713678800500929E-15 ) ) ;
#3264 = VERTEX_POINT ( 'NONE', #161 ) ;
#3265 = DIRECTION ( 'NONE',  ( 0.000000000000000000, 0.000000000000000000, -1.000000000000000000 ) ) ;
#3266 = CARTESIAN_POINT ( 'NONE',  ( 16.29999999999995097, 5.400000000000000355, -21.76610514844893274 ) ) ;
#3267 = LINE ( 'NONE', #582, #907 ) ;
#3268 = ORIENTED_EDGE ( 'NONE', *, *, #1400, .F. ) ;
#3269 = PLANE ( 'NONE',  #3623 ) ;
#3270 = LINE ( 'NONE', #2777, #144 ) ;
#3271 = LINE ( 'NONE', #3221, #799 ) ;
#3272 = ORIENTED_EDGE ( 'NONE', *, *, #3749, .F. ) ;
#3273 = DIRECTION ( 'NONE',  ( -1.000000000000000000, 0.000000000000000000, -7.617846651086544702E-17 ) ) ;
#3274 = ORIENTED_EDGE ( 'NONE', *, *, #5045, .F. ) ;
#3275 = ORIENTED_EDGE ( 'NONE', *, *, #4837, .F. ) ;
#3276 = LINE ( 'NONE', #4868, #4643 ) ;
#3277 = ORIENTED_EDGE ( 'NONE', *, *, #1131, .T. ) ;
#3278 = ORIENTED_EDGE ( 'NONE', *, *, #3249, .F. ) ;
#3279 = DIRECTION ( 'NONE',  ( 0.000000000000000000, 0.000000000000000000, 1.000000000000000000 ) ) ;
#3280 = ADVANCED_FACE ( 'NONE', ( #2106 ), #575, .F. ) ;
#3281 = EDGE_CURVE ( 'NONE', #76, #1323, #1751, .T. ) ;
#3282 = AXIS2_PLACEMENT_3D ( 'NONE', #743, #3790, #4239 ) ;
#3283 = ORIENTED_EDGE ( 'NONE', *, *, #3847, .F. ) ;
#3284 = CARTESIAN_POINT ( 'NONE',  ( 21.21320343559646915, 8.000000000000000000, -21.21320343559638033 ) ) ;
#3285 = DIRECTION ( 'NONE',  ( -0.8660254037844383745, 0.000000000000000000, 0.5000000000000003331 ) ) ;
#3286 = CARTESIAN_POINT ( 'NONE',  ( -16.30000000000012506, 45.27895839063658912, -24.99926665591072350 ) ) ;
#3287 = FACE_BOUND ( 'NONE', #774, .T. ) ;
#3288 = VECTOR ( 'NONE', #3781, 1000.000000000000114 ) ;
#3289 = DIRECTION ( 'NONE',  ( 0.000000000000000000, 0.000000000000000000, -1.000000000000000000 ) ) ;
#3290 = LINE ( 'NONE', #2979, #1213 ) ;
#3291 = FACE_OUTER_BOUND ( 'NONE', #3350, .T. ) ;
#3292 = AXIS2_PLACEMENT_3D ( 'NONE', #4202, #632, #3786 ) ;
#3293 = LINE ( 'NONE', #430, #4904 ) ;
#3294 = VERTEX_POINT ( 'NONE', #598 ) ;
#3295 = VECTOR ( 'NONE', #2250, 1000.000000000000000 ) ;
#3296 = DIRECTION ( 'NONE',  ( 0.4999999999999961697, 0.8660254037844408170, 0.000000000000000000 ) ) ;
#3297 = EDGE_CURVE ( 'NONE', #2838, #1685, #231, .T. ) ;
#3298 = DIRECTION ( 'NONE',  ( -0.8660254037844387076, 0.000000000000000000, 0.4999999999999998335 ) ) ;
#3299 = VERTEX_POINT ( 'NONE', #3317 ) ;
#3300 = VECTOR ( 'NONE', #1247, 1000.000000000000114 ) ;
#3301 = ORIENTED_EDGE ( 'NONE', *, *, #2331, .F. ) ;
#3302 = DIRECTION ( 'NONE',  ( 0.000000000000000000, -1.000000000000000000, 3.097720492815725095E-15 ) ) ;
#3303 = AXIS2_PLACEMENT_3D ( 'NONE', #3506, #238, #5065 ) ;
#3304 = ADVANCED_FACE ( 'NONE', ( #3336 ), #2997, .F. ) ;
#3305 = AXIS2_PLACEMENT_3D ( 'NONE', #2755, #715, #2301 ) ;
#3306 = VECTOR ( 'NONE', #1674, 1000.000000000000000 ) ;
#3307 = CARTESIAN_POINT ( 'NONE',  ( -31.77675504691080022, 22.00000000000013500, -22.00000000000009237 ) ) ;
#3308 = VERTEX_POINT ( 'NONE', #943 ) ;
#3309 = VECTOR ( 'NONE', #2974, 1000.000000000000000 ) ;
#3310 = VERTEX_POINT ( 'NONE', #2925 ) ;
#3312 = CARTESIAN_POINT ( 'NONE',  ( -30.16017429317986753, 24.80000000000013216, -25.60000000000009734 ) ) ;
#3311 = AXIS2_PLACEMENT_3D ( 'NONE', #4713, #1526, #4744 ) ;
#3313 = EDGE_CURVE ( 'NONE', #854, #3809, #3646, .T. ) ;
#3314 = VECTOR ( 'NONE', #4973, 1000.000000000000000 ) ;
#3315 = CIRCLE ( 'NONE', #1068, 1.700000000000000178 ) ;
#3316 = ORIENTED_EDGE ( 'NONE', *, *, #3617, .T. ) ;
#3317 = CARTESIAN_POINT ( 'NONE',  ( -54.82640687119288714, 1.040834085586084257E-14, -30.00000000000001421 ) ) ;
#3318 = DIRECTION ( 'NONE',  ( 0.5000000000000092149, 0.000000000000000000, 0.8660254037844333785 ) ) ;
#3319 = FACE_OUTER_BOUND ( 'NONE', #3505, .T. ) ;
#3320 = VECTOR ( 'NONE', #1928, 1000.000000000000114 ) ;
#3321 = CARTESIAN_POINT ( 'NONE',  ( 16.30000000000029203, 60.00000000000002842, 24.99926665591060626 ) ) ;
#3322 = DIRECTION ( 'NONE',  ( -0.000000000000000000, -1.000000000000000000, -0.000000000000000000 ) ) ;
#3323 = DIRECTION ( 'NONE',  ( 7.617846651086544702E-17, -3.552713678800500929E-15, -1.000000000000000000 ) ) ;
#3324 = LINE ( 'NONE', #4941, #1398 ) ;
#3325 = PLANE ( 'NONE',  #1128 ) ;
#3326 = ORIENTED_EDGE ( 'NONE', *, *, #256, .T. ) ;
#3327 = DIRECTION ( 'NONE',  ( 0.000000000000000000, -0.7071067811865501263, -0.7071067811865450192 ) ) ;
#3328 = CYLINDRICAL_SURFACE ( 'NONE', #3459, 1.699999999999996625 ) ;
#3329 = ORIENTED_EDGE ( 'NONE', *, *, #1359, .F. ) ;
#3330 = FACE_BOUND ( 'NONE', #1306, .T. ) ;
#3331 = FACE_OUTER_BOUND ( 'NONE', #3469, .T. ) ;
#3332 = ORIENTED_EDGE ( 'NONE', *, *, #3224, .F. ) ;
#3333 = ORIENTED_EDGE ( 'NONE', *, *, #4771, .F. ) ;
#3334 = CYLINDRICAL_SURFACE ( 'NONE', #3883, 1.700000000000000178 ) ;
#3335 = ORIENTED_EDGE ( 'NONE', *, *, #5111, .T. ) ;
#3336 = FACE_OUTER_BOUND ( 'NONE', #535, .T. ) ;
#3337 = CARTESIAN_POINT ( 'NONE',  ( -15.50000000000000355, 1.560000000000005826, -15.50000000000000178 ) ) ;
#3338 = DIRECTION ( 'NONE',  ( 0.8660254037844387076, 0.000000000000000000, -0.4999999999999998335 ) ) ;
#3339 = CARTESIAN_POINT ( 'NONE',  ( -42.40000000000000568, 30.00000000000003553, -22.00000000000012079 ) ) ;
#3340 = CARTESIAN_POINT ( 'NONE',  ( 27.00000000000000000, 5.400000000000000355, -1.700000000000000178 ) ) ;
#3341 = CARTESIAN_POINT ( 'NONE',  ( -28.54359353944891353, 22.00000000000015277, -25.60000000000009024 ) ) ;
#3342 = EDGE_CURVE ( 'NONE', #412, #1194, #997, .T. ) ;
#3343 = CARTESIAN_POINT ( 'NONE',  ( -25.31043203198699132, 22.00000000000018119, -22.00000000000009237 ) ) ;
#3344 = DIRECTION ( 'NONE',  ( -1.000000000000000000, 0.000000000000000000, 0.000000000000000000 ) ) ;
#3345 = VERTEX_POINT ( 'NONE', #4569 ) ;
#3346 = ADVANCED_FACE ( 'NONE', ( #1776 ), #1803, .T. ) ;
#3347 = LINE ( 'NONE', #2593, #4875 ) ;
#3348 = LINE ( 'NONE', #4208, #4804 ) ;
#3349 = ADVANCED_FACE ( 'NONE', ( #4988 ), #2081, .T. ) ;
#3350 = EDGE_LOOP ( 'NONE', ( #3091, #3030, #1066, #2825 ) ) ;
#3351 = FACE_OUTER_BOUND ( 'NONE', #3104, .T. ) ;
#3352 = DIRECTION ( 'NONE',  ( 0.4999999999999973910, 0.000000000000000000, 0.8660254037844401509 ) ) ;
#3353 = ORIENTED_EDGE ( 'NONE', *, *, #1255, .F. ) ;
#3354 = EDGE_LOOP ( 'NONE', ( #5138, #3890 ) ) ;
#3355 = CARTESIAN_POINT ( 'NONE',  ( -45.63316150746190658, 14.00000000000000533, -22.00000000000006395 ) ) ;
#3356 = EDGE_LOOP ( 'NONE', ( #3803, #2500, #1348, #4767 ) ) ;
#3357 = VERTEX_POINT ( 'NONE', #4934 ) ;
#3358 = DIRECTION ( 'NONE',  ( 0.000000000000000000, 0.000000000000000000, -1.000000000000000000 ) ) ;
#3359 = DIRECTION ( 'NONE',  ( 1.000000000000000000, 1.332267629550187533E-14, -2.146163712482680926E-16 ) ) ;
#3360 = EDGE_CURVE ( 'NONE', #389, #1158, #4151, .T. ) ;
#3361 = CARTESIAN_POINT ( 'NONE',  ( -54.63982570682013318, 40.80000000000001847, -22.00000000000015987 ) ) ;
#3362 = CC_DESIGN_PERSON_AND_ORGANIZATION_ASSIGNMENT ( #1617, #2026, ( #2520 ) ) ;
#3363 = FACE_OUTER_BOUND ( 'NONE', #935, .T. ) ;
#3364 = LINE ( 'NONE', #2486, #4314 ) ;
#3365 = CARTESIAN_POINT ( 'NONE',  ( -44.01658075373095613, 11.20000000000001528, -22.00000000000005329 ) ) ;
#3366 = DIRECTION ( 'NONE',  ( 0.000000000000000000, 1.000000000000000000, -3.469446951953614189E-15 ) ) ;
#3367 = FACE_OUTER_BOUND ( 'NONE', #4943, .T. ) ;
#3368 = VERTEX_POINT ( 'NONE', #3728 ) ;
#3369 = DIRECTION ( 'NONE',  ( 0.8660254037844368202, 0.000000000000000000, -0.5000000000000032196 ) ) ;
#3370 = FACE_OUTER_BOUND ( 'NONE', #2385, .T. ) ;
#3371 = AXIS2_PLACEMENT_3D ( 'NONE', #2799, #2408, #3996 ) ;
#3372 = CIRCLE ( 'NONE', #212, 1.700000000000000178 ) ;
#3373 = DIRECTION ( 'NONE',  ( 0.000000000000000000, 1.000000000000000000, -0.000000000000000000 ) ) ;
#3374 = ADVANCED_FACE ( 'NONE', ( #1355 ), #4174, .F. ) ;
#3375 = VECTOR ( 'NONE', #978, 1000.000000000000000 ) ;
#3376 = DIRECTION ( 'NONE',  ( 0.000000000000000000, 1.000000000000000000, 0.000000000000000000 ) ) ;
#3377 = ORIENTED_EDGE ( 'NONE', *, *, #4608, .T. ) ;
#3378 = CIRCLE ( 'NONE', #1472, 1.700000000000000178 ) ;
#3379 = EDGE_LOOP ( 'NONE', ( #3577, #4029, #4610, #1480 ) ) ;
#3380 = CARTESIAN_POINT ( 'NONE',  ( -63.61320343559648194, 8.786796564403655196, -22.00000000000004263 ) ) ;
#3381 = VECTOR ( 'NONE', #2780, 1000.000000000000000 ) ;
#3382 = ORIENTED_EDGE ( 'NONE', *, *, #4185, .F. ) ;
#3383 = CIRCLE ( 'NONE', #3804, 1.799999999999990941 ) ;
#3384 = EDGE_CURVE ( 'NONE', #1194, #1636, #4535, .T. ) ;
#3385 = AXIS2_PLACEMENT_3D ( 'NONE', #4441, #852, #2833 ) ;
#3386 = ORIENTED_EDGE ( 'NONE', *, *, #2322, .T. ) ;
#3387 = DIRECTION ( 'NONE',  ( 0.000000000000000000, 0.000000000000000000, -1.000000000000000000 ) ) ;
#3388 = CARTESIAN_POINT ( 'NONE',  ( -13.50000000000012612, 8.000000000000000000, 26.61584740964169171 ) ) ;
#3389 = ORIENTED_EDGE ( 'NONE', *, *, #1347, .T. ) ;
#3390 = DIRECTION ( 'NONE',  ( -0.000000000000000000, 3.552713678800500929E-15, 1.000000000000000000 ) ) ;
#3391 = CARTESIAN_POINT ( 'NONE',  ( -42.40000000000000568, 18.00000000000003197, -22.00000000000007816 ) ) ;
#3392 = CIRCLE ( 'NONE', #3805, 1.700000000000000178 ) ;
#3393 = DIRECTION ( 'NONE',  ( 0.8660254037844336006, 0.000000000000000000, -0.5000000000000087708 ) ) ;
#3394 = DIRECTION ( 'NONE',  ( -0.4999999999999998335, 0.000000000000000000, -0.8660254037844387076 ) ) ;
#3396 = CARTESIAN_POINT ( 'NONE',  ( -13.50000000000011013, 5.400000000000000355, -21.68268590217978442 ) ) ;
#3395 = AXIS2_PLACEMENT_3D ( 'NONE', #3667, #834, #3302 ) ;
#3397 = VECTOR ( 'NONE', #165, 1000.000000000000000 ) ;
#3398 = CARTESIAN_POINT ( 'NONE',  ( 24.19999999999999929, 5.400000000000000355, 1.616580753730953779 ) ) ;
#3399 = ADVANCED_FACE ( 'NONE', ( #1385 ), #4071, .F. ) ;
#3400 = ORIENTED_EDGE ( 'NONE', *, *, #3679, .F. ) ;
#3401 = PLANE ( 'NONE',  #1949 ) ;
#3402 = CARTESIAN_POINT ( 'NONE',  ( 10.44551884636073957, 10.57064667312368478, -12.79089565781014493 ) ) ;
#3403 = CARTESIAN_POINT ( 'NONE',  ( -13.50000000000011013, 5.400000000000000355, -23.38268590217978726 ) ) ;
#3404 = PLANE ( 'NONE',  #4313 ) ;
#3405 = DIRECTION ( 'NONE',  ( 0.000000000000000000, 0.000000000000000000, -1.000000000000000000 ) ) ;
#3406 = EDGE_LOOP ( 'NONE', ( #5145, #1122, #1850, #2575 ) ) ;
#3407 = EDGE_CURVE ( 'NONE', #4605, #3310, #2504, .T. ) ;
#3408 = ORIENTED_EDGE ( 'NONE', *, *, #4134, .F. ) ;
#3409 = EDGE_CURVE ( 'NONE', #2334, #2915, #3148, .T. ) ;
#3410 = EDGE_CURVE ( 'NONE', #1014, #1106, #4345, .T. ) ;
#3411 = VERTEX_POINT ( 'NONE', #3413 ) ;
#3412 = ORIENTED_EDGE ( 'NONE', *, *, #37, .T. ) ;
#3413 = CARTESIAN_POINT ( 'NONE',  ( -57.90000000000000568, 42.14000000000000057, -30.00000000000017053 ) ) ;
#3414 = DIRECTION ( 'NONE',  ( 0.000000000000000000, 1.000000000000000000, 0.000000000000000000 ) ) ;
#3415 = ORIENTED_EDGE ( 'NONE', *, *, #827, .F. ) ;
#3416 = DIRECTION ( 'NONE',  ( 0.000000000000000000, -1.000000000000000000, -0.000000000000000000 ) ) ;
#3417 = LINE ( 'NONE', #1906, #3288 ) ;
#3418 = CARTESIAN_POINT ( 'NONE',  ( 15.49999999999999645, 0.000000000000000000, -15.50000000000000178 ) ) ;
#3419 = DIRECTION ( 'NONE',  ( 0.000000000000000000, 1.000000000000000000, 0.000000000000000000 ) ) ;
#3420 = DIRECTION ( 'NONE',  ( -1.000000000000000000, -6.272760089132151808E-15, -2.146163712481998068E-16 ) ) ;
#3421 = DIRECTION ( 'NONE',  ( -0.000000000000000000, 3.552713678800500929E-15, 1.000000000000000000 ) ) ;
#3422 = ORIENTED_EDGE ( 'NONE', *, *, #752, .T. ) ;
#3423 = DIRECTION ( 'NONE',  ( 0.000000000000000000, 1.000000000000000000, 0.000000000000000000 ) ) ;
#3424 = CARTESIAN_POINT ( 'NONE',  ( -42.40000000000000568, 30.00000000000001066, -30.00000000000012079 ) ) ;
#3425 = DIRECTION ( 'NONE',  ( 0.000000000000000000, 1.000000000000000000, -0.000000000000000000 ) ) ;
#3426 = LINE ( 'NONE', #4581, #234 ) ;
#3427 = FACE_OUTER_BOUND ( 'NONE', #979, .T. ) ;
#3428 = VERTEX_POINT ( 'NONE', #3019 ) ;
#3429 = ORIENTED_EDGE ( 'NONE', *, *, #1346, .F. ) ;
#3430 = ORIENTED_EDGE ( 'NONE', *, *, #3112, .F. ) ;
#3431 = ORIENTED_EDGE ( 'NONE', *, *, #981, .T. ) ;
#3432 = DIRECTION ( 'NONE',  ( -8.659560562354932858E-17, -0.7071067811865474617, -0.7071067811865474617 ) ) ;
#3433 = CARTESIAN_POINT ( 'NONE',  ( 26.99999999999999645, 5.400000000000000355, -3.233161507461903117 ) ) ;
#3434 = EDGE_CURVE ( 'NONE', #3610, #995, #3894, .T. ) ;
#3435 = ORIENTED_EDGE ( 'NONE', *, *, #3770, .F. ) ;
#3436 = EDGE_CURVE ( 'NONE', #2782, #886, #4768, .T. ) ;
#3437 =( NAMED_UNIT ( * ) SI_UNIT ( $, .STERADIAN. ) SOLID_ANGLE_UNIT ( ) );
#3438 = CARTESIAN_POINT ( 'NONE',  ( 13.57820639017451647, 8.000000000000000000, 26.75130485090069854 ) ) ;
#3439 = PLANE ( 'NONE',  #1041 ) ;
#3440 = DIRECTION ( 'NONE',  ( 0.8660254037844363761, 0.000000000000000000, -0.5000000000000039968 ) ) ;
#3441 = ORIENTED_EDGE ( 'NONE', *, *, #2315, .T. ) ;
#3442 = DIRECTION ( 'NONE',  ( 0.000000000000000000, 1.000000000000000000, 0.000000000000000000 ) ) ;
#3443 = ORIENTED_EDGE ( 'NONE', *, *, #4657, .F. ) ;
#3444 = CARTESIAN_POINT ( 'NONE',  ( -57.90000000000000568, 45.50000000000001421, -28.44000000000017181 ) ) ;
#3445 = CARTESIAN_POINT ( 'NONE',  ( -53.02324495308910457, 21.99999999999997868, -22.00000000000009237 ) ) ;
#3446 = DIRECTION ( 'NONE',  ( 0.4999999999999919509, 0.8660254037844432595, -3.004629197474266787E-15 ) ) ;
#3447 = CONICAL_SURFACE ( 'NONE', #960, 3.360000000000003428, 0.7853981633974492782 ) ;
#3448 = DIRECTION ( 'NONE',  ( 0.000000000000000000, 0.000000000000000000, 1.000000000000000000 ) ) ;
#3449 = EDGE_CURVE ( 'NONE', #254, #5151, #2002, .T. ) ;
#3450 = DIRECTION ( 'NONE',  ( -1.000000000000000000, -8.992806499463750622E-15, 2.146163712482759319E-16 ) ) ;
#3451 = ORIENTED_EDGE ( 'NONE', *, *, #3951, .T. ) ;
#3452 = AXIS2_PLACEMENT_3D ( 'NONE', #583, #3323, #3757 ) ;
#3453 = ORIENTED_EDGE ( 'NONE', *, *, #2129, .T. ) ;
#3454 = EDGE_CURVE ( 'NONE', #3368, #1584, #382, .T. ) ;
#3455 = VECTOR ( 'NONE', #4966, 1000.000000000000000 ) ;
#3456 = EDGE_CURVE ( 'NONE', #3743, #1258, #621, .T. ) ;
#3457 = VECTOR ( 'NONE', #295, 1000.000000000000114 ) ;
#3458 = ORIENTED_EDGE ( 'NONE', *, *, #3454, .F. ) ;
#3459 = AXIS2_PLACEMENT_3D ( 'NONE', #3403, #588, #3792 ) ;
#3460 = ORIENTED_EDGE ( 'NONE', *, *, #2702, .T. ) ;
#3461 = DIRECTION ( 'NONE',  ( -0.8660254037844371533, 0.000000000000000000, 0.5000000000000026645 ) ) ;
#3462 = VERTEX_POINT ( 'NONE', #1020 ) ;
#3463 = CARTESIAN_POINT ( 'NONE',  ( 0.000000000000000000, 0.000000000000000000, 0.000000000000000000 ) ) ;
#3464 = VECTOR ( 'NONE', #3912, 1000.000000000000000 ) ;
#3465 = CARTESIAN_POINT ( 'NONE',  ( -57.89999999999999858, 14.50000000000000533, -30.00000000000006395 ) ) ;
#3467 = CARTESIAN_POINT ( 'NONE',  ( -26.92701278571814427, 40.80000000000021032, -22.00000000000015987 ) ) ;
#3466 = AXIS2_PLACEMENT_3D ( 'NONE', #2167, #1760, #2950 ) ;
#3468 = CARTESIAN_POINT ( 'NONE',  ( 30.77511220352753440, 2.022992871964639061, -1.616580753730951336 ) ) ;
#3469 = EDGE_LOOP ( 'NONE', ( #3748, #1487, #1327, #1212 ) ) ;
#3470 = CARTESIAN_POINT ( 'NONE',  ( 0.000000000000000000, 5.400000000000000355, 0.000000000000000000 ) ) ;
#3471 = EDGE_LOOP ( 'NONE', ( #2962, #1166 ) ) ;
#3472 = AXIS2_PLACEMENT_3D ( 'NONE', #1573, #1201, #3241 ) ;
#3473 = CARTESIAN_POINT ( 'NONE',  ( -57.90000000000000568, 45.50000000000000711, -30.00000000000017764 ) ) ;
#3474 = CARTESIAN_POINT ( 'NONE',  ( -10.69999999999979678, 5.400000000000000355, 21.76610514844899313 ) ) ;
#3475 = CARTESIAN_POINT ( 'NONE',  ( 12.42640687119288323, 8.000000000000035527, -22.00000000000003553 ) ) ;
#3476 = AXIS2_PLACEMENT_3D ( 'NONE', #746, #5052, #4656 ) ;
#3477 = VECTOR ( 'NONE', #1093, 1000.000000000000000 ) ;
#3478 = LINE ( 'NONE', #1549, #72 ) ;
#3479 = EDGE_CURVE ( 'NONE', #2363, #3598, #751, .T. ) ;
#3480 = DIRECTION ( 'NONE',  ( 0.000000000000000000, 0.000000000000000000, -1.000000000000000000 ) ) ;
#3481 = ORIENTED_EDGE ( 'NONE', *, *, #2519, .T. ) ;
#3482 = VERTEX_POINT ( 'NONE', #2604 ) ;
#3483 = EDGE_LOOP ( 'NONE', ( #5109, #3684, #3558, #78, #2146, #879 ) ) ;
#3484 = ORIENTED_EDGE ( 'NONE', *, *, #1596, .F. ) ;
#3485 = DIRECTION ( 'NONE',  ( -0.5000000000000101030, 0.8660254037844328234, -3.004629197474230499E-15 ) ) ;
#3486 = VERTEX_POINT ( 'NONE', #1 ) ;
#3487 = LINE ( 'NONE', #209, #1123 ) ;
#3488 = CARTESIAN_POINT ( 'NONE',  ( 16.29999999999995097, 5.400000000000000355, -21.76610514844893274 ) ) ;
#3489 = CARTESIAN_POINT ( 'NONE',  ( -31.77675504691096364, 38.00000000000015632, -25.60000000000014708 ) ) ;
#3490 = LINE ( 'NONE', #4695, #2554 ) ;
#3491 = EDGE_LOOP ( 'NONE', ( #4456, #1933, #518, #723 ) ) ;
#3492 = PLANE ( 'NONE',  #379 ) ;
#3493 = ORIENTED_EDGE ( 'NONE', *, *, #2654, .F. ) ;
#3494 = CARTESIAN_POINT ( 'NONE',  ( 15.49999999999999645, 8.000000000000000000, -15.50000000000000178 ) ) ;
#3495 = FACE_OUTER_BOUND ( 'NONE', #1861, .T. ) ;
#3496 = ADVANCED_FACE ( 'NONE', ( #5009 ), #2393, .F. ) ;
#3497 = LINE ( 'NONE', #5021, #4633 ) ;
#3498 = LINE ( 'NONE', #2756, #3898 ) ;
#3499 = EDGE_CURVE ( 'NONE', #4465, #2135, #3561, .T. ) ;
#3500 = EDGE_CURVE ( 'NONE', #790, #65, #654, .T. ) ;
#3501 = DIRECTION ( 'NONE',  ( 0.000000000000000000, -1.000000000000000000, 3.854941057726261566E-15 ) ) ;
#3502 = ORIENTED_EDGE ( 'NONE', *, *, #4114, .F. ) ;
#3503 = ORIENTED_EDGE ( 'NONE', *, *, #1455, .T. ) ;
#3504 = ORIENTED_EDGE ( 'NONE', *, *, #3760, .F. ) ;
#3505 = EDGE_LOOP ( 'NONE', ( #856, #3503, #2843, #2933 ) ) ;
#3506 = CARTESIAN_POINT ( 'NONE',  ( -54.63982570682010476, 35.19999999999999574, -25.60000000000013642 ) ) ;
#3507 = ORIENTED_EDGE ( 'NONE', *, *, #4866, .T. ) ;
#3508 = SECURITY_CLASSIFICATION_LEVEL ( 'unclassified' ) ;
#3509 = CARTESIAN_POINT ( 'NONE',  ( 5.349999999999980993, 8.000000000000000000, -9.266471820493480394 ) ) ;
#3510 = FACE_OUTER_BOUND ( 'NONE', #1587, .T. ) ;
#3511 = ADVANCED_FACE ( 'NONE', ( #3981 ), #1040, .T. ) ;
#3512 = DIRECTION ( 'NONE',  ( 0.4999999999999974465, 0.000000000000000000, 0.8660254037844400399 ) ) ;
#3513 = DIRECTION ( 'NONE',  ( -1.000000000000000000, 0.000000000000000000, 0.000000000000000000 ) ) ;
#3514 = ORIENTED_EDGE ( 'NONE', *, *, #4674, .T. ) ;
#3515 = DIRECTION ( 'NONE',  ( 0.000000000000000000, 3.593355771666182750E-15, 1.000000000000000000 ) ) ;
#3516 = ADVANCED_FACE ( 'NONE', ( #4194 ), #1831, .F. ) ;
#3517 = ORIENTED_EDGE ( 'NONE', *, *, #5087, .F. ) ;
#3518 = DIRECTION ( 'NONE',  ( -0.4999999999999929501, 0.000000000000000000, 0.8660254037844427044 ) ) ;
#3519 = CARTESIAN_POINT ( 'NONE',  ( -57.90000000000000568, 45.50000000000000711, -30.00000000000017764 ) ) ;
#3520 = CARTESIAN_POINT ( 'NONE',  ( -31.77675504691080022, 22.00000000000012079, -25.60000000000009024 ) ) ;
#3521 = CARTESIAN_POINT ( 'NONE',  ( -53.02324495308910457, 21.99999999999996803, -25.60000000000009024 ) ) ;
#3522 = ORIENTED_EDGE ( 'NONE', *, *, #4285, .F. ) ;
#3523 = DIRECTION ( 'NONE',  ( -2.109423746787797427E-15, -7.164044134830351317E-16, -1.000000000000000000 ) ) ;
#3524 = ORIENTED_EDGE ( 'NONE', *, *, #3027, .F. ) ;
#3525 = CIRCLE ( 'NONE', #4701, 3.360000000000002096 ) ;
#3526 = EDGE_LOOP ( 'NONE', ( #647, #586 ) ) ;
#3527 = CARTESIAN_POINT ( 'NONE',  ( -26.92701278571797729, 24.80000000000016414, -25.60000000000010090 ) ) ;
#3528 = VECTOR ( 'NONE', #505, 1000.000000000000000 ) ;
#3529 = ORIENTED_EDGE ( 'NONE', *, *, #3255, .F. ) ;
#3530 = AXIS2_PLACEMENT_3D ( 'NONE', #786, #4833, #2083 ) ;
#3531 = EDGE_LOOP ( 'NONE', ( #3016, #5064, #4297, #3353 ) ) ;
#3532 = CARTESIAN_POINT ( 'NONE',  ( 12.42640687119288856, 0.000000000000000000, -30.00000000000000000 ) ) ;
#3533 = ORIENTED_EDGE ( 'NONE', *, *, #4168, .T. ) ;
#3534 = VECTOR ( 'NONE', #2225, 1000.000000000000114 ) ;
#3535 = AXIS2_PLACEMENT_3D ( 'NONE', #1597, #2482, #4042 ) ;
#3536 = DIRECTION ( 'NONE',  ( -0.000000000000000000, -1.000000000000000000, -0.000000000000000000 ) ) ;
#3537 = CARTESIAN_POINT ( 'NONE',  ( -16.30000000000010374, 60.00000000000002842, -21.76610514844881550 ) ) ;
#3538 = AXIS2_PLACEMENT_3D ( 'NONE', #1135, #5107, #3480 ) ;
#3539 = FACE_OUTER_BOUND ( 'NONE', #4361, .T. ) ;
#3540 = DIRECTION ( 'NONE',  ( 1.000000000000000000, 0.000000000000000000, -9.714451465470122884E-15 ) ) ;
#3541 = ORIENTED_EDGE ( 'NONE', *, *, #1292, .T. ) ;
#3542 = VECTOR ( 'NONE', #2025, 1000.000000000000000 ) ;
#3543 = CARTESIAN_POINT ( 'NONE',  ( -40.78341924626905524, 48.80000000000004690, -25.60000000000018616 ) ) ;
#3544 = AXIS2_PLACEMENT_3D ( 'NONE', #4100, #1811, #2949 ) ;
#3545 = LINE ( 'NONE', #1181, #2364 ) ;
#3546 = CIRCLE ( 'NONE', #1721, 1.699999999999996625 ) ;
#3547 = DIRECTION ( 'NONE',  ( 0.000000000000000000, -0.7071067811865474617, 0.7071067811865474617 ) ) ;
#3548 = ORIENTED_EDGE ( 'NONE', *, *, #28, .F. ) ;
#3549 = DIRECTION ( 'NONE',  ( -0.000000000000000000, -1.000000000000000000, 0.000000000000000000 ) ) ;
#3550 = AXIS2_PLACEMENT_3D ( 'NONE', #4536, #1334, #2926 ) ;
#3551 = ADVANCED_FACE ( 'NONE', ( #4224 ), #3552, .F. ) ;
#3552 = CONICAL_SURFACE ( 'NONE', #3311, 3.360000000000002096, 0.7853981633974504994 ) ;
#3553 = DIRECTION ( 'NONE',  ( -0.4999999999999961697, -0.8660254037844408170, 2.790012826226013337E-15 ) ) ;
#3554 = EDGE_CURVE ( 'NONE', #262, #2018, #2632, .T. ) ;
#3555 = ORIENTED_EDGE ( 'NONE', *, *, #4752, .T. ) ;
#3556 = VECTOR ( 'NONE', #1475, 1000.000000000000114 ) ;
#3557 = DIRECTION ( 'NONE',  ( -0.000000000000000000, 1.000000000000000000, 0.000000000000000000 ) ) ;
#3558 = ORIENTED_EDGE ( 'NONE', *, *, #3080, .T. ) ;
#3559 = CIRCLE ( 'NONE', #3979, 1.700000000000000178 ) ;
#3560 = EDGE_LOOP ( 'NONE', ( #936, #2278, #313, #1853, #3881, #3643 ) ) ;
#3561 = LINE ( 'NONE', #354, #5147 ) ;
#3562 = VECTOR ( 'NONE', #3194, 1000.000000000000000 ) ;
#3563 = AXIS2_PLACEMENT_3D ( 'NONE', #4926, #613, #2174 ) ;
#3564 = ORIENTED_EDGE ( 'NONE', *, *, #2322, .F. ) ;
#3565 = ORIENTED_EDGE ( 'NONE', *, *, #2841, .T. ) ;
#3566 = FACE_BOUND ( 'NONE', #4471, .T. ) ;
#3567 = ORIENTED_EDGE ( 'NONE', *, *, #612, .T. ) ;
#3568 = EDGE_CURVE ( 'NONE', #3169, #2555, #3807, .T. ) ;
#3569 = FACE_BOUND ( 'NONE', #98, .T. ) ;
#3570 = EDGE_CURVE ( 'NONE', #2899, #1434, #2977, .T. ) ;
#3571 = DIRECTION ( 'NONE',  ( 0.000000000000000000, 0.000000000000000000, -1.000000000000000000 ) ) ;
#3572 = CARTESIAN_POINT ( 'NONE',  ( -57.89999999999999858, 14.50000000000003375, -22.00000000000006750 ) ) ;
#3573 = CYLINDRICAL_SURFACE ( 'NONE', #3139, 12.00000000000000178 ) ;
#3574 = DIRECTION ( 'NONE',  ( 5.495603971894524875E-15, -3.677924201333648689E-15, 1.000000000000000000 ) ) ;
#3575 = DIRECTION ( 'NONE',  ( 0.000000000000000000, 0.000000000000000000, -1.000000000000000000 ) ) ;
#3576 = CARTESIAN_POINT ( 'NONE',  ( 29.95641278034915089, 5.400000000000000355, -1.616580753730952003 ) ) ;
#3577 = ORIENTED_EDGE ( 'NONE', *, *, #4173, .F. ) ;
#3578 = DIRECTION ( 'NONE',  ( 0.000000000000000000, 1.000000000000000000, 0.000000000000000000 ) ) ;
#3579 = CARTESIAN_POINT ( 'NONE',  ( 27.00000000000000000, 5.400000000000000355, 1.700000000000000178 ) ) ;
#3580 = LINE ( 'NONE', #69, #651 ) ;
#3581 = VERTEX_POINT ( 'NONE', #2761 ) ;
#3582 = PLANE ( 'NONE',  #3134 ) ;
#3583 = ORIENTED_EDGE ( 'NONE', *, *, #4007, .T. ) ;
#3584 = EDGE_LOOP ( 'NONE', ( #3927, #757, #2306, #2819 ) ) ;
#3585 = ADVANCED_FACE ( 'NONE', ( #462 ), #2813, .F. ) ;
#3586 = CARTESIAN_POINT ( 'NONE',  ( -42.40000000000000568, 18.00000000000001066, -30.00000000000025935 ) ) ;
#3587 = EDGE_CURVE ( 'NONE', #65, #1935, #1978, .T. ) ;
#3588 = ORIENTED_EDGE ( 'NONE', *, *, #129, .F. ) ;
#3589 = EDGE_LOOP ( 'NONE', ( #4927, #3382, #4085, #3834 ) ) ;
#3590 = FACE_BOUND ( 'NONE', #1241, .T. ) ;
#3591 = VERTEX_POINT ( 'NONE', #2468 ) ;
#3592 = APPROVAL_DATE_TIME ( #3180, #3615 ) ;
#3593 = DIRECTION ( 'NONE',  ( 7.617846651086544702E-17, -3.552713678800500929E-15, -1.000000000000000000 ) ) ;
#3594 = EDGE_CURVE ( 'NONE', #1410, #1910, #1251, .T. ) ;
#3595 = CARTESIAN_POINT ( 'NONE',  ( 27.00000000000000000, 5.400000000000000355, 0.000000000000000000 ) ) ;
#3596 = EDGE_CURVE ( 'NONE', #2135, #412, #4899, .T. ) ;
#3597 = LINE ( 'NONE', #2009, #563 ) ;
#3598 = VERTEX_POINT ( 'NONE', #4403 ) ;
#3599 = EDGE_CURVE ( 'NONE', #2487, #4341, #4009, .T. ) ;
#3600 = DIRECTION ( 'NONE',  ( 0.000000000000000000, -3.552713678800500929E-15, -1.000000000000000000 ) ) ;
#3601 = LINE ( 'NONE', #1239, #4870 ) ;
#3602 = DIRECTION ( 'NONE',  ( 0.000000000000000000, -1.000000000000000000, 3.854941057726253677E-15 ) ) ;
#3603 = ORIENTED_EDGE ( 'NONE', *, *, #3747, .F. ) ;
#3604 = CARTESIAN_POINT ( 'NONE',  ( -18.63677956447317996, 48.31145418945637005, -30.00000000000018474 ) ) ;
#3605 = FACE_OUTER_BOUND ( 'NONE', #4428, .T. ) ;
#3606 = CARTESIAN_POINT ( 'NONE',  ( -13.50000000000009948, 60.00000000000002842, -20.14952439471788281 ) ) ;
#3607 = EDGE_LOOP ( 'NONE', ( #1218, #1266, #4583, #2939 ) ) ;
#3608 = EDGE_CURVE ( 'NONE', #1405, #2763, #2396, .T. ) ;
#3609 = CARTESIAN_POINT ( 'NONE',  ( 10.69999999999994778, 8.000000000000000000, -21.76610514844892208 ) ) ;
#3610 = VERTEX_POINT ( 'NONE', #2076 ) ;
#3611 = VERTEX_POINT ( 'NONE', #1664 ) ;
#3612 = DIRECTION ( 'NONE',  ( 0.000000000000000000, -1.000000000000000000, 0.000000000000000000 ) ) ;
#3613 = EDGE_CURVE ( 'NONE', #2282, #1258, #1067, .T. ) ;
#3614 = VERTEX_POINT ( 'NONE', #4060 ) ;
#3615 = APPROVAL ( #4802, 'UNSPECIFIED' ) ;
#3616 = ORIENTED_EDGE ( 'NONE', *, *, #994, .T. ) ;
#3617 = EDGE_CURVE ( 'NONE', #4346, #1636, #2498, .T. ) ;
#3618 = CARTESIAN_POINT ( 'NONE',  ( 10.70000000000025331, 5.400000000000000355, 21.76610514844876931 ) ) ;
#3619 = VECTOR ( 'NONE', #2138, 1000.000000000000000 ) ;
#3620 = EDGE_CURVE ( 'NONE', #2732, #3581, #2121, .T. ) ;
#3621 = APPROVAL_STATUS ( 'not_yet_approved' ) ;
#3622 = AXIS2_PLACEMENT_3D ( 'NONE', #1651, #3245, #3917 ) ;
#3623 = AXIS2_PLACEMENT_3D ( 'NONE', #1993, #91, #2036 ) ;
#3624 = DIRECTION ( 'NONE',  ( 0.8660254037844401509, 0.000000000000000000, -0.4999999999999975020 ) ) ;
#3625 = CARTESIAN_POINT ( 'NONE',  ( 12.42640687119289744, 8.000000000000000000, -25.99600812772489888 ) ) ;
#3626 = LINE ( 'NONE', #4332, #226 ) ;
#3627 = CARTESIAN_POINT ( 'NONE',  ( -27.00000000000000000, 60.00000000000002842, -3.233161507461902673 ) ) ;
#3628 = AXIS2_PLACEMENT_3D ( 'NONE', #3470, #3442, #764 ) ;
#3629 = CARTESIAN_POINT ( 'NONE',  ( -26.90000000000000568, 48.86000000000001364, -30.00000000000018474 ) ) ;
#3630 = AXIS2_PLACEMENT_3D ( 'NONE', #2934, #2147, #3296 ) ;
#3631 = CARTESIAN_POINT ( 'NONE',  ( 15.49999999999999645, 0.000000000000000000, -12.14000000000000234 ) ) ;
#3632 = ORIENTED_EDGE ( 'NONE', *, *, #283, .F. ) ;
#3633 = ADVANCED_FACE ( 'NONE', ( #2049 ), #46, .F. ) ;
#3634 = FACE_OUTER_BOUND ( 'NONE', #122, .T. ) ;
#3635 = DIRECTION ( 'NONE',  ( 0.000000000000000000, -1.000000000000000000, 3.854941057726261566E-15 ) ) ;
#3636 = VECTOR ( 'NONE', #2729, 1000.000000000000000 ) ;
#3637 = LINE ( 'NONE', #16, #317 ) ;
#3638 = VERTEX_POINT ( 'NONE', #2917 ) ;
#3639 = AXIS2_PLACEMENT_3D ( 'NONE', #4585, #2993, #4191 ) ;
#3640 = LINE ( 'NONE', #2883, #4469 ) ;
#3641 = ORIENTED_EDGE ( 'NONE', *, *, #3986, .T. ) ;
#3642 = AXIS2_PLACEMENT_3D ( 'NONE', #3219, #2910, #3366 ) ;
#3643 = ORIENTED_EDGE ( 'NONE', *, *, #4978, .F. ) ;
#3644 = EDGE_CURVE ( 'NONE', #483, #2673, #1481, .T. ) ;
#3645 = LINE ( 'NONE', #1743, #3235 ) ;
#3646 = CIRCLE ( 'NONE', #4897, 1.700000000000000178 ) ;
#3647 = ORIENTED_EDGE ( 'NONE', *, *, #1108, .F. ) ;
#3648 = CIRCLE ( 'NONE', #821, 3.360000000000002096 ) ;
#3650 = VERTEX_POINT ( 'NONE', #150 ) ;
#3649 = AXIS2_PLACEMENT_3D ( 'NONE', #1781, #4574, #2875 ) ;
#3651 = LINE ( 'NONE', #887, #2302 ) ;
#3652 = ORIENTED_EDGE ( 'NONE', *, *, #2705, .F. ) ;
#3653 = DIRECTION ( 'NONE',  ( -1.000000000000000000, -1.332267629550187533E-14, 2.146163712482680926E-16 ) ) ;
#3654 = ORIENTED_EDGE ( 'NONE', *, *, #1975, .F. ) ;
#3655 = PLANE ( 'NONE',  #3535 ) ;
#3656 = FACE_OUTER_BOUND ( 'NONE', #1352, .T. ) ;
#3657 = DIRECTION ( 'NONE',  ( -0.4999999999999979461, -0.8660254037844397068, -0.000000000000000000 ) ) ;
#3658 = ORIENTED_EDGE ( 'NONE', *, *, #3904, .F. ) ;
#3659 = LINE ( 'NONE', #2068, #4370 ) ;
#3660 = DIRECTION ( 'NONE',  ( 0.000000000000000000, 0.000000000000000000, -1.000000000000000000 ) ) ;
#3661 = LINE ( 'NONE', #3251, #2230 ) ;
#3662 = ORIENTED_EDGE ( 'NONE', *, *, #4432, .T. ) ;
#3663 = CARTESIAN_POINT ( 'NONE',  ( 8.149999999999977263, 8.000000000000000000, -14.11621408168633884 ) ) ;
#3664 = EDGE_LOOP ( 'NONE', ( #70, #548, #3949, #3565 ) ) ;
#3665 = ADVANCED_FACE ( 'NONE', ( #3257 ), #517, .F. ) ;
#3666 = ORIENTED_EDGE ( 'NONE', *, *, #2540, .F. ) ;
#3667 = CARTESIAN_POINT ( 'NONE',  ( -26.90000000000000568, 45.50000000000001421, -30.00000000000017408 ) ) ;
#3668 = EDGE_CURVE ( 'NONE', #2548, #2175, #3715, .T. ) ;
#3669 = ORIENTED_EDGE ( 'NONE', *, *, #805, .F. ) ;
#3670 = ORIENTED_EDGE ( 'NONE', *, *, #4131, .T. ) ;
#3671 = CARTESIAN_POINT ( 'NONE',  ( 0.000000000000000000, 8.000000000000000000, 0.000000000000000000 ) ) ;
#3672 = EDGE_LOOP ( 'NONE', ( #3616, #516 ) ) ;
#3673 = DIRECTION ( 'NONE',  ( -0.000000000000000000, -1.000000000000000000, -0.000000000000000000 ) ) ;
#3674 = CARTESIAN_POINT ( 'NONE',  ( -15.50000000000000000, 1.560000000000005826, 15.49999999999999822 ) ) ;
#3675 = LINE ( 'NONE', #3185, #3124 ) ;
#3676 = CARTESIAN_POINT ( 'NONE',  ( -56.25640646055104099, 37.99999999999999289, -25.60000000000014708 ) ) ;
#3677 = CARTESIAN_POINT ( 'NONE',  ( -39.16683849253810479, 14.00000000000001421, -25.60000000000006537 ) ) ;
#3678 = ORIENTED_EDGE ( 'NONE', *, *, #2842, .T. ) ;
#3679 = EDGE_CURVE ( 'NONE', #2578, #3863, #3645, .T. ) ;
#3680 = FACE_OUTER_BOUND ( 'NONE', #3531, .T. ) ;
#3681 = EDGE_CURVE ( 'NONE', #4748, #953, #4792, .T. ) ;
#3682 = CARTESIAN_POINT ( 'NONE',  ( 13.49999999999994671, 0.000000000000000000, -23.38268590217987608 ) ) ;
#3683 = LINE ( 'NONE', #1680, #1983 ) ;
#3684 = ORIENTED_EDGE ( 'NONE', *, *, #1501, .T. ) ;
#3685 = LINE ( 'NONE', #1763, #4550 ) ;
#3686 = CARTESIAN_POINT ( 'NONE',  ( 10.69999999999994778, 60.00000000000002842, -21.76610514844892208 ) ) ;
#3687 = ORIENTED_EDGE ( 'NONE', *, *, #3118, .T. ) ;
#3688 = VERTEX_POINT ( 'NONE', #4847 ) ;
#3689 = CARTESIAN_POINT ( 'NONE',  ( -13.50000000000011013, 0.000000000000000000, -25.08268590217978300 ) ) ;
#3690 = ORIENTED_EDGE ( 'NONE', *, *, #1512, .T. ) ;
#3691 = DIRECTION ( 'NONE',  ( 0.000000000000000000, 0.000000000000000000, -1.000000000000000000 ) ) ;
#3692 = EDGE_LOOP ( 'NONE', ( #3877, #2894, #4445, #2311 ) ) ;
#3693 = ORIENTED_EDGE ( 'NONE', *, *, #3613, .T. ) ;
#3694 = DIRECTION ( 'NONE',  ( 0.000000000000000000, 0.000000000000000000, -1.000000000000000000 ) ) ;
#3695 = VECTOR ( 'NONE', #5123, 1000.000000000000000 ) ;
#3696 = VERTEX_POINT ( 'NONE', #1270 ) ;
#3697 = DIRECTION ( 'NONE',  ( 0.000000000000000000, 0.000000000000000000, -1.000000000000000000 ) ) ;
#3698 = DIRECTION ( 'NONE',  ( -0.8660254037844363761, 0.000000000000000000, 0.5000000000000039968 ) ) ;
#3699 = CYLINDRICAL_SURFACE ( 'NONE', #2033, 1.799999999999989164 ) ;
#3700 = DIRECTION ( 'NONE',  ( 0.000000000000000000, 1.000000000000000000, -4.081702296416015997E-15 ) ) ;
#3701 = LOCAL_TIME ( 21, 27, 22.00000000000000000, #2425 ) ;
#3702 = DIRECTION ( 'NONE',  ( 0.000000000000000000, 1.000000000000000000, 0.000000000000000000 ) ) ;
#3704 = AXIS2_PLACEMENT_3D ( 'NONE', #4963, #1756, #1338 ) ;
#3703 = DIRECTION ( 'NONE',  ( -0.8660254037844447028, 0.000000000000000000, -0.4999999999999895084 ) ) ;
#3705 = DIRECTION ( 'NONE',  ( 0.000000000000000000, 3.593355771666182750E-15, 1.000000000000000000 ) ) ;
#3706 = AXIS2_PLACEMENT_3D ( 'NONE', #2932, #4519, #4995 ) ;
#3707 = LINE ( 'NONE', #2612, #2122 ) ;
#3708 = ORIENTED_EDGE ( 'NONE', *, *, #4922, .T. ) ;
#3709 = CIRCLE ( 'NONE', #4376, 1.799999999999989164 ) ;
#3710 = DIRECTION ( 'NONE',  ( 0.5756811139072521843, -0.7470754134985368999, 0.3323696460817316956 ) ) ;
#3711 = CYLINDRICAL_SURFACE ( 'NONE', #639, 1.700000000000000178 ) ;
#3712 = VECTOR ( 'NONE', #3253, 999.9999999999998863 ) ;
#3713 = EDGE_CURVE ( 'NONE', #2239, #2345, #3276, .T. ) ;
#3714 = ORIENTED_EDGE ( 'NONE', *, *, #463, .T. ) ;
#3715 = LINE ( 'NONE', #3231, #4738 ) ;
#3716 = AXIS2_PLACEMENT_3D ( 'NONE', #3238, #4325, #4829 ) ;
#3717 = AXIS2_PLACEMENT_3D ( 'NONE', #184, #2166, #2563 ) ;
#3718 = AXIS2_PLACEMENT_3D ( 'NONE', #1464, #738, #1513 ) ;
#3719 = LINE ( 'NONE', #4528, #4649 ) ;
#3720 = ORIENTED_EDGE ( 'NONE', *, *, #3234, .T. ) ;
#3721 = CIRCLE ( 'NONE', #4473, 1.799999999999992495 ) ;
#3722 = ORIENTED_EDGE ( 'NONE', *, *, #4674, .F. ) ;
#3724 = CARTESIAN_POINT ( 'NONE',  ( -57.89999999999999858, 12.70000000000002061, -30.00000000000005684 ) ) ;
#3723 = AXIS2_PLACEMENT_3D ( 'NONE', #1691, #2900, #923 ) ;
#3725 = CIRCLE ( 'NONE', #4566, 1.799999999999990941 ) ;
#3726 = CONICAL_SURFACE ( 'NONE', #1317, 3.360000000000002096, 0.7853981633974492782 ) ;
#3727 = VERTEX_POINT ( 'NONE', #3689 ) ;
#3728 = CARTESIAN_POINT ( 'NONE',  ( -59.48956796801297031, 37.99999999999999289, -25.60000000000014708 ) ) ;
#3729 = CARTESIAN_POINT ( 'NONE',  ( -16.30000000000010374, 8.000000000000000000, -21.76610514844881550 ) ) ;
#3730 = ADVANCED_FACE ( 'NONE', ( #2653, #3824, #4947, #2252, #1847, #4627, #987, #1061, #1425, #274, #2545, #252 ), #3404, .F. ) ;
#3731 = DIRECTION ( 'NONE',  ( -0.5000000000000095479, 0.8660254037844331565, -2.790012826226010182E-15 ) ) ;
#3732 = EDGE_CURVE ( 'NONE', #729, #790, #3426, .T. ) ;
#3733 = CIRCLE ( 'NONE', #3982, 1.700000000000000178 ) ;
#3734 = ADVANCED_FACE ( 'NONE', ( #3011, #1446, #2988, #2196, #3330, #4164, #1011 ), #1370, .T. ) ;
#3735 = DIRECTION ( 'NONE',  ( 0.000000000000000000, 0.000000000000000000, 1.000000000000000000 ) ) ;
#3736 = DIRECTION ( 'NONE',  ( 0.000000000000000000, 1.000000000000000000, -4.081702296416015997E-15 ) ) ;
#3737 = DIRECTION ( 'NONE',  ( 0.000000000000000000, 0.000000000000000000, -1.000000000000000000 ) ) ;
#3738 = CARTESIAN_POINT ( 'NONE',  ( -15.50000000000000000, 8.000000000000000000, 17.29999999999999005 ) ) ;
#3739 = DIRECTION ( 'NONE',  ( 0.8660254037844390407, 0.000000000000000000, 0.4999999999999991673 ) ) ;
#3740 = EDGE_LOOP ( 'NONE', ( #4365, #1290, #1504, #3669 ) ) ;
#3741 = CARTESIAN_POINT ( 'NONE',  ( -56.25640646055104099, 37.99999999999999289, -25.60000000000014708 ) ) ;
#3742 = CARTESIAN_POINT ( 'NONE',  ( -13.98755610176389830, 1.293321843319610309, 27.46031934943675523 ) ) ;
#3743 = VERTEX_POINT ( 'NONE', #3848 ) ;
#3744 = CARTESIAN_POINT ( 'NONE',  ( -42.40000000000000568, 14.00000000000000533, -30.00000000000031619 ) ) ;
#3745 = CARTESIAN_POINT ( 'NONE',  ( 13.50000000000027178, 5.400000000000000355, 23.38268590217968423 ) ) ;
#3746 = ORIENTED_EDGE ( 'NONE', *, *, #301, .T. ) ;
#3747 = EDGE_CURVE ( 'NONE', #932, #4238, #4925, .T. ) ;
#3748 = ORIENTED_EDGE ( 'NONE', *, *, #2103, .F. ) ;
#3749 = EDGE_CURVE ( 'NONE', #4117, #2357, #3036, .T. ) ;
#3750 = LINE ( 'NONE', #3724, #555 ) ;
#3751 = ORIENTED_EDGE ( 'NONE', *, *, #1885, .F. ) ;
#3752 = DIRECTION ( 'NONE',  ( 0.000000000000000000, -1.000000000000000000, 0.000000000000000000 ) ) ;
#3753 = PLANE ( 'NONE',  #3550 ) ;
#3754 = CARTESIAN_POINT ( 'NONE',  ( 15.50000000000000000, 0.000000000000000000, 15.49999999999999822 ) ) ;
#3755 = PLANE ( 'NONE',  #880 ) ;
#3756 = DIRECTION ( 'NONE',  ( -7.617846651086544702E-17, 3.552713678800500929E-15, 1.000000000000000000 ) ) ;
#3757 = DIRECTION ( 'NONE',  ( 0.000000000000000000, -1.000000000000000000, 3.585095183685402643E-15 ) ) ;
#3758 = EDGE_CURVE ( 'NONE', #4450, #4996, #4137, .T. ) ;
#3759 = EDGE_CURVE ( 'NONE', #3428, #3907, #732, .T. ) ;
#3760 = EDGE_CURVE ( 'NONE', #1935, #65, #3648, .T. ) ;
#3761 = FACE_OUTER_BOUND ( 'NONE', #2102, .T. ) ;
#3762 = PLANE ( 'NONE',  #2375 ) ;
#3763 = ORIENTED_EDGE ( 'NONE', *, *, #1975, .T. ) ;
#3764 = CARTESIAN_POINT ( 'NONE',  ( 21.21320343559646915, 8.000000000000000000, -21.21320343559638033 ) ) ;
#3765 = LINE ( 'NONE', #562, #2298 ) ;
#3766 = DIRECTION ( 'NONE',  ( 0.000000000000000000, 0.000000000000000000, 1.000000000000000000 ) ) ;
#3767 = ADVANCED_FACE ( 'NONE', ( #1821, #1402 ), #173, .T. ) ;
#3768 = CARTESIAN_POINT ( 'NONE',  ( -54.63982570682006212, 24.79999999999995097, -25.60000000000010090 ) ) ;
#3769 = ORIENTED_EDGE ( 'NONE', *, *, #2832, .F. ) ;
#3770 = EDGE_CURVE ( 'NONE', #1636, #501, #224, .T. ) ;
#3771 = ORIENTED_EDGE ( 'NONE', *, *, #592, .T. ) ;
#3772 = FACE_BOUND ( 'NONE', #110, .T. ) ;
#3773 = VERTEX_POINT ( 'NONE', #565 ) ;
#3774 = EDGE_CURVE ( 'NONE', #1073, #3743, #3725, .T. ) ;
#3775 = ORIENTED_EDGE ( 'NONE', *, *, #1243, .T. ) ;
#3776 = DIRECTION ( 'NONE',  ( -0.000000000000000000, -1.000000000000000000, 0.000000000000000000 ) ) ;
#3777 = LINE ( 'NONE', #2557, #478 ) ;
#3778 = EDGE_LOOP ( 'NONE', ( #4666, #2095 ) ) ;
#3779 = CARTESIAN_POINT ( 'NONE',  ( 4.780762113533208790, 51.71947712046028300, -25.60000000000018616 ) ) ;
#3780 = EDGE_CURVE ( 'NONE', #5120, #1147, #194, .T. ) ;
#3781 = DIRECTION ( 'NONE',  ( 0.5000000000000034417, -0.8660254037844367092, 3.219245568722465410E-15 ) ) ;
#3782 = CARTESIAN_POINT ( 'NONE',  ( -42.40000000000000568, 46.00000000000001421, -30.00000000000042633 ) ) ;
#3783 = DIRECTION ( 'NONE',  ( -0.000000000000000000, -1.000000000000000000, -0.000000000000000000 ) ) ;
#3784 = AXIS2_PLACEMENT_3D ( 'NONE', #787, #2773, #4387 ) ;
#3785 = CARTESIAN_POINT ( 'NONE',  ( -26.89999999999999858, 16.30000000000000426, -28.44000000000006168 ) ) ;
#3786 = DIRECTION ( 'NONE',  ( 0.000000000000000000, 0.000000000000000000, 1.000000000000000000 ) ) ;
#3787 = EDGE_LOOP ( 'NONE', ( #2614, #3242, #1450, #4214 ) ) ;
#3788 = CIRCLE ( 'NONE', #5126, 1.700000000000000178 ) ;
#3789 = ADVANCED_FACE ( 'NONE', ( #3351 ), #2312, .F. ) ;
#3790 = DIRECTION ( 'NONE',  ( -0.000000000000000000, -1.000000000000000000, 0.000000000000000000 ) ) ;
#3791 = CARTESIAN_POINT ( 'NONE',  ( -26.92701278571807322, 35.20000000000024443, -22.00000000000013856 ) ) ;
#3792 = DIRECTION ( 'NONE',  ( 0.000000000000000000, 0.000000000000000000, -1.000000000000000000 ) ) ;
#3793 = VECTOR ( 'NONE', #3243, 999.9999999999998863 ) ;
#3794 = CARTESIAN_POINT ( 'NONE',  ( 0.000000000000000000, 5.400000000000000355, 0.000000000000000000 ) ) ;
#3795 = VECTOR ( 'NONE', #3574, 1000.000000000000000 ) ;
#3796 = DIRECTION ( 'NONE',  ( -1.000000000000000000, -1.332267629550187533E-14, 2.146163712482680926E-16 ) ) ;
#3797 = ORIENTED_EDGE ( 'NONE', *, *, #2303, .T. ) ;
#3798 = CIRCLE ( 'NONE', #717, 1.799999999999989164 ) ;
#3799 = VECTOR ( 'NONE', #1645, 1000.000000000000000 ) ;
#3800 = ORIENTED_EDGE ( 'NONE', *, *, #730, .T. ) ;
#3801 = VECTOR ( 'NONE', #1999, 1000.000000000000114 ) ;
#3802 = VECTOR ( 'NONE', #4052, 1000.000000000000000 ) ;
#3803 = ORIENTED_EDGE ( 'NONE', *, *, #2259, .F. ) ;
#3804 = AXIS2_PLACEMENT_3D ( 'NONE', #3674, #2901, #4119 ) ;
#3805 = AXIS2_PLACEMENT_3D ( 'NONE', #3993, #1233, #5150 ) ;
#3806 = ORIENTED_EDGE ( 'NONE', *, *, #286, .T. ) ;
#3807 = LINE ( 'NONE', #1431, #985 ) ;
#3808 = LINE ( 'NONE', #1925, #3049 ) ;
#3809 = VERTEX_POINT ( 'NONE', #1163 ) ;
#3810 = LINE ( 'NONE', #527, #4282 ) ;
#3811 = CARTESIAN_POINT ( 'NONE',  ( -54.63982570682013318, 40.80000000000001847, -22.00000000000015987 ) ) ;
#3812 = CIRCLE ( 'NONE', #1315, 1.799999999999989164 ) ;
#3814 = AXIS2_PLACEMENT_3D ( 'NONE', #2264, #627, #1810 ) ;
#3813 = DIRECTION ( 'NONE',  ( -5.495603971894524875E-15, 0.000000000000000000, -1.000000000000000000 ) ) ;
#3815 = CARTESIAN_POINT ( 'NONE',  ( 10.69999999999994245, 60.00000000000002842, -24.99926665591081942 ) ) ;
#3817 = LINE ( 'NONE', #1005, #1643 ) ;
#3816 = AXIS2_PLACEMENT_3D ( 'NONE', #1638, #4108, #4086 ) ;
#3818 = AXIS2_PLACEMENT_3D ( 'NONE', #4750, #3593, #419 ) ;
#3819 = FACE_OUTER_BOUND ( 'NONE', #3589, .T. ) ;
#3820 = ORIENTED_EDGE ( 'NONE', *, *, #1276, .F. ) ;
#3821 = DIRECTION ( 'NONE',  ( 0.8660254037844432595, -0.4999999999999919509, 1.651456749129775401E-15 ) ) ;
#3822 = DIRECTION ( 'NONE',  ( -0.4999999999999961697, -0.8660254037844408170, 2.790012826226013337E-15 ) ) ;
#3823 = CARTESIAN_POINT ( 'NONE',  ( -15.50000000000000000, 8.000000000000000000, 15.49999999999999822 ) ) ;
#3824 = FACE_BOUND ( 'NONE', #335, .T. ) ;
#3825 = LINE ( 'NONE', #2573, #1568 ) ;
#3826 = VERTEX_POINT ( 'NONE', #374 ) ;
#3827 = EDGE_CURVE ( 'NONE', #461, #2512, #770, .T. ) ;
#3828 = EDGE_CURVE ( 'NONE', #1086, #1147, #4398, .T. ) ;
#3829 = ORIENTED_EDGE ( 'NONE', *, *, #2792, .F. ) ;
#3830 = ORIENTED_EDGE ( 'NONE', *, *, #3934, .T. ) ;
#3831 = ORIENTED_EDGE ( 'NONE', *, *, #4499, .F. ) ;
#3832 = CARTESIAN_POINT ( 'NONE',  ( 27.00000000000000000, 5.400000000000000355, 0.000000000000000000 ) ) ;
#3833 = CARTESIAN_POINT ( 'NONE',  ( 27.00000000000000000, 8.000000000000000000, 3.233161507461902673 ) ) ;
#3834 = ORIENTED_EDGE ( 'NONE', *, *, #4329, .T. ) ;
#3835 = LINE ( 'NONE', #263, #4451 ) ;
#3836 = DIRECTION ( 'NONE',  ( 0.000000000000000000, 1.000000000000000000, -3.854941057726268666E-15 ) ) ;
#3837 = FACE_OUTER_BOUND ( 'NONE', #4774, .T. ) ;
#3838 = DIRECTION ( 'NONE',  ( 0.000000000000000000, -1.000000000000000000, 0.000000000000000000 ) ) ;
#3839 = PLANE ( 'NONE',  #3718 ) ;
#3840 = EDGE_CURVE ( 'NONE', #352, #3357, #4763, .T. ) ;
#3841 = ORIENTED_EDGE ( 'NONE', *, *, #2540, .T. ) ;
#3842 = LINE ( 'NONE', #1886, #2201 ) ;
#3843 = VERTEX_POINT ( 'NONE', #693 ) ;
#3844 = DIRECTION ( 'NONE',  ( 1.332267629550187691E-14, -1.000000000000000000, 3.577052802596770261E-15 ) ) ;
#3845 = DIRECTION ( 'NONE',  ( 7.617846651086544702E-17, -3.552713678800500929E-15, -1.000000000000000000 ) ) ;
#3846 = DIRECTION ( 'NONE',  ( 0.6103818063152128826, -0.7921073478508945387, 2.948570141335367649E-15 ) ) ;
#3847 = EDGE_CURVE ( 'NONE', #2190, #2334, #4985, .T. ) ;
#3848 = CARTESIAN_POINT ( 'NONE',  ( -15.50000000000000000, 1.560000000000005826, 17.29999999999999005 ) ) ;
#3849 = VERTEX_POINT ( 'NONE', #2305 ) ;
#3850 = DIRECTION ( 'NONE',  ( 0.000000000000000000, -1.000000000000000000, 3.758567531283081775E-15 ) ) ;
#3851 = EDGE_LOOP ( 'NONE', ( #2235, #3431, #4745, #687, #4375, #4787, #400, #4063 ) ) ;
#3852 = EDGE_LOOP ( 'NONE', ( #4613, #259 ) ) ;
#3853 = ORIENTED_EDGE ( 'NONE', *, *, #190, .F. ) ;
#3854 = ORIENTED_EDGE ( 'NONE', *, *, #2160, .T. ) ;
#3855 = CARTESIAN_POINT ( 'NONE',  ( 10.69999999999994245, 60.00000000000002842, -24.99926665591081942 ) ) ;
#3856 = EDGE_LOOP ( 'NONE', ( #13, #2210, #1604, #742 ) ) ;
#3857 = APPLICATION_PROTOCOL_DEFINITION ( 'international standard', 'config_control_design', 1994, #367 ) ;
#3858 = CYLINDRICAL_SURFACE ( 'NONE', #4480, 1.799999999999985612 ) ;
#3859 = DIRECTION ( 'NONE',  ( 3.402186748401744277E-17, 3.577052802596770261E-15, 1.000000000000000000 ) ) ;
#3860 = DIRECTION ( 'NONE',  ( 0.8660254037844368202, 0.000000000000000000, -0.5000000000000032196 ) ) ;
#3861 = VERTEX_POINT ( 'NONE', #1084 ) ;
#3862 = CARTESIAN_POINT ( 'NONE',  ( -13.50000000000012967, 5.400000000000000355, -26.61584740964168816 ) ) ;
#3863 = VERTEX_POINT ( 'NONE', #299 ) ;
#3864 = DIRECTION ( 'NONE',  ( 0.000000000000000000, 0.000000000000000000, -1.000000000000000000 ) ) ;
#3865 = CARTESIAN_POINT ( 'NONE',  ( 15.50000000000000000, 8.000000000000000000, 15.49999999999999822 ) ) ;
#3866 = CARTESIAN_POINT ( 'NONE',  ( -24.19999999999999929, 5.400000000000000355, -1.616580753730953779 ) ) ;
#3867 = EDGE_CURVE ( 'NONE', #262, #3650, #1561, .T. ) ;
#3868 = VECTOR ( 'NONE', #1387, 1000.000000000000114 ) ;
#3869 = CARTESIAN_POINT ( 'NONE',  ( -44.01658075373094903, 16.80000000000001492, -22.00000000000007461 ) ) ;
#3870 = EDGE_LOOP ( 'NONE', ( #4244, #2339, #381, #1459 ) ) ;
#3871 = CARTESIAN_POINT ( 'NONE',  ( 13.49999999999994316, 5.400000000000000355, 26.61584740964178053 ) ) ;
#3872 = VERTEX_POINT ( 'NONE', #3869 ) ;
#3873 = AXIS2_PLACEMENT_3D ( 'NONE', #372, #3425, #1056 ) ;
#3874 = ORIENTED_EDGE ( 'NONE', *, *, #860, .F. ) ;
#3875 = VECTOR ( 'NONE', #1364, 1000.000000000000000 ) ;
#3876 = AXIS2_PLACEMENT_3D ( 'NONE', #2801, #2828, #4416 ) ;
#3877 = ORIENTED_EDGE ( 'NONE', *, *, #4162, .F. ) ;
#3878 = VECTOR ( 'NONE', #695, 1000.000000000000000 ) ;
#3879 = ORIENTED_EDGE ( 'NONE', *, *, #1451, .T. ) ;
#3880 = LINE ( 'NONE', #1832, #2888 ) ;
#3881 = ORIENTED_EDGE ( 'NONE', *, *, #2600, .F. ) ;
#3882 = EDGE_CURVE ( 'NONE', #483, #3610, #3900, .T. ) ;
#3883 = AXIS2_PLACEMENT_3D ( 'NONE', #4930, #4453, #3694 ) ;
#3884 = AXIS2_PLACEMENT_3D ( 'NONE', #842, #3182, #3960 ) ;
#3885 = DIRECTION ( 'NONE',  ( 0.000000000000000000, -1.000000000000000000, 0.000000000000000000 ) ) ;
#3887 = FACE_OUTER_BOUND ( 'NONE', #881, .T. ) ;
#3886 = VECTOR ( 'NONE', #1440, 1000.000000000000000 ) ;
#3888 = EDGE_CURVE ( 'NONE', #2995, #5033, #3812, .T. ) ;
#3889 = CARTESIAN_POINT ( 'NONE',  ( -57.87298721428198434, 24.79999999999993676, -25.60000000000010090 ) ) ;
#3890 = ORIENTED_EDGE ( 'NONE', *, *, #4880, .F. ) ;
#3891 = EDGE_CURVE ( 'NONE', #2767, #725, #1894, .T. ) ;
#3892 = DIRECTION ( 'NONE',  ( -0.4999999999999979461, -0.8660254037844397068, 3.004629197474254559E-15 ) ) ;
#3893 = EDGE_LOOP ( 'NONE', ( #1714, #1828, #4092, #4424 ) ) ;
#3894 = CIRCLE ( 'NONE', #1231, 3.360000000000003428 ) ;
#3895 = DIRECTION ( 'NONE',  ( -0.000000000000000000, -1.000000000000000000, -0.000000000000000000 ) ) ;
#3896 = LINE ( 'NONE', #2616, #3295 ) ;
#3897 = DIRECTION ( 'NONE',  ( 0.000000000000000000, -3.552713678800500929E-15, -1.000000000000000000 ) ) ;
#3898 = VECTOR ( 'NONE', #5105, 999.9999999999998863 ) ;
#3899 = VECTOR ( 'NONE', #3210, 1000.000000000000000 ) ;
#3900 = LINE ( 'NONE', #5127, #988 ) ;
#3901 = DIRECTION ( 'NONE',  ( 0.000000000000000000, 1.000000000000000000, -0.000000000000000000 ) ) ;
#3902 = ORIENTED_EDGE ( 'NONE', *, *, #3891, .T. ) ;
#3903 = EDGE_LOOP ( 'NONE', ( #3275, #3984, #996, #1785 ) ) ;
#3904 = EDGE_CURVE ( 'NONE', #4662, #932, #4315, .T. ) ;
#3905 = EDGE_LOOP ( 'NONE', ( #2256, #4417 ) ) ;
#3906 = EDGE_CURVE ( 'NONE', #876, #2732, #3478, .T. ) ;
#3907 = VERTEX_POINT ( 'NONE', #4679 ) ;
#3908 = LINE ( 'NONE', #700, #2050 ) ;
#3909 = ORIENTED_EDGE ( 'NONE', *, *, #4096, .F. ) ;
#3910 = APPROVAL_DATE_TIME ( #4692, #4544 ) ;
#3911 = DIRECTION ( 'NONE',  ( 0.000000000000000000, 0.000000000000000000, -1.000000000000000000 ) ) ;
#3912 = DIRECTION ( 'NONE',  ( -0.8660254037844427044, 0.000000000000000000, -0.4999999999999929501 ) ) ;
#3913 = CARTESIAN_POINT ( 'NONE',  ( -28.54359353944891353, 20.30000000000014992, -25.60000000000008313 ) ) ;
#3914 = ORIENTED_EDGE ( 'NONE', *, *, #4561, .T. ) ;
#3915 = CARTESIAN_POINT ( 'NONE',  ( -53.02324495308916141, 38.00000000000000000, -25.60000000000014708 ) ) ;
#3916 = ORIENTED_EDGE ( 'NONE', *, *, #1921, .T. ) ;
#3917 = DIRECTION ( 'NONE',  ( 0.000000000000000000, -1.000000000000000000, 3.854941057726261566E-15 ) ) ;
#3918 = CARTESIAN_POINT ( 'NONE',  ( -27.00000000000000000, 5.400000000000000355, 0.000000000000000000 ) ) ;
#3919 = CARTESIAN_POINT ( 'NONE',  ( -16.29999999999976623, 5.400000000000000355, 24.99926665591094732 ) ) ;
#3920 = EDGE_CURVE ( 'NONE', #2865, #2497, #2651, .T. ) ;
#3921 = DIRECTION ( 'NONE',  ( -0.000000000000000000, -1.000000000000000000, -0.000000000000000000 ) ) ;
#3922 = FACE_OUTER_BOUND ( 'NONE', #773, .T. ) ;
#3923 = EDGE_LOOP ( 'NONE', ( #1829, #701 ) ) ;
#3924 = ORIENTED_EDGE ( 'NONE', *, *, #3434, .T. ) ;
#3925 = CARTESIAN_POINT ( 'NONE',  ( -26.89999999999999858, 16.29999999999999716, -30.00000000000006750 ) ) ;
#3926 = ORIENTED_EDGE ( 'NONE', *, *, #1591, .F. ) ;
#3927 = ORIENTED_EDGE ( 'NONE', *, *, #3223, .F. ) ;
#3928 = DIRECTION ( 'NONE',  ( 0.4999999999999988898, 0.000000000000000000, -0.8660254037844392627 ) ) ;
#3929 = ORIENTED_EDGE ( 'NONE', *, *, #2475, .T. ) ;
#3930 = APPROVAL_ROLE ( '' ) ;
#3931 = DIRECTION ( 'NONE',  ( -0.000000000000000000, -3.717264591378872007E-15, -1.000000000000000000 ) ) ;
#3932 = EDGE_CURVE ( 'NONE', #3809, #854, #1899, .T. ) ;
#3933 = DIRECTION ( 'NONE',  ( 0.000000000000000000, -1.000000000000000000, 0.000000000000000000 ) ) ;
#3934 = EDGE_CURVE ( 'NONE', #4008, #4987, #2700, .T. ) ;
#3935 = CARTESIAN_POINT ( 'NONE',  ( -30.16017429317986753, 24.80000000000014637, -22.00000000000009948 ) ) ;
#3936 = DIRECTION ( 'NONE',  ( 0.000000000000000000, 1.000000000000000000, 0.000000000000000000 ) ) ;
#3937 = ORIENTED_EDGE ( 'NONE', *, *, #1707, .T. ) ;
#3938 = DIRECTION ( 'NONE',  ( 0.000000000000000000, 0.000000000000000000, 1.000000000000000000 ) ) ;
#3939 = ORIENTED_EDGE ( 'NONE', *, *, #2355, .T. ) ;
#3940 = DIRECTION ( 'NONE',  ( -0.4999999999999961697, -0.8660254037844408170, -0.000000000000000000 ) ) ;
#3941 = LINE ( 'NONE', #4356, #2549 ) ;
#3942 = VERTEX_POINT ( 'NONE', #4360 ) ;
#3943 = CARTESIAN_POINT ( 'NONE',  ( -16.29999999999979821, 8.000000000000000000, 21.76610514844904287 ) ) ;
#3944 = CARTESIAN_POINT ( 'NONE',  ( 8.150000000000009237, 8.000000000000000000, 14.11621408168635661 ) ) ;
#3945 = LINE ( 'NONE', #4286, #2382 ) ;
#3946 = ORIENTED_EDGE ( 'NONE', *, *, #1779, .F. ) ;
#3947 = AXIS2_PLACEMENT_3D ( 'NONE', #766, #2348, #2376 ) ;
#3948 = EDGE_CURVE ( 'NONE', #4172, #2767, #4283, .T. ) ;
#3949 = ORIENTED_EDGE ( 'NONE', *, *, #3027, .T. ) ;
#3950 = DIRECTION ( 'NONE',  ( 0.8660254037844409281, 0.000000000000000000, 0.4999999999999961142 ) ) ;
#3951 = EDGE_CURVE ( 'NONE', #699, #3006, #3498, .T. ) ;
#3952 = CONICAL_SURFACE ( 'NONE', #294, 3.360000000000000320, 0.7853981633974488341 ) ;
#3953 = VERTEX_POINT ( 'NONE', #4340 ) ;
#3954 = VECTOR ( 'NONE', #4577, 1000.000000000000000 ) ;
#3955 = ORIENTED_EDGE ( 'NONE', *, *, #1665, .T. ) ;
#3956 = FACE_BOUND ( 'NONE', #3905, .T. ) ;
#3957 = ORIENTED_EDGE ( 'NONE', *, *, #128, .F. ) ;
#3958 = AXIS2_PLACEMENT_3D ( 'NONE', #714, #5049, #4207 ) ;
#3959 = CYLINDRICAL_SURFACE ( 'NONE', #3067, 1.799999999999989164 ) ;
#3960 = DIRECTION ( 'NONE',  ( 0.000000000000000000, 1.000000000000000000, -4.081702296416015997E-15 ) ) ;
#3961 = LINE ( 'NONE', #2795, #148 ) ;
#3962 = ORIENTED_EDGE ( 'NONE', *, *, #2861, .F. ) ;
#3963 = VECTOR ( 'NONE', #3154, 1000.000000000000000 ) ;
#3964 = DIRECTION ( 'NONE',  ( -0.7071067811865461294, 0.7071067811865489050, -2.644518867078458797E-15 ) ) ;
#3965 = AXIS2_PLACEMENT_3D ( 'NONE', #901, #4078, #1963 ) ;
#3966 = CARTESIAN_POINT ( 'NONE',  ( -54.63982570682010476, 35.19999999999999574, -25.60000000000013642 ) ) ;
#3967 = VECTOR ( 'NONE', #4201, 1000.000000000000114 ) ;
#3968 = CARTESIAN_POINT ( 'NONE',  ( -54.82640687119288714, 8.000000000000000000, -22.00000000000000711 ) ) ;
#3969 = ORIENTED_EDGE ( 'NONE', *, *, #1923, .F. ) ;
#3970 = CARTESIAN_POINT ( 'NONE',  ( 13.49999999999994671, 0.000000000000000000, -23.38268590217987608 ) ) ;
#3971 = AXIS2_PLACEMENT_3D ( 'NONE', #2582, #2082, #4989 ) ;
#3973 = LINE ( 'NONE', #404, #4219 ) ;
#3972 = VECTOR ( 'NONE', #4831, 1000.000000000000000 ) ;
#3974 = CARTESIAN_POINT ( 'NONE',  ( -10.70000000000011831, 60.00000000000002842, -24.99926665591075192 ) ) ;
#3975 = EDGE_LOOP ( 'NONE', ( #4953, #4688, #4435, #1039 ) ) ;
#3976 = AXIS2_PLACEMENT_3D ( 'NONE', #5134, #1944, #1558 ) ;
#3977 = CARTESIAN_POINT ( 'NONE',  ( -13.50000000000012967, 5.400000000000000355, -26.61584740964168816 ) ) ;
#3978 = VERTEX_POINT ( 'NONE', #2731 ) ;
#3979 = AXIS2_PLACEMENT_3D ( 'NONE', #57, #4038, #4433 ) ;
#3980 = ORIENTED_EDGE ( 'NONE', *, *, #4431, .T. ) ;
#3981 = FACE_OUTER_BOUND ( 'NONE', #1874, .T. ) ;
#3982 = AXIS2_PLACEMENT_3D ( 'NONE', #4506, #3536, #3157 ) ;
#3983 = EDGE_CURVE ( 'NONE', #1523, #2239, #348, .T. ) ;
#3984 = ORIENTED_EDGE ( 'NONE', *, *, #737, .T. ) ;
#3985 = EDGE_CURVE ( 'NONE', #1015, #511, #1580, .T. ) ;
#3986 = EDGE_CURVE ( 'NONE', #3638, #3482, #3637, .T. ) ;
#3987 = ORIENTED_EDGE ( 'NONE', *, *, #1661, .T. ) ;
#3988 = DIRECTION ( 'NONE',  ( 0.000000000000000000, 3.221629312528199387E-15, 1.000000000000000000 ) ) ;
#3989 = ORIENTED_EDGE ( 'NONE', *, *, #4049, .F. ) ;
#3990 = PERSON_AND_ORGANIZATION_ROLE ( 'creator' ) ;
#3991 = DIRECTION ( 'NONE',  ( 0.000000000000000000, 0.000000000000000000, 1.000000000000000000 ) ) ;
#3992 = DIRECTION ( 'NONE',  ( 0.000000000000000000, -3.552713678800500929E-15, -1.000000000000000000 ) ) ;
#3993 = CARTESIAN_POINT ( 'NONE',  ( 13.50000000000027178, 5.400000000000000355, 23.38268590217968423 ) ) ;
#3994 = ORIENTED_EDGE ( 'NONE', *, *, #3948, .T. ) ;
#3995 = CARTESIAN_POINT ( 'NONE',  ( -30.16017429317998477, 35.20000000000018758, -22.00000000000013856 ) ) ;
#3996 = DIRECTION ( 'NONE',  ( 0.000000000000000000, 1.000000000000000000, -4.081702296416015997E-15 ) ) ;
#3997 = DIRECTION ( 'NONE',  ( 0.000000000000000000, 1.000000000000000000, -3.717264591378872007E-15 ) ) ;
#3998 = VERTEX_POINT ( 'NONE', #1629 ) ;
#3999 = CARTESIAN_POINT ( 'NONE',  ( -45.63316150746192079, 46.00000000000003553, -22.00000000000017764 ) ) ;
#4000 = EDGE_CURVE ( 'NONE', #1848, #501, #4080, .T. ) ;
#4001 = CARTESIAN_POINT ( 'NONE',  ( -57.87298721428201986, 40.80000000000001137, -22.00000000000015987 ) ) ;
#4002 = DIRECTION ( 'NONE',  ( 0.000000000000000000, 0.000000000000000000, -1.000000000000000000 ) ) ;
#4003 = VERTEX_POINT ( 'NONE', #2911 ) ;
#4004 = CC_DESIGN_DATE_AND_TIME_ASSIGNMENT ( #4749, #1149, ( #711 ) ) ;
#4005 = FACE_OUTER_BOUND ( 'NONE', #2864, .T. ) ;
#4006 = ORIENTED_EDGE ( 'NONE', *, *, #4849, .T. ) ;
#4007 = EDGE_CURVE ( 'NONE', #3978, #4346, #3683, .T. ) ;
#4008 = VERTEX_POINT ( 'NONE', #2834 ) ;
#4009 = LINE ( 'NONE', #2887, #4479 ) ;
#4010 = EDGE_CURVE ( 'NONE', #2419, #2261, #3580, .T. ) ;
#4011 = ORIENTED_EDGE ( 'NONE', *, *, #1827, .F. ) ;
#4012 = ORIENTED_EDGE ( 'NONE', *, *, #673, .F. ) ;
#4013 = CARTESIAN_POINT ( 'NONE',  ( 13.49999999999995559, 60.00000000000002842, -20.14952439471797163 ) ) ;
#4014 = APPROVAL_DATE_TIME ( #2789, #55 ) ;
#4015 = CARTESIAN_POINT ( 'NONE',  ( -30.16017429318005583, 40.80000000000015348, -25.60000000000015774 ) ) ;
#4016 = LINE ( 'NONE', #4040, #2895 ) ;
#4017 = ORIENTED_EDGE ( 'NONE', *, *, #1676, .T. ) ;
#4018 = DIRECTION ( 'NONE',  ( 9.103828801926283631E-15, 0.000000000000000000, 1.000000000000000000 ) ) ;
#4019 = CYLINDRICAL_SURFACE ( 'NONE', #3622, 1.799999999999989164 ) ;
#4020 = CARTESIAN_POINT ( 'NONE',  ( -13.49999999999978328, 5.400000000000000355, 23.38268590217996490 ) ) ;
#4021 = EDGE_LOOP ( 'NONE', ( #3924, #4196 ) ) ;
#4022 = CARTESIAN_POINT ( 'NONE',  ( -54.82640687119288714, 0.000000000000000000, -22.00000000000000711 ) ) ;
#4023 = EDGE_CURVE ( 'NONE', #3861, #1365, #1567, .T. ) ;
#4024 = LINE ( 'NONE', #4079, #1060 ) ;
#4025 = CARTESIAN_POINT ( 'NONE',  ( 15.50000000000000000, 0.000000000000000000, 13.70000000000000817 ) ) ;
#4026 = ORIENTED_EDGE ( 'NONE', *, *, #4552, .F. ) ;
#4027 = DIRECTION ( 'NONE',  ( -0.000000000000000000, -3.593355771666182750E-15, -1.000000000000000000 ) ) ;
#4028 = ORIENTED_EDGE ( 'NONE', *, *, #3747, .T. ) ;
#4029 = ORIENTED_EDGE ( 'NONE', *, *, #2130, .T. ) ;
#4030 = CARTESIAN_POINT ( 'NONE',  ( -56.25640646055099126, 23.69999999999995666, -25.60000000000009734 ) ) ;
#4031 = VERTEX_POINT ( 'NONE', #1211 ) ;
#4032 = CIRCLE ( 'NONE', #44, 3.360000000000000320 ) ;
#4033 = EDGE_LOOP ( 'NONE', ( #4687, #333, #1096, #1943 ) ) ;
#4034 = CARTESIAN_POINT ( 'NONE',  ( 21.21320343559646915, 0.000000000000000000, -21.21320343559638033 ) ) ;
#4035 = VECTOR ( 'NONE', #2214, 1000.000000000000000 ) ;
#4036 = VECTOR ( 'NONE', #1416, 1000.000000000000000 ) ;
#4037 = AXIS2_PLACEMENT_3D ( 'NONE', #3100, #1048, #2690 ) ;
#4038 = DIRECTION ( 'NONE',  ( -0.000000000000000000, -3.345538132240845257E-15, -1.000000000000000000 ) ) ;
#4039 = EDGE_CURVE ( 'NONE', #4764, #839, #4890, .T. ) ;
#4040 = CARTESIAN_POINT ( 'NONE',  ( 12.09999999999997300, 8.000000000000000000, -20.95781477158342909 ) ) ;
#4041 = ORIENTED_EDGE ( 'NONE', *, *, #248, .F. ) ;
#4042 = DIRECTION ( 'NONE',  ( 0.5000000000000101030, -0.8660254037844328234, 0.000000000000000000 ) ) ;
#4043 = AXIS2_PLACEMENT_3D ( 'NONE', #4919, #3421, #4619 ) ;
#4044 = DIRECTION ( 'NONE',  ( -0.000000000000000000, -1.000000000000000000, -0.000000000000000000 ) ) ;
#4045 = AXIS2_PLACEMENT_3D ( 'NONE', #1625, #34, #3657 ) ;
#4046 = PLANE ( 'NONE',  #2390 ) ;
#4047 = ORIENTED_EDGE ( 'NONE', *, *, #3594, .T. ) ;
#4048 = DIRECTION ( 'NONE',  ( -1.000000000000000000, 0.000000000000000000, 0.000000000000000000 ) ) ;
#4049 = EDGE_CURVE ( 'NONE', #3046, #22, #3661, .T. ) ;
#4050 = EDGE_CURVE ( 'NONE', #3254, #2943, #3293, .T. ) ;
#4051 = VECTOR ( 'NONE', #2177, 1000.000000000000000 ) ;
#4052 = DIRECTION ( 'NONE',  ( 0.000000000000000000, -1.000000000000000000, 0.000000000000000000 ) ) ;
#4053 = CIRCLE ( 'NONE', #1809, 12.00000000000000000 ) ;
#4054 = CARTESIAN_POINT ( 'NONE',  ( -10.70000000000010054, 5.400000000000000355, -21.76610514844884392 ) ) ;
#4055 = ORIENTED_EDGE ( 'NONE', *, *, #1074, .T. ) ;
#4056 = CARTESIAN_POINT ( 'NONE',  ( -16.29999999999979821, 5.400000000000000355, 21.76610514844904287 ) ) ;
#4057 = ORIENTED_EDGE ( 'NONE', *, *, #4978, .T. ) ;
#4058 = VECTOR ( 'NONE', #4618, 1000.000000000000114 ) ;
#4059 = ORIENTED_EDGE ( 'NONE', *, *, #3407, .T. ) ;
#4060 = CARTESIAN_POINT ( 'NONE',  ( -59.48956796801291347, 21.99999999999993960, -25.60000000000009024 ) ) ;
#4061 = AXIS2_PLACEMENT_3D ( 'NONE', #322, #8, #1987 ) ;
#4062 = VECTOR ( 'NONE', #1510, 999.9999999999998863 ) ;
#4063 = ORIENTED_EDGE ( 'NONE', *, *, #902, .F. ) ;
#4064 = VECTOR ( 'NONE', #77, 1000.000000000000000 ) ;
#4066 = VERTEX_POINT ( 'NONE', #4786 ) ;
#4065 = VECTOR ( 'NONE', #1176, 1000.000000000000000 ) ;
#4067 = LINE ( 'NONE', #1016, #4051 ) ;
#4068 = EDGE_CURVE ( 'NONE', #1017, #2419, #1265, .T. ) ;
#4069 = EDGE_CURVE ( 'NONE', #1690, #959, #1321, .T. ) ;
#4070 = ORIENTED_EDGE ( 'NONE', *, *, #1767, .F. ) ;
#4071 = CYLINDRICAL_SURFACE ( 'NONE', #3723, 12.00000000000000000 ) ;
#4072 = CARTESIAN_POINT ( 'NONE',  ( -16.30000000000012150, 60.00000000000002842, -24.99926665591072350 ) ) ;
#4073 = CARTESIAN_POINT ( 'NONE',  ( -13.50000000000012257, 41.64533014183333393, -26.61584740964169526 ) ) ;
#4074 = DIRECTION ( 'NONE',  ( 0.000000000000000000, -1.000000000000000000, 0.000000000000000000 ) ) ;
#4075 = EDGE_CURVE ( 'NONE', #3095, #798, #4483, .T. ) ;
#4076 = FACE_OUTER_BOUND ( 'NONE', #3607, .T. ) ;
#4077 = ORIENTED_EDGE ( 'NONE', *, *, #4716, .F. ) ;
#4078 = DIRECTION ( 'NONE',  ( -0.000000000000000000, -3.593355771666226926E-15, -1.000000000000000000 ) ) ;
#4079 = CARTESIAN_POINT ( 'NONE',  ( -44.01658075373095613, 48.80000000000004690, -25.60000000000018616 ) ) ;
#4080 = LINE ( 'NONE', #405, #2980 ) ;
#4081 = EDGE_LOOP ( 'NONE', ( #3256, #3415 ) ) ;
#4082 = DIRECTION ( 'NONE',  ( 0.000000000000000000, -1.000000000000000000, 0.000000000000000000 ) ) ;
#4083 = CARTESIAN_POINT ( 'NONE',  ( -56.25640646055099126, 20.29999999999995808, -25.60000000000008313 ) ) ;
#4084 = VERTEX_POINT ( 'NONE', #1996 ) ;
#4085 = ORIENTED_EDGE ( 'NONE', *, *, #2462, .T. ) ;
#4086 = DIRECTION ( 'NONE',  ( -0.4999999999999996669, 0.8660254037844388186, 0.000000000000000000 ) ) ;
#4087 = ORIENTED_EDGE ( 'NONE', *, *, #444, .F. ) ;
#4088 = DIRECTION ( 'NONE',  ( 0.000000000000000000, 1.000000000000000000, -4.081702296416015997E-15 ) ) ;
#4089 = VERTEX_POINT ( 'NONE', #908 ) ;
#4090 = ORIENTED_EDGE ( 'NONE', *, *, #3758, .F. ) ;
#4091 = FACE_OUTER_BOUND ( 'NONE', #4933, .T. ) ;
#4092 = ORIENTED_EDGE ( 'NONE', *, *, #2315, .F. ) ;
#4093 = CARTESIAN_POINT ( 'NONE',  ( 13.50000000000027178, 5.400000000000000355, 21.68268590217968494 ) ) ;
#4094 = LINE ( 'NONE', #2945, #2893 ) ;
#4095 = FACE_OUTER_BOUND ( 'NONE', #175, .T. ) ;
#4096 = EDGE_CURVE ( 'NONE', #1666, #2419, #2459, .T. ) ;
#4097 = CARTESIAN_POINT ( 'NONE',  ( 29.95641278034915089, 8.000000000000000000, 1.616580753730949116 ) ) ;
#4098 = LINE ( 'NONE', #3340, #5154 ) ;
#4099 = EDGE_CURVE ( 'NONE', #2670, #710, #4396, .T. ) ;
#4100 = CARTESIAN_POINT ( 'NONE',  ( -57.89999999999999858, 14.50000000000000533, -30.00000000000006395 ) ) ;
#4101 = CARTESIAN_POINT ( 'NONE',  ( -54.63982570682006212, 24.79999999999995097, -25.60000000000010090 ) ) ;
#4102 = CARTESIAN_POINT ( 'NONE',  ( -28.54359353944907696, 38.00000000000017053, -30.00000000000039790 ) ) ;
#4103 = VERTEX_POINT ( 'NONE', #2070 ) ;
#4104 = PLANE ( 'NONE',  #3630 ) ;
#4105 = LINE ( 'NONE', #2986, #4554 ) ;
#4106 = VERTEX_POINT ( 'NONE', #93 ) ;
#4107 = EDGE_LOOP ( 'NONE', ( #5110, #3386 ) ) ;
#4108 = DIRECTION ( 'NONE',  ( 0.8660254037844388186, 0.4999999999999996669, -1.759062599773035800E-15 ) ) ;
#4109 = CARTESIAN_POINT ( 'NONE',  ( -15.50000000000000000, 0.000000000000000000, 18.85999999999999943 ) ) ;
#4110 = ORIENTED_EDGE ( 'NONE', *, *, #53, .T. ) ;
#4111 = EDGE_CURVE ( 'NONE', #2347, #4534, #2546, .T. ) ;
#4112 = EDGE_CURVE ( 'NONE', #2995, #3743, #3271, .T. ) ;
#4113 = ORIENTED_EDGE ( 'NONE', *, *, #5160, .T. ) ;
#4114 = EDGE_CURVE ( 'NONE', #1421, #2673, #2091, .T. ) ;
#4115 = CARTESIAN_POINT ( 'NONE',  ( 15.50000000000000000, 0.000000000000000000, 15.49999999999999822 ) ) ;
#4116 = VECTOR ( 'NONE', #657, 1000.000000000000000 ) ;
#4117 = VERTEX_POINT ( 'NONE', #113 ) ;
#4118 = CARTESIAN_POINT ( 'NONE',  ( 10.70000000000025331, 5.400000000000000355, 21.76610514844876931 ) ) ;
#4119 = DIRECTION ( 'NONE',  ( 0.000000000000000000, 0.000000000000000000, 1.000000000000000000 ) ) ;
#4120 = CARTESIAN_POINT ( 'NONE',  ( -57.89999999999999858, 14.50000000000001066, -28.44000000000005812 ) ) ;
#4121 = DIRECTION ( 'NONE',  ( 0.000000000000000000, 1.000000000000000000, -0.000000000000000000 ) ) ;
#4122 = CIRCLE ( 'NONE', #1536, 1.700000000000000178 ) ;
#4123 = CARTESIAN_POINT ( 'NONE',  ( -40.78341924626905524, 48.80000000000004690, -25.60000000000018616 ) ) ;
#4125 = AXIS2_PLACEMENT_3D ( 'NONE', #2589, #139, #4940 ) ;
#4124 = PLANE ( 'NONE',  #1304 ) ;
#4126 = LINE ( 'NONE', #4518, #724 ) ;
#4127 = CIRCLE ( 'NONE', #4714, 29.99999999999998934 ) ;
#4128 = DIRECTION ( 'NONE',  ( -0.000000000000000000, -3.593355771666226926E-15, -1.000000000000000000 ) ) ;
#4129 = ORIENTED_EDGE ( 'NONE', *, *, #3409, .T. ) ;
#4130 = VECTOR ( 'NONE', #3838, 1000.000000000000000 ) ;
#4131 = EDGE_CURVE ( 'NONE', #876, #3095, #716, .T. ) ;
#4132 = DIRECTION ( 'NONE',  ( 0.000000000000000000, -1.000000000000000000, 3.854941057726261566E-15 ) ) ;
#4133 = LINE ( 'NONE', #2226, #4971 ) ;
#4134 = EDGE_CURVE ( 'NONE', #1972, #4605, #2879, .T. ) ;
#4135 = AXIS2_PLACEMENT_3D ( 'NONE', #934, #251, #221 ) ;
#4136 = ORIENTED_EDGE ( 'NONE', *, *, #1230, .F. ) ;
#4137 = LINE ( 'NONE', #589, #4229 ) ;
#4138 = AXIS2_PLACEMENT_3D ( 'NONE', #1301, #523, #2104 ) ;
#4139 = VECTOR ( 'NONE', #3440, 999.9999999999998863 ) ;
#4140 = FACE_OUTER_BOUND ( 'NONE', #3787, .T. ) ;
#4141 = ORIENTED_EDGE ( 'NONE', *, *, #837, .F. ) ;
#4142 = ORIENTED_EDGE ( 'NONE', *, *, #2842, .F. ) ;
#4144 = LINE ( 'NONE', #158, #1641 ) ;
#4143 = VECTOR ( 'NONE', #3199, 1000.000000000000000 ) ;
#4145 = EDGE_CURVE ( 'NONE', #2763, #1405, #626, .T. ) ;
#4146 = ADVANCED_FACE ( 'NONE', ( #3367 ), #3762, .T. ) ;
#4147 = ADVANCED_FACE ( 'NONE', ( #5017 ), #585, .F. ) ;
#4148 = VECTOR ( 'NONE', #1130, 1000.000000000000000 ) ;
#4149 = VECTOR ( 'NONE', #2404, 1000.000000000000000 ) ;
#4150 = EDGE_LOOP ( 'NONE', ( #1250, #2060, #284, #661 ) ) ;
#4151 = LINE ( 'NONE', #3284, #4733 ) ;
#4152 = DIRECTION ( 'NONE',  ( 0.000000000000000000, 0.000000000000000000, -1.000000000000000000 ) ) ;
#4153 = DIRECTION ( 'NONE',  ( 0.4999999999999997224, -0.8660254037844388186, 3.219245568722496570E-15 ) ) ;
#4154 = FACE_BOUND ( 'NONE', #1191, .T. ) ;
#4155 = CARTESIAN_POINT ( 'NONE',  ( 27.00000000000000000, 60.00000000000002842, 3.233161507461902673 ) ) ;
#4156 = CARTESIAN_POINT ( 'NONE',  ( -26.89999999999999858, 14.50000000000003730, -22.00000000000006395 ) ) ;
#4157 = EDGE_CURVE ( 'NONE', #1815, #1429, #2535, .T. ) ;
#4158 = DIRECTION ( 'NONE',  ( -1.000000000000000000, -0.000000000000000000, 5.495603971894524875E-15 ) ) ;
#4159 = LINE ( 'NONE', #3029, #3954 ) ;
#4160 = ORIENTED_EDGE ( 'NONE', *, *, #5095, .T. ) ;
#4161 = DIRECTION ( 'NONE',  ( 9.714451465470122884E-15, 0.000000000000000000, 1.000000000000000000 ) ) ;
#4162 = EDGE_CURVE ( 'NONE', #3863, #4084, #3707, .T. ) ;
#4163 = DIRECTION ( 'NONE',  ( 1.000000000000000000, 0.000000000000000000, 0.000000000000000000 ) ) ;
#4164 = FACE_BOUND ( 'NONE', #2685, .T. ) ;
#4165 = EDGE_CURVE ( 'NONE', #3411, #2236, #297, .T. ) ;
#4166 = CARTESIAN_POINT ( 'NONE',  ( 0.000000000000000000, 8.000000000000000000, 0.000000000000000000 ) ) ;
#4167 = ORIENTED_EDGE ( 'NONE', *, *, #1148, .F. ) ;
#4168 = EDGE_CURVE ( 'NONE', #3843, #4764, #1737, .T. ) ;
#4169 = ORIENTED_EDGE ( 'NONE', *, *, #350, .T. ) ;
#4170 = LINE ( 'NONE', #1749, #4216 ) ;
#4171 = ORIENTED_EDGE ( 'NONE', *, *, #3085, .F. ) ;
#4172 = VERTEX_POINT ( 'NONE', #558 ) ;
#4173 = EDGE_CURVE ( 'NONE', #1621, #2491, #187, .T. ) ;
#4174 = CYLINDRICAL_SURFACE ( 'NONE', #3144, 1.700000000000000178 ) ;
#4175 = CARTESIAN_POINT ( 'NONE',  ( -26.99999999999999645, 8.000000000000000000, 3.233161507461903117 ) ) ;
#4176 = ORIENTED_EDGE ( 'NONE', *, *, #3732, .F. ) ;
#4177 = CARTESIAN_POINT ( 'NONE',  ( -30.16017429317980358, 19.20000000000012719, -25.60000000000007958 ) ) ;
#4178 = CARTESIAN_POINT ( 'NONE',  ( -57.89999999999999858, 14.50000000000003375, -22.00000000000006750 ) ) ;
#4179 = CARTESIAN_POINT ( 'NONE',  ( -26.89999999999999858, 11.14000000000000767, -30.00000000000004974 ) ) ;
#4180 = CARTESIAN_POINT ( 'NONE',  ( -45.63316150746190658, 13.99999999999999289, -25.60000000000006537 ) ) ;
#4181 = CARTESIAN_POINT ( 'NONE',  ( 29.80000000000000071, 60.00000000000002842, 1.616580753730949116 ) ) ;
#4182 = LINE ( 'NONE', #2145, #3875 ) ;
#4183 = ORIENTED_EDGE ( 'NONE', *, *, #457, .T. ) ;
#4184 = DIRECTION ( 'NONE',  ( 0.000000000000000000, 1.000000000000000000, -4.081702296416015997E-15 ) ) ;
#4185 = EDGE_CURVE ( 'NONE', #1912, #375, #4182, .T. ) ;
#4186 = CARTESIAN_POINT ( 'NONE',  ( -13.49999999999978328, 0.000000000000000000, 21.68268590217996916 ) ) ;
#4187 = CARTESIAN_POINT ( 'NONE',  ( 16.30000000000000782, 8.000000000000000000, -4.433675648840565421E-14 ) ) ;
#4188 = DIRECTION ( 'NONE',  ( -0.000000000000000000, -1.000000000000000000, -0.000000000000000000 ) ) ;
#4189 = ORIENTED_EDGE ( 'NONE', *, *, #5062, .F. ) ;
#4190 = ORIENTED_EDGE ( 'NONE', *, *, #3759, .F. ) ;
#4191 = DIRECTION ( 'NONE',  ( -0.8660254037844390407, 0.000000000000000000, -0.4999999999999991673 ) ) ;
#4192 = VERTEX_POINT ( 'NONE', #1420 ) ;
#4193 = ORIENTED_EDGE ( 'NONE', *, *, #2260, .T. ) ;
#4194 = FACE_OUTER_BOUND ( 'NONE', #4508, .T. ) ;
#4195 = CARTESIAN_POINT ( 'NONE',  ( 0.000000000000000000, 8.000000000000000000, 0.000000000000000000 ) ) ;
#4196 = ORIENTED_EDGE ( 'NONE', *, *, #4363, .T. ) ;
#4197 = DIRECTION ( 'NONE',  ( 7.617846651086544702E-17, 3.386180225106570071E-15, 1.000000000000000000 ) ) ;
#4198 = PLANE ( 'NONE',  #2622 ) ;
#4199 = CARTESIAN_POINT ( 'NONE',  ( -16.30000000000010374, 5.400000000000000355, -21.76610514844881550 ) ) ;
#4200 = CARTESIAN_POINT ( 'NONE',  ( -27.00000000000000000, 5.400000000000000355, 1.700000000000000178 ) ) ;
#4201 = DIRECTION ( 'NONE',  ( 0.5000000000000095479, -0.8660254037844331565, 2.790012826226010182E-15 ) ) ;
#4202 = CARTESIAN_POINT ( 'NONE',  ( -15.50000000000000000, 0.000000000000000000, 15.49999999999999822 ) ) ;
#4203 = EDGE_LOOP ( 'NONE', ( #4183, #4326 ) ) ;
#4204 = AXIS2_PLACEMENT_3D ( 'NONE', #1673, #1281, #1389 ) ;
#4205 = CARTESIAN_POINT ( 'NONE',  ( -30.16017429317986753, 24.80000000000014637, -22.00000000000009948 ) ) ;
#4206 = ADVANCED_FACE ( 'NONE', ( #2591 ), #3325, .F. ) ;
#4207 = DIRECTION ( 'NONE',  ( 0.000000000000000000, 0.000000000000000000, 1.000000000000000000 ) ) ;
#4208 = CARTESIAN_POINT ( 'NONE',  ( -44.01658075373094903, 16.80000000000001492, -22.00000000000007461 ) ) ;
#4209 = EDGE_CURVE ( 'NONE', #188, #798, #4598, .T. ) ;
#4210 = AXIS2_PLACEMENT_3D ( 'NONE', #61, #1180, #2772 ) ;
#4211 = VECTOR ( 'NONE', #4328, 1000.000000000000000 ) ;
#4212 = DIRECTION ( 'NONE',  ( 0.000000000000000000, 1.000000000000000000, -4.081702296416015997E-15 ) ) ;
#4213 = PLANE ( 'NONE',  #1984 ) ;
#4214 = ORIENTED_EDGE ( 'NONE', *, *, #2529, .T. ) ;
#4215 = AXIS2_PLACEMENT_3D ( 'NONE', #1404, #2596, #990 ) ;
#4216 = VECTOR ( 'NONE', #1353, 1000.000000000000227 ) ;
#4217 = ORIENTED_EDGE ( 'NONE', *, *, #349, .F. ) ;
#4218 = VECTOR ( 'NONE', #3846, 1000.000000000000000 ) ;
#4219 = VECTOR ( 'NONE', #1995, 1000.000000000000000 ) ;
#4220 = VERTEX_POINT ( 'NONE', #2113 ) ;
#4221 = EDGE_CURVE ( 'NONE', #3843, #3872, #4159, .T. ) ;
#4222 = AXIS2_PLACEMENT_3D ( 'NONE', #1178, #843, #84 ) ;
#4223 = ORIENTED_EDGE ( 'NONE', *, *, #5106, .T. ) ;
#4224 = FACE_OUTER_BOUND ( 'NONE', #1483, .T. ) ;
#4225 = LINE ( 'NONE', #5091, #2386 ) ;
#4226 = ORIENTED_EDGE ( 'NONE', *, *, #128, .T. ) ;
#4227 = CYLINDRICAL_SURFACE ( 'NONE', #4533, 1.799999999999989164 ) ;
#4228 = ADVANCED_FACE ( 'NONE', ( #1006 ), #1028, .F. ) ;
#4229 = VECTOR ( 'NONE', #2173, 1000.000000000000000 ) ;
#4231 = CONICAL_SURFACE ( 'NONE', #3649, 3.360000000000000320, 0.7853981633974488341 ) ;
#4230 = DIRECTION ( 'NONE',  ( 0.000000000000000000, 1.000000000000000000, -4.081702296416015997E-15 ) ) ;
#4232 = DIRECTION ( 'NONE',  ( 0.4999999999999961697, 0.8660254037844408170, -2.790012826226013337E-15 ) ) ;
#4234 = LINE ( 'NONE', #1932, #4139 ) ;
#4233 = AXIS2_PLACEMENT_3D ( 'NONE', #1699, #2805, #875 ) ;
#4235 = ORIENTED_EDGE ( 'NONE', *, *, #185, .T. ) ;
#4236 = AXIS2_PLACEMENT_3D ( 'NONE', #520, #2099, #3691 ) ;
#4237 = PLANE ( 'NONE',  #2798 ) ;
#4238 = VERTEX_POINT ( 'NONE', #2221 ) ;
#4239 = DIRECTION ( 'NONE',  ( 0.000000000000000000, 0.000000000000000000, 1.000000000000000000 ) ) ;
#4240 = FACE_OUTER_BOUND ( 'NONE', #3048, .T. ) ;
#4241 = LINE ( 'NONE', #3138, #2133 ) ;
#4242 = DIRECTION ( 'NONE',  ( -1.031762615983161979E-16, 0.000000000000000000, 1.000000000000000000 ) ) ;
#4243 = DIRECTION ( 'NONE',  ( 0.4999999999999979461, 0.8660254037844397068, -3.004629197474254559E-15 ) ) ;
#4244 = ORIENTED_EDGE ( 'NONE', *, *, #3059, .F. ) ;
#4245 = VERTEX_POINT ( 'NONE', #3398 ) ;
#4246 = ORIENTED_EDGE ( 'NONE', *, *, #962, .T. ) ;
#4247 = AXIS2_PLACEMENT_3D ( 'NONE', #568, #2154, #4948 ) ;
#4248 = ORIENTED_EDGE ( 'NONE', *, *, #4430, .T. ) ;
#4249 = CARTESIAN_POINT ( 'NONE',  ( -42.40000000000000568, 18.00000000000001066, -30.00000000000025935 ) ) ;
#4250 = ORIENTED_EDGE ( 'NONE', *, *, #3151, .T. ) ;
#4251 = CARTESIAN_POINT ( 'NONE',  ( -57.87298721428198434, 24.79999999999993676, -25.60000000000010090 ) ) ;
#4252 = CARTESIAN_POINT ( 'NONE',  ( -15.50000000000000355, 1.560000000000005826, -17.29999999999999716 ) ) ;
#4253 = LINE ( 'NONE', #3537, #888 ) ;
#4254 = CARTESIAN_POINT ( 'NONE',  ( -29.80000000000000071, 8.000000000000000000, 0.000000000000000000 ) ) ;
#4255 = ORIENTED_EDGE ( 'NONE', *, *, #5097, .F. ) ;
#4256 = CARTESIAN_POINT ( 'NONE',  ( -45.63316150746190658, 14.00000000000000533, -22.00000000000006395 ) ) ;
#4257 = ORIENTED_EDGE ( 'NONE', *, *, #3840, .F. ) ;
#4258 = CARTESIAN_POINT ( 'NONE',  ( 15.49999999999999645, 8.000000000000000000, -15.50000000000000178 ) ) ;
#4259 = LINE ( 'NONE', #636, #3457 ) ;
#4260 = LINE ( 'NONE', #1891, #2119 ) ;
#4261 = DIRECTION ( 'NONE',  ( 0.000000000000000000, -0.7071067811865467956, 0.7071067811865483499 ) ) ;
#4262 = CARTESIAN_POINT ( 'NONE',  ( -25.31043203198699132, 22.00000000000016698, -25.60000000000009024 ) ) ;
#4263 = ORIENTED_EDGE ( 'NONE', *, *, #3644, .T. ) ;
#4264 = ADVANCED_FACE ( 'NONE', ( #3819 ), #216, .F. ) ;
#4265 = EDGE_LOOP ( 'NONE', ( #2361, #3969, #1581, #569 ) ) ;
#4266 = EDGE_CURVE ( 'NONE', #4305, #76, #4547, .T. ) ;
#4267 = ORIENTED_EDGE ( 'NONE', *, *, #5061, .T. ) ;
#4268 = EDGE_CURVE ( 'NONE', #4534, #2347, #210, .T. ) ;
#4269 = ORIENTED_EDGE ( 'NONE', *, *, #361, .T. ) ;
#4270 = LINE ( 'NONE', #1090, #4974 ) ;
#4271 = ORIENTED_EDGE ( 'NONE', *, *, #1215, .F. ) ;
#4272 = DIRECTION ( 'NONE',  ( -0.000000000000000000, -3.221629312528199387E-15, -1.000000000000000000 ) ) ;
#4273 = DIRECTION ( 'NONE',  ( 0.000000000000000000, -1.000000000000000000, 0.000000000000000000 ) ) ;
#4274 = LINE ( 'NONE', #3489, #1125 ) ;
#4275 = CARTESIAN_POINT ( 'NONE',  ( -10.70000000000010054, 60.00000000000002842, -21.76610514844884392 ) ) ;
#4276 = EDGE_LOOP ( 'NONE', ( #3113, #570, #102, #2078 ) ) ;
#4277 = CARTESIAN_POINT ( 'NONE',  ( -56.25640646055104099, 39.69999999999999574, -25.60000000000015419 ) ) ;
#4278 = ORIENTED_EDGE ( 'NONE', *, *, #4112, .T. ) ;
#4279 = LINE ( 'NONE', #1443, #4954 ) ;
#4280 = DIRECTION ( 'NONE',  ( -1.102003339948843381E-16, 3.445107828157265971E-15, 1.000000000000000000 ) ) ;
#4281 = DIRECTION ( 'NONE',  ( -0.8660254037844432595, 0.4999999999999919509, -1.651456749129775401E-15 ) ) ;
#4282 = VECTOR ( 'NONE', #3338, 1000.000000000000114 ) ;
#4283 = LINE ( 'NONE', #718, #4148 ) ;
#4284 = ADVANCED_FACE ( 'NONE', ( #2951 ), #343, .F. ) ;
#4285 = EDGE_CURVE ( 'NONE', #1171, #2054, #2268, .T. ) ;
#4286 = CARTESIAN_POINT ( 'NONE',  ( -59.48956796801297031, 38.00000000000000711, -22.00000000000014921 ) ) ;
#4287 = ORIENTED_EDGE ( 'NONE', *, *, #4691, .F. ) ;
#4288 = AXIS2_PLACEMENT_3D ( 'NONE', #3463, #5093, #5067 ) ;
#4289 = VECTOR ( 'NONE', #1153, 1000.000000000000000 ) ;
#4290 = ORIENTED_EDGE ( 'NONE', *, *, #4488, .F. ) ;
#4291 = AXIS2_PLACEMENT_3D ( 'NONE', #2880, #4470, #40 ) ;
#4292 = AXIS2_PLACEMENT_3D ( 'NONE', #5124, #2328, #4653 ) ;
#4293 = ORIENTED_EDGE ( 'NONE', *, *, #1725, .F. ) ;
#4294 = AXIS2_PLACEMENT_3D ( 'NONE', #4660, #2678, #2836 ) ;
#4295 = ORIENTED_EDGE ( 'NONE', *, *, #1728, .T. ) ;
#4296 = FACE_OUTER_BOUND ( 'NONE', #1456, .T. ) ;
#4297 = ORIENTED_EDGE ( 'NONE', *, *, #349, .T. ) ;
#4298 = EDGE_CURVE ( 'NONE', #1374, #2969, #1934, .T. ) ;
#4299 = AXIS2_PLACEMENT_3D ( 'NONE', #4013, #3928, #4429 ) ;
#4300 = APPROVAL_STATUS ( 'not_yet_approved' ) ;
#4301 = DIRECTION ( 'NONE',  ( 0.000000000000000000, 1.000000000000000000, -4.081702296416015997E-15 ) ) ;
#4303 = CARTESIAN_POINT ( 'NONE',  ( -13.50000000000012967, 60.00000000000002842, -26.61584740964168816 ) ) ;
#4302 = CIRCLE ( 'NONE', #3466, 1.700000000000000178 ) ;
#4304 = DIRECTION ( 'NONE',  ( 0.000000000000000000, 0.000000000000000000, 1.000000000000000000 ) ) ;
#4305 = VERTEX_POINT ( 'NONE', #2724 ) ;
#4306 = DIRECTION ( 'NONE',  ( 0.000000000000000000, 3.221629312528199387E-15, 1.000000000000000000 ) ) ;
#4307 = EDGE_LOOP ( 'NONE', ( #900, #2725, #2706, #5008 ) ) ;
#4308 = AXIS2_PLACEMENT_3D ( 'NONE', #893, #3540, #866 ) ;
#4309 = CARTESIAN_POINT ( 'NONE',  ( 13.49999999999994671, 0.000000000000000000, -21.68268590217987679 ) ) ;
#4310 = LINE ( 'NONE', #5079, #3534 ) ;
#4311 = CARTESIAN_POINT ( 'NONE',  ( 16.29999999999995097, 60.00000000000002842, -21.76610514844893274 ) ) ;
#4312 = ADVANCED_FACE ( 'NONE', ( #4673 ), #2325, .F. ) ;
#4313 = AXIS2_PLACEMENT_3D ( 'NONE', #4556, #4242, #667 ) ;
#4314 = VECTOR ( 'NONE', #2531, 1000.000000000000114 ) ;
#4315 = LINE ( 'NONE', #5083, #2817 ) ;
#4316 = VERTEX_POINT ( 'NONE', #291 ) ;
#4317 = EDGE_CURVE ( 'NONE', #2821, #2295, #5121, .T. ) ;
#4318 = CARTESIAN_POINT ( 'NONE',  ( 10.69999999999994778, 10.24040027717670220, -22.00000000000003197 ) ) ;
#4319 = VERTEX_POINT ( 'NONE', #3862 ) ;
#4320 = ORIENTED_EDGE ( 'NONE', *, *, #2129, .F. ) ;
#4321 = CARTESIAN_POINT ( 'NONE',  ( -10.70000000000010587, 30.00000000000003553, -22.00000000000011724 ) ) ;
#4322 = EDGE_CURVE ( 'NONE', #5, #1171, #3162, .T. ) ;
#4323 = ORIENTED_EDGE ( 'NONE', *, *, #4837, .T. ) ;
#4324 = VERTEX_POINT ( 'NONE', #3083 ) ;
#4325 = DIRECTION ( 'NONE',  ( -1.998401444325286506E-15, 1.000000000000000000, -3.445107828157266365E-15 ) ) ;
#4326 = ORIENTED_EDGE ( 'NONE', *, *, #1019, .T. ) ;
#4327 = PLANE ( 'NONE',  #2484 ) ;
#4328 = DIRECTION ( 'NONE',  ( -1.102003339948843381E-16, 3.445107828157265971E-15, 1.000000000000000000 ) ) ;
#4329 = EDGE_CURVE ( 'NONE', #3368, #477, #3842, .T. ) ;
#4330 = DIRECTION ( 'NONE',  ( 1.000000000000000000, 8.992806499463750622E-15, -2.146163712482759319E-16 ) ) ;
#4331 = CARTESIAN_POINT ( 'NONE',  ( 0.000000000000000000, 8.000000000000000000, 29.99999999999998934 ) ) ;
#4332 = CARTESIAN_POINT ( 'NONE',  ( -26.92701278571814427, 40.80000000000019611, -25.60000000000015774 ) ) ;
#4333 = PLANE ( 'NONE',  #3628 ) ;
#4334 = ORIENTED_EDGE ( 'NONE', *, *, #3479, .F. ) ;
#4335 = DIRECTION ( 'NONE',  ( -1.000000000000000000, -0.000000000000000000, 0.000000000000000000 ) ) ;
#4336 = CARTESIAN_POINT ( 'NONE',  ( -26.89999999999999858, 14.50000000000001421, -28.44000000000005457 ) ) ;
#4337 = ORIENTED_EDGE ( 'NONE', *, *, #2688, .T. ) ;
#4338 = DIRECTION ( 'NONE',  ( -0.000000000000000000, -1.000000000000000000, 0.000000000000000000 ) ) ;
#4339 = EDGE_CURVE ( 'NONE', #524, #4066, #4372, .T. ) ;
#4340 = CARTESIAN_POINT ( 'NONE',  ( -31.77675504691096364, 38.00000000000015632, -25.60000000000014708 ) ) ;
#4341 = VERTEX_POINT ( 'NONE', #1493 ) ;
#4342 = CARTESIAN_POINT ( 'NONE',  ( -57.89999999999999858, 17.86000000000000654, -30.00000000000007461 ) ) ;
#4343 = VERTEX_POINT ( 'NONE', #1097 ) ;
#4344 = VERTEX_POINT ( 'NONE', #4277 ) ;
#4345 = LINE ( 'NONE', #411, #1477 ) ;
#4346 = VERTEX_POINT ( 'NONE', #4731 ) ;
#4347 = ORIENTED_EDGE ( 'NONE', *, *, #528, .F. ) ;
#4348 = DIRECTION ( 'NONE',  ( -0.000000000000000000, -1.000000000000000000, 0.000000000000000000 ) ) ;
#4349 = ORIENTED_EDGE ( 'NONE', *, *, #3094, .T. ) ;
#4350 = DIRECTION ( 'NONE',  ( 0.000000000000000000, 0.000000000000000000, -1.000000000000000000 ) ) ;
#4351 = DIRECTION ( 'NONE',  ( -5.495603971894524875E-15, 3.677924201333648689E-15, -1.000000000000000000 ) ) ;
#4352 = CARTESIAN_POINT ( 'NONE',  ( -29.80000000000000071, 60.00000000000002842, -1.616580753730949116 ) ) ;
#4353 = CARTESIAN_POINT ( 'NONE',  ( 11.66181495941388668, 8.992229560516676656, -25.55457078163907170 ) ) ;
#4354 = DIRECTION ( 'NONE',  ( 0.000000000000000000, 1.000000000000000000, 0.000000000000000000 ) ) ;
#4355 = DIRECTION ( 'NONE',  ( -0.000000000000000000, -1.000000000000000000, -0.000000000000000000 ) ) ;
#4356 = CARTESIAN_POINT ( 'NONE',  ( -16.29999999999976623, 5.400000000000000355, 24.99926665591094732 ) ) ;
#4357 = ORIENTED_EDGE ( 'NONE', *, *, #3499, .F. ) ;
#4358 = CARTESIAN_POINT ( 'NONE',  ( -40.78341924626905524, 48.80000000000004690, -25.60000000000018616 ) ) ;
#4359 = CARTESIAN_POINT ( 'NONE',  ( -24.20000000000000284, 5.400000000000000355, 1.616580753730955555 ) ) ;
#4360 = CARTESIAN_POINT ( 'NONE',  ( -1.469576158976824144E-15, 0.000000000000000000, 12.00000000000000178 ) ) ;
#4361 = EDGE_LOOP ( 'NONE', ( #1380, #2333, #83, #1747 ) ) ;
#4362 = ADVANCED_FACE ( 'NONE', ( #4650, #1079 ), #4333, .T. ) ;
#4363 = EDGE_CURVE ( 'NONE', #995, #3610, #4797, .T. ) ;
#4364 = CARTESIAN_POINT ( 'NONE',  ( -13.50000000000011013, 0.000000000000000000, -21.68268590217978442 ) ) ;
#4365 = ORIENTED_EDGE ( 'NONE', *, *, #2654, .T. ) ;
#4366 = AXIS2_PLACEMENT_3D ( 'NONE', #4415, #1543, #3940 ) ;
#4367 = ORIENTED_EDGE ( 'NONE', *, *, #1371, .F. ) ;
#4368 = DIRECTION ( 'NONE',  ( 0.4999999999999961142, 0.000000000000000000, -0.8660254037844409281 ) ) ;
#4369 = CIRCLE ( 'NONE', #373, 1.799999999999985612 ) ;
#4370 = VECTOR ( 'NONE', #4761, 1000.000000000000227 ) ;
#4371 = EDGE_LOOP ( 'NONE', ( #439, #2936, #697, #2021 ) ) ;
#4372 = CIRCLE ( 'NONE', #5051, 1.700000000000000178 ) ;
#4373 = ORIENTED_EDGE ( 'NONE', *, *, #864, .T. ) ;
#4374 = CARTESIAN_POINT ( 'NONE',  ( -30.16017429317980358, 19.20000000000014140, -22.00000000000008171 ) ) ;
#4375 = ORIENTED_EDGE ( 'NONE', *, *, #962, .F. ) ;
#4376 = AXIS2_PLACEMENT_3D ( 'NONE', #3865, #4677, #1865 ) ;
#4377 = PERSON_AND_ORGANIZATION_ROLE ( 'design_supplier' ) ;
#4378 = ADVANCED_FACE ( 'NONE', ( #2750 ), #4237, .F. ) ;
#4379 = DIRECTION ( 'NONE',  ( -0.000000000000000000, -1.000000000000000000, 0.000000000000000000 ) ) ;
#4380 = CIRCLE ( 'NONE', #4215, 3.359999999999998543 ) ;
#4381 = CARTESIAN_POINT ( 'NONE',  ( 12.42640687119288856, 0.000000000000000000, -30.00000000000000000 ) ) ;
#4382 = CARTESIAN_POINT ( 'NONE',  ( -29.80000000000000071, 8.000000000000000000, -1.616580753730949116 ) ) ;
#4383 = LINE ( 'NONE', #819, #643 ) ;
#4384 = CIRCLE ( 'NONE', #2723, 12.00000000000000178 ) ;
#4385 = DIRECTION ( 'NONE',  ( 8.992806499463749045E-15, -1.000000000000000000, 3.493786075749805423E-15 ) ) ;
#4386 = EDGE_CURVE ( 'NONE', #522, #3872, #5152, .T. ) ;
#4387 = DIRECTION ( 'NONE',  ( 0.000000000000000000, 1.000000000000000000, -4.081702296416015997E-15 ) ) ;
#4388 = AXIS2_PLACEMENT_3D ( 'NONE', #1491, #1155, #5098 ) ;
#4389 = DIRECTION ( 'NONE',  ( -0.000000000000000000, 3.552713678800500929E-15, 1.000000000000000000 ) ) ;
#4390 = ORIENTED_EDGE ( 'NONE', *, *, #1870, .F. ) ;
#4391 = CARTESIAN_POINT ( 'NONE',  ( -10.69999999999976659, 60.00000000000002842, 24.99926665591089048 ) ) ;
#4392 = CIRCLE ( 'NONE', #1726, 1.700000000000000178 ) ;
#4393 = CIRCLE ( 'NONE', #2643, 1.700000000000000178 ) ;
#4395 = DIRECTION ( 'NONE',  ( -0.000000000000000000, -1.000000000000000000, -0.000000000000000000 ) ) ;
#4394 = VECTOR ( 'NONE', #3936, 1000.000000000000000 ) ;
#4396 = LINE ( 'NONE', #489, #1460 ) ;
#4397 = ORIENTED_EDGE ( 'NONE', *, *, #801, .F. ) ;
#4398 = CIRCLE ( 'NONE', #910, 12.00000000000000178 ) ;
#4399 = DIRECTION ( 'NONE',  ( 0.000000000000000000, -1.000000000000000000, 3.854941057726261566E-15 ) ) ;
#4400 = ORIENTED_EDGE ( 'NONE', *, *, #4266, .T. ) ;
#4401 = VECTOR ( 'NONE', #4330, 1000.000000000000000 ) ;
#4402 = ORIENTED_EDGE ( 'NONE', *, *, #838, .F. ) ;
#4403 = CARTESIAN_POINT ( 'NONE',  ( -10.70000000000010232, 38.01170189303008584, -22.00000000000003908 ) ) ;
#4404 = VERTEX_POINT ( 'NONE', #686 ) ;
#4405 = EDGE_LOOP ( 'NONE', ( #2869, #3443, #4070, #4334 ) ) ;
#4406 = CARTESIAN_POINT ( 'NONE',  ( -57.87298721428200565, 35.19999999999999574, -22.00000000000014211 ) ) ;
#4407 = ORIENTED_EDGE ( 'NONE', *, *, #3888, .T. ) ;
#4408 = ADVANCED_FACE ( 'NONE', ( #5075, #2694 ), #3492, .T. ) ;
#4409 = CALENDAR_DATE ( 2026, 26, 2 ) ;
#4410 = DIRECTION ( 'NONE',  ( -0.000000000000000000, -3.717264591378872007E-15, -1.000000000000000000 ) ) ;
#4411 = CARTESIAN_POINT ( 'NONE',  ( 13.49999999999994671, 0.000000000000000000, -25.08268590217987182 ) ) ;
#4412 = ORIENTED_EDGE ( 'NONE', *, *, #2374, .F. ) ;
#4413 = ADVANCED_FACE ( 'NONE', ( #324 ), #4546, .F. ) ;
#4414 = CARTESIAN_POINT ( 'NONE',  ( 12.42640687119288323, 8.000000000000035527, -22.00000000000003553 ) ) ;
#4415 = CARTESIAN_POINT ( 'NONE',  ( -59.48956796801291347, 21.99999999999993960, -25.60000000000009024 ) ) ;
#4416 = DIRECTION ( 'NONE',  ( -0.4999999999999979461, 0.000000000000000000, -0.8660254037844397068 ) ) ;
#4417 = ORIENTED_EDGE ( 'NONE', *, *, #4704, .T. ) ;
#4418 = DIRECTION ( 'NONE',  ( -2.109423746787797427E-15, 0.000000000000000000, -1.000000000000000000 ) ) ;
#4419 = DIRECTION ( 'NONE',  ( -0.000000000000000000, -1.000000000000000000, 0.000000000000000000 ) ) ;
#4420 = CARTESIAN_POINT ( 'NONE',  ( -13.49999999999978328, 0.000000000000000000, 23.38268590217996490 ) ) ;
#4421 = ORIENTED_EDGE ( 'NONE', *, *, #2171, .F. ) ;
#4422 = FACE_OUTER_BOUND ( 'NONE', #3, .T. ) ;
#4423 = ORIENTED_EDGE ( 'NONE', *, *, #4685, .T. ) ;
#4424 = ORIENTED_EDGE ( 'NONE', *, *, #5164, .F. ) ;
#4425 = CARTESIAN_POINT ( 'NONE',  ( 10.70000000000029239, 5.400000000000000355, 24.99926665591067021 ) ) ;
#4426 = ORIENTED_EDGE ( 'NONE', *, *, #3409, .F. ) ;
#4427 = EDGE_CURVE ( 'NONE', #4772, #4031, #4127, .T. ) ;
#4428 = EDGE_LOOP ( 'NONE', ( #623, #1145, #3120, #427 ) ) ;
#4429 = DIRECTION ( 'NONE',  ( 0.8660254037844392627, 0.000000000000000000, 0.4999999999999988898 ) ) ;
#4430 = EDGE_CURVE ( 'NONE', #4465, #2732, #2373, .T. ) ;
#4431 = EDGE_CURVE ( 'NONE', #4008, #1036, #4808, .T. ) ;
#4432 = EDGE_CURVE ( 'NONE', #202, #2423, #2407, .T. ) ;
#4433 = DIRECTION ( 'NONE',  ( 0.000000000000000000, 1.000000000000000000, -4.081702296416015997E-15 ) ) ;
#4434 = CARTESIAN_POINT ( 'NONE',  ( -40.78341924626904813, 16.80000000000001492, -22.00000000000007461 ) ) ;
#4435 = ORIENTED_EDGE ( 'NONE', *, *, #1436, .T. ) ;
#4436 = LINE ( 'NONE', #846, #1958 ) ;
#4437 = LINE ( 'NONE', #3266, #2791 ) ;
#4438 = CARTESIAN_POINT ( 'NONE',  ( 13.49999999999995559, 5.400000000000000355, -20.14952439471797163 ) ) ;
#4439 = VERTEX_POINT ( 'NONE', #4073 ) ;
#4440 = CARTESIAN_POINT ( 'NONE',  ( -26.90000000000000568, 48.86000000000001364, -30.00000000000018474 ) ) ;
#4441 = CARTESIAN_POINT ( 'NONE',  ( -30.16017429317980358, 19.20000000000012719, -25.60000000000007958 ) ) ;
#4442 = DIRECTION ( 'NONE',  ( 0.4999999999999997224, -0.8660254037844388186, 2.790012826226006237E-15 ) ) ;
#4443 = EDGE_LOOP ( 'NONE', ( #4821, #2098 ) ) ;
#4444 = DIRECTION ( 'NONE',  ( 0.8660254037844411501, 0.000000000000000000, 0.4999999999999956146 ) ) ;
#4445 = ORIENTED_EDGE ( 'NONE', *, *, #2965, .T. ) ;
#4446 = ADVANCED_FACE ( 'NONE', ( #896 ), #2031, .F. ) ;
#4447 = EDGE_LOOP ( 'NONE', ( #3044, #1700, #2992, #593 ) ) ;
#4448 = DIRECTION ( 'NONE',  ( -0.4999999999999997224, 0.8660254037844388186, -3.219245568722496570E-15 ) ) ;
#4449 = EDGE_CURVE ( 'NONE', #2821, #1633, #2046, .T. ) ;
#4450 = VERTEX_POINT ( 'NONE', #3286 ) ;
#4451 = VECTOR ( 'NONE', #3416, 1000.000000000000000 ) ;
#4452 = ORIENTED_EDGE ( 'NONE', *, *, #3384, .F. ) ;
#4453 = DIRECTION ( 'NONE',  ( 0.000000000000000000, 1.000000000000000000, 0.000000000000000000 ) ) ;
#4454 = APPROVAL_PERSON_ORGANIZATION ( #2365, #55, #4775 ) ;
#4455 = VECTOR ( 'NONE', #1203, 1000.000000000000000 ) ;
#4456 = ORIENTED_EDGE ( 'NONE', *, *, #285, .F. ) ;
#4457 = DIRECTION ( 'NONE',  ( 2.109423746787797427E-15, 0.000000000000000000, 1.000000000000000000 ) ) ;
#4458 = DIRECTION ( 'NONE',  ( -0.8660254037844397068, 0.000000000000000000, -0.4999999999999979461 ) ) ;
#4459 = EDGE_CURVE ( 'NONE', #2491, #4824, #1235, .T. ) ;
#4460 = DIRECTION ( 'NONE',  ( 1.000000000000000000, 8.992806499463749045E-15, 0.000000000000000000 ) ) ;
#4461 = CIRCLE ( 'NONE', #5135, 1.799999999999992495 ) ;
#4462 = DIRECTION ( 'NONE',  ( 7.617846651086544702E-17, -3.552713678800500929E-15, -1.000000000000000000 ) ) ;
#4463 = CIRCLE ( 'NONE', #2125, 1.799999999999989164 ) ;
#4464 = DIRECTION ( 'NONE',  ( 0.000000000000000000, -0.7071067811865507924, -0.7071067811865441310 ) ) ;
#4465 = VERTEX_POINT ( 'NONE', #1989 ) ;
#4466 = DIRECTION ( 'NONE',  ( 0.4999999999999985012, 0.8660254037844394848, 0.000000000000000000 ) ) ;
#4467 = AXIS2_PLACEMENT_3D ( 'NONE', #3312, #1668, #571 ) ;
#4468 = FACE_OUTER_BOUND ( 'NONE', #4150, .T. ) ;
#4469 = VECTOR ( 'NONE', #3273, 1000.000000000000000 ) ;
#4470 = DIRECTION ( 'NONE',  ( -0.000000000000000000, -1.000000000000000000, -0.000000000000000000 ) ) ;
#4471 = EDGE_LOOP ( 'NONE', ( #2597, #2253 ) ) ;
#4472 = AXIS2_PLACEMENT_3D ( 'NONE', #2510, #4158, #2534 ) ;
#4473 = AXIS2_PLACEMENT_3D ( 'NONE', #3337, #134, #4935 ) ;
#4474 = LINE ( 'NONE', #2463, #3381 ) ;
#4475 = ORIENTED_EDGE ( 'NONE', *, *, #3827, .F. ) ;
#4476 = VECTOR ( 'NONE', #1973, 1000.000000000000000 ) ;
#4477 = VERTEX_POINT ( 'NONE', #2452 ) ;
#4478 = CARTESIAN_POINT ( 'NONE',  ( 16.30000000000025295, 60.00000000000002842, 21.76610514844869826 ) ) ;
#4479 = VECTOR ( 'NONE', #4448, 1000.000000000000000 ) ;
#4480 = AXIS2_PLACEMENT_3D ( 'NONE', #3465, #5094, #2216 ) ;
#4481 = LINE ( 'NONE', #5146, #3320 ) ;
#4482 = ORIENTED_EDGE ( 'NONE', *, *, #1368, .F. ) ;
#4483 = CIRCLE ( 'NONE', #4233, 29.99999999999998934 ) ;
#4485 = ORIENTED_EDGE ( 'NONE', *, *, #437, .T. ) ;
#4484 = CIRCLE ( 'NONE', #4739, 1.700000000000000178 ) ;
#4486 = EDGE_CURVE ( 'NONE', #959, #1690, #1296, .T. ) ;
#4487 = PLANE ( 'NONE',  #385 ) ;
#4488 = EDGE_CURVE ( 'NONE', #3299, #290, #4436, .T. ) ;
#4489 = VERTEX_POINT ( 'NONE', #3995 ) ;
#4490 = CARTESIAN_POINT ( 'NONE',  ( -24.19999999999999929, 60.00000000000002842, -1.616580753730953779 ) ) ;
#4491 = CARTESIAN_POINT ( 'NONE',  ( -44.01658075373095613, 11.20000000000000284, -25.60000000000005471 ) ) ;
#4492 = LINE ( 'NONE', #4911, #3204 ) ;
#4493 = FACE_BOUND ( 'NONE', #5023, .T. ) ;
#4494 = FACE_OUTER_BOUND ( 'NONE', #1653, .T. ) ;
#4495 = CYLINDRICAL_SURFACE ( 'NONE', #3452, 29.99999999999998934 ) ;
#4496 = FACE_OUTER_BOUND ( 'NONE', #4846, .T. ) ;
#4497 = DIRECTION ( 'NONE',  ( 1.073081856240826668E-15, 0.000000000000000000, -1.000000000000000000 ) ) ;
#4498 = ORIENTED_EDGE ( 'NONE', *, *, #2257, .T. ) ;
#4499 = EDGE_CURVE ( 'NONE', #461, #3598, #395, .T. ) ;
#4500 = DIRECTION ( 'NONE',  ( 7.617846651086544702E-17, -3.552713678800500929E-15, -1.000000000000000000 ) ) ;
#4501 = CARTESIAN_POINT ( 'NONE',  ( -27.00000000000000000, 5.400000000000000355, 1.700000000000000178 ) ) ;
#4502 = ORIENTED_EDGE ( 'NONE', *, *, #4268, .F. ) ;
#4503 = ADVANCED_FACE ( 'NONE', ( #2826 ), #3655, .F. ) ;
#4504 = VERTEX_POINT ( 'NONE', #10 ) ;
#4505 = DIRECTION ( 'NONE',  ( 0.000000000000000000, 1.000000000000000000, -0.000000000000000000 ) ) ;
#4506 = CARTESIAN_POINT ( 'NONE',  ( 13.50000000000027178, 5.400000000000000355, 23.38268590217968423 ) ) ;
#4507 = ORIENTED_EDGE ( 'NONE', *, *, #1054, .T. ) ;
#4508 = EDGE_LOOP ( 'NONE', ( #3014, #4295, #43, #3874 ) ) ;
#4509 = LINE ( 'NONE', #125, #2553 ) ;
#4510 = EDGE_LOOP ( 'NONE', ( #495, #4323 ) ) ;
#4511 = DIRECTION ( 'NONE',  ( 0.8660254037844333785, 0.000000000000000000, -0.5000000000000092149 ) ) ;
#4512 = CARTESIAN_POINT ( 'NONE',  ( -30.16017429317998477, 35.20000000000018758, -22.00000000000013856 ) ) ;
#4513 = FACE_BOUND ( 'NONE', #4107, .T. ) ;
#4514 = EDGE_CURVE ( 'NONE', #1283, #2175, #3675, .T. ) ;
#4515 = FACE_BOUND ( 'NONE', #2599, .T. ) ;
#4516 = DIRECTION ( 'NONE',  ( 0.000000000000000000, 3.345538132240845257E-15, 1.000000000000000000 ) ) ;
#4517 = DIRECTION ( 'NONE',  ( 0.000000000000000000, 1.000000000000000000, 0.000000000000000000 ) ) ;
#4518 = CARTESIAN_POINT ( 'NONE',  ( -44.01658075373095613, 11.20000000000001528, -22.00000000000005329 ) ) ;
#4519 = DIRECTION ( 'NONE',  ( -0.8660254037844367092, -0.5000000000000034417, 1.627117625333545117E-15 ) ) ;
#4520 = ORIENTED_EDGE ( 'NONE', *, *, #2248, .F. ) ;
#4521 = CARTESIAN_POINT ( 'NONE',  ( -10.70000000000010587, 8.000000000000000000, -22.00000000000003553 ) ) ;
#4522 = FACE_OUTER_BOUND ( 'NONE', #3146, .T. ) ;
#4523 = ADVANCED_FACE ( 'NONE', ( #4780 ), #86, .F. ) ;
#4524 = ORIENTED_EDGE ( 'NONE', *, *, #4386, .F. ) ;
#4525 = CARTESIAN_POINT ( 'NONE',  ( 16.30000000000025295, 5.400000000000000355, 21.76610514844869826 ) ) ;
#4526 = EDGE_CURVE ( 'NONE', #2943, #2423, #2797, .T. ) ;
#4527 = ADVANCED_FACE ( 'NONE', ( #1672 ), #2872, .F. ) ;
#4528 = CARTESIAN_POINT ( 'NONE',  ( 13.50000000000027178, 5.400000000000000355, 25.08268590217968708 ) ) ;
#4529 = EDGE_LOOP ( 'NONE', ( #2200, #1018, #1409, #2045 ) ) ;
#4530 = ORIENTED_EDGE ( 'NONE', *, *, #457, .F. ) ;
#4531 = DIRECTION ( 'NONE',  ( -0.000000000000000000, -1.000000000000000000, -0.000000000000000000 ) ) ;
#4532 = ADVANCED_FACE ( 'NONE', ( #820 ), #2465, .F. ) ;
#4533 = AXIS2_PLACEMENT_3D ( 'NONE', #2635, #2240, #1435 ) ;
#4534 = VERTEX_POINT ( 'NONE', #1622 ) ;
#4535 = LINE ( 'NONE', #204, #227 ) ;
#4536 = CARTESIAN_POINT ( 'NONE',  ( -10.69999999999979678, 60.00000000000002842, 21.76610514844899313 ) ) ;
#4537 = DIRECTION ( 'NONE',  ( -0.8660254037844387076, 0.000000000000000000, 0.4999999999999998335 ) ) ;
#4538 = EDGE_CURVE ( 'NONE', #892, #2497, #3213, .T. ) ;
#4539 = CARTESIAN_POINT ( 'NONE',  ( -16.37820639017468949, 5.400000000000000355, 25.13472409716964506 ) ) ;
#4540 = VECTOR ( 'NONE', #108, 1000.000000000000000 ) ;
#4541 = DIRECTION ( 'NONE',  ( 7.617846651086544702E-17, -3.552713678800500929E-15, -1.000000000000000000 ) ) ;
#4543 = AXIS2_PLACEMENT_3D ( 'NONE', #4156, #2111, #1362 ) ;
#4542 = CARTESIAN_POINT ( 'NONE',  ( -54.63982570682010476, 35.20000000000000995, -22.00000000000013856 ) ) ;
#4544 = APPROVAL ( #3621, 'UNSPECIFIED' ) ;
#4545 = DIRECTION ( 'NONE',  ( -0.4999999999999997224, 0.8660254037844388186, -2.790012826226006237E-15 ) ) ;
#4546 = CONICAL_SURFACE ( 'NONE', #1800, 3.360000000000002096, 0.7853981633974482790 ) ;
#4547 = LINE ( 'NONE', #245, #4965 ) ;
#4548 = EDGE_CURVE ( 'NONE', #2915, #3826, #4461, .T. ) ;
#4549 = ORIENTED_EDGE ( 'NONE', *, *, #1451, .F. ) ;
#4550 = VECTOR ( 'NONE', #4161, 1000.000000000000000 ) ;
#4551 = CARTESIAN_POINT ( 'NONE',  ( -56.25640646055099126, 21.99999999999994316, -30.00000000000034106 ) ) ;
#4552 = EDGE_CURVE ( 'NONE', #511, #2114, #1415, .T. ) ;
#4553 = DIRECTION ( 'NONE',  ( 1.000000000000000000, 0.000000000000000000, -5.495603971894524875E-15 ) ) ;
#4554 = VECTOR ( 'NONE', #147, 1000.000000000000000 ) ;
#4555 = ORIENTED_EDGE ( 'NONE', *, *, #3713, .T. ) ;
#4556 = CARTESIAN_POINT ( 'NONE',  ( 12.42640687119288856, 8.000000000000000000, -30.00000000000000000 ) ) ;
#4557 = VECTOR ( 'NONE', #2317, 1000.000000000000114 ) ;
#4558 = VECTOR ( 'NONE', #3547, 1000.000000000000114 ) ;
#4559 = CARTESIAN_POINT ( 'NONE',  ( 13.49999999999993960, 5.400000000000000355, -26.61584740964178053 ) ) ;
#4560 = ORIENTED_EDGE ( 'NONE', *, *, #82, .T. ) ;
#4561 = EDGE_CURVE ( 'NONE', #2439, #4324, #1375, .T. ) ;
#4562 = VERTEX_POINT ( 'NONE', #4177 ) ;
#4564 = CARTESIAN_POINT ( 'NONE',  ( -10.69999999999976659, 60.00000000000002842, 24.99926665591089048 ) ) ;
#4563 = CONICAL_SURFACE ( 'NONE', #1974, 3.360000000000000320, 0.7853981633974488341 ) ;
#4565 = EDGE_LOOP ( 'NONE', ( #2258, #292, #4226, #3326 ) ) ;
#4566 = AXIS2_PLACEMENT_3D ( 'NONE', #2152, #3373, #3766 ) ;
#4567 = AXIS2_PLACEMENT_3D ( 'NONE', #3595, #4777, #4753 ) ;
#4568 = ORIENTED_EDGE ( 'NONE', *, *, #1759, .F. ) ;
#4569 = CARTESIAN_POINT ( 'NONE',  ( -15.50000000000000355, 8.000000000000000000, -13.70000000000001172 ) ) ;
#4570 = LINE ( 'NONE', #1752, #1062 ) ;
#4571 = EDGE_CURVE ( 'NONE', #3057, #1539, #3810, .T. ) ;
#4572 = CARTESIAN_POINT ( 'NONE',  ( -13.57820639017470299, 5.400000000000000355, 26.75130485090060972 ) ) ;
#4573 = CARTESIAN_POINT ( 'NONE',  ( -56.25640646055104099, 37.99999999999997868, -30.00000000000039790 ) ) ;
#4574 = DIRECTION ( 'NONE',  ( -0.000000000000000000, -1.000000000000000000, 0.000000000000000000 ) ) ;
#4575 = PLANE ( 'NONE',  #4794 ) ;
#4576 = FACE_OUTER_BOUND ( 'NONE', #1268, .T. ) ;
#4577 = DIRECTION ( 'NONE',  ( 7.617846651086544702E-17, 3.386180225106570071E-15, 1.000000000000000000 ) ) ;
#4578 = VERTEX_POINT ( 'NONE', #3361 ) ;
#4579 = CARTESIAN_POINT ( 'NONE',  ( -12.10000000000007603, 8.000000000000000000, -20.95781477158337225 ) ) ;
#4580 = DIRECTION ( 'NONE',  ( 0.000000000000000000, 3.345538132240890616E-15, 1.000000000000000000 ) ) ;
#4581 = CARTESIAN_POINT ( 'NONE',  ( -26.90000000000000568, 43.70000000000002416, -30.00000000000017053 ) ) ;
#4582 = DIRECTION ( 'NONE',  ( 0.000000000000000000, 0.000000000000000000, -1.000000000000000000 ) ) ;
#4583 = ORIENTED_EDGE ( 'NONE', *, *, #3456, .T. ) ;
#4584 = VERTEX_POINT ( 'NONE', #4572 ) ;
#4585 = CARTESIAN_POINT ( 'NONE',  ( -27.00000000000000000, 60.00000000000002842, -3.233161507461902673 ) ) ;
#4586 = ORIENTED_EDGE ( 'NONE', *, *, #2451, .T. ) ;
#4587 = EDGE_LOOP ( 'NONE', ( #1376, #2297, #5157, #614 ) ) ;
#4588 = CARTESIAN_POINT ( 'NONE',  ( -29.80000000000000071, 5.400000000000000355, 1.616580753730952003 ) ) ;
#4589 = CARTESIAN_POINT ( 'NONE',  ( -45.63316150746190658, 13.99999999999999289, -25.60000000000006537 ) ) ;
#4590 = EDGE_CURVE ( 'NONE', #1073, #2282, #624, .T. ) ;
#4591 = ORIENTED_EDGE ( 'NONE', *, *, #2831, .F. ) ;
#4592 = DIRECTION ( 'NONE',  ( 0.000000000000000000, -1.000000000000000000, 3.854941057726261566E-15 ) ) ;
#4593 = ADVANCED_FACE ( 'NONE', ( #946 ), #3000, .F. ) ;
#4594 = DIRECTION ( 'NONE',  ( 0.000000000000000000, 1.000000000000000000, -3.854941057726261566E-15 ) ) ;
#4595 = LINE ( 'NONE', #3002, #5070 ) ;
#4596 = DIRECTION ( 'NONE',  ( 0.000000000000000000, 1.000000000000000000, -4.081702296416015997E-15 ) ) ;
#4597 = PLANE ( 'NONE',  #1305 ) ;
#4598 = LINE ( 'NONE', #2982, #1797 ) ;
#4599 = ORIENTED_EDGE ( 'NONE', *, *, #5160, .F. ) ;
#4600 = LINE ( 'NONE', #1422, #1114 ) ;
#4601 = CARTESIAN_POINT ( 'NONE',  ( 29.80000000000000071, 8.000000000000000000, -1.616580753730952003 ) ) ;
#4602 = LINE ( 'NONE', #5000, #2885 ) ;
#4603 = DIRECTION ( 'NONE',  ( 0.000000000000000000, -3.552713678800500929E-15, -1.000000000000000000 ) ) ;
#4604 = DIRECTION ( 'NONE',  ( 0.000000000000000000, 1.000000000000000000, 0.000000000000000000 ) ) ;
#4605 = VERTEX_POINT ( 'NONE', #1023 ) ;
#4606 = ADVANCED_FACE ( 'NONE', ( #4513, #181 ), #2163, .T. ) ;
#4607 = ORIENTED_EDGE ( 'NONE', *, *, #435, .F. ) ;
#4608 = EDGE_CURVE ( 'NONE', #4106, #2363, #2902, .T. ) ;
#4609 = ORIENTED_EDGE ( 'NONE', *, *, #4922, .F. ) ;
#4610 = ORIENTED_EDGE ( 'NONE', *, *, #3749, .T. ) ;
#4611 = DIRECTION ( 'NONE',  ( 0.4999999999999979461, 0.8660254037844397068, -3.004629197474254559E-15 ) ) ;
#4612 = DIRECTION ( 'NONE',  ( 0.000000000000000000, 1.000000000000000000, 0.000000000000000000 ) ) ;
#4613 = ORIENTED_EDGE ( 'NONE', *, *, #4023, .T. ) ;
#4614 = LINE ( 'NONE', #1044, #4116 ) ;
#4615 = DIRECTION ( 'NONE',  ( -1.000000000000000000, 0.000000000000000000, -7.617846651086544702E-17 ) ) ;
#4616 = CARTESIAN_POINT ( 'NONE',  ( -10.70000000000010054, 60.00000000000002842, -21.76610514844884392 ) ) ;
#4617 = CARTESIAN_POINT ( 'NONE',  ( -59.48956796801291347, 21.99999999999993960, -25.60000000000009024 ) ) ;
#4618 = DIRECTION ( 'NONE',  ( 0.5000000000000095479, -0.8660254037844331565, 2.790012826226010182E-15 ) ) ;
#4619 = DIRECTION ( 'NONE',  ( 0.000000000000000000, -1.000000000000000000, 3.097720492815725095E-15 ) ) ;
#4620 = ORIENTED_EDGE ( 'NONE', *, *, #1921, .F. ) ;
#4621 = DIRECTION ( 'NONE',  ( 0.000000000000000000, 1.000000000000000000, 0.000000000000000000 ) ) ;
#4622 = CIRCLE ( 'NONE', #3305, 1.700000000000000178 ) ;
#4623 = CYLINDRICAL_SURFACE ( 'NONE', #2626, 1.700000000000000178 ) ;
#4624 = FACE_OUTER_BOUND ( 'NONE', #5086, .T. ) ;
#4625 = VECTOR ( 'NONE', #1540, 1000.000000000000000 ) ;
#4626 = AXIS2_PLACEMENT_3D ( 'NONE', #3424, #3845, #327 ) ;
#4627 = FACE_BOUND ( 'NONE', #4081, .T. ) ;
#4628 = CARTESIAN_POINT ( 'NONE',  ( -13.50000000000011013, 5.400000000000000355, -23.38268590217978726 ) ) ;
#4629 = ORIENTED_EDGE ( 'NONE', *, *, #4430, .F. ) ;
#4630 = VECTOR ( 'NONE', #2276, 1000.000000000000000 ) ;
#4631 = VECTOR ( 'NONE', #4348, 1000.000000000000000 ) ;
#4632 = ORIENTED_EDGE ( 'NONE', *, *, #4915, .T. ) ;
#4633 = VECTOR ( 'NONE', #4654, 1000.000000000000000 ) ;
#4634 = VECTOR ( 'NONE', #4419, 1000.000000000000000 ) ;
#4635 = ORIENTED_EDGE ( 'NONE', *, *, #4972, .F. ) ;
#4636 = VECTOR ( 'NONE', #2871, 1000.000000000000000 ) ;
#4637 = AXIS2_PLACEMENT_3D ( 'NONE', #133, #3673, #3697 ) ;
#4638 = ORIENTED_EDGE ( 'NONE', *, *, #3594, .F. ) ;
#4639 = EDGE_CURVE ( 'NONE', #4562, #1014, #4492, .T. ) ;
#4640 = CARTESIAN_POINT ( 'NONE',  ( -40.78341924626906234, 43.20000000000004547, -25.60000000000016485 ) ) ;
#4641 = VERTEX_POINT ( 'NONE', #163 ) ;
#4642 = DIRECTION ( 'NONE',  ( 0.000000000000000000, 1.000000000000000000, -4.081702296416015997E-15 ) ) ;
#4643 = VECTOR ( 'NONE', #914, 1000.000000000000000 ) ;
#4645 = AXIS2_PLACEMENT_3D ( 'NONE', #4728, #1154, #2823 ) ;
#4644 = CARTESIAN_POINT ( 'NONE',  ( -24.19999999999999929, 5.400000000000000355, -1.616580753730953779 ) ) ;
#4646 = LINE ( 'NONE', #4200, #2043 ) ;
#4647 = CARTESIAN_POINT ( 'NONE',  ( -24.20000000000000284, 8.000000000000000000, 1.616580753730955555 ) ) ;
#4648 = ORIENTED_EDGE ( 'NONE', *, *, #203, .F. ) ;
#4649 = VECTOR ( 'NONE', #4604, 1000.000000000000000 ) ;
#4650 = FACE_BOUND ( 'NONE', #5085, .T. ) ;
#4651 = VERTEX_POINT ( 'NONE', #2506 ) ;
#4652 = LINE ( 'NONE', #1053, #4790 ) ;
#4653 = DIRECTION ( 'NONE',  ( 0.6103818063152128826, 0.000000000000000000, 0.7921073478508945387 ) ) ;
#4654 = DIRECTION ( 'NONE',  ( -7.617846651086544702E-17, 3.552713678800500929E-15, 1.000000000000000000 ) ) ;
#4655 = ADVANCED_FACE ( 'NONE', ( #1753 ), #3447, .F. ) ;
#4656 = DIRECTION ( 'NONE',  ( 0.000000000000000000, 0.000000000000000000, -1.000000000000000000 ) ) ;
#4657 = EDGE_CURVE ( 'NONE', #1369, #1174, #4936, .T. ) ;
#4658 = EDGE_CURVE ( 'NONE', #725, #2024, #2927, .T. ) ;
#4659 = ADVANCED_FACE ( 'NONE', ( #4095 ), #3699, .F. ) ;
#4660 = CARTESIAN_POINT ( 'NONE',  ( -15.50000000000000000, 0.000000000000000000, 15.49999999999999822 ) ) ;
#4661 = ORIENTED_EDGE ( 'NONE', *, *, #2426, .T. ) ;
#4662 = VERTEX_POINT ( 'NONE', #1727 ) ;
#4663 = ORIENTED_EDGE ( 'NONE', *, *, #4165, .F. ) ;
#4664 = ORIENTED_EDGE ( 'NONE', *, *, #2259, .T. ) ;
#4665 = CARTESIAN_POINT ( 'NONE',  ( -16.29999999999976623, 60.00000000000002842, 24.99926665591094732 ) ) ;
#4666 = ORIENTED_EDGE ( 'NONE', *, *, #804, .T. ) ;
#4667 = DIRECTION ( 'NONE',  ( -0.4999999999999919509, -0.8660254037844432595, 3.004629197474266787E-15 ) ) ;
#4668 = CYLINDRICAL_SURFACE ( 'NONE', #3814, 1.799999999999989164 ) ;
#4669 = DIRECTION ( 'NONE',  ( -0.4999999999999985012, -0.8660254037844394848, -0.000000000000000000 ) ) ;
#4670 = ADVANCED_FACE ( 'NONE', ( #3319 ), #1335, .T. ) ;
#4671 = DIRECTION ( 'NONE',  ( -1.000000000000000000, -6.272760089132149442E-15, -0.000000000000000000 ) ) ;
#4672 = ORIENTED_EDGE ( 'NONE', *, *, #4111, .T. ) ;
#4673 = FACE_OUTER_BOUND ( 'NONE', #3975, .T. ) ;
#4674 = EDGE_CURVE ( 'NONE', #4341, #4172, #4958, .T. ) ;
#4675 = ORIENTED_EDGE ( 'NONE', *, *, #193, .T. ) ;
#4676 = PLANE ( 'NONE',  #123 ) ;
#4677 = DIRECTION ( 'NONE',  ( -0.000000000000000000, -1.000000000000000000, -0.000000000000000000 ) ) ;
#4678 = DIRECTION ( 'NONE',  ( 0.000000000000000000, -1.000000000000000000, 3.097720492815725095E-15 ) ) ;
#4679 = CARTESIAN_POINT ( 'NONE',  ( -42.40000000000000568, 12.30000000000000604, -30.00000000000030909 ) ) ;
#4680 = ORIENTED_EDGE ( 'NONE', *, *, #864, .F. ) ;
#4681 = LINE ( 'NONE', #748, #2968 ) ;
#4682 = ORIENTED_EDGE ( 'NONE', *, *, #2160, .F. ) ;
#4683 = ADVANCED_FACE ( 'NONE', ( #3022 ), #4227, .F. ) ;
#4684 = EDGE_CURVE ( 'NONE', #2345, #699, #4614, .T. ) ;
#4685 = EDGE_CURVE ( 'NONE', #188, #268, #3835, .T. ) ;
#4686 = ORIENTED_EDGE ( 'NONE', *, *, #3888, .F. ) ;
#4687 = ORIENTED_EDGE ( 'NONE', *, *, #2285, .T. ) ;
#4688 = ORIENTED_EDGE ( 'NONE', *, *, #5082, .T. ) ;
#4689 = CARTESIAN_POINT ( 'NONE',  ( -16.30000000000010374, 45.27895839063656780, -22.00000000000003908 ) ) ;
#4690 = EDGE_LOOP ( 'NONE', ( #1022, #776, #407, #3412, #3708, #750, #315, #3678, #4967, #2621, #3797 ) ) ;
#4691 = EDGE_CURVE ( 'NONE', #3942, #5120, #2279, .T. ) ;
#4692 = DATE_AND_TIME ( #3098, #2956 ) ;
#4693 = DIRECTION ( 'NONE',  ( -0.8660254037844336006, 0.000000000000000000, 0.5000000000000087708 ) ) ;
#4694 = CARTESIAN_POINT ( 'NONE',  ( -12.09999999999983089, 8.000000000000000000, 20.95781477158351791 ) ) ;
#4695 = CARTESIAN_POINT ( 'NONE',  ( -26.89999999999999858, 17.86000000000001009, -30.00000000000007105 ) ) ;
#4696 = ADVANCED_FACE ( 'NONE', ( #3007, #2299 ), #2270, .T. ) ;
#4697 = EDGE_LOOP ( 'NONE', ( #3670, #1589, #3228, #4412, #4675, #2921, #3195, #1087, #3806, #2683, #1745, #3529 ) ) ;
#4698 = DIRECTION ( 'NONE',  ( 0.000000000000000000, -1.000000000000000000, 3.097720492815725095E-15 ) ) ;
#4699 = ORIENTED_EDGE ( 'NONE', *, *, #3774, .F. ) ;
#4700 = DIRECTION ( 'NONE',  ( 0.000000000000000000, 0.000000000000000000, -1.000000000000000000 ) ) ;
#4701 = AXIS2_PLACEMENT_3D ( 'NONE', #3473, #1124, #2615 ) ;
#4702 = CARTESIAN_POINT ( 'NONE',  ( -42.40000000000000568, 14.00000000000001954, -25.60000000000006537 ) ) ;
#4703 = DIRECTION ( 'NONE',  ( 0.000000000000000000, 0.000000000000000000, 1.000000000000000000 ) ) ;
#4704 = EDGE_CURVE ( 'NONE', #2497, #2865, #4032, .T. ) ;
#4705 = CARTESIAN_POINT ( 'NONE',  ( -15.50000000000000355, 0.000000000000000000, -15.50000000000000178 ) ) ;
#4706 = EDGE_LOOP ( 'NONE', ( #777, #2627, #1246, #2314 ) ) ;
#4707 = EDGE_CURVE ( 'NONE', #3591, #2295, #616, .T. ) ;
#4708 = CARTESIAN_POINT ( 'NONE',  ( -28.54359353944891353, 23.70000000000015206, -25.60000000000009734 ) ) ;
#4709 = EDGE_LOOP ( 'NONE', ( #2336, #1769 ) ) ;
#4710 = VECTOR ( 'NONE', #3892, 1000.000000000000227 ) ;
#4711 = VECTOR ( 'NONE', #5117, 1000.000000000000000 ) ;
#4712 = VERTEX_POINT ( 'NONE', #3105 ) ;
#4713 = CARTESIAN_POINT ( 'NONE',  ( -57.89999999999999858, 14.50000000000000533, -30.00000000000006395 ) ) ;
#4714 = AXIS2_PLACEMENT_3D ( 'NONE', #1121, #4855, #448 ) ;
#4715 = CIRCLE ( 'NONE', #547, 3.360000000000002096 ) ;
#4716 = EDGE_CURVE ( 'NONE', #4245, #3057, #5077, .T. ) ;
#4717 = ORIENTED_EDGE ( 'NONE', *, *, #276, .T. ) ;
#4718 = VECTOR ( 'NONE', #3988, 1000.000000000000000 ) ;
#4719 = AXIS2_PLACEMENT_3D ( 'NONE', #1085, #1165, #3501 ) ;
#4720 = ORIENTED_EDGE ( 'NONE', *, *, #71, .F. ) ;
#4722 = LINE ( 'NONE', #440, #3963 ) ;
#4721 = CIRCLE ( 'NONE', #2471, 29.99999999999998934 ) ;
#4723 = ORIENTED_EDGE ( 'NONE', *, *, #4339, .F. ) ;
#4724 = PERSON_AND_ORGANIZATION ( #904, #126 ) ;
#4725 = DIRECTION ( 'NONE',  ( 0.000000000000000000, 1.000000000000000000, -4.081702296416015997E-15 ) ) ;
#4727 = CARTESIAN_POINT ( 'NONE',  ( -30.16017429317986753, 24.80000000000013216, -25.60000000000009734 ) ) ;
#4726 = VECTOR ( 'NONE', #509, 1000.000000000000114 ) ;
#4728 = CARTESIAN_POINT ( 'NONE',  ( -44.01658075373095613, 48.80000000000004690, -25.60000000000018616 ) ) ;
#4729 = LINE ( 'NONE', #2266, #4058 ) ;
#4730 = EDGE_LOOP ( 'NONE', ( #1225, #1088, #1277, #4269 ) ) ;
#4731 = CARTESIAN_POINT ( 'NONE',  ( 16.30000000000025295, 8.000000000000000000, 21.76610514844869826 ) ) ;
#4732 = ORIENTED_EDGE ( 'NONE', *, *, #2699, .T. ) ;
#4733 = VECTOR ( 'NONE', #4956, 1000.000000000000114 ) ;
#4734 = VECTOR ( 'NONE', #4464, 1000.000000000000114 ) ;
#4735 = CARTESIAN_POINT ( 'NONE',  ( 12.42640687119288323, 8.000000000000007105, -30.00000000000003553 ) ) ;
#4736 = DIRECTION ( 'NONE',  ( -0.000000000000000000, -1.000000000000000000, 0.000000000000000000 ) ) ;
#4737 = CARTESIAN_POINT ( 'NONE',  ( -15.50000000000000355, 0.000000000000000000, -17.29999999999999005 ) ) ;
#4738 = VECTOR ( 'NONE', #99, 1000.000000000000000 ) ;
#4739 = AXIS2_PLACEMENT_3D ( 'NONE', #758, #2790, #4725 ) ;
#4740 = DIRECTION ( 'NONE',  ( 0.000000000000000000, 0.000000000000000000, -1.000000000000000000 ) ) ;
#4741 = LINE ( 'NONE', #2758, #2051 ) ;
#4742 = ORIENTED_EDGE ( 'NONE', *, *, #2288, .T. ) ;
#4743 = EDGE_LOOP ( 'NONE', ( #4263, #3771, #1142, #2440 ) ) ;
#4744 = DIRECTION ( 'NONE',  ( 0.000000000000000000, -1.000000000000000000, 3.097720492815725095E-15 ) ) ;
#4745 = ORIENTED_EDGE ( 'NONE', *, *, #5061, .F. ) ;
#4746 = ORIENTED_EDGE ( 'NONE', *, *, #2374, .T. ) ;
#4747 = DIRECTION ( 'NONE',  ( -0.5000000000000034417, 0.8660254037844367092, 0.000000000000000000 ) ) ;
#4748 = VERTEX_POINT ( 'NONE', #1518 ) ;
#4749 = DATE_AND_TIME ( #3156, #4793 ) ;
#4750 = CARTESIAN_POINT ( 'NONE',  ( -57.90000000000000568, 45.50000000000003553, -22.00000000000017408 ) ) ;
#4751 = CARTESIAN_POINT ( 'NONE',  ( -15.50000000000000000, 0.000000000000000000, 12.13999999999999879 ) ) ;
#4752 = EDGE_CURVE ( 'NONE', #1479, #2881, #3032, .T. ) ;
#4753 = DIRECTION ( 'NONE',  ( 0.000000000000000000, 0.000000000000000000, -1.000000000000000000 ) ) ;
#4754 = DIRECTION ( 'NONE',  ( -0.000000000000000000, -1.000000000000000000, 0.000000000000000000 ) ) ;
#4755 = CARTESIAN_POINT ( 'NONE',  ( -26.90000000000000568, 47.30000000000001847, -28.44000000000017536 ) ) ;
#4756 = EDGE_CURVE ( 'NONE', #1690, #854, #4600, .T. ) ;
#4757 = DIRECTION ( 'NONE',  ( -0.000000000000000000, -1.000000000000000000, -0.000000000000000000 ) ) ;
#4758 = DIRECTION ( 'NONE',  ( -0.8660254037844363761, 0.000000000000000000, -0.5000000000000039968 ) ) ;
#4759 = LINE ( 'NONE', #2774, #560 ) ;
#4760 = EDGE_LOOP ( 'NONE', ( #257, #3583, #3316, #1407 ) ) ;
#4761 = DIRECTION ( 'NONE',  ( 0.5000000000000044409, 0.000000000000000000, -0.8660254037844360431 ) ) ;
#4762 = LINE ( 'NONE', #2435, #2640 ) ;
#4763 = LINE ( 'NONE', #3944, #3556 ) ;
#4764 = VERTEX_POINT ( 'NONE', #1843 ) ;
#4765 = DIRECTION ( 'NONE',  ( -3.402186748401941492E-17, 3.361841101310300739E-15, 1.000000000000000000 ) ) ;
#4766 = ORIENTED_EDGE ( 'NONE', *, *, #2354, .T. ) ;
#4767 = ORIENTED_EDGE ( 'NONE', *, *, #3596, .T. ) ;
#4768 = LINE ( 'NONE', #803, #2223 ) ;
#4769 = EDGE_CURVE ( 'NONE', #100, #1017, #4652, .T. ) ;
#4770 = VERTEX_POINT ( 'NONE', #1913 ) ;
#4771 = EDGE_CURVE ( 'NONE', #1962, #2782, #4279, .T. ) ;
#4772 = VERTEX_POINT ( 'NONE', #1864 ) ;
#4773 = CARTESIAN_POINT ( 'NONE',  ( 0.000000000000000000, 8.000000000000000000, 0.000000000000000000 ) ) ;
#4774 = EDGE_LOOP ( 'NONE', ( #1830, #1506, #3517, #4789, #2808, #1898 ) ) ;
#4775 = APPROVAL_ROLE ( '' ) ;
#4776 = CARTESIAN_POINT ( 'NONE',  ( -42.40000000000000568, 46.00000000000002842, -25.60000000000017550 ) ) ;
#4777 = DIRECTION ( 'NONE',  ( 0.000000000000000000, 1.000000000000000000, 0.000000000000000000 ) ) ;
#4778 = CARTESIAN_POINT ( 'NONE',  ( -24.20000000000000284, 60.00000000000002842, 1.616580753730955555 ) ) ;
#4779 = ORIENTED_EDGE ( 'NONE', *, *, #3867, .F. ) ;
#4780 = FACE_OUTER_BOUND ( 'NONE', #4690, .T. ) ;
#4781 = FACE_OUTER_BOUND ( 'NONE', #1222, .T. ) ;
#4782 = DIRECTION ( 'NONE',  ( 0.4999999999999985567, 0.8660254037844394848, -3.219245568722475271E-15 ) ) ;
#4783 = ORIENTED_EDGE ( 'NONE', *, *, #1105, .T. ) ;
#4784 = DIRECTION ( 'NONE',  ( 0.000000000000000000, 0.000000000000000000, -1.000000000000000000 ) ) ;
#4785 = DIRECTION ( 'NONE',  ( 1.102003339948839560E-16, 3.493786075749806212E-15, 1.000000000000000000 ) ) ;
#4786 = CARTESIAN_POINT ( 'NONE',  ( 13.49999999999994671, 5.400000000000000355, -21.68268590217987679 ) ) ;
#4787 = ORIENTED_EDGE ( 'NONE', *, *, #4459, .F. ) ;
#4788 = LINE ( 'NONE', #1605, #383 ) ;
#4789 = ORIENTED_EDGE ( 'NONE', *, *, #2257, .F. ) ;
#4790 = VECTOR ( 'NONE', #1889, 1000.000000000000114 ) ;
#4791 = EDGE_LOOP ( 'NONE', ( #2414, #4028, #2416, #812 ) ) ;
#4792 = LINE ( 'NONE', #1221, #4064 ) ;
#4793 = LOCAL_TIME ( 21, 27, 22.00000000000000000, #1115 ) ;
#4794 = AXIS2_PLACEMENT_3D ( 'NONE', #4886, #213, #604 ) ;
#4795 = EDGE_LOOP ( 'NONE', ( #1667, #4502 ) ) ;
#4796 = EDGE_CURVE ( 'NONE', #2236, #3411, #3525, .T. ) ;
#4797 = CIRCLE ( 'NONE', #5131, 3.360000000000003428 ) ;
#4798 = ORIENTED_EDGE ( 'NONE', *, *, #248, .T. ) ;
#4799 = FACE_BOUND ( 'NONE', #2379, .T. ) ;
#4800 = ORIENTED_EDGE ( 'NONE', *, *, #1381, .T. ) ;
#4801 = VECTOR ( 'NONE', #1320, 999.9999999999998863 ) ;
#4802 = APPROVAL_STATUS ( 'not_yet_approved' ) ;
#4803 = CARTESIAN_POINT ( 'NONE',  ( -16.30000000000011795, 8.000000000000000000, 24.99926665591072705 ) ) ;
#4804 = VECTOR ( 'NONE', #4163, 1000.000000000000000 ) ;
#4805 = PLANE ( 'NONE',  #4645 ) ;
#4806 = PLANE ( 'NONE',  #4308 ) ;
#4807 = CARTESIAN_POINT ( 'NONE',  ( -26.90000000000000568, 42.14000000000000767, -30.00000000000016698 ) ) ;
#4808 = LINE ( 'NONE', #1693, #3793 ) ;
#4809 = FACE_OUTER_BOUND ( 'NONE', #1942, .T. ) ;
#4810 = AXIS2_PLACEMENT_3D ( 'NONE', #2323, #3129, #5016 ) ;
#4811 = FACE_OUTER_BOUND ( 'NONE', #1926, .T. ) ;
#4812 = VERTEX_POINT ( 'NONE', #4309 ) ;
#4813 = LINE ( 'NONE', #1242, #1720 ) ;
#4815 = CARTESIAN_POINT ( 'NONE',  ( -26.90000000000000568, 45.50000000000002132, -28.44000000000016826 ) ) ;
#4814 = VECTOR ( 'NONE', #2783, 1000.000000000000114 ) ;
#4816 = DIRECTION ( 'NONE',  ( -0.8660254037844408170, 0.000000000000000000, -0.4999999999999961142 ) ) ;
#4817 = ORIENTED_EDGE ( 'NONE', *, *, #3570, .T. ) ;
#4818 = ADVANCED_FACE ( 'NONE', ( #688 ), #2707, .F. ) ;
#4819 = VECTOR ( 'NONE', #3553, 1000.000000000000114 ) ;
#4820 = LINE ( 'NONE', #855, #3300 ) ;
#4821 = ORIENTED_EDGE ( 'NONE', *, *, #1770, .F. ) ;
#4822 = AXIS2_PLACEMENT_3D ( 'NONE', #3418, #5069, #2320 ) ;
#4823 = ADVANCED_FACE ( 'NONE', ( #2696 ), #3401, .T. ) ;
#4824 = VERTEX_POINT ( 'NONE', #1469 ) ;
#4825 = CARTESIAN_POINT ( 'NONE',  ( -40.78341924626906234, 43.20000000000004547, -25.60000000000016485 ) ) ;
#4826 = ADVANCED_FACE ( 'NONE', ( #5047 ), #664, .F. ) ;
#4827 = ORIENTED_EDGE ( 'NONE', *, *, #2475, .F. ) ;
#4828 = VERTEX_POINT ( 'NONE', #4205 ) ;
#4829 = DIRECTION ( 'NONE',  ( 0.000000000000000000, -3.445107828157266365E-15, -1.000000000000000000 ) ) ;
#4830 = CYLINDRICAL_SURFACE ( 'NONE', #1736, 1.700000000000000178 ) ;
#4831 = DIRECTION ( 'NONE',  ( 0.000000000000000000, -1.000000000000000000, 0.000000000000000000 ) ) ;
#4832 = ORIENTED_EDGE ( 'NONE', *, *, #672, .F. ) ;
#4833 = DIRECTION ( 'NONE',  ( 7.617846651086544702E-17, -3.552713678800500929E-15, -1.000000000000000000 ) ) ;
#4834 = LINE ( 'NONE', #32, #3695 ) ;
#4835 = DIRECTION ( 'NONE',  ( -9.714451465470121306E-15, 0.000000000000000000, -1.000000000000000000 ) ) ;
#4836 = VERTEX_POINT ( 'NONE', #635 ) ;
#4837 = EDGE_CURVE ( 'NONE', #3611, #2884, #788, .T. ) ;
#4838 = CARTESIAN_POINT ( 'NONE',  ( -56.25640646055099126, 23.69999999999995666, -25.60000000000009734 ) ) ;
#4839 = ADVANCED_FACE ( 'NONE', ( #326 ), #4676, .F. ) ;
#4840 = EDGE_CURVE ( 'NONE', #2884, #3611, #1701, .T. ) ;
#4841 = DIRECTION ( 'NONE',  ( 0.000000000000000000, 3.345538132240890616E-15, 1.000000000000000000 ) ) ;
#4842 = DIRECTION ( 'NONE',  ( 0.000000000000000000, 3.717264591378872007E-15, 1.000000000000000000 ) ) ;
#4843 = VERTEX_POINT ( 'NONE', #847 ) ;
#4844 = LINE ( 'NONE', #3977, #4884 ) ;
#4845 = VERTEX_POINT ( 'NONE', #3966 ) ;
#4846 = EDGE_LOOP ( 'NONE', ( #3069, #3377, #255, #3831, #2999, #2326 ) ) ;
#4847 = CARTESIAN_POINT ( 'NONE',  ( 24.19999999999999929, 8.000000000000000000, 1.616580753730953779 ) ) ;
#4848 = ORIENTED_EDGE ( 'NONE', *, *, #4000, .F. ) ;
#4849 = EDGE_CURVE ( 'NONE', #176, #3357, #3545, .T. ) ;
#4850 = EDGE_LOOP ( 'NONE', ( #4190, #94 ) ) ;
#4851 = FACE_OUTER_BOUND ( 'NONE', #2176, .T. ) ;
#4852 = ORIENTED_EDGE ( 'NONE', *, *, #4039, .T. ) ;
#4853 = CARTESIAN_POINT ( 'NONE',  ( -26.92701278571807322, 35.20000000000024443, -22.00000000000013856 ) ) ;
#4854 = ORIENTED_EDGE ( 'NONE', *, *, #1455, .F. ) ;
#4855 = DIRECTION ( 'NONE',  ( -0.000000000000000000, -1.000000000000000000, -0.000000000000000000 ) ) ;
#4856 = DIRECTION ( 'NONE',  ( 0.000000000000000000, 3.593355771666182750E-15, 1.000000000000000000 ) ) ;
#4857 = DIRECTION ( 'NONE',  ( -0.000000000000000000, -1.000000000000000000, 0.000000000000000000 ) ) ;
#4858 = ORIENTED_EDGE ( 'NONE', *, *, #835, .F. ) ;
#4859 = CARTESIAN_POINT ( 'NONE',  ( -40.78341924626906234, 43.20000000000005969, -22.00000000000016698 ) ) ;
#4860 = DIRECTION ( 'NONE',  ( 0.4999999999999961697, 0.8660254037844408170, -2.790012826226013337E-15 ) ) ;
#4861 = CARTESIAN_POINT ( 'NONE',  ( 0.000000000000000000, 8.000000000000000000, 0.000000000000000000 ) ) ;
#4862 = ORIENTED_EDGE ( 'NONE', *, *, #1902, .T. ) ;
#4863 = CARTESIAN_POINT ( 'NONE',  ( -53.02324495308910457, 21.99999999999996803, -25.60000000000009024 ) ) ;
#4864 = ORIENTED_EDGE ( 'NONE', *, *, #3620, .F. ) ;
#4865 = EDGE_CURVE ( 'NONE', #20, #1935, #2012, .T. ) ;
#4866 = EDGE_CURVE ( 'NONE', #4641, #2548, #3601, .T. ) ;
#4867 = ORIENTED_EDGE ( 'NONE', *, *, #1243, .F. ) ;
#4868 = CARTESIAN_POINT ( 'NONE',  ( -54.63982570682003370, 19.19999999999997087, -25.60000000000007958 ) ) ;
#4869 = VERTEX_POINT ( 'NONE', #1598 ) ;
#4870 = VECTOR ( 'NONE', #449, 1000.000000000000114 ) ;
#4871 = ORIENTED_EDGE ( 'NONE', *, *, #3297, .T. ) ;
#4872 = CARTESIAN_POINT ( 'NONE',  ( 13.49999999999994671, 5.400000000000000355, -25.08268590217987537 ) ) ;
#4873 = VECTOR ( 'NONE', #2184, 1000.000000000000000 ) ;
#4874 = VECTOR ( 'NONE', #3897, 1000.000000000000000 ) ;
#4875 = VECTOR ( 'NONE', #1008, 1000.000000000000114 ) ;
#4876 = ADVANCED_FACE ( 'NONE', ( #5155 ), #2032, .T. ) ;
#4877 = ORIENTED_EDGE ( 'NONE', *, *, #4526, .T. ) ;
#4878 = DIRECTION ( 'NONE',  ( -0.000000000000000000, -1.000000000000000000, -0.000000000000000000 ) ) ;
#4879 = DIRECTION ( 'NONE',  ( -0.8660254037844383745, 0.000000000000000000, 0.5000000000000003331 ) ) ;
#4880 = EDGE_CURVE ( 'NONE', #3773, #1410, #3111, .T. ) ;
#4881 = CARTESIAN_POINT ( 'NONE',  ( -40.78341924626905524, 48.80000000000006111, -22.00000000000018474 ) ) ;
#4882 = EDGE_CURVE ( 'NONE', #633, #451, #2618, .T. ) ;
#4883 = DIRECTION ( 'NONE',  ( -9.103828801926283631E-15, 0.000000000000000000, -1.000000000000000000 ) ) ;
#4884 = VECTOR ( 'NONE', #4444, 1000.000000000000114 ) ;
#4885 = LINE ( 'NONE', #1361, #3397 ) ;
#4886 = CARTESIAN_POINT ( 'NONE',  ( -39.16683849253811189, 46.00000000000005684, -25.60000000000017550 ) ) ;
#4887 = VECTOR ( 'NONE', #3074, 1000.000000000000000 ) ;
#4888 = DIRECTION ( 'NONE',  ( -0.000000000000000000, -1.000000000000000000, -0.000000000000000000 ) ) ;
#4889 = VECTOR ( 'NONE', #5104, 1000.000000000000000 ) ;
#4890 = LINE ( 'NONE', #1656, #2903 ) ;
#4891 = EDGE_LOOP ( 'NONE', ( #325, #2244, #4599, #5011, #3458, #2159 ) ) ;
#4892 = CIRCLE ( 'NONE', #309, 1.799999999999989164 ) ;
#4893 = VECTOR ( 'NONE', #1356, 1000.000000000000000 ) ;
#4894 = CARTESIAN_POINT ( 'NONE',  ( 5.350000000000084910, 8.000000000000000000, 9.266471820493421774 ) ) ;
#4895 = FACE_OUTER_BOUND ( 'NONE', #1877, .T. ) ;
#4896 = ORIENTED_EDGE ( 'NONE', *, *, #3208, .T. ) ;
#4897 = AXIS2_PLACEMENT_3D ( 'NONE', #179, #4878, #3358 ) ;
#4898 = ORIENTED_EDGE ( 'NONE', *, *, #2720, .F. ) ;
#4899 = LINE ( 'NONE', #4425, #2227 ) ;
#4900 = VECTOR ( 'NONE', #1188, 1000.000000000000000 ) ;
#4901 = CIRCLE ( 'NONE', #2652, 1.700000000000000178 ) ;
#4902 = LINE ( 'NONE', #2768, #402 ) ;
#4903 = ORIENTED_EDGE ( 'NONE', *, *, #1169, .T. ) ;
#4904 = VECTOR ( 'NONE', #510, 1000.000000000000000 ) ;
#4906 = ORIENTED_EDGE ( 'NONE', *, *, #2720, .T. ) ;
#4905 = AXIS2_PLACEMENT_3D ( 'NONE', #4628, #1350, #4582 ) ;
#4907 = CARTESIAN_POINT ( 'NONE',  ( -15.50000000000000355, 0.000000000000000000, -15.50000000000000178 ) ) ;
#4908 = ORIENTED_EDGE ( 'NONE', *, *, #87, .T. ) ;
#4909 = DIRECTION ( 'NONE',  ( 0.000000000000000000, 1.000000000000000000, 0.000000000000000000 ) ) ;
#4910 = DIRECTION ( 'NONE',  ( -0.000000000000000000, -1.000000000000000000, -0.000000000000000000 ) ) ;
#4911 = CARTESIAN_POINT ( 'NONE',  ( -30.16017429317980358, 19.20000000000012719, -25.60000000000007958 ) ) ;
#4912 = FACE_BOUND ( 'NONE', #2568, .T. ) ;
#4913 = CARTESIAN_POINT ( 'NONE',  ( 10.69999999999994245, 10.24040027717669687, -24.99926665591081942 ) ) ;
#4914 = FACE_OUTER_BOUND ( 'NONE', #1467, .T. ) ;
#4915 = EDGE_CURVE ( 'NONE', #1584, #2765, #4834, .T. ) ;
#4916 = ADVANCED_FACE ( 'NONE', ( #4781 ), #425, .F. ) ;
#4917 = EDGE_CURVE ( 'NONE', #1523, #4084, #3135, .T. ) ;
#4918 = CARTESIAN_POINT ( 'NONE',  ( -57.89999999999999858, 16.29999999999999005, -30.00000000000007105 ) ) ;
#4919 = CARTESIAN_POINT ( 'NONE',  ( -57.90000000000000568, 45.50000000000000711, -30.00000000000017764 ) ) ;
#4920 = EDGE_LOOP ( 'NONE', ( #2687, #5142, #3222, #4779 ) ) ;
#4921 = CARTESIAN_POINT ( 'NONE',  ( -27.00000000000000000, 5.400000000000000355, -3.233161507461902673 ) ) ;
#4922 = EDGE_CURVE ( 'NONE', #3201, #389, #1159, .T. ) ;
#4923 = CARTESIAN_POINT ( 'NONE',  ( 27.00000000000000000, 5.400000000000000355, 3.233161507461902673 ) ) ;
#4924 = ORIENTED_EDGE ( 'NONE', *, *, #1758, .F. ) ;
#4925 = LINE ( 'NONE', #4187, #3064 ) ;
#4926 = CARTESIAN_POINT ( 'NONE',  ( 0.000000000000000000, 5.400000000000000355, 0.000000000000000000 ) ) ;
#4927 = ORIENTED_EDGE ( 'NONE', *, *, #2908, .F. ) ;
#4928 = EDGE_CURVE ( 'NONE', #1920, #389, #398, .T. ) ;
#4929 = ORIENTED_EDGE ( 'NONE', *, *, #1357, .T. ) ;
#4930 = CARTESIAN_POINT ( 'NONE',  ( -27.00000000000000000, 5.400000000000000355, 0.000000000000000000 ) ) ;
#4931 = ADVANCED_FACE ( 'NONE', ( #1959 ), #345, .F. ) ;
#4932 = EDGE_CURVE ( 'NONE', #371, #1194, #11, .T. ) ;
#4933 = EDGE_LOOP ( 'NONE', ( #2748, #1043, #615, #4141 ) ) ;
#4934 = CARTESIAN_POINT ( 'NONE',  ( 29.80000000000000071, 8.000000000000000000, 1.616580753730949116 ) ) ;
#4935 = DIRECTION ( 'NONE',  ( 0.000000000000000000, 0.000000000000000000, 1.000000000000000000 ) ) ;
#4936 = LINE ( 'NONE', #925, #1288 ) ;
#4937 = ADVANCED_FACE ( 'NONE', ( #1204 ), #2431, .F. ) ;
#4938 = DIRECTION ( 'NONE',  ( 0.000000000000000000, -1.000000000000000000, 3.386180225106570465E-15 ) ) ;
#4939 = DIRECTION ( 'NONE',  ( -1.254552017826427048E-14, 0.000000000000000000, -1.000000000000000000 ) ) ;
#4940 = DIRECTION ( 'NONE',  ( -0.7071067811865460184, 0.000000000000000000, -0.7071067811865490160 ) ) ;
#4941 = CARTESIAN_POINT ( 'NONE',  ( -39.16683849253810479, 14.00000000000001421, -25.60000000000006537 ) ) ;
#4942 = CARTESIAN_POINT ( 'NONE',  ( -27.00000000000000000, 0.000000000000000000, 0.000000000000000000 ) ) ;
#4943 = EDGE_LOOP ( 'NONE', ( #468, #1442, #670, #2912 ) ) ;
#4944 = CARTESIAN_POINT ( 'NONE',  ( -28.54359353944907696, 39.70000000000017337, -30.00000000000040501 ) ) ;
#4945 = CARTESIAN_POINT ( 'NONE',  ( 13.50000000000023981, 60.00000000000002842, 20.14952439471778334 ) ) ;
#4946 = EDGE_LOOP ( 'NONE', ( #459, #4686, #4278, #4699 ) ) ;
#4947 = FACE_BOUND ( 'NONE', #4850, .T. ) ;
#4948 = DIRECTION ( 'NONE',  ( -0.8660254037844397068, 0.000000000000000000, -0.4999999999999979461 ) ) ;
#4949 = EDGE_LOOP ( 'NONE', ( #2067, #5018, #4271, #824, #3435, #4452, #3258, #2523 ) ) ;
#4950 = ADVANCED_FACE ( 'NONE', ( #4809 ), #4019, .F. ) ;
#4951 = ORIENTED_EDGE ( 'NONE', *, *, #673, .T. ) ;
#4952 = FACE_OUTER_BOUND ( 'NONE', #4697, .T. ) ;
#4953 = ORIENTED_EDGE ( 'NONE', *, *, #420, .F. ) ;
#4954 = VECTOR ( 'NONE', #2648, 1000.000000000000000 ) ;
#4955 = ORIENTED_EDGE ( 'NONE', *, *, #4431, .F. ) ;
#4956 = DIRECTION ( 'NONE',  ( 0.7071067811865461294, 0.000000000000000000, 0.7071067811865489050 ) ) ;
#4957 = LINE ( 'NONE', #2137, #3309 ) ;
#4958 = LINE ( 'NONE', #971, #3868 ) ;
#4959 = DIRECTION ( 'NONE',  ( 0.000000000000000000, -1.000000000000000000, 3.758567531283081775E-15 ) ) ;
#4960 = AXIS2_PLACEMENT_3D ( 'NONE', #2139, #4121, #3735 ) ;
#4961 = DIRECTION ( 'NONE',  ( -0.000000000000000000, -1.000000000000000000, -0.000000000000000000 ) ) ;
#4963 = CARTESIAN_POINT ( 'NONE',  ( -13.50000000000011013, 5.400000000000000355, -23.38268590217978726 ) ) ;
#4962 = VECTOR ( 'NONE', #735, 1000.000000000000000 ) ;
#4964 = DIRECTION ( 'NONE',  ( -0.5000000000000034417, 0.8660254037844367092, -3.219245568722465410E-15 ) ) ;
#4965 = VECTOR ( 'NONE', #3739, 1000.000000000000114 ) ;
#4966 = DIRECTION ( 'NONE',  ( 0.000000000000000000, -1.000000000000000000, -0.000000000000000000 ) ) ;
#4967 = ORIENTED_EDGE ( 'NONE', *, *, #754, .T. ) ;
#4968 = VECTOR ( 'NONE', #3327, 1000.000000000000114 ) ;
#4969 = CARTESIAN_POINT ( 'NONE',  ( 13.50000000000027178, 0.000000000000000000, 23.38268590217968423 ) ) ;
#4970 = DIRECTION ( 'NONE',  ( 1.000000000000000000, 1.998401444325287295E-15, 2.146163712482384364E-16 ) ) ;
#4971 = VECTOR ( 'NONE', #1322, 1000.000000000000000 ) ;
#4972 = EDGE_CURVE ( 'NONE', #999, #2198, #2327, .T. ) ;
#4973 = DIRECTION ( 'NONE',  ( 0.000000000000000000, 1.000000000000000000, 0.000000000000000000 ) ) ;
#4974 = VECTOR ( 'NONE', #3414, 1000.000000000000000 ) ;
#4975 = VECTOR ( 'NONE', #3246, 1000.000000000000000 ) ;
#4976 = CARTESIAN_POINT ( 'NONE',  ( 13.50000000000023981, 5.400000000000000355, 20.14952439471778334 ) ) ;
#4977 = EDGE_LOOP ( 'NONE', ( #3957, #2124, #2071, #4549, #1669, #4648 ) ) ;
#4978 = EDGE_CURVE ( 'NONE', #953, #2255, #4437, .T. ) ;
#4979 = EDGE_CURVE ( 'NONE', #3978, #501, #2109, .T. ) ;
#4980 = ADVANCED_FACE ( 'NONE', ( #2065 ), #136, .F. ) ;
#4981 = ORIENTED_EDGE ( 'NONE', *, *, #5095, .F. ) ;
#4983 = FACE_OUTER_BOUND ( 'NONE', #2495, .T. ) ;
#4982 = VECTOR ( 'NONE', #3263, 1000.000000000000000 ) ;
#4984 = ORIENTED_EDGE ( 'NONE', *, *, #3313, .F. ) ;
#4985 = CIRCLE ( 'NONE', #2737, 1.799999999999989164 ) ;
#4986 = CIRCLE ( 'NONE', #2738, 1.700000000000000178 ) ;
#4987 = VERTEX_POINT ( 'NONE', #4539 ) ;
#4988 = FACE_OUTER_BOUND ( 'NONE', #3017, .T. ) ;
#4989 = DIRECTION ( 'NONE',  ( 0.000000000000000000, 0.000000000000000000, 1.000000000000000000 ) ) ;
#4990 = ORIENTED_EDGE ( 'NONE', *, *, #3828, .F. ) ;
#4991 = CARTESIAN_POINT ( 'NONE',  ( -15.50000000000000000, 0.000000000000000000, 12.13999999999999879 ) ) ;
#4992 = CARTESIAN_POINT ( 'NONE',  ( 15.50000000000000000, 0.000000000000000000, 12.13999999999999702 ) ) ;
#4993 = DIRECTION ( 'NONE',  ( 0.8660254037844387076, 0.000000000000000000, -0.4999999999999998335 ) ) ;
#4994 = CARTESIAN_POINT ( 'NONE',  ( 0.000000000000000000, 5.400000000000000355, 0.000000000000000000 ) ) ;
#4995 = DIRECTION ( 'NONE',  ( 0.5000000000000034417, -0.8660254037844367092, 0.000000000000000000 ) ) ;
#4996 = VERTEX_POINT ( 'NONE', #2085 ) ;
#4997 = ADVANCED_FACE ( 'NONE', ( #552, #4154, #529, #4912, #972, #1694, #1336, #2928, #4493, #3287, #4515, #3363 ), #2560, .T. ) ;
#4998 = DIRECTION ( 'NONE',  ( 0.000000000000000000, 1.000000000000000000, -0.000000000000000000 ) ) ;
#4999 = LINE ( 'NONE', #982, #3127 ) ;
#5000 = CARTESIAN_POINT ( 'NONE',  ( -57.87298721428201986, 40.80000000000001137, -22.00000000000015987 ) ) ;
#5001 = EDGE_CURVE ( 'NONE', #176, #3171, #2164, .T. ) ;
#5002 = DIRECTION ( 'NONE',  ( -0.8660254037844397068, 0.000000000000000000, -0.4999999999999979461 ) ) ;
#5003 = LINE ( 'NONE', #1426, #634 ) ;
#5004 = ORIENTED_EDGE ( 'NONE', *, *, #418, .F. ) ;
#5005 = EDGE_CURVE ( 'NONE', #4450, #4439, #2507, .T. ) ;
#5006 = ORIENTED_EDGE ( 'NONE', *, *, #1500, .F. ) ;
#5007 = ORIENTED_EDGE ( 'NONE', *, *, #4915, .F. ) ;
#5008 = ORIENTED_EDGE ( 'NONE', *, *, #4096, .T. ) ;
#5009 = FACE_OUTER_BOUND ( 'NONE', #3870, .T. ) ;
#5010 = DIRECTION ( 'NONE',  ( -0.000000000000000000, -3.221629312528199387E-15, -1.000000000000000000 ) ) ;
#5011 = ORIENTED_EDGE ( 'NONE', *, *, #760, .F. ) ;
#5012 = CARTESIAN_POINT ( 'NONE',  ( 0.000000000000000000, 0.000000000000000000, 0.000000000000000000 ) ) ;
#5013 = CARTESIAN_POINT ( 'NONE',  ( -26.92701278571790624, 19.20000000000015916, -25.60000000000007958 ) ) ;
#5014 = LINE ( 'NONE', #4199, #649 ) ;
#5015 = DIRECTION ( 'NONE',  ( 0.7071067811865461294, 0.000000000000000000, 0.7071067811865489050 ) ) ;
#5016 = DIRECTION ( 'NONE',  ( 0.000000000000000000, 0.000000000000000000, -1.000000000000000000 ) ) ;
#5017 = FACE_OUTER_BOUND ( 'NONE', #1852, .T. ) ;
#5018 = ORIENTED_EDGE ( 'NONE', *, *, #1359, .T. ) ;
#5019 = CARTESIAN_POINT ( 'NONE',  ( -13.50000000000011013, 5.400000000000000355, -21.68268590217978797 ) ) ;
#5020 = CARTESIAN_POINT ( 'NONE',  ( -57.87298721428198434, 24.79999999999994742, -22.00000000000010303 ) ) ;
#5021 = CARTESIAN_POINT ( 'NONE',  ( -45.63316150746191369, 46.00000000000003553, -25.60000000000017550 ) ) ;
#5022 = DIRECTION ( 'NONE',  ( 0.000000000000000000, 1.000000000000000000, 0.000000000000000000 ) ) ;
#5023 = EDGE_LOOP ( 'NONE', ( #300, #2444 ) ) ;
#5024 = ADVANCED_FACE ( 'NONE', ( #3656 ), #3755, .F. ) ;
#5025 = CARTESIAN_POINT ( 'NONE',  ( -28.54359353944907696, 38.00000000000018474, -25.60000000000014708 ) ) ;
#5026 = ORIENTED_EDGE ( 'NONE', *, *, #4657, .T. ) ;
#5027 = EDGE_CURVE ( 'NONE', #80, #1621, #2530, .T. ) ;
#5028 = VERTEX_POINT ( 'NONE', #2453 ) ;
#5029 = EDGE_LOOP ( 'NONE', ( #3751, #3854, #5092, #4423 ) ) ;
#5030 = ORIENTED_EDGE ( 'NONE', *, *, #1524, .T. ) ;
#5031 = DIRECTION ( 'NONE',  ( -7.617846651086544702E-17, 3.552713678800500929E-15, 1.000000000000000000 ) ) ;
#5032 = DIRECTION ( 'NONE',  ( -0.000000000000000000, -1.000000000000000000, -0.000000000000000000 ) ) ;
#5033 = VERTEX_POINT ( 'NONE', #1360 ) ;
#5034 = LINE ( 'NONE', #264, #464 ) ;
#5035 = CARTESIAN_POINT ( 'NONE',  ( 16.29999999999995097, 8.000000000000000000, -21.76610514844893274 ) ) ;
#5036 = DIRECTION ( 'NONE',  ( 0.8660254037844328234, 0.000000000000000000, -0.5000000000000101030 ) ) ;
#5037 = VECTOR ( 'NONE', #1623, 1000.000000000000000 ) ;
#5038 = EDGE_CURVE ( 'NONE', #3110, #2018, #1706, .T. ) ;
#5039 = EDGE_CURVE ( 'NONE', #2030, #5151, #1291, .T. ) ;
#5040 = PLANE ( 'NONE',  #2971 ) ;
#5041 = ORIENTED_EDGE ( 'NONE', *, *, #3828, .T. ) ;
#5042 = ADVANCED_FACE ( 'NONE', ( #1311 ), #88, .F. ) ;
#5043 = CARTESIAN_POINT ( 'NONE',  ( -56.25640646055104099, 37.99999999999999289, -25.60000000000014708 ) ) ;
#5044 = ORIENTED_EDGE ( 'NONE', *, *, #1054, .F. ) ;
#5045 = EDGE_CURVE ( 'NONE', #3177, #3688, #2905, .T. ) ;
#5046 = VECTOR ( 'NONE', #2976, 1000.000000000000000 ) ;
#5047 = FACE_OUTER_BOUND ( 'NONE', #1687, .T. ) ;
#5048 = VECTOR ( 'NONE', #3446, 1000.000000000000114 ) ;
#5049 = DIRECTION ( 'NONE',  ( 0.000000000000000000, 1.000000000000000000, -0.000000000000000000 ) ) ;
#5050 = FACE_OUTER_BOUND ( 'NONE', #423, .T. ) ;
#5051 = AXIS2_PLACEMENT_3D ( 'NONE', #269, #4757, #3132 ) ;
#5052 = DIRECTION ( 'NONE',  ( -0.000000000000000000, -1.000000000000000000, -0.000000000000000000 ) ) ;
#5053 = FACE_OUTER_BOUND ( 'NONE', #3851, .T. ) ;
#5054 = ORIENTED_EDGE ( 'NONE', *, *, #3608, .T. ) ;
#5055 = VECTOR ( 'NONE', #1682, 1000.000000000000114 ) ;
#5056 = AXIS2_PLACEMENT_3D ( 'NONE', #177, #1377, #2967 ) ;
#5057 = ORIENTED_EDGE ( 'NONE', *, *, #185, .F. ) ;
#5058 = VECTOR ( 'NONE', #4338, 1000.000000000000000 ) ;
#5059 = VECTOR ( 'NONE', #4841, 1000.000000000000000 ) ;
#5060 = EDGE_LOOP ( 'NONE', ( #3502, #2634, #4055, #50 ) ) ;
#5061 = EDGE_CURVE ( 'NONE', #4584, #4987, #3039, .T. ) ;
#5062 = EDGE_CURVE ( 'NONE', #5128, #2751, #897, .T. ) ;
#5063 = AXIS2_PLACEMENT_3D ( 'NONE', #2556, #1411, #969 ) ;
#5064 = ORIENTED_EDGE ( 'NONE', *, *, #2854, .T. ) ;
#5065 = DIRECTION ( 'NONE',  ( 0.000000000000000000, 3.445107828157266365E-15, 1.000000000000000000 ) ) ;
#5066 = EDGE_LOOP ( 'NONE', ( #849, #3841, #1897, #674, #2679 ) ) ;
#5067 = DIRECTION ( 'NONE',  ( 1.000000000000000000, 0.000000000000000000, 0.000000000000000000 ) ) ;
#5068 = AXIS2_PLACEMENT_3D ( 'NONE', #2959, #1939, #794 ) ;
#5070 = VECTOR ( 'NONE', #4693, 1000.000000000000114 ) ;
#5069 = DIRECTION ( 'NONE',  ( -0.000000000000000000, -1.000000000000000000, 0.000000000000000000 ) ) ;
#5071 = PLANE ( 'NONE',  #2461 ) ;
#5072 = DIRECTION ( 'NONE',  ( 1.000000000000000000, 0.000000000000000000, 6.671245638583922968E-16 ) ) ;
#5073 = ORIENTED_EDGE ( 'NONE', *, *, #4075, .T. ) ;
#5074 = VECTOR ( 'NONE', #3796, 1000.000000000000000 ) ;
#5075 = FACE_BOUND ( 'NONE', #3471, .T. ) ;
#5076 = ORIENTED_EDGE ( 'NONE', *, *, #2600, .T. ) ;
#5077 = LINE ( 'NONE', #1495, #1789 ) ;
#5078 = ADVANCED_FACE ( 'NONE', ( #1437 ), #4198, .F. ) ;
#5079 = CARTESIAN_POINT ( 'NONE',  ( -57.87298721428201276, 35.19999999999999574, -25.60000000000013642 ) ) ;
#5080 = EDGE_CURVE ( 'NONE', #2969, #2751, #5034, .T. ) ;
#5081 = DIRECTION ( 'NONE',  ( -0.4999999999999919509, -0.8660254037844432595, -0.000000000000000000 ) ) ;
#5082 = EDGE_CURVE ( 'NONE', #3907, #3428, #4122, .T. ) ;
#5083 = CARTESIAN_POINT ( 'NONE',  ( -5.350000000000020961, 8.000000000000000000, -9.266471820493462630 ) ) ;
#5084 = LINE ( 'NONE', #1552, #2470 ) ;
#5085 = EDGE_LOOP ( 'NONE', ( #2157, #4871 ) ) ;
#5086 = EDGE_LOOP ( 'NONE', ( #2537, #2722, #2234, #1738 ) ) ;
#5087 = EDGE_CURVE ( 'NONE', #1492, #4836, #680, .T. ) ;
#5088 = EDGE_LOOP ( 'NONE', ( #2661, #4507, #178, #4742 ) ) ;
#5089 = EDGE_CURVE ( 'NONE', #3696, #2077, #3788, .T. ) ;
#5090 = EDGE_LOOP ( 'NONE', ( #3301, #1863, #653, #1887 ) ) ;
#5091 = CARTESIAN_POINT ( 'NONE',  ( -13.50000000000012967, 60.00000000000002842, -26.61584740964168816 ) ) ;
#5092 = ORIENTED_EDGE ( 'NONE', *, *, #4209, .F. ) ;
#5093 = DIRECTION ( 'NONE',  ( 0.000000000000000000, 0.000000000000000000, 1.000000000000000000 ) ) ;
#5094 = DIRECTION ( 'NONE',  ( 0.000000000000000000, -3.552713678800500929E-15, -1.000000000000000000 ) ) ;
#5095 = EDGE_CURVE ( 'NONE', #4578, #1171, #1024, .T. ) ;
#5096 = CARTESIAN_POINT ( 'NONE',  ( 21.21320343559646915, 0.000000000000000000, -21.21320343559638033 ) ) ;
#5097 = EDGE_CURVE ( 'NONE', #3773, #1562, #602, .T. ) ;
#5098 = DIRECTION ( 'NONE',  ( 1.254552017826427048E-14, 0.000000000000000000, 1.000000000000000000 ) ) ;
#5099 = ORIENTED_EDGE ( 'NONE', *, *, #2964, .T. ) ;
#5100 = DIRECTION ( 'NONE',  ( -0.8660254037844363761, 0.000000000000000000, 0.5000000000000039968 ) ) ;
#5101 = ORIENTED_EDGE ( 'NONE', *, *, #2832, .T. ) ;
#5102 = DIRECTION ( 'NONE',  ( 0.8660254037844390407, 0.000000000000000000, 0.4999999999999991673 ) ) ;
#5103 = DIRECTION ( 'NONE',  ( 0.000000000000000000, 1.000000000000000000, -4.081702296416015997E-15 ) ) ;
#5104 = DIRECTION ( 'NONE',  ( -1.073081856240826471E-15, 0.000000000000000000, 1.000000000000000000 ) ) ;
#5105 = DIRECTION ( 'NONE',  ( -0.5000000000000039968, 0.8660254037844363761, -3.004629197474243121E-15 ) ) ;
#5106 = EDGE_CURVE ( 'NONE', #729, #2269, #2710, .T. ) ;
#5107 = DIRECTION ( 'NONE',  ( -0.000000000000000000, -1.000000000000000000, -0.000000000000000000 ) ) ;
#5108 = ORIENTED_EDGE ( 'NONE', *, *, #301, .F. ) ;
#5109 = ORIENTED_EDGE ( 'NONE', *, *, #3568, .T. ) ;
#5110 = ORIENTED_EDGE ( 'NONE', *, *, #3012, .T. ) ;
#5111 = EDGE_CURVE ( 'NONE', #1174, #2363, #3487, .T. ) ;
#5112 = ORIENTED_EDGE ( 'NONE', *, *, #580, .T. ) ;
#5113 = FACE_BOUND ( 'NONE', #2784, .T. ) ;
#5114 = ORIENTED_EDGE ( 'NONE', *, *, #3255, .T. ) ;
#5115 = COORDINATED_UNIVERSAL_TIME_OFFSET ( 8, 0, .AHEAD. ) ;
#5116 = CARTESIAN_POINT ( 'NONE',  ( -25.31043203198716185, 38.00000000000024158, -25.60000000000014708 ) ) ;
#5117 = DIRECTION ( 'NONE',  ( 0.000000000000000000, -1.000000000000000000, 0.000000000000000000 ) ) ;
#5118 = CARTESIAN_POINT ( 'NONE',  ( -16.29999999999998295, 8.000000000000000000, 8.957834474188068226E-14 ) ) ;
#5119 = DIRECTION ( 'NONE',  ( 0.000000000000000000, 3.345538132240890616E-15, 1.000000000000000000 ) ) ;
#5120 = VERTEX_POINT ( 'NONE', #1001 ) ;
#5121 = LINE ( 'NONE', #1911, #3119 ) ;
#5122 = ORIENTED_EDGE ( 'NONE', *, *, #246, .F. ) ;
#5123 = DIRECTION ( 'NONE',  ( -1.102003339948843381E-16, 3.445107828157265971E-15, 1.000000000000000000 ) ) ;
#5124 = CARTESIAN_POINT ( 'NONE',  ( -54.82640687119288714, 8.000000000000000000, -22.00000000000000711 ) ) ;
#5125 = CARTESIAN_POINT ( 'NONE',  ( 10.69999999999994778, 5.400000000000000355, -21.76610514844892208 ) ) ;
#5126 = AXIS2_PLACEMENT_3D ( 'NONE', #4573, #3076, #4642 ) ;
#5127 = CARTESIAN_POINT ( 'NONE',  ( 15.50000000000000000, 0.000000000000000000, 18.86000000000000298 ) ) ;
#5128 = VERTEX_POINT ( 'NONE', #5013 ) ;
#5129 = CARTESIAN_POINT ( 'NONE',  ( -27.00000000000000000, 0.000000000000000000, -1.700000000000000178 ) ) ;
#5130 = ORIENTED_EDGE ( 'NONE', *, *, #444, .T. ) ;
#5131 = AXIS2_PLACEMENT_3D ( 'NONE', #1957, #2346, #3938 ) ;
#5132 = VECTOR ( 'NONE', #1702, 1000.000000000000000 ) ;
#5133 = ORIENTED_EDGE ( 'NONE', *, *, #3568, .F. ) ;
#5134 = CARTESIAN_POINT ( 'NONE',  ( -28.54359353944907696, 38.00000000000018474, -25.60000000000014708 ) ) ;
#5135 = AXIS2_PLACEMENT_3D ( 'NONE', #2559, #207, #2585 ) ;
#5136 = VECTOR ( 'NONE', #4232, 1000.000000000000114 ) ;
#5137 = EDGE_CURVE ( 'NONE', #3197, #2030, #1835, .T. ) ;
#5138 = ORIENTED_EDGE ( 'NONE', *, *, #2355, .F. ) ;
#5139 = EDGE_CURVE ( 'NONE', #3117, #306, #4369, .T. ) ;
#5140 = CIRCLE ( 'NONE', #1807, 29.99999999999998934 ) ;
#5141 = VECTOR ( 'NONE', #2019, 1000.000000000000000 ) ;
#5142 = ORIENTED_EDGE ( 'NONE', *, *, #4840, .F. ) ;
#5144 = LINE ( 'NONE', #3121, #4718 ) ;
#5143 = VECTOR ( 'NONE', #3513, 1000.000000000000000 ) ;
#5145 = ORIENTED_EDGE ( 'NONE', *, *, #3449, .F. ) ;
#5146 = CARTESIAN_POINT ( 'NONE',  ( -31.77675504691080022, 22.00000000000012079, -25.60000000000009024 ) ) ;
#5148 = DIRECTION ( 'NONE',  ( 0.000000000000000000, -1.000000000000000000, 0.000000000000000000 ) ) ;
#5147 = VECTOR ( 'NONE', #237, 1000.000000000000000 ) ;
#5149 = CARTESIAN_POINT ( 'NONE',  ( -42.40000000000000568, 30.00000000000001066, -30.00000000000030198 ) ) ;
#5150 = DIRECTION ( 'NONE',  ( 0.000000000000000000, 0.000000000000000000, -1.000000000000000000 ) ) ;
#5151 = VERTEX_POINT ( 'NONE', #3391 ) ;
#5152 = LINE ( 'NONE', #4256, #546 ) ;
#5153 = AXIS2_PLACEMENT_3D ( 'NONE', #4825, #2097, #119 ) ;
#5154 = VECTOR ( 'NONE', #3702, 1000.000000000000000 ) ;
#5155 = FACE_OUTER_BOUND ( 'NONE', #3379, .T. ) ;
#5156 = CARTESIAN_POINT ( 'NONE',  ( -40.78341924626906234, 43.20000000000004547, -25.60000000000016485 ) ) ;
#5157 = ORIENTED_EDGE ( 'NONE', *, *, #4932, .T. ) ;
#5158 = DIRECTION ( 'NONE',  ( -0.5000000000000101030, 0.8660254037844328234, 0.000000000000000000 ) ) ;
#5159 = AXIS2_PLACEMENT_3D ( 'NONE', #2856, #1245, #1603 ) ;
#5160 = EDGE_CURVE ( 'NONE', #3462, #5, #3417, .T. ) ;
#5161 = AXIS2_PLACEMENT_3D ( 'NONE', #4166, #228, #1791 ) ;
#5162 = DIRECTION ( 'NONE',  ( -1.000000000000000000, 0.000000000000000000, 0.000000000000000000 ) ) ;
#5163 = ORIENTED_EDGE ( 'NONE', *, *, #5089, .F. ) ;
#5164 = EDGE_CURVE ( 'NONE', #3357, #2100, #1808, .T. ) ;
#5165 = DIRECTION ( 'NONE',  ( 0.8660254037844432595, 0.000000000000000000, 0.4999999999999919509 ) ) ;
#5166 = ORIENTED_EDGE ( 'NONE', *, *, #1826, .F. ) ;
#5167 = ORIENTED_EDGE ( 'NONE', *, *, #129, .T. ) ;
ENDSEC;
END-ISO-10303-21;
