ISO-10303-21;
HEADER;
FILE_DESCRIPTION (( 'STEP AP203' ),
    '1' );
FILE_NAME ('PenTip.STEP',
    '2026-02-26T13:27:39',
    ( '' ),
    ( '' ),
    'SwSTEP 2.0',
    'SolidWorks 2024',
    '' );
FILE_SCHEMA (( 'CONFIG_CONTROL_DESIGN' ));
ENDSEC;

DATA;
#1 = CARTESIAN_POINT ( 'NONE',  ( -9.749969905640170964, 7.692509084840742695, 0.1140092280499701849 ) ) ;
#2 = FACE_BOUND ( 'NONE', #3, .T. ) ;
#3 = EDGE_LOOP ( 'NONE', ( #260, #205 ) ) ;
#4 = CARTESIAN_POINT ( 'NONE',  ( 0.000000000000000000, 17.49999999999999645, 0.000000000000000000 ) ) ;
#5 = AXIS2_PLACEMENT_3D ( 'NONE', #1523, #328, #1037 ) ;
#6 = ORIENTED_EDGE ( 'NONE', *, *, #605, .T. ) ;
#7 = CARTESIAN_POINT ( 'NONE',  ( -10.21710278810010664, 7.241733136071744958, -1.691362643126078424 ) ) ;
#8 = AXIS2_PLACEMENT_3D ( 'NONE', #977, #1456, #1221 ) ;
#9 = EDGE_CURVE ( 'NONE', #1387, #622, #177, .T. ) ;
#10 = DIRECTION ( 'NONE',  ( 0.000000000000000000, 0.000000000000000000, 1.000000000000000000 ) ) ;
#11 = EDGE_CURVE ( 'NONE', #958, #979, #37, .T. ) ;
#12 = VERTEX_POINT ( 'NONE', #1269 ) ;
#13 = EDGE_CURVE ( 'NONE', #889, #64, #61, .T. ) ;
#14 = FACE_BOUND ( 'NONE', #537, .T. ) ;
#15 = CALENDAR_DATE ( 2026, 26, 2 ) ;
#16 = CARTESIAN_POINT ( 'NONE',  ( 12.15480027012938180, 6.017371681382718940, 3.145312331946118256 ) ) ;
#17 = ORIENTED_EDGE ( 'NONE', *, *, #1301, .T. ) ;
#18 = CARTESIAN_POINT ( 'NONE',  ( 2.143131898507868643E-15, 5.000000000000000888, 17.50000000000000000 ) ) ;
#19 = CIRCLE ( 'NONE', #168, 1.700000000000008837 ) ;
#20 = CARTESIAN_POINT ( 'NONE',  ( -6.499999999999992895, 10.00000000000004619, 8.008330249197705086 ) ) ;
#21 = ORIENTED_EDGE ( 'NONE', *, *, #523, .T. ) ;
#22 = DIRECTION ( 'NONE',  ( -0.000000000000000000, 1.000000000000000000, -0.000000000000000000 ) ) ;
#23 = CALENDAR_DATE ( 2026, 26, 2 ) ;
#24 = CARTESIAN_POINT ( 'NONE',  ( -4.995227897551955287, 5.251033085470860229, -14.14747908541059296 ) ) ;
#25 = ORIENTED_EDGE ( 'NONE', *, *, #1331, .T. ) ;
#26 = CARTESIAN_POINT ( 'NONE',  ( 4.568697726511136814, 7.672986767920042972, -8.642016337735785925 ) ) ;
#27 = CARTESIAN_POINT ( 'NONE',  ( 9.585206759639280705, 5.496378573634642883, 10.21396146206059008 ) ) ;
#28 = TOROIDAL_SURFACE ( 'NONE', #123, 17.50000000000000000, 12.49999999999999289 ) ;
#29 = ORIENTED_EDGE ( 'NONE', *, *, #1563, .F. ) ;
#30 = CARTESIAN_POINT ( 'NONE',  ( -3.353417957866305699, 6.853365503516822166, 10.42131612141714569 ) ) ;
#31 = CARTESIAN_POINT ( 'NONE',  ( 9.867989717988127296, 7.570680482587922810, -0.8968737235092353322 ) ) ;
#32 = ORIENTED_EDGE ( 'NONE', *, *, #373, .F. ) ;
#33 = CARTESIAN_POINT ( 'NONE',  ( -13.00000000000000000, 1.600000000000089129, 3.249999999999997780 ) ) ;
#34 = CC_DESIGN_PERSON_AND_ORGANIZATION_ASSIGNMENT ( #511, #965, ( #675 ) ) ;
#35 = CYLINDRICAL_SURFACE ( 'NONE', #722, 1.700000000000004396 ) ;
#36 = CIRCLE ( 'NONE', #1143, 1.699999999999998401 ) ;
#37 = LINE ( 'NONE', #883, #1271 ) ;
#38 = CARTESIAN_POINT ( 'NONE',  ( -4.804701632762602870, 5.285212545382663052, 14.03993593445681043 ) ) ;
#39 = DIRECTION ( 'NONE',  ( -0.000000000000000000, 1.000000000000000000, -0.000000000000000000 ) ) ;
#40 = EDGE_LOOP ( 'NONE', ( #228, #409, #754, #83 ) ) ;
#41 = CARTESIAN_POINT ( 'NONE',  ( 3.275388086983690883, 6.648619578622752435, -10.80702898395290390 ) ) ;
#42 = CARTESIAN_POINT ( 'NONE',  ( 6.500000000000000888, 7.271866324421687011, 8.008330249197701534 ) ) ;
#43 = AXIS2_PLACEMENT_3D ( 'NONE', #928, #1413, #1549 ) ;
#44 = EDGE_CURVE ( 'NONE', #1139, #1250, #1012, .T. ) ;
#45 = EDGE_CURVE ( 'NONE', #1305, #985, #1369, .T. ) ;
#46 = CARTESIAN_POINT ( 'NONE',  ( 4.995062721517808058, 5.251037347952706824, 14.14747665404986421 ) ) ;
#47 = CARTESIAN_POINT ( 'NONE',  ( -3.253471996871859950, 6.543933514357558323, 11.00764463075579869 ) ) ;
#48 = DIRECTION ( 'NONE',  ( 0.000000000000000000, 0.000000000000000000, 1.000000000000000000 ) ) ;
#49 = VERTEX_POINT ( 'NONE', #1390 ) ;
#50 = CARTESIAN_POINT ( 'NONE',  ( 7.285524996841444612, 6.887397109164353992, 8.098563983895164853 ) ) ;
#51 = FACE_OUTER_BOUND ( 'NONE', #1454, .T. ) ;
#52 = AXIS2_PLACEMENT_3D ( 'NONE', #544, #415, #639 ) ;
#53 = CARTESIAN_POINT ( 'NONE',  ( 5.665325076847288699, 7.578207226303597999, 8.115430408980463639 ) ) ;
#54 = CARTESIAN_POINT ( 'NONE',  ( 6.500000000000002665, 7.271866324421686123, -8.008330249197705086 ) ) ;
#55 = CARTESIAN_POINT ( 'NONE',  ( 6.500000000000003553, 9.999999999999955591, 14.50833024919769976 ) ) ;
#56 = EDGE_LOOP ( 'NONE', ( #530, #496, #1122, #29 ) ) ;
#57 = FACE_OUTER_BOUND ( 'NONE', #256, .T. ) ;
#58 = AXIS2_PLACEMENT_3D ( 'NONE', #1404, #320, #431 ) ;
#59 = CARTESIAN_POINT ( 'NONE',  ( 0.000000000000000000, 91.33974596215561803, -5.000000000000000888 ) ) ;
#60 = CARTESIAN_POINT ( 'NONE',  ( 6.500000000000002665, 7.271866324421686123, -8.008330249197705086 ) ) ;
#61 = B_SPLINE_CURVE_WITH_KNOTS ( 'NONE', 3,
 ( #153, #1134, #874, #551, #53, #1118, #762, #184, #526, #671, #282, #1006, #517, #1489, #663, #769, #1148, #274, #783, #1246, #68, #1240, #1126, #904, #1260, #1361, #638, #163, #46, #998, #1481, #533, #776, #396 ),
 .UNSPECIFIED., .F., .F.,
 ( 4, 2, 2, 2, 2, 2, 2, 2, 2, 2, 2, 2, 2, 2, 2, 2, 4 ),
 ( 0.01832483646500198890, 0.01899255669972611110, 0.01932641681708817394, 0.01966027693445023677, 0.02032799716917436245, 0.02099571740389848812, 0.02166343763862261379, 0.02233115787334673946, 0.02299887810807086513, 0.02366659834279499081, 0.02500203881224324215, 0.02566975904696737129, 0.02633747928169149696, 0.02700519951641562610, 0.02767291975113975178, 0.02834063998586387745, 0.02900836022058800659 ),
 .UNSPECIFIED. ) ;
#62 = DIRECTION ( 'NONE',  ( -0.000000000000000000, 1.000000000000000000, -0.000000000000000000 ) ) ;
#63 = LINE ( 'NONE', #55, #494 ) ;
#64 = VERTEX_POINT ( 'NONE', #791 ) ;
#65 = ORIENTED_EDGE ( 'NONE', *, *, #778, .F. ) ;
#66 = CARTESIAN_POINT ( 'NONE',  ( 13.20478997777092545, 5.622516054663140750, -3.249999999999438671 ) ) ;
#67 = CARTESIAN_POINT ( 'NONE',  ( -3.409996775369898536, 6.955874216896650530, -10.23156677048273089 ) ) ;
#68 = CARTESIAN_POINT ( 'NONE',  ( 3.311175250992597352, 6.051963083675712340, 12.01282175187081158 ) ) ;
#69 = CARTESIAN_POINT ( 'NONE',  ( -6.500000000000000000, 1.600000000000044054, -9.558330249197704021 ) ) ;
#70 = CARTESIAN_POINT ( 'NONE',  ( 0.000000000000000000, 5.000000000000000888, 0.000000000000000000 ) ) ;
#71 = ORIENTED_EDGE ( 'NONE', *, *, #840, .F. ) ;
#72 = DIRECTION ( 'NONE',  ( -0.000000000000000000, 1.000000000000000000, -0.000000000000000000 ) ) ;
#73 = CARTESIAN_POINT ( 'NONE',  ( -3.332201161048950588, 6.056035097151207580, -12.01294640168519656 ) ) ;
#74 = DIRECTION ( 'NONE',  ( -0.000000000000000000, 1.000000000000000000, -0.000000000000000000 ) ) ;
#75 = CARTESIAN_POINT ( 'NONE',  ( 6.500000000000003553, 9.999999999999955591, 11.25833024919770153 ) ) ;
#76 = CARTESIAN_POINT ( 'NONE',  ( 0.000000000000000000, 0.000000000000000000, -17.50000000000000000 ) ) ;
#77 = CARTESIAN_POINT ( 'NONE',  ( 6.123233995736772199E-16, 0.000000000000000000, 5.000000000000004441 ) ) ;
#78 = ADVANCED_FACE ( 'NONE', ( #413 ), #1376, .T. ) ;
#79 = CARTESIAN_POINT ( 'NONE',  ( 6.500000000000000888, -1.647987302177966740E-13, -12.95833024919771326 ) ) ;
#80 = CARTESIAN_POINT ( 'NONE',  ( 0.000000000000000000, 91.33974596215561803, 0.000000000000000000 ) ) ;
#81 = DIRECTION ( 'NONE',  ( 0.000000000000000000, 0.000000000000000000, 1.000000000000000000 ) ) ;
#82 = CARTESIAN_POINT ( 'NONE',  ( -16.14327578874016922, 5.071506939412735449, -0.8537298526179123437 ) ) ;
#83 = ORIENTED_EDGE ( 'NONE', *, *, #1180, .T. ) ;
#84 = CARTESIAN_POINT ( 'NONE',  ( 14.95625611720970838, 5.216082813842676913, 2.603942816989340603 ) ) ;
#85 = CYLINDRICAL_SURFACE ( 'NONE', #1483, 3.249999999999999556 ) ;
#86 = CARTESIAN_POINT ( 'NONE',  ( 9.686860105647776109, 5.182151390324079898, -11.93245884292114845 ) ) ;
#87 = DIRECTION ( 'NONE',  ( -0.000000000000000000, 1.000000000000000000, -0.000000000000000000 ) ) ;
#88 = EDGE_LOOP ( 'NONE', ( #1320, #1486 ) ) ;
#89 = CIRCLE ( 'NONE', #1177, 1.700000000000010614 ) ;
#90 = CARTESIAN_POINT ( 'NONE',  ( -16.25002886633895471, 5.062654715226225122, -0.2138411720947784311 ) ) ;
#91 = DIRECTION ( 'NONE',  ( -0.000000000000000000, -1.000000000000000000, -0.000000000000000000 ) ) ;
#92 = EDGE_CURVE ( 'NONE', #794, #330, #978, .T. ) ;
#93 = DIRECTION ( 'NONE',  ( 0.000000000000000000, 0.000000000000000000, 1.000000000000000000 ) ) ;
#94 = CARTESIAN_POINT ( 'NONE',  ( -6.500000000000000000, -7.459310946700270506E-14, -11.25833024919770331 ) ) ;
#95 = FACE_OUTER_BOUND ( 'NONE', #1313, .T. ) ;
#96 = ORIENTED_EDGE ( 'NONE', *, *, #1547, .T. ) ;
#97 = CARTESIAN_POINT ( 'NONE',  ( -13.00000000000000000, 1.600000000000089129, 0.000000000000000000 ) ) ;
#98 = VERTEX_POINT ( 'NONE', #1418 ) ;
#99 = DIRECTION ( 'NONE',  ( 0.000000000000000000, 0.000000000000000000, 1.000000000000000000 ) ) ;
#100 = EDGE_CURVE ( 'NONE', #985, #1145, #1524, .T. ) ;
#101 = CARTESIAN_POINT ( 'NONE',  ( 13.00000000000918376, 5.691496076382838609, -3.250000000000001332 ) ) ;
#102 = CARTESIAN_POINT ( 'NONE',  ( 13.00000000000000178, 1.599999999999908828, -3.250000000000001332 ) ) ;
#103 = ORIENTED_EDGE ( 'NONE', *, *, #1099, .F. ) ;
#104 = VECTOR ( 'NONE', #647, 1000.000000000000000 ) ;
#105 = CARTESIAN_POINT ( 'NONE',  ( -8.028095477106463207, 6.476989960811860847, 8.363370520148981413 ) ) ;
#106 = DIRECTION ( 'NONE',  ( -0.000000000000000000, -1.000000000000000000, -0.000000000000000000 ) ) ;
#107 = CIRCLE ( 'NONE', #8, 1.700000000000010614 ) ;
#108 = ORIENTED_EDGE ( 'NONE', *, *, #1330, .F. ) ;
#109 = DIRECTION ( 'NONE',  ( 0.000000000000000000, 0.000000000000000000, 1.000000000000000000 ) ) ;
#110 = CARTESIAN_POINT ( 'NONE',  ( 10.45811608794938863, 7.040279370963902217, 2.035738874081935990 ) ) ;
#111 = FACE_OUTER_BOUND ( 'NONE', #692, .T. ) ;
#112 = ORIENTED_EDGE ( 'NONE', *, *, #485, .F. ) ;
#113 = CARTESIAN_POINT ( 'NONE',  ( -6.903278461709262182, 7.093316911834747884, 8.008330249197710415 ) ) ;
#114 = PERSON_AND_ORGANIZATION_ROLE ( 'creator' ) ;
#115 = AXIS2_PLACEMENT_3D ( 'NONE', #658, #179, #187 ) ;
#116 = AXIS2_PLACEMENT_3D ( 'NONE', #1378, #640, #913 ) ;
#117 = EDGE_LOOP ( 'NONE', ( #454, #212, #25, #1227 ) ) ;
#118 = DIRECTION ( 'NONE',  ( 0.000000000000000000, 0.000000000000000000, -1.000000000000000000 ) ) ;
#119 = VECTOR ( 'NONE', #1389, 1000.000000000000227 ) ;
#120 = LINE ( 'NONE', #1335, #539 ) ;
#121 = ORIENTED_EDGE ( 'NONE', *, *, #834, .T. ) ;
#122 = CARTESIAN_POINT ( 'NONE',  ( -6.943435330587338861, 5.082838666549696960, 14.48545948128182559 ) ) ;
#123 = AXIS2_PLACEMENT_3D ( 'NONE', #4, #486, #738 ) ;
#124 = VERTEX_POINT ( 'NONE', #445 ) ;
#125 = EDGE_CURVE ( 'NONE', #1457, #351, #236, .T. ) ;
#126 = CARTESIAN_POINT ( 'NONE',  ( -9.750060525863453620, 7.692413606199895781, -0.2305824966243728569 ) ) ;
#127 = CARTESIAN_POINT ( 'NONE',  ( 6.500000000000003553, 9.999999999999955591, 11.25833024919770153 ) ) ;
#128 = VERTEX_POINT ( 'NONE', #102 ) ;
#129 = DIRECTION ( 'NONE',  ( 0.000000000000000000, 0.000000000000000000, 1.000000000000000000 ) ) ;
#130 = DIRECTION ( 'NONE',  ( -0.000000000000000000, -1.000000000000000000, -0.000000000000000000 ) ) ;
#131 = CIRCLE ( 'NONE', #1015, 3.249999999999997780 ) ;
#132 = EDGE_LOOP ( 'NONE', ( #1478, #730, #1191, #733 ) ) ;
#133 = CARTESIAN_POINT ( 'NONE',  ( 0.000000000000000000, 17.49999999999999645, 0.000000000000000000 ) ) ;
#134 = AXIS2_PLACEMENT_3D ( 'NONE', #729, #239, #10 ) ;
#135 = CARTESIAN_POINT ( 'NONE',  ( 13.00000000000975930, 5.691496076382644986, 3.249999999999997780 ) ) ;
#136 = VERTEX_POINT ( 'NONE', #311 ) ;
#137 = CARTESIAN_POINT ( 'NONE',  ( 6.500000000000000888, 9.999999999999955591, -11.25833024919770509 ) ) ;
#138 = PERSON_AND_ORGANIZATION_ROLE ( 'classification_officer' ) ;
#139 = CARTESIAN_POINT ( 'NONE',  ( 9.773818889432252632, 7.667035500984922258, -0.4534603889704731938 ) ) ;
#140 = EDGE_LOOP ( 'NONE', ( #1548, #1308, #1029, #1223 ) ) ;
#141 = CARTESIAN_POINT ( 'NONE',  ( 4.275357246447725856, 5.416964152115231634, -13.63773354215573974 ) ) ;
#142 = CIRCLE ( 'NONE', #420, 3.249999999999999556 ) ;
#143 = CARTESIAN_POINT ( 'NONE',  ( -7.291706870909226978, 6.886799455984184526, -8.081585373704845310 ) ) ;
#144 = ADVANCED_FACE ( 'NONE', ( #1277 ), #1403, .F. ) ;
#145 = FACE_OUTER_BOUND ( 'NONE', #1451, .T. ) ;
#146 = ORIENTED_EDGE ( 'NONE', *, *, #1492, .F. ) ;
#147 = CARTESIAN_POINT ( 'NONE',  ( -13.00000000000000000, 10.00000000000009059, -1.700000000000003508 ) ) ;
#148 = COORDINATED_UNIVERSAL_TIME_OFFSET ( 8, 0, .AHEAD. ) ;
#149 = CARTESIAN_POINT ( 'NONE',  ( 12.78107911219668047, 5.765235854868381971, -3.250000000000636380 ) ) ;
#150 = VERTEX_POINT ( 'NONE', #1182 ) ;
#151 = CARTESIAN_POINT ( 'NONE',  ( 6.500000000000002665, 7.271866324421686123, -8.008330249197705086 ) ) ;
#152 = CARTESIAN_POINT ( 'NONE',  ( 9.757208225647083566, 5.269310610001515016, 11.27919108187046504 ) ) ;
#153 = CARTESIAN_POINT ( 'NONE',  ( 6.500000000000000888, 7.271866324421687011, 8.008330249197701534 ) ) ;
#154 = DIRECTION ( 'NONE',  ( -0.000000000000000000, -1.000000000000000000, -0.000000000000000000 ) ) ;
#155 = DIRECTION ( 'NONE',  ( 0.000000000000000000, 0.000000000000000000, 1.000000000000000000 ) ) ;
#156 = VERTEX_POINT ( 'NONE', #1409 ) ;
#157 = CARTESIAN_POINT ( 'NONE',  ( 4.994129287522950378, 5.251188406591028368, -14.14700872434463896 ) ) ;
#158 = AXIS2_PLACEMENT_3D ( 'NONE', #999, #528, #283 ) ;
#159 = ADVANCED_FACE ( 'NONE', ( #1190 ), #643, .T. ) ;
#160 = EDGE_CURVE ( 'NONE', #12, #1139, #847, .T. ) ;
#161 = CARTESIAN_POINT ( 'NONE',  ( 6.500000000000003553, 9.999999999999955591, 8.008330249197701534 ) ) ;
#162 = AXIS2_PLACEMENT_3D ( 'NONE', #1293, #74, #1036 ) ;
#163 = CARTESIAN_POINT ( 'NONE',  ( 4.799725490648341975, 5.286246258468983328, 14.03673033335034681 ) ) ;
#164 = CARTESIAN_POINT ( 'NONE',  ( -3.262636732007632823, 6.244104616529793539, 11.60928813022298023 ) ) ;
#165 = DIRECTION ( 'NONE',  ( -0.000000000000000000, 1.000000000000000000, -0.000000000000000000 ) ) ;
#166 = ORIENTED_EDGE ( 'NONE', *, *, #661, .F. ) ;
#167 = CARTESIAN_POINT ( 'NONE',  ( -6.500000000000000000, 7.271866324421687011, -8.008330249197703310 ) ) ;
#168 = AXIS2_PLACEMENT_3D ( 'NONE', #1249, #425, #155 ) ;
#169 = DIRECTION ( 'NONE',  ( -0.000000000000000000, 1.000000000000000000, -0.000000000000000000 ) ) ;
#170 = DIRECTION ( 'NONE',  ( 0.000000000000000000, 0.000000000000000000, -1.000000000000000000 ) ) ;
#171 = CARTESIAN_POINT ( 'NONE',  ( -3.560592888107767973, 7.155949291779214683, 9.857239275598292494 ) ) ;
#172 = DIRECTION ( 'NONE',  ( -0.000000000000000000, 1.000000000000000000, -0.000000000000000000 ) ) ;
#173 = EDGE_LOOP ( 'NONE', ( #1061, #344, #1105, #487 ) ) ;
#174 = EDGE_CURVE ( 'NONE', #1305, #98, #1039, .T. ) ;
#175 = CARTESIAN_POINT ( 'NONE',  ( 6.898802816668330173, 7.086286568258037377, 8.026901975906756803 ) ) ;
#176 = CIRCLE ( 'NONE', #477, 1.699999999999996625 ) ;
#177 = LINE ( 'NONE', #388, #667 ) ;
#178 = CARTESIAN_POINT ( 'NONE',  ( -3.275172044133698890, 6.647680193673331850, 10.80882401670957726 ) ) ;
#179 = DIRECTION ( 'NONE',  ( 0.000000000000000000, -1.000000000000000000, 0.000000000000000000 ) ) ;
#180 = ORIENTED_EDGE ( 'NONE', *, *, #1229, .T. ) ;
#181 = CARTESIAN_POINT ( 'NONE',  ( 2.143131898507868248E-15, 17.49999999999999645, 17.50000000000000000 ) ) ;
#182 = VECTOR ( 'NONE', #705, 1000.000000000000000 ) ;
#183 = DIRECTION ( 'NONE',  ( -0.000000000000000000, 1.000000000000000000, -0.000000000000000000 ) ) ;
#184 = CARTESIAN_POINT ( 'NONE',  ( 5.041987810180722285, 7.694230849670190331, 8.345224954679748564 ) ) ;
#185 = AXIS2_PLACEMENT_3D ( 'NONE', #94, #1545, #941 ) ;
#186 = DIRECTION ( 'NONE',  ( -0.000000000000000000, 1.000000000000000000, -0.000000000000000000 ) ) ;
#187 = DIRECTION ( 'NONE',  ( 0.000000000000000000, -0.000000000000000000, -1.000000000000000000 ) ) ;
#188 = ORIENTED_EDGE ( 'NONE', *, *, #990, .F. ) ;
#189 = FACE_OUTER_BOUND ( 'NONE', #132, .T. ) ;
#190 = CARTESIAN_POINT ( 'NONE',  ( -6.500000000000000000, 10.00000000000004619, -11.25833024919770331 ) ) ;
#191 = DIRECTION ( 'NONE',  ( -0.000000000000000000, -1.000000000000000000, -0.000000000000000000 ) ) ;
#192 = CARTESIAN_POINT ( 'NONE',  ( -6.499999999999992895, 1.600000000000044054, 12.95833024919770082 ) ) ;
#193 =( GEOMETRIC_REPRESENTATION_CONTEXT ( 3 ) GLOBAL_UNCERTAINTY_ASSIGNED_CONTEXT ( ( #297 ) ) GLOBAL_UNIT_ASSIGNED_CONTEXT ( ( #748, #251, #353 ) ) REPRESENTATION_CONTEXT ( 'NONE', 'WORKASPACE' ) );
#194 = AXIS2_PLACEMENT_3D ( 'NONE', #1514, #685, #679 ) ;
#195 = CARTESIAN_POINT ( 'NONE',  ( -6.500000000000000000, 1.600000000000044054, -8.008330249197705086 ) ) ;
#196 = EDGE_CURVE ( 'NONE', #622, #361, #555, .T. ) ;
#197 = DIRECTION ( 'NONE',  ( 1.000000000000000000, 0.000000000000000000, -1.224646799147353207E-16 ) ) ;
#198 = B_SPLINE_CURVE_WITH_KNOTS ( 'NONE', 3,
 ( #359, #113, #1215, #105, #492, #841, #470, #1452, #1354, #867, #365, #1437, #1069, #502, #848, #982, #600, #1328, #352, #242, #971, #731, #1208, #235, #1467, #122, #861, #591 ),
 .UNSPECIFIED., .F., .F.,
 ( 4, 2, 2, 2, 2, 2, 2, 2, 2, 2, 2, 2, 2, 4 ),
 ( 0.01852661080038487881, 0.01984779030990544910, 0.02116896981942602285, 0.02249014932894659660, 0.02315073908370688521, 0.02381132883846717035, 0.02447191859322745550, 0.02513250834798774411, 0.02579309810274803272, 0.02645368785750831786, 0.02711427761226860300, 0.02777486736702889161, 0.02843545712178918022, 0.02909604687654946537 ),
 .UNSPECIFIED. ) ;
#199 = CARTESIAN_POINT ( 'NONE',  ( 6.123233995736775157E-16, 17.49999999999999645, 5.000000000000007994 ) ) ;
#200 = CARTESIAN_POINT ( 'NONE',  ( -9.484983105283193439, 5.123951427825205407, -12.56247246725460798 ) ) ;
#201 = DIRECTION ( 'NONE',  ( 0.000000000000000000, 0.000000000000000000, 1.000000000000000000 ) ) ;
#202 = CIRCLE ( 'NONE', #1188, 3.249999999999997780 ) ;
#203 = FACE_OUTER_BOUND ( 'NONE', #117, .T. ) ;
#204 = VECTOR ( 'NONE', #1516, 1000.000000000000000 ) ;
#205 = ORIENTED_EDGE ( 'NONE', *, *, #570, .F. ) ;
#206 = DIRECTION ( 'NONE',  ( 0.000000000000000000, 0.000000000000000000, -1.000000000000000000 ) ) ;
#207 = EDGE_CURVE ( 'NONE', #357, #650, #107, .T. ) ;
#208 = EDGE_CURVE ( 'NONE', #1145, #985, #515, .T. ) ;
#209 = CARTESIAN_POINT ( 'NONE',  ( -5.044582334058500983, 7.693997865188821450, -8.343981420163801843 ) ) ;
#210 = CARTESIAN_POINT ( 'NONE',  ( -6.943877329530312892, 5.079645931892602384, -14.50833024919608327 ) ) ;
#211 = FACE_OUTER_BOUND ( 'NONE', #426, .T. ) ;
#212 = ORIENTED_EDGE ( 'NONE', *, *, #543, .F. ) ;
#213 = AXIS2_PLACEMENT_3D ( 'NONE', #127, #960, #948 ) ;
#214 = CARTESIAN_POINT ( 'NONE',  ( -13.20305078539645116, 5.623101872040681570, -3.250000000000001332 ) ) ;
#215 = ADVANCED_FACE ( 'NONE', ( #356 ), #1352, .F. ) ;
#216 = CARTESIAN_POINT ( 'NONE',  ( 16.08014358021683421, 5.076929410890203442, -1.058818348287015931 ) ) ;
#217 = CARTESIAN_POINT ( 'NONE',  ( -6.500000000000000000, 7.271866324421687011, -8.008330249197703310 ) ) ;
#218 = CARTESIAN_POINT ( 'NONE',  ( -6.500000000000000000, 1.600000000000044054, -11.25833024919770331 ) ) ;
#219 = CARTESIAN_POINT ( 'NONE',  ( 0.000000000000000000, 91.33974596215561803, -5.000000000000000888 ) ) ;
#220 = ORIENTED_EDGE ( 'NONE', *, *, #919, .T. ) ;
#221 = LOCAL_TIME ( 21, 27, 39.00000000000000000, #1112 ) ;
#222 = DIRECTION ( 'NONE',  ( 0.000000000000000000, 0.000000000000000000, 1.000000000000000000 ) ) ;
#223 = EDGE_CURVE ( 'NONE', #896, #1539, #820, .T. ) ;
#224 = EDGE_LOOP ( 'NONE', ( #575, #894 ) ) ;
#225 = CARTESIAN_POINT ( 'NONE',  ( -9.756147959855134388, 7.685975708670955697, 0.2305457035790897946 ) ) ;
#226 = CARTESIAN_POINT ( 'NONE',  ( 9.749556424991650871, 7.692944732241739914, -0.2265452081971998932 ) ) ;
#227 = CARTESIAN_POINT ( 'NONE',  ( 9.730447165639724005, 5.347722531598304130, -10.84113921463203312 ) ) ;
#228 = ORIENTED_EDGE ( 'NONE', *, *, #9, .F. ) ;
#229 = DIRECTION ( 'NONE',  ( -0.000000000000000000, 1.000000000000000000, -0.000000000000000000 ) ) ;
#230 = ORIENTED_EDGE ( 'NONE', *, *, #11, .F. ) ;
#231 = CARTESIAN_POINT ( 'NONE',  ( -12.56814004962773801, 5.845074329640021382, 3.228221093257218399 ) ) ;
#232 = CARTESIAN_POINT ( 'NONE',  ( 13.00000000000000178, 1.599999999999908828, -1.680616982015363730E-15 ) ) ;
#233 = LINE ( 'NONE', #499, #1017 ) ;
#234 = EDGE_LOOP ( 'NONE', ( #953, #839 ) ) ;
#235 = CARTESIAN_POINT ( 'NONE',  ( -7.588581846013650711, 5.066460115184967528, 14.32861682704072059 ) ) ;
#236 = CIRCLE ( 'NONE', #338, 3.249999999999999556 ) ;
#237 = VERTEX_POINT ( 'NONE', #744 ) ;
#238 = FACE_BOUND ( 'NONE', #234, .T. ) ;
#239 = DIRECTION ( 'NONE',  ( -0.000000000000000000, 1.000000000000000000, -0.000000000000000000 ) ) ;
#240 = ORIENTED_EDGE ( 'NONE', *, *, #1273, .F. ) ;
#241 = ADVANCED_FACE ( 'NONE', ( #858 ), #1450, .F. ) ;
#242 = CARTESIAN_POINT ( 'NONE',  ( -8.719510792029579349, 5.068761620943704749, 13.64262488814282293 ) ) ;
#243 = PERSON_AND_ORGANIZATION_ROLE ( 'design_supplier' ) ;
#244 = AXIS2_PLACEMENT_3D ( 'NONE', #1062, #952, #1429 ) ;
#245 = CC_DESIGN_DATE_AND_TIME_ASSIGNMENT ( #1329, #1095, ( #1084 ) ) ;
#246 = ORIENTED_EDGE ( 'NONE', *, *, #1251, .T. ) ;
#247 = CARTESIAN_POINT ( 'NONE',  ( -9.774806130987396813, 7.665998594117447773, -0.4602676645164610614 ) ) ;
#248 = CARTESIAN_POINT ( 'NONE',  ( -9.695777595932847603, 5.392328834841599416, -10.62899060702440579 ) ) ;
#249 = ORIENTED_EDGE ( 'NONE', *, *, #1491, .T. ) ;
#250 = DIRECTION ( 'NONE',  ( -0.000000000000000000, 1.000000000000000000, -0.000000000000000000 ) ) ;
#251 =( NAMED_UNIT ( * ) PLANE_ANGLE_UNIT ( ) SI_UNIT ( $, .RADIAN. ) );
#252 = CIRCLE ( 'NONE', #1262, 5.000000000000000888 ) ;
#253 = ORIENTED_EDGE ( 'NONE', *, *, #45, .T. ) ;
#254 = CARTESIAN_POINT ( 'NONE',  ( -10.44210655495832363, 7.043808832265475495, 2.045678526224110616 ) ) ;
#255 = CARTESIAN_POINT ( 'NONE',  ( -8.029572393400062680, 6.476204577284869757, -8.363694509287860512 ) ) ;
#256 = EDGE_LOOP ( 'NONE', ( #810, #1232, #1357, #721 ) ) ;
#257 = LINE ( 'NONE', #610, #401 ) ;
#258 = AXIS2_PLACEMENT_3D ( 'NONE', #1160, #1030, #1294 ) ;
#259 = CARTESIAN_POINT ( 'NONE',  ( 10.58312225358751313, 6.941987112432718376, -2.182420023211471882 ) ) ;
#260 = ORIENTED_EDGE ( 'NONE', *, *, #1164, .F. ) ;
#261 = EDGE_CURVE ( 'NONE', #856, #859, #1298, .T. ) ;
#262 = CARTESIAN_POINT ( 'NONE',  ( 3.875182980594678028, 7.423070788503723705, -9.330888263883124978 ) ) ;
#263 = AXIS2_PLACEMENT_3D ( 'NONE', #662, #1005, #1117 ) ;
#264 = CARTESIAN_POINT ( 'NONE',  ( -9.686326875122507118, 5.181799555172193372, -11.93544371053756237 ) ) ;
#265 = VERTEX_POINT ( 'NONE', #1098 ) ;
#266 = DIRECTION ( 'NONE',  ( -0.000000000000000000, 1.000000000000000000, -0.000000000000000000 ) ) ;
#267 = AXIS2_PLACEMENT_3D ( 'NONE', #287, #169, #1133 ) ;
#268 = DIRECTION ( 'NONE',  ( -0.000000000000000000, 1.000000000000000000, -0.000000000000000000 ) ) ;
#269 = VERTEX_POINT ( 'NONE', #135 ) ;
#270 = CARTESIAN_POINT ( 'NONE',  ( 6.050711939488207847, 5.130111882456071193, -14.48486050412901882 ) ) ;
#271 = VECTOR ( 'NONE', #1385, 1000.000000000000000 ) ;
#272 = B_SPLINE_CURVE_WITH_KNOTS ( 'NONE', 3,
 ( #1388, #525, #761, #1239, #286, #630, #890, #1252, #293, #1480, #789, #281, #516, #1131, #1107, #412, #152, #387, #1374, #27, #508, #1011, #636, #987, #1473, #653, #540, #1495, #782, #882, #50, #175, #768, #42 ),
 .UNSPECIFIED., .F., .F.,
 ( 4, 2, 2, 2, 2, 2, 2, 2, 2, 2, 2, 2, 2, 2, 2, 2, 4 ),
 ( 0.007768802299804953432, 0.008428554435129766848, 0.009088306570454578528, 0.009748058705779393679, 0.01040781084110420883, 0.01106756297642902398, 0.01172731511175383913, 0.01238706724707865428, 0.01304681938240346770, 0.01370657151772828458, 0.01436632365305309800, 0.01502607578837791488, 0.01568582792370272830, 0.01634558005902754518, 0.01700533219435235860, 0.01766508432967717201, 0.01832483646500198890 ),
 .UNSPECIFIED. ) ;
#273 = PLANE ( 'NONE',  #263 ) ;
#274 = CARTESIAN_POINT ( 'NONE',  ( 3.274602594934639122, 6.645603067262314312, 10.81277700291922450 ) ) ;
#275 = CARTESIAN_POINT ( 'NONE',  ( -5.665480453509150749, 7.582021512854753453, 8.110014729266667999 ) ) ;
#276 = EDGE_CURVE ( 'NONE', #1184, #866, #617, .T. ) ;
#277 = EDGE_CURVE ( 'NONE', #619, #136, #233, .T. ) ;
#278 = CARTESIAN_POINT ( 'NONE',  ( -4.803118575756054831, 5.285500398639085162, -14.03903142380125146 ) ) ;
#279 = ORIENTED_EDGE ( 'NONE', *, *, #1248, .F. ) ;
#280 = CARTESIAN_POINT ( 'NONE',  ( -6.500000000011887380, 5.103100525269428367, -14.50833024919770153 ) ) ;
#281 = CARTESIAN_POINT ( 'NONE',  ( 9.387017209626149494, 5.109712578257738613, 12.76700295818029929 ) ) ;
#282 = CARTESIAN_POINT ( 'NONE',  ( 4.305906680060847869, 7.620994980795154028, 8.850931767317524290 ) ) ;
#283 = DIRECTION ( 'NONE',  ( 0.000000000000000000, 0.000000000000000000, 1.000000000000000000 ) ) ;
#284 = FACE_BOUND ( 'NONE', #608, .T. ) ;
#285 = ORIENTED_EDGE ( 'NONE', *, *, #276, .T. ) ;
#286 = CARTESIAN_POINT ( 'NONE',  ( 7.587978480303889661, 5.066475714747673109, 14.32874849453919275 ) ) ;
#287 = CARTESIAN_POINT ( 'NONE',  ( -13.00000000000000000, 10.00000000000009059, 0.000000000000000000 ) ) ;
#288 = CARTESIAN_POINT ( 'NONE',  ( 0.000000000000000000, 0.000000000000000000, 0.000000000000000000 ) ) ;
#289 = CARTESIAN_POINT ( 'NONE',  ( -4.996536240522781114, 5.250813176005314276, 14.14816422509538363 ) ) ;
#290 = EDGE_CURVE ( 'NONE', #237, #156, #120, .T. ) ;
#291 = LINE ( 'NONE', #298, #1101 ) ;
#292 = EDGE_LOOP ( 'NONE', ( #1186, #1432, #347, #880 ) ) ;
#293 = CARTESIAN_POINT ( 'NONE',  ( 8.717749311389061617, 5.068705491185468759, 13.64439153365653468 ) ) ;
#294 = LOCAL_TIME ( 21, 27, 39.00000000000000000, #479 ) ;
#295 = ORIENTED_EDGE ( 'NONE', *, *, #1547, .F. ) ;
#296 = CARTESIAN_POINT ( 'NONE',  ( -12.99999999999996980, 5.691496076385941905, -3.249999999999998668 ) ) ;
#297 = UNCERTAINTY_MEASURE_WITH_UNIT (LENGTH_MEASURE( 1.000000000000000082E-05 ), #748, 'distance_accuracy_value', 'NONE');
#298 = CARTESIAN_POINT ( 'NONE',  ( 13.00000000000000178, 9.999999999999909406, 3.249999999999997780 ) ) ;
#299 = ORIENTED_EDGE ( 'NONE', *, *, #323, .T. ) ;
#300 = ORIENTED_EDGE ( 'NONE', *, *, #1482, .F. ) ;
#301 = CARTESIAN_POINT ( 'NONE',  ( 6.500000000000000888, 1.599999999999953904, -11.25833024919770509 ) ) ;
#302 = DIRECTION ( 'NONE',  ( 0.000000000000000000, 0.000000000000000000, 1.000000000000000000 ) ) ;
#303 = AXIS2_PLACEMENT_3D ( 'NONE', #1171, #1056, #1275 ) ;
#304 = CARTESIAN_POINT ( 'NONE',  ( 7.846112244742671216, 6.578268482169417730, -8.293716241440364456 ) ) ;
#305 = CARTESIAN_POINT ( 'NONE',  ( -6.499999999999992895, 10.00000000000004619, 11.25833024919770509 ) ) ;
#306 = COORDINATED_UNIVERSAL_TIME_OFFSET ( 8, 0, .AHEAD. ) ;
#307 = CARTESIAN_POINT ( 'NONE',  ( 13.00000000000000178, 1.599999999999908828, -1.680616982015363730E-15 ) ) ;
#308 = EDGE_LOOP ( 'NONE', ( #336, #1448 ) ) ;
#309 = CARTESIAN_POINT ( 'NONE',  ( 14.60247031708805920, 5.277837059896665295, -2.835435419038634830 ) ) ;
#310 = CARTESIAN_POINT ( 'NONE',  ( -5.667127007542824835, 7.581545890317855196, -8.109611562996812850 ) ) ;
#311 = CARTESIAN_POINT ( 'NONE',  ( -12.99999999999996092, 5.691496076385945457, 3.249999999999998668 ) ) ;
#312 = VECTOR ( 'NONE', #1198, 1000.000000000000000 ) ;
#313 = CARTESIAN_POINT ( 'NONE',  ( 6.500000000000000888, 9.999999999999955591, -11.25833024919770509 ) ) ;
#314 = ADVANCED_FACE ( 'NONE', ( #2, #735 ), #1212, .F. ) ;
#315 = CARTESIAN_POINT ( 'NONE',  ( -14.95575645371351747, 5.216138540341866303, -2.604494030018213113 ) ) ;
#316 = CARTESIAN_POINT ( 'NONE',  ( 15.56916730006286009, 5.130424829919515872, -2.002061738404376179 ) ) ;
#317 = CARTESIAN_POINT ( 'NONE',  ( -3.623879555853540158, 5.728179170387759811, -12.78682293905531253 ) ) ;
#318 = CARTESIAN_POINT ( 'NONE',  ( 7.386189853254689908, 5.068530335937426301, -14.41617700969514004 ) ) ;
#319 = VECTOR ( 'NONE', #331, 1000.000000000000227 ) ;
#320 = DIRECTION ( 'NONE',  ( -0.000000000000000000, 1.000000000000000000, -0.000000000000000000 ) ) ;
#321 = AXIS2_PLACEMENT_3D ( 'NONE', #1529, #183, #302 ) ;
#322 = CARTESIAN_POINT ( 'NONE',  ( -15.81003373525332378, 5.103137022450639826, 1.646916237711621323 ) ) ;
#323 = EDGE_CURVE ( 'NONE', #1080, #628, #380, .T. ) ;
#324 = ADVANCED_FACE ( 'NONE', ( #865, #111 ), #597, .F. ) ;
#325 = FACE_OUTER_BOUND ( 'NONE', #598, .T. ) ;
#326 = FACE_OUTER_BOUND ( 'NONE', #871, .T. ) ;
#327 = DIRECTION ( 'NONE',  ( -0.000000000000000000, 1.000000000000000000, -0.000000000000000000 ) ) ;
#328 = DIRECTION ( 'NONE',  ( -0.000000000000000000, -1.000000000000000000, -0.000000000000000000 ) ) ;
#329 = CIRCLE ( 'NONE', #1414, 1.700000000000010614 ) ;
#330 = VERTEX_POINT ( 'NONE', #902 ) ;
#331 = DIRECTION ( 'NONE',  ( 6.123233995736766036E-17, -0.8660254037844385966, 0.5000000000000000000 ) ) ;
#332 = CARTESIAN_POINT ( 'NONE',  ( 14.01868463659164554, 5.400646322960137802, 3.093439754928910101 ) ) ;
#333 = DIRECTION ( 'NONE',  ( -0.000000000000000000, 1.000000000000000000, -0.000000000000000000 ) ) ;
#334 = CARTESIAN_POINT ( 'NONE',  ( 8.025243558933896182, 6.475748334072489953, -8.381628434400880678 ) ) ;
#335 = CARTESIAN_POINT ( 'NONE',  ( -6.085585628596137830, 7.445895035534895179, 8.027761535288671979 ) ) ;
#336 = ORIENTED_EDGE ( 'NONE', *, *, #644, .T. ) ;
#337 = ADVANCED_FACE ( 'NONE', ( #57 ), #35, .F. ) ;
#338 = AXIS2_PLACEMENT_3D ( 'NONE', #932, #925, #822 ) ;
#339 = CARTESIAN_POINT ( 'NONE',  ( -15.12655190371829050, 5.189910699947430928, 2.467025955286444194 ) ) ;
#340 = ORIENTED_EDGE ( 'NONE', *, *, #1499, .T. ) ;
#341 = CARTESIAN_POINT ( 'NONE',  ( 13.41222283141288862, 5.559918044988015673, -3.230399276842311096 ) ) ;
#342 = CARTESIAN_POINT ( 'NONE',  ( 9.750455696519725990, 7.691997250459381874, 0.2390982755878268695 ) ) ;
#343 = CARTESIAN_POINT ( 'NONE',  ( -6.500000000011887380, 5.103100525269428367, -14.50833024919770153 ) ) ;
#344 = ORIENTED_EDGE ( 'NONE', *, *, #773, .F. ) ;
#345 = APPROVAL_PERSON_ORGANIZATION ( #724, #527, #1339 ) ;
#346 = CYLINDRICAL_SURFACE ( 'NONE', #1075, 1.700000000000003508 ) ;
#347 = ORIENTED_EDGE ( 'NONE', *, *, #1562, .T. ) ;
#348 = CARTESIAN_POINT ( 'NONE',  ( -12.56465569896022139, 5.846455958250072804, -3.227689682219334166 ) ) ;
#349 = DIRECTION ( 'NONE',  ( -0.000000000000000000, 1.000000000000000000, -0.000000000000000000 ) ) ;
#350 = CARTESIAN_POINT ( 'NONE',  ( 6.500000000000000888, 9.999999999999955591, -11.25833024919770509 ) ) ;
#351 = VERTEX_POINT ( 'NONE', #1124 ) ;
#352 = CARTESIAN_POINT ( 'NONE',  ( -9.021129858409000946, 5.080030200816458397, 13.32109376406721069 ) ) ;
#353 =( NAMED_UNIT ( * ) SI_UNIT ( $, .STERADIAN. ) SOLID_ANGLE_UNIT ( ) );
#354 = EDGE_LOOP ( 'NONE', ( #1462, #1542 ) ) ;
#355 = FACE_OUTER_BOUND ( 'NONE', #520, .T. ) ;
#356 = FACE_OUTER_BOUND ( 'NONE', #1439, .T. ) ;
#357 = VERTEX_POINT ( 'NONE', #419 ) ;
#358 = EDGE_CURVE ( 'NONE', #351, #889, #1367, .T. ) ;
#359 = CARTESIAN_POINT ( 'NONE',  ( -6.500000000000017764, 7.271866324421676353, 8.008330249197705086 ) ) ;
#360 = PERSON_AND_ORGANIZATION_ROLE ( 'creator' ) ;
#361 = VERTEX_POINT ( 'NONE', #167 ) ;
#362 = DIRECTION ( 'NONE',  ( 0.000000000000000000, 0.000000000000000000, 1.000000000000000000 ) ) ;
#363 = DIRECTION ( 'NONE',  ( 0.000000000000000000, 0.000000000000000000, 1.000000000000000000 ) ) ;
#364 = ORIENTED_EDGE ( 'NONE', *, *, #358, .T. ) ;
#365 = CARTESIAN_POINT ( 'NONE',  ( -9.731387745483106144, 5.346287148985063631, 10.84830136688309388 ) ) ;
#366 = CARTESIAN_POINT ( 'NONE',  ( -13.20425749966913997, 5.622695410857186715, 3.250000000000062617 ) ) ;
#367 = LOCAL_TIME ( 21, 27, 39.00000000000000000, #148 ) ;
#368 = LOCAL_TIME ( 21, 27, 39.00000000000000000, #306 ) ;
#369 = ORIENTED_EDGE ( 'NONE', *, *, #774, .F. ) ;
#370 = CARTESIAN_POINT ( 'NONE',  ( -9.798622477430257049, 7.641644684321100556, 0.5712144952448457991 ) ) ;
#371 = DIRECTION ( 'NONE',  ( 0.000000000000000000, 0.000000000000000000, 1.000000000000000000 ) ) ;
#372 = ORIENTED_EDGE ( 'NONE', *, *, #440, .F. ) ;
#373 = EDGE_CURVE ( 'NONE', #64, #889, #272, .T. ) ;
#374 = CARTESIAN_POINT ( 'NONE',  ( -6.500000000000000000, 10.00000000000004619, -11.25833024919770331 ) ) ;
#375 = PERSON_AND_ORGANIZATION ( #585, #393 ) ;
#376 = DIRECTION ( 'NONE',  ( -0.000000000000000000, 1.000000000000000000, -0.000000000000000000 ) ) ;
#377 = VECTOR ( 'NONE', #1157, 1000.000000000000000 ) ;
#378 = ORIENTED_EDGE ( 'NONE', *, *, #743, .T. ) ;
#379 = CARTESIAN_POINT ( 'NONE',  ( -6.499999999999841904, 5.103100525270061638, 14.50833024919770331 ) ) ;
#380 = LINE ( 'NONE', #20, #312 ) ;
#381 = ORIENTED_EDGE ( 'NONE', *, *, #1330, .T. ) ;
#382 = DIRECTION ( 'NONE',  ( -0.000000000000000000, -1.000000000000000000, -0.000000000000000000 ) ) ;
#383 = ADVANCED_FACE ( 'NONE', ( #531, #895, #1380, #995, #873, #1359, #645 ), #273, .T. ) ;
#384 = DIRECTION ( 'NONE',  ( -0.000000000000000000, -1.000000000000000000, -0.000000000000000000 ) ) ;
#385 = EDGE_LOOP ( 'NONE', ( #1349, #1032 ) ) ;
#386 = CARTESIAN_POINT ( 'NONE',  ( 4.845543644824139129, 7.700394084795697758, -8.452019149481996507 ) ) ;
#387 = CARTESIAN_POINT ( 'NONE',  ( 9.730921904894639596, 5.346986170978205166, 10.84482783803809447 ) ) ;
#388 = CARTESIAN_POINT ( 'NONE',  ( -6.500000000000000000, 10.00000000000004619, -14.50833024919770153 ) ) ;
#389 = CARTESIAN_POINT ( 'NONE',  ( -5.453676145906174000, 7.634874338259100668, 8.173310132901455916 ) ) ;
#390 = CARTESIAN_POINT ( 'NONE',  ( 11.56187345347212947, 6.309607273462463972, -2.921891618438955618 ) ) ;
#391 = EDGE_LOOP ( 'NONE', ( #1156, #546, #96, #668 ) ) ;
#392 = CARTESIAN_POINT ( 'NONE',  ( 3.253844949528591712, 6.546008168447668751, -11.00364263786939922 ) ) ;
#393 = ORGANIZATION ( 'UNSPECIFIED', 'UNSPECIFIED', '' ) ;
#394 = CIRCLE ( 'NONE', #1283, 3.249999999999997780 ) ;
#395 = CARTESIAN_POINT ( 'NONE',  ( 13.00000000000000178, 9.999999999999909406, -1.680616982015363730E-15 ) ) ;
#396 = CARTESIAN_POINT ( 'NONE',  ( 6.500000000000014211, 5.103100525270056309, 14.50833024919769976 ) ) ;
#397 = DIRECTION ( 'NONE',  ( -0.000000000000000000, 1.000000000000000000, -0.000000000000000000 ) ) ;
#398 = SHAPE_DEFINITION_REPRESENTATION ( #1024, #1153 ) ;
#399 = FACE_OUTER_BOUND ( 'NONE', #1237, .T. ) ;
#400 = ORIENTED_EDGE ( 'NONE', *, *, #9, .T. ) ;
#401 = VECTOR ( 'NONE', #964, 1000.000000000000000 ) ;
#402 = DIRECTION ( 'NONE',  ( 0.000000000000000000, -1.000000000000000000, 0.000000000000000000 ) ) ;
#403 = CC_DESIGN_PERSON_AND_ORGANIZATION_ASSIGNMENT ( #732, #138, ( #1049 ) ) ;
#404 = DIRECTION ( 'NONE',  ( -0.000000000000000000, 1.000000000000000000, -0.000000000000000000 ) ) ;
#405 = EDGE_CURVE ( 'NONE', #1250, #483, #36, .T. ) ;
#406 = LINE ( 'NONE', #892, #104 ) ;
#407 = ADVANCED_FACE ( 'NONE', ( #1020 ), #1503, .F. ) ;
#408 = FACE_OUTER_BOUND ( 'NONE', #1353, .T. ) ;
#409 = ORIENTED_EDGE ( 'NONE', *, *, #809, .F. ) ;
#410 = AXIS2_PLACEMENT_3D ( 'NONE', #1410, #1546, #806 ) ;
#411 = AXIS2_PLACEMENT_3D ( 'NONE', #350, #1342, #1441 ) ;
#412 = CARTESIAN_POINT ( 'NONE',  ( 9.748244386649801640, 5.236284679153243360, 11.50204097227699407 ) ) ;
#413 = FACE_OUTER_BOUND ( 'NONE', #56, .T. ) ;
#414 = B_SPLINE_CURVE_WITH_KNOTS ( 'NONE', 3,
 ( #1463, #857, #231, #1449, #604, #1309, #1081, #254, #586, #850, #1560, #370, #718, #225, #1, #126, #247, #734, #473, #1089, #7, #967, #1341, #1097, #709, #1064, #1552, #946, #1433, #348, #836, #1316 ),
 .UNSPECIFIED., .F., .F.,
 ( 4, 2, 2, 2, 2, 2, 2, 2, 2, 2, 2, 2, 2, 2, 2, 4 ),
 ( 0.007790766073448960639, 0.008477501715973674579, 0.009164237358498387651, 0.01053770864354780859, 0.01191117992859723126, 0.01259791557112193913, 0.01294128339238429480, 0.01328465121364664873, 0.01397138685617135660, 0.01465812249869606447, 0.01534485814122077407, 0.01603159378374548194, 0.01671832942627018634, 0.01740506506879489421, 0.01809180071131960207, 0.01877853635384430647 ),
 .UNSPECIFIED. ) ;
#415 = DIRECTION ( 'NONE',  ( -0.000000000000000000, 1.000000000000000000, -0.000000000000000000 ) ) ;
#416 = PERSON_AND_ORGANIZATION ( #585, #393 ) ;
#417 = DIRECTION ( 'NONE',  ( 0.000000000000000000, 0.000000000000000000, -1.000000000000000000 ) ) ;
#418 = ORIENTED_EDGE ( 'NONE', *, *, #1491, .F. ) ;
#419 = CARTESIAN_POINT ( 'NONE',  ( -6.499999999999992895, -7.459310946700270506E-14, 9.558330249197693362 ) ) ;
#420 = AXIS2_PLACEMENT_3D ( 'NONE', #529, #39, #1257 ) ;
#421 = DIRECTION ( 'NONE',  ( -0.000000000000000000, 1.000000000000000000, -0.000000000000000000 ) ) ;
#422 = CARTESIAN_POINT ( 'NONE',  ( 7.479887404430150433, 6.782108512682908597, -8.153370496628221886 ) ) ;
#423 = CARTESIAN_POINT ( 'NONE',  ( 6.500000000000000888, 1.599999999999953904, -11.25833024919770509 ) ) ;
#424 = EDGE_CURVE ( 'NONE', #269, #745, #976, .T. ) ;
#425 = DIRECTION ( 'NONE',  ( -0.000000000000000000, 1.000000000000000000, -0.000000000000000000 ) ) ;
#426 = EDGE_LOOP ( 'NONE', ( #279, #727, #646, #740 ) ) ;
#427 = CARTESIAN_POINT ( 'NONE',  ( 0.000000000000000000, 0.000000000000000000, 0.000000000000000000 ) ) ;
#428 = CARTESIAN_POINT ( 'NONE',  ( -6.499999999999992895, 10.00000000000004619, 11.25833024919770509 ) ) ;
#429 = AXIS2_PLACEMENT_3D ( 'NONE', #1425, #72, #930 ) ;
#430 = CARTESIAN_POINT ( 'NONE',  ( 8.522853820763813815, 6.184683061641787383, -8.706694006310932821 ) ) ;
#431 = DIRECTION ( 'NONE',  ( 0.000000000000000000, 0.000000000000000000, 1.000000000000000000 ) ) ;
#432 = AXIS2_PLACEMENT_3D ( 'NONE', #305, #186, #201 ) ;
#433 = CARTESIAN_POINT ( 'NONE',  ( 6.500000000000003553, 9.999999999999955591, 9.558330249197696915 ) ) ;
#434 = ORIENTED_EDGE ( 'NONE', *, *, #826, .T. ) ;
#435 = CARTESIAN_POINT ( 'NONE',  ( 15.12732941671242415, 5.189797298276423554, -2.466323308199418918 ) ) ;
#436 = FACE_OUTER_BOUND ( 'NONE', #1217, .T. ) ;
#437 = CARTESIAN_POINT ( 'NONE',  ( 9.484329905902745494, 5.123784304749632312, -12.56435805050383792 ) ) ;
#438 = VECTOR ( 'NONE', #404, 1000.000000000000000 ) ;
#439 = EDGE_CURVE ( 'NONE', #584, #1055, #1213, .T. ) ;
#440 = EDGE_CURVE ( 'NONE', #1266, #1055, #1291, .T. ) ;
#441 = CARTESIAN_POINT ( 'NONE',  ( 13.00000000000000178, 9.999999999999909406, -1.680616982015363730E-15 ) ) ;
#442 = CARTESIAN_POINT ( 'NONE',  ( -16.14312667054863937, 5.071519331092591010, 0.8545650506652717748 ) ) ;
#443 = CARTESIAN_POINT ( 'NONE',  ( 16.14361538288981635, 5.071477345434235673, -0.8528006696843299927 ) ) ;
#444 = DIRECTION ( 'NONE',  ( 0.000000000000000000, 0.000000000000000000, 1.000000000000000000 ) ) ;
#445 = CARTESIAN_POINT ( 'NONE',  ( 6.500000000000000888, 1.599999999999953904, -14.50833024919770153 ) ) ;
#446 = AXIS2_PLACEMENT_3D ( 'NONE', #869, #1460, #1216 ) ;
#447 = CARTESIAN_POINT ( 'NONE',  ( 6.500000000000000888, 9.999999999999955591, -8.008330249197705086 ) ) ;
#448 = CARTESIAN_POINT ( 'NONE',  ( 0.000000000000000000, 17.49999999999999645, 0.000000000000000000 ) ) ;
#449 = CARTESIAN_POINT ( 'NONE',  ( 13.81882069664458967, 5.449147746553934191, 3.151965972482297484 ) ) ;
#450 = CARTESIAN_POINT ( 'NONE',  ( -3.876004596745894926, 7.423748018947367022, -9.329544920305954392 ) ) ;
#451 = DIRECTION ( 'NONE',  ( 0.000000000000000000, 0.000000000000000000, 1.000000000000000000 ) ) ;
#452 = DIRECTION ( 'NONE',  ( 0.000000000000000000, 0.000000000000000000, 1.000000000000000000 ) ) ;
#453 = EDGE_CURVE ( 'NONE', #12, #483, #669, .T. ) ;
#454 = ORIENTED_EDGE ( 'NONE', *, *, #1108, .F. ) ;
#455 = ADVANCED_FACE ( 'NONE', ( #693, #563 ), #1027, .F. ) ;
#456 = CARTESIAN_POINT ( 'NONE',  ( -14.40952006549710873, 5.315137475629071240, -2.935973545201740809 ) ) ;
#457 = ORIENTED_EDGE ( 'NONE', *, *, #261, .F. ) ;
#458 = CARTESIAN_POINT ( 'NONE',  ( 13.41227694561287365, 5.559904564166581409, 3.230384581602619321 ) ) ;
#459 = CARTESIAN_POINT ( 'NONE',  ( 12.57013787462100218, 5.844334999327221780, 3.228400656986420092 ) ) ;
#460 = CARTESIAN_POINT ( 'NONE',  ( 8.552576600278193553, 5.065335887694266681, -13.78785961625161960 ) ) ;
#461 = CARTESIAN_POINT ( 'NONE',  ( 13.00000000000000178, 9.999999999999909406, -1.680616982015363730E-15 ) ) ;
#462 = ORIENTED_EDGE ( 'NONE', *, *, #690, .F. ) ;
#463 = DIRECTION ( 'NONE',  ( -0.000000000000000000, 1.000000000000000000, -0.000000000000000000 ) ) ;
#464 = ORIENTED_EDGE ( 'NONE', *, *, #1116, .F. ) ;
#465 = PLANE ( 'NONE',  #787 ) ;
#466 = CARTESIAN_POINT ( 'NONE',  ( 10.22023746837385083, 7.238974254929414265, 1.696563247732749691 ) ) ;
#467 = DIRECTION ( 'NONE',  ( -0.000000000000000000, 1.000000000000000000, -0.000000000000000000 ) ) ;
#468 = EDGE_LOOP ( 'NONE', ( #717, #180 ) ) ;
#469 = CIRCLE ( 'NONE', #1558, 1.699999999999996625 ) ;
#470 = CARTESIAN_POINT ( 'NONE',  ( -9.231161438808628716, 5.752544256608456585, 9.446170751200071436 ) ) ;
#471 = DIRECTION ( 'NONE',  ( 0.000000000000000000, 0.000000000000000000, 1.000000000000000000 ) ) ;
#472 = ORIENTED_EDGE ( 'NONE', *, *, #373, .T. ) ;
#473 = CARTESIAN_POINT ( 'NONE',  ( -9.938668270106788327, 7.499759572646641281, -1.112539201318435644 ) ) ;
#474 = CARTESIAN_POINT ( 'NONE',  ( -8.369960930855130599, 6.276696643403981035, -8.569344105067356665 ) ) ;
#475 = APPROVAL ( #602, 'UNSPECIFIED' ) ;
#476 = ORIENTED_EDGE ( 'NONE', *, *, #929, .T. ) ;
#477 = AXIS2_PLACEMENT_3D ( 'NONE', #620, #1440, #99 ) ;
#478 = FACE_BOUND ( 'NONE', #88, .T. ) ;
#479 = COORDINATED_UNIVERSAL_TIME_OFFSET ( 8, 0, .AHEAD. ) ;
#480 = VERTEX_POINT ( 'NONE', #922 ) ;
#481 = CARTESIAN_POINT ( 'NONE',  ( -6.499999999999992895, 1.600000000000044054, 14.50833024919770331 ) ) ;
#482 = CARTESIAN_POINT ( 'NONE',  ( -6.907767311888614259, 7.091329497085851585, -8.008330249197703310 ) ) ;
#483 = VERTEX_POINT ( 'NONE', #1407 ) ;
#484 = ADVANCED_FACE ( 'NONE', ( #325 ), #909, .T. ) ;
#485 = EDGE_CURVE ( 'NONE', #650, #357, #1465, .T. ) ;
#486 = DIRECTION ( 'NONE',  ( -0.000000000000000000, -1.000000000000000000, -0.000000000000000000 ) ) ;
#487 = ORIENTED_EDGE ( 'NONE', *, *, #92, .T. ) ;
#488 = DIRECTION ( 'NONE',  ( -0.000000000000000000, 1.000000000000000000, -0.000000000000000000 ) ) ;
#489 = CARTESIAN_POINT ( 'NONE',  ( -9.748599219791563186, 5.236735720627074819, -11.49867313722497109 ) ) ;
#490 = ADVANCED_FACE ( 'NONE', ( #189 ), #676, .F. ) ;
#491 = ORIENTED_EDGE ( 'NONE', *, *, #485, .T. ) ;
#492 = CARTESIAN_POINT ( 'NONE',  ( -8.373257140283602240, 6.274762214105381375, 8.571569425051402291 ) ) ;
#493 = DATE_AND_TIME ( #15, #294 ) ;
#494 = VECTOR ( 'NONE', #536, 1000.000000000000000 ) ;
#495 = DIRECTION ( 'NONE',  ( 0.000000000000000000, 0.000000000000000000, 1.000000000000000000 ) ) ;
#496 = ORIENTED_EDGE ( 'NONE', *, *, #1016, .T. ) ;
#497 = CARTESIAN_POINT ( 'NONE',  ( 13.00000000000000178, -2.099015405931936584E-13, -1.680616982015363730E-15 ) ) ;
#498 = APPLICATION_CONTEXT ( 'configuration controlled 3d designs of mechanical parts and assemblies' ) ;
#499 = CARTESIAN_POINT ( 'NONE',  ( -13.00000000000000000, 10.00000000000009059, 3.249999999999998668 ) ) ;
#500 = LINE ( 'NONE', #753, #1001 ) ;
#501 = EDGE_LOOP ( 'NONE', ( #381, #1502, #759, #230 ) ) ;
#502 = CARTESIAN_POINT ( 'NONE',  ( -9.686199773405139268, 5.181785325852197310, 11.93571162438050060 ) ) ;
#503 = CALENDAR_DATE ( 2026, 26, 2 ) ;
#504 = CARTESIAN_POINT ( 'NONE',  ( -5.617130760926253075, 5.168584093720186345, -14.39405539255839095 ) ) ;
#505 = CIRCLE ( 'NONE', #812, 1.700000000000008837 ) ;
#506 = ORIENTED_EDGE ( 'NONE', *, *, #885, .T. ) ;
#507 = CARTESIAN_POINT ( 'NONE',  ( 5.402298464433785696, 5.192453552998832933, -14.32543984526513725 ) ) ;
#508 = CARTESIAN_POINT ( 'NONE',  ( 9.509066557252547014, 5.555744755022722359, 10.01240047320065507 ) ) ;
#509 = ORIENTED_EDGE ( 'NONE', *, *, #453, .T. ) ;
#510 = CARTESIAN_POINT ( 'NONE',  ( -4.474957843323002393, 7.663687231363257801, 8.706370839504273818 ) ) ;
#511 = PERSON_AND_ORGANIZATION ( #585, #393 ) ;
#512 = DIRECTION ( 'NONE',  ( 0.000000000000000000, 0.000000000000000000, 1.000000000000000000 ) ) ;
#513 = ORIENTED_EDGE ( 'NONE', *, *, #1281, .T. ) ;
#514 = CARTESIAN_POINT ( 'NONE',  ( 4.440976438166180706, 5.369025714494202184, -13.78242335929148865 ) ) ;
#515 = CIRCLE ( 'NONE', #1222, 1.699999999999998401 ) ;
#516 = CARTESIAN_POINT ( 'NONE',  ( 9.483228533242396452, 5.123600653899305968, 12.56683072985072158 ) ) ;
#517 = CARTESIAN_POINT ( 'NONE',  ( 3.873468804718611214, 7.421975056069835652, 9.333208555671546947 ) ) ;
#518 = CARTESIAN_POINT ( 'NONE',  ( -4.443660297076009513, 5.368252892813653254, 13.78475732481299687 ) ) ;
#519 = CARTESIAN_POINT ( 'NONE',  ( -6.500000000000000000, -7.459310946700270506E-14, -9.558330249197693362 ) ) ;
#520 = EDGE_LOOP ( 'NONE', ( #750, #993 ) ) ;
#521 = CARTESIAN_POINT ( 'NONE',  ( 3.975861025899657175, 5.528534657002239783, -13.31729063028808646 ) ) ;
#522 = VECTOR ( 'NONE', #463, 1000.000000000000000 ) ;
#523 = EDGE_CURVE ( 'NONE', #1539, #896, #1517, .T. ) ;
#524 = CIRCLE ( 'NONE', #923, 1.699999999999996625 ) ;
#525 = CARTESIAN_POINT ( 'NONE',  ( 6.720230097508773426, 5.091463509718833436, 14.50833024919770153 ) ) ;
#526 = CARTESIAN_POINT ( 'NONE',  ( 4.846264828699365701, 7.700514999973187891, 8.451469285037649826 ) ) ;
#527 = APPROVAL ( #618, 'UNSPECIFIED' ) ;
#528 = DIRECTION ( 'NONE',  ( -0.000000000000000000, 1.000000000000000000, -0.000000000000000000 ) ) ;
#529 = CARTESIAN_POINT ( 'NONE',  ( -6.499999999999992895, 1.600000000000044054, 11.25833024919770509 ) ) ;
#530 = ORIENTED_EDGE ( 'NONE', *, *, #1499, .F. ) ;
#531 = FACE_BOUND ( 'NONE', #308, .T. ) ;
#532 = DIRECTION ( 'NONE',  ( -0.000000000000000000, -1.000000000000000000, -0.000000000000000000 ) ) ;
#533 = CARTESIAN_POINT ( 'NONE',  ( 6.051032958081692392, 5.130088716971590301, 14.48490173537947001 ) ) ;
#534 = CYLINDRICAL_SURFACE ( 'NONE', #860, 5.000000000000004441 ) ;
#535 = APPROVAL_STATUS ( 'not_yet_approved' ) ;
#536 = DIRECTION ( 'NONE',  ( -0.000000000000000000, 1.000000000000000000, -0.000000000000000000 ) ) ;
#537 = EDGE_LOOP ( 'NONE', ( #32, #835 ) ) ;
#538 = CIRCLE ( 'NONE', #410, 3.249999999999999556 ) ;
#539 = VECTOR ( 'NONE', #607, 1000.000000000000000 ) ;
#540 = CARTESIAN_POINT ( 'NONE',  ( 8.358710370468932283, 6.281824852563867800, 8.584956059916406090 ) ) ;
#541 = CARTESIAN_POINT ( 'NONE',  ( -6.293533236224030603, 7.363278395462323545, -8.008330249197703310 ) ) ;
#542 = CARTESIAN_POINT ( 'NONE',  ( 6.701615991023806451, 7.182601907440780309, -8.008330249197705086 ) ) ;
#543 = EDGE_CURVE ( 'NONE', #615, #480, #1488, .T. ) ;
#544 = CARTESIAN_POINT ( 'NONE',  ( 6.500000000000000888, 1.599999999999953904, -11.25833024919770509 ) ) ;
#545 = CARTESIAN_POINT ( 'NONE',  ( 0.000000000000000000, 91.33974596215561803, 0.000000000000000000 ) ) ;
#546 = ORIENTED_EDGE ( 'NONE', *, *, #439, .T. ) ;
#547 = VERTEX_POINT ( 'NONE', #481 ) ;
#548 = CARTESIAN_POINT ( 'NONE',  ( 15.91453701374872054, 5.092635532038176649, -1.453910163974669878 ) ) ;
#549 = VECTOR ( 'NONE', #817, 1000.000000000000000 ) ;
#550 = DIRECTION ( 'NONE',  ( 0.000000000000000000, 0.000000000000000000, 1.000000000000000000 ) ) ;
#551 = CARTESIAN_POINT ( 'NONE',  ( 5.770038821776014792, 7.548122099599380519, 8.089570119129534831 ) ) ;
#552 = ADVANCED_FACE ( 'NONE', ( #1219, #355 ), #465, .F. ) ;
#553 = LINE ( 'NONE', #566, #204 ) ;
#554 = CARTESIAN_POINT ( 'NONE',  ( -6.499999999999992895, 10.00000000000004619, 11.25833024919770509 ) ) ;
#555 = B_SPLINE_CURVE_WITH_KNOTS ( 'NONE', 3,
 ( #343, #210, #830, #1286, #1173, #1312, #588, #680, #1159, #1522, #200, #1230, #264, #489, #1326, #838, #248, #1464, #1082, #1067, #1564, #1554, #968, #474, #255, #143, #482, #955 ),
 .UNSPECIFIED., .F., .F.,
 ( 4, 2, 2, 2, 2, 2, 2, 2, 2, 2, 2, 2, 2, 4 ),
 ( 0.01871641036760798849, 0.02003790130146162682, 0.02069864676838844425, 0.02135939223531526168, 0.02202013770224207911, 0.02268088316916889308, 0.02334162863609571398, 0.02400237410302252794, 0.02466311956994934537, 0.02532386503687616280, 0.02598461050380298024, 0.02664535597072979767, 0.02796684690458343947, 0.02928833783843707780 ),
 .UNSPECIFIED. ) ;
#556 = VERTEX_POINT ( 'NONE', #379 ) ;
#557 = CARTESIAN_POINT ( 'NONE',  ( 13.00000000000975930, 5.691496076382644986, 3.249999999999997780 ) ) ;
#558 = EDGE_CURVE ( 'NONE', #1436, #832, #844, .T. ) ;
#559 = DIRECTION ( 'NONE',  ( -0.000000000000000000, 1.000000000000000000, -0.000000000000000000 ) ) ;
#560 = CARTESIAN_POINT ( 'NONE',  ( 8.363501238494801981, 6.279005494666918707, -8.588284485647387001 ) ) ;
#561 = CARTESIAN_POINT ( 'NONE',  ( 13.00000000000000178, 1.599999999999908828, 1.699999999999996625 ) ) ;
#562 = CARTESIAN_POINT ( 'NONE',  ( -15.56951783113649235, 5.130387330508835220, -2.001482429742683866 ) ) ;
#563 = FACE_OUTER_BOUND ( 'NONE', #1373, .T. ) ;
#564 = FACE_OUTER_BOUND ( 'NONE', #1085, .T. ) ;
#565 = CARTESIAN_POINT ( 'NONE',  ( 9.158509707353378104, 5.088087339429811173, -13.14071899984457481 ) ) ;
#566 = CARTESIAN_POINT ( 'NONE',  ( -6.499999999999992895, 10.00000000000004619, 12.95833024919770793 ) ) ;
#567 = CARTESIAN_POINT ( 'NONE',  ( -16.07990378639786400, 5.076950604493698727, 1.059531573484627121 ) ) ;
#568 = PRODUCT_RELATED_PRODUCT_CATEGORY ( 'detail', '', ( #675 ) ) ;
#569 = CARTESIAN_POINT ( 'NONE',  ( 15.56838290015267745, 5.130524098470863770, 2.002924952450283680 ) ) ;
#570 = EDGE_CURVE ( 'NONE', #265, #156, #176, .T. ) ;
#571 = CYLINDRICAL_SURFACE ( 'NONE', #194, 3.249999999999999556 ) ;
#572 = CARTESIAN_POINT ( 'NONE',  ( 9.388278960790671590, 5.109868068111202533, -12.76461903867600434 ) ) ;
#573 = PRODUCT_DEFINITION_FORMATION_WITH_SPECIFIED_SOURCE ( 'ANY', '', #675, .NOT_KNOWN. ) ;
#574 = DIRECTION ( 'NONE',  ( -0.000000000000000000, 1.000000000000000000, -0.000000000000000000 ) ) ;
#575 = ORIENTED_EDGE ( 'NONE', *, *, #1180, .F. ) ;
#576 = DIRECTION ( 'NONE',  ( -0.000000000000000000, 1.000000000000000000, -0.000000000000000000 ) ) ;
#577 = EDGE_LOOP ( 'NONE', ( #491, #1519 ) ) ;
#578 = DIRECTION ( 'NONE',  ( 0.000000000000000000, -1.000000000000000000, 0.000000000000000000 ) ) ;
#579 = CARTESIAN_POINT ( 'NONE',  ( 11.04415811725043461, 6.617226161093399561, 2.603634047232981530 ) ) ;
#580 = CARTESIAN_POINT ( 'NONE',  ( 9.584501414647148110, 5.496939547230703660, -10.21201628076167012 ) ) ;
#581 = LINE ( 'NONE', #1391, #182 ) ;
#582 = ORIENTED_EDGE ( 'NONE', *, *, #990, .T. ) ;
#583 = CARTESIAN_POINT ( 'NONE',  ( -15.91413554578712741, 5.092675161681755824, 1.454726266160979664 ) ) ;
#584 = VERTEX_POINT ( 'NONE', #18 ) ;
#585 = PERSON ( 'UNSPECIFIED', 'UNSPECIFIED', 'UNSPECIFIED', ('UNSPECIFIED'), ('UNSPECIFIED'), ('UNSPECIFIED') ) ;
#586 = CARTESIAN_POINT ( 'NONE',  ( -10.19870125123141413, 7.254742280823669454, 1.702816279889642015 ) ) ;
#587 = CARTESIAN_POINT ( 'NONE',  ( 9.941129243767122148, 7.497384752954944886, 1.118828450721863543 ) ) ;
#588 = CARTESIAN_POINT ( 'NONE',  ( -8.720759452817915758, 5.068777300308156875, -13.64164902478158048 ) ) ;
#589 = ORIENTED_EDGE ( 'NONE', *, *, #277, .T. ) ;
#590 = AXIS2_PLACEMENT_3D ( 'NONE', #288, #1253, #170 ) ;
#591 = CARTESIAN_POINT ( 'NONE',  ( -6.499999999999841904, 5.103100525270061638, 14.50833024919770331 ) ) ;
#592 = DIRECTION ( 'NONE',  ( 0.000000000000000000, 0.000000000000000000, 1.000000000000000000 ) ) ;
#593 = ADVANCED_FACE ( 'NONE', ( #238, #728, #1072, #959 ), #684, .F. ) ;
#594 = ORIENTED_EDGE ( 'NONE', *, *, #439, .F. ) ;
#595 = DIRECTION ( 'NONE',  ( -0.000000000000000000, 1.000000000000000000, -0.000000000000000000 ) ) ;
#596 = CARTESIAN_POINT ( 'NONE',  ( 12.56728249461242264, 5.845413306021537636, -3.228092828877023202 ) ) ;
#597 = PLANE ( 'NONE',  #1196 ) ;
#598 = EDGE_LOOP ( 'NONE', ( #659, #340, #1274, #1415 ) ) ;
#599 = CIRCLE ( 'NONE', #1205, 5.000000000000007994 ) ;
#600 = CARTESIAN_POINT ( 'NONE',  ( -9.388054950585019043, 5.109795460456053817, 12.76544193837381691 ) ) ;
#601 = VECTOR ( 'NONE', #333, 1000.000000000000000 ) ;
#602 = APPROVAL_STATUS ( 'not_yet_approved' ) ;
#603 = ORIENTED_EDGE ( 'NONE', *, *, #453, .F. ) ;
#604 = CARTESIAN_POINT ( 'NONE',  ( -11.94658426069311297, 6.113556351719180881, 3.081533732106690682 ) ) ;
#605 = EDGE_CURVE ( 'NONE', #136, #832, #414, .T. ) ;
#606 = EDGE_CURVE ( 'NONE', #330, #794, #702, .T. ) ;
#607 = DIRECTION ( 'NONE',  ( -0.000000000000000000, 1.000000000000000000, -0.000000000000000000 ) ) ;
#608 = EDGE_LOOP ( 'NONE', ( #71, #457 ) ) ;
#609 = AXIS2_PLACEMENT_3D ( 'NONE', #423, #397, #1241 ) ;
#610 = CARTESIAN_POINT ( 'NONE',  ( -6.500000000000000000, 10.00000000000004619, -12.95833024919770615 ) ) ;
#611 = APPROVAL_DATE_TIME ( #1202, #527 ) ;
#612 = EDGE_LOOP ( 'NONE', ( #464, #974, #108 ) ) ;
#613 = DIRECTION ( 'NONE',  ( 0.000000000000000000, -0.000000000000000000, -1.000000000000000000 ) ) ;
#614 = DIRECTION ( 'NONE',  ( 0.000000000000000000, -1.000000000000000000, 0.000000000000000000 ) ) ;
#615 = VERTEX_POINT ( 'NONE', #1115 ) ;
#616 = CYLINDRICAL_SURFACE ( 'NONE', #1137, 3.249999999999999556 ) ;
#617 = CIRCLE ( 'NONE', #134, 1.699999999999996625 ) ;
#618 = APPROVAL_STATUS ( 'not_yet_approved' ) ;
#619 = VERTEX_POINT ( 'NONE', #33 ) ;
#620 = CARTESIAN_POINT ( 'NONE',  ( 6.500000000000003553, 1.599999999999953904, 11.25833024919770153 ) ) ;
#621 = CARTESIAN_POINT ( 'NONE',  ( 8.200000000000001066, 1.599999999999953904, 11.25833024919770153 ) ) ;
#622 = VERTEX_POINT ( 'NONE', #280 ) ;
#623 = CYLINDRICAL_SURFACE ( 'NONE', #1343, 1.700000000000003508 ) ;
#624 = DIRECTION ( 'NONE',  ( 0.000000000000000000, 0.000000000000000000, -1.000000000000000000 ) ) ;
#625 = CONICAL_SURFACE ( 'NONE', #1155, 5.000000000000000888, 0.5235987755982989267 ) ;
#626 = CARTESIAN_POINT ( 'NONE',  ( 9.871352892353053576, 7.567293252548577875, 0.9084109986828174943 ) ) ;
#627 = APPROVAL_PERSON_ORGANIZATION ( #416, #1526, #1136 ) ;
#628 = VERTEX_POINT ( 'NONE', #723 ) ;
#629 = CARTESIAN_POINT ( 'NONE',  ( 4.231556775211868349, 7.591052041251978189, -8.928459578767146354 ) ) ;
#630 = CARTESIAN_POINT ( 'NONE',  ( 7.992912784790752845, 5.062333689017832761, 14.15356370989454504 ) ) ;
#631 = ORIENTED_EDGE ( 'NONE', *, *, #997, .F. ) ;
#632 = DIRECTION ( 'NONE',  ( -0.000000000000000000, 1.000000000000000000, -0.000000000000000000 ) ) ;
#633 = CARTESIAN_POINT ( 'NONE',  ( 10.87551045720922005, 6.730245833893769181, -2.467954493379262981 ) ) ;
#634 = ORIENTED_EDGE ( 'NONE', *, *, #174, .T. ) ;
#635 = CARTESIAN_POINT ( 'NONE',  ( 6.500000000000042633, 5.103100525270054533, -14.50833024919770331 ) ) ;
#636 = CARTESIAN_POINT ( 'NONE',  ( 9.211876845453023321, 5.760543312254188031, 9.455191573486207091 ) ) ;
#637 = DIRECTION ( 'NONE',  ( -0.000000000000000000, 1.000000000000000000, -0.000000000000000000 ) ) ;
#638 = CARTESIAN_POINT ( 'NONE',  ( 4.442418863374172133, 5.368651180607857398, 13.78356297133877817 ) ) ;
#639 = DIRECTION ( 'NONE',  ( 0.000000000000000000, 0.000000000000000000, 1.000000000000000000 ) ) ;
#640 = DIRECTION ( 'NONE',  ( -0.000000000000000000, -1.000000000000000000, -0.000000000000000000 ) ) ;
#641 = ORIENTED_EDGE ( 'NONE', *, *, #1563, .T. ) ;
#642 = CARTESIAN_POINT ( 'NONE',  ( 6.277000113063746056, 5.114883897214006936, -14.50833024919770864 ) ) ;
#643 = CONICAL_SURFACE ( 'NONE', #868, 5.000000000000000888, 0.5235987755982989267 ) ;
#644 = EDGE_CURVE ( 'NONE', #818, #772, #505, .T. ) ;
#645 = FACE_OUTER_BOUND ( 'NONE', #1295, .T. ) ;
#646 = ORIENTED_EDGE ( 'NONE', *, *, #1211, .T. ) ;
#647 = DIRECTION ( 'NONE',  ( -0.000000000000000000, 1.000000000000000000, -0.000000000000000000 ) ) ;
#648 = CALENDAR_DATE ( 2026, 26, 2 ) ;
#649 = CARTESIAN_POINT ( 'NONE',  ( -6.499999999999992895, 10.00000000000004619, 14.50833024919770331 ) ) ;
#650 = VERTEX_POINT ( 'NONE', #1086 ) ;
#651 = AXIS2_PLACEMENT_3D ( 'NONE', #1434, #384, #940 ) ;
#652 = CC_DESIGN_SECURITY_CLASSIFICATION ( #1049, ( #573 ) ) ;
#653 = CARTESIAN_POINT ( 'NONE',  ( 8.521746542396341439, 6.185347204916576302, 8.705732684967824042 ) ) ;
#654 = EDGE_CURVE ( 'NONE', #628, #556, #198, .T. ) ;
#655 = DIRECTION ( 'NONE',  ( -0.000000000000000000, -1.000000000000000000, -0.000000000000000000 ) ) ;
#656 = CARTESIAN_POINT ( 'NONE',  ( -3.653608766410490372, 7.251546344449898207, 9.676269090457948252 ) ) ;
#657 = B_SPLINE_CURVE_WITH_KNOTS ( 'NONE', 3,
 ( #217, #541, #1408, #310, #670, #209, #1147, #1035, #1396, #796, #450, #1521, #1165, #67, #1021, #1158, #813, #931, #1292, #73, #916, #1402, #317, #1417, #1236, #1318, #870, #278, #24, #1469, #504, #1066, #837, #1553 ),
 .UNSPECIFIED., .F., .F.,
 ( 4, 2, 2, 2, 2, 2, 2, 2, 2, 2, 2, 2, 2, 2, 2, 2, 4 ),
 ( 0.008010541661915483724, 0.008679658456021265706, 0.009348775250127047687, 0.01001789204423282793, 0.01068700883833860991, 0.01135612563244439190, 0.01202524242655017214, 0.01269435922065595412, 0.01336347601476173610, 0.01403259280886751809, 0.01470170960297330007, 0.01537082639707908031, 0.01603994319118486056, 0.01670905998529064601, 0.01737817677939642452, 0.01804729357350220650, 0.01871641036760798849 ),
 .UNSPECIFIED. ) ;
#658 = CARTESIAN_POINT ( 'NONE',  ( 8.199999999999999289, 1.599999999999953904, -11.25833024919770509 ) ) ;
#659 = ORIENTED_EDGE ( 'NONE', *, *, #1430, .T. ) ;
#660 = CIRCLE ( 'NONE', #609, 3.249999999999997780 ) ;
#661 = EDGE_CURVE ( 'NONE', #98, #1145, #257, .T. ) ;
#662 = CARTESIAN_POINT ( 'NONE',  ( 0.000000000000000000, 0.000000000000000000, 0.000000000000000000 ) ) ;
#663 = CARTESIAN_POINT ( 'NONE',  ( 3.559824841097005255, 7.155051520027899237, 9.858928996667374989 ) ) ;
#664 = CARTESIAN_POINT ( 'NONE',  ( -4.007499262639579563, 7.501286862397484434, 9.161503330180678972 ) ) ;
#665 = CARTESIAN_POINT ( 'NONE',  ( 14.69999999999999929, 1.599999999999908828, -1.680616982015363730E-15 ) ) ;
#666 = ORIENTED_EDGE ( 'NONE', *, *, #125, .T. ) ;
#667 = VECTOR ( 'NONE', #1498, 1000.000000000000000 ) ;
#668 = ORIENTED_EDGE ( 'NONE', *, *, #996, .F. ) ;
#669 = LINE ( 'NONE', #1146, #377 ) ;
#670 = CARTESIAN_POINT ( 'NONE',  ( -5.453909991224247023, 7.634756896049895936, -8.173307498363373114 ) ) ;
#671 = CARTESIAN_POINT ( 'NONE',  ( 4.474616425466775738, 7.663623201974073318, 8.706638679878787812 ) ) ;
#672 = CYLINDRICAL_SURFACE ( 'NONE', #1472, 1.700000000000003508 ) ;
#673 = DIRECTION ( 'NONE',  ( 0.000000000000000000, 0.000000000000000000, 1.000000000000000000 ) ) ;
#674 = AXIS2_PLACEMENT_3D ( 'NONE', #1398, #798, #1531 ) ;
#675 = PRODUCT ( 'PenTip', 'PenTip', '', ( #1468 ) ) ;
#676 = CYLINDRICAL_SURFACE ( 'NONE', #1368, 1.700000000000003508 ) ;
#677 = CIRCLE ( 'NONE', #704, 1.700000000000008837 ) ;
#678 = CIRCLE ( 'NONE', #651, 17.50000000000000000 ) ;
#679 = DIRECTION ( 'NONE',  ( 0.000000000000000000, 0.000000000000000000, 1.000000000000000000 ) ) ;
#680 = CARTESIAN_POINT ( 'NONE',  ( -9.024776473655421682, 5.080197912779452096, -13.31684541586684034 ) ) ;
#681 = DIRECTION ( 'NONE',  ( -0.000000000000000000, 1.000000000000000000, -0.000000000000000000 ) ) ;
#682 = CARTESIAN_POINT ( 'NONE',  ( -16.22853820382700363, 5.064344273764044502, -0.4307881286207735361 ) ) ;
#683 = CARTESIAN_POINT ( 'NONE',  ( 14.60135373832056693, 5.278049639451916519, 2.836039914217977298 ) ) ;
#684 = TOROIDAL_SURFACE ( 'NONE', #1568, 17.50000000000000000, 12.49999999999999289 ) ;
#685 = DIRECTION ( 'NONE',  ( -0.000000000000000000, 1.000000000000000000, -0.000000000000000000 ) ) ;
#686 = CARTESIAN_POINT ( 'NONE',  ( 9.757229487302621962, 5.269902972355563264, -11.27545673038887131 ) ) ;
#687 = CARTESIAN_POINT ( 'NONE',  ( 0.000000000000000000, 17.49999999999999645, -5.000000000000007994 ) ) ;
#688 = CC_DESIGN_PERSON_AND_ORGANIZATION_ASSIGNMENT ( #957, #360, ( #573 ) ) ;
#689 = LINE ( 'NONE', #1185, #549 ) ;
#690 = EDGE_CURVE ( 'NONE', #1266, #958, #252, .T. ) ;
#691 = CIRCLE ( 'NONE', #5, 5.000000000000007994 ) ;
#692 = EDGE_LOOP ( 'NONE', ( #736, #927 ) ) ;
#693 = FACE_BOUND ( 'NONE', #385, .T. ) ;
#694 = EDGE_CURVE ( 'NONE', #1387, #1512, #202, .T. ) ;
#695 = DIRECTION ( 'NONE',  ( -0.000000000000000000, 1.000000000000000000, -0.000000000000000000 ) ) ;
#696 = CARTESIAN_POINT ( 'NONE',  ( 8.962057678835130048, 5.918725870062309546, -9.126746947787539810 ) ) ;
#697 = CARTESIAN_POINT ( 'NONE',  ( -6.296052980272976995, 7.362162792070307660, 8.008330249197703310 ) ) ;
#698 = ORIENTED_EDGE ( 'NONE', *, *, #943, .T. ) ;
#699 = CARTESIAN_POINT ( 'NONE',  ( -14.59704875125521717, 5.278833241667913789, -2.838627792571039254 ) ) ;
#700 = CARTESIAN_POINT ( 'NONE',  ( 14.02144852460100743, 5.399981152870348744, -3.092606330425456296 ) ) ;
#701 = CYLINDRICAL_SURFACE ( 'NONE', #802, 5.000000000000004441 ) ;
#702 = B_SPLINE_CURVE_WITH_KNOTS ( 'NONE', 3,
 ( #635, #642, #270, #864, #507, #157, #1238, #514, #141, #521, #1350, #1479, #1123, #994, #751, #1106, #986, #392, #41, #881, #1004, #1471, #767, #262, #1228, #629, #1244, #1366, #26, #386, #872, #1358, #760, #151 ),
 .UNSPECIFIED., .F., .F.,
 ( 4, 2, 2, 2, 2, 2, 2, 2, 2, 2, 2, 2, 2, 2, 2, 2, 4 ),
 ( 0.01848105528394072480, 0.01914847506948312225, 0.01981589485502551623, 0.02048331464056791368, 0.02115073442611030766, 0.02181815421165270510, 0.02248557399719509908, 0.02315299378273749653, 0.02382041356827989051, 0.02448783335382228796, 0.02515525313936468194, 0.02582267292490707938, 0.02649009271044947336, 0.02682380260322067209, 0.02715751249599186734, 0.02782493228153426479, 0.02915977185261905968 ),
 .UNSPECIFIED. ) ;
#703 = DIRECTION ( 'NONE',  ( -0.000000000000000000, 1.000000000000000000, -0.000000000000000000 ) ) ;
#704 = AXIS2_PLACEMENT_3D ( 'NONE', #1128, #1485, #779 ) ;
#705 = DIRECTION ( 'NONE',  ( -0.000000000000000000, 1.000000000000000000, -0.000000000000000000 ) ) ;
#706 = EDGE_LOOP ( 'NONE', ( #1290, #17, #1019, #1114 ) ) ;
#707 = LINE ( 'NONE', #1405, #319 ) ;
#708 = VERTEX_POINT ( 'NONE', #1459 ) ;
#709 = CARTESIAN_POINT ( 'NONE',  ( -11.04000474517221519, 6.619908132789977806, -2.600542645586592538 ) ) ;
#710 = ADVANCED_FACE ( 'NONE', ( #1345 ), #616, .F. ) ;
#711 = CARTESIAN_POINT ( 'NONE',  ( 11.38555737490078101, 6.408550407602977117, 2.828038672382485963 ) ) ;
#712 = CARTESIAN_POINT ( 'NONE',  ( 9.022551021252336767, 5.080089433775968111, -13.31950834112735649 ) ) ;
#713 = AXIS2_PLACEMENT_3D ( 'NONE', #1040, #578, #1513 ) ;
#714 = ORIENTED_EDGE ( 'NONE', *, *, #196, .T. ) ;
#715 = DIRECTION ( 'NONE',  ( 0.000000000000000000, 0.000000000000000000, 1.000000000000000000 ) ) ;
#716 = FACE_OUTER_BOUND ( 'NONE', #706, .T. ) ;
#717 = ORIENTED_EDGE ( 'NONE', *, *, #774, .T. ) ;
#718 = CARTESIAN_POINT ( 'NONE',  ( -9.780558927974679406, 7.660451348847280073, 0.4592674205157962763 ) ) ;
#719 = CARTESIAN_POINT ( 'NONE',  ( 9.775691514855509467, 7.665068367449809017, 0.4663454292053977879 ) ) ;
#720 = DIRECTION ( 'NONE',  ( 0.000000000000000000, -0.000000000000000000, -1.000000000000000000 ) ) ;
#721 = ORIENTED_EDGE ( 'NONE', *, *, #1331, .F. ) ;
#722 = AXIS2_PLACEMENT_3D ( 'NONE', #395, #1267, #1245 ) ;
#723 = CARTESIAN_POINT ( 'NONE',  ( -6.500000000000017764, 7.271866324421676353, 8.008330249197705086 ) ) ;
#724 = PERSON_AND_ORGANIZATION ( #585, #393 ) ;
#725 = EDGE_CURVE ( 'NONE', #1139, #12, #1110, .T. ) ;
#726 = ADVANCED_FACE ( 'NONE', ( #1102, #1566, #478, #14 ), #28, .F. ) ;
#727 = ORIENTED_EDGE ( 'NONE', *, *, #1280, .T. ) ;
#728 = FACE_BOUND ( 'NONE', #224, .T. ) ;
#729 = CARTESIAN_POINT ( 'NONE',  ( -6.499999999999992895, 1.600000000000044054, 11.25833024919770509 ) ) ;
#730 = ORIENTED_EDGE ( 'NONE', *, *, #661, .T. ) ;
#731 = CARTESIAN_POINT ( 'NONE',  ( -8.187685740533860113, 5.062100958627451242, 14.04457052298947239 ) ) ;
#732 = PERSON_AND_ORGANIZATION ( #585, #393 ) ;
#733 = ORIENTED_EDGE ( 'NONE', *, *, #45, .F. ) ;
#734 = CARTESIAN_POINT ( 'NONE',  ( -9.869730252752118460, 7.568927125853585736, -0.9028472324710281605 ) ) ;
#735 = FACE_OUTER_BOUND ( 'NONE', #1003, .T. ) ;
#736 = ORIENTED_EDGE ( 'NONE', *, *, #1099, .T. ) ;
#737 = CIRCLE ( 'NONE', #52, 1.699999999999998401 ) ;
#738 = DIRECTION ( 'NONE',  ( 0.000000000000000000, 0.000000000000000000, -1.000000000000000000 ) ) ;
#739 = CARTESIAN_POINT ( 'NONE',  ( -13.41243314042841028, 5.559856405930509560, 3.230373365351051795 ) ) ;
#740 = ORIENTED_EDGE ( 'NONE', *, *, #1321, .F. ) ;
#741 = ADVANCED_FACE ( 'NONE', ( #1446 ), #623, .F. ) ;
#742 = DIRECTION ( 'NONE',  ( -0.000000000000000000, 1.000000000000000000, -0.000000000000000000 ) ) ;
#743 = EDGE_CURVE ( 'NONE', #772, #1539, #1007, .T. ) ;
#744 = CARTESIAN_POINT ( 'NONE',  ( 6.500000000000003553, -1.647987302177966740E-13, 12.95833024919771148 ) ) ;
#745 = VERTEX_POINT ( 'NONE', #989 ) ;
#746 = CARTESIAN_POINT ( 'NONE',  ( 6.500000000000000888, -1.647987302177966740E-13, -11.25833024919770509 ) ) ;
#747 = VECTOR ( 'NONE', #891, 1000.000000000000000 ) ;
#748 =( LENGTH_UNIT ( ) NAMED_UNIT ( * ) SI_UNIT ( .MILLI., .METRE. ) );
#749 = CARTESIAN_POINT ( 'NONE',  ( 9.936865236591287953, 7.501556887940141749, -1.107196610424185268 ) ) ;
#750 = ORIENTED_EDGE ( 'NONE', *, *, #809, .T. ) ;
#751 = CARTESIAN_POINT ( 'NONE',  ( 3.330729387077259851, 6.059102936565393449, -12.00621872916908117 ) ) ;
#752 = CARTESIAN_POINT ( 'NONE',  ( -6.500000000000000000, 1.600000000000044054, -11.25833024919770331 ) ) ;
#753 = CARTESIAN_POINT ( 'NONE',  ( 0.000000000000000000, 0.000000000000000000, -17.50000000000000000 ) ) ;
#754 = ORIENTED_EDGE ( 'NONE', *, *, #1482, .T. ) ;
#755 = CARTESIAN_POINT ( 'NONE',  ( -4.277666965702220381, 5.416361622761851180, 13.63959471301532211 ) ) ;
#756 = APPLICATION_CONTEXT ( 'configuration controlled 3d designs of mechanical parts and assemblies' ) ;
#757 = AXIS2_PLACEMENT_3D ( 'NONE', #97, #576, #471 ) ;
#758 = FACE_OUTER_BOUND ( 'NONE', #292, .T. ) ;
#759 = ORIENTED_EDGE ( 'NONE', *, *, #885, .F. ) ;
#760 = CARTESIAN_POINT ( 'NONE',  ( 6.091984549716408459, 7.452513013723556234, -8.008330249197706863 ) ) ;
#761 = CARTESIAN_POINT ( 'NONE',  ( 6.940337792162301511, 5.082928638270676203, 14.48609203481394658 ) ) ;
#762 = CARTESIAN_POINT ( 'NONE',  ( 5.349871204202935715, 7.649884389343968749, 8.216607997950731601 ) ) ;
#763 = CARTESIAN_POINT ( 'NONE',  ( -3.385786972394031480, 5.968023663026708725, 12.21092825506028312 ) ) ;
#764 = ADVANCED_FACE ( 'NONE', ( #1370 ), #1111, .F. ) ;
#765 = LINE ( 'NONE', #1031, #781 ) ;
#766 = ORIENTED_EDGE ( 'NONE', *, *, #606, .T. ) ;
#767 = CARTESIAN_POINT ( 'NONE',  ( 3.653389950676230402, 7.251308284836464502, -9.676714550235987033 ) ) ;
#768 = CARTESIAN_POINT ( 'NONE',  ( 6.702007910864605122, 7.182428386997715464, 8.008330249197699757 ) ) ;
#769 = CARTESIAN_POINT ( 'NONE',  ( 3.409712892952776020, 6.955574594359156038, 10.23213366635822652 ) ) ;
#770 = CARTESIAN_POINT ( 'NONE',  ( -3.981996624905958182, 5.525998346829562813, 13.32444824316290877 ) ) ;
#771 = DIRECTION ( 'NONE',  ( -0.000000000000000000, 1.000000000000000000, -0.000000000000000000 ) ) ;
#772 = VERTEX_POINT ( 'NONE', #1382 ) ;
#773 = EDGE_CURVE ( 'NONE', #150, #124, #660, .T. ) ;
#774 = EDGE_CURVE ( 'NONE', #237, #852, #329, .T. ) ;
#775 = DIRECTION ( 'NONE',  ( -0.000000000000000000, 1.000000000000000000, -0.000000000000000000 ) ) ;
#776 = CARTESIAN_POINT ( 'NONE',  ( 6.277110092520642226, 5.114878085870943281, 14.50833024919769798 ) ) ;
#777 = CARTESIAN_POINT ( 'NONE',  ( -3.331452829088713763, 6.057693134927695233, 12.00933037497003752 ) ) ;
#778 = EDGE_CURVE ( 'NONE', #483, #1250, #737, .T. ) ;
#779 = DIRECTION ( 'NONE',  ( 0.000000000000000000, 0.000000000000000000, 1.000000000000000000 ) ) ;
#780 = ORIENTED_EDGE ( 'NONE', *, *, #1444, .T. ) ;
#781 = VECTOR ( 'NONE', #165, 1000.000000000000000 ) ;
#782 = CARTESIAN_POINT ( 'NONE',  ( 7.844082048488894010, 6.579424210177807986, 8.292768381129361543 ) ) ;
#783 = CARTESIAN_POINT ( 'NONE',  ( 3.253243505757346554, 6.542667779891695901, 11.01008572056589330 ) ) ;
#784 = CARTESIAN_POINT ( 'NONE',  ( -6.053689459399583583, 5.129904160186375073, 14.48520776136700583 ) ) ;
#785 = DIRECTION ( 'NONE',  ( -0.000000000000000000, 1.000000000000000000, -0.000000000000000000 ) ) ;
#786 = ORIENTED_EDGE ( 'NONE', *, *, #1218, .T. ) ;
#787 = AXIS2_PLACEMENT_3D ( 'NONE', #1325, #1210, #613 ) ;
#788 = ORIENTED_EDGE ( 'NONE', *, *, #424, .T. ) ;
#789 = CARTESIAN_POINT ( 'NONE',  ( 9.157198596610641061, 5.087999341909571704, 13.14254290430776173 ) ) ;
#790 = DIRECTION ( 'NONE',  ( 0.000000000000000000, 0.000000000000000000, 1.000000000000000000 ) ) ;
#791 = CARTESIAN_POINT ( 'NONE',  ( 6.500000000000014211, 5.103100525270056309, 14.50833024919769976 ) ) ;
#792 = FACE_OUTER_BOUND ( 'NONE', #1207, .T. ) ;
#793 = PLANE ( 'NONE',  #115 ) ;
#794 = VERTEX_POINT ( 'NONE', #54 ) ;
#795 = DIRECTION ( 'NONE',  ( -0.000000000000000000, -1.000000000000000000, -0.000000000000000000 ) ) ;
#796 = CARTESIAN_POINT ( 'NONE',  ( -4.005289235277254001, 7.500151773768929608, -9.164116049854396095 ) ) ;
#797 = CARTESIAN_POINT ( 'NONE',  ( 8.190291399253537108, 5.062103768334989873, -14.04302134596361107 ) ) ;
#798 = DIRECTION ( 'NONE',  ( -1.000000000000000000, 0.000000000000000000, 0.000000000000000000 ) ) ;
#799 = CARTESIAN_POINT ( 'NONE',  ( -15.43275028122105397, 5.147172016444451437, -2.165787137124025374 ) ) ;
#800 = VECTOR ( 'NONE', #172, 1000.000000000000000 ) ;
#801 = CARTESIAN_POINT ( 'NONE',  ( 14.95784445650806660, 5.215823242720206920, -2.602777404390882676 ) ) ;
#802 = AXIS2_PLACEMENT_3D ( 'NONE', #1536, #924, #1268 ) ;
#803 = FACE_OUTER_BOUND ( 'NONE', #1340, .T. ) ;
#804 = CARTESIAN_POINT ( 'NONE',  ( 6.500000000000000888, 9.999999999999955591, -11.25833024919770509 ) ) ;
#805 = CC_DESIGN_DATE_AND_TIME_ASSIGNMENT ( #1256, #898, ( #1049 ) ) ;
#806 = DIRECTION ( 'NONE',  ( 0.000000000000000000, 0.000000000000000000, 1.000000000000000000 ) ) ;
#807 = ADVANCED_FACE ( 'NONE', ( #1023 ), #534, .T. ) ;
#808 = CARTESIAN_POINT ( 'NONE',  ( -14.01956393933060774, 5.400453979235373403, -3.093085328079408391 ) ) ;
#809 = EDGE_CURVE ( 'NONE', #1512, #1387, #1541, .T. ) ;
#810 = ORIENTED_EDGE ( 'NONE', *, *, #943, .F. ) ;
#811 = CARTESIAN_POINT ( 'NONE',  ( 14.41040358574853997, 5.314944209176675649, 2.935617419131818284 ) ) ;
#812 = AXIS2_PLACEMENT_3D ( 'NONE', #1322, #1192, #715 ) ;
#813 = CARTESIAN_POINT ( 'NONE',  ( -3.253279461238559822, 6.541919307067614930, -11.01159201375270946 ) ) ;
#814 = DIRECTION ( 'NONE',  ( 0.000000000000000000, 0.000000000000000000, -1.000000000000000000 ) ) ;
#815 = CARTESIAN_POINT ( 'NONE',  ( 6.500000000000000888, 1.599999999999953904, -11.25833024919770509 ) ) ;
#816 = ORIENTED_EDGE ( 'NONE', *, *, #1301, .F. ) ;
#817 = DIRECTION ( 'NONE',  ( -0.000000000000000000, -1.000000000000000000, -0.000000000000000000 ) ) ;
#818 = VERTEX_POINT ( 'NONE', #897 ) ;
#819 = CARTESIAN_POINT ( 'NONE',  ( 15.80884589071592039, 5.103265363735064675, 1.648843185131000810 ) ) ;
#820 = CIRCLE ( 'NONE', #1092, 1.699999999999998401 ) ;
#821 = CARTESIAN_POINT ( 'NONE',  ( -13.00000000000000000, 1.600000000000089129, 0.000000000000000000 ) ) ;
#822 = DIRECTION ( 'NONE',  ( 0.000000000000000000, 0.000000000000000000, 1.000000000000000000 ) ) ;
#823 = CARTESIAN_POINT ( 'NONE',  ( 6.500000000000003553, -1.647987302177966740E-13, 9.558330249197689810 ) ) ;
#824 = EDGE_LOOP ( 'NONE', ( #816, #369, #1315, #1299 ) ) ;
#825 = CARTESIAN_POINT ( 'NONE',  ( -14.60250239182692766, 5.277833946960642564, 2.835396688013974487 ) ) ;
#826 = EDGE_CURVE ( 'NONE', #124, #330, #406, .T. ) ;
#827 = ORIENTED_EDGE ( 'NONE', *, *, #996, .T. ) ;
#828 = CARTESIAN_POINT ( 'NONE',  ( 15.43133184293168547, 5.147347518425469559, 2.167468985208715004 ) ) ;
#829 = CARTESIAN_POINT ( 'NONE',  ( 10.11461488826902411, 7.334050400797946345, 1.510966631823021933 ) ) ;
#830 = CARTESIAN_POINT ( 'NONE',  ( -7.384795081491310142, 5.068528164670533798, -14.41700602171048295 ) ) ;
#831 = AXIS2_PLACEMENT_3D ( 'NONE', #1288, #1314, #222 ) ;
#832 = VERTEX_POINT ( 'NONE', #296 ) ;
#833 = CARTESIAN_POINT ( 'NONE',  ( -6.500000000000000000, 10.00000000000004619, -8.008330249197703310 ) ) ;
#834 = EDGE_CURVE ( 'NONE', #556, #628, #1200, .T. ) ;
#835 = ORIENTED_EDGE ( 'NONE', *, *, #13, .F. ) ;
#836 = CARTESIAN_POINT ( 'NONE',  ( -12.78303797702584887, 5.764576044559812651, -3.249999999999996891 ) ) ;
#837 = CARTESIAN_POINT ( 'NONE',  ( -6.275249479145649900, 5.114976401164733844, -14.50833024919853464 ) ) ;
#838 = CARTESIAN_POINT ( 'NONE',  ( -9.730919612404660413, 5.346926945949925347, -10.84520148452381072 ) ) ;
#839 = ORIENTED_EDGE ( 'NONE', *, *, #654, .F. ) ;
#840 = EDGE_CURVE ( 'NONE', #859, #856, #1168, .T. ) ;
#841 = CARTESIAN_POINT ( 'NONE',  ( -8.977353508176850738, 5.911103949336024677, 9.115786052380599358 ) ) ;
#842 = PERSON_AND_ORGANIZATION ( #585, #393 ) ;
#843 = ORIENTED_EDGE ( 'NONE', *, *, #223, .F. ) ;
#844 = LINE ( 'NONE', #1187, #1083 ) ;
#845 = CARTESIAN_POINT ( 'NONE',  ( 13.00000000000000178, 1.599999999999908828, -1.680616982015363730E-15 ) ) ;
#846 = ORIENTED_EDGE ( 'NONE', *, *, #1371, .T. ) ;
#847 = CIRCLE ( 'NONE', #162, 1.700000000000008837 ) ;
#848 = CARTESIAN_POINT ( 'NONE',  ( -9.632156858841426583, 5.159476525586446094, 12.15295905196243531 ) ) ;
#849 = ORIENTED_EDGE ( 'NONE', *, *, #1321, .T. ) ;
#850 = CARTESIAN_POINT ( 'NONE',  ( -9.939124904640102898, 7.499344168131057309, 1.113388135976373539 ) ) ;
#851 = CARTESIAN_POINT ( 'NONE',  ( -13.00000000000000000, 1.600000000000089129, 0.000000000000000000 ) ) ;
#852 = VERTEX_POINT ( 'NONE', #823 ) ;
#853 = CIRCLE ( 'NONE', #116, 5.000000000000000888 ) ;
#854 = ADVANCED_FACE ( 'NONE', ( #1060 ), #1538, .F. ) ;
#855 = DIRECTION ( 'NONE',  ( 0.000000000000000000, 0.000000000000000000, -1.000000000000000000 ) ) ;
#856 = VERTEX_POINT ( 'NONE', #934 ) ;
#857 = CARTESIAN_POINT ( 'NONE',  ( -12.78174858940176328, 5.765010352856042353, 3.250000000000059508 ) ) ;
#858 = FACE_OUTER_BOUND ( 'NONE', #1175, .T. ) ;
#859 = VERTEX_POINT ( 'NONE', #561 ) ;
#860 = AXIS2_PLACEMENT_3D ( 'NONE', #1135, #154, #884 ) ;
#861 = CARTESIAN_POINT ( 'NONE',  ( -6.722452574405912706, 5.091346073462352351, 14.50833024919771397 ) ) ;
#862 = CARTESIAN_POINT ( 'NONE',  ( 11.95022994622823376, 6.111809697131507235, 3.082790758332541348 ) ) ;
#863 = VERTEX_POINT ( 'NONE', #1270 ) ;
#864 = CARTESIAN_POINT ( 'NONE',  ( 5.613666549032323871, 5.168938832311992471, -14.39309822482226409 ) ) ;
#865 = FACE_BOUND ( 'NONE', #1442, .T. ) ;
#866 = VERTEX_POINT ( 'NONE', #192 ) ;
#867 = CARTESIAN_POINT ( 'NONE',  ( -9.696045166557855310, 5.391929940955403566, 10.63100001850126297 ) ) ;
#868 = AXIS2_PLACEMENT_3D ( 'NONE', #80, #191, #814 ) ;
#869 = CARTESIAN_POINT ( 'NONE',  ( 0.000000000000000000, 0.000000000000000000, 0.000000000000000000 ) ) ;
#870 = CARTESIAN_POINT ( 'NONE',  ( -4.441031025158198808, 5.368934776922668739, -13.78268211671234056 ) ) ;
#871 = EDGE_LOOP ( 'NONE', ( #240, #112, #582, #246 ) ) ;
#872 = CARTESIAN_POINT ( 'NONE',  ( 5.041308556993781664, 7.694407764736140187, -8.345418984007084262 ) ) ;
#873 = FACE_BOUND ( 'NONE', #468, .T. ) ;
#874 = CARTESIAN_POINT ( 'NONE',  ( 6.084147944453746959, 7.446399499617205819, 8.027989183243045446 ) ) ;
#875 = CARTESIAN_POINT ( 'NONE',  ( 6.500000000000003553, -1.647987302177966740E-13, 11.25833024919770153 ) ) ;
#876 = APPROVAL_DATE_TIME ( #1152, #1526 ) ;
#877 = VECTOR ( 'NONE', #893, 1000.000000000000000 ) ;
#878 = AXIS2_PLACEMENT_3D ( 'NONE', #1461, #376, #93 ) ;
#879 = CYLINDRICAL_SURFACE ( 'NONE', #878, 3.249999999999998668 ) ;
#880 = ORIENTED_EDGE ( 'NONE', *, *, #277, .F. ) ;
#881 = CARTESIAN_POINT ( 'NONE',  ( 3.354140622178080289, 6.854889239089668074, -10.41847097732643412 ) ) ;
#882 = CARTESIAN_POINT ( 'NONE',  ( 7.476985017725256810, 6.783697902840236438, 8.152430376125256117 ) ) ;
#883 = CARTESIAN_POINT ( 'NONE',  ( 0.000000000000000000, 0.000000000000000000, -5.000000000000004441 ) ) ;
#884 = DIRECTION ( 'NONE',  ( 0.000000000000000000, 0.000000000000000000, -1.000000000000000000 ) ) ;
#885 = EDGE_CURVE ( 'NONE', #979, #1055, #691, .T. ) ;
#886 = ADVANCED_FACE ( 'NONE', ( #211 ), #1278, .F. ) ;
#887 = AXIS2_PLACEMENT_3D ( 'NONE', #1455, #595, #362 ) ;
#888 = LINE ( 'NONE', #649, #949 ) ;
#889 = VERTEX_POINT ( 'NONE', #1183 ) ;
#890 = CARTESIAN_POINT ( 'NONE',  ( 8.189432632831499248, 5.062103843306958062, 14.04351793012850003 ) ) ;
#891 = DIRECTION ( 'NONE',  ( -0.000000000000000000, 1.000000000000000000, -0.000000000000000000 ) ) ;
#892 = CARTESIAN_POINT ( 'NONE',  ( 6.500000000000000888, 9.999999999999955591, -14.50833024919770331 ) ) ;
#893 = DIRECTION ( 'NONE',  ( -0.000000000000000000, 1.000000000000000000, -0.000000000000000000 ) ) ;
#894 = ORIENTED_EDGE ( 'NONE', *, *, #196, .F. ) ;
#895 = FACE_BOUND ( 'NONE', #1494, .T. ) ;
#896 = VERTEX_POINT ( 'NONE', #918 ) ;
#897 = CARTESIAN_POINT ( 'NONE',  ( -13.00000000000000000, -2.949029909160572061E-14, 1.700000000000008837 ) ) ;
#898 = DATE_TIME_ROLE ( 'classification_date' ) ;
#899 = CARTESIAN_POINT ( 'NONE',  ( -13.00000000000000000, 1.600000000000089129, -3.249999999999997780 ) ) ;
#900 = ORIENTED_EDGE ( 'NONE', *, *, #1248, .T. ) ;
#901 = CIRCLE ( 'NONE', #831, 3.249999999999999556 ) ;
#902 = CARTESIAN_POINT ( 'NONE',  ( 6.500000000000042633, 5.103100525270054533, -14.50833024919770331 ) ) ;
#903 = DIRECTION ( 'NONE',  ( 0.000000000000000000, 0.000000000000000000, 1.000000000000000000 ) ) ;
#904 = CARTESIAN_POINT ( 'NONE',  ( 3.848527146176922820, 5.589325160459846842, 13.14957547531590976 ) ) ;
#905 = CARTESIAN_POINT ( 'NONE',  ( -6.275001425127097576, 5.114989508403681384, 14.50833024919769265 ) ) ;
#906 = DIRECTION ( 'NONE',  ( 0.000000000000000000, 0.000000000000000000, -1.000000000000000000 ) ) ;
#907 = AXIS2_PLACEMENT_3D ( 'NONE', #497, #742, #975 ) ;
#908 = EDGE_LOOP ( 'NONE', ( #1470, #698 ) ) ;
#909 = CYLINDRICAL_SURFACE ( 'NONE', #980, 17.50000000000000000 ) ;
#910 = CARTESIAN_POINT ( 'NONE',  ( -6.499999999999992895, 1.600000000000044054, 8.008330249197705086 ) ) ;
#911 = CARTESIAN_POINT ( 'NONE',  ( 9.322143653614370251, 5.687955584976495338, -9.632893561083848866 ) ) ;
#912 = DIRECTION ( 'NONE',  ( 0.000000000000000000, 0.000000000000000000, 1.000000000000000000 ) ) ;
#913 = DIRECTION ( 'NONE',  ( 0.000000000000000000, 0.000000000000000000, -1.000000000000000000 ) ) ;
#914 = ORIENTED_EDGE ( 'NONE', *, *, #92, .F. ) ;
#915 = CARTESIAN_POINT ( 'NONE',  ( 13.81900362539797378, 5.449099172516846501, -3.151926428733127228 ) ) ;
#916 = CARTESIAN_POINT ( 'NONE',  ( -3.386334742695168654, 5.967408160118271354, -12.21238117014116931 ) ) ;
#917 = CARTESIAN_POINT ( 'NONE',  ( 6.500000000000042633, 5.103100525270054533, -14.50833024919770331 ) ) ;
#918 = CARTESIAN_POINT ( 'NONE',  ( -13.00000000000000000, 1.600000000000089129, 1.699999999999998401 ) ) ;
#919 = EDGE_CURVE ( 'NONE', #351, #1457, #538, .T. ) ;
#920 = CARTESIAN_POINT ( 'NONE',  ( -16.24997107456009715, 5.062659361860178286, 0.2147177064009636316 ) ) ;
#921 = CIRCLE ( 'NONE', #1533, 3.249999999999999556 ) ;
#922 = CARTESIAN_POINT ( 'NONE',  ( 13.00000000000000178, -2.099015405931936584E-13, -1.700000000000012168 ) ) ;
#923 = AXIS2_PLACEMENT_3D ( 'NONE', #1302, #421, #903 ) ;
#924 = DIRECTION ( 'NONE',  ( -0.000000000000000000, -1.000000000000000000, -0.000000000000000000 ) ) ;
#925 = DIRECTION ( 'NONE',  ( -0.000000000000000000, 1.000000000000000000, -0.000000000000000000 ) ) ;
#926 = CARTESIAN_POINT ( 'NONE',  ( -6.500000000000017764, 7.271866324421676353, 8.008330249197705086 ) ) ;
#927 = ORIENTED_EDGE ( 'NONE', *, *, #1506, .T. ) ;
#928 = CARTESIAN_POINT ( 'NONE',  ( -13.00000000000000000, 10.00000000000009059, 0.000000000000000000 ) ) ;
#929 = EDGE_CURVE ( 'NONE', #124, #150, #131, .T. ) ;
#930 = DIRECTION ( 'NONE',  ( 0.000000000000000000, 0.000000000000000000, 1.000000000000000000 ) ) ;
#931 = CARTESIAN_POINT ( 'NONE',  ( -3.247424416488807974, 6.341417331430856841, -11.40941329653496972 ) ) ;
#932 = CARTESIAN_POINT ( 'NONE',  ( 6.500000000000003553, 1.599999999999953904, 11.25833024919770153 ) ) ;
#933 = B_SPLINE_CURVE_WITH_KNOTS ( 'NONE', 3,
 ( #101, #149, #596, #1348, #1426, #390, #1181, #1226, #633, #259, #1544, #1311, #1189, #749, #31, #139, #226, #342, #719, #626, #587, #829, #466, #110, #1104, #984, #579, #711, #992, #862, #16, #459, #1113, #947 ),
 .UNSPECIFIED., .F., .F.,
 ( 4, 2, 2, 2, 2, 2, 2, 2, 2, 2, 2, 2, 2, 2, 2, 2, 4 ),
 ( 0.01874830064837355523, 0.01943512962265092278, 0.02012195859692829034, 0.02080878757120565442, 0.02149561654548302198, 0.02218244551976038953, 0.02286927449403775708, 0.02355610346831512464, 0.02424293244259249219, 0.02492976141686985628, 0.02561659039114722383, 0.02630341936542459139, 0.02699024833970195894, 0.02767707731397932303, 0.02836390628825669058, 0.02905073526253405813, 0.02973756423681142569 ),
 .UNSPECIFIED. ) ;
#934 = CARTESIAN_POINT ( 'NONE',  ( 13.00000000000000178, 1.599999999999908828, -1.700000000000000178 ) ) ;
#935 = ADVANCED_FACE ( 'NONE', ( #1419 ), #1174, .F. ) ;
#936 = ORIENTED_EDGE ( 'NONE', *, *, #523, .F. ) ;
#937 = CARTESIAN_POINT ( 'NONE',  ( -15.80991084371658673, 5.103152828806185148, -1.647044277322555983 ) ) ;
#938 = ORIENTED_EDGE ( 'NONE', *, *, #160, .F. ) ;
#939 = CARTESIAN_POINT ( 'NONE',  ( 15.43230954008078548, 5.147240059808313895, -2.166137440009229032 ) ) ;
#940 = DIRECTION ( 'NONE',  ( 0.000000000000000000, 0.000000000000000000, -1.000000000000000000 ) ) ;
#941 = DIRECTION ( 'NONE',  ( 0.000000000000000000, 0.000000000000000000, 1.000000000000000000 ) ) ;
#942 = EDGE_LOOP ( 'NONE', ( #1178, #988, #513, #121 ) ) ;
#943 = EDGE_CURVE ( 'NONE', #480, #615, #1421, .T. ) ;
#944 = CARTESIAN_POINT ( 'NONE',  ( -16.08030098573817313, 5.076914023688575028, -1.058484676358706356 ) ) ;
#945 = ORIENTED_EDGE ( 'NONE', *, *, #654, .T. ) ;
#946 = CARTESIAN_POINT ( 'NONE',  ( -11.94933515132493795, 6.112251819121192753, -3.082451353028368146 ) ) ;
#947 = CARTESIAN_POINT ( 'NONE',  ( 13.00000000000975930, 5.691496076382644986, 3.249999999999997780 ) ) ;
#948 = DIRECTION ( 'NONE',  ( 0.000000000000000000, 0.000000000000000000, 1.000000000000000000 ) ) ;
#949 = VECTOR ( 'NONE', #1501, 1000.000000000000000 ) ;
#950 = ORIENTED_EDGE ( 'NONE', *, *, #1273, .T. ) ;
#951 = DIRECTION ( 'NONE',  ( -0.000000000000000000, 1.000000000000000000, -0.000000000000000000 ) ) ;
#952 = DIRECTION ( 'NONE',  ( -0.000000000000000000, 1.000000000000000000, -0.000000000000000000 ) ) ;
#953 = ORIENTED_EDGE ( 'NONE', *, *, #834, .F. ) ;
#954 = DIRECTION ( 'NONE',  ( -0.000000000000000000, 1.000000000000000000, -0.000000000000000000 ) ) ;
#955 = CARTESIAN_POINT ( 'NONE',  ( -6.500000000000000000, 7.271866324421687011, -8.008330249197703310 ) ) ;
#956 = EDGE_LOOP ( 'NONE', ( #146, #1379, #462 ) ) ;
#957 = PERSON_AND_ORGANIZATION ( #585, #393 ) ;
#958 = VERTEX_POINT ( 'NONE', #219 ) ;
#959 = FACE_OUTER_BOUND ( 'NONE', #391, .T. ) ;
#960 = DIRECTION ( 'NONE',  ( -0.000000000000000000, 1.000000000000000000, -0.000000000000000000 ) ) ;
#961 = EDGE_CURVE ( 'NONE', #818, #896, #581, .T. ) ;
#962 = ORIENTED_EDGE ( 'NONE', *, *, #1411, .F. ) ;
#963 = ADVANCED_FACE ( 'NONE', ( #95 ), #1287, .F. ) ;
#964 = DIRECTION ( 'NONE',  ( -0.000000000000000000, 1.000000000000000000, -0.000000000000000000 ) ) ;
#965 = PERSON_AND_ORGANIZATION_ROLE ( 'design_owner' ) ;
#966 = ORIENTED_EDGE ( 'NONE', *, *, #405, .F. ) ;
#967 = CARTESIAN_POINT ( 'NONE',  ( -10.45379887452355661, 7.043749250998477152, -2.030291681307172524 ) ) ;
#968 = CARTESIAN_POINT ( 'NONE',  ( -8.823069681719319490, 6.004005354084372748, -8.976429211589170620 ) ) ;
#969 = ORIENTED_EDGE ( 'NONE', *, *, #405, .T. ) ;
#970 = APPROVAL_PERSON_ORGANIZATION ( #842, #475, #1567 ) ;
#971 = CARTESIAN_POINT ( 'NONE',  ( -8.549604601734122511, 5.065289249148797524, 13.79023447302823868 ) ) ;
#972 = APPROVAL_DATE_TIME ( #493, #475 ) ;
#973 = FACE_OUTER_BOUND ( 'NONE', #942, .T. ) ;
#974 = ORIENTED_EDGE ( 'NONE', *, *, #1492, .T. ) ;
#975 = DIRECTION ( 'NONE',  ( 0.000000000000000000, 0.000000000000000000, 1.000000000000000000 ) ) ;
#976 = B_SPLINE_CURVE_WITH_KNOTS ( 'NONE', 3,
 ( #557, #1416, #458, #449, #332, #811, #683, #84, #1535, #828, #569, #819, #1048, #1033, #1401, #1520, #1300, #1395, #1527, #443, #216, #548, #1543, #316, #939, #435, #801, #309, #1284, #700, #915, #341, #66, #1179 ),
 .UNSPECIFIED., .F., .F.,
 ( 4, 2, 2, 2, 2, 2, 2, 2, 2, 2, 2, 2, 2, 2, 2, 2, 4 ),
 ( 0.008468372276159905759, 0.009110867799423260152, 0.009753363322686614545, 0.01039585884594996894, 0.01103835436921332333, 0.01168084989247667599, 0.01232334541574002865, 0.01296584093900337957, 0.01360833646226673049, 0.01425083198553008315, 0.01489332750879343234, 0.01553582303205678500, 0.01617831855532013766, 0.01682081407858349031, 0.01746330960184684644, 0.01810580512511020257, 0.01874830064837355523 ),
 .UNSPECIFIED. ) ;
#977 = CARTESIAN_POINT ( 'NONE',  ( -6.499999999999992895, -7.459310946700270506E-14, 11.25833024919770509 ) ) ;
#978 = B_SPLINE_CURVE_WITH_KNOTS ( 'NONE', 3,
 ( #60, #542, #1022, #1505, #422, #304, #334, #560, #430, #1515, #696, #1427, #911, #1537, #580, #1042, #227, #686, #1530, #86, #1397, #437, #572, #565, #712, #1166, #460, #797, #1051, #318, #1059, #917 ),
 .UNSPECIFIED., .F., .F.,
 ( 4, 2, 2, 2, 2, 2, 2, 2, 2, 2, 2, 2, 2, 2, 2, 4 ),
 ( 0.007927533242753442844, 0.008587128370327648183, 0.009246723497901853522, 0.009906318625476058862, 0.01056591375305026420, 0.01122550888062446954, 0.01188510400819867488, 0.01254469913577288195, 0.01320429426334708556, 0.01386388939092129090, 0.01452348451849549624, 0.01518307964606970331, 0.01584267477364390692, 0.01650226990121811399, 0.01716186502879232106, 0.01848105528394072480 ),
 .UNSPECIFIED. ) ;
#979 = VERTEX_POINT ( 'NONE', #687 ) ;
#980 = AXIS2_PLACEMENT_3D ( 'NONE', #427, #795, #206 ) ;
#981 = ADVANCED_FACE ( 'NONE', ( #792 ), #672, .F. ) ;
#982 = CARTESIAN_POINT ( 'NONE',  ( -9.483258542155301285, 5.123661962095226841, 12.56635767772550949 ) ) ;
#983 = APPLICATION_PROTOCOL_DEFINITION ( 'international standard', 'config_control_design', 1994, #498 ) ;
#984 = CARTESIAN_POINT ( 'NONE',  ( 10.88283614185885106, 6.725226197068812972, 2.474184265548693418 ) ) ;
#985 = VERTEX_POINT ( 'NONE', #69 ) ;
#986 = CARTESIAN_POINT ( 'NONE',  ( 3.247085731488306148, 6.344556551812943646, -11.40302701066174151 ) ) ;
#987 = CARTESIAN_POINT ( 'NONE',  ( 8.960454489264266797, 5.919723055798335132, 9.124847459248330850 ) ) ;
#988 = ORIENTED_EDGE ( 'NONE', *, *, #1371, .F. ) ;
#989 = CARTESIAN_POINT ( 'NONE',  ( 13.00000000000918376, 5.691496076382838609, -3.250000000000001332 ) ) ;
#990 = EDGE_CURVE ( 'NONE', #650, #866, #553, .T. ) ;
#991 = AXIS2_PLACEMENT_3D ( 'NONE', #845, #1319, #363 ) ;
#992 = CARTESIAN_POINT ( 'NONE',  ( 11.56644503093279219, 6.307129194842890918, 2.924129986187210761 ) ) ;
#993 = ORIENTED_EDGE ( 'NONE', *, *, #694, .T. ) ;
#994 = CARTESIAN_POINT ( 'NONE',  ( 3.383658975402303426, 5.970969877105694046, -12.20416607195178749 ) ) ;
#995 = FACE_BOUND ( 'NONE', #908, .T. ) ;
#996 = EDGE_CURVE ( 'NONE', #708, #979, #1550, .T. ) ;
#997 = EDGE_CURVE ( 'NONE', #150, #794, #1045, .T. ) ;
#998 = CARTESIAN_POINT ( 'NONE',  ( 5.402836433870466415, 5.192392939690805953, 14.32561492297571704 ) ) ;
#999 = CARTESIAN_POINT ( 'NONE',  ( -6.500000000000000000, 1.600000000000044054, -11.25833024919770331 ) ) ;
#1000 = AXIS2_PLACEMENT_3D ( 'NONE', #70, #1018, #417 ) ;
#1001 = VECTOR ( 'NONE', #532, 1000.000000000000000 ) ;
#1002 = LINE ( 'NONE', #1242, #877 ) ;
#1003 = EDGE_LOOP ( 'NONE', ( #666, #220 ) ) ;
#1004 = CARTESIAN_POINT ( 'NONE',  ( 3.412058297909779103, 6.959199255505686743, -10.22539426171663024 ) ) ;
#1005 = DIRECTION ( 'NONE',  ( 0.000000000000000000, -1.000000000000000000, -0.000000000000000000 ) ) ;
#1006 = CARTESIAN_POINT ( 'NONE',  ( 4.005258721783993003, 7.500192434107536776, 9.164081242530690119 ) ) ;
#1007 = LINE ( 'NONE', #147, #1289 ) ;
#1008 = AXIS2_PLACEMENT_3D ( 'NONE', #1484, #266, #1127 ) ;
#1009 = PLANE ( 'NONE',  #1383 ) ;
#1010 = EDGE_LOOP ( 'NONE', ( #594, #1466, #827, #506 ) ) ;
#1011 = CARTESIAN_POINT ( 'NONE',  ( 9.323174969840724913, 5.687272098444352331, 9.634598238563999217 ) ) ;
#1012 = LINE ( 'NONE', #1141, #438 ) ;
#1013 = EDGE_CURVE ( 'NONE', #708, #1555, #500, .T. ) ;
#1014 = CARTESIAN_POINT ( 'NONE',  ( -6.499999999999841904, 5.103100525270061638, 14.50833024919770331 ) ) ;
#1015 = AXIS2_PLACEMENT_3D ( 'NONE', #815, #87, #912 ) ;
#1016 = EDGE_CURVE ( 'NONE', #584, #708, #1406, .T. ) ;
#1017 = VECTOR ( 'NONE', #1206, 1000.000000000000000 ) ;
#1018 = DIRECTION ( 'NONE',  ( -0.000000000000000000, -1.000000000000000000, -0.000000000000000000 ) ) ;
#1019 = ORIENTED_EDGE ( 'NONE', *, *, #570, .T. ) ;
#1020 = FACE_OUTER_BOUND ( 'NONE', #1053, .T. ) ;
#1021 = CARTESIAN_POINT ( 'NONE',  ( -3.353256494471538396, 6.853272771921965045, -10.42146816335935711 ) ) ;
#1022 = CARTESIAN_POINT ( 'NONE',  ( 6.900797614387683687, 7.085331332939840188, -8.027027755012314358 ) ) ;
#1023 = FACE_OUTER_BOUND ( 'NONE', #501, .T. ) ;
#1024 = PRODUCT_DEFINITION_SHAPE ( 'NONE', 'NONE',  #1084 ) ;
#1025 = DIRECTION ( 'NONE',  ( -0.000000000000000000, -1.000000000000000000, -0.000000000000000000 ) ) ;
#1026 = ORIENTED_EDGE ( 'NONE', *, *, #1351, .F. ) ;
#1027 = PLANE ( 'NONE',  #713 ) ;
#1028 = CARTESIAN_POINT ( 'NONE',  ( 13.00000000000000178, 9.999999999999909406, -1.700000000000006173 ) ) ;
#1029 = ORIENTED_EDGE ( 'NONE', *, *, #961, .T. ) ;
#1030 = DIRECTION ( 'NONE',  ( -0.000000000000000000, 1.000000000000000000, -0.000000000000000000 ) ) ;
#1031 = CARTESIAN_POINT ( 'NONE',  ( -6.499999999999992895, 10.00000000000004619, 9.558330249197700468 ) ) ;
#1032 = ORIENTED_EDGE ( 'NONE', *, *, #276, .F. ) ;
#1033 = CARTESIAN_POINT ( 'NONE',  ( 16.07986064192768083, 5.076952084226183715, 1.059872002467366237 ) ) ;
#1034 = CC_DESIGN_PERSON_AND_ORGANIZATION_ASSIGNMENT ( #1347, #114, ( #1084 ) ) ;
#1035 = CARTESIAN_POINT ( 'NONE',  ( -4.475175300619643970, 7.663547306534517212, -8.706400683989809153 ) ) ;
#1036 = DIRECTION ( 'NONE',  ( 0.000000000000000000, 0.000000000000000000, 1.000000000000000000 ) ) ;
#1037 = DIRECTION ( 'NONE',  ( 0.000000000000000000, 0.000000000000000000, -1.000000000000000000 ) ) ;
#1038 = CARTESIAN_POINT ( 'NONE',  ( -16.22879916150469271, 5.064322486927743228, 0.4293980293379319191 ) ) ;
#1039 = CIRCLE ( 'NONE', #185, 1.700000000000008837 ) ;
#1040 = CARTESIAN_POINT ( 'NONE',  ( -4.799999999999995381, 1.600000000000044054, 11.25833024919770509 ) ) ;
#1041 = LINE ( 'NONE', #59, #119 ) ;
#1042 = CARTESIAN_POINT ( 'NONE',  ( 9.695630317335250936, 5.392479534323205925, -10.62835503346898136 ) ) ;
#1043 = ADVANCED_FACE ( 'NONE', ( #145 ), #1375, .F. ) ;
#1044 = ADVANCED_FACE ( 'NONE', ( #51 ), #1497, .F. ) ;
#1045 = LINE ( 'NONE', #447, #1561 ) ;
#1046 = CYLINDRICAL_SURFACE ( 'NONE', #244, 1.700000000000004396 ) ;
#1047 = CIRCLE ( 'NONE', #1233, 3.249999999999999556 ) ;
#1048 = CARTESIAN_POINT ( 'NONE',  ( 15.91310170848373851, 5.092775859951161443, 1.456951842491184035 ) ) ;
#1049 = SECURITY_CLASSIFICATION ( '', '', #1225 ) ;
#1050 = CYLINDRICAL_SURFACE ( 'NONE', #321, 1.700000000000003508 ) ;
#1051 = CARTESIAN_POINT ( 'NONE',  ( 7.993781010630571338, 5.062329547697764554, -14.15312306509635754 ) ) ;
#1052 = DIRECTION ( 'NONE',  ( 0.000000000000000000, 0.000000000000000000, 1.000000000000000000 ) ) ;
#1053 = EDGE_LOOP ( 'NONE', ( #1071, #103, #589, #6 ) ) ;
#1054 = CARTESIAN_POINT ( 'NONE',  ( -15.56888748833711844, 5.130460630782630815, 2.002358549202651439 ) ) ;
#1055 = VERTEX_POINT ( 'NONE', #199 ) ;
#1056 = DIRECTION ( 'NONE',  ( -0.000000000000000000, 1.000000000000000000, -0.000000000000000000 ) ) ;
#1057 = VECTOR ( 'NONE', #91, 1000.000000000000000 ) ;
#1058 = CARTESIAN_POINT ( 'NONE',  ( -6.499999999999992895, 1.600000000000044054, 9.558330249197707573 ) ) ;
#1059 = CARTESIAN_POINT ( 'NONE',  ( 6.940770987192894204, 5.079810071828344320, -14.50833024919769443 ) ) ;
#1060 = FACE_OUTER_BOUND ( 'NONE', #824, .T. ) ;
#1061 = ORIENTED_EDGE ( 'NONE', *, *, #826, .F. ) ;
#1062 = CARTESIAN_POINT ( 'NONE',  ( 13.00000000000000178, 9.999999999999909406, -1.680616982015363730E-15 ) ) ;
#1063 = EDGE_LOOP ( 'NONE', ( #1365, #1100 ) ) ;
#1064 = CARTESIAN_POINT ( 'NONE',  ( -11.38179382676332807, 6.410710827944718915, -2.825917944909344559 ) ) ;
#1065 = CLOSED_SHELL ( 'NONE', ( #1203, #1043, #1132, #490, #241, #981, #886, #337, #215, #1528, #963, #1044, #484, #593, #807, #1445, #159, #1163, #726, #78, #383, #1130, #455, #1265, #854, #314, #1149, #1532, #1346, #935, #741, #1384, #144, #764, #552, #710, #1458, #324, #407 ) ) ;
#1066 = CARTESIAN_POINT ( 'NONE',  ( -6.053712146142577133, 5.129893025592627609, -14.48525718042908395 ) ) ;
#1067 = CARTESIAN_POINT ( 'NONE',  ( -9.323188280991098864, 5.687270193760407544, -9.634561715888743549 ) ) ;
#1068 = ORIENTED_EDGE ( 'NONE', *, *, #13, .T. ) ;
#1069 = CARTESIAN_POINT ( 'NONE',  ( -9.748359145898664480, 5.236426607958455826, 11.50097687033220950 ) ) ;
#1070 = CARTESIAN_POINT ( 'NONE',  ( -13.40673422071714427, 5.561511470838119919, -3.231127235513306495 ) ) ;
#1071 = ORIENTED_EDGE ( 'NONE', *, *, #558, .F. ) ;
#1072 = FACE_BOUND ( 'NONE', #1063, .T. ) ;
#1073 = DIRECTION ( 'NONE',  ( -0.000000000000000000, 1.000000000000000000, -0.000000000000000000 ) ) ;
#1074 = CARTESIAN_POINT ( 'NONE',  ( -11.30000000000000071, 1.600000000000089129, 0.000000000000000000 ) ) ;
#1075 = AXIS2_PLACEMENT_3D ( 'NONE', #1193, #229, #592 ) ;
#1076 = AXIS2_PLACEMENT_3D ( 'NONE', #428, #695, #550 ) ;
#1077 = ORIENTED_EDGE ( 'NONE', *, *, #1280, .F. ) ;
#1078 = DIRECTION ( 'NONE',  ( 0.000000000000000000, 0.000000000000000000, 1.000000000000000000 ) ) ;
#1079 = CC_DESIGN_PERSON_AND_ORGANIZATION_ASSIGNMENT ( #375, #243, ( #573 ) ) ;
#1080 = VERTEX_POINT ( 'NONE', #910 ) ;
#1081 = CARTESIAN_POINT ( 'NONE',  ( -11.02451931206857871, 6.622639772254069079, 2.612488384749606762 ) ) ;
#1082 = CARTESIAN_POINT ( 'NONE',  ( -9.509435338512281177, 5.555476295306542411, -10.01321368316732396 ) ) ;
#1083 = VECTOR ( 'NONE', #488, 1000.000000000000000 ) ;
#1084 = PRODUCT_DEFINITION ( 'UNKNOWN', '', #573, #1393 ) ;
#1085 = EDGE_LOOP ( 'NONE', ( #372, #1559, #1420, #295 ) ) ;
#1086 = CARTESIAN_POINT ( 'NONE',  ( -6.499999999999992895, -7.459310946700270506E-14, 12.95833024919771503 ) ) ;
#1087 = CARTESIAN_POINT ( 'NONE',  ( -14.02007963866842921, 5.400292346187278270, 3.093103589187795599 ) ) ;
#1088 = EDGE_LOOP ( 'NONE', ( #1428, #1209 ) ) ;
#1089 = CARTESIAN_POINT ( 'NONE',  ( -10.11355066560134475, 7.334995659265522328, -1.509273227374946291 ) ) ;
#1090 = AXIS2_PLACEMENT_3D ( 'NONE', #441, #681, #1052 ) ;
#1091 = DIRECTION ( 'NONE',  ( -0.000000000000000000, 1.000000000000000000, -0.000000000000000000 ) ) ;
#1092 = AXIS2_PLACEMENT_3D ( 'NONE', #851, #1091, #1435 ) ;
#1093 = ORIENTED_EDGE ( 'NONE', *, *, #778, .T. ) ;
#1094 = DIRECTION ( 'NONE',  ( 0.000000000000000000, 0.000000000000000000, 1.000000000000000000 ) ) ;
#1095 = DATE_TIME_ROLE ( 'creation_date' ) ;
#1096 = VERTEX_POINT ( 'NONE', #1276 ) ;
#1097 = CARTESIAN_POINT ( 'NONE',  ( -10.88160959125742799, 6.726047846778088868, -2.473201586998738932 ) ) ;
#1098 = CARTESIAN_POINT ( 'NONE',  ( 6.500000000000003553, 1.599999999999953904, 9.558330249197704021 ) ) ;
#1099 = EDGE_CURVE ( 'NONE', #619, #1436, #394, .T. ) ;
#1100 = ORIENTED_EDGE ( 'NONE', *, *, #1562, .F. ) ;
#1101 = VECTOR ( 'NONE', #771, 1000.000000000000000 ) ;
#1102 = FACE_OUTER_BOUND ( 'NONE', #1010, .T. ) ;
#1103 = COORDINATED_UNIVERSAL_TIME_OFFSET ( 8, 0, .AHEAD. ) ;
#1104 = CARTESIAN_POINT ( 'NONE',  ( 10.59054644699398118, 6.936339262189344268, 2.190548825754522255 ) ) ;
#1105 = ORIENTED_EDGE ( 'NONE', *, *, #997, .T. ) ;
#1106 = CARTESIAN_POINT ( 'NONE',  ( 3.262347555166229984, 6.245446014107979948, -11.60649693754035638 ) ) ;
#1107 = CARTESIAN_POINT ( 'NONE',  ( 9.686158797381891006, 5.181790458511583708, 11.93573605800935411 ) ) ;
#1108 = EDGE_CURVE ( 'NONE', #480, #856, #1172, .T. ) ;
#1109 = ORIENTED_EDGE ( 'NONE', *, *, #1444, .F. ) ;
#1110 = CIRCLE ( 'NONE', #1392, 1.700000000000008837 ) ;
#1111 = CYLINDRICAL_SURFACE ( 'NONE', #1008, 1.700000000000003508 ) ;
#1112 = COORDINATED_UNIVERSAL_TIME_OFFSET ( 8, 0, .AHEAD. ) ;
#1113 = CARTESIAN_POINT ( 'NONE',  ( 12.78264740188851967, 5.764707603153162552, 3.250000000000650591 ) ) ;
#1114 = ORIENTED_EDGE ( 'NONE', *, *, #290, .F. ) ;
#1115 = CARTESIAN_POINT ( 'NONE',  ( 13.00000000000000178, -2.099015405931936584E-13, 1.700000000000008837 ) ) ;
#1116 = EDGE_CURVE ( 'NONE', #863, #958, #1041, .T. ) ;
#1117 = DIRECTION ( 'NONE',  ( 0.000000000000000000, 0.000000000000000000, -1.000000000000000000 ) ) ;
#1118 = CARTESIAN_POINT ( 'NONE',  ( 5.455576599440941088, 7.629074764022409916, 8.178771613071063484 ) ) ;
#1119 = CARTESIAN_POINT ( 'NONE',  ( -5.618403297601965107, 5.168462220078775538, 14.39436577698048758 ) ) ;
#1120 = AXIS2_PLACEMENT_3D ( 'NONE', #804, #327, #1303 ) ;
#1121 = DIRECTION ( 'NONE',  ( 0.000000000000000000, -0.000000000000000000, -1.000000000000000000 ) ) ;
#1122 = ORIENTED_EDGE ( 'NONE', *, *, #1013, .T. ) ;
#1123 = CARTESIAN_POINT ( 'NONE',  ( 3.530487324205678679, 5.805021055527358698, -12.59555919500031784 ) ) ;
#1124 = CARTESIAN_POINT ( 'NONE',  ( 6.500000000000003553, 1.599999999999953904, 8.008330249197701534 ) ) ;
#1125 = DIRECTION ( 'NONE',  ( -0.000000000000000000, -1.000000000000000000, -0.000000000000000000 ) ) ;
#1126 = CARTESIAN_POINT ( 'NONE',  ( 3.626032041370358616, 5.726772241672737351, 12.79046110935481728 ) ) ;
#1127 = DIRECTION ( 'NONE',  ( 0.000000000000000000, 0.000000000000000000, 1.000000000000000000 ) ) ;
#1128 = CARTESIAN_POINT ( 'NONE',  ( -6.500000000000000000, -7.459310946700270506E-14, -11.25833024919770331 ) ) ;
#1129 = ORIENTED_EDGE ( 'NONE', *, *, #694, .F. ) ;
#1130 = ADVANCED_FACE ( 'NONE', ( #326 ), #1050, .F. ) ;
#1131 = CARTESIAN_POINT ( 'NONE',  ( 9.633501349070273889, 5.159854481212211574, 12.14883307614186947 ) ) ;
#1132 = ADVANCED_FACE ( 'NONE', ( #803 ), #85, .F. ) ;
#1133 = DIRECTION ( 'NONE',  ( 0.000000000000000000, 0.000000000000000000, 1.000000000000000000 ) ) ;
#1134 = CARTESIAN_POINT ( 'NONE',  ( 6.295552356049237019, 7.362384440805766594, 8.008330249197699757 ) ) ;
#1135 = CARTESIAN_POINT ( 'NONE',  ( 0.000000000000000000, 0.000000000000000000, 0.000000000000000000 ) ) ;
#1136 = APPROVAL_ROLE ( '' ) ;
#1137 = AXIS2_PLACEMENT_3D ( 'NONE', #374, #951, #1094 ) ;
#1138 = CARTESIAN_POINT ( 'NONE',  ( -6.500000000000000000, 1.600000000000044054, -14.50833024919769976 ) ) ;
#1139 = VERTEX_POINT ( 'NONE', #79 ) ;
#1140 = DIRECTION ( 'NONE',  ( 0.000000000000000000, 0.000000000000000000, 1.000000000000000000 ) ) ;
#1141 = CARTESIAN_POINT ( 'NONE',  ( 6.500000000000000888, 9.999999999999955591, -12.95833024919770793 ) ) ;
#1142 = CARTESIAN_POINT ( 'NONE',  ( -4.307210033868109633, 7.621322205086226376, 8.849821329038183748 ) ) ;
#1143 = AXIS2_PLACEMENT_3D ( 'NONE', #301, #1487, #1140 ) ;
#1144 = CYLINDRICAL_SURFACE ( 'NONE', #1362, 3.249999999999999556 ) ;
#1145 = VERTEX_POINT ( 'NONE', #1285 ) ;
#1146 = CARTESIAN_POINT ( 'NONE',  ( 6.500000000000000888, 9.999999999999955591, -9.558330249197700468 ) ) ;
#1147 = CARTESIAN_POINT ( 'NONE',  ( -4.842831917914847573, 7.700304580541684096, -8.453681694258754931 ) ) ;
#1148 = CARTESIAN_POINT ( 'NONE',  ( 3.352547889934464287, 6.851647977442445914, 10.42451292465012536 ) ) ;
#1149 = ADVANCED_FACE ( 'NONE', ( #436 ), #571, .F. ) ;
#1150 = AXIS2_PLACEMENT_3D ( 'NONE', #1231, #1125, #1360 ) ;
#1151 = DIRECTION ( 'NONE',  ( -0.000000000000000000, 1.000000000000000000, -0.000000000000000000 ) ) ;
#1152 = DATE_AND_TIME ( #648, #368 ) ;
#1153 = ADVANCED_BREP_SHAPE_REPRESENTATION ( 'PenTip', ( #1443, #446 ), #193 ) ;
#1154 = DIRECTION ( 'NONE',  ( 0.000000000000000000, -1.000000000000000000, 0.000000000000000000 ) ) ;
#1155 = AXIS2_PLACEMENT_3D ( 'NONE', #545, #1025, #906 ) ;
#1156 = ORIENTED_EDGE ( 'NONE', *, *, #1016, .F. ) ;
#1157 = DIRECTION ( 'NONE',  ( -0.000000000000000000, 1.000000000000000000, -0.000000000000000000 ) ) ;
#1158 = CARTESIAN_POINT ( 'NONE',  ( -3.274504235419769760, 6.645589508881358576, -10.81278573629888307 ) ) ;
#1159 = CARTESIAN_POINT ( 'NONE',  ( -9.158013132236536791, 5.088052352179929017, -13.14142455250103936 ) ) ;
#1160 = CARTESIAN_POINT ( 'NONE',  ( 13.00000000000000178, 1.599999999999908828, -1.680616982015363730E-15 ) ) ;
#1161 = DIRECTION ( 'NONE',  ( 0.000000000000000000, 0.000000000000000000, -1.000000000000000000 ) ) ;
#1162 = DIRECTION ( 'NONE',  ( -1.224646799147353207E-16, 0.000000000000000000, -1.000000000000000000 ) ) ;
#1163 = ADVANCED_FACE ( 'NONE', ( #564 ), #701, .T. ) ;
#1164 = EDGE_CURVE ( 'NONE', #156, #265, #524, .T. ) ;
#1165 = CARTESIAN_POINT ( 'NONE',  ( -3.558912840650294562, 7.153916893476743866, -9.861058088680797695 ) ) ;
#1166 = CARTESIAN_POINT ( 'NONE',  ( 8.719053989945813044, 5.068738436262997915, -13.64318206245099674 ) ) ;
#1167 = DIRECTION ( 'NONE',  ( -0.000000000000000000, 1.000000000000000000, -0.000000000000000000 ) ) ;
#1168 = CIRCLE ( 'NONE', #258, 1.699999999999998401 ) ;
#1169 = CARTESIAN_POINT ( 'NONE',  ( -15.91419022191927013, 5.092668881154301275, -1.454695611905061581 ) ) ;
#1170 = EDGE_LOOP ( 'NONE', ( #1214, #938, #509, #1093 ) ) ;
#1171 = CARTESIAN_POINT ( 'NONE',  ( -6.499999999999992895, -7.459310946700270506E-14, 11.25833024919770509 ) ) ;
#1172 = LINE ( 'NONE', #1028, #601 ) ;
#1173 = CARTESIAN_POINT ( 'NONE',  ( -8.188781960647371960, 5.062104366680015843, -14.04388763671991924 ) ) ;
#1174 = CYLINDRICAL_SURFACE ( 'NONE', #1220, 3.249999999999999556 ) ;
#1175 = EDGE_LOOP ( 'NONE', ( #1412, #434, #766, #631 ) ) ;
#1176 = CARTESIAN_POINT ( 'NONE',  ( -15.12560599302139330, 5.190044355852397651, -2.467935780474144192 ) ) ;
#1177 = AXIS2_PLACEMENT_3D ( 'NONE', #1356, #349, #1364 ) ;
#1178 = ORIENTED_EDGE ( 'NONE', *, *, #323, .F. ) ;
#1179 = CARTESIAN_POINT ( 'NONE',  ( 13.00000000000918376, 5.691496076382838609, -3.250000000000001332 ) ) ;
#1180 = EDGE_CURVE ( 'NONE', #361, #622, #657, .T. ) ;
#1181 = CARTESIAN_POINT ( 'NONE',  ( 11.38033461110603461, 6.411519980453007861, -2.825167761268929656 ) ) ;
#1182 = CARTESIAN_POINT ( 'NONE',  ( 6.500000000000000888, 1.599999999999953904, -8.008330249197706863 ) ) ;
#1183 = CARTESIAN_POINT ( 'NONE',  ( 6.500000000000000888, 7.271866324421687011, 8.008330249197701534 ) ) ;
#1184 = VERTEX_POINT ( 'NONE', #1058 ) ;
#1185 = CARTESIAN_POINT ( 'NONE',  ( 2.143131898507868248E-15, 0.000000000000000000, 17.50000000000000000 ) ) ;
#1186 = ORIENTED_EDGE ( 'NONE', *, *, #1506, .F. ) ;
#1187 = CARTESIAN_POINT ( 'NONE',  ( -13.00000000000000000, 10.00000000000009059, -3.249999999999998668 ) ) ;
#1188 = AXIS2_PLACEMENT_3D ( 'NONE', #1338, #250, #1556 ) ;
#1189 = CARTESIAN_POINT ( 'NONE',  ( 10.10931273998236435, 7.338893174296344135, -1.500868441173146772 ) ) ;
#1190 = FACE_OUTER_BOUND ( 'NONE', #956, .T. ) ;
#1191 = ORIENTED_EDGE ( 'NONE', *, *, #208, .T. ) ;
#1192 = DIRECTION ( 'NONE',  ( -0.000000000000000000, 1.000000000000000000, -0.000000000000000000 ) ) ;
#1193 = CARTESIAN_POINT ( 'NONE',  ( 6.500000000000003553, 9.999999999999955591, 11.25833024919770153 ) ) ;
#1194 = ORIENTED_EDGE ( 'NONE', *, *, #961, .F. ) ;
#1195 = CARTESIAN_POINT ( 'NONE',  ( -6.500000000000000000, 10.00000000000004619, -11.25833024919770331 ) ) ;
#1196 = AXIS2_PLACEMENT_3D ( 'NONE', #1074, #402, #1259 ) ;
#1197 = CARTESIAN_POINT ( 'NONE',  ( 6.500000000000000888, 1.599999999999953904, -12.95833024919770260 ) ) ;
#1198 = DIRECTION ( 'NONE',  ( -0.000000000000000000, 1.000000000000000000, -0.000000000000000000 ) ) ;
#1199 = ORIENTED_EDGE ( 'NONE', *, *, #1281, .F. ) ;
#1200 = B_SPLINE_CURVE_WITH_KNOTS ( 'NONE', 3,
 ( #1014, #905, #784, #1119, #1377, #289, #38, #518, #755, #770, #1247, #1507, #1261, #763, #777, #164, #1234, #47, #178, #30, #1254, #171, #656, #1500, #664, #1142, #510, #1363, #1476, #389, #275, #335, #697, #926 ),
 .UNSPECIFIED., .F., .F.,
 ( 4, 2, 2, 2, 2, 2, 2, 2, 2, 2, 2, 2, 2, 2, 2, 2, 4 ),
 ( 0.007836206067174099690, 0.008504356362999773711, 0.009172506658825447731, 0.009840656954651121752, 0.01050880725047679404, 0.01117695754630246806, 0.01184510784212814208, 0.01251325813795381436, 0.01318140843377949012, 0.01384955872960516240, 0.01451770902543083643, 0.01518585932125651045, 0.01585400961708218620, 0.01652215991290785849, 0.01719031020873353077, 0.01785846050455920653, 0.01852661080038487881 ),
 .UNSPECIFIED. ) ;
#1201 = CARTESIAN_POINT ( 'NONE',  ( 0.000000000000000000, 91.33974596215561803, 0.000000000000000000 ) ) ;
#1202 = DATE_AND_TIME ( #1453, #367 ) ;
#1203 = ADVANCED_FACE ( 'NONE', ( #758 ), #879, .F. ) ;
#1204 = ORIENTED_EDGE ( 'NONE', *, *, #725, .F. ) ;
#1205 = AXIS2_PLACEMENT_3D ( 'NONE', #448, #106, #1161 ) ;
#1206 = DIRECTION ( 'NONE',  ( -0.000000000000000000, 1.000000000000000000, -0.000000000000000000 ) ) ;
#1207 = EDGE_LOOP ( 'NONE', ( #1204, #1243, #969, #603 ) ) ;
#1208 = CARTESIAN_POINT ( 'NONE',  ( -7.995515895441495324, 5.062316564485145776, 14.15230715166864428 ) ) ;
#1209 = ORIENTED_EDGE ( 'NONE', *, *, #725, .T. ) ;
#1210 = DIRECTION ( 'NONE',  ( 0.000000000000000000, -1.000000000000000000, 0.000000000000000000 ) ) ;
#1211 = EDGE_CURVE ( 'NONE', #745, #269, #933, .T. ) ;
#1212 = PLANE ( 'NONE',  #1423 ) ;
#1213 = CIRCLE ( 'NONE', #1317, 12.49999999999999289 ) ;
#1214 = ORIENTED_EDGE ( 'NONE', *, *, #44, .F. ) ;
#1215 = CARTESIAN_POINT ( 'NONE',  ( -7.296660433476941598, 6.884079274403609894, 8.083239734944696053 ) ) ;
#1216 = DIRECTION ( 'NONE',  ( 1.000000000000000000, 0.000000000000000000, 0.000000000000000000 ) ) ;
#1217 = EDGE_LOOP ( 'NONE', ( #1569, #1258, #1344, #472 ) ) ;
#1218 = EDGE_CURVE ( 'NONE', #1555, #49, #678, .T. ) ;
#1219 = FACE_BOUND ( 'NONE', #354, .T. ) ;
#1220 = AXIS2_PLACEMENT_3D ( 'NONE', #461, #574, #1304 ) ;
#1221 = DIRECTION ( 'NONE',  ( 0.000000000000000000, 0.000000000000000000, 1.000000000000000000 ) ) ;
#1222 = AXIS2_PLACEMENT_3D ( 'NONE', #752, #467, #371 ) ;
#1223 = ORIENTED_EDGE ( 'NONE', *, *, #223, .T. ) ;
#1224 = DIRECTION ( 'NONE',  ( -0.000000000000000000, 1.000000000000000000, -0.000000000000000000 ) ) ;
#1225 = SECURITY_CLASSIFICATION_LEVEL ( 'unclassified' ) ;
#1226 = CARTESIAN_POINT ( 'NONE',  ( 11.03676797075183380, 6.621974389413500361, -2.598193382069252877 ) ) ;
#1227 = ORIENTED_EDGE ( 'NONE', *, *, #840, .T. ) ;
#1228 = CARTESIAN_POINT ( 'NONE',  ( 4.007346690221845975, 7.501166913844472539, -9.161735987703398365 ) ) ;
#1229 = EDGE_CURVE ( 'NONE', #852, #237, #89, .T. ) ;
#1230 = CARTESIAN_POINT ( 'NONE',  ( -9.633521160742928302, 5.159932653834838234, -12.14824945840761039 ) ) ;
#1231 = CARTESIAN_POINT ( 'NONE',  ( 0.000000000000000000, 5.000000000000000888, 0.000000000000000000 ) ) ;
#1232 = ORIENTED_EDGE ( 'NONE', *, *, #1108, .T. ) ;
#1233 = AXIS2_PLACEMENT_3D ( 'NONE', #307, #785, #673 ) ;
#1234 = CARTESIAN_POINT ( 'NONE',  ( -3.247297041428438114, 6.341585378916881233, 11.40903133641539924 ) ) ;
#1235 = CARTESIAN_POINT ( 'NONE',  ( -12.99999999999996092, 5.691496076385945457, 3.249999999999998668 ) ) ;
#1236 = CARTESIAN_POINT ( 'NONE',  ( -3.980969135975293671, 5.526463019535566623, -13.32315505155820468 ) ) ;
#1237 = EDGE_LOOP ( 'NONE', ( #780, #900 ) ) ;
#1238 = CARTESIAN_POINT ( 'NONE',  ( 4.798856073458295235, 5.286405169773822799, -14.03623114696206109 ) ) ;
#1239 = CARTESIAN_POINT ( 'NONE',  ( 7.377576618878374681, 5.070347620680975886, 14.39555877034322684 ) ) ;
#1240 = CARTESIAN_POINT ( 'NONE',  ( 3.532732946941740337, 5.802956395764110376, 12.60059192737635492 ) ) ;
#1241 = DIRECTION ( 'NONE',  ( 0.000000000000000000, 0.000000000000000000, 1.000000000000000000 ) ) ;
#1242 = CARTESIAN_POINT ( 'NONE',  ( 13.00000000000000178, 9.999999999999909406, 1.700000000000002620 ) ) ;
#1243 = ORIENTED_EDGE ( 'NONE', *, *, #44, .T. ) ;
#1244 = CARTESIAN_POINT ( 'NONE',  ( 4.310766059918869963, 7.616663872714104500, -8.853764529056395105 ) ) ;
#1245 = DIRECTION ( 'NONE',  ( 0.000000000000000000, 0.000000000000000000, 1.000000000000000000 ) ) ;
#1246 = CARTESIAN_POINT ( 'NONE',  ( 3.244527706396150180, 6.238248105505093122, 11.61415669732612521 ) ) ;
#1247 = CARTESIAN_POINT ( 'NONE',  ( -3.849749416107014266, 5.588574368925931957, 13.15153919115659420 ) ) ;
#1248 = EDGE_CURVE ( 'NONE', #128, #1096, #921, .T. ) ;
#1249 = CARTESIAN_POINT ( 'NONE',  ( -13.00000000000000000, -2.949029909160572061E-14, 0.000000000000000000 ) ) ;
#1250 = VERTEX_POINT ( 'NONE', #1197 ) ;
#1251 = EDGE_CURVE ( 'NONE', #866, #1184, #469, .T. ) ;
#1252 = CARTESIAN_POINT ( 'NONE',  ( 8.551315468175294754, 5.065316945290242678, 13.78885546916873217 ) ) ;
#1253 = DIRECTION ( 'NONE',  ( -0.000000000000000000, -1.000000000000000000, -0.000000000000000000 ) ) ;
#1254 = CARTESIAN_POINT ( 'NONE',  ( -3.409928573570950583, 6.955983253534497202, 10.23137909879613083 ) ) ;
#1255 = CC_DESIGN_APPROVAL ( #527, ( #1084 ) ) ;
#1256 = DATE_AND_TIME ( #23, #1336 ) ;
#1257 = DIRECTION ( 'NONE',  ( 0.000000000000000000, 0.000000000000000000, 1.000000000000000000 ) ) ;
#1258 = ORIENTED_EDGE ( 'NONE', *, *, #125, .F. ) ;
#1259 = DIRECTION ( 'NONE',  ( 0.000000000000000000, -0.000000000000000000, -1.000000000000000000 ) ) ;
#1260 = CARTESIAN_POINT ( 'NONE',  ( 3.978143529648966226, 5.527542104712883209, 13.32006919448103055 ) ) ;
#1261 = CARTESIAN_POINT ( 'NONE',  ( -3.532633126326871320, 5.803152944021417348, 12.60015720492316582 ) ) ;
#1262 = AXIS2_PLACEMENT_3D ( 'NONE', #1201, #382, #855 ) ;
#1263 = FACE_OUTER_BOUND ( 'NONE', #612, .T. ) ;
#1264 = EDGE_LOOP ( 'NONE', ( #65, #966 ) ) ;
#1265 = ADVANCED_FACE ( 'NONE', ( #973 ), #1144, .F. ) ;
#1266 = VERTEX_POINT ( 'NONE', #1372 ) ;
#1267 = DIRECTION ( 'NONE',  ( -0.000000000000000000, 1.000000000000000000, -0.000000000000000000 ) ) ;
#1268 = DIRECTION ( 'NONE',  ( 0.000000000000000000, 0.000000000000000000, -1.000000000000000000 ) ) ;
#1269 = CARTESIAN_POINT ( 'NONE',  ( 6.500000000000000888, -1.647987302177966740E-13, -9.558330249197695139 ) ) ;
#1270 = CARTESIAN_POINT ( 'NONE',  ( 0.000000000000000000, 100.0000000000000000, 0.000000000000000000 ) ) ;
#1271 = VECTOR ( 'NONE', #655, 1000.000000000000000 ) ;
#1272 = LINE ( 'NONE', #433, #271 ) ;
#1273 = EDGE_CURVE ( 'NONE', #357, #1184, #765, .T. ) ;
#1274 = ORIENTED_EDGE ( 'NONE', *, *, #1218, .F. ) ;
#1275 = DIRECTION ( 'NONE',  ( 0.000000000000000000, 0.000000000000000000, 1.000000000000000000 ) ) ;
#1276 = CARTESIAN_POINT ( 'NONE',  ( 13.00000000000000178, 1.599999999999908828, 3.249999999999997780 ) ) ;
#1277 = FACE_OUTER_BOUND ( 'NONE', #173, .T. ) ;
#1278 = CYLINDRICAL_SURFACE ( 'NONE', #1090, 3.249999999999999556 ) ;
#1279 = CYLINDRICAL_SURFACE ( 'NONE', #43, 1.700000000000003508 ) ;
#1280 = EDGE_CURVE ( 'NONE', #128, #745, #1509, .T. ) ;
#1281 = EDGE_CURVE ( 'NONE', #547, #556, #888, .T. ) ;
#1282 = AXIS2_PLACEMENT_3D ( 'NONE', #1447, #130, #624 ) ;
#1283 = AXIS2_PLACEMENT_3D ( 'NONE', #821, #1504, #444 ) ;
#1284 = CARTESIAN_POINT ( 'NONE',  ( 14.41508747509772803, 5.313981074787877290, -2.933444807938052623 ) ) ;
#1285 = CARTESIAN_POINT ( 'NONE',  ( -6.500000000000000000, 1.600000000000044054, -12.95833024919770082 ) ) ;
#1286 = CARTESIAN_POINT ( 'NONE',  ( -7.996561186642474617, 5.062309419319388049, -14.15180624834783885 ) ) ;
#1287 = CYLINDRICAL_SURFACE ( 'NONE', #432, 3.249999999999999556 ) ;
#1288 = CARTESIAN_POINT ( 'NONE',  ( -6.499999999999992895, 1.600000000000044054, 11.25833024919770509 ) ) ;
#1289 = VECTOR ( 'NONE', #632, 1000.000000000000000 ) ;
#1290 = ORIENTED_EDGE ( 'NONE', *, *, #1229, .F. ) ;
#1291 = LINE ( 'NONE', #77, #1057 ) ;
#1292 = CARTESIAN_POINT ( 'NONE',  ( -3.262556468528614140, 6.243956496311164450, -11.60954870285401341 ) ) ;
#1293 = CARTESIAN_POINT ( 'NONE',  ( 6.500000000000000888, -1.647987302177966740E-13, -11.25833024919770509 ) ) ;
#1294 = DIRECTION ( 'NONE',  ( 0.000000000000000000, 0.000000000000000000, 1.000000000000000000 ) ) ;
#1295 = EDGE_LOOP ( 'NONE', ( #786, #641 ) ) ;
#1296 = CARTESIAN_POINT ( 'NONE',  ( -12.99999999999996980, 5.691496076385941905, -3.249999999999998668 ) ) ;
#1297 = EDGE_CURVE ( 'NONE', #98, #1305, #677, .T. ) ;
#1298 = CIRCLE ( 'NONE', #991, 1.699999999999998401 ) ;
#1299 = ORIENTED_EDGE ( 'NONE', *, *, #1164, .T. ) ;
#1300 = CARTESIAN_POINT ( 'NONE',  ( 16.24994630730331835, 5.062661353222803307, 0.2153019874491903241 ) ) ;
#1301 = EDGE_CURVE ( 'NONE', #852, #265, #1272, .T. ) ;
#1302 = CARTESIAN_POINT ( 'NONE',  ( 6.500000000000003553, 1.599999999999953904, 11.25833024919770153 ) ) ;
#1303 = DIRECTION ( 'NONE',  ( 0.000000000000000000, 0.000000000000000000, 1.000000000000000000 ) ) ;
#1304 = DIRECTION ( 'NONE',  ( 0.000000000000000000, 0.000000000000000000, 1.000000000000000000 ) ) ;
#1305 = VERTEX_POINT ( 'NONE', #519 ) ;
#1306 = FACE_OUTER_BOUND ( 'NONE', #140, .T. ) ;
#1307 = CIRCLE ( 'NONE', #1000, 17.50000000000000000 ) ;
#1308 = ORIENTED_EDGE ( 'NONE', *, *, #644, .F. ) ;
#1309 = CARTESIAN_POINT ( 'NONE',  ( -11.37171664922280812, 6.406452613106593752, 2.843120253753838256 ) ) ;
#1310 = CC_DESIGN_APPROVAL ( #475, ( #573 ) ) ;
#1311 = CARTESIAN_POINT ( 'NONE',  ( 10.21447098544586929, 7.244035462781461376, -1.687065952125105905 ) ) ;
#1312 = CARTESIAN_POINT ( 'NONE',  ( -8.550235037243730574, 5.065301081826733665, -13.78970354483108096 ) ) ;
#1313 = EDGE_LOOP ( 'NONE', ( #418, #299, #945, #1199 ) ) ;
#1314 = DIRECTION ( 'NONE',  ( -0.000000000000000000, 1.000000000000000000, -0.000000000000000000 ) ) ;
#1315 = ORIENTED_EDGE ( 'NONE', *, *, #290, .T. ) ;
#1316 = CARTESIAN_POINT ( 'NONE',  ( -12.99999999999996980, 5.691496076385941905, -3.249999999999998668 ) ) ;
#1317 = AXIS2_PLACEMENT_3D ( 'NONE', #181, #197, #1162 ) ;
#1318 = CARTESIAN_POINT ( 'NONE',  ( -4.275914674790465497, 5.416928497317433866, -13.63792316071423727 ) ) ;
#1319 = DIRECTION ( 'NONE',  ( -0.000000000000000000, 1.000000000000000000, -0.000000000000000000 ) ) ;
#1320 = ORIENTED_EDGE ( 'NONE', *, *, #424, .F. ) ;
#1321 = EDGE_CURVE ( 'NONE', #1096, #269, #291, .T. ) ;
#1322 = CARTESIAN_POINT ( 'NONE',  ( -13.00000000000000000, -2.949029909160572061E-14, 0.000000000000000000 ) ) ;
#1323 = CARTESIAN_POINT ( 'NONE',  ( -14.41498398653577162, 5.313991602899809763, 2.933542670649206929 ) ) ;
#1324 = EDGE_LOOP ( 'NONE', ( #914, #1386 ) ) ;
#1325 = CARTESIAN_POINT ( 'NONE',  ( -4.800000000000002487, 1.600000000000044054, -11.25833024919770331 ) ) ;
#1326 = CARTESIAN_POINT ( 'NONE',  ( -9.757165499742074033, 5.269502750285995241, -11.27807424352593735 ) ) ;
#1327 = ORIENTED_EDGE ( 'NONE', *, *, #1297, .T. ) ;
#1328 = CARTESIAN_POINT ( 'NONE',  ( -9.155088360676701953, 5.087815200498986279, 13.14585583531541069 ) ) ;
#1329 = DATE_AND_TIME ( #503, #221 ) ;
#1330 = EDGE_CURVE ( 'NONE', #958, #1266, #853, .T. ) ;
#1331 = EDGE_CURVE ( 'NONE', #615, #859, #1002, .T. ) ;
#1332 = ORIENTED_EDGE ( 'NONE', *, *, #207, .F. ) ;
#1333 = DIRECTION ( 'NONE',  ( -0.000000000000000000, -1.000000000000000000, -0.000000000000000000 ) ) ;
#1334 = CIRCLE ( 'NONE', #1282, 17.50000000000000000 ) ;
#1335 = CARTESIAN_POINT ( 'NONE',  ( 6.500000000000003553, 9.999999999999955591, 12.95833024919770438 ) ) ;
#1336 = LOCAL_TIME ( 21, 27, 39.00000000000000000, #1103 ) ;
#1337 = ORIENTED_EDGE ( 'NONE', *, *, #100, .T. ) ;
#1338 = CARTESIAN_POINT ( 'NONE',  ( -6.500000000000000000, 1.600000000000044054, -11.25833024919770331 ) ) ;
#1339 = APPROVAL_ROLE ( '' ) ;
#1340 = EDGE_LOOP ( 'NONE', ( #1129, #400, #714, #300 ) ) ;
#1341 = CARTESIAN_POINT ( 'NONE',  ( -10.58835597151774799, 6.937986392442080152, -2.188213219426180522 ) ) ;
#1342 = DIRECTION ( 'NONE',  ( -0.000000000000000000, 1.000000000000000000, -0.000000000000000000 ) ) ;
#1343 = AXIS2_PLACEMENT_3D ( 'NONE', #137, #22, #129 ) ;
#1344 = ORIENTED_EDGE ( 'NONE', *, *, #1411, .T. ) ;
#1345 = FACE_OUTER_BOUND ( 'NONE', #40, .T. ) ;
#1346 = ADVANCED_FACE ( 'NONE', ( #284, #399 ), #1009, .F. ) ;
#1347 = PERSON_AND_ORGANIZATION ( #585, #393 ) ;
#1348 = CARTESIAN_POINT ( 'NONE',  ( 12.14985168416895256, 6.019546738951889076, -3.144054005962007015 ) ) ;
#1349 = ORIENTED_EDGE ( 'NONE', *, *, #1251, .F. ) ;
#1350 = CARTESIAN_POINT ( 'NONE',  ( 3.845762319668704077, 5.590744194183034033, -13.14572640656048819 ) ) ;
#1351 = EDGE_CURVE ( 'NONE', #772, #818, #19, .T. ) ;
#1352 = CYLINDRICAL_SURFACE ( 'NONE', #213, 3.249999999999999556 ) ;
#1353 = EDGE_LOOP ( 'NONE', ( #1510, #476 ) ) ;
#1354 = CARTESIAN_POINT ( 'NONE',  ( -9.586264259503270324, 5.495439003295681246, 10.21755128825729741 ) ) ;
#1355 = APPLICATION_PROTOCOL_DEFINITION ( 'international standard', 'config_control_design', 1994, #756 ) ;
#1356 = CARTESIAN_POINT ( 'NONE',  ( 6.500000000000003553, -1.647987302177966740E-13, 11.25833024919770153 ) ) ;
#1357 = ORIENTED_EDGE ( 'NONE', *, *, #261, .T. ) ;
#1358 = CARTESIAN_POINT ( 'NONE',  ( 5.662442291538497763, 7.604703936753817395, -8.086212952486770078 ) ) ;
#1359 = FACE_BOUND ( 'NONE', #577, .T. ) ;
#1360 = DIRECTION ( 'NONE',  ( 0.000000000000000000, 0.000000000000000000, -1.000000000000000000 ) ) ;
#1361 = CARTESIAN_POINT ( 'NONE',  ( 4.277766478215178303, 5.416211151764241727, 13.63996953972958615 ) ) ;
#1362 = AXIS2_PLACEMENT_3D ( 'NONE', #554, #1400, #48 ) ;
#1363 = CARTESIAN_POINT ( 'NONE',  ( -4.846579223050271779, 7.700516016758103710, 8.451286911557042814 ) ) ;
#1364 = DIRECTION ( 'NONE',  ( 0.000000000000000000, 0.000000000000000000, 1.000000000000000000 ) ) ;
#1365 = ORIENTED_EDGE ( 'NONE', *, *, #605, .F. ) ;
#1366 = CARTESIAN_POINT ( 'NONE',  ( 4.478939889182083967, 7.657622994561716467, -8.710782884507006329 ) ) ;
#1367 = LINE ( 'NONE', #161, #1399 ) ;
#1368 = AXIS2_PLACEMENT_3D ( 'NONE', #1195, #954, #109 ) ;
#1369 = LINE ( 'NONE', #1381, #747 ) ;
#1370 = FACE_OUTER_BOUND ( 'NONE', #1475, .T. ) ;
#1371 = EDGE_CURVE ( 'NONE', #547, #1080, #142, .T. ) ;
#1372 = CARTESIAN_POINT ( 'NONE',  ( 6.123233995736767268E-16, 91.33974596215561803, 5.000000000000000888 ) ) ;
#1373 = EDGE_LOOP ( 'NONE', ( #846, #249 ) ) ;
#1374 = CARTESIAN_POINT ( 'NONE',  ( 9.696326529917982384, 5.391721765315781845, 10.63166955359550592 ) ) ;
#1375 = CYLINDRICAL_SURFACE ( 'NONE', #267, 1.700000000000003508 ) ;
#1376 = CYLINDRICAL_SURFACE ( 'NONE', #590, 17.50000000000000000 ) ;
#1377 = CARTESIAN_POINT ( 'NONE',  ( -5.402445324926318015, 5.192461476418883670, 14.32540009182240048 ) ) ;
#1378 = CARTESIAN_POINT ( 'NONE',  ( 0.000000000000000000, 91.33974596215561803, 0.000000000000000000 ) ) ;
#1379 = ORIENTED_EDGE ( 'NONE', *, *, #1116, .T. ) ;
#1380 = FACE_BOUND ( 'NONE', #1088, .T. ) ;
#1381 = CARTESIAN_POINT ( 'NONE',  ( -6.500000000000000000, 10.00000000000004619, -9.558330249197698691 ) ) ;
#1382 = CARTESIAN_POINT ( 'NONE',  ( -13.00000000000000000, -2.949029909160572061E-14, -1.700000000000008837 ) ) ;
#1383 = AXIS2_PLACEMENT_3D ( 'NONE', #665, #1154, #1121 ) ;
#1384 = ADVANCED_FACE ( 'NONE', ( #1493, #408 ), #793, .F. ) ;
#1385 = DIRECTION ( 'NONE',  ( -0.000000000000000000, 1.000000000000000000, -0.000000000000000000 ) ) ;
#1386 = ORIENTED_EDGE ( 'NONE', *, *, #606, .F. ) ;
#1387 = VERTEX_POINT ( 'NONE', #1138 ) ;
#1388 = CARTESIAN_POINT ( 'NONE',  ( 6.500000000000014211, 5.103100525270056309, 14.50833024919769976 ) ) ;
#1389 = DIRECTION ( 'NONE',  ( 0.000000000000000000, -0.8660254037844385966, -0.5000000000000000000 ) ) ;
#1390 = CARTESIAN_POINT ( 'NONE',  ( 2.143131898507868248E-15, 0.000000000000000000, 17.50000000000000000 ) ) ;
#1391 = CARTESIAN_POINT ( 'NONE',  ( -13.00000000000000000, 10.00000000000009059, 1.700000000000003508 ) ) ;
#1392 = AXIS2_PLACEMENT_3D ( 'NONE', #746, #1224, #1078 ) ;
#1393 = DESIGN_CONTEXT ( 'detailed design', #756, 'design' ) ;
#1394 = CARTESIAN_POINT ( 'NONE',  ( 6.500000000000003553, 1.599999999999953904, 14.50833024919769976 ) ) ;
#1395 = CARTESIAN_POINT ( 'NONE',  ( 16.25005348980828046, 5.062652735424541639, -0.2136779341416387146 ) ) ;
#1396 = CARTESIAN_POINT ( 'NONE',  ( -4.304918305774044107, 7.620650596772331475, -8.851894862982485179 ) ) ;
#1397 = CARTESIAN_POINT ( 'NONE',  ( 9.634387760802352929, 5.160151482838780446, -12.14576868085503847 ) ) ;
#1398 = CARTESIAN_POINT ( 'NONE',  ( 0.000000000000000000, 17.49999999999999645, -17.50000000000000000 ) ) ;
#1399 = VECTOR ( 'NONE', #775, 1000.000000000000000 ) ;
#1400 = DIRECTION ( 'NONE',  ( -0.000000000000000000, 1.000000000000000000, -0.000000000000000000 ) ) ;
#1401 = CARTESIAN_POINT ( 'NONE',  ( 16.14287762040185470, 5.071541273321273025, 0.8550836011613935916 ) ) ;
#1402 = CARTESIAN_POINT ( 'NONE',  ( -3.532089281272792203, 5.803764039893507309, -12.59871469403596400 ) ) ;
#1403 = CYLINDRICAL_SURFACE ( 'NONE', #1120, 3.249999999999999556 ) ;
#1404 = CARTESIAN_POINT ( 'NONE',  ( 13.00000000000000178, -2.099015405931936584E-13, -1.680616982015363730E-15 ) ) ;
#1405 = CARTESIAN_POINT ( 'NONE',  ( 6.123233995736767268E-16, 91.33974596215561803, 5.000000000000000888 ) ) ;
#1406 = CIRCLE ( 'NONE', #1150, 17.50000000000000000 ) ;
#1407 = CARTESIAN_POINT ( 'NONE',  ( 6.500000000000000888, 1.599999999999953904, -9.558330249197705797 ) ) ;
#1408 = CARTESIAN_POINT ( 'NONE',  ( -6.086313924784644946, 7.445600807446439262, -8.027700184091498770 ) ) ;
#1409 = CARTESIAN_POINT ( 'NONE',  ( 6.500000000000003553, 1.599999999999953904, 12.95833024919769727 ) ) ;
#1410 = CARTESIAN_POINT ( 'NONE',  ( 6.500000000000003553, 1.599999999999953904, 11.25833024919770153 ) ) ;
#1411 = EDGE_CURVE ( 'NONE', #1457, #64, #63, .T. ) ;
#1412 = ORIENTED_EDGE ( 'NONE', *, *, #929, .F. ) ;
#1413 = DIRECTION ( 'NONE',  ( -0.000000000000000000, 1.000000000000000000, -0.000000000000000000 ) ) ;
#1414 = AXIS2_PLACEMENT_3D ( 'NONE', #875, #62, #1490 ) ;
#1415 = ORIENTED_EDGE ( 'NONE', *, *, #1013, .F. ) ;
#1416 = CARTESIAN_POINT ( 'NONE',  ( 13.20332291807605962, 5.623010208775175656, 3.249999999999387157 ) ) ;
#1417 = CARTESIAN_POINT ( 'NONE',  ( -3.849303582449756789, 5.588768760476848563, -13.15099165953281357 ) ) ;
#1418 = CARTESIAN_POINT ( 'NONE',  ( -6.500000000000000000, -7.459310946700270506E-14, -12.95833024919771148 ) ) ;
#1419 = FACE_OUTER_BOUND ( 'NONE', #1424, .T. ) ;
#1420 = ORIENTED_EDGE ( 'NONE', *, *, #11, .T. ) ;
#1421 = CIRCLE ( 'NONE', #58, 1.700000000000010614 ) ;
#1422 = CARTESIAN_POINT ( 'NONE',  ( -15.43212355580531181, 5.147261120977792537, 2.166382946886767247 ) ) ;
#1423 = AXIS2_PLACEMENT_3D ( 'NONE', #621, #614, #720 ) ;
#1424 = EDGE_LOOP ( 'NONE', ( #1077, #1109, #849, #788 ) ) ;
#1425 = CARTESIAN_POINT ( 'NONE',  ( -13.00000000000000000, 10.00000000000009059, 0.000000000000000000 ) ) ;
#1426 = CARTESIAN_POINT ( 'NONE',  ( 11.94560420058027361, 6.114015994764788076, -3.081218605016208478 ) ) ;
#1427 = CARTESIAN_POINT ( 'NONE',  ( 9.212666900575307238, 5.760025123422416904, -9.456438556757548852 ) ) ;
#1428 = ORIENTED_EDGE ( 'NONE', *, *, #160, .T. ) ;
#1429 = DIRECTION ( 'NONE',  ( 0.000000000000000000, 0.000000000000000000, 1.000000000000000000 ) ) ;
#1430 = EDGE_CURVE ( 'NONE', #708, #584, #1307, .T. ) ;
#1431 = CIRCLE ( 'NONE', #757, 3.249999999999997780 ) ;
#1432 = ORIENTED_EDGE ( 'NONE', *, *, #558, .T. ) ;
#1433 = CARTESIAN_POINT ( 'NONE',  ( -12.14876101047644497, 6.020055325367993149, -3.143707608520210695 ) ) ;
#1434 = CARTESIAN_POINT ( 'NONE',  ( 0.000000000000000000, 0.000000000000000000, 0.000000000000000000 ) ) ;
#1435 = DIRECTION ( 'NONE',  ( 0.000000000000000000, 0.000000000000000000, 1.000000000000000000 ) ) ;
#1436 = VERTEX_POINT ( 'NONE', #899 ) ;
#1437 = CARTESIAN_POINT ( 'NONE',  ( -9.757201688627699099, 5.268640356971869387, 11.28338230682623156 ) ) ;
#1438 = CARTESIAN_POINT ( 'NONE',  ( -13.81923703316807739, 5.449039935009403202, 3.151866725986219198 ) ) ;
#1439 = EDGE_LOOP ( 'NONE', ( #1565, #364, #1068, #962 ) ) ;
#1440 = DIRECTION ( 'NONE',  ( -0.000000000000000000, 1.000000000000000000, -0.000000000000000000 ) ) ;
#1441 = DIRECTION ( 'NONE',  ( 0.000000000000000000, 0.000000000000000000, 1.000000000000000000 ) ) ;
#1442 = EDGE_LOOP ( 'NONE', ( #843, #936 ) ) ;
#1443 = MANIFOLD_SOLID_BREP ( 'CBORE for M3 Hex Socket Head Cap Screw1', #1065 ) ;
#1444 = EDGE_CURVE ( 'NONE', #1096, #128, #1047, .T. ) ;
#1445 = ADVANCED_FACE ( 'NONE', ( #1263 ), #625, .T. ) ;
#1446 = FACE_OUTER_BOUND ( 'NONE', #1170, .T. ) ;
#1447 = CARTESIAN_POINT ( 'NONE',  ( 0.000000000000000000, 0.000000000000000000, 0.000000000000000000 ) ) ;
#1448 = ORIENTED_EDGE ( 'NONE', *, *, #1351, .T. ) ;
#1449 = CARTESIAN_POINT ( 'NONE',  ( -12.15029310874451340, 6.019343897466400861, 3.144187119533330410 ) ) ;
#1450 = CYLINDRICAL_SURFACE ( 'NONE', #411, 3.249999999999999556 ) ;
#1451 = EDGE_LOOP ( 'NONE', ( #1026, #378, #21, #1194 ) ) ;
#1452 = CARTESIAN_POINT ( 'NONE',  ( -9.511790550388651511, 5.553731904748246073, 10.01865936813929281 ) ) ;
#1453 = CALENDAR_DATE ( 2026, 26, 2 ) ;
#1454 = EDGE_LOOP ( 'NONE', ( #1332, #950, #285, #188 ) ) ;
#1455 = CARTESIAN_POINT ( 'NONE',  ( -13.00000000000000000, 1.600000000000089129, 0.000000000000000000 ) ) ;
#1456 = DIRECTION ( 'NONE',  ( -0.000000000000000000, 1.000000000000000000, -0.000000000000000000 ) ) ;
#1457 = VERTEX_POINT ( 'NONE', #1394 ) ;
#1458 = ADVANCED_FACE ( 'NONE', ( #1306 ), #1279, .F. ) ;
#1459 = CARTESIAN_POINT ( 'NONE',  ( 0.000000000000000000, 5.000000000000000888, -17.50000000000000000 ) ) ;
#1460 = DIRECTION ( 'NONE',  ( 0.000000000000000000, 0.000000000000000000, 1.000000000000000000 ) ) ;
#1461 = CARTESIAN_POINT ( 'NONE',  ( -13.00000000000000000, 10.00000000000009059, 0.000000000000000000 ) ) ;
#1462 = ORIENTED_EDGE ( 'NONE', *, *, #100, .F. ) ;
#1463 = CARTESIAN_POINT ( 'NONE',  ( -12.99999999999996092, 5.691496076385945457, 3.249999999999998668 ) ) ;
#1464 = CARTESIAN_POINT ( 'NONE',  ( -9.584521865640486027, 5.496932564176787217, -10.21200922376484854 ) ) ;
#1465 = CIRCLE ( 'NONE', #303, 1.700000000000010614 ) ;
#1466 = ORIENTED_EDGE ( 'NONE', *, *, #1430, .F. ) ;
#1467 = CARTESIAN_POINT ( 'NONE',  ( -7.374728573503692708, 5.070430414029925004, 14.39613965954772823 ) ) ;
#1468 = MECHANICAL_CONTEXT ( 'NONE', #498, 'mechanical' ) ;
#1469 = CARTESIAN_POINT ( 'NONE',  ( -5.400956009969746674, 5.192643964583329108, -14.32486288167931399 ) ) ;
#1470 = ORIENTED_EDGE ( 'NONE', *, *, #543, .T. ) ;
#1471 = CARTESIAN_POINT ( 'NONE',  ( 3.561666013570848666, 7.156975766193298227, -9.855285669030438456 ) ) ;
#1472 = AXIS2_PLACEMENT_3D ( 'NONE', #313, #1151, #81 ) ;
#1473 = CARTESIAN_POINT ( 'NONE',  ( 8.821958700001367504, 6.004675326025819437, 8.975410802066058125 ) ) ;
#1474 = AXIS2_PLACEMENT_3D ( 'NONE', #218, #703, #451 ) ;
#1475 = EDGE_LOOP ( 'NONE', ( #166, #1551, #253, #1337 ) ) ;
#1476 = CARTESIAN_POINT ( 'NONE',  ( -5.042451818884848613, 7.694222128982791453, 8.344965180187951859 ) ) ;
#1477 = CARTESIAN_POINT ( 'NONE',  ( -6.499999999999992895, 1.600000000000044054, 11.25833024919770509 ) ) ;
#1478 = ORIENTED_EDGE ( 'NONE', *, *, #1297, .F. ) ;
#1479 = CARTESIAN_POINT ( 'NONE',  ( 3.623511624355806315, 5.728625128962877788, -12.78576487735764822 ) ) ;
#1480 = CARTESIAN_POINT ( 'NONE',  ( 9.021370633370281666, 5.080029564920644169, 13.32094766174369660 ) ) ;
#1481 = CARTESIAN_POINT ( 'NONE',  ( 5.614074748648177682, 5.168897223249566686, 14.39321005697141587 ) ) ;
#1482 = EDGE_CURVE ( 'NONE', #1512, #361, #1534, .T. ) ;
#1483 = AXIS2_PLACEMENT_3D ( 'NONE', #190, #559, #790 ) ;
#1484 = CARTESIAN_POINT ( 'NONE',  ( -6.500000000000000000, 10.00000000000004619, -11.25833024919770331 ) ) ;
#1485 = DIRECTION ( 'NONE',  ( -0.000000000000000000, 1.000000000000000000, -0.000000000000000000 ) ) ;
#1486 = ORIENTED_EDGE ( 'NONE', *, *, #1211, .F. ) ;
#1487 = DIRECTION ( 'NONE',  ( -0.000000000000000000, 1.000000000000000000, -0.000000000000000000 ) ) ;
#1488 = CIRCLE ( 'NONE', #907, 1.700000000000010614 ) ;
#1489 = CARTESIAN_POINT ( 'NONE',  ( 3.651834003569252474, 7.249868102733429964, 9.679498367252408642 ) ) ;
#1490 = DIRECTION ( 'NONE',  ( 0.000000000000000000, 0.000000000000000000, 1.000000000000000000 ) ) ;
#1491 = EDGE_CURVE ( 'NONE', #1080, #547, #901, .T. ) ;
#1492 = EDGE_CURVE ( 'NONE', #863, #1266, #707, .T. ) ;
#1493 = FACE_BOUND ( 'NONE', #1264, .T. ) ;
#1494 = EDGE_LOOP ( 'NONE', ( #634, #1327 ) ) ;
#1495 = CARTESIAN_POINT ( 'NONE',  ( 8.020295119848002585, 6.478592749681957308, 8.379018431111562748 ) ) ;
#1496 = AXIS2_PLACEMENT_3D ( 'NONE', #75, #1167, #452 ) ;
#1497 = CYLINDRICAL_SURFACE ( 'NONE', #1076, 1.700000000000003508 ) ;
#1498 = DIRECTION ( 'NONE',  ( -0.000000000000000000, 1.000000000000000000, -0.000000000000000000 ) ) ;
#1499 = EDGE_CURVE ( 'NONE', #584, #49, #689, .T. ) ;
#1500 = CARTESIAN_POINT ( 'NONE',  ( -3.875926228809709606, 7.423577479589491546, 9.329834097270158111 ) ) ;
#1501 = DIRECTION ( 'NONE',  ( -0.000000000000000000, 1.000000000000000000, -0.000000000000000000 ) ) ;
#1502 = ORIENTED_EDGE ( 'NONE', *, *, #440, .T. ) ;
#1503 = CYLINDRICAL_SURFACE ( 'NONE', #429, 3.249999999999998668 ) ;
#1504 = DIRECTION ( 'NONE',  ( -0.000000000000000000, 1.000000000000000000, -0.000000000000000000 ) ) ;
#1505 = CARTESIAN_POINT ( 'NONE',  ( 7.291322473866406639, 6.884343387698130812, -8.099887075895148669 ) ) ;
#1506 = EDGE_CURVE ( 'NONE', #1436, #619, #1431, .T. ) ;
#1507 = CARTESIAN_POINT ( 'NONE',  ( -3.624886348367241773, 5.727475729012524219, 12.78862098808792247 ) ) ;
#1508 = CC_DESIGN_APPROVAL ( #1526, ( #1049 ) ) ;
#1509 = LINE ( 'NONE', #1518, #800 ) ;
#1510 = ORIENTED_EDGE ( 'NONE', *, *, #773, .T. ) ;
#1511 = B_SPLINE_CURVE_WITH_KNOTS ( 'NONE', 3,
 ( #1296, #214, #1070, #1557, #808, #456, #699, #315, #1176, #799, #562, #937, #1169, #944, #82, #682, #90, #920, #1038, #442, #567, #583, #322, #1054, #1422, #339, #1540, #825, #1323, #1087, #1438, #739, #366, #1235 ),
 .UNSPECIFIED., .F., .F.,
 ( 4, 2, 2, 2, 2, 2, 2, 2, 2, 2, 2, 2, 2, 2, 2, 2, 4 ),
 ( 0.01877853635384430647, 0.01942123966967314666, 0.02006394298550198685, 0.02070664630133082704, 0.02134934961715966723, 0.02199205293298850394, 0.02263475624881734066, 0.02327745956464617738, 0.02392016288047501410, 0.02456286619630385082, 0.02520556951213268754, 0.02584827282796152426, 0.02649097614379036097, 0.02713367945961920463, 0.02777638277544804829, 0.02841908609127689195, 0.02906178940710573214 ),
 .UNSPECIFIED. ) ;
#1512 = VERTEX_POINT ( 'NONE', #195 ) ;
#1513 = DIRECTION ( 'NONE',  ( 0.000000000000000000, -0.000000000000000000, -1.000000000000000000 ) ) ;
#1514 = CARTESIAN_POINT ( 'NONE',  ( 6.500000000000003553, 9.999999999999955591, 11.25833024919770153 ) ) ;
#1515 = CARTESIAN_POINT ( 'NONE',  ( 8.821449485054827733, 6.004979541886644512, -8.974986783021241976 ) ) ;
#1516 = DIRECTION ( 'NONE',  ( -0.000000000000000000, 1.000000000000000000, -0.000000000000000000 ) ) ;
#1517 = CIRCLE ( 'NONE', #887, 1.699999999999998401 ) ;
#1518 = CARTESIAN_POINT ( 'NONE',  ( 13.00000000000000178, 9.999999999999909406, -3.250000000000001332 ) ) ;
#1519 = ORIENTED_EDGE ( 'NONE', *, *, #207, .T. ) ;
#1520 = CARTESIAN_POINT ( 'NONE',  ( 16.22820582964369862, 5.064371318307339109, 0.4330529104536231522 ) ) ;
#1521 = CARTESIAN_POINT ( 'NONE',  ( -3.651999377179873552, 7.250190334352291543, -9.678945187326187138 ) ) ;
#1522 = CARTESIAN_POINT ( 'NONE',  ( -9.387917136162570841, 5.109821729332471918, -12.76531816584929402 ) ) ;
#1523 = CARTESIAN_POINT ( 'NONE',  ( 0.000000000000000000, 17.49999999999999645, 0.000000000000000000 ) ) ;
#1524 = CIRCLE ( 'NONE', #1474, 1.699999999999998401 ) ;
#1525 = CARTESIAN_POINT ( 'NONE',  ( -13.00000000000000000, 1.600000000000089129, -1.699999999999998401 ) ) ;
#1526 = APPROVAL ( #535, 'UNSPECIFIED' ) ;
#1527 = CARTESIAN_POINT ( 'NONE',  ( 16.22908532381971014, 5.064299388391106937, -0.4273109280695441825 ) ) ;
#1528 = ADVANCED_FACE ( 'NONE', ( #716 ), #346, .F. ) ;
#1529 = CARTESIAN_POINT ( 'NONE',  ( -6.499999999999992895, 10.00000000000004619, 11.25833024919770509 ) ) ;
#1530 = CARTESIAN_POINT ( 'NONE',  ( 9.748513061406123725, 5.236779150416560391, -11.49851680943523391 ) ) ;
#1531 = DIRECTION ( 'NONE',  ( 0.000000000000000000, 0.000000000000000000, 1.000000000000000000 ) ) ;
#1532 = ADVANCED_FACE ( 'NONE', ( #203 ), #1046, .F. ) ;
#1533 = AXIS2_PLACEMENT_3D ( 'NONE', #232, #268, #512 ) ;
#1534 = LINE ( 'NONE', #833, #522 ) ;
#1535 = CARTESIAN_POINT ( 'NONE',  ( 15.12261632473368955, 5.190484477145568931, 2.470586219962648045 ) ) ;
#1536 = CARTESIAN_POINT ( 'NONE',  ( 0.000000000000000000, 0.000000000000000000, 0.000000000000000000 ) ) ;
#1537 = CARTESIAN_POINT ( 'NONE',  ( 9.507748186225775555, 5.556723204518485559, -10.00933462192034895 ) ) ;
#1538 = CYLINDRICAL_SURFACE ( 'NONE', #1496, 1.700000000000003508 ) ;
#1539 = VERTEX_POINT ( 'NONE', #1525 ) ;
#1540 = CARTESIAN_POINT ( 'NONE',  ( -14.95743220209101487, 5.215892700771290968, 2.603065014253158171 ) ) ;
#1541 = CIRCLE ( 'NONE', #158, 3.249999999999997780 ) ;
#1542 = ORIENTED_EDGE ( 'NONE', *, *, #208, .F. ) ;
#1543 = CARTESIAN_POINT ( 'NONE',  ( 15.81085625581829213, 5.103047939842954683, -1.645587715444608801 ) ) ;
#1544 = CARTESIAN_POINT ( 'NONE',  ( 10.45106105678739894, 7.045940595821053698, -2.026887683498255210 ) ) ;
#1545 = DIRECTION ( 'NONE',  ( -0.000000000000000000, 1.000000000000000000, -0.000000000000000000 ) ) ;
#1546 = DIRECTION ( 'NONE',  ( -0.000000000000000000, 1.000000000000000000, -0.000000000000000000 ) ) ;
#1547 = EDGE_CURVE ( 'NONE', #1055, #979, #599, .T. ) ;
#1548 = ORIENTED_EDGE ( 'NONE', *, *, #743, .F. ) ;
#1549 = DIRECTION ( 'NONE',  ( 0.000000000000000000, 0.000000000000000000, 1.000000000000000000 ) ) ;
#1550 = CIRCLE ( 'NONE', #674, 12.49999999999999289 ) ;
#1551 = ORIENTED_EDGE ( 'NONE', *, *, #174, .F. ) ;
#1552 = CARTESIAN_POINT ( 'NONE',  ( -11.56652121767415231, 6.307103715162213575, -2.924130904841542034 ) ) ;
#1553 = CARTESIAN_POINT ( 'NONE',  ( -6.500000000011887380, 5.103100525269428367, -14.50833024919770153 ) ) ;
#1554 = CARTESIAN_POINT ( 'NONE',  ( -8.961369379449392270, 5.919144437850073714, -9.126042394956199288 ) ) ;
#1555 = VERTEX_POINT ( 'NONE', #76 ) ;
#1556 = DIRECTION ( 'NONE',  ( 0.000000000000000000, 0.000000000000000000, 1.000000000000000000 ) ) ;
#1557 = CARTESIAN_POINT ( 'NONE',  ( -13.81462463397826212, 5.450196313364020995, -3.153094138159219018 ) ) ;
#1558 = AXIS2_PLACEMENT_3D ( 'NONE', #1477, #1073, #495 ) ;
#1559 = ORIENTED_EDGE ( 'NONE', *, *, #690, .T. ) ;
#1560 = CARTESIAN_POINT ( 'NONE',  ( -9.869194658291798206, 7.569472439158079879, 0.9005409922385037014 ) ) ;
#1561 = VECTOR ( 'NONE', #637, 1000.000000000000000 ) ;
#1562 = EDGE_CURVE ( 'NONE', #832, #136, #1511, .T. ) ;
#1563 = EDGE_CURVE ( 'NONE', #49, #1555, #1334, .T. ) ;
#1564 = CARTESIAN_POINT ( 'NONE',  ( -9.211044544269102019, 5.761069641507160277, -9.454105153921155136 ) ) ;
#1565 = ORIENTED_EDGE ( 'NONE', *, *, #919, .F. ) ;
#1566 = FACE_BOUND ( 'NONE', #1324, .T. ) ;
#1567 = APPROVAL_ROLE ( '' ) ;
#1568 = AXIS2_PLACEMENT_3D ( 'NONE', #133, #1333, #118 ) ;
#1569 = ORIENTED_EDGE ( 'NONE', *, *, #358, .F. ) ;
ENDSEC;
END-ISO-10303-21;
