ISO-10303-21;
HEADER;
FILE_DESCRIPTION (( 'STEP AP203' ),
    '1' );
FILE_NAME ('LowerLink.STEP',
    '2026-02-26T13:24:22',
    ( '' ),
    ( '' ),
    'SwSTEP 2.0',
    'SolidWorks 2024',
    '' );
FILE_SCHEMA (( 'CONFIG_CONTROL_DESIGN' ));
ENDSEC;

DATA;
#1 = ORIENTED_EDGE ( 'NONE', *, *, #4891, .T. ) ;
#2 = DIRECTION ( 'NONE',  ( 0.000000000000000000, 0.000000000000000000, 1.000000000000000000 ) ) ;
#3 = CARTESIAN_POINT ( 'NONE',  ( 3.633599466026870228, 14.03345960902831990, -122.2388853184706790 ) ) ;
#4 = DIRECTION ( 'NONE',  ( -1.150268980431791831E-16, 1.000000000000000000, -0.000000000000000000 ) ) ;
#5 = VERTEX_POINT ( 'NONE', #2522 ) ;
#6 = FACE_OUTER_BOUND ( 'NONE', #1618, .T. ) ;
#7 = ORIENTED_EDGE ( 'NONE', *, *, #6549, .T. ) ;
#8 = DIRECTION ( 'NONE',  ( 1.150268980431791831E-16, -1.000000000000000000, 0.000000000000000000 ) ) ;
#9 = EDGE_CURVE ( 'NONE', #1915, #2763, #4540, .T. ) ;
#10 = EDGE_LOOP ( 'NONE', ( #1854, #319, #6324, #5653 ) ) ;
#11 = CARTESIAN_POINT ( 'NONE',  ( -23.11645821900307141, 26.05705187735223305, -93.54791821122165629 ) ) ;
#12 = ORIENTED_EDGE ( 'NONE', *, *, #5395, .F. ) ;
#13 = CARTESIAN_POINT ( 'NONE',  ( -2.339929324814405298, 6.500000000000008882, -76.11434047896368327 ) ) ;
#14 = EDGE_CURVE ( 'NONE', #3897, #736, #4641, .T. ) ;
#15 = CARTESIAN_POINT ( 'NONE',  ( -11.74999999999977796, 7.860503406167967277, 119.3515969889344177 ) ) ;
#16 = VERTEX_POINT ( 'NONE', #446 ) ;
#17 = CARTESIAN_POINT ( 'NONE',  ( 21.17646880143230703, 7.696141087872132580, -108.4600916298936539 ) ) ;
#18 = DIRECTION ( 'NONE',  ( 0.000000000000000000, 0.000000000000000000, -1.000000000000000000 ) ) ;
#19 = DIRECTION ( 'NONE',  ( -1.000000000000000000, -1.084202172485504434E-16, 5.782411586589356653E-16 ) ) ;
#20 = VERTEX_POINT ( 'NONE', #6701 ) ;
#21 = CARTESIAN_POINT ( 'NONE',  ( -22.50020032262487035, 7.999790774156775086, -99.85583006368889869 ) ) ;
#22 = CARTESIAN_POINT ( 'NONE',  ( -21.17646880143225374, 16.19999999999999929, -91.53990837010623238 ) ) ;
#23 = B_SPLINE_CURVE_WITH_KNOTS ( 'NONE', 3,
 ( #5834, #3791, #434, #838 ),
 .UNSPECIFIED., .F., .F.,
 ( 4, 4 ),
 ( 0.001150320978735620576, 0.003153469944069051123 ),
 .UNSPECIFIED. ) ;
#24 = LINE ( 'NONE', #6216, #4607 ) ;
#25 = CARTESIAN_POINT ( 'NONE',  ( -4.494085902020902523, 14.17627692577238108, -77.77333453045720546 ) ) ;
#26 = CARTESIAN_POINT ( 'NONE',  ( -4.559190310229181087, 7.780755450098237880, 77.74277240009043055 ) ) ;
#27 = ORIENTED_EDGE ( 'NONE', *, *, #4506, .F. ) ;
#28 = ORIENTED_EDGE ( 'NONE', *, *, #6520, .F. ) ;
#29 = DIRECTION ( 'NONE',  ( -1.000000000000000000, -1.084202172485504434E-16, 0.000000000000000000 ) ) ;
#30 = CARTESIAN_POINT ( 'NONE',  ( -23.58446676524485142, 16.41553323475512016, -81.28287940369531839 ) ) ;
#31 = LINE ( 'NONE', #3112, #1340 ) ;
#32 = EDGE_CURVE ( 'NONE', #515, #2673, #4037, .T. ) ;
#33 = VERTEX_POINT ( 'NONE', #1974 ) ;
#34 = AXIS2_PLACEMENT_3D ( 'NONE', #1975, #5780, #6292 ) ;
#35 = CARTESIAN_POINT ( 'NONE',  ( -12.53013505220727453, 14.69713885779636087, -119.5253573657505228 ) ) ;
#36 = DIRECTION ( 'NONE',  ( -3.673940397442059868E-16, 0.000000000000000000, -1.000000000000000000 ) ) ;
#37 = CARTESIAN_POINT ( 'NONE',  ( 23.92910714524987270, 6.500000000000011546, -101.8433207076229792 ) ) ;
#38 = VERTEX_POINT ( 'NONE', #2012 ) ;
#39 = ORIENTED_EDGE ( 'NONE', *, *, #2769, .F. ) ;
#40 = CONICAL_SURFACE ( 'NONE', #3964, 22.49999999999999289, 0.7853981633974536081 ) ;
#41 = CYLINDRICAL_SURFACE ( 'NONE', #1559, 24.00000000000000000 ) ;
#42 = EDGE_CURVE ( 'NONE', #3897, #515, #6741, .T. ) ;
#43 = AXIS2_PLACEMENT_3D ( 'NONE', #5328, #653, #5848 ) ;
#44 = VECTOR ( 'NONE', #3978, 1000.000000000000000 ) ;
#45 = EDGE_CURVE ( 'NONE', #3034, #5736, #1022, .T. ) ;
#46 = CARTESIAN_POINT ( 'NONE',  ( -17.32672204318893350, 8.000207311578270364, -85.64570593383173502 ) ) ;
#47 = ORIENTED_EDGE ( 'NONE', *, *, #9, .F. ) ;
#48 = DIRECTION ( 'NONE',  ( -1.000000000000000000, -1.445602896647339163E-16, 5.782411586589356653E-16 ) ) ;
#49 = CARTESIAN_POINT ( 'NONE',  ( 21.55491936037464740, 7.780755702621032555, -107.1802393170632968 ) ) ;
#50 = AXIS2_PLACEMENT_3D ( 'NONE', #4231, #4629, #5794 ) ;
#51 = ADVANCED_FACE ( 'NONE', ( #5085 ), #414, .F. ) ;
#52 = CARTESIAN_POINT ( 'NONE',  ( -10.78407417371074573, 14.30385891212783989, -120.0927779438318765 ) ) ;
#53 = CARTESIAN_POINT ( 'NONE',  ( -19.51562326895601629, 15.49999999999998224, 86.03073200113259134 ) ) ;
#54 = CIRCLE ( 'NONE', #4101, 24.00000000000000000 ) ;
#55 = FACE_OUTER_BOUND ( 'NONE', #5840, .T. ) ;
#56 = ORIENTED_EDGE ( 'NONE', *, *, #6134, .F. ) ;
#57 = ORIENTED_EDGE ( 'NONE', *, *, #5877, .F. ) ;
#58 = CARTESIAN_POINT ( 'NONE',  ( 4.447727861301533636, 7.855686153495961221, 77.79646731237272661 ) ) ;
#59 = CARTESIAN_POINT ( 'NONE',  ( 19.99999999999998579, 20.00000000000000355, -6.479651354226968417E-15 ) ) ;
#60 = EDGE_CURVE ( 'NONE', #6541, #1246, #911, .T. ) ;
#61 = AXIS2_PLACEMENT_3D ( 'NONE', #4261, #3651, #1117 ) ;
#62 = CARTESIAN_POINT ( 'NONE',  ( 3.459084155866925858, 7.877966898493246717, -77.64390472049272773 ) ) ;
#63 = CARTESIAN_POINT ( 'NONE',  ( -16.99574107095874709, 7.780657572238967035, 84.92287776205519378 ) ) ;
#64 = EDGE_CURVE ( 'NONE', #480, #6406, #6000, .T. ) ;
#65 = CARTESIAN_POINT ( 'NONE',  ( -11.75000000000009415, 7.860503406167944185, -80.64840301106573861 ) ) ;
#66 = EDGE_CURVE ( 'NONE', #16, #3694, #3227, .T. ) ;
#67 = ORIENTED_EDGE ( 'NONE', *, *, #4961, .F. ) ;
#68 = ORIENTED_EDGE ( 'NONE', *, *, #6014, .F. ) ;
#69 = CARTESIAN_POINT ( 'NONE',  ( 17.14589584587884730, 15.49999999999998579, -116.7933991687887527 ) ) ;
#70 = AXIS2_PLACEMENT_3D ( 'NONE', #107, #2050, #5294 ) ;
#71 = DIRECTION ( 'NONE',  ( -0.7071067811865441310, 0.000000000000000000, 0.7071067811865507924 ) ) ;
#72 = CIRCLE ( 'NONE', #3892, 25.10000000000000142 ) ;
#73 = CARTESIAN_POINT ( 'NONE',  ( 12.00881904510277209, 16.19999999999999929, 119.3856711626450959 ) ) ;
#74 = FACE_OUTER_BOUND ( 'NONE', #4341, .T. ) ;
#75 = CARTESIAN_POINT ( 'NONE',  ( -21.17646880143222177, 16.19999999999999929, 91.53990837010623238 ) ) ;
#76 = ADVANCED_FACE ( 'NONE', ( #4573 ), #5598, .F. ) ;
#77 = ORIENTED_EDGE ( 'NONE', *, *, #138, .T. ) ;
#78 = ORIENTED_EDGE ( 'NONE', *, *, #6402, .T. ) ;
#79 = CARTESIAN_POINT ( 'NONE',  ( 2.952008550967706757, 7.302849822398334467, -123.0115197942374152 ) ) ;
#80 = B_SPLINE_CURVE_WITH_KNOTS ( 'NONE', 3,
 ( #5895, #1215, #251, #3396 ),
 .UNSPECIFIED., .F., .F.,
 ( 4, 4 ),
 ( 0.001801196906089749155, 0.003804307981452938713 ),
 .UNSPECIFIED. ) ;
#81 = ORIENTED_EDGE ( 'NONE', *, *, #4100, .T. ) ;
#82 = APPROVAL_PERSON_ORGANIZATION ( #4848, #6108, #2279 ) ;
#83 = EDGE_CURVE ( 'NONE', #1223, #2278, #5189, .T. ) ;
#84 = DIRECTION ( 'NONE',  ( -1.150268980431791831E-16, 1.000000000000000000, -0.000000000000000000 ) ) ;
#85 = VERTEX_POINT ( 'NONE', #5994 ) ;
#86 = CARTESIAN_POINT ( 'NONE',  ( -11.53566177949943850, 14.04290720100409828, -80.63188661883938835 ) ) ;
#87 = ORIENTED_EDGE ( 'NONE', *, *, #2685, .F. ) ;
#88 = CARTESIAN_POINT ( 'NONE',  ( -11.84194164577730213, 7.812785280749936057, 119.3515969889335224 ) ) ;
#89 = EDGE_CURVE ( 'NONE', #4494, #4139, #4797, .T. ) ;
#90 = VERTEX_POINT ( 'NONE', #2178 ) ;
#91 = DIRECTION ( 'NONE',  ( 0.000000000000000000, 1.000000000000000000, 0.000000000000000000 ) ) ;
#92 = CARTESIAN_POINT ( 'NONE',  ( -4.654308611523689798, 14.30385891212786831, -122.3238301514979582 ) ) ;
#93 = CARTESIAN_POINT ( 'NONE',  ( -17.14589584587866966, 6.500000000000007105, 83.20660083121111938 ) ) ;
#94 = ORIENTED_EDGE ( 'NONE', *, *, #5650, .T. ) ;
#95 = EDGE_LOOP ( 'NONE', ( #6017, #3505, #4470, #5965 ) ) ;
#96 = FACE_OUTER_BOUND ( 'NONE', #919, .T. ) ;
#97 = FACE_OUTER_BOUND ( 'NONE', #5128, .T. ) ;
#98 = EDGE_CURVE ( 'NONE', #6236, #3861, #4880, .T. ) ;
#99 = CARTESIAN_POINT ( 'NONE',  ( -11.77355264233117893, 14.14431391234269775, 80.65671671776397034 ) ) ;
#100 = CARTESIAN_POINT ( 'NONE',  ( -21.27005855638111953, 14.03345952074774594, -107.4401391315203966 ) ) ;
#101 = CARTESIAN_POINT ( 'NONE',  ( -4.654308611523689798, 14.30385891212786831, -122.3238301514979582 ) ) ;
#102 = ORIENTED_EDGE ( 'NONE', *, *, #1773, .T. ) ;
#103 = ORIENTED_EDGE ( 'NONE', *, *, #4647, .F. ) ;
#104 = CARTESIAN_POINT ( 'NONE',  ( 3.261580130884095041, 16.19999999999999929, -122.5694057594358100 ) ) ;
#105 = CARTESIAN_POINT ( 'NONE',  ( -19.51562326895604471, 15.49999999999998224, -86.03073200113257712 ) ) ;
#106 = ORIENTED_EDGE ( 'NONE', *, *, #4433, .F. ) ;
#107 = CARTESIAN_POINT ( 'NONE',  ( 23.50000000000003908, 16.19999999999999929, 99.99999999999998579 ) ) ;
#108 = PLANE ( 'NONE',  #43 ) ;
#109 = CARTESIAN_POINT ( 'NONE',  ( -3.767821056167829141, 8.000207247187899995, -122.1825287675034275 ) ) ;
#110 = ORIENTED_EDGE ( 'NONE', *, *, #3920, .T. ) ;
#111 = ORIENTED_EDGE ( 'NONE', *, *, #4228, .T. ) ;
#112 = CARTESIAN_POINT ( 'NONE',  ( 21.45227282621728548, 14.14401222038172357, 92.74979011742256318 ) ) ;
#113 = CARTESIAN_POINT ( 'NONE',  ( 10.64438394997914017, 7.302849822317447170, 120.6141089561203898 ) ) ;
#114 = VERTEX_POINT ( 'NONE', #6353 ) ;
#115 = CARTESIAN_POINT ( 'NONE',  ( -10.95944521045893438, 14.06943022770659724, -80.26986333710891586 ) ) ;
#116 = ORIENTED_EDGE ( 'NONE', *, *, #3715, .T. ) ;
#117 = LINE ( 'NONE', #3390, #5499 ) ;
#118 = ADVANCED_FACE ( 'NONE', ( #4273 ), #1666, .T. ) ;
#119 = CARTESIAN_POINT ( 'NONE',  ( 3.898899098674196022E-14, 6.500000000000008882, 100.0000000000000000 ) ) ;
#120 = FACE_OUTER_BOUND ( 'NONE', #4672, .T. ) ;
#121 = ORIENTED_EDGE ( 'NONE', *, *, #2541, .T. ) ;
#122 = DIRECTION ( 'NONE',  ( -1.000000000000000000, -1.084202172485504434E-16, 0.000000000000000000 ) ) ;
#123 = B_SPLINE_CURVE_WITH_KNOTS ( 'NONE', 3,
 ( #5269, #2670, #560, #2025, #1480, #1074 ),
 .UNSPECIFIED., .F., .F.,
 ( 4, 2, 4 ),
 ( 2.989209868123831679E-07, 0.0003391538968115426949, 0.0006780088726362729383 ),
 .UNSPECIFIED. ) ;
#124 = CARTESIAN_POINT ( 'NONE',  ( 10.80867155960842396, 7.765393872858810553, 120.0009792499298555 ) ) ;
#125 = EDGE_CURVE ( 'NONE', #5542, #2800, #3335, .T. ) ;
#126 = DIRECTION ( 'NONE',  ( -0.000000000000000000, -1.000000000000000000, -0.000000000000000000 ) ) ;
#127 = DIRECTION ( 'NONE',  ( -1.150268980431791831E-16, 1.000000000000000000, -0.000000000000000000 ) ) ;
#128 = CYLINDRICAL_SURFACE ( 'NONE', #5730, 24.00000000000000000 ) ;
#129 = ADVANCED_FACE ( 'NONE', ( #650 ), #2112, .T. ) ;
#130 = ORIENTED_EDGE ( 'NONE', *, *, #2877, .F. ) ;
#131 = EDGE_LOOP ( 'NONE', ( #6122, #5218, #4035, #2191 ) ) ;
#132 = CARTESIAN_POINT ( 'NONE',  ( 3.673940397442059493E-14, 26.05705187735223660, 100.0000000000000000 ) ) ;
#133 = CARTESIAN_POINT ( 'NONE',  ( -18.98585932493146800, 15.09619911758238153, -85.98438366168565494 ) ) ;
#134 = VERTEX_POINT ( 'NONE', #2694 ) ;
#135 = CARTESIAN_POINT ( 'NONE',  ( 2.444395011098116776E-14, 5.400000000000000355, 74.90000000000000568 ) ) ;
#136 = CARTESIAN_POINT ( 'NONE',  ( -19.51562326895579602, 26.05705187735223305, 113.9692679988677213 ) ) ;
#137 = APPROVAL_ROLE ( '' ) ;
#138 = EDGE_CURVE ( 'NONE', #4095, #2339, #5427, .T. ) ;
#139 = ORIENTED_EDGE ( 'NONE', *, *, #1923, .T. ) ;
#140 = CARTESIAN_POINT ( 'NONE',  ( 21.27005855638119414, 14.03345952074773351, 92.55986086847974548 ) ) ;
#141 = EDGE_CURVE ( 'NONE', #249, #400, #1197, .T. ) ;
#142 = DIRECTION ( 'NONE',  ( -1.000000000000000000, -1.445602896647338917E-16, 0.000000000000000000 ) ) ;
#143 = VECTOR ( 'NONE', #467, 1000.000000000000000 ) ;
#144 = CIRCLE ( 'NONE', #6041, 24.00000000000000355 ) ;
#145 = ORIENTED_EDGE ( 'NONE', *, *, #2318, .F. ) ;
#146 = CARTESIAN_POINT ( 'NONE',  ( 3.261580130883831696, 14.30385891212786653, 77.43059424056414741 ) ) ;
#147 = ORIENTED_EDGE ( 'NONE', *, *, #870, .F. ) ;
#148 = CARTESIAN_POINT ( 'NONE',  ( 13.04726263917455320, 6.903790001752475369, 119.6639212850618890 ) ) ;
#149 = AXIS2_PLACEMENT_3D ( 'NONE', #1321, #5418, #1797 ) ;
#150 = VECTOR ( 'NONE', #6677, 1000.000000000000000 ) ;
#151 = FACE_OUTER_BOUND ( 'NONE', #1475, .T. ) ;
#152 = ORIENTED_EDGE ( 'NONE', *, *, #3557, .T. ) ;
#153 = EDGE_CURVE ( 'NONE', #1162, #6406, #6772, .T. ) ;
#154 = VERTEX_POINT ( 'NONE', #4169 ) ;
#155 = DIRECTION ( 'NONE',  ( -1.000000000000000000, -1.445602896647338917E-16, 0.000000000000000000 ) ) ;
#156 = AXIS2_PLACEMENT_3D ( 'NONE', #5964, #2812, #217 ) ;
#157 = CARTESIAN_POINT ( 'NONE',  ( -10.78407417371100863, 7.696141087872121922, 79.90722205616826557 ) ) ;
#158 = FACE_OUTER_BOUND ( 'NONE', #1935, .T. ) ;
#159 = CIRCLE ( 'NONE', #1794, 24.00000000000000000 ) ;
#160 = CARTESIAN_POINT ( 'NONE',  ( -22.49980162688841645, 13.99979281031513345, 99.85862256247774837 ) ) ;
#161 = CARTESIAN_POINT ( 'NONE',  ( -21.55491936037450529, 14.21924429737896922, -107.1802393170637515 ) ) ;
#162 = LINE ( 'NONE', #2820, #1025 ) ;
#163 = ORIENTED_EDGE ( 'NONE', *, *, #6605, .F. ) ;
#164 = ADVANCED_FACE ( 'NONE', ( #2625 ), #4242, .T. ) ;
#165 = ORIENTED_EDGE ( 'NONE', *, *, #1544, .F. ) ;
#166 = EDGE_CURVE ( 'NONE', #262, #1566, #580, .T. ) ;
#167 = ORIENTED_EDGE ( 'NONE', *, *, #3798, .T. ) ;
#168 = CARTESIAN_POINT ( 'NONE',  ( 4.080732175173142906, 7.984138133119871306, 122.1429821957868285 ) ) ;
#169 = CARTESIAN_POINT ( 'NONE',  ( -21.19125078562205289, 8.000207282041484902, 92.43746428254569025 ) ) ;
#170 = AXIS2_PLACEMENT_3D ( 'NONE', #6476, #6416, #3817 ) ;
#171 = ADVANCED_FACE ( 'NONE', ( #549 ), #3698, .T. ) ;
#172 = ORIENTED_EDGE ( 'NONE', *, *, #4706, .F. ) ;
#173 = LINE ( 'NONE', #3278, #1170 ) ;
#174 = VECTOR ( 'NONE', #5122, 1000.000000000000000 ) ;
#175 = DIRECTION ( 'NONE',  ( -1.150268980431791831E-16, 1.000000000000000000, 4.226019675132850335E-32 ) ) ;
#176 = PERSON_AND_ORGANIZATION ( #384, #3894 ) ;
#177 = ORIENTED_EDGE ( 'NONE', *, *, #2913, .F. ) ;
#178 = VERTEX_POINT ( 'NONE', #2148 ) ;
#179 = CARTESIAN_POINT ( 'NONE',  ( 12.00881904510249321, 7.696141087872134356, 80.61432883735471933 ) ) ;
#180 = AXIS2_PLACEMENT_3D ( 'NONE', #1122, #1497, #4736 ) ;
#181 = B_SPLINE_CURVE_WITH_KNOTS ( 'NONE', 3,
 ( #1736, #6457, #771, #4847 ),
 .UNSPECIFIED., .F., .F.,
 ( 4, 4 ),
 ( 3.020644791631598154E-07, 0.002003451032597859151 ),
 .UNSPECIFIED. ) ;
#182 = VECTOR ( 'NONE', #502, 1000.000000000000000 ) ;
#183 = CARTESIAN_POINT ( 'NONE',  ( 21.85555259377040116, 6.500000000000011546, -109.9163915221685528 ) ) ;
#184 = EDGE_LOOP ( 'NONE', ( #2026, #3002, #1662, #1579 ) ) ;
#185 = CARTESIAN_POINT ( 'NONE',  ( -21.17646880143209032, 7.696141087872130804, 108.4600916298941087 ) ) ;
#186 = ORIENTED_EDGE ( 'NONE', *, *, #3806, .T. ) ;
#187 = CARTESIAN_POINT ( 'NONE',  ( -17.00584971520412125, 14.30385891212787719, -115.1926645703814955 ) ) ;
#188 = DIRECTION ( 'NONE',  ( 0.000000000000000000, 0.000000000000000000, -1.000000000000000000 ) ) ;
#189 = ORIENTED_EDGE ( 'NONE', *, *, #3251, .F. ) ;
#190 = CARTESIAN_POINT ( 'NONE',  ( 3.303106800183092180E-15, 22.00000000000000000, -125.1000000000000227 ) ) ;
#191 = DIRECTION ( 'NONE',  ( 0.000000000000000000, 0.000000000000000000, 1.000000000000000000 ) ) ;
#192 = PLANE ( 'NONE',  #2314 ) ;
#193 = LINE ( 'NONE', #4387, #1778 ) ;
#194 = CARTESIAN_POINT ( 'NONE',  ( 22.71078579250044172, 7.780755035265474184, -99.37500064512647668 ) ) ;
#195 = DIRECTION ( 'NONE',  ( -0.000000000000000000, 1.000000000000000000, -0.000000000000000000 ) ) ;
#196 = ORIENTED_EDGE ( 'NONE', *, *, #2502, .F. ) ;
#197 = CARTESIAN_POINT ( 'NONE',  ( 3.996263466697429045, 7.999447081918293456, 122.1429821957868427 ) ) ;
#198 = CARTESIAN_POINT ( 'NONE',  ( -17.09954750643152366, 15.09619911758238509, 116.2636352247645419 ) ) ;
#199 = EDGE_CURVE ( 'NONE', #3098, #154, #568, .T. ) ;
#200 = ORIENTED_EDGE ( 'NONE', *, *, #6113, .F. ) ;
#201 = DIRECTION ( 'NONE',  ( -3.463824224941992865E-16, -0.7071067811865435759, -0.7071067811865515695 ) ) ;
#202 = CARTESIAN_POINT ( 'NONE',  ( 21.17646880143222177, 16.19999999999999929, 91.53990837010607606 ) ) ;
#203 = ORIENTED_EDGE ( 'NONE', *, *, #827, .F. ) ;
#204 = PERSON_AND_ORGANIZATION_ROLE ( 'creator' ) ;
#205 = EDGE_LOOP ( 'NONE', ( #4839, #1257, #973, #3971 ) ) ;
#206 = ORIENTED_EDGE ( 'NONE', *, *, #1088, .T. ) ;
#207 = B_SPLINE_CURVE_WITH_KNOTS ( 'NONE', 3,
 ( #6565, #5705, #3457, #5540 ),
 .UNSPECIFIED., .F., .F.,
 ( 4, 4 ),
 ( 2.730032382563671369E-07, 0.002003384078721814638 ),
 .UNSPECIFIED. ) ;
#208 = CARTESIAN_POINT ( 'NONE',  ( -21.17646880143209032, 7.696141087872130804, 108.4600916298941087 ) ) ;
#209 = DIRECTION ( 'NONE',  ( 1.150268980431791831E-16, -1.000000000000000000, -4.226019675132849788E-32 ) ) ;
#210 = EDGE_LOOP ( 'NONE', ( #6191, #3141, #4332, #5096 ) ) ;
#211 = DIRECTION ( 'NONE',  ( -0.4226182617406946673, 0.000000000000000000, -0.9063077870366522681 ) ) ;
#212 = EDGE_CURVE ( 'NONE', #2956, #1380, #2979, .T. ) ;
#213 = VERTEX_POINT ( 'NONE', #3403 ) ;
#214 = CYLINDRICAL_SURFACE ( 'NONE', #3782, 1.000000000000000888 ) ;
#215 = ORIENTED_EDGE ( 'NONE', *, *, #2741, .F. ) ;
#216 = DIRECTION ( 'NONE',  ( 1.150268980431791831E-16, -1.000000000000000000, -4.226019675132850335E-32 ) ) ;
#217 = DIRECTION ( 'NONE',  ( -3.673940397442059868E-16, 0.000000000000000000, -1.000000000000000000 ) ) ;
#218 = EDGE_CURVE ( 'NONE', #480, #3636, #2002, .T. ) ;
#219 = ORIENTED_EDGE ( 'NONE', *, *, #1044, .F. ) ;
#220 = CARTESIAN_POINT ( 'NONE',  ( 1.214344929932751015E-15, 15.49999999999998401, -100.0000000000000000 ) ) ;
#221 = DIRECTION ( 'NONE',  ( -0.000000000000000000, -1.000000000000000000, -0.000000000000000000 ) ) ;
#222 = CARTESIAN_POINT ( 'NONE',  ( 5.534959247142514194, 6.903790001830215850, -122.9404683650869998 ) ) ;
#223 = CARTESIAN_POINT ( 'NONE',  ( 6.733360456028193320E-31, 20.00000000000000000, -130.0000000000000000 ) ) ;
#224 = CARTESIAN_POINT ( 'NONE',  ( 21.17646880143234611, 14.30385891212785054, 108.4600916298936113 ) ) ;
#225 = DIRECTION ( 'NONE',  ( -1.000000000000000000, -1.445602896647338917E-16, 5.782411586589355667E-16 ) ) ;
#226 = EDGE_LOOP ( 'NONE', ( #2082, #715, #1339, #2076 ) ) ;
#227 = CARTESIAN_POINT ( 'NONE',  ( -21.66015832672819030, 16.19999999999999929, -92.86883441888356572 ) ) ;
#228 = CARTESIAN_POINT ( 'NONE',  ( 10.78407417371116139, 14.30385891212785410, -120.0927779438316634 ) ) ;
#229 = DIRECTION ( 'NONE',  ( 0.4226182617406942787, 0.000000000000000000, -0.9063077870366523792 ) ) ;
#230 = CARTESIAN_POINT ( 'NONE',  ( 4.578727394820975682, 14.23662414909528451, 122.2709076138151971 ) ) ;
#231 = DATE_AND_TIME ( #6493, #5417 ) ;
#232 = ORIENTED_EDGE ( 'NONE', *, *, #2591, .T. ) ;
#233 = ORIENTED_EDGE ( 'NONE', *, *, #3084, .T. ) ;
#234 = DIRECTION ( 'NONE',  ( -1.000000000000000000, -1.445602896647338917E-16, 0.000000000000000000 ) ) ;
#235 = CARTESIAN_POINT ( 'NONE',  ( -3.261580130883609652, 16.19999999999999929, 122.5694057594358668 ) ) ;
#236 = CARTESIAN_POINT ( 'NONE',  ( 11.03375417871765229, 7.969354191184415015, -80.35568313701135423 ) ) ;
#237 = VERTEX_POINT ( 'NONE', #2305 ) ;
#238 = CARTESIAN_POINT ( 'NONE',  ( 21.07620819694202652, 7.966209544541983156, 107.9736665163218277 ) ) ;
#239 = EDGE_CURVE ( 'NONE', #4740, #3811, #2823, .T. ) ;
#240 = VERTEX_POINT ( 'NONE', #3371 ) ;
#241 = CARTESIAN_POINT ( 'NONE',  ( -21.63081551696945581, 6.903790001781011654, 90.56555869432585837 ) ) ;
#242 = ORIENTED_EDGE ( 'NONE', *, *, #4216, .F. ) ;
#243 = VECTOR ( 'NONE', #5049, 1000.000000000000000 ) ;
#244 = DIRECTION ( 'NONE',  ( -1.000000000000000000, -1.084202172485504434E-16, 5.782411586589356653E-16 ) ) ;
#245 = B_SPLINE_CURVE_WITH_KNOTS ( 'NONE', 3,
 ( #1743, #3834, #5915, #5398 ),
 .UNSPECIFIED., .F., .F.,
 ( 4, 4 ),
 ( 0.001150320973464816817, 0.003153469944066755216 ),
 .UNSPECIFIED. ) ;
#246 = EDGE_CURVE ( 'NONE', #455, #1566, #795, .T. ) ;
#247 = VECTOR ( 'NONE', #6434, 1000.000000000000000 ) ;
#248 = CARTESIAN_POINT ( 'NONE',  ( 13.56091613274857011, 15.49999999999998579, -119.8015543238544751 ) ) ;
#249 = VERTEX_POINT ( 'NONE', #3306 ) ;
#250 = CARTESIAN_POINT ( 'NONE',  ( 10.78407417371116139, 7.696141087872143238, -120.0927779438316634 ) ) ;
#251 = CARTESIAN_POINT ( 'NONE',  ( -12.53015005739102428, 7.302849822317442730, 119.5253613863774262 ) ) ;
#252 = CARTESIAN_POINT ( 'NONE',  ( 21.55491936037455503, 14.21924429737896567, -92.81976068293644744 ) ) ;
#253 = VECTOR ( 'NONE', #1159, 1000.000000000000000 ) ;
#254 = CLOSED_SHELL ( 'NONE', ( #2498, #1621, #118, #2419, #6435, #2747, #1036, #2139, #3173, #3480, #129, #3085, #4661, #3183, #1835, #5473, #6230, #2035, #5954, #4552, #2921, #171, #6138, #1953, #4369, #3380, #5775, #466, #3552, #787, #2478, #458, #285, #5213, #3331, #2863, #4707, #5785, #4912, #3276, #1325, #6686, #6355, #343, #5982, #3542, #5420, #5336, #5891, #4915, #2081, #2837, #3847, #699, #1645, #4869, #4884, #1383, #582, #853, #5467, #416, #6346, #4417, #3722, #4462, #6587, #2532, #5886, #1523, #551, #1460, #871, #1629, #4852, #3962, #1833, #3504, #4337, #499, #1714, #6569, #425, #6733, #1086, #4294, #537, #5168, #1746, #836, #6645, #2667, #2256, #5086, #3342, #6147, #1411, #6069, #3681, #2703, #5507, #1578, #5108, #1424, #2287, #5061, #6649, #6437, #164, #5568, #5303, #2274, #6765, #2788, #4398, #1130, #3292, #631, #6178, #4802, #4601, #5305, #4794, #5346, #433, #5007, #2640, #5762, #1285, #3298, #4269, #3454, #2236, #5818, #6215, #4582, #2960, #1123, #819, #4014, #4770, #3855, #1792, #333, #5601, #3468, #4102, #561, #6436, #424, #5052, #2181, #2787, #2584, #1702, #590, #6094, #2945, #1785, #5971, #4004, #1279, #6735, #6586, #3645, #51, #3208, #6344, #3655, #2164, #1303, #4498, #4394, #6261, #4978, #4190, #3252, #4697, #76, #2934, #6061, #917 ) ) ;
#255 = B_SPLINE_CURVE_WITH_KNOTS ( 'NONE', 3,
 ( #6531, #5952, #3452, #2165 ),
 .UNSPECIFIED., .F., .F.,
 ( 4, 4 ),
 ( 0.001801214201450973941, 0.003804325276934514277 ),
 .UNSPECIFIED. ) ;
#256 = CARTESIAN_POINT ( 'NONE',  ( -17.91488867054835410, 7.696141087872144126, 85.89068587045817083 ) ) ;
#257 = CARTESIAN_POINT ( 'NONE',  ( -17.00584971520407862, 16.19999999999999929, 115.1926645703814955 ) ) ;
#258 = AXIS2_PLACEMENT_3D ( 'NONE', #3106, #6286, #5227 ) ;
#259 = LINE ( 'NONE', #4428, #2766 ) ;
#260 = AXIS2_PLACEMENT_3D ( 'NONE', #3784, #1819, #5997 ) ;
#261 = B_SPLINE_CURVE_WITH_KNOTS ( 'NONE', 3,
 ( #944, #3024, #5033, #3501 ),
 .UNSPECIFIED., .F., .F.,
 ( 4, 4 ),
 ( 0.001150320978331616272, 0.003153469944068916682 ),
 .UNSPECIFIED. ) ;
#262 = VERTEX_POINT ( 'NONE', #843 ) ;
#263 = CARTESIAN_POINT ( 'NONE',  ( 11.89665713670592773, 14.21924415133192809, 80.64438253013111080 ) ) ;
#264 = CARTESIAN_POINT ( 'NONE',  ( 12.00881904510274367, 7.696141087872137021, -119.3856711626451101 ) ) ;
#265 = EDGE_CURVE ( 'NONE', #3069, #2615, #2350, .T. ) ;
#266 = VECTOR ( 'NONE', #2842, 1000.000000000000000 ) ;
#267 = EDGE_CURVE ( 'NONE', #5459, #1184, #3672, .T. ) ;
#268 = LINE ( 'NONE', #6555, #1053 ) ;
#269 = DIRECTION ( 'NONE',  ( -0.000000000000000000, -1.000000000000000000, -0.000000000000000000 ) ) ;
#270 = DATE_TIME_ROLE ( 'creation_date' ) ;
#271 = VERTEX_POINT ( 'NONE', #228 ) ;
#272 = EDGE_LOOP ( 'NONE', ( #3184, #6335, #4324, #5959 ) ) ;
#273 = AXIS2_PLACEMENT_3D ( 'NONE', #676, #3274, #3340 ) ;
#274 = CARTESIAN_POINT ( 'NONE',  ( 2.339929324814239209, 15.49999999999998401, -76.11434047896365485 ) ) ;
#275 = AXIS2_PLACEMENT_3D ( 'NONE', #3780, #725, #5339 ) ;
#276 = CARTESIAN_POINT ( 'NONE',  ( -2.644950136976428112, 15.09619911656851876, 123.4500446561317801 ) ) ;
#277 = CARTESIAN_POINT ( 'NONE',  ( 20.00000000000007461, 20.00000000000000000, 77.63932022500213748 ) ) ;
#278 = ORIENTED_EDGE ( 'NONE', *, *, #292, .T. ) ;
#279 = LINE ( 'NONE', #4012, #4850 ) ;
#280 =( BOUNDED_CURVE ( )  B_SPLINE_CURVE ( 3, ( #3748, #2098, #6727, #569 ),
 .UNSPECIFIED., .F., .F. ) 
 B_SPLINE_CURVE_WITH_KNOTS ( ( 4, 4 ),
 ( 5.442116636611661562, 5.697499763722436050 ),
 .UNSPECIFIED. ) 
 CURVE ( )  GEOMETRIC_REPRESENTATION_ITEM ( )  RATIONAL_B_SPLINE_CURVE ( ( 1.000000000000000000, 0.9945723357819229449, 0.9945723357819229449, 1.000000000000000000 ) ) 
 REPRESENTATION_ITEM ( '' )  );
#281 = DIRECTION ( 'NONE',  ( 1.150268980431791831E-16, -1.000000000000000000, -4.226019675132849788E-32 ) ) ;
#282 = ORIENTED_EDGE ( 'NONE', *, *, #6014, .T. ) ;
#283 = AXIS2_PLACEMENT_3D ( 'NONE', #4535, #5011, #1968 ) ;
#284 = DIRECTION ( 'NONE',  ( 1.150268980431791831E-16, -1.000000000000000000, 0.000000000000000000 ) ) ;
#285 = ADVANCED_FACE ( 'NONE', ( #5385 ), #302, .T. ) ;
#286 = B_SPLINE_CURVE_WITH_KNOTS ( 'NONE', 3,
 ( #6705, #6561, #1403, #311, #1505, #3483, #6119, #5565, #5602, #2904 ),
 .UNSPECIFIED., .F., .F.,
 ( 4, 2, 2, 2, 4 ),
 ( 2.701643650261056450E-07, 0.0004262205778521063293, 0.0008521709913391864889, 0.001278121404826266811, 0.001704071818313346916 ),
 .UNSPECIFIED. ) ;
#287 = CARTESIAN_POINT ( 'NONE',  ( 21.27068621144065830, 7.966209544711492896, 92.56065743756909114 ) ) ;
#288 = ORIENTED_EDGE ( 'NONE', *, *, #4092, .F. ) ;
#289 = VERTEX_POINT ( 'NONE', #4904 ) ;
#290 = CARTESIAN_POINT ( 'NONE',  ( -22.79289321881345032, 14.30385891212785765, -100.7071067811865532 ) ) ;
#291 = DIRECTION ( 'NONE',  ( 0.000000000000000000, 0.000000000000000000, -1.000000000000000000 ) ) ;
#292 = EDGE_CURVE ( 'NONE', #6699, #3161, #2113, .T. ) ;
#294 = CARTESIAN_POINT ( 'NONE',  ( 10.78407417371088428, 16.19999999999999929, -79.90722205616819451 ) ) ;
#293 = AXIS2_PLACEMENT_3D ( 'NONE', #1775, #2527, #1947 ) ;
#295 = B_SPLINE_CURVE_WITH_KNOTS ( 'NONE', 3,
 ( #1343, #5514, #788, #287, #2471, #828, #353, #1955, #4483, #3981 ),
 .UNSPECIFIED., .F., .F.,
 ( 4, 2, 2, 2, 4 ),
 ( 2.701365643715658639E-07, 0.0004262205501935907147, 0.0008521709638228099418, 0.001278121377452028952, 0.001704071791081248179 ),
 .UNSPECIFIED. ) ;
#296 = CARTESIAN_POINT ( 'NONE',  ( 17.14589584587888282, 6.500000000000010658, 116.7933991687887527 ) ) ;
#297 = LINE ( 'NONE', #2376, #3445 ) ;
#298 = LOCAL_TIME ( 21, 24, 22.00000000000000000, #2252 ) ;
#299 = DIRECTION ( 'NONE',  ( -0.000000000000000000, -1.000000000000000000, -0.000000000000000000 ) ) ;
#300 = ORIENTED_EDGE ( 'NONE', *, *, #3548, .F. ) ;
#301 = CARTESIAN_POINT ( 'NONE',  ( 2.249587012321360557E-15, 6.500000000000008882, -100.0000000000000000 ) ) ;
#302 = PLANE ( 'NONE',  #4723 ) ;
#303 = EDGE_CURVE ( 'NONE', #5330, #4909, #5933, .T. ) ;
#304 = EDGE_LOOP ( 'NONE', ( #5022, #3840, #6652, #2010 ) ) ;
#305 = DIRECTION ( 'NONE',  ( -0.000000000000000000, -1.000000000000000000, -0.000000000000000000 ) ) ;
#306 = CARTESIAN_POINT ( 'NONE',  ( -17.91488867054839673, 16.19999999999999929, -85.89068587045817083 ) ) ;
#307 = FACE_OUTER_BOUND ( 'NONE', #6718, .T. ) ;
#308 = EDGE_LOOP ( 'NONE', ( #145, #4142, #2490, #5465 ) ) ;
#309 = ORIENTED_EDGE ( 'NONE', *, *, #5382, .T. ) ;
#310 = CARTESIAN_POINT ( 'NONE',  ( -19.99999999999999645, 20.00000000000000000, 2.079583362692664827E-16 ) ) ;
#311 = CARTESIAN_POINT ( 'NONE',  ( -21.07620819694194836, 7.966209544541968945, -92.02633348367795918 ) ) ;
#312 = DIRECTION ( 'NONE',  ( 1.150268980431791831E-16, -1.000000000000000000, -4.226019675132849788E-32 ) ) ;
#313 = CARTESIAN_POINT ( 'NONE',  ( 16.99574107095895670, 7.780657572238957265, 115.0771222379446499 ) ) ;
#314 = ORIENTED_EDGE ( 'NONE', *, *, #6427, .T. ) ;
#315 = CYLINDRICAL_SURFACE ( 'NONE', #5182, 1.000000000000000888 ) ;
#316 = CARTESIAN_POINT ( 'NONE',  ( -21.66015832672815478, 14.30385891212785765, 92.86883441888357993 ) ) ;
#317 = ORIENTED_EDGE ( 'NONE', *, *, #2928, .T. ) ;
#318 = LINE ( 'NONE', #970, #1892 ) ;
#319 = ORIENTED_EDGE ( 'NONE', *, *, #6101, .T. ) ;
#320 = CARTESIAN_POINT ( 'NONE',  ( 23.11645821900303233, 26.05705187735224015, -93.54791821122151418 ) ) ;
#321 = ORIENTED_EDGE ( 'NONE', *, *, #4675, .T. ) ;
#322 = ORIENTED_EDGE ( 'NONE', *, *, #906, .T. ) ;
#323 = DIRECTION ( 'NONE',  ( 0.000000000000000000, 0.000000000000000000, -1.000000000000000000 ) ) ;
#324 = FACE_OUTER_BOUND ( 'NONE', #5393, .T. ) ;
#325 = EDGE_CURVE ( 'NONE', #1246, #249, #2550, .T. ) ;
#326 = CARTESIAN_POINT ( 'NONE',  ( 21.66015832672823649, 14.30385891212785765, -107.1311655811162922 ) ) ;
#327 = CARTESIAN_POINT ( 'NONE',  ( 17.09954750643194998, 15.09619911758237976, 116.2636352247641724 ) ) ;
#328 = FACE_OUTER_BOUND ( 'NONE', #5754, .T. ) ;
#329 = EDGE_CURVE ( 'NONE', #3771, #1380, #2434, .T. ) ;
#330 = CARTESIAN_POINT ( 'NONE',  ( 5.970562373124707278, 26.05705187735223660, 123.2454809575673949 ) ) ;
#331 = ORIENTED_EDGE ( 'NONE', *, *, #83, .F. ) ;
#332 = DIRECTION ( 'NONE',  ( 1.150268980431791831E-16, -1.000000000000000000, 0.000000000000000000 ) ) ;
#333 = ADVANCED_FACE ( 'NONE', ( #1800, #2341 ), #1834, .T. ) ;
#334 = CARTESIAN_POINT ( 'NONE',  ( -22.79289321881345032, 7.696141087872137909, -100.7071067811865532 ) ) ;
#335 = B_SPLINE_CURVE_WITH_KNOTS ( 'NONE', 3,
 ( #6768, #2689, #646, #612 ),
 .UNSPECIFIED., .F., .F.,
 ( 4, 4 ),
 ( 0.001150320973464815516, 0.003153469944066761288 ),
 .UNSPECIFIED. ) ;
#336 = EDGE_CURVE ( 'NONE', #2497, #455, #2994, .T. ) ;
#337 = CARTESIAN_POINT ( 'NONE',  ( -3.301690634473429142, 14.25290103440613976, -77.48787797631490548 ) ) ;
#338 = CARTESIAN_POINT ( 'NONE',  ( 18.45254097093813428, 14.69713885794929986, 85.93772435166077628 ) ) ;
#339 = CARTESIAN_POINT ( 'NONE',  ( 5.534947508219772772, 15.09619911656852764, 77.05953985459491662 ) ) ;
#340 = ORIENTED_EDGE ( 'NONE', *, *, #14, .T. ) ;
#341 = ORIENTED_EDGE ( 'NONE', *, *, #544, .F. ) ;
#342 = PLANE ( 'NONE',  #3405 ) ;
#343 = ADVANCED_FACE ( 'NONE', ( #6214 ), #4596, .T. ) ;
#344 = CARTESIAN_POINT ( 'NONE',  ( 17.00584971520425981, 16.19999999999999929, 84.80733542961863236 ) ) ;
#345 = PLANE ( 'NONE',  #1237 ) ;
#346 = FACE_OUTER_BOUND ( 'NONE', #690, .T. ) ;
#347 = VERTEX_POINT ( 'NONE', #4566 ) ;
#348 = LINE ( 'NONE', #3487, #5843 ) ;
#349 = CARTESIAN_POINT ( 'NONE',  ( -4.654308611523992667, 7.696141087872144126, -77.67616984850212702 ) ) ;
#350 = ORIENTED_EDGE ( 'NONE', *, *, #1181, .F. ) ;
#351 = CARTESIAN_POINT ( 'NONE',  ( -18.00204441329605842, 16.19999999999999929, -84.89449117236642905 ) ) ;
#352 = EDGE_CURVE ( 'NONE', #4172, #2673, #689, .T. ) ;
#353 = CARTESIAN_POINT ( 'NONE',  ( 21.07623940999784651, 7.966540479121803742, 92.02734713996788685 ) ) ;
#354 = VERTEX_POINT ( 'NONE', #6692 ) ;
#355 = VERTEX_POINT ( 'NONE', #2485 ) ;
#356 = CARTESIAN_POINT ( 'NONE',  ( 23.11645821900317443, 15.49999999999998757, 106.4520817887781590 ) ) ;
#357 = CARTESIAN_POINT ( 'NONE',  ( 25.00000000000000355, 20.00000000000000000, -83.41687604822300273 ) ) ;
#358 = CARTESIAN_POINT ( 'NONE',  ( 10.36819101250147490, 6.500000000000009770, -78.35512496852237518 ) ) ;
#359 = AXIS2_PLACEMENT_3D ( 'NONE', #5896, #3819, #3916 ) ;
#360 = B_SPLINE_CURVE_WITH_KNOTS ( 'NONE', 3,
 ( #6544, #3299, #5519, #4927 ),
 .UNSPECIFIED., .F., .F.,
 ( 4, 4 ),
 ( 0.001801258386707712536, 0.003804369461405582298 ),
 .UNSPECIFIED. ) ;
#361 = CARTESIAN_POINT ( 'NONE',  ( 1.087815342085252873E-15, 16.59999999999999432, -100.0000000000000000 ) ) ;
#362 = FACE_OUTER_BOUND ( 'NONE', #2964, .T. ) ;
#363 = EDGE_CURVE ( 'NONE', #5100, #4895, #3585, .T. ) ;
#364 = DIRECTION ( 'NONE',  ( 0.9961946980917467664, -0.000000000000000000, 0.08715574274764503748 ) ) ;
#365 = ORIENTED_EDGE ( 'NONE', *, *, #1823, .F. ) ;
#366 = DIRECTION ( 'NONE',  ( 0.000000000000000000, 0.000000000000000000, -1.000000000000000000 ) ) ;
#368 = VECTOR ( 'NONE', #5231, 1000.000000000000000 ) ;
#367 = CARTESIAN_POINT ( 'NONE',  ( 2.292433343232368651E-16, 20.00000000000000000, -100.0000000000000000 ) ) ;
#369 = VECTOR ( 'NONE', #4033, 1000.000000000000000 ) ;
#370 = EDGE_CURVE ( 'NONE', #2454, #5152, #144, .T. ) ;
#371 = CARTESIAN_POINT ( 'NONE',  ( -21.17646880143209032, 7.696141087872130804, 108.4600916298941087 ) ) ;
#372 = LINE ( 'NONE', #3404, #620 ) ;
#373 = EDGE_CURVE ( 'NONE', #5727, #16, #3911, .T. ) ;
#374 = CARTESIAN_POINT ( 'NONE',  ( -22.63826109486597105, 14.14401304906949797, -99.47585790359865143 ) ) ;
#375 = VERTEX_POINT ( 'NONE', #1423 ) ;
#376 = ORIENTED_EDGE ( 'NONE', *, *, #3461, .T. ) ;
#377 = CARTESIAN_POINT ( 'NONE',  ( 3.795374890435334674E-14, 15.49999999999998401, 100.0000000000000000 ) ) ;
#378 = CARTESIAN_POINT ( 'NONE',  ( -4.654308611523688910, 16.19999999999999929, -122.3238301514979582 ) ) ;
#379 = EDGE_CURVE ( 'NONE', #2880, #3383, #1218, .T. ) ;
#380 = CARTESIAN_POINT ( 'NONE',  ( 12.00881904510249321, 7.696141087872134356, 80.61432883735471933 ) ) ;
#381 = VECTOR ( 'NONE', #6626, 1000.000000000000000 ) ;
#382 = CARTESIAN_POINT ( 'NONE',  ( 17.00584971520425981, 14.30385891212787541, 84.80733542961863236 ) ) ;
#383 = CARTESIAN_POINT ( 'NONE',  ( 23.11645821900303588, 6.500000000000011546, -93.54791821122149997 ) ) ;
#384 = PERSON ( 'UNSPECIFIED', 'UNSPECIFIED', 'UNSPECIFIED', ('UNSPECIFIED'), ('UNSPECIFIED'), ('UNSPECIFIED') ) ;
#385 = ORIENTED_EDGE ( 'NONE', *, *, #5692, .T. ) ;
#386 = CARTESIAN_POINT ( 'NONE',  ( 21.66015832672827557, 7.696141087872148567, 107.1311655811162638 ) ) ;
#387 = CARTESIAN_POINT ( 'NONE',  ( 17.91488867054830081, 7.696141087872137021, -85.89068587045804293 ) ) ;
#388 = ORIENTED_EDGE ( 'NONE', *, *, #138, .F. ) ;
#389 = CARTESIAN_POINT ( 'NONE',  ( -4.654308611523994443, 16.19999999999999929, -77.67616984850212702 ) ) ;
#390 = CIRCLE ( 'NONE', #6390, 24.00000000000000355 ) ;
#391 = AXIS2_PLACEMENT_3D ( 'NONE', #5162, #2571, #5205 ) ;
#392 = FACE_OUTER_BOUND ( 'NONE', #6189, .T. ) ;
#393 = ORIENTED_EDGE ( 'NONE', *, *, #5650, .F. ) ;
#394 = VERTEX_POINT ( 'NONE', #1457 ) ;
#395 = ORIENTED_EDGE ( 'NONE', *, *, #3568, .T. ) ;
#396 = CARTESIAN_POINT ( 'NONE',  ( 25.00000000000000355, 0.000000000000000000, -83.41687604822300273 ) ) ;
#397 = DIRECTION ( 'NONE',  ( -0.000000000000000000, -1.000000000000000000, -0.000000000000000000 ) ) ;
#398 = CARTESIAN_POINT ( 'NONE',  ( 10.36819101250178221, 6.500000000000009770, -121.6448750314774827 ) ) ;
#399 = CIRCLE ( 'NONE', #6404, 24.00000000000000355 ) ;
#400 = VERTEX_POINT ( 'NONE', #5663 ) ;
#401 = CYLINDRICAL_SURFACE ( 'NONE', #2208, 1.000000000000000888 ) ;
#402 = CYLINDRICAL_SURFACE ( 'NONE', #3675, 24.00000000000000000 ) ;
#403 = CARTESIAN_POINT ( 'NONE',  ( -21.40455843166930805, 14.69713885746529414, -108.9492314204341881 ) ) ;
#404 = ORIENTED_EDGE ( 'NONE', *, *, #3924, .F. ) ;
#405 = FACE_OUTER_BOUND ( 'NONE', #2546, .T. ) ;
#406 = AXIS2_PLACEMENT_3D ( 'NONE', #2899, #1737, #1265 ) ;
#407 = CARTESIAN_POINT ( 'NONE',  ( 13.04724879790241232, 15.09619911743537912, -80.33608242369554375 ) ) ;
#408 = B_SPLINE_CURVE_WITH_KNOTS ( 'NONE', 3,
 ( #2883, #1317, #700, #3845 ),
 .UNSPECIFIED., .F., .F.,
 ( 4, 4 ),
 ( 0.001150320977456987777, 0.003153469944068586217 ),
 .UNSPECIFIED. ) ;
#409 = CARTESIAN_POINT ( 'NONE',  ( 22.49980162688848040, 13.99979281031513167, 100.1413774375222374 ) ) ;
#410 = CARTESIAN_POINT ( 'NONE',  ( 2.249587012321360557E-15, 6.500000000000008882, -100.0000000000000000 ) ) ;
#411 = CARTESIAN_POINT ( 'NONE',  ( 0.000000000000000000, 6.500000000000008882, -124.0000000000000000 ) ) ;
#412 = VERTEX_POINT ( 'NONE', #2001 ) ;
#413 = EDGE_LOOP ( 'NONE', ( #1452, #4942, #6452, #2179 ) ) ;
#414 = CYLINDRICAL_SURFACE ( 'NONE', #6704, 24.00000000000000000 ) ;
#415 = DIRECTION ( 'NONE',  ( 1.150268980431791831E-16, -1.000000000000000000, -4.226019675132849788E-32 ) ) ;
#416 = ADVANCED_FACE ( 'NONE', ( #982 ), #5145, .F. ) ;
#417 = CARTESIAN_POINT ( 'NONE',  ( -17.00584971520412125, 16.19999999999999929, -115.1926645703814955 ) ) ;
#418 = CARTESIAN_POINT ( 'NONE',  ( 3.898899098674196022E-14, 6.500000000000008882, 100.0000000000000000 ) ) ;
#419 = FACE_OUTER_BOUND ( 'NONE', #5299, .T. ) ;
#420 = VERTEX_POINT ( 'NONE', #5010 ) ;
#421 = DIRECTION ( 'NONE',  ( -3.673940397442059868E-16, 0.000000000000000000, -1.000000000000000000 ) ) ;
#422 = ORIENTED_EDGE ( 'NONE', *, *, #3983, .F. ) ;
#423 = CARTESIAN_POINT ( 'NONE',  ( 22.79289321881348940, 7.696141087872137021, 99.29289321881344677 ) ) ;
#424 = ADVANCED_FACE ( 'NONE', ( #4099 ), #2549, .T. ) ;
#425 = ADVANCED_FACE ( 'NONE', ( #1494 ), #3029, .F. ) ;
#426 = CARTESIAN_POINT ( 'NONE',  ( 20.00000000000000000, 20.00000000000000000, -77.63932022500210905 ) ) ;
#427 = ORIENTED_EDGE ( 'NONE', *, *, #2559, .F. ) ;
#428 = VERTEX_POINT ( 'NONE', #334 ) ;
#429 = CARTESIAN_POINT ( 'NONE',  ( 17.00584971520444100, 7.696141087872122810, -115.1926645703811261 ) ) ;
#430 = DIRECTION ( 'NONE',  ( -1.150268980431791831E-16, 1.000000000000000000, -0.000000000000000000 ) ) ;
#431 = CARTESIAN_POINT ( 'NONE',  ( 23.92910714524987270, 15.49999999999998757, -101.8433207076229792 ) ) ;
#432 = ORIENTED_EDGE ( 'NONE', *, *, #5500, .F. ) ;
#433 = ADVANCED_FACE ( 'NONE', ( #2410 ), #4497, .F. ) ;
#434 = CARTESIAN_POINT ( 'NONE',  ( 18.45254097093830126, 14.69713885794929809, -114.0622756483389537 ) ) ;
#435 = PLANE ( 'NONE',  #3345 ) ;
#436 = DIRECTION ( 'NONE',  ( -1.150268980431791831E-16, 1.000000000000000000, -0.000000000000000000 ) ) ;
#437 = VERTEX_POINT ( 'NONE', #5113 ) ;
#438 = CARTESIAN_POINT ( 'NONE',  ( -12.00881904510228892, 14.30385891212784699, 119.3856711626453517 ) ) ;
#439 = CARTESIAN_POINT ( 'NONE',  ( 4.080732175173871212, 14.01586186687937285, 122.1429821957859616 ) ) ;
#440 = B_SPLINE_CURVE_WITH_KNOTS ( 'NONE', 3,
 ( #2436, #1889, #3531, #290 ),
 .UNSPECIFIED., .F., .F.,
 ( 4, 4 ),
 ( 0.001150320973464818769, 0.003153469944066761288 ),
 .UNSPECIFIED. ) ;
#441 = DIRECTION ( 'NONE',  ( -1.000000000000000000, -1.084202172485504434E-16, 5.782411586589356653E-16 ) ) ;
#442 = CARTESIAN_POINT ( 'NONE',  ( -13.04726263917433293, 6.903790001752464711, 80.33607871493801156 ) ) ;
#443 = CARTESIAN_POINT ( 'NONE',  ( -4.654308611523966022, 16.19999999999999929, 77.67616984850211281 ) ) ;
#444 = VERTEX_POINT ( 'NONE', #439 ) ;
#445 = ORIENTED_EDGE ( 'NONE', *, *, #2262, .F. ) ;
#446 = CARTESIAN_POINT ( 'NONE',  ( -17.91488867054816225, 7.696141087872129916, 114.1093141295420992 ) ) ;
#447 = CARTESIAN_POINT ( 'NONE',  ( -22.63826109486594262, 7.855986950930496704, 100.5241420964013628 ) ) ;
#448 = ORIENTED_EDGE ( 'NONE', *, *, #4464, .F. ) ;
#449 = CARTESIAN_POINT ( 'NONE',  ( 21.66015832672823649, 16.19999999999999929, -107.1311655811162922 ) ) ;
#450 = EDGE_CURVE ( 'NONE', #5866, #1375, #804, .T. ) ;
#451 = CARTESIAN_POINT ( 'NONE',  ( 17.00495937615572117, 14.14431392350092942, 85.04638815918771400 ) ) ;
#452 = CARTESIAN_POINT ( 'NONE',  ( 3.303106800183092180E-15, 5.400000000000000355, -125.1000000000000227 ) ) ;
#453 = ORIENTED_EDGE ( 'NONE', *, *, #1875, .F. ) ;
#454 = CARTESIAN_POINT ( 'NONE',  ( -19.51562326895601629, 15.49999999999998224, 86.03073200113259134 ) ) ;
#455 = VERTEX_POINT ( 'NONE', #6764 ) ;
#456 = LINE ( 'NONE', #527, #4198 ) ;
#457 = EDGE_CURVE ( 'NONE', #5142, #4050, #5614, .T. ) ;
#458 = ADVANCED_FACE ( 'NONE', ( #6379 ), #6245, .T. ) ;
#459 = LINE ( 'NONE', #4224, #6273 ) ;
#460 = VERTEX_POINT ( 'NONE', #1600 ) ;
#461 = EDGE_LOOP ( 'NONE', ( #2241, #5546, #3624, #3565 ) ) ;
#462 = DIRECTION ( 'NONE',  ( 0.7071067811865509034, -0.000000000000000000, 0.7071067811865442421 ) ) ;
#463 = VERTEX_POINT ( 'NONE', #1157 ) ;
#464 = CARTESIAN_POINT ( 'NONE',  ( 5.096422646600867523, 7.302849822153315351, -77.36659826839284904 ) ) ;
#465 = CARTESIAN_POINT ( 'NONE',  ( 23.11645821900312470, 15.49999999999998757, -106.4520817887781874 ) ) ;
#466 = ADVANCED_FACE ( 'NONE', ( #3789 ), #2197, .T. ) ;
#467 = DIRECTION ( 'NONE',  ( -1.150268980431791831E-16, 1.000000000000000000, 4.226019675132850335E-32 ) ) ;
#468 = CARTESIAN_POINT ( 'NONE',  ( 17.91488867054851042, 16.19999999999999929, -114.1093141295417155 ) ) ;
#469 = CARTESIAN_POINT ( 'NONE',  ( 4.004251077460369106E-14, 5.400000000000000355, 74.89999999999999147 ) ) ;
#470 = B_SPLINE_CURVE_WITH_KNOTS ( 'NONE', 3,
 ( #945, #4591, #5246, #2613 ),
 .UNSPECIFIED., .F., .F.,
 ( 4, 4 ),
 ( 0.001396348828085954789, 0.001704054763430416525 ),
 .UNSPECIFIED. ) ;
#471 = ORIENTED_EDGE ( 'NONE', *, *, #1634, .T. ) ;
#472 = DIRECTION ( 'NONE',  ( -1.150268980431791831E-16, 1.000000000000000000, 4.226019675132849788E-32 ) ) ;
#473 = DIRECTION ( 'NONE',  ( 0.9961946980917452121, 0.000000000000000000, -0.08715574274766157981 ) ) ;
#474 = AXIS2_PLACEMENT_3D ( 'NONE', #5564, #415, #2493 ) ;
#475 = DIRECTION ( 'NONE',  ( -1.150268980431791831E-16, 1.000000000000000000, 4.226019675132850335E-32 ) ) ;
#476 = CARTESIAN_POINT ( 'NONE',  ( -11.92769606941612537, 14.24265987155433777, -80.63606567317761176 ) ) ;
#477 = CIRCLE ( 'NONE', #2651, 24.00000000000000355 ) ;
#478 = CARTESIAN_POINT ( 'NONE',  ( 17.14589584587885085, 6.500000000000010658, -116.7933991687887527 ) ) ;
#479 = ORIENTED_EDGE ( 'NONE', *, *, #643, .T. ) ;
#480 = VERTEX_POINT ( 'NONE', #641 ) ;
#481 = CARTESIAN_POINT ( 'NONE',  ( 18.98587359976661304, 6.903790001739283255, -85.98438491057176236 ) ) ;
#482 = CARTESIAN_POINT ( 'NONE',  ( -17.91488867054821910, 16.19999999999999929, -114.1093141295420850 ) ) ;
#483 = AXIS2_PLACEMENT_3D ( 'NONE', #4105, #1940, #6187 ) ;
#484 = ORIENTED_EDGE ( 'NONE', *, *, #6332, .F. ) ;
#485 = LINE ( 'NONE', #4173, #3334 ) ;
#486 = DIRECTION ( 'NONE',  ( -1.000000000000000000, -1.084202172485504434E-16, 5.782411586589356653E-16 ) ) ;
#487 = DIRECTION ( 'NONE',  ( -0.000000000000000000, -1.000000000000000000, -0.000000000000000000 ) ) ;
#488 = EDGE_LOOP ( 'NONE', ( #2536, #678, #655, #661 ) ) ;
#489 = AXIS2_PLACEMENT_3D ( 'NONE', #3290, #1783, #244 ) ;
#490 = CARTESIAN_POINT ( 'NONE',  ( 17.00584971520421718, 7.696141087872131692, -84.80733542961864657 ) ) ;
#491 = ORIENTED_EDGE ( 'NONE', *, *, #64, .F. ) ;
#492 = DIRECTION ( 'NONE',  ( 0.000000000000000000, 1.000000000000000000, 0.000000000000000000 ) ) ;
#493 = VECTOR ( 'NONE', #3205, 1000.000000000000000 ) ;
#494 = CARTESIAN_POINT ( 'NONE',  ( -17.44263937314202906, 7.966540554089951875, -85.73376750517388700 ) ) ;
#495 = VERTEX_POINT ( 'NONE', #3163 ) ;
#496 = ORIENTED_EDGE ( 'NONE', *, *, #5506, .T. ) ;
#497 = CARTESIAN_POINT ( 'NONE',  ( -3.665276082098257060, 7.970267449477990596, 122.2297205549169803 ) ) ;
#498 = CARTESIAN_POINT ( 'NONE',  ( 23.11645821900303588, 15.49999999999998757, -93.54791821122149997 ) ) ;
#499 = ADVANCED_FACE ( 'NONE', ( #6281 ), #572, .F. ) ;
#500 = AXIS2_PLACEMENT_3D ( 'NONE', #3630, #4677, #2 ) ;
#501 = CARTESIAN_POINT ( 'NONE',  ( 4.299654729397135888, 7.925048962917920825, 122.1618883768466901 ) ) ;
#502 = DIRECTION ( 'NONE',  ( -0.000000000000000000, -1.000000000000000000, -0.000000000000000000 ) ) ;
#503 = CARTESIAN_POINT ( 'NONE',  ( -17.00584971520428113, 7.696141087872139686, 84.80733542961877447 ) ) ;
#504 = APPLICATION_CONTEXT ( 'configuration controlled 3d designs of mechanical parts and assemblies' ) ;
#505 = ORIENTED_EDGE ( 'NONE', *, *, #2843, .F. ) ;
#506 = CARTESIAN_POINT ( 'NONE',  ( 17.09954750643171195, 15.09619911758238686, 83.73636477523555754 ) ) ;
#507 = DIRECTION ( 'NONE',  ( -1.150268980431791831E-16, 1.000000000000000000, 4.226019675132850335E-32 ) ) ;
#508 = AXIS2_PLACEMENT_3D ( 'NONE', #4458, #6547, #2405 ) ;
#509 = CARTESIAN_POINT ( 'NONE',  ( 4.191680139668870986, 14.03345960926812985, 77.85951936147098706 ) ) ;
#510 = CARTESIAN_POINT ( 'NONE',  ( -4.654308611523689798, 14.30385891212786831, -122.3238301514979582 ) ) ;
#511 = AXIS2_PLACEMENT_3D ( 'NONE', #4215, #5784, #2603 ) ;
#512 = DIRECTION ( 'NONE',  ( -0.000000000000000000, -1.000000000000000000, -0.000000000000000000 ) ) ;
#513 = EDGE_CURVE ( 'NONE', #5727, #4438, #3309, .T. ) ;
#514 = VERTEX_POINT ( 'NONE', #5738 ) ;
#515 = VERTEX_POINT ( 'NONE', #59 ) ;
#516 = DIRECTION ( 'NONE',  ( 0.000000000000000000, 1.000000000000000000, 0.000000000000000000 ) ) ;
#517 = ORIENTED_EDGE ( 'NONE', *, *, #2163, .T. ) ;
#518 = DIRECTION ( 'NONE',  ( 0.000000000000000000, -1.000000000000000000, 0.000000000000000000 ) ) ;
#519 = CIRCLE ( 'NONE', #2688, 24.00000000000000000 ) ;
#520 = DIRECTION ( 'NONE',  ( -0.000000000000000000, -1.000000000000000000, -0.000000000000000000 ) ) ;
#521 = DIRECTION ( 'NONE',  ( 0.08715574274765879037, -0.000000000000000000, 0.9961946980917455452 ) ) ;
#522 = CARTESIAN_POINT ( 'NONE',  ( 2.644941917294668432, 6.903790001830213185, 76.54994360494578132 ) ) ;
#523 = EDGE_CURVE ( 'NONE', #6674, #2093, #1779, .T. ) ;
#524 = ORIENTED_EDGE ( 'NONE', *, *, #3000, .F. ) ;
#525 = FACE_OUTER_BOUND ( 'NONE', #2774, .T. ) ;
#526 = ORIENTED_EDGE ( 'NONE', *, *, #1272, .F. ) ;
#527 = CARTESIAN_POINT ( 'NONE',  ( 19.51562326895614063, 26.05705187735224015, -113.9692679988672950 ) ) ;
#528 = EDGE_CURVE ( 'NONE', #2022, #6557, #2653, .T. ) ;
#529 = DIRECTION ( 'NONE',  ( 1.150268980431791831E-16, -1.000000000000000000, -4.226019675132849788E-32 ) ) ;
#530 = EDGE_LOOP ( 'NONE', ( #5365, #4910, #1261, #937 ) ) ;
#531 = CARTESIAN_POINT ( 'NONE',  ( -4.654308611523646277, 7.696141087872138797, 122.3238301514979440 ) ) ;
#532 = CARTESIAN_POINT ( 'NONE',  ( 21.07620819694199099, 7.966209544541965393, -107.9736665163218987 ) ) ;
#533 = CARTESIAN_POINT ( 'NONE',  ( 3.898899098674196022E-14, 6.500000000000008882, 100.0000000000000000 ) ) ;
#534 = FACE_OUTER_BOUND ( 'NONE', #2632, .T. ) ;
#535 = EDGE_CURVE ( 'NONE', #4670, #4195, #1628, .T. ) ;
#536 = DIRECTION ( 'NONE',  ( -0.9961946980917446570, 0.000000000000000000, 0.08715574274766856033 ) ) ;
#537 = ADVANCED_FACE ( 'NONE', ( #3723 ), #5797, .F. ) ;
#538 = EDGE_LOOP ( 'NONE', ( #3874, #4444, #4160, #4600 ) ) ;
#539 = CARTESIAN_POINT ( 'NONE',  ( -22.63855090686942617, 7.855686222213435599, -99.47544626193445083 ) ) ;
#540 = DIRECTION ( 'NONE',  ( -0.9063077870366482713, 0.000000000000000000, -0.4226182617407029940 ) ) ;
#541 = CARTESIAN_POINT ( 'NONE',  ( -22.79289321881345387, 16.19999999999999929, -99.29289321881346098 ) ) ;
#542 = CARTESIAN_POINT ( 'NONE',  ( 10.86521116380303198, 14.14401203883600644, -119.8673785609460936 ) ) ;
#543 = CARTESIAN_POINT ( 'NONE',  ( -3.414558381702858192, 14.14431384638417555, -122.3857083424075540 ) ) ;
#544 = EDGE_CURVE ( 'NONE', #3649, #1001, #4472, .T. ) ;
#545 = ORIENTED_EDGE ( 'NONE', *, *, #1005, .T. ) ;
#546 = B_SPLINE_CURVE_WITH_KNOTS ( 'NONE', 3,
 ( #598, #2672, #86, #3259, #1185, #660, #115, #2708, #5403, #4820 ),
 .UNSPECIFIED., .F., .F.,
 ( 4, 2, 2, 2, 4 ),
 ( 0.0003086876369879779699, 0.0006575294220426976775, 0.001006371207097417602, 0.001355212992152137310, 0.001704054777206857017 ),
 .UNSPECIFIED. ) ;
#547 = ORIENTED_EDGE ( 'NONE', *, *, #776, .T. ) ;
#548 = LINE ( 'NONE', #5259, #3219 ) ;
#549 = FACE_OUTER_BOUND ( 'NONE', #5906, .T. ) ;
#550 = CARTESIAN_POINT ( 'NONE',  ( 13.04724879790273384, 15.09619911743537735, 119.6639175763042715 ) ) ;
#551 = ADVANCED_FACE ( 'NONE', ( #97 ), #6345, .F. ) ;
#552 = LINE ( 'NONE', #5782, #5520 ) ;
#553 = CARTESIAN_POINT ( 'NONE',  ( 22.79289321881345032, 7.696141087872133468, -100.7071067811865532 ) ) ;
#554 = CARTESIAN_POINT ( 'NONE',  ( -22.14931219668994089, 7.302849822347134534, -93.09693061446289164 ) ) ;
#555 = ORIENTED_EDGE ( 'NONE', *, *, #4492, .T. ) ;
#556 = ORIENTED_EDGE ( 'NONE', *, *, #4068, .T. ) ;
#557 = ORIENTED_EDGE ( 'NONE', *, *, #1242, .F. ) ;
#558 = CARTESIAN_POINT ( 'NONE',  ( 2.292433343232368651E-16, 0.000000000000000000, -100.0000000000000000 ) ) ;
#559 = CC_DESIGN_PERSON_AND_ORGANIZATION_ASSIGNMENT ( #5493, #204, ( #760 ) ) ;
#560 = CARTESIAN_POINT ( 'NONE',  ( -4.494085902020559686, 7.823723074227619811, 122.2266654695428940 ) ) ;
#561 = ADVANCED_FACE ( 'NONE', ( #4326 ), #4926, .T. ) ;
#562 = ORIENTED_EDGE ( 'NONE', *, *, #4301, .T. ) ;
#563 = DIRECTION ( 'NONE',  ( -1.000000000000000000, -1.445602896647338917E-16, 0.000000000000000000 ) ) ;
#564 = FACE_OUTER_BOUND ( 'NONE', #1148, .T. ) ;
#565 = EDGE_CURVE ( 'NONE', #2535, #3629, #6154, .T. ) ;
#566 = LINE ( 'NONE', #6208, #143 ) ;
#567 = DIRECTION ( 'NONE',  ( -1.000000000000000000, -1.445602896647339163E-16, 5.782411586589356653E-16 ) ) ;
#568 = B_SPLINE_CURVE_WITH_KNOTS ( 'NONE', 3,
 ( #3731, #198, #1865, #5941 ),
 .UNSPECIFIED., .F., .F.,
 ( 4, 4 ),
 ( 0.001150320978735619708, 0.003153469944069043317 ),
 .UNSPECIFIED. ) ;
#569 = CARTESIAN_POINT ( 'NONE',  ( -24.99999999999996803, 15.00000000000005151, 83.41687604822301694 ) ) ;
#570 = ORIENTED_EDGE ( 'NONE', *, *, #6489, .F. ) ;
#571 = CARTESIAN_POINT ( 'NONE',  ( 17.09954875531792950, 6.903790001739280591, -83.73635050040033434 ) ) ;
#572 = PLANE ( 'NONE',  #2431 ) ;
#573 = EDGE_CURVE ( 'NONE', #240, #4749, #4939, .T. ) ;
#574 = CARTESIAN_POINT ( 'NONE',  ( -11.37495447261561665, 14.00020934067354261, 80.58633947365613892 ) ) ;
#575 = CARTESIAN_POINT ( 'NONE',  ( -17.00584971520428113, 7.696141087872139686, 84.80733542961877447 ) ) ;
#576 = CARTESIAN_POINT ( 'NONE',  ( -4.559190310228895093, 14.21924454990176123, -122.2572275999096547 ) ) ;
#577 = ORIENTED_EDGE ( 'NONE', *, *, #3498, .F. ) ;
#578 = ORIENTED_EDGE ( 'NONE', *, *, #3268, .F. ) ;
#579 = CARTESIAN_POINT ( 'NONE',  ( 6.733360456028193320E-31, 0.000000000000000000, -100.0000000000000000 ) ) ;
#580 = LINE ( 'NONE', #4742, #368 ) ;
#581 = FACE_OUTER_BOUND ( 'NONE', #2772, .T. ) ;
#582 = ADVANCED_FACE ( 'NONE', ( #1824 ), #4454, .F. ) ;
#583 = ORIENTED_EDGE ( 'NONE', *, *, #5188, .T. ) ;
#584 = CIRCLE ( 'NONE', #4392, 24.00000000000000355 ) ;
#585 = CARTESIAN_POINT ( 'NONE',  ( -12.00881904510232800, 14.30385891212783989, -119.3856711626453375 ) ) ;
#586 = CARTESIAN_POINT ( 'NONE',  ( 3.261580130884094597, 14.30385891212785587, -122.5694057594358100 ) ) ;
#587 = FACE_OUTER_BOUND ( 'NONE', #3961, .T. ) ;
#588 = ORIENTED_EDGE ( 'NONE', *, *, #5088, .T. ) ;
#589 = ORIENTED_EDGE ( 'NONE', *, *, #370, .F. ) ;
#590 = ADVANCED_FACE ( 'NONE', ( #2332 ), #3818, .T. ) ;
#591 = VERTEX_POINT ( 'NONE', #6543 ) ;
#592 = AXIS2_PLACEMENT_3D ( 'NONE', #1812, #2285, #6022 ) ;
#593 = LINE ( 'NONE', #4615, #4184 ) ;
#594 = AXIS2_PLACEMENT_3D ( 'NONE', #3102, #2070, #5187 ) ;
#595 = AXIS2_PLACEMENT_3D ( 'NONE', #1959, #430, #2950 ) ;
#596 = CARTESIAN_POINT ( 'NONE',  ( 25.00000000000003553, 15.00000000000005151, 83.41687604822300273 ) ) ;
#597 = VERTEX_POINT ( 'NONE', #1857 ) ;
#598 = CARTESIAN_POINT ( 'NONE',  ( -11.75000000000011191, 14.13949659383204960, -80.64840301106575282 ) ) ;
#599 = EDGE_LOOP ( 'NONE', ( #648, #6361, #2765, #2692 ) ) ;
#600 = CARTESIAN_POINT ( 'NONE',  ( 21.17646880143219690, 7.696141087872133468, -91.53990837010607606 ) ) ;
#601 = AXIS2_PLACEMENT_3D ( 'NONE', #946, #5553, #2889 ) ;
#602 = ORIENTED_EDGE ( 'NONE', *, *, #5424, .F. ) ;
#603 = CARTESIAN_POINT ( 'NONE',  ( -19.99999999999999645, 20.00000000000000000, -77.63932022500210905 ) ) ;
#604 = CARTESIAN_POINT ( 'NONE',  ( 17.00495937615595210, 7.855686076499082127, 114.9536118408120302 ) ) ;
#605 = FACE_OUTER_BOUND ( 'NONE', #3401, .T. ) ;
#606 = ORIENTED_EDGE ( 'NONE', *, *, #2198, .F. ) ;
#607 = CARTESIAN_POINT ( 'NONE',  ( 23.92910714524990468, 26.05705187735223660, 98.15667929237700662 ) ) ;
#608 = CARTESIAN_POINT ( 'NONE',  ( 10.78407417371120225, 16.19999999999999929, 120.0927779438316492 ) ) ;
#609 = VECTOR ( 'NONE', #2062, 1000.000000000000000 ) ;
#610 = CARTESIAN_POINT ( 'NONE',  ( 3.632706234369059928, 14.03379050455323096, 77.76063496235298089 ) ) ;
#611 = CARTESIAN_POINT ( 'NONE',  ( 21.17646880143230703, 14.30385891212786298, -108.4600916298936539 ) ) ;
#612 = CARTESIAN_POINT ( 'NONE',  ( 22.79289321881345032, 14.30385891212785765, -99.29289321881346098 ) ) ;
#613 = VERTEX_POINT ( 'NONE', #669 ) ;
#614 = ORIENTED_EDGE ( 'NONE', *, *, #3806, .F. ) ;
#615 = ORIENTED_EDGE ( 'NONE', *, *, #4455, .T. ) ;
#616 = CARTESIAN_POINT ( 'NONE',  ( -17.00584971520410704, 7.696141087872126363, -115.1926645703814955 ) ) ;
#617 = VECTOR ( 'NONE', #305, 1000.000000000000000 ) ;
#618 = CARTESIAN_POINT ( 'NONE',  ( -16.99572930846277785, 7.780755916266929084, -115.0769877920028392 ) ) ;
#619 = EDGE_LOOP ( 'NONE', ( #3742, #121, #6205, #6537 ) ) ;
#620 = VECTOR ( 'NONE', #1326, 1000.000000000000000 ) ;
#621 = DIRECTION ( 'NONE',  ( -0.000000000000000000, -1.000000000000000000, -0.000000000000000000 ) ) ;
#622 = CARTESIAN_POINT ( 'NONE',  ( -12.00881904510232800, 16.19999999999999929, -119.3856711626453375 ) ) ;
#623 = FACE_OUTER_BOUND ( 'NONE', #6219, .T. ) ;
#624 = ORIENTED_EDGE ( 'NONE', *, *, #2871, .T. ) ;
#625 = EDGE_CURVE ( 'NONE', #178, #1516, #5040, .T. ) ;
#626 = EDGE_CURVE ( 'NONE', #2055, #774, #408, .T. ) ;
#627 = ORIENTED_EDGE ( 'NONE', *, *, #2171, .T. ) ;
#628 = AXIS2_PLACEMENT_3D ( 'NONE', #1539, #4246, #5753 ) ;
#629 = DIRECTION ( 'NONE',  ( 1.150268980431791831E-16, -1.000000000000000000, 0.000000000000000000 ) ) ;
#630 = FACE_OUTER_BOUND ( 'NONE', #4320, .T. ) ;
#631 = ADVANCED_FACE ( 'NONE', ( #1190 ), #4897, .T. ) ;
#632 = ORIENTED_EDGE ( 'NONE', *, *, #4345, .F. ) ;
#633 = CARTESIAN_POINT ( 'NONE',  ( -21.40456499701154414, 7.302849822347130981, 91.05075450014447824 ) ) ;
#634 = ORIENTED_EDGE ( 'NONE', *, *, #3373, .F. ) ;
#635 = CARTESIAN_POINT ( 'NONE',  ( -10.36819101250126351, 6.500000000000007994, 121.6448750314777243 ) ) ;
#636 = EDGE_CURVE ( 'NONE', #4749, #240, #3536, .T. ) ;
#637 = CARTESIAN_POINT ( 'NONE',  ( 3.782721931650584189E-14, 16.59999999999999432, 100.0000000000000000 ) ) ;
#638 = CARTESIAN_POINT ( 'NONE',  ( -17.00584971520428113, 16.19999999999999929, 84.80733542961877447 ) ) ;
#639 = ORIENTED_EDGE ( 'NONE', *, *, #6472, .T. ) ;
#640 = CYLINDRICAL_SURFACE ( 'NONE', #4108, 1.000000000000000888 ) ;
#641 = CARTESIAN_POINT ( 'NONE',  ( 19.51562326895594524, 6.500000000000011546, -86.03073200113243502 ) ) ;
#642 = B_SPLINE_CURVE_WITH_KNOTS ( 'NONE', 3,
 ( #3736, #654, #2086, #4781, #4813, #109, #2183, #6328, #3668, #4680 ),
 .UNSPECIFIED., .F., .F.,
 ( 4, 2, 2, 2, 4 ),
 ( 2.989209868181684029E-07, 0.0004262494893840024701, 0.0008522000577811868509, 0.001278150626178370039, 0.001704101194575553336 ),
 .UNSPECIFIED. ) ;
#643 = EDGE_CURVE ( 'NONE', #5482, #4253, #5970, .T. ) ;
#644 = CARTESIAN_POINT ( 'NONE',  ( -19.51562326895601274, 6.500000000000006217, 86.03073200113259134 ) ) ;
#645 = CARTESIAN_POINT ( 'NONE',  ( 21.09373947100871405, 14.14401222054517682, 108.2352721805947198 ) ) ;
#646 = CARTESIAN_POINT ( 'NONE',  ( 23.17452302102558903, 14.69713885595418645, -98.91126341660131516 ) ) ;
#647 = VERTEX_POINT ( 'NONE', #1756 ) ;
#648 = ORIENTED_EDGE ( 'NONE', *, *, #4182, .F. ) ;
#649 = CARTESIAN_POINT ( 'NONE',  ( -21.40455843166926897, 14.69713885746530124, 108.9492314204342165 ) ) ;
#650 = FACE_OUTER_BOUND ( 'NONE', #5355, .T. ) ;
#651 = ORIENTED_EDGE ( 'NONE', *, *, #5196, .T. ) ;
#652 = LINE ( 'NONE', #6456, #5630 ) ;
#653 = DIRECTION ( 'NONE',  ( -0.7071067811865495711, 0.7071067811865454633, -2.940974995605420008E-17 ) ) ;
#654 = CARTESIAN_POINT ( 'NONE',  ( -4.559300822021634225, 7.780657142151880201, -122.2573049810999635 ) ) ;
#655 = ORIENTED_EDGE ( 'NONE', *, *, #739, .T. ) ;
#656 = FACE_OUTER_BOUND ( 'NONE', #6445, .T. ) ;
#657 = EDGE_CURVE ( 'NONE', #85, #2615, #3364, .T. ) ;
#658 = CARTESIAN_POINT ( 'NONE',  ( -21.66015832672809438, 16.19999999999999929, -107.1311655811167327 ) ) ;
#659 = ORIENTED_EDGE ( 'NONE', *, *, #3373, .T. ) ;
#660 = CARTESIAN_POINT ( 'NONE',  ( -11.03375417871778374, 14.03064580881559209, -80.35568313701141108 ) ) ;
#661 = ORIENTED_EDGE ( 'NONE', *, *, #1430, .T. ) ;
#662 = DIRECTION ( 'NONE',  ( -0.000000000000000000, -1.000000000000000000, -0.000000000000000000 ) ) ;
#663 = EDGE_CURVE ( 'NONE', #2521, #4920, #80, .T. ) ;
#664 = EDGE_CURVE ( 'NONE', #5482, #2281, #3591, .T. ) ;
#665 = EDGE_CURVE ( 'NONE', #4701, #5248, #3829, .T. ) ;
#666 = CARTESIAN_POINT ( 'NONE',  ( -3.522762079436144944, 14.08545565843432534, 122.3091633656476773 ) ) ;
#667 = ORIENTED_EDGE ( 'NONE', *, *, #6472, .F. ) ;
#668 = CARTESIAN_POINT ( 'NONE',  ( 11.89665713670617819, 7.780755848668076347, -119.3556174698687329 ) ) ;
#669 = CARTESIAN_POINT ( 'NONE',  ( 17.14589584587860571, 6.500000000000010658, -83.20660083121100570 ) ) ;
#670 = EDGE_CURVE ( 'NONE', #5672, #3649, #3257, .T. ) ;
#671 = CARTESIAN_POINT ( 'NONE',  ( -22.79289321881341834, 14.30385891212786120, 100.7071067811865674 ) ) ;
#672 = CARTESIAN_POINT ( 'NONE',  ( -21.85555259377018800, 6.500000000000006217, -109.9163915221689933 ) ) ;
#673 = CARTESIAN_POINT ( 'NONE',  ( 3.673940397442059493E-14, 26.05705187735223660, 100.0000000000000000 ) ) ;
#674 = ORIENTED_EDGE ( 'NONE', *, *, #4464, .T. ) ;
#675 = ORIENTED_EDGE ( 'NONE', *, *, #45, .T. ) ;
#676 = CARTESIAN_POINT ( 'NONE',  ( -3.261580130883956485, 16.19999999999999929, -77.43059424056417583 ) ) ;
#677 = CARTESIAN_POINT ( 'NONE',  ( 17.00500244574800490, 14.14401195502379949, 114.9531077885771850 ) ) ;
#678 = ORIENTED_EDGE ( 'NONE', *, *, #5877, .T. ) ;
#679 = CARTESIAN_POINT ( 'NONE',  ( 3.696864730874382874E-14, 20.00000000000000000, 100.0000000000000000 ) ) ;
#680 = CARTESIAN_POINT ( 'NONE',  ( -11.75000000000009415, 7.860503406167944185, -80.64840301106573861 ) ) ;
#681 = APPROVAL_ROLE ( '' ) ;
#682 = ORIENTED_EDGE ( 'NONE', *, *, #2283, .F. ) ;
#683 = B_SPLINE_CURVE_WITH_KNOTS ( 'NONE', 3,
 ( #6223, #550, #3073, #3039 ),
 .UNSPECIFIED., .F., .F.,
 ( 4, 4 ),
 ( 0.001150320978331623644, 0.003153469944068946172 ),
 .UNSPECIFIED. ) ;
#684 = ORIENTED_EDGE ( 'NONE', *, *, #6620, .T. ) ;
#685 = CARTESIAN_POINT ( 'NONE',  ( 22.79289321881348940, 14.30385891212785765, 99.29289321881344677 ) ) ;
#686 = CONICAL_SURFACE ( 'NONE', #902, 25.10000000000001208, 0.7853981633974539411 ) ;
#687 = CARTESIAN_POINT ( 'NONE',  ( 4.559190310229346288, 7.780755450098238768, -122.2572275999095410 ) ) ;
#688 = CIRCLE ( 'NONE', #4507, 24.00000000000000355 ) ;
#689 = CIRCLE ( 'NONE', #3419, 30.00000000000000000 ) ;
#690 = EDGE_LOOP ( 'NONE', ( #130, #152, #3209, #1814 ) ) ;
#691 = CARTESIAN_POINT ( 'NONE',  ( 4.004251077460369106E-14, 22.00000000000000000, 74.89999999999999147 ) ) ;
#692 = VERTEX_POINT ( 'NONE', #4622 ) ;
#693 = CARTESIAN_POINT ( 'NONE',  ( -13.56091613274839069, 15.49999999999998224, 80.19844567614543962 ) ) ;
#694 = AXIS2_PLACEMENT_3D ( 'NONE', #4759, #6758, #1043 ) ;
#695 = CARTESIAN_POINT ( 'NONE',  ( 10.50582405129410546, 6.903790001752469152, 78.86877846209642939 ) ) ;
#696 = ORIENTED_EDGE ( 'NONE', *, *, #1585, .F. ) ;
#697 = CARTESIAN_POINT ( 'NONE',  ( -10.36819101250162767, 6.500000000000007994, 78.35512496852247466 ) ) ;
#698 = AXIS2_PLACEMENT_3D ( 'NONE', #2955, #840, #4529 ) ;
#699 = ADVANCED_FACE ( 'NONE', ( #5620 ), #2401, .T. ) ;
#700 = CARTESIAN_POINT ( 'NONE',  ( 21.40455843166940397, 14.69713885746529591, 91.05076857956595404 ) ) ;
#701 = CARTESIAN_POINT ( 'NONE',  ( 10.78407417371116139, 7.696141087872143238, -120.0927779438316634 ) ) ;
#702 = AXIS2_PLACEMENT_3D ( 'NONE', #301, #1864, #767 ) ;
#703 = CARTESIAN_POINT ( 'NONE',  ( -5.534959247396071369, 6.903790001594718007, 122.9404683652650050 ) ) ;
#704 = CYLINDRICAL_SURFACE ( 'NONE', #2792, 24.00000000000000000 ) ;
#705 = CARTESIAN_POINT ( 'NONE',  ( -22.14931219668990536, 7.302849822347133646, 93.09693061446290585 ) ) ;
#706 = EDGE_LOOP ( 'NONE', ( #2520, #969, #300, #3464 ) ) ;
#707 = CARTESIAN_POINT ( 'NONE',  ( -21.27068621144066896, 14.03379045528849289, -92.56065743756924746 ) ) ;
#708 = CARTESIAN_POINT ( 'NONE',  ( -21.27005855638116927, 7.966540479252260276, 92.55986086847988759 ) ) ;
#709 = AXIS2_PLACEMENT_3D ( 'NONE', #5112, #2547, #1899 ) ;
#710 = ORIENTED_EDGE ( 'NONE', *, *, #1668, .F. ) ;
#711 = EDGE_CURVE ( 'NONE', #692, #4050, #940, .T. ) ;
#712 = FACE_OUTER_BOUND ( 'NONE', #4260, .T. ) ;
#713 = AXIS2_PLACEMENT_3D ( 'NONE', #5490, #4465, #1868 ) ;
#714 = CARTESIAN_POINT ( 'NONE',  ( -22.08277658846874303, 16.19999999999999929, 108.0374733681534138 ) ) ;
#715 = ORIENTED_EDGE ( 'NONE', *, *, #2009, .T. ) ;
#716 = EDGE_LOOP ( 'NONE', ( #4619, #5681, #3344, #4857 ) ) ;
#717 = CYLINDRICAL_SURFACE ( 'NONE', #4929, 24.00000000000000000 ) ;
#718 = VECTOR ( 'NONE', #5799, 1000.000000000000000 ) ;
#719 = EDGE_CURVE ( 'NONE', #6529, #515, #2507, .T. ) ;
#720 = DIRECTION ( 'NONE',  ( 0.8191520442889833609, 0.000000000000000000, -0.5735764363510581498 ) ) ;
#721 = VERTEX_POINT ( 'NONE', #6654 ) ;
#722 = CIRCLE ( 'NONE', #6300, 24.00000000000000355 ) ;
#723 = CARTESIAN_POINT ( 'NONE',  ( 3.261580130883803719, 14.30385891212786653, -77.43059424056414741 ) ) ;
#724 = ORIENTED_EDGE ( 'NONE', *, *, #6464, .F. ) ;
#725 = DIRECTION ( 'NONE',  ( -1.150268980431791831E-16, 1.000000000000000000, -0.000000000000000000 ) ) ;
#726 = ORIENTED_EDGE ( 'NONE', *, *, #4993, .F. ) ;
#727 = CARTESIAN_POINT ( 'NONE',  ( -17.32882370698762031, 14.00020935018146417, -85.64758997198970292 ) ) ;
#728 = CARTESIAN_POINT ( 'NONE',  ( 10.64438394997884174, 7.302849822317432960, 79.38589104387945383 ) ) ;
#729 = ORIENTED_EDGE ( 'NONE', *, *, #657, .F. ) ;
#730 = DIRECTION ( 'NONE',  ( 0.000000000000000000, 0.000000000000000000, -1.000000000000000000 ) ) ;
#731 = DIRECTION ( 'NONE',  ( -1.150268980431791831E-16, 1.000000000000000000, -0.000000000000000000 ) ) ;
#732 = CARTESIAN_POINT ( 'NONE',  ( 13.56091613274861274, 26.05705187735224015, 119.8015543238544609 ) ) ;
#733 = CARTESIAN_POINT ( 'NONE',  ( -11.75000000000009415, 7.860503406167944185, -80.64840301106573861 ) ) ;
#734 = DIRECTION ( 'NONE',  ( 0.000000000000000000, -0.000000000000000000, 1.000000000000000000 ) ) ;
#735 = CARTESIAN_POINT ( 'NONE',  ( 22.53231200683141111, 7.966209414191618876, 100.2843081287112881 ) ) ;
#736 = VERTEX_POINT ( 'NONE', #2984 ) ;
#737 = CARTESIAN_POINT ( 'NONE',  ( -21.55504165465608324, 14.21934262486992750, -92.81981770969657930 ) ) ;
#738 = DIRECTION ( 'NONE',  ( -1.000000000000000000, -1.445602896647338917E-16, 5.782411586589355667E-16 ) ) ;
#739 = EDGE_CURVE ( 'NONE', #1644, #4701, #3424, .T. ) ;
#740 = DIRECTION ( 'NONE',  ( -0.9659258262890724200, 0.000000000000000000, -0.2588190451025048078 ) ) ;
#741 = CYLINDRICAL_SURFACE ( 'NONE', #5488, 1.000000000000000888 ) ;
#742 =( NAMED_UNIT ( * ) PLANE_ANGLE_UNIT ( ) SI_UNIT ( $, .RADIAN. ) );
#743 = EDGE_LOOP ( 'NONE', ( #4010, #1491, #5046, #6081 ) ) ;
#744 = VERTEX_POINT ( 'NONE', #6132 ) ;
#745 = CARTESIAN_POINT ( 'NONE',  ( 11.37495447261551895, 7.999790659326469822, 80.58633947365603944 ) ) ;
#746 = EDGE_CURVE ( 'NONE', #6018, #4807, #4053, .T. ) ;
#747 = CARTESIAN_POINT ( 'NONE',  ( 22.79289321881345032, 14.30385891212785765, -99.29289321881346098 ) ) ;
#748 = CARTESIAN_POINT ( 'NONE',  ( 21.09454416409242938, 8.000207281988664931, -92.17176502343333766 ) ) ;
#749 = ORIENTED_EDGE ( 'NONE', *, *, #3084, .F. ) ;
#750 = CARTESIAN_POINT ( 'NONE',  ( 4.046278025550132718, 8.000207247090807883, -122.1334292909293993 ) ) ;
#752 = VERTEX_POINT ( 'NONE', #3055 ) ;
#751 = B_SPLINE_CURVE_WITH_KNOTS ( 'NONE', 3,
 ( #6272, #3226, #4254, #6338 ),
 .UNSPECIFIED., .F., .F.,
 ( 4, 4 ),
 ( 0.001801258382968924827, 0.003804369461404226611 ),
 .UNSPECIFIED. ) ;
#753 = FACE_OUTER_BOUND ( 'NONE', #2564, .T. ) ;
#754 = ORIENTED_EDGE ( 'NONE', *, *, #6222, .T. ) ;
#755 = CARTESIAN_POINT ( 'NONE',  ( -17.79934633805190813, 14.21934242771709123, -85.88057722620737877 ) ) ;
#756 = EDGE_CURVE ( 'NONE', #3349, #5383, #1622, .T. ) ;
#757 = CARTESIAN_POINT ( 'NONE',  ( -21.17646880143209032, 14.30385891212786298, 108.4600916298941087 ) ) ;
#758 = ORIENTED_EDGE ( 'NONE', *, *, #6516, .F. ) ;
#759 = CARTESIAN_POINT ( 'NONE',  ( 11.51138071533274321, 7.966540530385683994, -119.3716073932553599 ) ) ;
#760 = PRODUCT_DEFINITION ( 'UNKNOWN', '', #6077, #6241 ) ;
#761 = CARTESIAN_POINT ( 'NONE',  ( 17.67931308332422802, 14.14431392349079886, -114.1499483875997640 ) ) ;
#762 = CARTESIAN_POINT ( 'NONE',  ( 4.225031457058368291E-14, 14.00000000000002309, 122.5000000000000000 ) ) ;
#763 = CARTESIAN_POINT ( 'NONE',  ( 11.74999999999997335, 7.860503406167956619, -80.64840301106568177 ) ) ;
#764 = CARTESIAN_POINT ( 'NONE',  ( -21.09396345672159612, 14.00020932005846319, -107.8309966874429335 ) ) ;
#765 = CARTESIAN_POINT ( 'NONE',  ( 5.970562373124640665, 26.05705187735223660, -123.2454809575674091 ) ) ;
#766 = ORIENTED_EDGE ( 'NONE', *, *, #3351, .F. ) ;
#767 = DIRECTION ( 'NONE',  ( -1.000000000000000000, -1.084202172485504434E-16, 0.000000000000000000 ) ) ;
#768 = CARTESIAN_POINT ( 'NONE',  ( -21.07620819694191638, 7.966209544541960064, 92.02633348367795918 ) ) ;
#769 = CARTESIAN_POINT ( 'NONE',  ( -2.339929324814023825, 15.49999999999998401, 123.8856595210363736 ) ) ;
#770 = B_SPLINE_CURVE_WITH_KNOTS ( 'NONE', 3,
 ( #5127, #996, #5647, #4178 ),
 .UNSPECIFIED., .F., .F.,
 ( 4, 4 ),
 ( 0.001801214201450974809, 0.003804325276934522083 ),
 .UNSPECIFIED. ) ;
#771 = CARTESIAN_POINT ( 'NONE',  ( -5.534947508219560497, 15.09619911656852587, 122.9404601454051260 ) ) ;
#772 = PERSON_AND_ORGANIZATION_ROLE ( 'classification_officer' ) ;
#773 = ORIENTED_EDGE ( 'NONE', *, *, #2592, .F. ) ;
#774 = VERTEX_POINT ( 'NONE', #4487 ) ;
#775 = CARTESIAN_POINT ( 'NONE',  ( -2.339929324814405298, 15.49999999999998401, -76.11434047896368327 ) ) ;
#776 = EDGE_CURVE ( 'NONE', #2948, #6634, #1484, .T. ) ;
#777 = CARTESIAN_POINT ( 'NONE',  ( -11.03320754165773820, 14.03088686564711551, 119.6448992540196343 ) ) ;
#778 = CARTESIAN_POINT ( 'NONE',  ( 17.91488867054854950, 14.30385891212786120, 114.1093141295417013 ) ) ;
#779 = EDGE_CURVE ( 'NONE', #5156, #1766, #1706, .T. ) ;
#780 = ORIENTED_EDGE ( 'NONE', *, *, #923, .T. ) ;
#781 = CARTESIAN_POINT ( 'NONE',  ( 21.55491936037467937, 7.780755702621052983, 107.1802393170632683 ) ) ;
#782 = CARTESIAN_POINT ( 'NONE',  ( -21.27068621144063698, 14.03379045528849822, 92.56065743756923325 ) ) ;
#783 = VERTEX_POINT ( 'NONE', #3576 ) ;
#784 = AXIS2_PLACEMENT_3D ( 'NONE', #2072, #984, #4202 ) ;
#785 = DIRECTION ( 'NONE',  ( -0.000000000000000000, -1.000000000000000000, -0.000000000000000000 ) ) ;
#786 = CIRCLE ( 'NONE', #4614, 24.00000000000000000 ) ;
#787 = ADVANCED_FACE ( 'NONE', ( #3431 ), #1349, .T. ) ;
#788 = CARTESIAN_POINT ( 'NONE',  ( 21.45268736144252486, 7.855686111890707757, 92.75007904737300635 ) ) ;
#789 = VERTEX_POINT ( 'NONE', #2919 ) ;
#790 = ORIENTED_EDGE ( 'NONE', *, *, #3262, .T. ) ;
#791 = PLANE ( 'NONE',  #4526 ) ;
#792 = CARTESIAN_POINT ( 'NONE',  ( -10.81409293830081531, 7.780657509998816224, 80.01925361079783272 ) ) ;
#793 = CARTESIAN_POINT ( 'NONE',  ( -21.66015832672818675, 7.696141087872132580, -92.86883441888356572 ) ) ;
#794 = AXIS2_PLACEMENT_3D ( 'NONE', #4673, #6668, #3907 ) ;
#795 = B_SPLINE_CURVE_WITH_KNOTS ( 'NONE', 3,
 ( #4393, #3440, #5452, #768, #1361, #169, #708, #2793, #5904, #3923 ),
 .UNSPECIFIED., .F., .F.,
 ( 4, 2, 2, 2, 4 ),
 ( 2.701643650261056450E-07, 0.0004262205778521048656, 0.0008521709913391835615, 0.001278121404826262257, 0.001704071818313341062 ),
 .UNSPECIFIED. ) ;
#796 = CARTESIAN_POINT ( 'NONE',  ( 0.000000000000000000, 26.05705187735223660, -100.0000000000000000 ) ) ;
#797 = LINE ( 'NONE', #4972, #1704 ) ;
#798 = AXIS2_PLACEMENT_3D ( 'NONE', #2544, #6278, #2033 ) ;
#799 = CYLINDRICAL_SURFACE ( 'NONE', #2115, 24.00000000000000000 ) ;
#800 = AXIS2_PLACEMENT_3D ( 'NONE', #1110, #5212, #2029 ) ;
#801 = VERTEX_POINT ( 'NONE', #4999 ) ;
#802 = LINE ( 'NONE', #5352, #3986 ) ;
#803 = DIRECTION ( 'NONE',  ( -1.150268980431791831E-16, 1.000000000000000000, -0.000000000000000000 ) ) ;
#804 = B_SPLINE_CURVE_WITH_KNOTS ( 'NONE', 3,
 ( #2959, #2448, #4532, #6627, #3233, #2617, #5770, #2103, #5251, #4235 ),
 .UNSPECIFIED., .F., .F.,
 ( 4, 2, 2, 2, 4 ),
 ( 2.534686360494924870E-07, 0.0003492773084985258212, 0.0006983011483610022160, 0.001047324988223478394, 0.001396348828085954789 ),
 .UNSPECIFIED. ) ;
#805 = VECTOR ( 'NONE', #5230, 1000.000000000000000 ) ;
#806 = CARTESIAN_POINT ( 'NONE',  ( 3.898899098674196022E-14, 6.500000000000008882, 100.0000000000000000 ) ) ;
#807 = CARTESIAN_POINT ( 'NONE',  ( 10.78407417371088428, 14.30385891212785765, -79.90722205616819451 ) ) ;
#808 = DIRECTION ( 'NONE',  ( -0.9961946980917461003, 0.000000000000000000, -0.08715574274765150453 ) ) ;
#809 = COORDINATED_UNIVERSAL_TIME_OFFSET ( 8, 0, .AHEAD. ) ;
#810 = ORIENTED_EDGE ( 'NONE', *, *, #1133, .F. ) ;
#811 = EDGE_LOOP ( 'NONE', ( #955, #4712, #4761, #6594 ) ) ;
#812 = CIRCLE ( 'NONE', #3773, 24.00000000000000355 ) ;
#813 = DIRECTION ( 'NONE',  ( 0.000000000000000000, 0.000000000000000000, -1.000000000000000000 ) ) ;
#814 = B_SPLINE_CURVE_WITH_KNOTS ( 'NONE', 3,
 ( #5732, #1112, #1046, #3128 ),
 .UNSPECIFIED., .F., .F.,
 ( 4, 4 ),
 ( 2.561654051482441111E-07, 0.002003405131142437824 ),
 .UNSPECIFIED. ) ;
#815 = AXIS2_PLACEMENT_3D ( 'NONE', #6719, #6206, #1649 ) ;
#816 = DIRECTION ( 'NONE',  ( 0.000000000000000000, 0.7071067811865439090, 0.7071067811865512365 ) ) ;
#817 = DIRECTION ( 'NONE',  ( -1.000000000000000000, -1.445602896647338917E-16, 5.782411586589355667E-16 ) ) ;
#818 = CARTESIAN_POINT ( 'NONE',  ( 17.44263937314218893, 7.966540554089953652, 114.2662324948259709 ) ) ;
#819 = ADVANCED_FACE ( 'NONE', ( #324 ), #1890, .F. ) ;
#820 = EDGE_LOOP ( 'NONE', ( #1103, #3489, #2083, #5605 ) ) ;
#821 = CYLINDRICAL_SURFACE ( 'NONE', #5734, 24.00000000000000000 ) ;
#822 = CARTESIAN_POINT ( 'NONE',  ( -21.45268736144250354, 14.14431388810928603, 92.75007904737317688 ) ) ;
#823 = ORIENTED_EDGE ( 'NONE', *, *, #6315, .T. ) ;
#824 = AXIS2_PLACEMENT_3D ( 'NONE', #3767, #5356, #2344 ) ;
#825 = CARTESIAN_POINT ( 'NONE',  ( -11.03375417871746578, 7.969354191184418568, 119.6443168629887026 ) ) ;
#826 = AXIS2_PLACEMENT_3D ( 'NONE', #3399, #2923, #1320 ) ;
#827 = EDGE_CURVE ( 'NONE', #6607, #5561, #3527, .T. ) ;
#828 = CARTESIAN_POINT ( 'NONE',  ( 21.09454416409247202, 8.000207281988656050, 92.17176502343330924 ) ) ;
#829 = EDGE_LOOP ( 'NONE', ( #6250, #2207, #3660, #2709 ) ) ;
#830 = ORIENTED_EDGE ( 'NONE', *, *, #1866, .T. ) ;
#831 = EDGE_LOOP ( 'NONE', ( #3447, #684, #1465, #2223 ) ) ;
#832 = CARTESIAN_POINT ( 'NONE',  ( 2.292433343232368651E-16, 0.000000000000000000, -100.0000000000000000 ) ) ;
#833 = DIRECTION ( 'NONE',  ( -0.5735764363510391650, 0.000000000000000000, 0.8191520442889966835 ) ) ;
#835 = DIRECTION ( 'NONE',  ( 0.7071067811865492381, 0.7071067811865459074, 2.940974995605419392E-17 ) ) ;
#834 = VECTOR ( 'NONE', #487, 1000.000000000000000 ) ;
#836 = ADVANCED_FACE ( 'NONE', ( #6616 ), #5243, .F. ) ;
#837 = ORIENTED_EDGE ( 'NONE', *, *, #2977, .F. ) ;
#838 = CARTESIAN_POINT ( 'NONE',  ( 17.91488867054851042, 14.30385891212786831, -114.1093141295417155 ) ) ;
#839 = CARTESIAN_POINT ( 'NONE',  ( 4.080732175172796516, 16.19999999999999929, -76.85701780421310048 ) ) ;
#840 = DIRECTION ( 'NONE',  ( -1.000000000000000000, 0.000000000000000000, -4.159166725385327559E-17 ) ) ;
#841 = ORIENTED_EDGE ( 'NONE', *, *, #4047, .T. ) ;
#842 = LINE ( 'NONE', #6661, #6170 ) ;
#843 = CARTESIAN_POINT ( 'NONE',  ( -21.66015832672815478, 14.30385891212785765, 92.86883441888357993 ) ) ;
#844 = B_SPLINE_CURVE_WITH_KNOTS ( 'NONE', 3,
 ( #3125, #3679, #4721, #532, #6207, #6306, #4689, #4155, #49, #5761 ),
 .UNSPECIFIED., .F., .F.,
 ( 4, 2, 2, 2, 4 ),
 ( 2.701643650283077719E-07, 0.0004262205778521114792, 0.0008521709913391947288, 0.001278121404826277870, 0.001704071818313361011 ),
 .UNSPECIFIED. ) ;
#845 = EDGE_CURVE ( 'NONE', #597, #4810, #3091, .T. ) ;
#846 = DIRECTION ( 'NONE',  ( -0.5735764363510391650, 0.000000000000000000, 0.8191520442889966835 ) ) ;
#847 = CARTESIAN_POINT ( 'NONE',  ( 17.91488867054834344, 14.30385891212786831, 85.89068587045802872 ) ) ;
#848 = CARTESIAN_POINT ( 'NONE',  ( 12.00881904510246478, 14.30385891212785587, -80.61432883735473354 ) ) ;
#849 = ORIENTED_EDGE ( 'NONE', *, *, #3126, .F. ) ;
#850 = ORIENTED_EDGE ( 'NONE', *, *, #5844, .T. ) ;
#851 = EDGE_CURVE ( 'NONE', #6674, #2736, #751, .T. ) ;
#852 = ORIENTED_EDGE ( 'NONE', *, *, #3920, .F. ) ;
#853 = ADVANCED_FACE ( 'NONE', ( #564 ), #5175, .F. ) ;
#854 = CARTESIAN_POINT ( 'NONE',  ( 22.79289321881349295, 16.19999999999999929, 100.7071067811865390 ) ) ;
#855 = DIRECTION ( 'NONE',  ( 0.4226182617407149289, 0.000000000000000000, -0.9063077870366427202 ) ) ;
#856 = DIRECTION ( 'NONE',  ( 1.150268980431791831E-16, -1.000000000000000000, -4.226019675132849788E-32 ) ) ;
#857 = CARTESIAN_POINT ( 'NONE',  ( -18.45254097093796020, 14.69713885794929809, 114.0622756483393658 ) ) ;
#858 = VERTEX_POINT ( 'NONE', #600 ) ;
#859 = CARTESIAN_POINT ( 'NONE',  ( 21.17646880143234611, 7.696141087872145903, 108.4600916298936113 ) ) ;
#860 = CARTESIAN_POINT ( 'NONE',  ( -21.40456499701157611, 7.302849822347134534, -91.05075450014447824 ) ) ;
#861 = ORIENTED_EDGE ( 'NONE', *, *, #83, .T. ) ;
#862 = CARTESIAN_POINT ( 'NONE',  ( -22.79289321881342190, 7.696141087872131692, 99.29289321881347519 ) ) ;
#863 = EDGE_CURVE ( 'NONE', #2293, #3575, #844, .T. ) ;
#864 = PLANE ( 'NONE',  #1356 ) ;
#865 = ORIENTED_EDGE ( 'NONE', *, *, #1931, .F. ) ;
#866 = EDGE_LOOP ( 'NONE', ( #106, #3151, #3358, #1366 ) ) ;
#867 = CARTESIAN_POINT ( 'NONE',  ( 3.898899098674196022E-14, 6.500000000000008882, 100.0000000000000000 ) ) ;
#868 = CARTESIAN_POINT ( 'NONE',  ( -10.50582405129386920, 6.903790001752474481, 121.1312215379036701 ) ) ;
#869 = CARTESIAN_POINT ( 'NONE',  ( 2.339929324814543854, 6.500000000000008882, -123.8856595210363167 ) ) ;
#870 = EDGE_CURVE ( 'NONE', #4920, #289, #4832, .T. ) ;
#871 = ADVANCED_FACE ( 'NONE', ( #1651 ), #2710, .F. ) ;
#872 = ORIENTED_EDGE ( 'NONE', *, *, #4055, .F. ) ;
#873 = CARTESIAN_POINT ( 'NONE',  ( 3.673940397442059493E-14, 26.05705187735223660, 100.0000000000000000 ) ) ;
#874 = CARTESIAN_POINT ( 'NONE',  ( -23.92910714524986560, 6.500000000000006217, -98.15667929237703504 ) ) ;
#875 = PLANE ( 'NONE',  #6715 ) ;
#876 = EDGE_CURVE ( 'NONE', #2090, #5425, #2116, .T. ) ;
#877 = B_SPLINE_CURVE_WITH_KNOTS ( 'NONE', 3,
 ( #4952, #6532, #2166, #3191, #3382, #748, #4987, #3903, #2834, #6499 ),
 .UNSPECIFIED., .F., .F.,
 ( 4, 2, 2, 2, 4 ),
 ( 2.701365643744841042E-07, 0.0004262205501936058394, 0.0008521709638228372637, 0.001278121377452068634, 0.001704071791081300004 ),
 .UNSPECIFIED. ) ;
#878 = VERTEX_POINT ( 'NONE', #1150 ) ;
#879 = DIRECTION ( 'NONE',  ( -0.9961946980917439909, 0.000000000000000000, 0.08715574274767499963 ) ) ;
#880 = DIRECTION ( 'NONE',  ( -1.150268980431791831E-16, 1.000000000000000000, -0.000000000000000000 ) ) ;
#881 = CARTESIAN_POINT ( 'NONE',  ( 17.14589584587885085, 6.500000000000010658, -116.7933991687887527 ) ) ;
#882 = CARTESIAN_POINT ( 'NONE',  ( 11.84194164577780484, 14.18721471925005773, 119.3515969889332524 ) ) ;
#883 = DIRECTION ( 'NONE',  ( -0.000000000000000000, -1.000000000000000000, -0.000000000000000000 ) ) ;
#884 = ORIENTED_EDGE ( 'NONE', *, *, #66, .F. ) ;
#885 = ORIENTED_EDGE ( 'NONE', *, *, #4047, .F. ) ;
#886 = CARTESIAN_POINT ( 'NONE',  ( -17.91488867054816225, 7.696141087872129916, 114.1093141295420992 ) ) ;
#887 = DIRECTION ( 'NONE',  ( -4.159166725385326943E-17, 0.000000000000000000, 1.000000000000000000 ) ) ;
#888 = PLANE ( 'NONE',  #2574 ) ;
#889 = CARTESIAN_POINT ( 'NONE',  ( 17.07800278143207962, 14.03379041350812173, 85.29871676343731224 ) ) ;
#890 = CARTESIAN_POINT ( 'NONE',  ( -21.09396345672154993, 14.00020932005845431, 107.8309966874429477 ) ) ;
#891 = VERTEX_POINT ( 'NONE', #2611 ) ;
#892 = CARTESIAN_POINT ( 'NONE',  ( 11.75000000000027178, 7.860503406167965501, 119.3515969889341619 ) ) ;
#893 = FACE_OUTER_BOUND ( 'NONE', #831, .T. ) ;
#894 = VERTEX_POINT ( 'NONE', #5822 ) ;
#895 = CARTESIAN_POINT ( 'NONE',  ( 19.51562326895619037, 15.49999999999998579, 113.9692679988672808 ) ) ;
#896 = CARTESIAN_POINT ( 'NONE',  ( 23.58446676524484786, 16.41553323475512727, -81.28287940369530418 ) ) ;
#897 = ORIENTED_EDGE ( 'NONE', *, *, #6088, .F. ) ;
#898 = ORIENTED_EDGE ( 'NONE', *, *, #5824, .F. ) ;
#899 = DIRECTION ( 'NONE',  ( 1.150268980431791831E-16, -1.000000000000000000, -4.226019675132850335E-32 ) ) ;
#900 = DIRECTION ( 'NONE',  ( 4.159166725385327559E-17, 0.000000000000000000, -1.000000000000000000 ) ) ;
#901 = DIRECTION ( 'NONE',  ( 0.7071067811865444641, 0.000000000000000000, 0.7071067811865505703 ) ) ;
#902 = AXIS2_PLACEMENT_3D ( 'NONE', #4441, #1842, #813 ) ;
#903 = DIRECTION ( 'NONE',  ( 0.9063077870366521571, 0.000000000000000000, -0.4226182617406947784 ) ) ;
#904 = CARTESIAN_POINT ( 'NONE',  ( 4.080732175173142906, 7.984138133119871306, 122.1429821957868285 ) ) ;
#905 = CARTESIAN_POINT ( 'NONE',  ( -22.79289321881342190, 16.19999999999999929, 99.29289321881347519 ) ) ;
#906 = EDGE_CURVE ( 'NONE', #5084, #1808, #2636, .T. ) ;
#907 = ORIENTED_EDGE ( 'NONE', *, *, #5914, .T. ) ;
#908 = CARTESIAN_POINT ( 'NONE',  ( 3.898899098674196022E-14, 6.500000000000008882, 100.0000000000000000 ) ) ;
#909 = AXIS2_PLACEMENT_3D ( 'NONE', #6462, #209, #4442 ) ;
#911 = CIRCLE ( 'NONE', #3758, 24.00000000000000355 ) ;
#910 = CARTESIAN_POINT ( 'NONE',  ( 12.00881904510246478, 14.30385891212785587, -80.61432883735473354 ) ) ;
#912 = AXIS2_PLACEMENT_3D ( 'NONE', #2152, #6357, #1029 ) ;
#913 = LINE ( 'NONE', #2998, #1594 ) ;
#914 = CYLINDRICAL_SURFACE ( 'NONE', #5962, 24.00000000000000000 ) ;
#915 = B_SPLINE_CURVE_WITH_KNOTS ( 'NONE', 3,
 ( #3236, #5869, #5897, #2237 ),
 .UNSPECIFIED., .F., .F.,
 ( 4, 4 ),
 ( 3.499283209344260526E-07, 0.002003498898922859150 ),
 .UNSPECIFIED. ) ;
#916 = DIRECTION ( 'NONE',  ( 0.000000000000000000, 0.000000000000000000, -1.000000000000000000 ) ) ;
#917 = ADVANCED_FACE ( 'NONE', ( #2095 ), #2162, .F. ) ;
#918 = ORIENTED_EDGE ( 'NONE', *, *, #5980, .T. ) ;
#919 = EDGE_LOOP ( 'NONE', ( #3582, #5161, #3313, #4211 ) ) ;
#920 = CARTESIAN_POINT ( 'NONE',  ( 18.45255644614390889, 7.302849822303718597, 114.0622742944339052 ) ) ;
#921 = AXIS2_PLACEMENT_3D ( 'NONE', #5725, #2125, #1039 ) ;
#922 = DIRECTION ( 'NONE',  ( 4.159166725385326943E-17, 0.000000000000000000, -1.000000000000000000 ) ) ;
#923 = EDGE_CURVE ( 'NONE', #752, #3787, #5607, .T. ) ;
#924 = CARTESIAN_POINT ( 'NONE',  ( -21.27068621144056948, 7.966209544711487567, -107.4393425624310368 ) ) ;
#925 = VECTOR ( 'NONE', #2725, 1000.000000000000000 ) ;
#926 = DIRECTION ( 'NONE',  ( -0.000000000000000000, -1.000000000000000000, -0.000000000000000000 ) ) ;
#927 = CARTESIAN_POINT ( 'NONE',  ( 3.795374890435334674E-14, 15.49999999999998401, 100.0000000000000000 ) ) ;
#928 = EDGE_LOOP ( 'NONE', ( #2715, #5709, #404, #322 ) ) ;
#929 = CARTESIAN_POINT ( 'NONE',  ( -21.85555259377033366, 6.500000000000006217, -90.08360847783133352 ) ) ;
#930 = VERTEX_POINT ( 'NONE', #3187 ) ;
#931 = FACE_OUTER_BOUND ( 'NONE', #3493, .T. ) ;
#932 = AXIS2_PLACEMENT_3D ( 'NONE', #5101, #4453, #6653 ) ;
#933 = EDGE_CURVE ( 'NONE', #2578, #3035, #5401, .T. ) ;
#934 = B_SPLINE_CURVE_WITH_KNOTS ( 'NONE', 3,
 ( #5903, #1832, #2272, #2304, #4362, #6453, #1763, #1295, #263, #2340 ),
 .UNSPECIFIED., .F., .F.,
 ( 4, 2, 2, 2, 4 ),
 ( 2.534686360509909412E-07, 0.0004262037923346475980, 0.0008521541160332441432, 0.001278104439731840743, 0.001704054763430437342 ),
 .UNSPECIFIED. ) ;
#935 = AXIS2_PLACEMENT_3D ( 'NONE', #2461, #1976, #6638 ) ;
#936 = CARTESIAN_POINT ( 'NONE',  ( 4.654308611523842565, 7.696141087872136133, -77.67616984850208439 ) ) ;
#937 = ORIENTED_EDGE ( 'NONE', *, *, #2363, .F. ) ;
#938 = ORIENTED_EDGE ( 'NONE', *, *, #2751, .T. ) ;
#939 = DIRECTION ( 'NONE',  ( 0.000000000000000000, 0.000000000000000000, 1.000000000000000000 ) ) ;
#940 = LINE ( 'NONE', #5068, #1786 ) ;
#941 = CARTESIAN_POINT ( 'NONE',  ( 10.64438394997881332, 7.302849822317438289, -79.38589104387945383 ) ) ;
#942 = AXIS2_PLACEMENT_3D ( 'NONE', #5348, #5976, #734 ) ;
#943 = ORIENTED_EDGE ( 'NONE', *, *, #3041, .T. ) ;
#944 = CARTESIAN_POINT ( 'NONE',  ( 10.36819101250147845, 15.49999999999998579, -78.35512496852237518 ) ) ;
#945 = CARTESIAN_POINT ( 'NONE',  ( 11.74999999999995559, 14.13949659383203716, -80.64840301106566756 ) ) ;
#946 = CARTESIAN_POINT ( 'NONE',  ( 0.000000000000000000, 26.05705187735223660, -100.0000000000000000 ) ) ;
#947 = ORIENTED_EDGE ( 'NONE', *, *, #3755, .T. ) ;
#948 = LINE ( 'NONE', #2926, #5622 ) ;
#949 = B_SPLINE_CURVE_WITH_KNOTS ( 'NONE', 3,
 ( #4275, #991, #4143, #5200 ),
 .UNSPECIFIED., .F., .F.,
 ( 4, 4 ),
 ( 0.001150320978735620142, 0.003153469944069063266 ),
 .UNSPECIFIED. ) ;
#950 = AXIS2_PLACEMENT_3D ( 'NONE', #1374, #2422, #4510 ) ;
#951 = DIRECTION ( 'NONE',  ( 0.000000000000000000, 0.000000000000000000, -1.000000000000000000 ) ) ;
#952 = CARTESIAN_POINT ( 'NONE',  ( 22.53199474478143927, 14.03345975460613815, 100.2833455553043365 ) ) ;
#953 = DIRECTION ( 'NONE',  ( -1.000000000000000000, -1.445602896647339163E-16, 0.000000000000000000 ) ) ;
#954 = CARTESIAN_POINT ( 'NONE',  ( -10.78407417371075461, 7.696141087872151232, -120.0927779438318765 ) ) ;
#955 = ORIENTED_EDGE ( 'NONE', *, *, #3568, .F. ) ;
#956 = B_SPLINE_CURVE_WITH_KNOTS ( 'NONE', 3,
 ( #510, #4203, #4666, #6767 ),
 .UNSPECIFIED., .F., .F.,
 ( 4, 4 ),
 ( 3.020644791631598154E-07, 0.002003451032597831829 ),
 .UNSPECIFIED. ) ;
#957 = VERTEX_POINT ( 'NONE', #5275 ) ;
#958 = CARTESIAN_POINT ( 'NONE',  ( 20.00000000000000355, 19.99999999999998934, -1.387778780781445676E-14 ) ) ;
#959 = EDGE_CURVE ( 'NONE', #5300, #2280, #3859, .T. ) ;
#960 = PLANE ( 'NONE',  #3853 ) ;
#961 = EDGE_CURVE ( 'NONE', #6533, #5228, #3611, .T. ) ;
#962 = EDGE_CURVE ( 'NONE', #3289, #3193, #6370, .T. ) ;
#963 = CARTESIAN_POINT ( 'NONE',  ( -21.07623940999776480, 7.966540479121799301, -107.9726528600322553 ) ) ;
#964 = CARTESIAN_POINT ( 'NONE',  ( 3.898899098674196022E-14, 6.500000000000008882, 100.0000000000000000 ) ) ;
#965 = CARTESIAN_POINT ( 'NONE',  ( 22.49980162688844487, 13.99979281031513167, -100.1413774375222658 ) ) ;
#966 = ORIENTED_EDGE ( 'NONE', *, *, #4876, .F. ) ;
#967 = EDGE_CURVE ( 'NONE', #3861, #2184, #6394, .T. ) ;
#968 = CARTESIAN_POINT ( 'NONE',  ( 3.696864730874382874E-14, 0.000000000000000000, 125.1000000000000227 ) ) ;
#969 = ORIENTED_EDGE ( 'NONE', *, *, #4922, .T. ) ;
#970 = CARTESIAN_POINT ( 'NONE',  ( 21.85555259377026971, 26.05705187735223660, -90.08360847783119141 ) ) ;
#971 = CARTESIAN_POINT ( 'NONE',  ( -17.79921189211195198, 7.780755916309218811, -85.88056546371178968 ) ) ;
#972 = ORIENTED_EDGE ( 'NONE', *, *, #5882, .F. ) ;
#973 = ORIENTED_EDGE ( 'NONE', *, *, #6051, .T. ) ;
#974 = CYLINDRICAL_SURFACE ( 'NONE', #932, 24.00000000000000000 ) ;
#975 = CARTESIAN_POINT ( 'NONE',  ( 23.17453400663467988, 7.302849823075323599, -98.91125243099223496 ) ) ;
#976 = CARTESIAN_POINT ( 'NONE',  ( -21.66015832672819030, 14.30385891212786120, -92.86883441888356572 ) ) ;
#977 = CARTESIAN_POINT ( 'NONE',  ( 21.40455843166953898, 14.69713885746528881, 108.9492314204337333 ) ) ;
#978 = CARTESIAN_POINT ( 'NONE',  ( -17.00584971520428113, 14.30385891212785765, 84.80733542961877447 ) ) ;
#979 = CARTESIAN_POINT ( 'NONE',  ( -17.09954875531800056, 6.903790001739284143, 83.73635050040046224 ) ) ;
#980 = VERTEX_POINT ( 'NONE', #6506 ) ;
#981 = DIRECTION ( 'NONE',  ( -1.000000000000000000, -1.445602896647338917E-16, 0.000000000000000000 ) ) ;
#982 = FACE_OUTER_BOUND ( 'NONE', #3749, .T. ) ;
#983 =( BOUNDED_CURVE ( )  B_SPLINE_CURVE ( 3, ( #426, #6611, #896, #2980 ),
 .UNSPECIFIED., .F., .F. ) 
 B_SPLINE_CURVE_WITH_KNOTS ( ( 4, 4 ),
 ( 5.442116636611656233, 5.697499763722435162 ),
 .UNSPECIFIED. ) 
 CURVE ( )  GEOMETRIC_REPRESENTATION_ITEM ( )  RATIONAL_B_SPLINE_CURVE ( ( 1.000000000000000000, 0.9945723357819227228, 0.9945723357819227228, 1.000000000000000000 ) ) 
 REPRESENTATION_ITEM ( '' )  );
#984 = DIRECTION ( 'NONE',  ( -0.9063077870366453848, 0.000000000000000000, 0.4226182617407092668 ) ) ;
#985 = DIRECTION ( 'NONE',  ( -1.150268980431791831E-16, 1.000000000000000000, -0.000000000000000000 ) ) ;
#986 = CARTESIAN_POINT ( 'NONE',  ( 4.654308611523841677, 16.19999999999999929, -77.67616984850208439 ) ) ;
#987 = ORIENTED_EDGE ( 'NONE', *, *, #1844, .T. ) ;
#988 = ORIENTED_EDGE ( 'NONE', *, *, #5179, .T. ) ;
#989 = CARTESIAN_POINT ( 'NONE',  ( -17.32882370698740360, 7.999790649818510957, 114.3524100280105529 ) ) ;
#990 = CARTESIAN_POINT ( 'NONE',  ( 4.578787872192853214, 14.23667794793537844, -77.72905003947283831 ) ) ;
#991 = CARTESIAN_POINT ( 'NONE',  ( 17.09954750643167287, 15.09619911758238331, -83.73636477523557176 ) ) ;
#992 = CARTESIAN_POINT ( 'NONE',  ( 17.00584971520421718, 14.30385891212786476, -84.80733542961864657 ) ) ;
#993 = DIRECTION ( 'NONE',  ( -0.000000000000000000, -1.000000000000000000, -0.000000000000000000 ) ) ;
#994 = VERTEX_POINT ( 'NONE', #2775 ) ;
#995 = EDGE_CURVE ( 'NONE', #6708, #354, #6470, .T. ) ;
#996 = CARTESIAN_POINT ( 'NONE',  ( -22.63450800250843997, 6.903790001781008101, 106.6768188655795484 ) ) ;
#997 = ORIENTED_EDGE ( 'NONE', *, *, #5824, .T. ) ;
#998 = FACE_OUTER_BOUND ( 'NONE', #5999, .T. ) ;
#999 = EDGE_CURVE ( 'NONE', #2258, #5316, #2659, .T. ) ;
#1000 = CARTESIAN_POINT ( 'NONE',  ( -17.91488867054839673, 7.696141087872138797, -85.89068587045817083 ) ) ;
#1001 = VERTEX_POINT ( 'NONE', #2225 ) ;
#1002 = ORIENTED_EDGE ( 'NONE', *, *, #2328, .F. ) ;
#1003 = CARTESIAN_POINT ( 'NONE',  ( 21.17646880143234611, 7.696141087872145903, 108.4600916298936113 ) ) ;
#1004 = CARTESIAN_POINT ( 'NONE',  ( 3.261580130884150996, 14.30385891212784699, 122.5694057594357957 ) ) ;
#1005 = EDGE_CURVE ( 'NONE', #5350, #4206, #117, .T. ) ;
#1006 = CARTESIAN_POINT ( 'NONE',  ( -12.00881904510232800, 14.30385891212783989, -119.3856711626453375 ) ) ;
#1007 = CARTESIAN_POINT ( 'NONE',  ( -21.17646880143225374, 14.30385891212785943, -91.53990837010623238 ) ) ;
#1008 = B_SPLINE_CURVE_WITH_KNOTS ( 'NONE', 3,
 ( #4604, #4110, #6192, #5232, #990, #4642 ),
 .UNSPECIFIED., .F., .F.,
 ( 4, 2, 4 ),
 ( 0.001027720228845435853, 0.001365910686682242229, 0.001704101144519048604 ),
 .UNSPECIFIED. ) ;
#1009 = CARTESIAN_POINT ( 'NONE',  ( 3.696864730874382874E-14, 0.000000000000000000, 125.1000000000000227 ) ) ;
#1010 = EDGE_LOOP ( 'NONE', ( #6148, #4881, #1174, #3154 ) ) ;
#1011 = CARTESIAN_POINT ( 'NONE',  ( 3.795374890435334674E-14, 15.49999999999998401, 100.0000000000000000 ) ) ;
#1012 = CARTESIAN_POINT ( 'NONE',  ( 11.53452359756430035, 7.957424480328450400, 119.3684033086516791 ) ) ;
#1013 = AXIS2_PLACEMENT_3D ( 'NONE', #2508, #5137, #2539 ) ;
#1014 = EDGE_CURVE ( 'NONE', #2528, #744, #4859, .T. ) ;
#1015 = FACE_OUTER_BOUND ( 'NONE', #184, .T. ) ;
#1016 = CARTESIAN_POINT ( 'NONE',  ( -4.080732175173676701, 14.01586186687938707, -77.85701780421399576 ) ) ;
#1017 = CARTESIAN_POINT ( 'NONE',  ( -4.046278025549967516, 8.000207247090806106, 77.86657070907055811 ) ) ;
#1018 = AXIS2_PLACEMENT_3D ( 'NONE', #1638, #5485, #6552 ) ;
#1019 = ORIENTED_EDGE ( 'NONE', *, *, #60, .T. ) ;
#1020 = VERTEX_POINT ( 'NONE', #5440 ) ;
#1021 = CARTESIAN_POINT ( 'NONE',  ( 21.17646880143230703, 7.696141087872132580, -108.4600916298936539 ) ) ;
#1022 = LINE ( 'NONE', #3110, #2218 ) ;
#1023 = DIRECTION ( 'NONE',  ( 0.000000000000000000, -0.000000000000000000, 1.000000000000000000 ) ) ;
#1024 = EDGE_CURVE ( 'NONE', #1213, #4312, #3875, .T. ) ;
#1025 = VECTOR ( 'NONE', #4901, 1000.000000000000000 ) ;
#1026 = AXIS2_PLACEMENT_3D ( 'NONE', #3940, #1341, #3523 ) ;
#1027 = ORIENTED_EDGE ( 'NONE', *, *, #3246, .T. ) ;
#1028 = CARTESIAN_POINT ( 'NONE',  ( 17.00495937615588815, 7.855686076499082127, -114.9536118408120586 ) ) ;
#1029 = DIRECTION ( 'NONE',  ( -3.673940397442059868E-16, 0.000000000000000000, -1.000000000000000000 ) ) ;
#1030 = CARTESIAN_POINT ( 'NONE',  ( 2.339929324814266742, 6.500000000000008882, 76.11434047896365485 ) ) ;
#1031 = EDGE_LOOP ( 'NONE', ( #365, #5015, #1536, #2214 ) ) ;
#1032 = AXIS2_PLACEMENT_3D ( 'NONE', #1654, #536, #6341 ) ;
#1033 = CARTESIAN_POINT ( 'NONE',  ( -11.74999999999976019, 14.13949659383202651, 119.3515969889344177 ) ) ;
#1034 = EDGE_LOOP ( 'NONE', ( #2570, #5204, #1203, #6746 ) ) ;
#1035 = CARTESIAN_POINT ( 'NONE',  ( 23.92910714524991178, 15.49999999999998757, 98.15667929237702083 ) ) ;
#1036 = ADVANCED_FACE ( 'NONE', ( #2739 ), #2874, .T. ) ;
#1037 = VECTOR ( 'NONE', #5918, 1000.000000000000000 ) ;
#1038 = EDGE_CURVE ( 'NONE', #4909, #1633, #1094, .T. ) ;
#1039 = DIRECTION ( 'NONE',  ( -1.000000000000000000, -1.445602896647338917E-16, 5.782411586589355667E-16 ) ) ;
#1040 = ORIENTED_EDGE ( 'NONE', *, *, #352, .T. ) ;
#1041 = CARTESIAN_POINT ( 'NONE',  ( -17.14589584587849203, 15.49999999999998224, -116.7933991687891080 ) ) ;
#1042 = VECTOR ( 'NONE', #1360, 1000.000000000000000 ) ;
#1043 = DIRECTION ( 'NONE',  ( 0.9659258262890683122, 0.000000000000000000, 0.2588190451025209060 ) ) ;
#1044 = EDGE_CURVE ( 'NONE', #3913, #5316, #5984, .T. ) ;
#1045 = AXIS2_PLACEMENT_3D ( 'NONE', #5541, #1918, #2942 ) ;
#1046 = CARTESIAN_POINT ( 'NONE',  ( 13.04724879790243364, 15.09619911743538268, 80.33608242369554375 ) ) ;
#1047 = LINE ( 'NONE', #2583, #1178 ) ;
#1048 = CARTESIAN_POINT ( 'NONE',  ( -11.37495447261535908, 7.999790659326485809, -119.4136605263440316 ) ) ;
#1049 = ORIENTED_EDGE ( 'NONE', *, *, #1067, .F. ) ;
#1050 = DIRECTION ( 'NONE',  ( -0.000000000000000000, -1.000000000000000000, -0.000000000000000000 ) ) ;
#1051 = DIRECTION ( 'NONE',  ( -1.150268980431791831E-16, 1.000000000000000000, -0.000000000000000000 ) ) ;
#1052 = EDGE_CURVE ( 'NONE', #1213, #4504, #1652, .T. ) ;
#1053 = VECTOR ( 'NONE', #3999, 1000.000000000000000 ) ;
#1054 = MANIFOLD_SOLID_BREP ( 'Mirror1', #254 ) ;
#1055 = LINE ( 'NONE', #4698, #2430 ) ;
#1056 = DIRECTION ( 'NONE',  ( 0.000000000000000000, 0.000000000000000000, -1.000000000000000000 ) ) ;
#1057 = AXIS2_PLACEMENT_3D ( 'NONE', #1334, #5953, #3414 ) ;
#1058 = CARTESIAN_POINT ( 'NONE',  ( -5.970562373124467470, 6.500000000000007994, 76.75451904243257673 ) ) ;
#1059 = ORIENTED_EDGE ( 'NONE', *, *, #2690, .T. ) ;
#1060 = VERTEX_POINT ( 'NONE', #1283 ) ;
#1061 = CARTESIAN_POINT ( 'NONE',  ( 3.673940397442059967E-15, 20.00000000000000000, -70.00000000000000000 ) ) ;
#1062 = EDGE_CURVE ( 'NONE', #4076, #5459, #2841, .T. ) ;
#1063 = CARTESIAN_POINT ( 'NONE',  ( -17.07837890800216130, 7.966540554069696078, -114.7003412128267996 ) ) ;
#1064 = CARTESIAN_POINT ( 'NONE',  ( 6.733360456028193320E-31, 0.000000000000000000, -100.0000000000000000 ) ) ;
#1065 = ORIENTED_EDGE ( 'NONE', *, *, #153, .F. ) ;
#1066 = CARTESIAN_POINT ( 'NONE',  ( -23.11645821900298259, 6.500000000000006217, -106.4520817887786706 ) ) ;
#1067 = EDGE_CURVE ( 'NONE', #801, #1421, #3101, .T. ) ;
#1068 = CARTESIAN_POINT ( 'NONE',  ( 23.92910714524990823, 6.500000000000011546, 98.15667929237702083 ) ) ;
#1069 = FACE_OUTER_BOUND ( 'NONE', #2489, .T. ) ;
#1070 = ORIENTED_EDGE ( 'NONE', *, *, #776, .F. ) ;
#1071 = PRODUCT_DEFINITION_SHAPE ( 'NONE', 'NONE',  #760 ) ;
#1072 = ORIENTED_EDGE ( 'NONE', *, *, #5851, .T. ) ;
#1073 = CARTESIAN_POINT ( 'NONE',  ( 22.08277658846887448, 16.19999999999999929, 91.96252663184674248 ) ) ;
#1074 = CARTESIAN_POINT ( 'NONE',  ( -4.080732175173328535, 7.984138133120608494, 122.1429821957860611 ) ) ;
#1075 = VERTEX_POINT ( 'NONE', #5862 ) ;
#1076 = CARTESIAN_POINT ( 'NONE',  ( -21.85555259377033366, 6.500000000000006217, -90.08360847783133352 ) ) ;
#1077 = CARTESIAN_POINT ( 'NONE',  ( -5.534959247142339223, 6.903790001830216738, 77.05953163491297175 ) ) ;
#1078 = EDGE_CURVE ( 'NONE', #5293, #289, #3261, .T. ) ;
#1079 = CARTESIAN_POINT ( 'NONE',  ( 21.17646880143234611, 14.30385891212785054, 108.4600916298936113 ) ) ;
#1080 = DIRECTION ( 'NONE',  ( 0.000000000000000000, 0.000000000000000000, -1.000000000000000000 ) ) ;
#1081 = CYLINDRICAL_SURFACE ( 'NONE', #50, 24.00000000000000000 ) ;
#1082 = VERTEX_POINT ( 'NONE', #6648 ) ;
#1083 =( BOUNDED_CURVE ( )  B_SPLINE_CURVE ( 3, ( #596, #6203, #4183, #1106 ),
 .UNSPECIFIED., .F., .F. ) 
 B_SPLINE_CURVE_WITH_KNOTS ( ( 4, 4 ),
 ( 0.5856855434571516250, 0.8410686705679285557 ),
 .UNSPECIFIED. ) 
 CURVE ( )  GEOMETRIC_REPRESENTATION_ITEM ( )  RATIONAL_B_SPLINE_CURVE ( ( 1.000000000000000000, 0.9945723357819229449, 0.9945723357819229449, 1.000000000000000000 ) ) 
 REPRESENTATION_ITEM ( '' )  );
#1084 = ORIENTED_EDGE ( 'NONE', *, *, #1052, .T. ) ;
#1085 = DIRECTION ( 'NONE',  ( 1.150268980431791831E-16, -1.000000000000000000, 0.000000000000000000 ) ) ;
#1086 = ADVANCED_FACE ( 'NONE', ( #6163 ), #4449, .F. ) ;
#1087 = CARTESIAN_POINT ( 'NONE',  ( 10.78407417371120225, 7.696141087872152120, 120.0927779438316492 ) ) ;
#1088 = EDGE_CURVE ( 'NONE', #3669, #4172, #5649, .T. ) ;
#1089 = EDGE_CURVE ( 'NONE', #444, #6158, #2396, .T. ) ;
#1090 = CARTESIAN_POINT ( 'NONE',  ( -10.86521116380287921, 14.14401203883603131, 80.13262143905387802 ) ) ;
#1091 = CARTESIAN_POINT ( 'NONE',  ( -11.84194164577763431, 14.18721471925008260, -80.64840301106664811 ) ) ;
#1092 = CARTESIAN_POINT ( 'NONE',  ( -11.53452359756412271, 7.957424480328427308, -80.63159669134822138 ) ) ;
#1093 = ORIENTED_EDGE ( 'NONE', *, *, #3491, .F. ) ;
#1094 = B_SPLINE_CURVE_WITH_KNOTS ( 'NONE', 3,
 ( #5471, #2261, #4286, #187 ),
 .UNSPECIFIED., .F., .F.,
 ( 4, 4 ),
 ( 0.001150320978735620576, 0.003153469944069044618 ),
 .UNSPECIFIED. ) ;
#1095 = ORIENTED_EDGE ( 'NONE', *, *, #5686, .T. ) ;
#1096 = CARTESIAN_POINT ( 'NONE',  ( -13.04726263917410556, 6.903790001752474481, -119.6639212850621590 ) ) ;
#1097 = CARTESIAN_POINT ( 'NONE',  ( -21.90870462436814137, 18.09129537563183732, -79.34651754062424800 ) ) ;
#1098 = B_SPLINE_CURVE_WITH_KNOTS ( 'NONE', 3,
 ( #1323, #2891, #2822, #4903, #3891, #2243, #5422, #4430, #197, #168 ),
 .UNSPECIFIED., .F., .F.,
 ( 4, 2, 2, 2, 4 ),
 ( 2.988698850821755716E-07, 0.0002571542096251751264, 0.0005140095493652680706, 0.0007708648891053610690, 0.001027720228845453851 ),
 .UNSPECIFIED. ) ;
#1099 = FACE_OUTER_BOUND ( 'NONE', #1925, .T. ) ;
#1100 = CARTESIAN_POINT ( 'NONE',  ( -20.00000000000008882, 20.00000000000000000, 77.63932022500222274 ) ) ;
#1101 = FACE_OUTER_BOUND ( 'NONE', #3623, .T. ) ;
#1102 = PLANE ( 'NONE',  #2588 ) ;
#1103 = ORIENTED_EDGE ( 'NONE', *, *, #1378, .F. ) ;
#1104 = ORIENTED_EDGE ( 'NONE', *, *, #3491, .T. ) ;
#1105 = CARTESIAN_POINT ( 'NONE',  ( -23.92910714524986560, 6.500000000000006217, -101.8433207076229792 ) ) ;
#1106 = CARTESIAN_POINT ( 'NONE',  ( 20.00000000000007461, 20.00000000000000000, 77.63932022500213748 ) ) ;
#1107 = ORIENTED_EDGE ( 'NONE', *, *, #5613, .F. ) ;
#1108 = DIRECTION ( 'NONE',  ( 1.150268980431791831E-16, -1.000000000000000000, -4.226019675132850335E-32 ) ) ;
#1109 = ORIENTED_EDGE ( 'NONE', *, *, #329, .F. ) ;
#1110 = CARTESIAN_POINT ( 'NONE',  ( 3.898899098674196022E-14, 6.500000000000008882, 100.0000000000000000 ) ) ;
#1111 = EDGE_CURVE ( 'NONE', #289, #6607, #2711, .T. ) ;
#1112 = CARTESIAN_POINT ( 'NONE',  ( 12.53013505220743440, 14.69713885779637152, 80.47464263424953401 ) ) ;
#1113 = CARTESIAN_POINT ( 'NONE',  ( 10.95944521045880293, 7.930569772293411646, -80.26986333710887322 ) ) ;
#1114 = CARTESIAN_POINT ( 'NONE',  ( 22.08277658846898461, 16.19999999999999929, 108.0374733681529023 ) ) ;
#1115 = VERTEX_POINT ( 'NONE', #2976 ) ;
#1116 = ORIENTED_EDGE ( 'NONE', *, *, #2450, .F. ) ;
#1117 = DIRECTION ( 'NONE',  ( -1.000000000000000000, -1.445602896647339163E-16, 0.000000000000000000 ) ) ;
#1118 = CARTESIAN_POINT ( 'NONE',  ( 3.261580130883803719, 16.19999999999999929, -77.43059424056414741 ) ) ;
#1119 = EDGE_CURVE ( 'NONE', #2925, #3519, #3567, .T. ) ;
#1120 = CARTESIAN_POINT ( 'NONE',  ( -12.00881904510258025, 14.30385891212787008, 80.61432883735480459 ) ) ;
#1121 = B_SPLINE_CURVE_WITH_KNOTS ( 'NONE', 3,
 ( #2391, #3229, #6340, #4476, #1878, #236, #1113, #5279, #2678, #4258 ),
 .UNSPECIFIED., .F., .F.,
 ( 4, 2, 2, 2, 4 ),
 ( 0.0003086876369879539006, 0.0006575294220426681872, 0.001006371207097382474, 0.001355212992152096544, 0.001704054777206810830 ),
 .UNSPECIFIED. ) ;
#1122 = CARTESIAN_POINT ( 'NONE',  ( 3.696864730874382874E-14, 0.000000000000000000, 100.0000000000000000 ) ) ;
#1123 = ADVANCED_FACE ( 'NONE', ( #2362 ), #1382, .F. ) ;
#1124 = LINE ( 'NONE', #5871, #3652 ) ;
#1125 = ORIENTED_EDGE ( 'NONE', *, *, #4289, .T. ) ;
#1126 = VERTEX_POINT ( 'NONE', #5573 ) ;
#1127 = CARTESIAN_POINT ( 'NONE',  ( -17.91488867054821910, 16.19999999999999929, -114.1093141295420850 ) ) ;
#1128 = CIRCLE ( 'NONE', #474, 24.00000000000000355 ) ;
#1129 = CARTESIAN_POINT ( 'NONE',  ( -19.99999999999999645, 20.00000000000000000, -77.63932022500210905 ) ) ;
#1130 = ADVANCED_FACE ( 'NONE', ( #931 ), #6608, .T. ) ;
#1131 = VERTEX_POINT ( 'NONE', #895 ) ;
#1132 = CIRCLE ( 'NONE', #1992, 24.00000000000000000 ) ;
#1133 = EDGE_CURVE ( 'NONE', #5957, #3994, #1851, .T. ) ;
#1134 = CYLINDRICAL_SURFACE ( 'NONE', #70, 1.000000000000000888 ) ;
#1135 = DIRECTION ( 'NONE',  ( -0.000000000000000000, -1.000000000000000000, -0.000000000000000000 ) ) ;
#1136 = FACE_OUTER_BOUND ( 'NONE', #1554, .T. ) ;
#1137 = VERTEX_POINT ( 'NONE', #4481 ) ;
#1138 = ORIENTED_EDGE ( 'NONE', *, *, #1961, .F. ) ;
#1139 = ORIENTED_EDGE ( 'NONE', *, *, #1740, .F. ) ;
#1140 = AXIS2_PLACEMENT_3D ( 'NONE', #533, #1551, #2612 ) ;
#1141 = CARTESIAN_POINT ( 'NONE',  ( 13.56091613274856833, 6.500000000000010658, -119.8015543238544751 ) ) ;
#1142 = AXIS2_PLACEMENT_3D ( 'NONE', #2266, #731, #6418 ) ;
#1143 = EDGE_CURVE ( 'NONE', #2468, #5786, #6461, .T. ) ;
#1144 = AXIS2_PLACEMENT_3D ( 'NONE', #1791, #3881, #191 ) ;
#1145 = CARTESIAN_POINT ( 'NONE',  ( 17.05288955031205234, 7.302849822303707050, 84.26966765402326587 ) ) ;
#1146 = ORIENTED_EDGE ( 'NONE', *, *, #2618, .T. ) ;
#1147 = CARTESIAN_POINT ( 'NONE',  ( -12.00881904510228892, 14.30385891212784699, 119.3856711626453517 ) ) ;
#1148 = EDGE_LOOP ( 'NONE', ( #1240, #4485, #1294, #5273 ) ) ;
#1149 = EDGE_CURVE ( 'NONE', #6287, #2724, #6381, .T. ) ;
#1150 = CARTESIAN_POINT ( 'NONE',  ( -23.11645821900307851, 15.49999999999998046, -93.54791821122165629 ) ) ;
#1151 = CARTESIAN_POINT ( 'NONE',  ( 5.970562373124339572, 15.49999999999998401, -76.75451904243253409 ) ) ;
#1152 = AXIS2_PLACEMENT_3D ( 'NONE', #1376, #4548, #3417 ) ;
#1153 = CARTESIAN_POINT ( 'NONE',  ( 4.654308611524174744, 16.19999999999999929, 122.3238301514978303 ) ) ;
#1154 = ORIENTED_EDGE ( 'NONE', *, *, #3415, .F. ) ;
#1155 = DIRECTION ( 'NONE',  ( -0.000000000000000000, 1.000000000000000000, -0.000000000000000000 ) ) ;
#1156 = B_SPLINE_CURVE_WITH_KNOTS ( 'NONE', 3,
 ( #1273, #276, #2390, #1304 ),
 .UNSPECIFIED., .F., .F.,
 ( 4, 4 ),
 ( 0.001150320975949242677, 0.003153469944067954778 ),
 .UNSPECIFIED. ) ;
#1157 = CARTESIAN_POINT ( 'NONE',  ( -22.79289321881345387, 14.30385891212785943, -99.29289321881346098 ) ) ;
#1158 = AXIS2_PLACEMENT_3D ( 'NONE', #5728, #4688, #48 ) ;
#1159 = DIRECTION ( 'NONE',  ( -0.000000000000000000, -1.000000000000000000, -0.000000000000000000 ) ) ;
#1160 = LINE ( 'NONE', #1760, #5080 ) ;
#1161 = CARTESIAN_POINT ( 'NONE',  ( 11.84194164577749042, 7.812785280749928063, -80.64840301106657705 ) ) ;
#1162 = VERTEX_POINT ( 'NONE', #2428 ) ;
#1163 = ORIENTED_EDGE ( 'NONE', *, *, #6520, .T. ) ;
#1164 = CARTESIAN_POINT ( 'NONE',  ( -21.17646880143209032, 14.30385891212786298, 108.4600916298941087 ) ) ;
#1165 = CIRCLE ( 'NONE', #824, 25.10000000000001208 ) ;
#1166 = B_SPLINE_CURVE_WITH_KNOTS ( 'NONE', 3,
 ( #382, #1946, #451, #889, #3484, #5090, #2969, #6639, #4040, #5603 ),
 .UNSPECIFIED., .F., .F.,
 ( 4, 2, 2, 2, 4 ),
 ( 2.457757373978663197E-07, 0.0004261960578666486440, 0.0008521463399958994047, 0.001278096622125150057, 0.001704046904254400818 ),
 .UNSPECIFIED. ) ;
#1167 = DIRECTION ( 'NONE',  ( 0.000000000000000000, 0.000000000000000000, -1.000000000000000000 ) ) ;
#1168 = EDGE_CURVE ( 'NONE', #5047, #891, #1245, .T. ) ;
#1169 = ORIENTED_EDGE ( 'NONE', *, *, #6392, .F. ) ;
#1170 = VECTOR ( 'NONE', #4309, 999.9999999999998863 ) ;
#1171 = CARTESIAN_POINT ( 'NONE',  ( -19.51562326895579602, 6.500000000000006217, 113.9692679988677213 ) ) ;
#1172 = CARTESIAN_POINT ( 'NONE',  ( -5.970562373124145061, 6.500000000000007994, 123.2454809575675228 ) ) ;
#1173 = CARTESIAN_POINT ( 'NONE',  ( -17.91488867054816225, 14.30385891212786476, 114.1093141295420992 ) ) ;
#1174 = ORIENTED_EDGE ( 'NONE', *, *, #2219, .F. ) ;
#1175 = B_SPLINE_CURVE_WITH_KNOTS ( 'NONE', 3,
 ( #5788, #3739, #1616, #3120 ),
 .UNSPECIFIED., .F., .F.,
 ( 4, 4 ),
 ( 3.020500691506575883E-07, 0.002003413125760249765 ),
 .UNSPECIFIED. ) ;
#1176 = ORIENTED_EDGE ( 'NONE', *, *, #4787, .T. ) ;
#1177 = ORIENTED_EDGE ( 'NONE', *, *, #4795, .F. ) ;
#1178 = VECTOR ( 'NONE', #2643, 1000.000000000000000 ) ;
#1179 = CARTESIAN_POINT ( 'NONE',  ( 11.12746622306871380, 8.000207302249757291, 80.44391269174049341 ) ) ;
#1180 = EDGE_CURVE ( 'NONE', #5241, #3636, #318, .T. ) ;
#1181 = EDGE_CURVE ( 'NONE', #980, #1330, #3615, .T. ) ;
#1182 = EDGE_CURVE ( 'NONE', #5850, #437, #5244, .T. ) ;
#1183 = CARTESIAN_POINT ( 'NONE',  ( -25.00000000000000000, 15.00000000000005151, 0.000000000000000000 ) ) ;
#1184 = VERTEX_POINT ( 'NONE', #3082 ) ;
#1185 = CARTESIAN_POINT ( 'NONE',  ( -11.21320909158782264, 13.99390207513514817, -80.49993620108716641 ) ) ;
#1186 = CARTESIAN_POINT ( 'NONE',  ( -12.00881904510258025, 14.30385891212787008, 80.61432883735480459 ) ) ;
#1187 = CARTESIAN_POINT ( 'NONE',  ( -17.05288955031211273, 7.302849822303723037, -84.26966765402340798 ) ) ;
#1188 = ORIENTED_EDGE ( 'NONE', *, *, #5496, .T. ) ;
#1189 = CARTESIAN_POINT ( 'NONE',  ( 17.14589584587884730, 15.49999999999998579, -116.7933991687887527 ) ) ;
#1190 = FACE_OUTER_BOUND ( 'NONE', #6769, .T. ) ;
#1191 = CARTESIAN_POINT ( 'NONE',  ( -4.654308611523646277, 7.696141087872138797, 122.3238301514979440 ) ) ;
#1192 = CARTESIAN_POINT ( 'NONE',  ( -21.17646880143212940, 7.696141087872143238, -108.4600916298940803 ) ) ;
#1193 = CYLINDRICAL_SURFACE ( 'NONE', #149, 1.000000000000000888 ) ;
#1194 = ORIENTED_EDGE ( 'NONE', *, *, #1168, .F. ) ;
#1195 = ORIENTED_EDGE ( 'NONE', *, *, #1740, .T. ) ;
#1196 = CARTESIAN_POINT ( 'NONE',  ( 0.000000000000000000, 26.05705187735223660, -100.0000000000000000 ) ) ;
#1197 = LINE ( 'NONE', #4208, #1352 ) ;
#1198 = ORIENTED_EDGE ( 'NONE', *, *, #5579, .F. ) ;
#1199 = CARTESIAN_POINT ( 'NONE',  ( -12.53015005739134935, 7.302849822317426742, -80.47463861362274429 ) ) ;
#1200 = B_SPLINE_CURVE_WITH_KNOTS ( 'NONE', 3,
 ( #1869, #6631, #2930, #4032 ),
 .UNSPECIFIED., .F., .F.,
 ( 4, 4 ),
 ( 0.001150320978331616272, 0.003153469944068901069 ),
 .UNSPECIFIED. ) ;
#1201 = DIRECTION ( 'NONE',  ( 0.08715574274765150453, 0.000000000000000000, -0.9961946980917461003 ) ) ;
#1202 = ORIENTED_EDGE ( 'NONE', *, *, #3222, .T. ) ;
#1203 = ORIENTED_EDGE ( 'NONE', *, *, #636, .T. ) ;
#1204 = LINE ( 'NONE', #4343, #3639 ) ;
#1205 = EDGE_CURVE ( 'NONE', #2280, #1275, #5723, .T. ) ;
#1206 = B_SPLINE_CURVE_WITH_KNOTS ( 'NONE', 3,
 ( #5713, #554, #2630, #4711 ),
 .UNSPECIFIED., .F., .F.,
 ( 4, 4 ),
 ( 2.730032382563671369E-07, 0.002003384078721804230 ),
 .UNSPECIFIED. ) ;
#1207 = CARTESIAN_POINT ( 'NONE',  ( 12.53015005739120369, 7.302849822317441841, -80.47463861362267323 ) ) ;
#1208 = ORIENTED_EDGE ( 'NONE', *, *, #1495, .F. ) ;
#1209 = DIRECTION ( 'NONE',  ( -0.000000000000000000, -1.000000000000000000, -0.000000000000000000 ) ) ;
#1210 = ORIENTED_EDGE ( 'NONE', *, *, #265, .T. ) ;
#1211 = CARTESIAN_POINT ( 'NONE',  ( 21.66015832672817965, 16.19999999999999929, 92.86883441888339519 ) ) ;
#1212 = CARTESIAN_POINT ( 'NONE',  ( -17.14589584587870519, 6.500000000000007105, -83.20660083121111938 ) ) ;
#1213 = VERTEX_POINT ( 'NONE', #4248 ) ;
#1214 = CARTESIAN_POINT ( 'NONE',  ( 11.77304895862675771, 7.855987961081283721, -119.3432381658160466 ) ) ;
#1215 = CARTESIAN_POINT ( 'NONE',  ( -13.04726263917405582, 6.903790001752470040, 119.6639212850621732 ) ) ;
#1216 = DIRECTION ( 'NONE',  ( 1.731912112470995693E-16, 0.7071067811865439090, 0.7071067811865512365 ) ) ;
#1217 = EDGE_CURVE ( 'NONE', #5955, #2293, #5239, .T. ) ;
#1218 = B_SPLINE_CURVE_WITH_KNOTS ( 'NONE', 3,
 ( #910, #5076, #407, #6141 ),
 .UNSPECIFIED., .F., .F.,
 ( 4, 4 ),
 ( 2.561654051519648622E-07, 0.002003405131142447365 ),
 .UNSPECIFIED. ) ;
#1219 = CARTESIAN_POINT ( 'NONE',  ( 12.00881904510274722, 14.30385891212785765, -119.3856711626451101 ) ) ;
#1220 = CARTESIAN_POINT ( 'NONE',  ( -21.40456499701144466, 7.302849822347139863, -108.9492454998558344 ) ) ;
#1221 = DIRECTION ( 'NONE',  ( 4.159166725385327559E-17, -0.000000000000000000, -1.000000000000000000 ) ) ;
#1222 = VERTEX_POINT ( 'NONE', #5165 ) ;
#1223 = VERTEX_POINT ( 'NONE', #3606 ) ;
#1224 = CARTESIAN_POINT ( 'NONE',  ( 5.534959247396284532, 6.903790001594717118, 77.05953163473503764 ) ) ;
#1225 = CARTESIAN_POINT ( 'NONE',  ( -18.98585932493127615, 15.09619911758238509, -114.0156163383146435 ) ) ;
#1226 = EDGE_CURVE ( 'NONE', #355, #3592, #4513, .T. ) ;
#1227 = ORIENTED_EDGE ( 'NONE', *, *, #4097, .F. ) ;
#1228 = CARTESIAN_POINT ( 'NONE',  ( -10.36819101250126707, 26.05705187735223660, 121.6448750314777243 ) ) ;
#1229 = DIRECTION ( 'NONE',  ( -0.000000000000000000, -1.000000000000000000, -0.000000000000000000 ) ) ;
#1230 = ORIENTED_EDGE ( 'NONE', *, *, #2126, .T. ) ;
#1231 = EDGE_CURVE ( 'NONE', #4909, #2417, #2091, .T. ) ;
#1232 = CARTESIAN_POINT ( 'NONE',  ( 11.77355264233109189, 7.855686087657314687, 80.65671671776387086 ) ) ;
#1233 = AXIS2_PLACEMENT_3D ( 'NONE', #6050, #2458, #922 ) ;
#1234 = CARTESIAN_POINT ( 'NONE',  ( -17.00584971520410704, 7.696141087872126363, -115.1926645703814955 ) ) ;
#1235 = ORIENTED_EDGE ( 'NONE', *, *, #2373, .F. ) ;
#1236 = CARTESIAN_POINT ( 'NONE',  ( 10.36819101250150865, 15.49999999999998579, 78.35512496852237518 ) ) ;
#1237 = AXIS2_PLACEMENT_3D ( 'NONE', #5159, #2421, #1404 ) ;
#1238 = ORIENTED_EDGE ( 'NONE', *, *, #3222, .F. ) ;
#1239 = CARTESIAN_POINT ( 'NONE',  ( 22.08277658846895264, 16.19999999999999929, -108.0374733681529449 ) ) ;
#1240 = ORIENTED_EDGE ( 'NONE', *, *, #2958, .F. ) ;
#1241 = DIRECTION ( 'NONE',  ( -0.000000000000000000, -1.000000000000000000, -0.000000000000000000 ) ) ;
#1242 = EDGE_CURVE ( 'NONE', #1222, #3629, #1175, .T. ) ;
#1243 = VECTOR ( 'NONE', #2519, 1000.000000000000000 ) ;
#1244 = CARTESIAN_POINT ( 'NONE',  ( -3.458823552662459555, 14.12221122957038233, 122.3563154788524940 ) ) ;
#1245 = B_SPLINE_CURVE_WITH_KNOTS ( 'NONE', 3,
 ( #6538, #4551, #6093, #6126, #3017, #4992, #1441, #5610, #5097, #1983 ),
 .UNSPECIFIED., .F., .F.,
 ( 4, 2, 2, 2, 4 ),
 ( 2.457714201964923464E-07, 0.0004261960535715188540, 0.0008521463357228411519, 0.001278096617874163558, 0.001704046900025485856 ),
 .UNSPECIFIED. ) ;
#1246 = VERTEX_POINT ( 'NONE', #4119 ) ;
#1247 = FACE_OUTER_BOUND ( 'NONE', #716, .T. ) ;
#1248 = VECTOR ( 'NONE', #4158, 1000.000000000000000 ) ;
#1249 = CARTESIAN_POINT ( 'NONE',  ( 11.75000000000027356, 16.19999999999999929, 120.3515969889341619 ) ) ;
#1250 = CARTESIAN_POINT ( 'NONE',  ( -12.00881904510228892, 14.30385891212784699, 119.3856711626453517 ) ) ;
#1251 = EDGE_CURVE ( 'NONE', #1915, #1347, #5154, .T. ) ;
#1252 = AXIS2_PLACEMENT_3D ( 'NONE', #1492, #3506, #5628 ) ;
#1253 = DIRECTION ( 'NONE',  ( 0.000000000000000000, 0.000000000000000000, 1.000000000000000000 ) ) ;
#1254 = CARTESIAN_POINT ( 'NONE',  ( 22.49980162688844487, 8.000207189684861220, -99.85862256247774837 ) ) ;
#1255 = CARTESIAN_POINT ( 'NONE',  ( 22.79289321881348940, 7.696141087872137021, 99.29289321881344677 ) ) ;
#1256 = EDGE_CURVE ( 'NONE', #5241, #1286, #2140, .T. ) ;
#1257 = ORIENTED_EDGE ( 'NONE', *, *, #5930, .T. ) ;
#1258 = DIRECTION ( 'NONE',  ( -1.150268980431791831E-16, 1.000000000000000000, -0.000000000000000000 ) ) ;
#1259 = CARTESIAN_POINT ( 'NONE',  ( 3.795374890435334674E-14, 15.49999999999998401, 100.0000000000000000 ) ) ;
#1260 = AXIS2_PLACEMENT_3D ( 'NONE', #6615, #6542, #2475 ) ;
#1261 = ORIENTED_EDGE ( 'NONE', *, *, #1661, .T. ) ;
#1262 = CARTESIAN_POINT ( 'NONE',  ( 13.56091613274831253, 15.49999999999998579, 80.19844567614532593 ) ) ;
#1263 = AXIS2_PLACEMENT_3D ( 'NONE', #2910, #5058, #1981 ) ;
#1264 = CARTESIAN_POINT ( 'NONE',  ( 4.654308611524173855, 14.30385891212784166, 122.3238301514978303 ) ) ;
#1265 = DIRECTION ( 'NONE',  ( 0.000000000000000000, 0.000000000000000000, -1.000000000000000000 ) ) ;
#1266 = EDGE_CURVE ( 'NONE', #428, #3851, #3038, .T. ) ;
#1267 = ORIENTED_EDGE ( 'NONE', *, *, #6693, .T. ) ;
#1268 = ORIENTED_EDGE ( 'NONE', *, *, #5391, .T. ) ;
#1269 = CARTESIAN_POINT ( 'NONE',  ( -21.66015832672805175, 7.696141087872128139, 107.1311655811167611 ) ) ;
#1270 = B_SPLINE_CURVE_WITH_KNOTS ( 'NONE', 3,
 ( #2809, #1748, #2773, #146 ),
 .UNSPECIFIED., .F., .F.,
 ( 4, 4 ),
 ( 0.001150320975949238557, 0.003153469944067928757 ),
 .UNSPECIFIED. ) ;
#1271 = CIRCLE ( 'NONE', #5306, 25.09999999999999787 ) ;
#1272 = EDGE_CURVE ( 'NONE', #213, #3705, #6201, .T. ) ;
#1273 = CARTESIAN_POINT ( 'NONE',  ( -2.339929324814023825, 15.49999999999998401, 123.8856595210363736 ) ) ;
#1274 = CARTESIAN_POINT ( 'NONE',  ( -22.79289321881341834, 7.696141087872131692, 100.7071067811865674 ) ) ;
#1275 = VERTEX_POINT ( 'NONE', #5684 ) ;
#1276 = EDGE_CURVE ( 'NONE', #420, #2627, #456, .T. ) ;
#1277 = CIRCLE ( 'NONE', #1922, 24.00000000000000000 ) ;
#1278 = CARTESIAN_POINT ( 'NONE',  ( 21.40456499701150861, 7.302849822347134534, -91.05075450014432192 ) ) ;
#1279 = ADVANCED_FACE ( 'NONE', ( #998 ), #4180, .T. ) ;
#1280 = ORIENTED_EDGE ( 'NONE', *, *, #3906, .F. ) ;
#1281 = CARTESIAN_POINT ( 'NONE',  ( -5.970562373124172595, 6.500000000000007994, -123.2454809575675228 ) ) ;
#1282 = VERTEX_POINT ( 'NONE', #2634 ) ;
#1283 = CARTESIAN_POINT ( 'NONE',  ( 5.970562373124640665, 15.49999999999998401, -123.2454809575674091 ) ) ;
#1284 = CARTESIAN_POINT ( 'NONE',  ( 2.292433343232368651E-16, 0.000000000000000000, -74.90000000000000568 ) ) ;
#1285 = ADVANCED_FACE ( 'NONE', ( #4716 ), #41, .F. ) ;
#1286 = VERTEX_POINT ( 'NONE', #3180 ) ;
#1287 = DIRECTION ( 'NONE',  ( -1.150268980431791831E-16, 1.000000000000000000, 4.226019675132850335E-32 ) ) ;
#1288 = CARTESIAN_POINT ( 'NONE',  ( 17.91488867054851042, 16.19999999999999929, -114.1093141295417155 ) ) ;
#1289 = CARTESIAN_POINT ( 'NONE',  ( 21.07620819694188086, 14.03379045545801596, -92.02633348367783128 ) ) ;
#1290 = CARTESIAN_POINT ( 'NONE',  ( 17.00584971520448363, 7.696141087872138797, 115.1926645703810976 ) ) ;
#1291 = CARTESIAN_POINT ( 'NONE',  ( 21.55504165465616140, 14.21934262486991507, 107.1801822903032360 ) ) ;
#1292 = CARTESIAN_POINT ( 'NONE',  ( 3.261580130883803719, 14.30385891212786653, -77.43059424056414741 ) ) ;
#1293 = EDGE_CURVE ( 'NONE', #114, #514, #593, .T. ) ;
#1294 = ORIENTED_EDGE ( 'NONE', *, *, #5930, .F. ) ;
#1295 = CARTESIAN_POINT ( 'NONE',  ( 11.77304895862650547, 14.14401203891871894, 80.65676183418378287 ) ) ;
#1296 = CARTESIAN_POINT ( 'NONE',  ( 13.56091613274856833, 6.500000000000010658, -119.8015543238544751 ) ) ;
#1297 = EDGE_CURVE ( 'NONE', #774, #6533, #3933, .T. ) ;
#1298 = CARTESIAN_POINT ( 'NONE',  ( 5.970562373124339572, 6.500000000000009770, -76.75451904243253409 ) ) ;
#1299 = PLANE ( 'NONE',  #3535 ) ;
#1300 = PERSON_AND_ORGANIZATION ( #384, #3894 ) ;
#1301 = ORIENTED_EDGE ( 'NONE', *, *, #4200, .F. ) ;
#1302 = CARTESIAN_POINT ( 'NONE',  ( -2.644950136976802035, 15.09619911656851876, -76.54995534386827671 ) ) ;
#1303 = ADVANCED_FACE ( 'NONE', ( #656 ), #717, .F. ) ;
#1304 = CARTESIAN_POINT ( 'NONE',  ( -3.261580130883609652, 14.30385891212784699, 122.5694057594358668 ) ) ;
#1305 = LINE ( 'NONE', #2316, #5640 ) ;
#1306 = ORIENTED_EDGE ( 'NONE', *, *, #2566, .T. ) ;
#1307 = CARTESIAN_POINT ( 'NONE',  ( 19.51562326895596300, 15.49999999999998579, 86.03073200113240659 ) ) ;
#1308 = CARTESIAN_POINT ( 'NONE',  ( 17.91488867054855305, 7.696141087872141462, 114.1093141295416871 ) ) ;
#1309 = CARTESIAN_POINT ( 'NONE',  ( -21.07623940999784651, 14.03345952087820159, 92.02734713996804317 ) ) ;
#1310 = ORIENTED_EDGE ( 'NONE', *, *, #3733, .T. ) ;
#1311 = CARTESIAN_POINT ( 'NONE',  ( -23.11645821900294351, 26.05705187735223305, 106.4520817887786848 ) ) ;
#1312 = CARTESIAN_POINT ( 'NONE',  ( -10.78407417371068888, 14.30385891212784344, 120.0927779438318908 ) ) ;
#1313 = ORIENTED_EDGE ( 'NONE', *, *, #5262, .T. ) ;
#1314 = ORIENTED_EDGE ( 'NONE', *, *, #5714, .T. ) ;
#1315 = EDGE_LOOP ( 'NONE', ( #5768, #6168, #4067, #3738, #341, #3213, #3795, #1626, #4789, #1749, #1847, #987, #6351, #4179, #491, #1481, #852, #758, #5861, #2981, #1440, #3231, #1747, #6625, #3831, #2296, #872, #4159, #5743, #4970, #2808, #6229, #1109, #172, #865, #6342, #4844, #1280, #5249, #2982, #547, #3416 ) ) ;
#1316 = CARTESIAN_POINT ( 'NONE',  ( 18.45255644614369572, 7.302849822303713268, 85.93772570556582480 ) ) ;
#1317 = CARTESIAN_POINT ( 'NONE',  ( 21.63080946088333789, 15.09619911711713058, 90.56557168164425775 ) ) ;
#1318 = CARTESIAN_POINT ( 'NONE',  ( 23.11645821900303588, 15.49999999999998757, -93.54791821122149997 ) ) ;
#1319 = CARTESIAN_POINT ( 'NONE',  ( -5.970562373124514544, 15.49999999999998401, -76.75451904243257673 ) ) ;
#1320 = DIRECTION ( 'NONE',  ( -1.000000000000000000, -1.445602896647339163E-16, 0.000000000000000000 ) ) ;
#1321 = CARTESIAN_POINT ( 'NONE',  ( 4.080732175172796516, 16.19999999999999929, -76.85701780421310048 ) ) ;
#1322 = ORIENTED_EDGE ( 'NONE', *, *, #4893, .F. ) ;
#1323 = CARTESIAN_POINT ( 'NONE',  ( 3.261580130884150996, 7.696141087872150344, 122.5694057594357957 ) ) ;
#1324 = CARTESIAN_POINT ( 'NONE',  ( -2.339929324814022937, 6.500000000000008882, 123.8856595210363736 ) ) ;
#1325 = ADVANCED_FACE ( 'NONE', ( #6362 ), #2733, .T. ) ;
#1326 = DIRECTION ( 'NONE',  ( -0.000000000000000000, -1.000000000000000000, -0.000000000000000000 ) ) ;
#1327 = CARTESIAN_POINT ( 'NONE',  ( -11.84206303383913017, 7.812722279802170711, -80.64840301106579545 ) ) ;
#1328 = COORDINATED_UNIVERSAL_TIME_OFFSET ( 8, 0, .AHEAD. ) ;
#1329 = ORIENTED_EDGE ( 'NONE', *, *, #3499, .T. ) ;
#1330 = VERTEX_POINT ( 'NONE', #685 ) ;
#1331 = LINE ( 'NONE', #854, #3196 ) ;
#1332 = EDGE_CURVE ( 'NONE', #347, #5370, #4265, .T. ) ;
#1333 = DIRECTION ( 'NONE',  ( -4.159166725385327559E-17, -0.000000000000000000, 1.000000000000000000 ) ) ;
#1334 = CARTESIAN_POINT ( 'NONE',  ( 11.75000000000023270, 16.19999999999999929, -120.3515969889341761 ) ) ;
#1335 = ORIENTED_EDGE ( 'NONE', *, *, #3092, .F. ) ;
#1336 = CARTESIAN_POINT ( 'NONE',  ( 21.12745209240942046, 7.780657374847181451, 108.3549749581733579 ) ) ;
#1337 = EDGE_CURVE ( 'NONE', #114, #5609, #3314, .T. ) ;
#1338 = CARTESIAN_POINT ( 'NONE',  ( 10.84691816766809858, 14.17216401994938124, 119.9092927766280496 ) ) ;
#1339 = ORIENTED_EDGE ( 'NONE', *, *, #2060, .F. ) ;
#1340 = VECTOR ( 'NONE', #6254, 1000.000000000000000 ) ;
#1341 = DIRECTION ( 'NONE',  ( -1.150268980431791831E-16, 1.000000000000000000, -0.000000000000000000 ) ) ;
#1342 = AXIS2_PLACEMENT_3D ( 'NONE', #3336, #5415, #3886 ) ;
#1343 = CARTESIAN_POINT ( 'NONE',  ( 21.66015832672817965, 7.696141087872128139, 92.86883441888339519 ) ) ;
#1344 = VERTEX_POINT ( 'NONE', #3865 ) ;
#1345 = EDGE_CURVE ( 'NONE', #495, #4810, #2306, .T. ) ;
#1346 = EDGE_LOOP ( 'NONE', ( #3321, #3796, #5670, #2260, #659, #1674, #5105 ) ) ;
#1347 = VERTEX_POINT ( 'NONE', #3254 ) ;
#1348 = CARTESIAN_POINT ( 'NONE',  ( 22.79289321881349295, 7.696141087872136133, 100.7071067811865390 ) ) ;
#1349 = PLANE ( 'NONE',  #5178 ) ;
#1350 = CARTESIAN_POINT ( 'NONE',  ( 21.19125078562203512, 13.99979271795850089, -92.43746428254556236 ) ) ;
#1351 = AXIS2_PLACEMENT_3D ( 'NONE', #6111, #3959, #5530 ) ;
#1352 = VECTOR ( 'NONE', #5260, 1000.000000000000000 ) ;
#1353 = EDGE_CURVE ( 'NONE', #5152, #213, #5989, .T. ) ;
#1354 = CARTESIAN_POINT ( 'NONE',  ( 19.51562326895618682, 6.500000000000011546, 113.9692679988672808 ) ) ;
#1355 = DIRECTION ( 'NONE',  ( -0.000000000000000000, -1.000000000000000000, -0.000000000000000000 ) ) ;
#1356 = AXIS2_PLACEMENT_3D ( 'NONE', #1985, #3051, #6303 ) ;
#1357 = DIRECTION ( 'NONE',  ( -0.7071067811865462405, 0.000000000000000000, -0.7071067811865489050 ) ) ;
#1358 = AXIS2_PLACEMENT_3D ( 'NONE', #1724, #5412, #291 ) ;
#1359 = EDGE_LOOP ( 'NONE', ( #6293, #6647, #3500, #2971 ) ) ;
#1360 = DIRECTION ( 'NONE',  ( -1.150268980431791831E-16, 1.000000000000000000, 4.226019675132850335E-32 ) ) ;
#1361 = CARTESIAN_POINT ( 'NONE',  ( -21.09396345672166717, 7.999790679941535032, 92.16900331255739331 ) ) ;
#1362 = CIRCLE ( 'NONE', #3777, 24.00000000000000000 ) ;
#1363 = DIRECTION ( 'NONE',  ( 1.150268980431791831E-16, -1.000000000000000000, -4.226019675132849788E-32 ) ) ;
#1364 = FACE_OUTER_BOUND ( 'NONE', #2936, .T. ) ;
#1365 = FACE_OUTER_BOUND ( 'NONE', #3879, .T. ) ;
#1366 = ORIENTED_EDGE ( 'NONE', *, *, #1276, .T. ) ;
#1367 = ORIENTED_EDGE ( 'NONE', *, *, #98, .T. ) ;
#1368 = CIRCLE ( 'NONE', #5511, 24.00000000000000355 ) ;
#1369 = EDGE_CURVE ( 'NONE', #2615, #6550, #5710, .T. ) ;
#1370 = DIRECTION ( 'NONE',  ( 1.150268980431791831E-16, -1.000000000000000000, 0.000000000000000000 ) ) ;
#1371 = VECTOR ( 'NONE', #1950, 1000.000000000000000 ) ;
#1372 = CARTESIAN_POINT ( 'NONE',  ( -21.17646880143212940, 7.696141087872143238, -108.4600916298940803 ) ) ;
#1373 = DIRECTION ( 'NONE',  ( -1.150268980431791831E-16, 1.000000000000000000, 4.226019675132850335E-32 ) ) ;
#1374 = CARTESIAN_POINT ( 'NONE',  ( 4.654308611524132999, 16.19999999999999929, -122.3238301514978588 ) ) ;
#1375 = VERTEX_POINT ( 'NONE', #2313 ) ;
#1376 = CARTESIAN_POINT ( 'NONE',  ( 1.214344929932751015E-15, 15.49999999999998401, -100.0000000000000000 ) ) ;
#1377 = EDGE_CURVE ( 'NONE', #5617, #5786, #6401, .T. ) ;
#1378 = EDGE_CURVE ( 'NONE', #2227, #2093, #1204, .T. ) ;
#1379 = PLANE ( 'NONE',  #1045 ) ;
#1380 = VERTEX_POINT ( 'NONE', #1141 ) ;
#1381 = CIRCLE ( 'NONE', #4976, 30.00000000000000000 ) ;
#1382 = CYLINDRICAL_SURFACE ( 'NONE', #1026, 24.00000000000000000 ) ;
#1383 = ADVANCED_FACE ( 'NONE', ( #3217 ), #5301, .F. ) ;
#1384 = AXIS2_PLACEMENT_3D ( 'NONE', #637, #3747, #2865 ) ;
#1385 = CARTESIAN_POINT ( 'NONE',  ( -21.17646880143222177, 14.30385891212786653, 91.53990837010623238 ) ) ;
#1386 = ORIENTED_EDGE ( 'NONE', *, *, #2566, .F. ) ;
#1387 = ORIENTED_EDGE ( 'NONE', *, *, #4686, .F. ) ;
#1388 = CARTESIAN_POINT ( 'NONE',  ( -17.14348332776373240, 14.00020935018983081, -114.5732900908156466 ) ) ;
#1389 = DIRECTION ( 'NONE',  ( -0.8191520442889966835, 0.000000000000000000, -0.5735764363510391650 ) ) ;
#1390 = CARTESIAN_POINT ( 'NONE',  ( -22.14929811726830167, 14.69713885746530124, -93.09692404912075858 ) ) ;
#1391 = CARTESIAN_POINT ( 'NONE',  ( -4.654308611523994443, 14.30385891212785232, -77.67616984850212702 ) ) ;
#1392 = DIRECTION ( 'NONE',  ( -1.000000000000000000, -1.445602896647339163E-16, 5.782411586589356653E-16 ) ) ;
#1393 = CARTESIAN_POINT ( 'NONE',  ( -17.67882416770094878, 14.14401195499841357, 114.1500783306336615 ) ) ;
#1394 = ORIENTED_EDGE ( 'NONE', *, *, #5844, .F. ) ;
#1395 = CARTESIAN_POINT ( 'NONE',  ( 17.00584971520421718, 7.696141087872131692, -84.80733542961864657 ) ) ;
#1396 = CARTESIAN_POINT ( 'NONE',  ( 21.17646880143234611, 7.696141087872145903, 108.4600916298936113 ) ) ;
#1397 = CARTESIAN_POINT ( 'NONE',  ( 22.53231200683142177, 14.03379058580837224, 99.71569187128865508 ) ) ;
#1398 = CARTESIAN_POINT ( 'NONE',  ( -12.53015005739130849, 7.302849822317425854, 80.47463861362274429 ) ) ;
#1399 = CARTESIAN_POINT ( 'NONE',  ( 3.261580130883831696, 14.30385891212786653, 77.43059424056414741 ) ) ;
#1400 = EDGE_LOOP ( 'NONE', ( #1893, #3720, #5916, #6243 ) ) ;
#1401 = ORIENTED_EDGE ( 'NONE', *, *, #657, .T. ) ;
#1402 = CARTESIAN_POINT ( 'NONE',  ( -19.51562326895579602, 15.49999999999998224, 113.9692679988677213 ) ) ;
#1403 = CARTESIAN_POINT ( 'NONE',  ( -21.09387130279870703, 7.855686111825525231, -91.76424002832746396 ) ) ;
#1404 = DIRECTION ( 'NONE',  ( -0.5735764363510393871, 0.000000000000000000, -0.8191520442889964615 ) ) ;
#1405 = CARTESIAN_POINT ( 'NONE',  ( -17.91488867054816225, 14.30385891212786476, 114.1093141295420992 ) ) ;
#1406 = ORIENTED_EDGE ( 'NONE', *, *, #329, .T. ) ;
#1407 = CARTESIAN_POINT ( 'NONE',  ( 18.00204441329623251, 16.19999999999999929, 115.1055088276334288 ) ) ;
#1408 = CARTESIAN_POINT ( 'NONE',  ( -4.080732175172949283, 7.984138133119860647, -77.85701780421314311 ) ) ;
#1409 = EDGE_LOOP ( 'NONE', ( #6676, #556, #5351, #2435 ) ) ;
#1410 = DIRECTION ( 'NONE',  ( 0.8191520442889964615, 0.000000000000000000, -0.5735764363510394981 ) ) ;
#1411 = ADVANCED_FACE ( 'NONE', ( #3963 ), #2388, .F. ) ;
#1412 = CARTESIAN_POINT ( 'NONE',  ( -10.50582776005147778, 15.09619911743537379, 121.1312076966318472 ) ) ;
#1413 = VERTEX_POINT ( 'NONE', #274 ) ;
#1414 = ORIENTED_EDGE ( 'NONE', *, *, #513, .T. ) ;
#1415 = CARTESIAN_POINT ( 'NONE',  ( 21.17646880143222177, 7.696141087872142350, 91.53990837010607606 ) ) ;
#1416 = CARTESIAN_POINT ( 'NONE',  ( -10.64438797060555153, 14.69713885779635909, -120.6140939509368053 ) ) ;
#1417 = CARTESIAN_POINT ( 'NONE',  ( 1.214344929932751015E-15, 15.49999999999998401, -100.0000000000000000 ) ) ;
#1418 = CARTESIAN_POINT ( 'NONE',  ( -10.36819101250165787, 15.49999999999998224, -78.35512496852247466 ) ) ;
#1419 = CYLINDRICAL_SURFACE ( 'NONE', #6618, 1.000000000000000888 ) ;
#1420 = CARTESIAN_POINT ( 'NONE',  ( -3.744142773540619196, 7.989105776271834713, -77.80250167078064294 ) ) ;
#1421 = VERTEX_POINT ( 'NONE', #1909 ) ;
#1422 = DIRECTION ( 'NONE',  ( -1.000000000000000000, -1.445602896647339163E-16, 5.782411586589356653E-16 ) ) ;
#1423 = CARTESIAN_POINT ( 'NONE',  ( 17.14589584587863769, 6.500000000000010658, 83.20660083121100570 ) ) ;
#1424 = ADVANCED_FACE ( 'NONE', ( #2353 ), #686, .F. ) ;
#1425 = CARTESIAN_POINT ( 'NONE',  ( -22.79289321881345032, 14.30385891212785765, -100.7071067811865532 ) ) ;
#1426 = FACE_OUTER_BOUND ( 'NONE', #1782, .T. ) ;
#1427 = DIRECTION ( 'NONE',  ( -1.150268980431791831E-16, 1.000000000000000000, -0.000000000000000000 ) ) ;
#1428 = ORIENTED_EDGE ( 'NONE', *, *, #3724, .F. ) ;
#1429 = VERTEX_POINT ( 'NONE', #4471 ) ;
#1430 = EDGE_CURVE ( 'NONE', #4701, #6633, #4984, .T. ) ;
#1431 = CARTESIAN_POINT ( 'NONE',  ( -16.99572930846274943, 7.780755916266920202, 115.0769877920028392 ) ) ;
#1432 = CARTESIAN_POINT ( 'NONE',  ( -22.79289321881345387, 14.30385891212785943, -99.29289321881346098 ) ) ;
#1433 = B_SPLINE_CURVE_WITH_KNOTS ( 'NONE', 3,
 ( #6368, #4377, #1684, #3520, #4015, #1849, #5571, #1338, #5508, #6675 ),
 .UNSPECIFIED., .F., .F.,
 ( 4, 2, 2, 2, 4 ),
 ( 0.0003086876369879396433, 0.0006575294220426565863, 0.001006371207097373583, 0.001355212992152090472, 0.001704054777206807361 ),
 .UNSPECIFIED. ) ;
#1434 = LINE ( 'NONE', #344, #4321 ) ;
#1435 = CARTESIAN_POINT ( 'NONE',  ( -4.654308611523971351, 7.696141087872131692, 77.67616984850211281 ) ) ;
#1436 = CARTESIAN_POINT ( 'NONE',  ( 22.79289321881345387, 14.30385891212785943, -100.7071067811865532 ) ) ;
#1437 = VERTEX_POINT ( 'NONE', #6530 ) ;
#1438 = CARTESIAN_POINT ( 'NONE',  ( -17.14589584587867677, 15.49999999999998224, 83.20660083121111938 ) ) ;
#1439 = CARTESIAN_POINT ( 'NONE',  ( 17.07837890800226432, 7.966540554069688973, -85.29965878717329986 ) ) ;
#1440 = ORIENTED_EDGE ( 'NONE', *, *, #779, .F. ) ;
#1441 = CARTESIAN_POINT ( 'NONE',  ( 17.07837890800230696, 7.966540554069674762, 85.29965878717328565 ) ) ;
#1442 = LINE ( 'NONE', #3462, #5942 ) ;
#1443 = ORIENTED_EDGE ( 'NONE', *, *, #6194, .F. ) ;
#1444 = ORIENTED_EDGE ( 'NONE', *, *, #3078, .T. ) ;
#1445 = CARTESIAN_POINT ( 'NONE',  ( -2.339929324814075784, 26.05705187735223660, -123.8856595210363736 ) ) ;
#1446 = CARTESIAN_POINT ( 'NONE',  ( -10.78407417371074573, 14.30385891212783989, -120.0927779438318765 ) ) ;
#1447 = CARTESIAN_POINT ( 'NONE',  ( 10.50582405129407526, 6.903790001752469152, -78.86877846209642939 ) ) ;
#1448 = VECTOR ( 'NONE', #4236, 1000.000000000000000 ) ;
#1449 = CARTESIAN_POINT ( 'NONE',  ( 23.11645821900303588, 6.500000000000011546, -93.54791821122149997 ) ) ;
#1450 = LINE ( 'NONE', #6007, #5750 ) ;
#1451 = CARTESIAN_POINT ( 'NONE',  ( -11.75000000000009415, 16.19999999999999929, -79.64840301106573861 ) ) ;
#1452 = ORIENTED_EDGE ( 'NONE', *, *, #450, .T. ) ;
#1453 = CARTESIAN_POINT ( 'NONE',  ( 2.249587012321360557E-15, 6.500000000000008882, -100.0000000000000000 ) ) ;
#1454 = CIRCLE ( 'NONE', #1140, 24.00000000000000000 ) ;
#1455 = EDGE_CURVE ( 'NONE', #2339, #114, #2861, .T. ) ;
#1457 = CARTESIAN_POINT ( 'NONE',  ( 3.261580130883806383, 7.696141087872126363, -77.43059424056414741 ) ) ;
#1456 = AXIS2_PLACEMENT_3D ( 'NONE', #1118, #4162, #2590 ) ;
#1458 = CIRCLE ( 'NONE', #5830, 25.09999999999999787 ) ;
#1459 = VECTOR ( 'NONE', #900, 1000.000000000000000 ) ;
#1460 = ADVANCED_FACE ( 'NONE', ( #3930 ), #2418, .F. ) ;
#1461 = CARTESIAN_POINT ( 'NONE',  ( -3.261580130883942719, 16.19999999999999929, 77.43059424056417583 ) ) ;
#1462 = LINE ( 'NONE', #3550, #718 ) ;
#1463 = CARTESIAN_POINT ( 'NONE',  ( 5.970562373124356448, 15.49999999999998401, 76.75451904243251988 ) ) ;
#1464 = ORIENTED_EDGE ( 'NONE', *, *, #4624, .T. ) ;
#1465 = ORIENTED_EDGE ( 'NONE', *, *, #4492, .F. ) ;
#1466 = ORIENTED_EDGE ( 'NONE', *, *, #2284, .F. ) ;
#1467 = VECTOR ( 'NONE', #5766, 1000.000000000000000 ) ;
#1468 = CARTESIAN_POINT ( 'NONE',  ( -12.00881904510232800, 14.30385891212783989, -119.3856711626453375 ) ) ;
#1469 = CARTESIAN_POINT ( 'NONE',  ( -21.09454416409238675, 8.000207281988652497, -107.8282349765668329 ) ) ;
#1470 = VECTOR ( 'NONE', #3871, 1000.000000000000000 ) ;
#1471 = CYLINDRICAL_SURFACE ( 'NONE', #4935, 1.000000000000000888 ) ;
#1472 = CARTESIAN_POINT ( 'NONE',  ( -21.12745209240917532, 14.21934262515283010, 108.3549749581738268 ) ) ;
#1473 = ORIENTED_EDGE ( 'NONE', *, *, #4256, .T. ) ;
#1474 = DIRECTION ( 'NONE',  ( -0.000000000000000000, -1.000000000000000000, -0.000000000000000000 ) ) ;
#1475 = EDGE_LOOP ( 'NONE', ( #1898, #3053, #710, #5237 ) ) ;
#1476 = CARTESIAN_POINT ( 'NONE',  ( 3.673940397442059967E-15, 20.00000000000000000, -70.00000000000000000 ) ) ;
#1477 = EDGE_CURVE ( 'NONE', #5850, #4872, #1331, .T. ) ;
#1478 = VECTOR ( 'NONE', #1108, 1000.000000000000000 ) ;
#1479 = AXIS2_PLACEMENT_3D ( 'NONE', #4212, #6295, #1537 ) ;
#1480 = CARTESIAN_POINT ( 'NONE',  ( -4.192269429925966406, 7.963923332243250108, 122.1429821957870132 ) ) ;
#1481 = ORIENTED_EDGE ( 'NONE', *, *, #218, .T. ) ;
#1482 = ORIENTED_EDGE ( 'NONE', *, *, #2438, .T. ) ;
#1483 = FACE_OUTER_BOUND ( 'NONE', #5172, .T. ) ;
#1484 = LINE ( 'NONE', #4587, #1573 ) ;
#1485 = CARTESIAN_POINT ( 'NONE',  ( 22.79289321881345387, 14.30385891212785943, -100.7071067811865532 ) ) ;
#1486 = B_SPLINE_CURVE_WITH_KNOTS ( 'NONE', 3,
 ( #6481, #6420, #3300, #1290 ),
 .UNSPECIFIED., .F., .F.,
 ( 4, 4 ),
 ( 0.001801188917324949299, 0.003804299992632517551 ),
 .UNSPECIFIED. ) ;
#1487 = CARTESIAN_POINT ( 'NONE',  ( -4.299654729396602093, 14.07495103708208184, 122.1618883768468322 ) ) ;
#1488 = CARTESIAN_POINT ( 'NONE',  ( -18.98585932493143602, 15.09619911758237798, 85.98438366168565494 ) ) ;
#1489 = DIRECTION ( 'NONE',  ( 0.08715574274764503748, 0.000000000000000000, -0.9961946980917467664 ) ) ;
#1490 = ORIENTED_EDGE ( 'NONE', *, *, #6553, .F. ) ;
#1491 = ORIENTED_EDGE ( 'NONE', *, *, #5176, .T. ) ;
#1492 = CARTESIAN_POINT ( 'NONE',  ( 2.249587012321360557E-15, 6.500000000000008882, -100.0000000000000000 ) ) ;
#1493 = CIRCLE ( 'NONE', #2038, 24.00000000000000355 ) ;
#1494 = FACE_OUTER_BOUND ( 'NONE', #599, .T. ) ;
#1495 = EDGE_CURVE ( 'NONE', #3581, #5955, #1583, .T. ) ;
#1496 = DIRECTION ( 'NONE',  ( 1.150268980431791831E-16, -1.000000000000000000, -4.226019675132849788E-32 ) ) ;
#1497 = DIRECTION ( 'NONE',  ( -0.000000000000000000, 1.000000000000000000, -0.000000000000000000 ) ) ;
#1498 = CARTESIAN_POINT ( 'NONE',  ( -22.63855090686941196, 14.14431377778655197, -100.5245537380655634 ) ) ;
#1499 = EDGE_LOOP ( 'NONE', ( #2254, #5474, #116, #1406 ) ) ;
#1500 = ORIENTED_EDGE ( 'NONE', *, *, #3235, .T. ) ;
#1501 = DIRECTION ( 'NONE',  ( -0.000000000000000000, -1.000000000000000000, -0.000000000000000000 ) ) ;
#1502 = CARTESIAN_POINT ( 'NONE',  ( 3.673940397442059493E-14, 5.400000000000000355, 100.0000000000000000 ) ) ;
#1503 = EDGE_CURVE ( 'NONE', #1437, #6607, #6118, .T. ) ;
#1504 = ORIENTED_EDGE ( 'NONE', *, *, #2429, .T. ) ;
#1505 = CARTESIAN_POINT ( 'NONE',  ( -21.09396345672169559, 7.999790679941542137, -92.16900331255739331 ) ) ;
#1506 = CARTESIAN_POINT ( 'NONE',  ( -10.36819101250165787, 6.500000000000007994, -78.35512496852247466 ) ) ;
#1507 = FACE_OUTER_BOUND ( 'NONE', #6260, .T. ) ;
#1508 = ORIENTED_EDGE ( 'NONE', *, *, #1495, .T. ) ;
#1509 = B_SPLINE_CURVE_WITH_KNOTS ( 'NONE', 3,
 ( #2389, #3010, #4608, #4985 ),
 .UNSPECIFIED., .F., .F.,
 ( 4, 4 ),
 ( 2.483819566055092376E-07, 0.002003397347290052696 ),
 .UNSPECIFIED. ) ;
#1510 = CARTESIAN_POINT ( 'NONE',  ( 21.85555259377027326, 15.49999999999998579, -90.08360847783119141 ) ) ;
#1511 = ORIENTED_EDGE ( 'NONE', *, *, #2328, .T. ) ;
#1512 = CARTESIAN_POINT ( 'NONE',  ( 23.92910714524991533, 15.49999999999998757, 101.8433207076229507 ) ) ;
#1513 = EDGE_CURVE ( 'NONE', #3117, #5387, #2935, .T. ) ;
#1514 = B_SPLINE_CURVE_WITH_KNOTS ( 'NONE', 3,
 ( #6570, #1412, #1886, #1312 ),
 .UNSPECIFIED., .F., .F.,
 ( 4, 4 ),
 ( 0.001150320978331630583, 0.003153469944068943570 ),
 .UNSPECIFIED. ) ;
#1515 = PLANE ( 'NONE',  #2664 ) ;
#1516 = VERTEX_POINT ( 'NONE', #5599 ) ;
#1517 = VERTEX_POINT ( 'NONE', #3449 ) ;
#1518 = CARTESIAN_POINT ( 'NONE',  ( 1.214344929932751015E-15, 15.49999999999998401, -100.0000000000000000 ) ) ;
#1519 = DIRECTION ( 'NONE',  ( -1.000000000000000000, -1.445602896647339163E-16, 5.782411586589356653E-16 ) ) ;
#1520 = CARTESIAN_POINT ( 'NONE',  ( -11.12524596023395063, 14.00020934064626132, -119.5578298031562525 ) ) ;
#1521 = CARTESIAN_POINT ( 'NONE',  ( -21.63080946088337342, 15.09619911711713414, -90.56557168164442828 ) ) ;
#1522 = CARTESIAN_POINT ( 'NONE',  ( -12.00881904510232800, 7.696141087872156561, -119.3856711626453375 ) ) ;
#1523 = ADVANCED_FACE ( 'NONE', ( #5017 ), #342, .F. ) ;
#1524 = ORIENTED_EDGE ( 'NONE', *, *, #1961, .T. ) ;
#1525 = CYLINDRICAL_SURFACE ( 'NONE', #61, 24.00000000000000000 ) ;
#1526 = DIRECTION ( 'NONE',  ( 0.000000000000000000, 1.000000000000000000, 0.000000000000000000 ) ) ;
#1527 = DIRECTION ( 'NONE',  ( -1.150268980431791831E-16, 1.000000000000000000, -0.000000000000000000 ) ) ;
#1528 = CARTESIAN_POINT ( 'NONE',  ( 11.12746622306896782, 13.99979269775023560, -119.5560873082593503 ) ) ;
#1529 = CARTESIAN_POINT ( 'NONE',  ( 11.92769606941597971, 7.757340128445675553, -80.63606567317755491 ) ) ;
#1530 = EDGE_CURVE ( 'NONE', #463, #3428, #3130, .T. ) ;
#1531 = VERTEX_POINT ( 'NONE', #1402 ) ;
#1532 = ORIENTED_EDGE ( 'NONE', *, *, #5882, .T. ) ;
#1533 = CARTESIAN_POINT ( 'NONE',  ( -17.67931308332388696, 7.855686076509198479, 114.1499483876001477 ) ) ;
#1534 = CARTESIAN_POINT ( 'NONE',  ( 2.339929324814240097, 6.500000000000008882, -76.11434047896365485 ) ) ;
#1535 = EDGE_CURVE ( 'NONE', #2291, #980, #1128, .T. ) ;
#1536 = ORIENTED_EDGE ( 'NONE', *, *, #2913, .T. ) ;
#1537 = DIRECTION ( 'NONE',  ( 0.000000000000000000, 0.000000000000000000, -1.000000000000000000 ) ) ;
#1538 = CARTESIAN_POINT ( 'NONE',  ( -2.644941917294789668, 6.903790001830218515, 76.54994360494579553 ) ) ;
#1539 = CARTESIAN_POINT ( 'NONE',  ( 1.214344929932751015E-15, 15.49999999999998401, -100.0000000000000000 ) ) ;
#1540 = ORIENTED_EDGE ( 'NONE', *, *, #4787, .F. ) ;
#1541 = CARTESIAN_POINT ( 'NONE',  ( 18.45255644614386270, 7.302849822303713268, -114.0622742944339194 ) ) ;
#1542 = ORIENTED_EDGE ( 'NONE', *, *, #4553, .F. ) ;
#1543 = CARTESIAN_POINT ( 'NONE',  ( 21.85555259377027326, 15.49999999999998579, -90.08360847783119141 ) ) ;
#1544 = EDGE_CURVE ( 'NONE', #2528, #412, #1901, .T. ) ;
#1545 = EDGE_CURVE ( 'NONE', #5672, #2117, #4287, .T. ) ;
#1546 = CARTESIAN_POINT ( 'NONE',  ( 1.214344929932751015E-15, 15.49999999999998401, -100.0000000000000000 ) ) ;
#1547 = EDGE_LOOP ( 'NONE', ( #1, #1770, #1685, #602 ) ) ;
#1548 = CYLINDRICAL_SURFACE ( 'NONE', #1158, 24.00000000000000000 ) ;
#1549 = CARTESIAN_POINT ( 'NONE',  ( 22.63449501518994822, 15.09619911711713414, -93.32317507833455750 ) ) ;
#1550 = CC_DESIGN_PERSON_AND_ORGANIZATION_ASSIGNMENT ( #6016, #2348, ( #6077 ) ) ;
#1551 = DIRECTION ( 'NONE',  ( 1.150268980431791831E-16, -1.000000000000000000, -4.226019675132849788E-32 ) ) ;
#1552 = FACE_OUTER_BOUND ( 'NONE', #619, .T. ) ;
#1553 = DIRECTION ( 'NONE',  ( 1.150268980431791831E-16, -1.000000000000000000, -4.226019675132850335E-32 ) ) ;
#1554 = EDGE_LOOP ( 'NONE', ( #5803, #3598, #3728, #696 ) ) ;
#1555 = ORIENTED_EDGE ( 'NONE', *, *, #2824, .F. ) ;
#1556 = CYLINDRICAL_SURFACE ( 'NONE', #3666, 25.10000000000001208 ) ;
#1557 = B_SPLINE_CURVE_WITH_KNOTS ( 'NONE', 3,
 ( #6327, #3115, #4746, #2602, #4679, #5235, #3, #1576, #3667, #5752 ),
 .UNSPECIFIED., .F., .F.,
 ( 4, 2, 2, 2, 4 ),
 ( 2.989209868130443830E-07, 0.0004262494893839938507, 0.0008522000577811745994, 0.001278150626178355294, 0.001704101194575536205 ),
 .UNSPECIFIED. ) ;
#1558 = CARTESIAN_POINT ( 'NONE',  ( -10.78407417371074573, 16.19999999999999929, -120.0927779438318765 ) ) ;
#1559 = AXIS2_PLACEMENT_3D ( 'NONE', #2123, #3708, #4219 ) ;
#1560 = EDGE_CURVE ( 'NONE', #4807, #3521, #5368, .T. ) ;
#1561 = LINE ( 'NONE', #541, #5276 ) ;
#1562 = CARTESIAN_POINT ( 'NONE',  ( 21.63080946088343737, 15.09619911711713769, -109.4344283183554580 ) ) ;
#1563 = CIRCLE ( 'NONE', #909, 24.00000000000000355 ) ;
#1564 = DIRECTION ( 'NONE',  ( 1.150268980431791831E-16, -1.000000000000000000, 0.000000000000000000 ) ) ;
#1565 = VECTOR ( 'NONE', #5120, 1000.000000000000000 ) ;
#1566 = VERTEX_POINT ( 'NONE', #3628 ) ;
#1567 = ORIENTED_EDGE ( 'NONE', *, *, #1345, .T. ) ;
#1568 = CARTESIAN_POINT ( 'NONE',  ( -13.56091613274816154, 6.500000000000007105, -119.8015543238547593 ) ) ;
#1569 = VERTEX_POINT ( 'NONE', #1468 ) ;
#1570 = DIRECTION ( 'NONE',  ( -0.000000000000000000, -1.000000000000000000, -0.000000000000000000 ) ) ;
#1571 = CARTESIAN_POINT ( 'NONE',  ( -10.78407417371100863, 7.696141087872121922, 79.90722205616826557 ) ) ;
#1572 = VECTOR ( 'NONE', #5811, 1000.000000000000000 ) ;
#1573 = VECTOR ( 'NONE', #4086, 1000.000000000000000 ) ;
#1574 = ORIENTED_EDGE ( 'NONE', *, *, #3215, .T. ) ;
#1575 = CARTESIAN_POINT ( 'NONE',  ( 17.00584971520444100, 16.19999999999999929, -115.1926645703811261 ) ) ;
#1576 = CARTESIAN_POINT ( 'NONE',  ( 3.414914353430180682, 14.14401253339995179, -122.3853507211167084 ) ) ;
#1577 = DIRECTION ( 'NONE',  ( -0.4226182617407033826, 0.000000000000000000, -0.9063077870366480493 ) ) ;
#1578 = ADVANCED_FACE ( 'NONE', ( #3172, #158 ), #2114, .T. ) ;
#1579 = ORIENTED_EDGE ( 'NONE', *, *, #5274, .F. ) ;
#1580 = AXIS2_PLACEMENT_3D ( 'NONE', #5098, #4554, #6650 ) ;
#1581 = ORIENTED_EDGE ( 'NONE', *, *, #42, .T. ) ;
#1582 = CARTESIAN_POINT ( 'NONE',  ( 23.17452302102562811, 14.69713885595418823, 101.0887365833986706 ) ) ;
#1583 = B_SPLINE_CURVE_WITH_KNOTS ( 'NONE', 3,
 ( #5498, #3379, #6637, #3410, #2967, #5087, #2902, #6597, #6559, #4005 ),
 .UNSPECIFIED., .F., .F.,
 ( 4, 2, 2, 2, 4 ),
 ( 2.701365643672841124E-07, 0.0004262205501935951058, 0.0008521709638228229522, 0.001278121377452050853, 0.001704071791081278753 ),
 .UNSPECIFIED. ) ;
#1584 = AXIS2_PLACEMENT_3D ( 'NONE', #2484, #2447, #981 ) ;
#1585 = EDGE_CURVE ( 'NONE', #5889, #5583, #31, .T. ) ;
#1586 = EDGE_CURVE ( 'NONE', #6304, #2917, #683, .T. ) ;
#1587 = CARTESIAN_POINT ( 'NONE',  ( 25.00000000000003553, 0.000000000000000000, 83.41687604822300273 ) ) ;
#1589 = ORIENTED_EDGE ( 'NONE', *, *, #4968, .T. ) ;
#1588 = B_SPLINE_CURVE_WITH_KNOTS ( 'NONE', 3,
 ( #4385, #4456, #222, #5373 ),
 .UNSPECIFIED., .F., .F.,
 ( 4, 4 ),
 ( 3.020500691539276119E-07, 0.002003413125760229382 ),
 .UNSPECIFIED. ) ;
#1590 = CARTESIAN_POINT ( 'NONE',  ( -2.952008550967571754, 7.302849822398333579, -76.98848020576257056 ) ) ;
#1591 = VECTOR ( 'NONE', #899, 1000.000000000000000 ) ;
#1592 = DIRECTION ( 'NONE',  ( -0.000000000000000000, -1.000000000000000000, -0.000000000000000000 ) ) ;
#1593 = EDGE_CURVE ( 'NONE', #1413, #1697, #2563, .T. ) ;
#1594 = VECTOR ( 'NONE', #5078, 1000.000000000000000 ) ;
#1595 = CARTESIAN_POINT ( 'NONE',  ( -17.00584971520407862, 7.696141087872123698, 115.1926645703814955 ) ) ;
#1596 = FACE_OUTER_BOUND ( 'NONE', #530, .T. ) ;
#1597 = CARTESIAN_POINT ( 'NONE',  ( 13.56091613274828944, 15.49999999999998579, -80.19844567614534014 ) ) ;
#1598 = EDGE_LOOP ( 'NONE', ( #1466, #2727, #4078, #2577 ) ) ;
#1599 = CARTESIAN_POINT ( 'NONE',  ( 17.05288819640699671, 14.69713885794930341, 84.26968312922883797 ) ) ;
#1600 = CARTESIAN_POINT ( 'NONE',  ( -23.92910714524986560, 6.500000000000006217, -98.15667929237703504 ) ) ;
#1601 = AXIS2_PLACEMENT_3D ( 'NONE', #3895, #4877, #740 ) ;
#1602 = CARTESIAN_POINT ( 'NONE',  ( -11.51237368145487849, 14.03379042677359756, 80.62859941526792795 ) ) ;
#1603 = DIRECTION ( 'NONE',  ( -1.000000000000000000, -1.084202172485504434E-16, 5.782411586589356653E-16 ) ) ;
#1604 = AXIS2_PLACEMENT_3D ( 'NONE', #3077, #3970, #2970 ) ;
#1605 = CARTESIAN_POINT ( 'NONE',  ( -11.21225137800471039, 8.006029883020021387, -80.49930813880430946 ) ) ;
#1606 = ORIENTED_EDGE ( 'NONE', *, *, #4455, .F. ) ;
#1607 = ORIENTED_EDGE ( 'NONE', *, *, #5201, .T. ) ;
#1608 = CARTESIAN_POINT ( 'NONE',  ( 22.63450800250865669, 6.903790001781014318, 106.6768188655790226 ) ) ;
#1609 = CARTESIAN_POINT ( 'NONE',  ( -11.74999999999976019, 16.19999999999999929, 120.3515969889344319 ) ) ;
#1610 = CARTESIAN_POINT ( 'NONE',  ( -22.71078579250040619, 7.780755035265469743, 100.6249993548735233 ) ) ;
#1611 = CARTESIAN_POINT ( 'NONE',  ( -17.91488867054835765, 16.19999999999999929, 85.89068587045818504 ) ) ;
#1612 = CARTESIAN_POINT ( 'NONE',  ( 10.36819101250178576, 15.49999999999998579, -121.6448750314774827 ) ) ;
#1613 = CARTESIAN_POINT ( 'NONE',  ( -2.952008550967253786, 7.302849822398329138, -123.0115197942374721 ) ) ;
#1614 = ORIENTED_EDGE ( 'NONE', *, *, #2122, .T. ) ;
#1615 = ORIENTED_EDGE ( 'NONE', *, *, #3375, .F. ) ;
#1616 = CARTESIAN_POINT ( 'NONE',  ( -5.534959247142377414, 6.903790001830223844, -77.05953163491297175 ) ) ;
#1617 = CARTESIAN_POINT ( 'NONE',  ( 12.00881904510274367, 7.696141087872137021, -119.3856711626451101 ) ) ;
#1618 = EDGE_LOOP ( 'NONE', ( #6089, #3006, #5572, #288 ) ) ;
#1619 = CARTESIAN_POINT ( 'NONE',  ( -3.459084155866746446, 7.877966898493268033, 122.3560952795073291 ) ) ;
#1620 = CARTESIAN_POINT ( 'NONE',  ( 3.673940397442059493E-14, 26.05705187735223660, 100.0000000000000000 ) ) ;
#1621 = ADVANCED_FACE ( 'NONE', ( #5155 ), #5270, .F. ) ;
#1622 = B_SPLINE_CURVE_WITH_KNOTS ( 'NONE', 3,
 ( #6722, #3022, #3946, #5102 ),
 .UNSPECIFIED., .F., .F.,
 ( 4, 4 ),
 ( 2.483701086361398103E-07, 0.002003359445416203616 ),
 .UNSPECIFIED. ) ;
#1623 = CARTESIAN_POINT ( 'NONE',  ( -10.78407417371103705, 16.19999999999999929, -79.90722205616825136 ) ) ;
#1624 = DIRECTION ( 'NONE',  ( -1.150268980431791831E-16, 1.000000000000000000, 4.226019675132849788E-32 ) ) ;
#1625 = FACE_OUTER_BOUND ( 'NONE', #2330, .T. ) ;
#1626 = ORIENTED_EDGE ( 'NONE', *, *, #1861, .F. ) ;
#1627 = LINE ( 'NONE', #607, #1688 ) ;
#1628 = LINE ( 'NONE', #4199, #4397 ) ;
#1629 = ADVANCED_FACE ( 'NONE', ( #1099 ), #960, .F. ) ;
#1630 = CARTESIAN_POINT ( 'NONE',  ( 3.261580130883806383, 7.696141087872126363, -77.43059424056414741 ) ) ;
#1631 = DIRECTION ( 'NONE',  ( 0.9659258262890707547, 0.000000000000000000, 0.2588190451025116356 ) ) ;
#1632 = CARTESIAN_POINT ( 'NONE',  ( -2.952017461842228574, 14.69713885689458976, 76.98849293181048381 ) ) ;
#1633 = VERTEX_POINT ( 'NONE', #6702 ) ;
#1634 = EDGE_CURVE ( 'NONE', #4670, #178, #5332, .T. ) ;
#1635 = ORIENTED_EDGE ( 'NONE', *, *, #1593, .F. ) ;
#1636 = ORIENTED_EDGE ( 'NONE', *, *, #3246, .F. ) ;
#1637 = CARTESIAN_POINT ( 'NONE',  ( -10.78407417371100863, 16.19999999999999929, 79.90722205616826557 ) ) ;
#1638 = CARTESIAN_POINT ( 'NONE',  ( 2.249587012321360557E-15, 6.500000000000008882, -100.0000000000000000 ) ) ;
#1639 = ORIENTED_EDGE ( 'NONE', *, *, #5409, .F. ) ;
#1640 = DIRECTION ( 'NONE',  ( -1.150268980431791831E-16, 1.000000000000000000, 4.226019675132850335E-32 ) ) ;
#1641 = CARTESIAN_POINT ( 'NONE',  ( 2.644950136976937927, 15.09619911656852409, -123.4500446561317375 ) ) ;
#1642 = CARTESIAN_POINT ( 'NONE',  ( 2.952008550967442080, 7.302849822398326474, 76.98848020576254214 ) ) ;
#1643 = EDGE_CURVE ( 'NONE', #5786, #5387, #2561, .T. ) ;
#1644 = VERTEX_POINT ( 'NONE', #3556 ) ;
#1645 = ADVANCED_FACE ( 'NONE', ( #581 ), #2047, .T. ) ;
#1646 = DIRECTION ( 'NONE',  ( 1.150268980431791831E-16, -1.000000000000000000, 0.000000000000000000 ) ) ;
#1647 = CARTESIAN_POINT ( 'NONE',  ( 21.66015832672815122, 16.19999999999999929, -92.86883441888342361 ) ) ;
#1648 = ORIENTED_EDGE ( 'NONE', *, *, #1014, .T. ) ;
#1649 = DIRECTION ( 'NONE',  ( 0.8191520442889911324, 0.000000000000000000, -0.5735764363510470476 ) ) ;
#1650 = ORIENTED_EDGE ( 'NONE', *, *, #4827, .F. ) ;
#1651 = FACE_OUTER_BOUND ( 'NONE', #1982, .T. ) ;
#1652 = B_SPLINE_CURVE_WITH_KNOTS ( 'NONE', 3,
 ( #693, #4892, #4379, #1186 ),
 .UNSPECIFIED., .F., .F.,
 ( 4, 4 ),
 ( 0.001150320978331618874, 0.003153469944068888926 ),
 .UNSPECIFIED. ) ;
#1653 = CYLINDRICAL_SURFACE ( 'NONE', #1057, 1.000000000000000888 ) ;
#1654 = CARTESIAN_POINT ( 'NONE',  ( 17.00584971520448363, 16.19999999999999929, 115.1926645703810976 ) ) ;
#1655 = ORIENTED_EDGE ( 'NONE', *, *, #3755, .F. ) ;
#1656 = CARTESIAN_POINT ( 'NONE',  ( 4.559300822021811861, 7.780657142151874872, 77.74269501890006495 ) ) ;
#1657 = CARTESIAN_POINT ( 'NONE',  ( 10.84653422520111832, 7.827381861892837911, 119.9100199133089149 ) ) ;
#1658 = CARTESIAN_POINT ( 'NONE',  ( -22.63855090686937643, 14.14431377778655552, 100.5245537380655918 ) ) ;
#1659 = CARTESIAN_POINT ( 'NONE',  ( 21.66015832672827557, 14.30385891212785054, 107.1311655811162638 ) ) ;
#1660 = LINE ( 'NONE', #3166, #2326 ) ;
#1661 = EDGE_CURVE ( 'NONE', #5802, #3408, #6152, .T. ) ;
#1662 = ORIENTED_EDGE ( 'NONE', *, *, #3040, .F. ) ;
#1663 = EDGE_CURVE ( 'NONE', #2049, #1664, #1008, .T. ) ;
#1664 = VERTEX_POINT ( 'NONE', #4705 ) ;
#1665 = DIRECTION ( 'NONE',  ( -1.150268980431791831E-16, 1.000000000000000000, 4.226019675132849788E-32 ) ) ;
#1666 = CYLINDRICAL_SURFACE ( 'NONE', #6479, 1.000000000000000888 ) ;
#1667 = B_SPLINE_CURVE_WITH_KNOTS ( 'NONE', 3,
 ( #1699, #3142, #5841, #3797 ),
 .UNSPECIFIED., .F., .F.,
 ( 4, 4 ),
 ( 2.483819566098738925E-07, 0.002003397347290062237 ),
 .UNSPECIFIED. ) ;
#1668 = EDGE_CURVE ( 'NONE', #3408, #3824, #4760, .T. ) ;
#1669 = ORIENTED_EDGE ( 'NONE', *, *, #379, .F. ) ;
#1670 = VECTOR ( 'NONE', #1135, 1000.000000000000000 ) ;
#1671 = LINE ( 'NONE', #1575, #1803 ) ;
#1672 = FACE_OUTER_BOUND ( 'NONE', #3047, .T. ) ;
#1673 = CARTESIAN_POINT ( 'NONE',  ( 10.36819101250147845, 15.49999999999998579, -78.35512496852237518 ) ) ;
#1674 = ORIENTED_EDGE ( 'NONE', *, *, #2196, .T. ) ;
#1675 = ORIENTED_EDGE ( 'NONE', *, *, #3776, .T. ) ;
#1676 = ORIENTED_EDGE ( 'NONE', *, *, #292, .F. ) ;
#1677 = CARTESIAN_POINT ( 'NONE',  ( -21.07623940999771861, 7.966540479121801077, 107.9726528600322695 ) ) ;
#1678 = AXIS2_PLACEMENT_3D ( 'NONE', #3143, #1570, #3663 ) ;
#1679 = B_SPLINE_CURVE_WITH_KNOTS ( 'NONE', 3,
 ( #387, #2425, #2467, #5095, #4044, #6646, #1439, #6231, #4116, #490 ),
 .UNSPECIFIED., .F., .F.,
 ( 4, 2, 2, 2, 4 ),
 ( 2.457714201964923464E-07, 0.0004261960535715193961, 0.0008521463357228422362, 0.001278096617874165076, 0.001704046900025488025 ),
 .UNSPECIFIED. ) ;
#1680 = CIRCLE ( 'NONE', #5497, 30.00000000000000000 ) ;
#1681 = AXIS2_PLACEMENT_3D ( 'NONE', #6238, #4227, #2129 ) ;
#1682 = CARTESIAN_POINT ( 'NONE',  ( 3.522762079436331462, 14.08545565843433423, -77.69083663435236531 ) ) ;
#1683 = ORIENTED_EDGE ( 'NONE', *, *, #4891, .F. ) ;
#1684 = CARTESIAN_POINT ( 'NONE',  ( 11.53566177949961968, 14.04290720100408585, 119.3681133811605690 ) ) ;
#1685 = ORIENTED_EDGE ( 'NONE', *, *, #89, .T. ) ;
#1686 = CARTESIAN_POINT ( 'NONE',  ( 13.56091613274862340, 6.500000000000010658, 119.8015543238544609 ) ) ;
#1687 = AXIS2_PLACEMENT_3D ( 'NONE', #579, #516, #6771 ) ;
#1688 = VECTOR ( 'NONE', #4131, 1000.000000000000000 ) ;
#1689 = CARTESIAN_POINT ( 'NONE',  ( -17.09954875531803609, 6.903790001739285032, -83.73635050040046224 ) ) ;
#1690 = ORIENTED_EDGE ( 'NONE', *, *, #1991, .T. ) ;
#1691 = CARTESIAN_POINT ( 'NONE',  ( -22.71078579250044172, 7.780755035265474184, -100.6249993548735375 ) ) ;
#1692 = CARTESIAN_POINT ( 'NONE',  ( 11.21225137800489335, 8.006029883020049809, 119.5006918611955911 ) ) ;
#1693 = CIRCLE ( 'NONE', #4316, 24.00000000000000000 ) ;
#1694 = CARTESIAN_POINT ( 'NONE',  ( -5.970562373124145061, 6.500000000000007994, 123.2454809575675228 ) ) ;
#1695 = CARTESIAN_POINT ( 'NONE',  ( 21.66015832672827557, 16.19999999999999929, 107.1311655811162638 ) ) ;
#1696 = DIRECTION ( 'NONE',  ( -1.150268980431791831E-16, 1.000000000000000000, 4.226019675132849788E-32 ) ) ;
#1697 = VERTEX_POINT ( 'NONE', #1534 ) ;
#1698 = VERTEX_POINT ( 'NONE', #1250 ) ;
#1699 = CARTESIAN_POINT ( 'NONE',  ( -17.00584971520431665, 14.30385891212785587, -84.80733542961877447 ) ) ;
#1700 = VECTOR ( 'NONE', #3828, 1000.000000000000000 ) ;
#1701 = CARTESIAN_POINT ( 'NONE',  ( -11.75000000000009415, 16.19999999999999929, -79.64840301106573861 ) ) ;
#1702 = ADVANCED_FACE ( 'NONE', ( #3333 ), #2299, .T. ) ;
#1703 = ORIENTED_EDGE ( 'NONE', *, *, #1996, .T. ) ;
#1704 = VECTOR ( 'NONE', #5585, 1000.000000000000000 ) ;
#1705 = LINE ( 'NONE', #2211, #1700 ) ;
#1706 = B_SPLINE_CURVE_WITH_KNOTS ( 'NONE', 3,
 ( #5656, #975, #5136, #6033 ),
 .UNSPECIFIED., .F., .F.,
 ( 4, 4 ),
 ( 3.499116271444375541E-07, 0.002003460990062443364 ),
 .UNSPECIFIED. ) ;
#1707 = CARTESIAN_POINT ( 'NONE',  ( 3.348554254807879271, 14.20592781666600501, 122.4577429880289685 ) ) ;
#1708 = DATE_AND_TIME ( #5458, #5093 ) ;
#1709 = VERTEX_POINT ( 'NONE', #793 ) ;
#1710 = VERTEX_POINT ( 'NONE', #701 ) ;
#1711 = VECTOR ( 'NONE', #4075, 1000.000000000000000 ) ;
#1712 = CARTESIAN_POINT ( 'NONE',  ( -12.53013505220755519, 14.69713885779638396, -80.47464263424961928 ) ) ;
#1713 = LINE ( 'NONE', #1647, #4959 ) ;
#1714 = ADVANCED_FACE ( 'NONE', ( #4866 ), #192, .F. ) ;
#1715 = ORIENTED_EDGE ( 'NONE', *, *, #565, .F. ) ;
#1716 = CARTESIAN_POINT ( 'NONE',  ( -21.63081551696931371, 6.903790001781008101, 109.4344413056744969 ) ) ;
#1717 = ORIENTED_EDGE ( 'NONE', *, *, #5589, .F. ) ;
#1718 = DIRECTION ( 'NONE',  ( -0.000000000000000000, -1.000000000000000000, -0.000000000000000000 ) ) ;
#1719 = B_SPLINE_CURVE_WITH_KNOTS ( 'NONE', 3,
 ( #4657, #5139, #1487, #4590, #6759, #2065 ),
 .UNSPECIFIED., .F., .F.,
 ( 4, 2, 4 ),
 ( 0.001027720228845416337, 0.001365910686682228134, 0.001704101144519040148 ),
 .UNSPECIFIED. ) ;
#1720 = CARTESIAN_POINT ( 'NONE',  ( 0.000000000000000000, 15.49999999999998401, -76.00000000000004263 ) ) ;
#1721 = EDGE_CURVE ( 'NONE', #6304, #5316, #3846, .T. ) ;
#1722 = ORIENTED_EDGE ( 'NONE', *, *, #4750, .T. ) ;
#1723 = CARTESIAN_POINT ( 'NONE',  ( -22.63826109486597105, 7.855986950930498480, -100.5241420964013628 ) ) ;
#1724 = CARTESIAN_POINT ( 'NONE',  ( -18.00204441329602290, 16.19999999999999929, 84.89449117236642905 ) ) ;
#1725 = CARTESIAN_POINT ( 'NONE',  ( 21.17646880143219335, 14.30385891212786298, -91.53990837010607606 ) ) ;
#1726 = B_SPLINE_CURVE_WITH_KNOTS ( 'NONE', 3,
 ( #2107, #1529, #1161, #3622 ),
 .UNSPECIFIED., .F., .F.,
 ( 4, 4 ),
 ( 2.534827000453384620E-07, 0.0003086876369879539006 ),
 .UNSPECIFIED. ) ;
#1727 = CARTESIAN_POINT ( 'NONE',  ( -22.63826109486594262, 14.14401304906950152, 99.47585790359869407 ) ) ;
#1728 = DIRECTION ( 'NONE',  ( -3.673940397442059868E-16, 0.000000000000000000, -1.000000000000000000 ) ) ;
#1729 = CARTESIAN_POINT ( 'NONE',  ( -23.11645821900304298, 6.500000000000006217, 93.54791821122168471 ) ) ;
#1730 = VERTEX_POINT ( 'NONE', #5414 ) ;
#1731 = ORIENTED_EDGE ( 'NONE', *, *, #6274, .T. ) ;
#1732 = PLANE ( 'NONE',  #273 ) ;
#1733 = CARTESIAN_POINT ( 'NONE',  ( -3.414914353430015037, 14.14401253339995179, 77.61464927888331999 ) ) ;
#1734 = ORIENTED_EDGE ( 'NONE', *, *, #2048, .T. ) ;
#1735 = LINE ( 'NONE', #5426, #2469 ) ;
#1736 = CARTESIAN_POINT ( 'NONE',  ( -4.654308611523646277, 14.30385891212785765, 122.3238301514979440 ) ) ;
#1737 = DIRECTION ( 'NONE',  ( -0.000000000000000000, -1.000000000000000000, -0.000000000000000000 ) ) ;
#1738 = VERTEX_POINT ( 'NONE', #5931 ) ;
#1739 = ORIENTED_EDGE ( 'NONE', *, *, #1866, .F. ) ;
#1740 = EDGE_CURVE ( 'NONE', #1275, #6391, #4967, .T. ) ;
#1741 = ORIENTED_EDGE ( 'NONE', *, *, #9, .T. ) ;
#1742 = CARTESIAN_POINT ( 'NONE',  ( -21.12739506564300029, 7.780755702348758795, 108.3548526638791429 ) ) ;
#1743 = CARTESIAN_POINT ( 'NONE',  ( -23.92910714524983362, 15.49999999999998046, 101.8433207076229934 ) ) ;
#1744 = EDGE_LOOP ( 'NONE', ( #2866, #4290, #2645, #5133 ) ) ;
#1745 = CARTESIAN_POINT ( 'NONE',  ( 21.85555259377044734, 26.05705187735223660, 109.9163915221685244 ) ) ;
#1746 = ADVANCED_FACE ( 'NONE', ( #2817 ), #4898, .F. ) ;
#1747 = ORIENTED_EDGE ( 'NONE', *, *, #851, .F. ) ;
#1748 = CARTESIAN_POINT ( 'NONE',  ( 2.644950136976667920, 15.09619911656852764, 76.54995534386824829 ) ) ;
#1749 = ORIENTED_EDGE ( 'NONE', *, *, #3049, .F. ) ;
#1750 = CARTESIAN_POINT ( 'NONE',  ( -17.14497379312316028, 13.99979268842992752, -85.42910680385591604 ) ) ;
#1751 = B_SPLINE_CURVE_WITH_KNOTS ( 'NONE', 3,
 ( #2503, #2432, #4518, #6539 ),
 .UNSPECIFIED., .F., .F.,
 ( 4, 4 ),
 ( 2.483819566109170665E-07, 0.002003397347290062237 ),
 .UNSPECIFIED. ) ;
#1752 = EDGE_CURVE ( 'NONE', #5118, #4302, #360, .T. ) ;
#1753 = LINE ( 'NONE', #2778, #266 ) ;
#1754 = ORIENTED_EDGE ( 'NONE', *, *, #4605, .T. ) ;
#1755 = DIRECTION ( 'NONE',  ( -1.150268980431791831E-16, 1.000000000000000000, -0.000000000000000000 ) ) ;
#1756 = CARTESIAN_POINT ( 'NONE',  ( -10.36819101250165787, 15.49999999999998224, -78.35512496852247466 ) ) ;
#1757 = DIRECTION ( 'NONE',  ( 0.000000000000000000, 0.000000000000000000, -1.000000000000000000 ) ) ;
#1758 = CC_DESIGN_DATE_AND_TIME_ASSIGNMENT ( #1708, #270, ( #760 ) ) ;
#1759 = CARTESIAN_POINT ( 'NONE',  ( 10.36819101250147490, 6.500000000000009770, -78.35512496852237518 ) ) ;
#1760 = CARTESIAN_POINT ( 'NONE',  ( -21.17646880143225374, 16.19999999999999929, -91.53990837010623238 ) ) ;
#1761 = CARTESIAN_POINT ( 'NONE',  ( 22.63826109486601368, 7.855986950930494928, 99.47585790359865143 ) ) ;
#1762 = EDGE_LOOP ( 'NONE', ( #6740, #4376, #4806, #4963 ) ) ;
#1763 = CARTESIAN_POINT ( 'NONE',  ( 11.51138071533249274, 14.03345946961431956, 80.62839260674448383 ) ) ;
#1764 = CARTESIAN_POINT ( 'NONE',  ( -23.11645821900304298, 26.05705187735223305, 93.54791821122168471 ) ) ;
#1765 = EDGE_CURVE ( 'NONE', #3519, #3573, #1588, .T. ) ;
#1766 = VERTEX_POINT ( 'NONE', #5973 ) ;
#1767 = CARTESIAN_POINT ( 'NONE',  ( 22.79289321881348940, 16.19999999999999929, 99.29289321881344677 ) ) ;
#1768 = CARTESIAN_POINT ( 'NONE',  ( 22.14929811726829101, 14.69713885746530480, 93.09692404912057384 ) ) ;
#1769 = ORIENTED_EDGE ( 'NONE', *, *, #3702, .F. ) ;
#1770 = ORIENTED_EDGE ( 'NONE', *, *, #4263, .T. ) ;
#1771 = CARTESIAN_POINT ( 'NONE',  ( -20.00000000000008527, 20.00000000000000000, 83.41687604822301694 ) ) ;
#1772 = VECTOR ( 'NONE', #5884, 1000.000000000000000 ) ;
#1773 = EDGE_CURVE ( 'NONE', #1286, #5084, #5574, .T. ) ;
#1774 = CYLINDRICAL_SURFACE ( 'NONE', #592, 1.000000000000000888 ) ;
#1775 = CARTESIAN_POINT ( 'NONE',  ( 3.795374890435334674E-14, 15.49999999999998401, 100.0000000000000000 ) ) ;
#1776 = ORIENTED_EDGE ( 'NONE', *, *, #4013, .T. ) ;
#1777 = CARTESIAN_POINT ( 'NONE',  ( 3.765139453739739128, 7.999790715595644919, -122.1834065654633861 ) ) ;
#1778 = VECTOR ( 'NONE', #126, 1000.000000000000000 ) ;
#1779 = CIRCLE ( 'NONE', #5600, 24.00000000000000000 ) ;
#1780 = ORIENTED_EDGE ( 'NONE', *, *, #2589, .T. ) ;
#1781 = CARTESIAN_POINT ( 'NONE',  ( 10.50582776005197516, 15.09619911743538090, -121.1312076966316056 ) ) ;
#1782 = EDGE_LOOP ( 'NONE', ( #6329, #2374, #1908, #3836 ) ) ;
#1783 = DIRECTION ( 'NONE',  ( 1.150268980431791831E-16, -1.000000000000000000, -4.226019675132849788E-32 ) ) ;
#1784 = AXIS2_PLACEMENT_3D ( 'NONE', #4932, #2338, #225 ) ;
#1785 = ADVANCED_FACE ( 'NONE', ( #4424 ), #6514, .T. ) ;
#1786 = VECTOR ( 'NONE', #397, 1000.000000000000000 ) ;
#1787 = CARTESIAN_POINT ( 'NONE',  ( -3.744142773540281244, 14.01089422372816706, 122.1974983292194423 ) ) ;
#1788 = ORIENTED_EDGE ( 'NONE', *, *, #3078, .F. ) ;
#1789 = DIRECTION ( 'NONE',  ( 1.150268980431791831E-16, -1.000000000000000000, 0.000000000000000000 ) ) ;
#1790 = AXIS2_PLACEMENT_3D ( 'NONE', #5209, #529, #2608 ) ;
#1791 = CARTESIAN_POINT ( 'NONE',  ( 2.292433343232368651E-16, 22.00000000000000000, -100.0000000000000000 ) ) ;
#1792 = ADVANCED_FACE ( 'NONE', ( #3947 ), #2783, .T. ) ;
#1793 = CARTESIAN_POINT ( 'NONE',  ( 5.970562373124710831, 6.500000000000009770, 123.2454809575673949 ) ) ;
#1794 = AXIS2_PLACEMENT_3D ( 'NONE', #1815, #6123, #1880 ) ;
#1795 = CYLINDRICAL_SURFACE ( 'NONE', #1342, 1.000000000000000888 ) ;
#1796 = CARTESIAN_POINT ( 'NONE',  ( 22.50020032262487391, 7.999790774156773310, -100.1441699363111297 ) ) ;
#1797 = DIRECTION ( 'NONE',  ( 0.000000000000000000, 0.000000000000000000, -1.000000000000000000 ) ) ;
#1798 = ORIENTED_EDGE ( 'NONE', *, *, #2541, .F. ) ;
#1799 = DIRECTION ( 'NONE',  ( 1.150268980431791831E-16, -1.000000000000000000, -4.226019675132849788E-32 ) ) ;
#1800 = FACE_BOUND ( 'NONE', #5392, .T. ) ;
#1801 = AXIS2_PLACEMENT_3D ( 'NONE', #5066, #3054, #323 ) ;
#1802 = CARTESIAN_POINT ( 'NONE',  ( 21.66015832672827557, 14.30385891212785054, 107.1311655811162638 ) ) ;
#1803 = VECTOR ( 'NONE', #4779, 1000.000000000000000 ) ;
#1804 = CARTESIAN_POINT ( 'NONE',  ( 4.494085902021089929, 14.17627692577236331, 122.2266654695427803 ) ) ;
#1805 = PERSON_AND_ORGANIZATION_ROLE ( 'design_supplier' ) ;
#1806 = ORIENTED_EDGE ( 'NONE', *, *, #2635, .F. ) ;
#1807 = ORIENTED_EDGE ( 'NONE', *, *, #5968, .F. ) ;
#1808 = VERTEX_POINT ( 'NONE', #1318 ) ;
#1809 = CARTESIAN_POINT ( 'NONE',  ( 11.51237368145478612, 7.966209573226411322, 80.62859941526784269 ) ) ;
#1810 = B_SPLINE_CURVE_WITH_KNOTS ( 'NONE', 3,
 ( #1827, #3398, #4056, #1418 ),
 .UNSPECIFIED., .F., .F.,
 ( 4, 4 ),
 ( 2.561654051583302089E-07, 0.002003405131142405732 ),
 .UNSPECIFIED. ) ;
#1811 = AXIS2_PLACEMENT_3D ( 'NONE', #5388, #4339, #6429 ) ;
#1812 = CARTESIAN_POINT ( 'NONE',  ( -4.080732175172602005, 16.19999999999999929, 123.1429821957869279 ) ) ;
#1813 = CARTESIAN_POINT ( 'NONE',  ( 17.67882416770133247, 7.855988045001589093, 114.1500783306332210 ) ) ;
#1814 = ORIENTED_EDGE ( 'NONE', *, *, #4154, .T. ) ;
#1815 = CARTESIAN_POINT ( 'NONE',  ( 3.898899098674196022E-14, 6.500000000000008882, 100.0000000000000000 ) ) ;
#1816 = CARTESIAN_POINT ( 'NONE',  ( -17.44350177171645555, 7.966209586518205654, 114.2656985017623441 ) ) ;
#1817 = LINE ( 'NONE', #4319, #2235 ) ;
#1818 = ORIENTED_EDGE ( 'NONE', *, *, #1149, .T. ) ;
#1819 = DIRECTION ( 'NONE',  ( -0.000000000000000000, -1.000000000000000000, -0.000000000000000000 ) ) ;
#1820 = DIRECTION ( 'NONE',  ( -0.000000000000000000, -1.000000000000000000, -0.000000000000000000 ) ) ;
#1821 = ORIENTED_EDGE ( 'NONE', *, *, #5625, .T. ) ;
#1822 = CARTESIAN_POINT ( 'NONE',  ( -19.51562326895603761, 26.05705187735223305, -86.03073200113256291 ) ) ;
#1823 = EDGE_CURVE ( 'NONE', #2049, #1001, #3397, .T. ) ;
#1824 = FACE_OUTER_BOUND ( 'NONE', #1986, .T. ) ;
#1825 = EDGE_CURVE ( 'NONE', #5, #1082, #6419, .T. ) ;
#1826 = DIRECTION ( 'NONE',  ( 1.150268980431791831E-16, -1.000000000000000000, -4.226019675132850335E-32 ) ) ;
#1827 = CARTESIAN_POINT ( 'NONE',  ( -10.78407417371103705, 14.30385891212787897, -79.90722205616825136 ) ) ;
#1828 = DIRECTION ( 'NONE',  ( 0.000000000000000000, 0.000000000000000000, -1.000000000000000000 ) ) ;
#1829 = CARTESIAN_POINT ( 'NONE',  ( -24.99999999999996803, 15.00000000000005151, 83.41687604822301694 ) ) ;
#1830 = B_SPLINE_CURVE_WITH_KNOTS ( 'NONE', 3,
 ( #5711, #3114, #1028, #6325, #5810, #5751, #6257, #4644, #2565, #3175 ),
 .UNSPECIFIED., .F., .F.,
 ( 4, 2, 2, 2, 4 ),
 ( 2.457757373974118336E-07, 0.0004261960578666543361, 0.0008521463399959113309, 0.001278096622125168055, 0.001704046904254425104 ),
 .UNSPECIFIED. ) ;
#1831 = ORIENTED_EDGE ( 'NONE', *, *, #1560, .F. ) ;
#1832 = CARTESIAN_POINT ( 'NONE',  ( 10.81409293830070872, 14.21934249000116424, 80.01925361079777588 ) ) ;
#1833 = ADVANCED_FACE ( 'NONE', ( #1960 ), #5069, .F. ) ;
#1834 = PLANE ( 'NONE',  #3093 ) ;
#1835 = ADVANCED_FACE ( 'NONE', ( #5582 ), #4559, .F. ) ;
#1836 = DIRECTION ( 'NONE',  ( -3.673940397442059868E-16, 0.000000000000000000, -1.000000000000000000 ) ) ;
#1837 = DIRECTION ( 'NONE',  ( -0.000000000000000000, -1.000000000000000000, -0.000000000000000000 ) ) ;
#1838 =( LENGTH_UNIT ( ) NAMED_UNIT ( * ) SI_UNIT ( .MILLI., .METRE. ) );
#1839 = ORIENTED_EDGE ( 'NONE', *, *, #6283, .F. ) ;
#1840 = ORIENTED_EDGE ( 'NONE', *, *, #2459, .T. ) ;
#1841 = ORIENTED_EDGE ( 'NONE', *, *, #5126, .F. ) ;
#1842 = DIRECTION ( 'NONE',  ( -0.000000000000000000, -1.000000000000000000, -0.000000000000000000 ) ) ;
#1843 = B_SPLINE_CURVE_WITH_KNOTS ( 'NONE', 3,
 ( #2301, #6482, #3754, #5448, #764, #4772, #100, #4835, #161, #5320 ),
 .UNSPECIFIED., .F., .F.,
 ( 4, 2, 2, 2, 4 ),
 ( 2.701643650287622580E-07, 0.0004262205778521043235, 0.0008521709913391798752, 0.001278121404826255319, 0.001704071818313330870 ),
 .UNSPECIFIED. ) ;
#1844 = EDGE_CURVE ( 'NONE', #1282, #613, #6363, .T. ) ;
#1845 = CARTESIAN_POINT ( 'NONE',  ( -11.31794380440959102, 13.99654927966464157, 119.4425164992051833 ) ) ;
#1846 = DIRECTION ( 'NONE',  ( -1.000000000000000000, -1.445602896647338917E-16, 5.782411586589355667E-16 ) ) ;
#1847 = ORIENTED_EDGE ( 'NONE', *, *, #3932, .F. ) ;
#1848 = DIRECTION ( 'NONE',  ( -1.000000000000000000, -1.084202172485504434E-16, 5.782411586589356653E-16 ) ) ;
#1849 = CARTESIAN_POINT ( 'NONE',  ( 11.03375417871796493, 14.03064580881556367, 119.6443168629884752 ) ) ;
#1850 = ORIENTED_EDGE ( 'NONE', *, *, #4893, .T. ) ;
#1851 = LINE ( 'NONE', #5510, #3974 ) ;
#1852 = EDGE_LOOP ( 'NONE', ( #1002, #615, #1428, #3832 ) ) ;
#1853 = CARTESIAN_POINT ( 'NONE',  ( -21.40455843166940397, 14.69713885746530124, 91.05076857956612457 ) ) ;
#1854 = ORIENTED_EDGE ( 'NONE', *, *, #4278, .T. ) ;
#1855 = ORIENTED_EDGE ( 'NONE', *, *, #267, .T. ) ;
#1856 = CARTESIAN_POINT ( 'NONE',  ( 21.66015832672827557, 14.30385891212785054, 107.1311655811162638 ) ) ;
#1857 = CARTESIAN_POINT ( 'NONE',  ( 10.78407417371091093, 14.30385891212786476, 79.90722205616818030 ) ) ;
#1858 = CARTESIAN_POINT ( 'NONE',  ( 21.09387130279863953, 14.14431388817446411, -91.76424002832735027 ) ) ;
#1859 = DIRECTION ( 'NONE',  ( 0.000000000000000000, 0.000000000000000000, -1.000000000000000000 ) ) ;
#1860 = FACE_OUTER_BOUND ( 'NONE', #6198, .T. ) ;
#1861 = EDGE_CURVE ( 'NONE', #4982, #2117, #3218, .T. ) ;
#1862 = LINE ( 'NONE', #3950, #3540 ) ;
#1863 = ORIENTED_EDGE ( 'NONE', *, *, #1923, .F. ) ;
#1864 = DIRECTION ( 'NONE',  ( -1.150268980431791831E-16, 1.000000000000000000, -0.000000000000000000 ) ) ;
#1865 = CARTESIAN_POINT ( 'NONE',  ( -17.05288819640681197, 14.69713885794929986, 115.7303168707712899 ) ) ;
#1866 = EDGE_CURVE ( 'NONE', #878, #4613, #4350, .T. ) ;
#1867 = EDGE_CURVE ( 'NONE', #412, #3553, #4823, .T. ) ;
#1868 = DIRECTION ( 'NONE',  ( -1.000000000000000000, -1.084202172485504434E-16, 0.000000000000000000 ) ) ;
#1869 = CARTESIAN_POINT ( 'NONE',  ( 10.36819101250150865, 15.49999999999998579, 78.35512496852237518 ) ) ;
#1870 = EDGE_CURVE ( 'NONE', #5525, #1131, #584, .T. ) ;
#1871 = CARTESIAN_POINT ( 'NONE',  ( 4.654308611524132999, 14.30385891212786476, -122.3238301514978588 ) ) ;
#1872 = VERTEX_POINT ( 'NONE', #6172 ) ;
#1873 = ORIENTED_EDGE ( 'NONE', *, *, #4795, .T. ) ;
#1874 = DIRECTION ( 'NONE',  ( -0.000000000000000000, -1.000000000000000000, -0.000000000000000000 ) ) ;
#1875 = EDGE_CURVE ( 'NONE', #2227, #3581, #6235, .T. ) ;
#1876 = CARTESIAN_POINT ( 'NONE',  ( -21.09373947100851154, 7.855987779454806308, -108.2352721805951887 ) ) ;
#1877 = CARTESIAN_POINT ( 'NONE',  ( 3.673940397442059493E-14, 14.00000000000002309, 100.0000000000000000 ) ) ;
#1878 = CARTESIAN_POINT ( 'NONE',  ( 11.21320909158768764, 8.006097924864860715, -80.49993620108708114 ) ) ;
#1879 = EDGE_LOOP ( 'NONE', ( #2623, #1948, #3650, #5308 ) ) ;
#1880 = DIRECTION ( 'NONE',  ( -1.000000000000000000, -1.084202172485504434E-16, 5.782411586589356653E-16 ) ) ;
#1881 = B_SPLINE_CURVE_WITH_KNOTS ( 'NONE', 3,
 ( #3264, #4798, #5315, #1244, #666, #2263, #1787, #3786, #4824, #4861 ),
 .UNSPECIFIED., .F., .F.,
 ( 4, 2, 2, 2, 4 ),
 ( 2.988698850670616980E-07, 0.0002571542096251540387, 0.0005140095493652410740, 0.0007708648891053280008, 0.001027720228845416337 ),
 .UNSPECIFIED. ) ;
#1882 = DIRECTION ( 'NONE',  ( 0.8191520442889911324, 0.000000000000000000, 0.5735764363510470476 ) ) ;
#1883 = EDGE_LOOP ( 'NONE', ( #4300, #4578, #1093, #1863 ) ) ;
#1884 = CARTESIAN_POINT ( 'NONE',  ( -10.95944521045861997, 7.930569772293420527, 119.7301366628912120 ) ) ;
#1885 = VECTOR ( 'NONE', #1333, 1000.000000000000000 ) ;
#1886 = CARTESIAN_POINT ( 'NONE',  ( -10.64438797060549469, 14.69713885779636264, 120.6140939509368195 ) ) ;
#1887 = ORIENTED_EDGE ( 'NONE', *, *, #1038, .F. ) ;
#1888 = ORIENTED_EDGE ( 'NONE', *, *, #1477, .F. ) ;
#1889 = CARTESIAN_POINT ( 'NONE',  ( -23.55307655630515029, 15.09619911566455563, -101.4672901186782639 ) ) ;
#1890 = CYLINDRICAL_SURFACE ( 'NONE', #4731, 24.00000000000000000 ) ;
#1891 = CARTESIAN_POINT ( 'NONE',  ( -17.00500244574779174, 14.14401195502378883, 85.04689221142270128 ) ) ;
#1892 = VECTOR ( 'NONE', #284, 1000.000000000000000 ) ;
#1893 = ORIENTED_EDGE ( 'NONE', *, *, #218, .F. ) ;
#1894 = CARTESIAN_POINT ( 'NONE',  ( 22.14931219668990181, 7.302849822347128317, -93.09693061446273532 ) ) ;
#1895 = CARTESIAN_POINT ( 'NONE',  ( -17.00584971520431665, 16.19999999999999929, -84.80733542961877447 ) ) ;
#1896 = CIRCLE ( 'NONE', #2770, 24.00000000000000000 ) ;
#1897 = CARTESIAN_POINT ( 'NONE',  ( 23.11645821900317443, 15.49999999999998757, 106.4520817887781590 ) ) ;
#1898 = ORIENTED_EDGE ( 'NONE', *, *, #4624, .F. ) ;
#1899 = DIRECTION ( 'NONE',  ( -1.000000000000000000, -1.445602896647339163E-16, 5.782411586589356653E-16 ) ) ;
#1900 = CARTESIAN_POINT ( 'NONE',  ( -21.17646880143222177, 16.19999999999999929, 91.53990837010623238 ) ) ;
#1901 = B_SPLINE_CURVE_WITH_KNOTS ( 'NONE', 3,
 ( #4574, #5987, #1302, #775 ),
 .UNSPECIFIED., .F., .F.,
 ( 4, 4 ),
 ( 3.020644791740095663E-07, 0.002003451032597847441 ),
 .UNSPECIFIED. ) ;
#1902 = VECTOR ( 'NONE', #5874, 1000.000000000000000 ) ;
#1903 = CARTESIAN_POINT ( 'NONE',  ( 12.00881904510246656, 16.19999999999999929, -80.61432883735473354 ) ) ;
#1904 = CARTESIAN_POINT ( 'NONE',  ( 12.00881904510277209, 14.30385891212783989, 119.3856711626450959 ) ) ;
#1905 = CYLINDRICAL_SURFACE ( 'NONE', #483, 24.00000000000000000 ) ;
#1906 = SHAPE_DEFINITION_REPRESENTATION ( #1071, #1929 ) ;
#1907 = ORIENTED_EDGE ( 'NONE', *, *, #1503, .F. ) ;
#1908 = ORIENTED_EDGE ( 'NONE', *, *, #6644, .F. ) ;
#1909 = CARTESIAN_POINT ( 'NONE',  ( 3.696864730874382874E-14, 0.000000000000000000, 125.1000000000000227 ) ) ;
#1910 = EDGE_CURVE ( 'NONE', #783, #6312, #3711, .T. ) ;
#1911 = AXIS2_PLACEMENT_3D ( 'NONE', #4579, #6536, #421 ) ;
#1912 = DIRECTION ( 'NONE',  ( 0.000000000000000000, 0.000000000000000000, 1.000000000000000000 ) ) ;
#1913 = CARTESIAN_POINT ( 'NONE',  ( 17.14348332776382833, 14.00020935018984147, -85.42670990918449547 ) ) ;
#1914 = CARTESIAN_POINT ( 'NONE',  ( -10.78407417371069954, 7.696141087872146791, 120.0927779438318908 ) ) ;
#1915 = VERTEX_POINT ( 'NONE', #869 ) ;
#1916 = CARTESIAN_POINT ( 'NONE',  ( 21.63081551696954818, 6.903790001781007213, -109.4344413056740279 ) ) ;
#1917 = B_SPLINE_CURVE_WITH_KNOTS ( 'NONE', 3,
 ( #185, #4919, #1716, #3812 ),
 .UNSPECIFIED., .F., .F.,
 ( 4, 4 ),
 ( 2.730032382625388837E-07, 0.002003384078721817240 ),
 .UNSPECIFIED. ) ;
#1918 = DIRECTION ( 'NONE',  ( -0.2588190451025281225, 0.000000000000000000, -0.9659258262890663138 ) ) ;
#1919 = EDGE_LOOP ( 'NONE', ( #5083, #6330 ) ) ;
#1920 = AXIS2_PLACEMENT_3D ( 'NONE', #3367, #2269, #6450 ) ;
#1921 = CARTESIAN_POINT ( 'NONE',  ( 23.17453400663471541, 7.302849823075323599, 98.91125243099222075 ) ) ;
#1922 = AXIS2_PLACEMENT_3D ( 'NONE', #6688, #4091, #4128 ) ;
#1923 = EDGE_CURVE ( 'NONE', #2135, #6399, #5664, .T. ) ;
#1924 = FACE_OUTER_BOUND ( 'NONE', #304, .T. ) ;
#1925 = EDGE_LOOP ( 'NONE', ( #729, #1095, #6571, #1210 ) ) ;
#1926 = ORIENTED_EDGE ( 'NONE', *, *, #5512, .F. ) ;
#1927 = CARTESIAN_POINT ( 'NONE',  ( 2.952008550967759604, 7.302849822398338020, 123.0115197942374152 ) ) ;
#1928 = DIRECTION ( 'NONE',  ( 0.9961946980917455452, 0.000000000000000000, 0.08715574274765844343 ) ) ;
#1929 = ADVANCED_BREP_SHAPE_REPRESENTATION ( 'LowerLink', ( #1054, #5972 ), #2143 ) ;
#1930 = CARTESIAN_POINT ( 'NONE',  ( 10.78407417371116139, 7.696141087872143238, -120.0927779438316634 ) ) ;
#1931 = EDGE_CURVE ( 'NONE', #3563, #1710, #5252, .T. ) ;
#1932 = DIRECTION ( 'NONE',  ( -1.000000000000000000, -1.445602896647339163E-16, 0.000000000000000000 ) ) ;
#1933 = LINE ( 'NONE', #1895, #3566 ) ;
#1934 = CARTESIAN_POINT ( 'NONE',  ( -17.91488867054839673, 7.696141087872138797, -85.89068587045817083 ) ) ;
#1935 = EDGE_LOOP ( 'NONE', ( #4556, #2202 ) ) ;
#1936 = DIRECTION ( 'NONE',  ( -1.000000000000000000, -1.084202172485504434E-16, 5.782411586589356653E-16 ) ) ;
#1937 = CARTESIAN_POINT ( 'NONE',  ( 21.63081551696959437, 6.903790001781016095, 109.4344413056740137 ) ) ;
#1938 = CARTESIAN_POINT ( 'NONE',  ( -3.522794651013577916, 14.08539870936709804, -77.69089807684947857 ) ) ;
#1939 = CARTESIAN_POINT ( 'NONE',  ( 0.000000000000000000, 26.05705187735223660, -100.0000000000000000 ) ) ;
#1940 = DIRECTION ( 'NONE',  ( -1.150268980431791831E-16, 1.000000000000000000, 4.226019675132849788E-32 ) ) ;
#1941 = ORIENTED_EDGE ( 'NONE', *, *, #3783, .T. ) ;
#1942 = ORIENTED_EDGE ( 'NONE', *, *, #4905, .T. ) ;
#1943 = CARTESIAN_POINT ( 'NONE',  ( 18.98587359976685462, 6.903790001739284143, 114.0156150894279676 ) ) ;
#1944 = CARTESIAN_POINT ( 'NONE',  ( -22.79289321881341834, 16.19999999999999929, 100.7071067811865674 ) ) ;
#1945 = CARTESIAN_POINT ( 'NONE',  ( -21.17646880143225374, 7.696141087872135245, -91.53990837010623238 ) ) ;
#1946 = CARTESIAN_POINT ( 'NONE',  ( 16.99574107095872932, 14.21934242776104895, 84.92287776205505168 ) ) ;
#1947 = DIRECTION ( 'NONE',  ( -1.000000000000000000, -1.445602896647338917E-16, 5.782411586589355667E-16 ) ) ;
#1948 = ORIENTED_EDGE ( 'NONE', *, *, #4953, .T. ) ;
#1949 = FACE_OUTER_BOUND ( 'NONE', #2916, .T. ) ;
#1950 = DIRECTION ( 'NONE',  ( 2.597868168706494402E-16, -0.7071067811865435759, 0.7071067811865515695 ) ) ;
#1951 = ORIENTED_EDGE ( 'NONE', *, *, #2559, .T. ) ;
#1952 = CARTESIAN_POINT ( 'NONE',  ( -10.84691816766759409, 7.827835980050608100, 119.9092927766283196 ) ) ;
#1953 = ADVANCED_FACE ( 'NONE', ( #3988 ), #2105, .T. ) ;
#1954 = EDGE_CURVE ( 'NONE', #3592, #4206, #3104, .T. ) ;
#1955 = CARTESIAN_POINT ( 'NONE',  ( 21.09373947100859326, 7.855987779454813413, 91.76472781940502443 ) ) ;
#1956 = EDGE_LOOP ( 'NONE', ( #4411, #5795, #918, #2351 ) ) ;
#1957 = VERTEX_POINT ( 'NONE', #6284 ) ;
#1958 = CYLINDRICAL_SURFACE ( 'NONE', #1801, 1.000000000000000888 ) ;
#1959 = CARTESIAN_POINT ( 'NONE',  ( 1.214344929932751015E-15, 15.49999999999998401, -100.0000000000000000 ) ) ;
#1960 = FACE_OUTER_BOUND ( 'NONE', #1598, .T. ) ;
#1961 = EDGE_CURVE ( 'NONE', #2535, #647, #24, .T. ) ;
#1962 = CARTESIAN_POINT ( 'NONE',  ( -5.096409920277691796, 14.69713885689457555, -77.36660717946041643 ) ) ;
#1963 = CARTESIAN_POINT ( 'NONE',  ( 6.733360456028193320E-31, 20.00000000000000000, -100.0000000000000000 ) ) ;
#1964 = CARTESIAN_POINT ( 'NONE',  ( -17.00495937615554354, 14.14431392350092764, 114.9536118408123997 ) ) ;
#1965 = ORIENTED_EDGE ( 'NONE', *, *, #6117, .T. ) ;
#1966 = CARTESIAN_POINT ( 'NONE',  ( 19.51562326895595945, 26.05705187735224015, 86.03073200113240659 ) ) ;
#1967 = CARTESIAN_POINT ( 'NONE',  ( 3.696864730874382874E-14, 22.00000000000000000, 100.0000000000000000 ) ) ;
#1968 = DIRECTION ( 'NONE',  ( -1.000000000000000000, -1.445602896647339163E-16, 0.000000000000000000 ) ) ;
#1969 = DIRECTION ( 'NONE',  ( -0.5735764363510577057, 0.000000000000000000, 0.8191520442889835829 ) ) ;
#1970 = CARTESIAN_POINT ( 'NONE',  ( -22.53199474478140019, 14.03345975460613815, -99.71665444469566353 ) ) ;
#1971 = ORIENTED_EDGE ( 'NONE', *, *, #2769, .T. ) ;
#1972 = EDGE_CURVE ( 'NONE', #4504, #2311, #2803, .T. ) ;
#1973 = ORIENTED_EDGE ( 'NONE', *, *, #32, .F. ) ;
#1974 = CARTESIAN_POINT ( 'NONE',  ( -13.56091613274842089, 6.500000000000007105, -80.19844567614543962 ) ) ;
#1975 = CARTESIAN_POINT ( 'NONE',  ( 2.249587012321360557E-15, 6.500000000000008882, -100.0000000000000000 ) ) ;
#1976 = DIRECTION ( 'NONE',  ( 0.7071067811865492381, 0.7071067811865459074, 2.940974995605419392E-17 ) ) ;
#1977 = DIRECTION ( 'NONE',  ( 1.150268980431791831E-16, -1.000000000000000000, -4.226019675132849788E-32 ) ) ;
#1979 = B_SPLINE_CURVE_WITH_KNOTS ( 'NONE', 3,
 ( #3574, #3495, #4486, #2400, #1388, #4586, #4655, #3155, #2537, #6757 ),
 .UNSPECIFIED., .F., .F.,
 ( 4, 2, 2, 2, 4 ),
 ( 2.457757373960483223E-07, 0.0004261960578666569924, 0.0008521463399959179445, 0.001278096622125178897, 0.001704046904254439849 ),
 .UNSPECIFIED. ) ;
#1978 = CARTESIAN_POINT ( 'NONE',  ( 22.53199474478140019, 14.03345975460613815, -100.2833455553043649 ) ) ;
#1980 = ORIENTED_EDGE ( 'NONE', *, *, #5424, .T. ) ;
#1981 = DIRECTION ( 'NONE',  ( 0.000000000000000000, 0.000000000000000000, 1.000000000000000000 ) ) ;
#1982 = EDGE_LOOP ( 'NONE', ( #3071, #4584, #1980, #6180 ) ) ;
#1983 = CARTESIAN_POINT ( 'NONE',  ( 17.00584971520425981, 7.696141087872121034, 84.80733542961863236 ) ) ;
#1984 = EDGE_CURVE ( 'NONE', #1001, #394, #4678, .T. ) ;
#1985 = CARTESIAN_POINT ( 'NONE',  ( 12.00881904510274545, 16.19999999999999929, -119.3856711626451101 ) ) ;
#1986 = EDGE_LOOP ( 'NONE', ( #1169, #943, #4918, #4346 ) ) ;
#1987 = EDGE_LOOP ( 'NONE', ( #5635, #2829, #3537, #2036 ) ) ;
#1988 = DIRECTION ( 'NONE',  ( -0.4226182617406943898, 0.000000000000000000, 0.9063077870366523792 ) ) ;
#1989 = CARTESIAN_POINT ( 'NONE',  ( 17.91488867054834344, 16.19999999999999929, 85.89068587045802872 ) ) ;
#1990 = DIRECTION ( 'NONE',  ( -1.000000000000000000, -1.084202172485504434E-16, 0.000000000000000000 ) ) ;
#1991 = EDGE_CURVE ( 'NONE', #2535, #4875, #6473, .T. ) ;
#1992 = AXIS2_PLACEMENT_3D ( 'NONE', #418, #2526, #486 ) ;
#1993 = CARTESIAN_POINT ( 'NONE',  ( 21.63080946088347645, 15.09619911711712703, 109.4344283183554296 ) ) ;
#1994 = CARTESIAN_POINT ( 'NONE',  ( 10.78407417371088428, 16.19999999999999929, -79.90722205616819451 ) ) ;
#1995 = FACE_OUTER_BOUND ( 'NONE', #226, .T. ) ;
#1996 = EDGE_CURVE ( 'NONE', #2940, #3034, #2885, .T. ) ;
#1997 = ORIENTED_EDGE ( 'NONE', *, *, #2198, .T. ) ;
#1998 = EDGE_LOOP ( 'NONE', ( #5037, #5919, #2044, #2100, #2230, #4594 ) ) ;
#1999 = FACE_OUTER_BOUND ( 'NONE', #4460, .T. ) ;
#2000 = AXIS2_PLACEMENT_3D ( 'NONE', #5837, #3757, #2174 ) ;
#2002 = CIRCLE ( 'NONE', #5489, 24.00000000000000000 ) ;
#2001 = CARTESIAN_POINT ( 'NONE',  ( -2.339929324814405298, 15.49999999999998401, -76.11434047896368327 ) ) ;
#2003 = B_SPLINE_CURVE_WITH_KNOTS ( 'NONE', 3,
 ( #6045, #3476, #2383, #6554, #3998, #1938, #5115, #6078, #337, #4597 ),
 .UNSPECIFIED., .F., .F.,
 ( 4, 2, 2, 2, 4 ),
 ( 0.0006780088726362739140, 0.0009345319531210989194, 0.001191055033605923925, 0.001447578114090749147, 0.001704101194575574152 ),
 .UNSPECIFIED. ) ;
#2004 = EDGE_CURVE ( 'NONE', #4886, #1517, #5335, .T. ) ;
#2005 = CIRCLE ( 'NONE', #5825, 24.00000000000000355 ) ;
#2006 = CARTESIAN_POINT ( 'NONE',  ( -22.63449501518995888, 15.09619911711713414, 93.32317507833471382 ) ) ;
#2007 = CARTESIAN_POINT ( 'NONE',  ( -17.91488867054835410, 7.696141087872144126, 85.89068587045817083 ) ) ;
#2008 = CARTESIAN_POINT ( 'NONE',  ( -3.328105301691184792, 7.780657142671818072, 77.52560203065071676 ) ) ;
#2009 = EDGE_CURVE ( 'NONE', #2468, #5070, #3620, .T. ) ;
#2010 = ORIENTED_EDGE ( 'NONE', *, *, #3783, .F. ) ;
#2011 = ORIENTED_EDGE ( 'NONE', *, *, #2071, .F. ) ;
#2012 = CARTESIAN_POINT ( 'NONE',  ( 23.92910714524991178, 6.500000000000011546, 101.8433207076229507 ) ) ;
#2013 = CIRCLE ( 'NONE', #798, 24.00000000000000000 ) ;
#2014 = CARTESIAN_POINT ( 'NONE',  ( -22.50020032262483838, 7.999790774156769757, 99.85583006368894132 ) ) ;
#2015 = LINE ( 'NONE', #5536, #4220 ) ;
#2016 = VECTOR ( 'NONE', #2693, 1000.000000000000000 ) ;
#2017 = CARTESIAN_POINT ( 'NONE',  ( -19.51562326895584576, 15.49999999999998224, -113.9692679988677071 ) ) ;
#2018 = FACE_OUTER_BOUND ( 'NONE', #811, .T. ) ;
#2019 = VERTEX_POINT ( 'NONE', #2554 ) ;
#2020 = ORIENTED_EDGE ( 'NONE', *, *, #4352, .F. ) ;
#2021 = CARTESIAN_POINT ( 'NONE',  ( -2.339929324814392420, 6.500000000000008882, 76.11434047896368327 ) ) ;
#2022 = VERTEX_POINT ( 'NONE', #5700 ) ;
#2023 = CARTESIAN_POINT ( 'NONE',  ( 21.17646880143222177, 14.30385891212785410, 91.53990837010607606 ) ) ;
#2024 = VECTOR ( 'NONE', #6161, 1000.000000000000000 ) ;
#2025 = CARTESIAN_POINT ( 'NONE',  ( -4.299680222854990852, 7.925051666437114228, 122.1618810803509376 ) ) ;
#2026 = ORIENTED_EDGE ( 'NONE', *, *, #5923, .T. ) ;
#2027 = ORIENTED_EDGE ( 'NONE', *, *, #1544, .T. ) ;
#2028 = DIRECTION ( 'NONE',  ( -1.150268980431791831E-16, 1.000000000000000000, -0.000000000000000000 ) ) ;
#2029 = DIRECTION ( 'NONE',  ( -1.000000000000000000, -1.084202172485504434E-16, 5.782411586589356653E-16 ) ) ;
#2030 = VECTOR ( 'NONE', #2384, 1000.000000000000000 ) ;
#2031 = LINE ( 'NONE', #6239, #5484 ) ;
#2032 = CARTESIAN_POINT ( 'NONE',  ( -17.91488867054835765, 16.19999999999999929, 85.89068587045818504 ) ) ;
#2033 = DIRECTION ( 'NONE',  ( -1.000000000000000000, -1.084202172485504434E-16, 0.000000000000000000 ) ) ;
#2034 = ORIENTED_EDGE ( 'NONE', *, *, #1954, .F. ) ;
#2035 = ADVANCED_FACE ( 'NONE', ( #1015 ), #2593, .F. ) ;
#2036 = ORIENTED_EDGE ( 'NONE', *, *, #4299, .T. ) ;
#2037 = DIRECTION ( 'NONE',  ( 0.08715574274766811624, 0.000000000000000000, -0.9961946980917446570 ) ) ;
#2038 = AXIS2_PLACEMENT_3D ( 'NONE', #6310, #3718, #2543 ) ;
#2039 = CARTESIAN_POINT ( 'NONE',  ( -18.98587359976646383, 6.903790001739279703, 114.0156150894283940 ) ) ;
#2040 = CARTESIAN_POINT ( 'NONE',  ( 3.261580130883831696, 14.30385891212786653, 77.43059424056414741 ) ) ;
#2041 = PLANE ( 'NONE',  #3016 ) ;
#2042 = CARTESIAN_POINT ( 'NONE',  ( -2.339929324814389755, 26.05705187735223660, 76.11434047896368327 ) ) ;
#2043 = EDGE_CURVE ( 'NONE', #463, #3816, #1561, .T. ) ;
#2044 = ORIENTED_EDGE ( 'NONE', *, *, #2372, .T. ) ;
#2045 = ORIENTED_EDGE ( 'NONE', *, *, #6085, .T. ) ;
#2046 = ORIENTED_EDGE ( 'NONE', *, *, #999, .F. ) ;
#2047 = PLANE ( 'NONE',  #2205 ) ;
#2048 = EDGE_CURVE ( 'NONE', #514, #4095, #1055, .T. ) ;
#2049 = VERTEX_POINT ( 'NONE', #2199 ) ;
#2050 = DIRECTION ( 'NONE',  ( -0.000000000000000000, -1.000000000000000000, -0.000000000000000000 ) ) ;
#2051 = DIRECTION ( 'NONE',  ( -1.000000000000000000, -1.084202172485504434E-16, 5.782411586589356653E-16 ) ) ;
#2052 = CARTESIAN_POINT ( 'NONE',  ( 17.00584971520421718, 16.19999999999999929, -84.80733542961864657 ) ) ;
#2053 = ORIENTED_EDGE ( 'NONE', *, *, #4062, .T. ) ;
#2054 = CARTESIAN_POINT ( 'NONE',  ( 19.51562326895613353, 6.500000000000011546, -113.9692679988673092 ) ) ;
#2055 = VERTEX_POINT ( 'NONE', #4899 ) ;
#2056 = CARTESIAN_POINT ( 'NONE',  ( -23.17453400663467988, 7.302849823075323599, -101.0887475690077792 ) ) ;
#2057 = B_SPLINE_CURVE_WITH_KNOTS ( 'NONE', 3,
 ( #2074, #4165, #543, #3727, #6249, #6349, #5774, #4773, #576, #101 ),
 .UNSPECIFIED., .F., .F.,
 ( 4, 2, 2, 2, 4 ),
 ( 2.988698850802492599E-07, 0.0004262494385435715381, 0.0008522000072020628455, 0.001278150575860555454, 0.001704101144519048171 ),
 .UNSPECIFIED. ) ;
#2058 = EDGE_CURVE ( 'NONE', #789, #3521, #4834, .T. ) ;
#2059 = CARTESIAN_POINT ( 'NONE',  ( -17.67882416770117970, 7.855988045001590869, -85.84992166936665114 ) ) ;
#2060 = EDGE_CURVE ( 'NONE', #5617, #5070, #915, .T. ) ;
#2061 = ORIENTED_EDGE ( 'NONE', *, *, #1297, .T. ) ;
#2062 = DIRECTION ( 'NONE',  ( -1.150268980431791831E-16, 1.000000000000000000, 4.226019675132850335E-32 ) ) ;
#2063 = CARTESIAN_POINT ( 'NONE',  ( -12.00881904510228892, 7.696141087872148567, 119.3856711626453517 ) ) ;
#2064 = PRODUCT_RELATED_PRODUCT_CATEGORY ( 'detail', '', ( #5646 ) ) ;
#2065 = CARTESIAN_POINT ( 'NONE',  ( -4.654308611523646277, 14.30385891212785765, 122.3238301514979440 ) ) ;
#2066 = LINE ( 'NONE', #4157, #182 ) ;
#2067 = CARTESIAN_POINT ( 'NONE',  ( -11.51237368145462625, 7.966209573226424645, -119.3714005847321857 ) ) ;
#2068 = VERTEX_POINT ( 'NONE', #1219 ) ;
#2069 = CARTESIAN_POINT ( 'NONE',  ( 17.14589584587888993, 15.49999999999998579, 116.7933991687887527 ) ) ;
#2070 = DIRECTION ( 'NONE',  ( 1.150268980431791831E-16, -1.000000000000000000, -4.226019675132849788E-32 ) ) ;
#2071 = EDGE_CURVE ( 'NONE', #2800, #2253, #193, .T. ) ;
#2072 = CARTESIAN_POINT ( 'NONE',  ( 21.17646880143234611, 16.19999999999999929, 108.4600916298936113 ) ) ;
#2073 = CARTESIAN_POINT ( 'NONE',  ( 3.898899098674196022E-14, 6.500000000000008882, 100.0000000000000000 ) ) ;
#2074 = CARTESIAN_POINT ( 'NONE',  ( -3.261580130883651396, 14.30385891212785943, -122.5694057594358810 ) ) ;
#2075 = VERTEX_POINT ( 'NONE', #5934 ) ;
#2076 = ORIENTED_EDGE ( 'NONE', *, *, #1377, .T. ) ;
#2077 = CARTESIAN_POINT ( 'NONE',  ( 22.14931219669002616, 7.302849822347141640, 106.9030693855369378 ) ) ;
#2078 = CARTESIAN_POINT ( 'NONE',  ( 17.91488867054830081, 16.19999999999999929, -85.89068587045804293 ) ) ;
#2079 = DIRECTION ( 'NONE',  ( 0.000000000000000000, 1.000000000000000000, 0.000000000000000000 ) ) ;
#2080 = EDGE_CURVE ( 'NONE', #3117, #5617, #3931, .T. ) ;
#2081 = ADVANCED_FACE ( 'NONE', ( #2300 ), #4930, .T. ) ;
#2082 = ORIENTED_EDGE ( 'NONE', *, *, #1143, .F. ) ;
#2083 = ORIENTED_EDGE ( 'NONE', *, *, #6480, .T. ) ;
#2084 = CARTESIAN_POINT ( 'NONE',  ( 23.92910714524987270, 15.49999999999998757, -98.15667929237703504 ) ) ;
#2085 = CARTESIAN_POINT ( 'NONE',  ( 3.522794651013771983, 14.08539870936708738, 122.3091019231505072 ) ) ;
#2086 = CARTESIAN_POINT ( 'NONE',  ( -4.447727861301354224, 7.855686153495970103, -122.2035326876273018 ) ) ;
#2087 = ORIENTED_EDGE ( 'NONE', *, *, #125, .T. ) ;
#2088 = EDGE_CURVE ( 'NONE', #2258, #2253, #1486, .T. ) ;
#2089 = DIRECTION ( 'NONE',  ( -0.000000000000000000, 1.000000000000000000, -0.000000000000000000 ) ) ;
#2090 = VERTEX_POINT ( 'NONE', #2748 ) ;
#2091 = LINE ( 'NONE', #5208, #6267 ) ;
#2092 = DIRECTION ( 'NONE',  ( 1.150268980431791831E-16, -1.000000000000000000, 0.000000000000000000 ) ) ;
#2093 = VERTEX_POINT ( 'NONE', #3269 ) ;
#2094 = CARTESIAN_POINT ( 'NONE',  ( -2.644941917294803435, 6.903790001830222955, -76.54994360494579553 ) ) ;
#2095 = FACE_OUTER_BOUND ( 'NONE', #5092, .T. ) ;
#2096 = CARTESIAN_POINT ( 'NONE',  ( 21.85555259377045090, 15.49999999999998579, 109.9163915221685244 ) ) ;
#2097 = DIRECTION ( 'NONE',  ( -0.000000000000000000, -1.000000000000000000, -0.000000000000000000 ) ) ;
#2098 = CARTESIAN_POINT ( 'NONE',  ( -21.90870462436816979, 18.09129537563190837, 79.34651754062434748 ) ) ;
#2099 = VERTEX_POINT ( 'NONE', #5447 ) ;
#2100 = ORIENTED_EDGE ( 'NONE', *, *, #141, .F. ) ;
#2101 = ORIENTED_EDGE ( 'NONE', *, *, #2669, .F. ) ;
#2102 = CARTESIAN_POINT ( 'NONE',  ( 2.249587012321360557E-15, 6.500000000000008882, -100.0000000000000000 ) ) ;
#2103 = CARTESIAN_POINT ( 'NONE',  ( 11.53452359756398415, 14.04257551967155138, -80.63159669134815033 ) ) ;
#2104 = VECTOR ( 'NONE', #1370, 1000.000000000000000 ) ;
#2105 = PLANE ( 'NONE',  #784 ) ;
#2106 = CARTESIAN_POINT ( 'NONE',  ( 21.17646880143230703, 14.30385891212786298, -108.4600916298936539 ) ) ;
#2107 = CARTESIAN_POINT ( 'NONE',  ( 12.00881904510246478, 7.696141087872140574, -80.61432883735473354 ) ) ;
#2108 = VECTOR ( 'NONE', #5153, 1000.000000000000000 ) ;
#2109 = ORIENTED_EDGE ( 'NONE', *, *, #2997, .T. ) ;
#2110 = VERTEX_POINT ( 'NONE', #763 ) ;
#2111 = FACE_OUTER_BOUND ( 'NONE', #4511, .T. ) ;
#2112 = CYLINDRICAL_SURFACE ( 'NONE', #5166, 1.000000000000000888 ) ;
#2113 = B_SPLINE_CURVE_WITH_KNOTS ( 'NONE', 3,
 ( #2245, #4335, #4432, #6011, #2853, #3953, #6426, #1733, #4363, #3893 ),
 .UNSPECIFIED., .F., .F.,
 ( 4, 2, 2, 2, 4 ),
 ( 2.989209868123831679E-07, 0.0004262494893839916281, 0.0008522000577811708047, 0.001278150626178351174, 0.001704101194575531435 ),
 .UNSPECIFIED. ) ;
#2114 = PLANE ( 'NONE',  #2975 ) ;
#2115 = AXIS2_PLACEMENT_3D ( 'NONE', #673, #2750, #4805 ) ;
#2116 = CIRCLE ( 'NONE', #800, 24.00000000000000000 ) ;
#2117 = VERTEX_POINT ( 'NONE', #1759 ) ;
#2118 = DIRECTION ( 'NONE',  ( -1.000000000000000000, -1.445602896647338917E-16, 0.000000000000000000 ) ) ;
#2119 = DIRECTION ( 'NONE',  ( -1.000000000000000000, -1.084202172485504434E-16, 5.782411586589356653E-16 ) ) ;
#2120 = PLANE ( 'NONE',  #4434 ) ;
#2121 = ORIENTED_EDGE ( 'NONE', *, *, #2989, .F. ) ;
#2122 = EDGE_CURVE ( 'NONE', #2680, #4945, #5808, .T. ) ;
#2123 = CARTESIAN_POINT ( 'NONE',  ( 0.000000000000000000, 26.05705187735223660, -100.0000000000000000 ) ) ;
#2124 = AXIS2_PLACEMENT_3D ( 'NONE', #1196, #1258, #6425 ) ;
#2125 = DIRECTION ( 'NONE',  ( 1.150268980431791831E-16, -1.000000000000000000, -4.226019675132849788E-32 ) ) ;
#2126 = EDGE_CURVE ( 'NONE', #4964, #6557, #3032, .T. ) ;
#2127 = ORIENTED_EDGE ( 'NONE', *, *, #3889, .T. ) ;
#2128 = FACE_OUTER_BOUND ( 'NONE', #5652, .T. ) ;
#2129 = DIRECTION ( 'NONE',  ( 0.08715574274764541218, 0.000000000000000000, 0.9961946980917466554 ) ) ;
#2130 = EDGE_CURVE ( 'NONE', #3669, #789, #4293, .T. ) ;
#2131 = CARTESIAN_POINT ( 'NONE',  ( -10.86499839385631994, 14.14431391230968593, -119.8678373221296596 ) ) ;
#2132 = DIRECTION ( 'NONE',  ( -0.000000000000000000, -1.000000000000000000, -0.000000000000000000 ) ) ;
#2133 = CYLINDRICAL_SURFACE ( 'NONE', #2875, 1.000000000000000888 ) ;
#2134 = EDGE_LOOP ( 'NONE', ( #6642, #674, #6455, #3081 ) ) ;
#2135 = VERTEX_POINT ( 'NONE', #2268 ) ;
#2136 = CARTESIAN_POINT ( 'NONE',  ( 5.534947508220113832, 15.09619911656851876, 122.9404601454049981 ) ) ;
#2137 = CARTESIAN_POINT ( 'NONE',  ( 2.249587012321360557E-15, 6.500000000000008882, -100.0000000000000000 ) ) ;
#2138 = CIRCLE ( 'NONE', #3790, 24.00000000000000000 ) ;
#2139 = ADVANCED_FACE ( 'NONE', ( #2336 ), #1795, .T. ) ;
#2140 = B_SPLINE_CURVE_WITH_KNOTS ( 'NONE', 3,
 ( #1543, #4149, #6331, #3637 ),
 .UNSPECIFIED., .F., .F.,
 ( 4, 4 ),
 ( 0.001150320977457007510, 0.003153469944068580579 ),
 .UNSPECIFIED. ) ;
#2141 = CARTESIAN_POINT ( 'NONE',  ( 3.348554254807539099, 7.794072183333959458, -77.54225701197093201 ) ) ;
#2142 = CYLINDRICAL_SURFACE ( 'NONE', #180, 25.10000000000001208 ) ;
#2143 =( GEOMETRIC_REPRESENTATION_CONTEXT ( 3 ) GLOBAL_UNCERTAINTY_ASSIGNED_CONTEXT ( ( #4659 ) ) GLOBAL_UNIT_ASSIGNED_CONTEXT ( ( #1838, #742, #5946 ) ) REPRESENTATION_CONTEXT ( 'NONE', 'WORKASPACE' ) );
#2144 = CARTESIAN_POINT ( 'NONE',  ( -17.14589584587845650, 15.49999999999998224, 116.7933991687891080 ) ) ;
#2145 = ORIENTED_EDGE ( 'NONE', *, *, #995, .F. ) ;
#2146 = VERTEX_POINT ( 'NONE', #733 ) ;
#2147 = CARTESIAN_POINT ( 'NONE',  ( -13.56091613274842622, 26.05705187735223305, -80.19844567614543962 ) ) ;
#2148 = CARTESIAN_POINT ( 'NONE',  ( -10.78407417371100863, 7.696141087872121922, 79.90722205616826557 ) ) ;
#2149 = LOCAL_TIME ( 21, 24, 22.00000000000000000, #6431 ) ;
#2150 = EDGE_LOOP ( 'NONE', ( #3027, #884, #5809, #6504 ) ) ;
#2151 = DIRECTION ( 'NONE',  ( -0.000000000000000000, -1.000000000000000000, -0.000000000000000000 ) ) ;
#2152 = CARTESIAN_POINT ( 'NONE',  ( 3.673940397442059493E-14, 0.000000000000000000, 100.0000000000000000 ) ) ;
#2153 = CARTESIAN_POINT ( 'NONE',  ( -11.75000000000011191, 14.13949659383204960, -80.64840301106575282 ) ) ;
#2154 = ORIENTED_EDGE ( 'NONE', *, *, #3351, .T. ) ;
#2155 = VERTEX_POINT ( 'NONE', #2818 ) ;
#2156 = CARTESIAN_POINT ( 'NONE',  ( 23.55307655630518937, 15.09619911566455563, 98.53270988132173613 ) ) ;
#2157 = EDGE_CURVE ( 'NONE', #5744, #2633, #5050, .T. ) ;
#2158 = CARTESIAN_POINT ( 'NONE',  ( 12.00881904510277032, 7.696141087872153896, 119.3856711626450959 ) ) ;
#2159 = ORIENTED_EDGE ( 'NONE', *, *, #3188, .F. ) ;
#2160 = DIRECTION ( 'NONE',  ( 0.7071067811865441310, 0.000000000000000000, -0.7071067811865507924 ) ) ;
#2161 = ORIENTED_EDGE ( 'NONE', *, *, #2741, .T. ) ;
#2162 = CYLINDRICAL_SURFACE ( 'NONE', #2441, 24.00000000000000000 ) ;
#2163 = EDGE_CURVE ( 'NONE', #420, #5482, #23, .T. ) ;
#2164 = ADVANCED_FACE ( 'NONE', ( #3753 ), #6517, .F. ) ;
#2165 = CARTESIAN_POINT ( 'NONE',  ( 21.66015832672817965, 7.696141087872128139, 92.86883441888339519 ) ) ;
#2166 = CARTESIAN_POINT ( 'NONE',  ( 21.45268736144249999, 7.855686111890712198, -92.75007904737303477 ) ) ;
#2167 = CARTESIAN_POINT ( 'NONE',  ( 3.261580130884094597, 14.30385891212785587, -122.5694057594358100 ) ) ;
#2168 = ORIENTED_EDGE ( 'NONE', *, *, #6598, .F. ) ;
#2169 = CARTESIAN_POINT ( 'NONE',  ( 17.05288955031200970, 7.302849822303716820, -84.26966765402328008 ) ) ;
#2170 = CARTESIAN_POINT ( 'NONE',  ( 4.299680222855182699, 7.925051666437100906, -77.83811891964913343 ) ) ;
#2171 = EDGE_CURVE ( 'NONE', #2155, #2246, #6583, .T. ) ;
#2172 = CARTESIAN_POINT ( 'NONE',  ( 3.996295226569367642, 7.999441325819197424, -77.85701780421315732 ) ) ;
#2173 = CARTESIAN_POINT ( 'NONE',  ( 22.63826109486597105, 7.855986950930498480, -99.47585790359865143 ) ) ;
#2174 = DIRECTION ( 'NONE',  ( 0.000000000000000000, 0.000000000000000000, 1.000000000000000000 ) ) ;
#2175 = EDGE_LOOP ( 'NONE', ( #6096, #1313, #1788, #2034 ) ) ;
#2176 = ORIENTED_EDGE ( 'NONE', *, *, #2130, .F. ) ;
#2177 = CARTESIAN_POINT ( 'NONE',  ( 23.11645821900317088, 6.500000000000011546, 106.4520817887781590 ) ) ;
#2178 = CARTESIAN_POINT ( 'NONE',  ( 13.56091613274830721, 6.500000000000010658, 80.19844567614534014 ) ) ;
#2179 = ORIENTED_EDGE ( 'NONE', *, *, #6315, .F. ) ;
#2180 = CARTESIAN_POINT ( 'NONE',  ( -13.04724879790228442, 15.09619911743537557, -119.6639175763045557 ) ) ;
#2181 = ADVANCED_FACE ( 'NONE', ( #6657 ), #401, .T. ) ;
#2182 = CARTESIAN_POINT ( 'NONE',  ( 4.080732175173871212, 14.01586186687937285, 122.1429821957859616 ) ) ;
#2183 = CARTESIAN_POINT ( 'NONE',  ( -3.633599466026419034, 7.966540390971683649, -122.2388853184707358 ) ) ;
#2184 = VERTEX_POINT ( 'NONE', #5521 ) ;
#2185 = ORIENTED_EDGE ( 'NONE', *, *, #373, .F. ) ;
#2186 = VERTEX_POINT ( 'NONE', #4971 ) ;
#2187 = CARTESIAN_POINT ( 'NONE',  ( 21.07620819694191994, 14.03379045545802128, 92.02633348367781707 ) ) ;
#2188 = CARTESIAN_POINT ( 'NONE',  ( 3.348533091317707822, 14.20596360627477495, -77.54221803763876153 ) ) ;
#2189 = ORIENTED_EDGE ( 'NONE', *, *, #4506, .T. ) ;
#2190 = PLANE ( 'NONE',  #3990 ) ;
#2191 = ORIENTED_EDGE ( 'NONE', *, *, #2080, .F. ) ;
#2192 = DIRECTION ( 'NONE',  ( -0.000000000000000000, -1.000000000000000000, -0.000000000000000000 ) ) ;
#2193 = DIRECTION ( 'NONE',  ( -0.7071067811865460184, 0.000000000000000000, 0.7071067811865489050 ) ) ;
#2194 = ORIENTED_EDGE ( 'NONE', *, *, #845, .T. ) ;
#2195 = CARTESIAN_POINT ( 'NONE',  ( 4.004251077460369106E-14, 0.000000000000000000, 74.90000000000000568 ) ) ;
#2196 = EDGE_CURVE ( 'NONE', #3241, #3827, #6135, .T. ) ;
#2197 = PLANE ( 'NONE',  #3644 ) ;
#2198 = EDGE_CURVE ( 'NONE', #20, #4166, #2704, .T. ) ;
#2199 = CARTESIAN_POINT ( 'NONE',  ( 4.080732175172795628, 14.01586186688014912, -77.85701780421310048 ) ) ;
#2200 = CARTESIAN_POINT ( 'NONE',  ( 21.19258113128315557, 14.00020932000456497, 107.5600468532751535 ) ) ;
#2201 = CARTESIAN_POINT ( 'NONE',  ( 3.673940397442059493E-14, 26.05705187735223660, 100.0000000000000000 ) ) ;
#2202 = ORIENTED_EDGE ( 'NONE', *, *, #2130, .T. ) ;
#2203 = ORIENTED_EDGE ( 'NONE', *, *, #6731, .T. ) ;
#2204 = CYLINDRICAL_SURFACE ( 'NONE', #2886, 24.00000000000000000 ) ;
#2205 = AXIS2_PLACEMENT_3D ( 'NONE', #3595, #4170, #4829 ) ;
#2206 = CARTESIAN_POINT ( 'NONE',  ( -18.45254097093819823, 14.69713885794929276, -85.93772435166091839 ) ) ;
#2207 = ORIENTED_EDGE ( 'NONE', *, *, #5914, .F. ) ;
#2208 = AXIS2_PLACEMENT_3D ( 'NONE', #3948, #3991, #4527 ) ;
#2209 = AXIS2_PLACEMENT_3D ( 'NONE', #3996, #473, #4061 ) ;
#2210 = EDGE_CURVE ( 'NONE', #591, #647, #1810, .T. ) ;
#2211 = CARTESIAN_POINT ( 'NONE',  ( -4.654308611523688910, 16.19999999999999929, -122.3238301514979582 ) ) ;
#2212 = CARTESIAN_POINT ( 'NONE',  ( 3.665276082098782862, 14.02973255052198986, 122.2297205549168382 ) ) ;
#2213 = COORDINATED_UNIVERSAL_TIME_OFFSET ( 8, 0, .AHEAD. ) ;
#2214 = ORIENTED_EDGE ( 'NONE', *, *, #544, .T. ) ;
#2215 = VERTEX_POINT ( 'NONE', #5479 ) ;
#2216 = AXIS2_PLACEMENT_3D ( 'NONE', #3478, #883, #916 ) ;
#2217 = CARTESIAN_POINT ( 'NONE',  ( -13.56091613274841556, 15.49999999999998224, -80.19844567614542541 ) ) ;
#2218 = VECTOR ( 'NONE', #1501, 1000.000000000000000 ) ;
#2219 = EDGE_CURVE ( 'NONE', #2800, #4550, #2379, .T. ) ;
#2220 = AXIS2_PLACEMENT_3D ( 'NONE', #1546, #3086, #5240 ) ;
#2221 = AXIS2_PLACEMENT_3D ( 'NONE', #6447, #221, #3267 ) ;
#2222 = CARTESIAN_POINT ( 'NONE',  ( 21.63081551696942029, 6.903790001781013430, -90.56555869432570205 ) ) ;
#2223 = ORIENTED_EDGE ( 'NONE', *, *, #3900, .T. ) ;
#2224 = CARTESIAN_POINT ( 'NONE',  ( -11.74999999999976019, 16.19999999999999929, 120.3515969889344319 ) ) ;
#2225 = CARTESIAN_POINT ( 'NONE',  ( 4.080732175173523046, 7.984138133120594283, -77.85701780421395313 ) ) ;
#2226 = VECTOR ( 'NONE', #2972, 1000.000000000000000 ) ;
#2227 = VERTEX_POINT ( 'NONE', #4490 ) ;
#2228 = VECTOR ( 'NONE', #5760, 1000.000000000000000 ) ;
#2229 = CARTESIAN_POINT ( 'NONE',  ( 17.91488867054834344, 14.30385891212786831, 85.89068587045802872 ) ) ;
#2230 = ORIENTED_EDGE ( 'NONE', *, *, #325, .F. ) ;
#2231 = ORIENTED_EDGE ( 'NONE', *, *, #6225, .T. ) ;
#2232 = DIRECTION ( 'NONE',  ( -0.000000000000000000, 1.000000000000000000, -0.000000000000000000 ) ) ;
#2233 = CARTESIAN_POINT ( 'NONE',  ( -11.51138071533258689, 7.966540530385658236, 80.62839260674456909 ) ) ;
#2234 = CARTESIAN_POINT ( 'NONE',  ( 4.080732175172796516, 16.19999999999999929, -77.85701780421310048 ) ) ;
#2235 = VECTOR ( 'NONE', #1209, 1000.000000000000000 ) ;
#2236 = ADVANCED_FACE ( 'NONE', ( #6102 ), #2953, .F. ) ;
#2237 = CARTESIAN_POINT ( 'NONE',  ( -23.92910714524983717, 15.49999999999998046, 98.15667929237706346 ) ) ;
#2238 = DIRECTION ( 'NONE',  ( -1.000000000000000000, -1.445602896647339163E-16, 5.782411586589356653E-16 ) ) ;
#2239 = EDGE_CURVE ( 'NONE', #6581, #3677, #3612, .T. ) ;
#2240 = CARTESIAN_POINT ( 'NONE',  ( -4.080732175173328535, 7.984138133120608494, 122.1429821957860611 ) ) ;
#2241 = ORIENTED_EDGE ( 'NONE', *, *, #2407, .F. ) ;
#2242 = ORIENTED_EDGE ( 'NONE', *, *, #2163, .F. ) ;
#2243 = CARTESIAN_POINT ( 'NONE',  ( 3.664496734298415603, 7.970006936681081733, 122.2301117082636637 ) ) ;
#2244 = VECTOR ( 'NONE', #5624, 1000.000000000000000 ) ;
#2245 = CARTESIAN_POINT ( 'NONE',  ( -4.654308611523966910, 14.30385891212786476, 77.67616984850211281 ) ) ;
#2246 = VERTEX_POINT ( 'NONE', #5551 ) ;
#2247 = B_SPLINE_CURVE_WITH_KNOTS ( 'NONE', 3,
 ( #4699, #3105, #25, #3621, #2594, #1016 ),
 .UNSPECIFIED., .F., .F.,
 ( 4, 2, 4 ),
 ( 2.989209868226312078E-07, 0.0003391538968115482785, 0.0006780088726362739140 ),
 .UNSPECIFIED. ) ;
#2248 = CONICAL_SURFACE ( 'NONE', #3456, 25.10000000000001208, 0.7853981633974539411 ) ;
#2249 = EDGE_CURVE ( 'NONE', #6670, #5866, #261, .T. ) ;
#2250 = DIRECTION ( 'NONE',  ( -0.000000000000000000, -1.000000000000000000, -0.000000000000000000 ) ) ;
#2251 = LINE ( 'NONE', #4001, #6159 ) ;
#2252 = COORDINATED_UNIVERSAL_TIME_OFFSET ( 8, 0, .AHEAD. ) ;
#2253 = VERTEX_POINT ( 'NONE', #4025 ) ;
#2254 = ORIENTED_EDGE ( 'NONE', *, *, #3050, .F. ) ;
#2255 = DIRECTION ( 'NONE',  ( -1.150268980431791831E-16, 1.000000000000000000, -0.000000000000000000 ) ) ;
#2256 = ADVANCED_FACE ( 'NONE', ( #5584 ), #2887, .F. ) ;
#2257 = CARTESIAN_POINT ( 'NONE',  ( -17.91488867054839673, 14.30385891212785765, -85.89068587045817083 ) ) ;
#2258 = VERTEX_POINT ( 'NONE', #296 ) ;
#2259 = FACE_OUTER_BOUND ( 'NONE', #205, .T. ) ;
#2260 = ORIENTED_EDGE ( 'NONE', *, *, #2869, .F. ) ;
#2261 = CARTESIAN_POINT ( 'NONE',  ( -17.09954750643156629, 15.09619911758238686, -116.2636352247645561 ) ) ;
#2262 = EDGE_CURVE ( 'NONE', #2311, #4195, #2789, .T. ) ;
#2263 = CARTESIAN_POINT ( 'NONE',  ( -3.664496734297880476, 14.02999306331893514, 122.2301117082637774 ) ) ;
#2264 = ORIENTED_EDGE ( 'NONE', *, *, #535, .T. ) ;
#2265 = LINE ( 'NONE', #2195, #3326 ) ;
#2266 = CARTESIAN_POINT ( 'NONE',  ( 2.249587012321360557E-15, 6.500000000000008882, -100.0000000000000000 ) ) ;
#2267 = CARTESIAN_POINT ( 'NONE',  ( -17.91488867054839673, 16.19999999999999929, -85.89068587045817083 ) ) ;
#2268 = CARTESIAN_POINT ( 'NONE',  ( -17.91488867054835765, 14.30385891212784699, 85.89068587045818504 ) ) ;
#2269 = DIRECTION ( 'NONE',  ( -0.000000000000000000, -1.000000000000000000, -0.000000000000000000 ) ) ;
#2270 = FACE_OUTER_BOUND ( 'NONE', #3870, .T. ) ;
#2271 = EDGE_LOOP ( 'NONE', ( #5431, #6204, #3216, #2901, #6400, #1873, #562, #5289, #3242, #1639, #4611, #6039, #1607, #6320, #2046, #2691, #3608, #861, #6307, #5671, #2053, #4687, #2995, #385, #1574, #1818, #667, #1504, #4066, #5487, #6360, #3295, #4152, #6433, #1606, #2500, #1567, #4933, #6030, #3250, #2965, #6097 ) ) ;
#2272 = CARTESIAN_POINT ( 'NONE',  ( 10.86499839385646560, 14.14431391230969659, 80.13216267787042568 ) ) ;
#2273 = CARTESIAN_POINT ( 'NONE',  ( -2.644941917294434841, 6.903790001830228285, 123.4500563950542471 ) ) ;
#2274 = ADVANCED_FACE ( 'NONE', ( #5071 ), #3917, .T. ) ;
#2275 = ORIENTED_EDGE ( 'NONE', *, *, #5138, .T. ) ;
#2276 = CARTESIAN_POINT ( 'NONE',  ( -17.91488867054821910, 7.696141087872125475, -114.1093141295420850 ) ) ;
#2277 = CARTESIAN_POINT ( 'NONE',  ( 11.75000000000027356, 16.19999999999999929, 120.3515969889341619 ) ) ;
#2278 = VERTEX_POINT ( 'NONE', #1354 ) ;
#2279 = APPROVAL_ROLE ( '' ) ;
#2280 = VERTEX_POINT ( 'NONE', #5658 ) ;
#2281 = VERTEX_POINT ( 'NONE', #6174 ) ;
#2282 = CARTESIAN_POINT ( 'NONE',  ( 11.89678749066262675, 7.780657509855696929, 80.64434760189371332 ) ) ;
#2283 = EDGE_CURVE ( 'NONE', #4648, #1137, #477, .T. ) ;
#2284 = EDGE_CURVE ( 'NONE', #1075, #3851, #2031, .T. ) ;
#2285 = DIRECTION ( 'NONE',  ( -0.000000000000000000, -1.000000000000000000, -0.000000000000000000 ) ) ;
#2286 = DIRECTION ( 'NONE',  ( 1.150268980431791831E-16, -1.000000000000000000, -4.226019675132849788E-32 ) ) ;
#2287 = ADVANCED_FACE ( 'NONE', ( #3190 ), #40, .F. ) ;
#2288 = ORIENTED_EDGE ( 'NONE', *, *, #1231, .T. ) ;
#2289 = CARTESIAN_POINT ( 'NONE',  ( 10.36819101250181951, 6.500000000000009770, 121.6448750314774827 ) ) ;
#2290 = B_SPLINE_CURVE_WITH_KNOTS ( 'NONE', 3,
 ( #248, #2714, #3294, #4419 ),
 .UNSPECIFIED., .F., .F.,
 ( 4, 4 ),
 ( 0.001150320978331622127, 0.003153469944068914080 ),
 .UNSPECIFIED. ) ;
#2291 = VERTEX_POINT ( 'NONE', #3646 ) ;
#2292 = CARTESIAN_POINT ( 'NONE',  ( 10.64438797060598141, 14.69713885779636797, -120.6140939509365921 ) ) ;
#2293 = VERTEX_POINT ( 'NONE', #17 ) ;
#2294 = CARTESIAN_POINT ( 'NONE',  ( 12.00881904510277032, 7.696141087872153896, 119.3856711626450959 ) ) ;
#2295 = CYLINDRICAL_SURFACE ( 'NONE', #6709, 1.000000000000000888 ) ;
#2296 = ORIENTED_EDGE ( 'NONE', *, *, #863, .F. ) ;
#2297 = LINE ( 'NONE', #1822, #6609 ) ;
#2298 = DIRECTION ( 'NONE',  ( 0.000000000000000000, 1.000000000000000000, 0.000000000000000000 ) ) ;
#2299 = CYLINDRICAL_SURFACE ( 'NONE', #5815, 1.000000000000000888 ) ;
#2300 = FACE_OUTER_BOUND ( 'NONE', #706, .T. ) ;
#2301 = CARTESIAN_POINT ( 'NONE',  ( -21.17646880143212584, 14.30385891212785054, -108.4600916298940803 ) ) ;
#2302 = CARTESIAN_POINT ( 'NONE',  ( 2.339929324814239209, 15.49999999999998401, -76.11434047896365485 ) ) ;
#2303 = ORIENTED_EDGE ( 'NONE', *, *, #6723, .F. ) ;
#2304 = CARTESIAN_POINT ( 'NONE',  ( 11.01993817269504383, 14.03379042668780485, 80.34429164182192551 ) ) ;
#2305 = CARTESIAN_POINT ( 'NONE',  ( 19.51562326895594524, 15.49999999999998579, -86.03073200113243502 ) ) ;
#2306 = B_SPLINE_CURVE_WITH_KNOTS ( 'NONE', 3,
 ( #179, #2282, #1232, #1809, #745, #1179, #3899, #2802, #3350, #2831 ),
 .UNSPECIFIED., .F., .F.,
 ( 4, 2, 2, 2, 4 ),
 ( 2.534827000477155011E-07, 0.0004262038063267449008, 0.0008521541299534421453, 0.001278104453580139336, 0.001704054777206836417 ),
 .UNSPECIFIED. ) ;
#2307 = EDGE_CURVE ( 'NONE', #4016, #5525, #3360, .T. ) ;
#2308 = DIRECTION ( 'NONE',  ( -0.9063077870366523792, 0.000000000000000000, -0.4226182617406942787 ) ) ;
#2309 = DIRECTION ( 'NONE',  ( -0.000000000000000000, -1.000000000000000000, -0.000000000000000000 ) ) ;
#2310 = SECURITY_CLASSIFICATION_LEVEL ( 'unclassified' ) ;
#2311 = VERTEX_POINT ( 'NONE', #4191 ) ;
#2312 = ORIENTED_EDGE ( 'NONE', *, *, #5722, .F. ) ;
#2313 = CARTESIAN_POINT ( 'NONE',  ( 11.74999999999995559, 14.13949659383203716, -80.64840301106566756 ) ) ;
#2314 = AXIS2_PLACEMENT_3D ( 'NONE', #2267, #3882, #4356 ) ;
#2315 = DIRECTION ( 'NONE',  ( -0.5735764363510581498, 0.000000000000000000, -0.8191520442889833609 ) ) ;
#2316 = CARTESIAN_POINT ( 'NONE',  ( 21.66015832672823649, 16.19999999999999929, -107.1311655811162922 ) ) ;
#2317 = EDGE_CURVE ( 'NONE', #3555, #5370, #5215, .T. ) ;
#2318 = EDGE_CURVE ( 'NONE', #3289, #1020, #1719, .T. ) ;
#2319 = ORIENTED_EDGE ( 'NONE', *, *, #5126, .T. ) ;
#2320 = CARTESIAN_POINT ( 'NONE',  ( 21.19125078562217368, 8.000207282041511547, 107.5625357174541534 ) ) ;
#2321 = VECTOR ( 'NONE', #5054, 1000.000000000000000 ) ;
#2322 = ORIENTED_EDGE ( 'NONE', *, *, #2429, .F. ) ;
#2323 = CARTESIAN_POINT ( 'NONE',  ( -5.534947508219874024, 15.09619911656852231, 77.05953985459497346 ) ) ;
#2324 = ORIENTED_EDGE ( 'NONE', *, *, #1455, .F. ) ;
#2325 = CARTESIAN_POINT ( 'NONE',  ( 3.673940397442059493E-14, 20.00000000000000000, 100.0000000000000000 ) ) ;
#2326 = VECTOR ( 'NONE', #1564, 1000.000000000000000 ) ;
#2327 = VECTOR ( 'NONE', #1718, 1000.000000000000000 ) ;
#2328 = EDGE_CURVE ( 'NONE', #90, #5744, #566, .T. ) ;
#2329 = CARTESIAN_POINT ( 'NONE',  ( -4.080732175172949283, 16.19999999999999929, -76.85701780421314311 ) ) ;
#2330 = EDGE_LOOP ( 'NONE', ( #3856, #4997, #163, #3019 ) ) ;
#2331 = FACE_OUTER_BOUND ( 'NONE', #2838, .T. ) ;
#2332 = FACE_OUTER_BOUND ( 'NONE', #1883, .T. ) ;
#2333 = B_SPLINE_CURVE_WITH_KNOTS ( 'NONE', 3,
 ( #6087, #3485, #5644, #4546, #6640, #965, #1978, #5680, #6121, #1436 ),
 .UNSPECIFIED., .F., .F.,
 ( 4, 2, 2, 2, 4 ),
 ( 3.462113389636065027E-07, 0.0004262970349632537155, 0.0008522478585875438222, 0.001278198682211833821, 0.001704149505836123927 ),
 .UNSPECIFIED. ) ;
#2334 = CARTESIAN_POINT ( 'NONE',  ( 21.66015832672815122, 14.30385891212786476, -92.86883441888342361 ) ) ;
#2335 = EDGE_CURVE ( 'NONE', #5248, #1569, #5233, .T. ) ;
#2336 = FACE_OUTER_BOUND ( 'NONE', #413, .T. ) ;
#2337 = CARTESIAN_POINT ( 'NONE',  ( 13.56091613274862340, 15.49999999999998579, 119.8015543238544609 ) ) ;
#2338 = DIRECTION ( 'NONE',  ( 1.150268980431791831E-16, -1.000000000000000000, -4.226019675132849788E-32 ) ) ;
#2339 = VERTEX_POINT ( 'NONE', #603 ) ;
#2340 = CARTESIAN_POINT ( 'NONE',  ( 12.00881904510249321, 14.30385891212785943, 80.61432883735471933 ) ) ;
#2341 = FACE_OUTER_BOUND ( 'NONE', #4484, .T. ) ;
#2342 = AXIS2_PLACEMENT_3D ( 'NONE', #1518, #2028, #563 ) ;
#2343 = EDGE_CURVE ( 'NONE', #3088, #1115, #688, .T. ) ;
#2344 = DIRECTION ( 'NONE',  ( 0.000000000000000000, 0.000000000000000000, 1.000000000000000000 ) ) ;
#2345 = CIRCLE ( 'NONE', #2897, 24.00000000000000355 ) ;
#2346 = CARTESIAN_POINT ( 'NONE',  ( 2.339929324814543854, 15.49999999999998401, -123.8856595210363309 ) ) ;
#2347 = ORIENTED_EDGE ( 'NONE', *, *, #1226, .T. ) ;
#2348 = PERSON_AND_ORGANIZATION_ROLE ( 'creator' ) ;
#2349 = ORIENTED_EDGE ( 'NONE', *, *, #2779, .F. ) ;
#2350 = B_SPLINE_CURVE_WITH_KNOTS ( 'NONE', 3,
 ( #3854, #3826, #1225, #4977 ),
 .UNSPECIFIED., .F., .F.,
 ( 4, 4 ),
 ( 2.483819566055092376E-07, 0.002003397347290030144 ),
 .UNSPECIFIED. ) ;
#2351 = ORIENTED_EDGE ( 'NONE', *, *, #4751, .T. ) ;
#2352 = ORIENTED_EDGE ( 'NONE', *, *, #4352, .T. ) ;
#2353 = FACE_OUTER_BOUND ( 'NONE', #1315, .T. ) ;
#2354 = VECTOR ( 'NONE', #127, 1000.000000000000000 ) ;
#2355 = CARTESIAN_POINT ( 'NONE',  ( 25.00000000000000000, 14.99999999999996803, -9.184850993605148733E-15 ) ) ;
#2356 = CARTESIAN_POINT ( 'NONE',  ( -23.17453400663464791, 7.302849823075322711, 101.0887475690077935 ) ) ;
#2357 = ORIENTED_EDGE ( 'NONE', *, *, #719, .T. ) ;
#2358 = AXIS2_PLACEMENT_3D ( 'NONE', #5216, #2132, #18 ) ;
#2359 = CARTESIAN_POINT ( 'NONE',  ( 21.85555259377040116, 6.500000000000011546, -109.9163915221685528 ) ) ;
#2360 = DIRECTION ( 'NONE',  ( -1.000000000000000000, -1.445602896647338917E-16, 5.782411586589355667E-16 ) ) ;
#2361 = ORIENTED_EDGE ( 'NONE', *, *, #4905, .F. ) ;
#2362 = FACE_OUTER_BOUND ( 'NONE', #1879, .T. ) ;
#2363 = EDGE_CURVE ( 'NONE', #6158, #3408, #4331, .T. ) ;
#2364 = EDGE_CURVE ( 'NONE', #1730, #5744, #814, .T. ) ;
#2365 = B_SPLINE_CURVE_WITH_KNOTS ( 'NONE', 3,
 ( #1234, #4257, #2677, #4913 ),
 .UNSPECIFIED., .F., .F.,
 ( 4, 4 ),
 ( 2.483701086426567229E-07, 0.002003359445416185401 ),
 .UNSPECIFIED. ) ;
#2366 = DIRECTION ( 'NONE',  ( -1.150268980431791831E-16, 1.000000000000000000, 4.226019675132849788E-32 ) ) ;
#2367 = EDGE_LOOP ( 'NONE', ( #4146, #5408, #242, #3661 ) ) ;
#2368 = ORIENTED_EDGE ( 'NONE', *, *, #1256, .F. ) ;
#2369 = CARTESIAN_POINT ( 'NONE',  ( -21.17646880143212584, 16.19999999999999929, -108.4600916298940803 ) ) ;
#2370 = DIRECTION ( 'NONE',  ( -0.7071067811865444641, 0.000000000000000000, -0.7071067811865505703 ) ) ;
#2371 = DIRECTION ( 'NONE',  ( 0.2588190451025272898, 0.000000000000000000, -0.9659258262890665359 ) ) ;
#2372 = EDGE_CURVE ( 'NONE', #4814, #400, #1454, .T. ) ;
#2373 = EDGE_CURVE ( 'NONE', #3694, #3394, #5805, .T. ) ;
#2374 = ORIENTED_EDGE ( 'NONE', *, *, #141, .T. ) ;
#2375 = CARTESIAN_POINT ( 'NONE',  ( -18.00204441329585237, 16.19999999999999929, -115.1055088276338267 ) ) ;
#2376 = CARTESIAN_POINT ( 'NONE',  ( 13.56091613274828411, 26.05705187735224015, -80.19844567614534014 ) ) ;
#2377 = LINE ( 'NONE', #330, #4201 ) ;
#2378 = EDGE_CURVE ( 'NONE', #591, #4875, #4691, .T. ) ;
#2379 = B_SPLINE_CURVE_WITH_KNOTS ( 'NONE', 3,
 ( #3470, #4457, #327, #2404 ),
 .UNSPECIFIED., .F., .F.,
 ( 4, 4 ),
 ( 2.483819566109170665E-07, 0.002003397347290063104 ),
 .UNSPECIFIED. ) ;
#2380 = ORIENTED_EDGE ( 'NONE', *, *, #2407, .T. ) ;
#2381 = PLANE ( 'NONE',  #3325 ) ;
#2382 = CARTESIAN_POINT ( 'NONE',  ( -10.78407417371068888, 16.19999999999999929, 120.0927779438318908 ) ) ;
#2383 = CARTESIAN_POINT ( 'NONE',  ( -3.910367777673238177, 13.99615638501489556, -77.84614224720630205 ) ) ;
#2384 = DIRECTION ( 'NONE',  ( -1.150268980431791831E-16, 1.000000000000000000, -0.000000000000000000 ) ) ;
#2385 = CARTESIAN_POINT ( 'NONE',  ( -23.50000000000000000, 16.19999999999999929, -100.0000000000000000 ) ) ;
#2386 = ORIENTED_EDGE ( 'NONE', *, *, #6723, .T. ) ;
#2387 = ORIENTED_EDGE ( 'NONE', *, *, #664, .F. ) ;
#2388 = PLANE ( 'NONE',  #1233 ) ;
#2389 = CARTESIAN_POINT ( 'NONE',  ( 17.91488867054830081, 14.30385891212785765, -85.89068587045804293 ) ) ;
#2390 = CARTESIAN_POINT ( 'NONE',  ( -2.952017461841880852, 14.69713885689457555, 123.0115070681895588 ) ) ;
#2391 = CARTESIAN_POINT ( 'NONE',  ( 11.74999999999997335, 7.860503406167956619, -80.64840301106568177 ) ) ;
#2392 = ORIENTED_EDGE ( 'NONE', *, *, #1182, .F. ) ;
#2393 = FACE_OUTER_BOUND ( 'NONE', #1400, .T. ) ;
#2394 = CARTESIAN_POINT ( 'NONE',  ( 3.795374890435334674E-14, 15.49999999999998401, 100.0000000000000000 ) ) ;
#2395 = ORIENTED_EDGE ( 'NONE', *, *, #6636, .T. ) ;
#2396 = LINE ( 'NONE', #2944, #5938 ) ;
#2397 = CARTESIAN_POINT ( 'NONE',  ( -21.85555259377031234, 15.49999999999998224, 90.08360847783134773 ) ) ;
#2398 = ORIENTED_EDGE ( 'NONE', *, *, #2283, .T. ) ;
#2399 = ORIENTED_EDGE ( 'NONE', *, *, #5462, .F. ) ;
#2400 = CARTESIAN_POINT ( 'NONE',  ( -17.07800278143192685, 14.03379041350811285, -114.7012832365627730 ) ) ;
#2401 = PLANE ( 'NONE',  #5831 ) ;
#2402 = CARTESIAN_POINT ( 'NONE',  ( 23.55307655630515740, 15.09619911566456096, -101.4672901186782639 ) ) ;
#2403 = ORIENTED_EDGE ( 'NONE', *, *, #4228, .F. ) ;
#2404 = CARTESIAN_POINT ( 'NONE',  ( 17.14589584587888993, 15.49999999999998579, 116.7933991687887527 ) ) ;
#2405 = DIRECTION ( 'NONE',  ( 0.000000000000000000, 0.000000000000000000, 1.000000000000000000 ) ) ;
#2406 = CYLINDRICAL_SURFACE ( 'NONE', #6490, 1.000000000000000888 ) ;
#2407 = EDGE_CURVE ( 'NONE', #2090, #1126, #3352, .T. ) ;
#2408 = ORIENTED_EDGE ( 'NONE', *, *, #4255, .F. ) ;
#2409 = CARTESIAN_POINT ( 'NONE',  ( -17.91488867054821910, 7.696141087872125475, -114.1093141295420850 ) ) ;
#2410 = FACE_OUTER_BOUND ( 'NONE', #866, .T. ) ;
#2411 = B_SPLINE_CURVE_WITH_KNOTS ( 'NONE', 3,
 ( #2106, #2620, #1562, #5701 ),
 .UNSPECIFIED., .F., .F.,
 ( 4, 4 ),
 ( 2.730162618578579570E-07, 0.002003421982873442378 ),
 .UNSPECIFIED. ) ;
#2412 = CARTESIAN_POINT ( 'NONE',  ( 22.63855090686945104, 14.14431377778655197, 99.47544626193445083 ) ) ;
#2413 = CARTESIAN_POINT ( 'NONE',  ( 18.98585932493139339, 15.09619911758238331, 85.98438366168549862 ) ) ;
#2414 = EDGE_CURVE ( 'NONE', #1344, #5310, #2978, .T. ) ;
#2415 = FACE_OUTER_BOUND ( 'NONE', #5435, .T. ) ;
#2416 = ORIENTED_EDGE ( 'NONE', *, *, #2373, .T. ) ;
#2417 = VERTEX_POINT ( 'NONE', #6054 ) ;
#2418 = PLANE ( 'NONE',  #4718 ) ;
#2419 = ADVANCED_FACE ( 'NONE', ( #5463 ), #1774, .T. ) ;
#2420 = DIRECTION ( 'NONE',  ( -0.9063077870366427202, 0.000000000000000000, -0.4226182617407149289 ) ) ;
#2421 = DIRECTION ( 'NONE',  ( 0.8191520442889964615, 0.000000000000000000, -0.5735764363510393871 ) ) ;
#2422 = DIRECTION ( 'NONE',  ( -0.5735764363510340580, 0.000000000000000000, -0.8191520442890003473 ) ) ;
#2423 = EDGE_LOOP ( 'NONE', ( #1717, #6190, #3013, #2510, #2821, #5338 ) ) ;
#2424 = DIRECTION ( 'NONE',  ( -1.000000000000000000, -1.445602896647339163E-16, 0.000000000000000000 ) ) ;
#2425 = CARTESIAN_POINT ( 'NONE',  ( 17.79934633805180155, 7.780657572282898116, -85.88057722620725087 ) ) ;
#2426 = ORIENTED_EDGE ( 'NONE', *, *, #6194, .T. ) ;
#2427 = VECTOR ( 'NONE', #1216, 999.9999999999998863 ) ;
#2428 = CARTESIAN_POINT ( 'NONE',  ( 17.91488867054830081, 14.30385891212785765, -85.89068587045804293 ) ) ;
#2429 = EDGE_CURVE ( 'NONE', #2099, #5228, #255, .T. ) ;
#2430 = VECTOR ( 'NONE', #3820, 1000.000000000000000 ) ;
#2431 = AXIS2_PLACEMENT_3D ( 'NONE', #22, #540, #2647 ) ;
#2432 = CARTESIAN_POINT ( 'NONE',  ( -17.05288819640702513, 14.69713885794929098, 84.26968312922896587 ) ) ;
#2433 = VERTEX_POINT ( 'NONE', #3868 ) ;
#2434 = B_SPLINE_CURVE_WITH_KNOTS ( 'NONE', 3,
 ( #264, #5981, #4936, #1296 ),
 .UNSPECIFIED., .F., .F.,
 ( 4, 4 ),
 ( 2.561531857401900512E-07, 0.002003367228548912689 ),
 .UNSPECIFIED. ) ;
#2435 = ORIENTED_EDGE ( 'NONE', *, *, #5496, .F. ) ;
#2436 = CARTESIAN_POINT ( 'NONE',  ( -23.92910714524987270, 15.49999999999998046, -101.8433207076229792 ) ) ;
#2437 = CARTESIAN_POINT ( 'NONE',  ( 17.00500244574794451, 14.14401195502379593, -114.9531077885772561 ) ) ;
#2438 = EDGE_CURVE ( 'NONE', #3323, #347, #4951, .T. ) ;
#2439 = CARTESIAN_POINT ( 'NONE',  ( -16.99572930846295193, 14.21924408373306115, 84.92301220799741657 ) ) ;
#2440 = AXIS2_PLACEMENT_3D ( 'NONE', #4214, #2697, #2119 ) ;
#2441 = AXIS2_PLACEMENT_3D ( 'NONE', #1620, #3745, #1519 ) ;
#2442 = DIRECTION ( 'NONE',  ( -1.000000000000000000, -1.382249781654826375E-16, 0.000000000000000000 ) ) ;
#2443 = CYLINDRICAL_SURFACE ( 'NONE', #508, 25.10000000000001208 ) ;
#2444 = AXIS2_PLACEMENT_3D ( 'NONE', #5926, #6444, #4923 ) ;
#2445 = DIRECTION ( 'NONE',  ( 0.7071067811865489050, 0.000000000000000000, -0.7071067811865462405 ) ) ;
#2446 = ORIENTED_EDGE ( 'NONE', *, *, #959, .T. ) ;
#2447 = DIRECTION ( 'NONE',  ( -1.150268980431791831E-16, 1.000000000000000000, -0.000000000000000000 ) ) ;
#2448 = CARTESIAN_POINT ( 'NONE',  ( 10.80867155960811132, 14.23460612714119655, -79.99902075007003077 ) ) ;
#2449 = AXIS2_PLACEMENT_3D ( 'NONE', #6074, #6181, #2037 ) ;
#2450 = EDGE_CURVE ( 'NONE', #5696, #4076, #1156, .T. ) ;
#2451 = CARTESIAN_POINT ( 'NONE',  ( 22.71088115686363551, 14.21934324031773578, 99.37490528076331486 ) ) ;
#2452 = DIRECTION ( 'NONE',  ( -1.150268980431791831E-16, 1.000000000000000000, -0.000000000000000000 ) ) ;
#2453 = CARTESIAN_POINT ( 'NONE',  ( -22.79289321881345387, 14.30385891212785943, -99.29289321881346098 ) ) ;
#2454 = VERTEX_POINT ( 'NONE', #2804 ) ;
#2455 = ORIENTED_EDGE ( 'NONE', *, *, #4714, .T. ) ;
#2456 = VERTEX_POINT ( 'NONE', #747 ) ;
#2457 = CARTESIAN_POINT ( 'NONE',  ( 24.99999999999999645, 15.00000000000005151, 83.41687604822300273 ) ) ;
#2458 = DIRECTION ( 'NONE',  ( 1.000000000000000000, -0.000000000000000000, 4.159166725385326943E-17 ) ) ;
#2459 = EDGE_CURVE ( 'NONE', #6018, #3897, #4885, .T. ) ;
#2460 = CIRCLE ( 'NONE', #3785, 24.00000000000000355 ) ;
#2461 = CARTESIAN_POINT ( 'NONE',  ( 19.99999999999999645, 20.00000000000000000, -100.0000000000000000 ) ) ;
#2462 = CARTESIAN_POINT ( 'NONE',  ( -3.261580130883956485, 14.30385891212786298, -77.43059424056417583 ) ) ;
#2463 = DIRECTION ( 'NONE',  ( -1.000000000000000000, -1.445602896647338917E-16, 5.782411586589355667E-16 ) ) ;
#2464 = VERTEX_POINT ( 'NONE', #2833 ) ;
#2465 = LINE ( 'NONE', #5505, #6600 ) ;
#2466 = EDGE_CURVE ( 'NONE', #4139, #2417, #2365, .T. ) ;
#2467 = CARTESIAN_POINT ( 'NONE',  ( 17.67931308332401485, 7.855686076509203808, -85.85005161240002280 ) ) ;
#2468 = VERTEX_POINT ( 'NONE', #4764 ) ;
#2469 = VECTOR ( 'NONE', #2797, 1000.000000000000000 ) ;
#2470 = CARTESIAN_POINT ( 'NONE',  ( -11.74999999999977796, 7.860503406167967277, 119.3515969889344177 ) ) ;
#2471 = CARTESIAN_POINT ( 'NONE',  ( 21.19258113128305965, 7.999790679995403053, 92.43995314672451968 ) ) ;
#2472 = ORIENTED_EDGE ( 'NONE', *, *, #5454, .F. ) ;
#2473 = EDGE_CURVE ( 'NONE', #1275, #5696, #1563, .T. ) ;
#2474 = ORIENTED_EDGE ( 'NONE', *, *, #6560, .T. ) ;
#2475 = DIRECTION ( 'NONE',  ( 0.000000000000000000, 0.000000000000000000, -1.000000000000000000 ) ) ;
#2476 = DIRECTION ( 'NONE',  ( -0.08715574274765844343, 0.000000000000000000, 0.9961946980917455452 ) ) ;
#2477 = CARTESIAN_POINT ( 'NONE',  ( 10.50582405129436836, 6.903790001752470040, -121.1312215379034427 ) ) ;
#2478 = ADVANCED_FACE ( 'NONE', ( #5990 ), #4475, .T. ) ;
#2479 = CARTESIAN_POINT ( 'NONE',  ( -10.50582776005182062, 15.09619911743538800, 78.86879230336833757 ) ) ;
#2480 = CARTESIAN_POINT ( 'NONE',  ( -2.952017461841931478, 14.69713885689457911, -123.0115070681895730 ) ) ;
#2481 = CARTESIAN_POINT ( 'NONE',  ( 19.51562326895593813, 26.05705187735224015, -86.03073200113243502 ) ) ;
#2482 = B_SPLINE_CURVE_WITH_KNOTS ( 'NONE', 3,
 ( #6487, #737, #2791, #707, #5384, #2852, #3402, #5483, #6010, #4391 ),
 .UNSPECIFIED., .F., .F.,
 ( 4, 2, 2, 2, 4 ),
 ( 2.701365643706568388E-07, 0.0004262205501935917447, 0.0008521709638228127607, 0.001278121377452033722, 0.001704071791081254901 ),
 .UNSPECIFIED. ) ;
#2483 = EDGE_LOOP ( 'NONE', ( #6065, #841, #6064, #4364 ) ) ;
#2484 = CARTESIAN_POINT ( 'NONE',  ( 1.214344929932751015E-15, 15.49999999999998401, -100.0000000000000000 ) ) ;
#2485 = CARTESIAN_POINT ( 'NONE',  ( 3.303106800183092180E-15, 0.000000000000000000, -125.1000000000000227 ) ) ;
#2486 = CARTESIAN_POINT ( 'NONE',  ( -23.11645821900304654, 15.49999999999998046, 93.54791821122168471 ) ) ;
#2487 = DIRECTION ( 'NONE',  ( -1.150268980431791831E-16, 1.000000000000000000, -0.000000000000000000 ) ) ;
#2488 = CARTESIAN_POINT ( 'NONE',  ( 0.000000000000000000, 26.05705187735223660, -100.0000000000000000 ) ) ;
#2489 = EDGE_LOOP ( 'NONE', ( #1138, #1690, #4916, #3459 ) ) ;
#2490 = ORIENTED_EDGE ( 'NONE', *, *, #3835, .F. ) ;
#2491 = CARTESIAN_POINT ( 'NONE',  ( 17.91488867054830081, 7.696141087872137021, -85.89068587045804293 ) ) ;
#2492 = EDGE_CURVE ( 'NONE', #1437, #5293, #5726, .T. ) ;
#2493 = DIRECTION ( 'NONE',  ( -1.000000000000000000, -1.445602896647338917E-16, 5.782411586589355667E-16 ) ) ;
#2494 = LINE ( 'NONE', #417, #174 ) ;
#2495 = CARTESIAN_POINT ( 'NONE',  ( 16.99574107095869024, 14.21934242776103652, -84.92287776205505168 ) ) ;
#2496 = DIRECTION ( 'NONE',  ( 1.150268980431791831E-16, -1.000000000000000000, -4.226019675132849788E-32 ) ) ;
#2497 = VERTEX_POINT ( 'NONE', #2905 ) ;
#2498 = ADVANCED_FACE ( 'NONE', ( #6562 ), #4396, .F. ) ;
#2499 = CARTESIAN_POINT ( 'NONE',  ( -21.19258113128303833, 14.00020932000459162, 92.43995314672467600 ) ) ;
#2500 = ORIENTED_EDGE ( 'NONE', *, *, #5453, .T. ) ;
#2501 = CARTESIAN_POINT ( 'NONE',  ( -10.78407417371069954, 7.696141087872146791, 120.0927779438318908 ) ) ;
#2502 = EDGE_CURVE ( 'NONE', #5, #3117, #245, .T. ) ;
#2503 = CARTESIAN_POINT ( 'NONE',  ( -17.00584971520428113, 14.30385891212785765, 84.80733542961877447 ) ) ;
#2504 = ORIENTED_EDGE ( 'NONE', *, *, #1634, .F. ) ;
#2505 = ORIENTED_EDGE ( 'NONE', *, *, #303, .F. ) ;
#2506 = CARTESIAN_POINT ( 'NONE',  ( 21.17646880143222177, 16.19999999999999929, 91.53990837010607606 ) ) ;
#2507 = LINE ( 'NONE', #4558, #1459 ) ;
#2508 = CARTESIAN_POINT ( 'NONE',  ( 2.292433343232368651E-16, 0.000000000000000000, -100.0000000000000000 ) ) ;
#2509 = EDGE_CURVE ( 'NONE', #5229, #6502, #3688, .T. ) ;
#2510 = ORIENTED_EDGE ( 'NONE', *, *, #4013, .F. ) ;
#2511 = CARTESIAN_POINT ( 'NONE',  ( -10.36819101250162767, 15.49999999999998224, 78.35512496852247466 ) ) ;
#2512 = DIRECTION ( 'NONE',  ( -0.000000000000000000, -1.000000000000000000, -0.000000000000000000 ) ) ;
#2513 = PLANE ( 'NONE',  #2882 ) ;
#2514 = ORIENTED_EDGE ( 'NONE', *, *, #4968, .F. ) ;
#2515 = CARTESIAN_POINT ( 'NONE',  ( -12.53013505220722834, 14.69713885779636797, 119.5253573657505370 ) ) ;
#2516 = DIRECTION ( 'NONE',  ( 0.000000000000000000, 1.000000000000000000, 0.000000000000000000 ) ) ;
#2517 = DIRECTION ( 'NONE',  ( -1.000000000000000000, -1.445602896647338917E-16, 5.782411586589355667E-16 ) ) ;
#2518 = CARTESIAN_POINT ( 'NONE',  ( -12.00881904510257847, 7.696141087872122810, 80.61432883735480459 ) ) ;
#2519 = DIRECTION ( 'NONE',  ( -0.000000000000000000, -1.000000000000000000, -0.000000000000000000 ) ) ;
#2520 = ORIENTED_EDGE ( 'NONE', *, *, #5865, .F. ) ;
#2521 = VERTEX_POINT ( 'NONE', #6339 ) ;
#2522 = CARTESIAN_POINT ( 'NONE',  ( -23.92910714524983362, 15.49999999999998046, 101.8433207076229934 ) ) ;
#2523 = CARTESIAN_POINT ( 'NONE',  ( -22.53231200683134006, 7.966209414191611771, 99.71569187128865508 ) ) ;
#2524 = ORIENTED_EDGE ( 'NONE', *, *, #6553, .T. ) ;
#2525 = DIRECTION ( 'NONE',  ( 0.8191520442889966835, 0.000000000000000000, 0.5735764363510391650 ) ) ;
#2526 = DIRECTION ( 'NONE',  ( 1.150268980431791831E-16, -1.000000000000000000, -4.226019675132849788E-32 ) ) ;
#2527 = DIRECTION ( 'NONE',  ( 1.150268980431791831E-16, -1.000000000000000000, -4.226019675132849788E-32 ) ) ;
#2528 = VERTEX_POINT ( 'NONE', #2462 ) ;
#2529 = CYLINDRICAL_SURFACE ( 'NONE', #391, 1.000000000000000888 ) ;
#2530 = ORIENTED_EDGE ( 'NONE', *, *, #2043, .F. ) ;
#2531 = DIRECTION ( 'NONE',  ( 0.000000000000000000, 0.000000000000000000, -1.000000000000000000 ) ) ;
#2532 = ADVANCED_FACE ( 'NONE', ( #5566 ), #345, .F. ) ;
#2533 = LINE ( 'NONE', #6716, #6596 ) ;
#2534 = VECTOR ( 'NONE', #475, 1000.000000000000000 ) ;
#2535 = VERTEX_POINT ( 'NONE', #1506 ) ;
#2536 = ORIENTED_EDGE ( 'NONE', *, *, #3442, .F. ) ;
#2537 = CARTESIAN_POINT ( 'NONE',  ( -17.79921189211177079, 14.21924408369078918, -114.1194345362884803 ) ) ;
#2538 = DIRECTION ( 'NONE',  ( -0.000000000000000000, -1.000000000000000000, -0.000000000000000000 ) ) ;
#2539 = DIRECTION ( 'NONE',  ( 0.000000000000000000, 0.000000000000000000, 1.000000000000000000 ) ) ;
#2540 = AXIS2_PLACEMENT_3D ( 'NONE', #5740, #4665, #6247 ) ;
#2541 = EDGE_CURVE ( 'NONE', #5310, #6557, #6748, .T. ) ;
#2542 = CARTESIAN_POINT ( 'NONE',  ( 1.214344929932751015E-15, 15.49999999999998401, -100.0000000000000000 ) ) ;
#2543 = DIRECTION ( 'NONE',  ( -1.000000000000000000, -1.445602896647338917E-16, 0.000000000000000000 ) ) ;
#2544 = CARTESIAN_POINT ( 'NONE',  ( 2.249587012321360557E-15, 6.500000000000008882, -100.0000000000000000 ) ) ;
#2545 = ORIENTED_EDGE ( 'NONE', *, *, #5631, .F. ) ;
#2546 = EDGE_LOOP ( 'NONE', ( #4313, #1414, #6577, #5495 ) ) ;
#2547 = DIRECTION ( 'NONE',  ( -1.150268980431791831E-16, 1.000000000000000000, 4.226019675132849788E-32 ) ) ;
#2548 = AXIS2_PLACEMENT_3D ( 'NONE', #2629, #4710, #36 ) ;
#2550 = CIRCLE ( 'NONE', #5376, 24.00000000000000355 ) ;
#2549 = CYLINDRICAL_SURFACE ( 'NONE', #4831, 1.000000000000000888 ) ;
#2551 = EDGE_CURVE ( 'NONE', #5776, #3512, #1166, .T. ) ;
#2552 = CIRCLE ( 'NONE', #5833, 25.09999999999999787 ) ;
#2553 = VECTOR ( 'NONE', #1241, 1000.000000000000000 ) ;
#2554 = CARTESIAN_POINT ( 'NONE',  ( -21.17646880143225374, 14.30385891212785943, -91.53990837010623238 ) ) ;
#2555 = CARTESIAN_POINT ( 'NONE',  ( -12.00881904510261933, 14.30385891212787541, -80.61432883735480459 ) ) ;
#2556 = LINE ( 'NONE', #6047, #5606 ) ;
#2557 = ORIENTED_EDGE ( 'NONE', *, *, #5639, .F. ) ;
#2558 = VERTEX_POINT ( 'NONE', #2568 ) ;
#2559 = EDGE_CURVE ( 'NONE', #2022, #1344, #6156, .T. ) ;
#2560 = CARTESIAN_POINT ( 'NONE',  ( 2.339929324814544298, 26.05705187735223660, -123.8856595210363167 ) ) ;
#2561 = B_SPLINE_CURVE_WITH_KNOTS ( 'NONE', 3,
 ( #5261, #2600, #4674, #2523, #2014, #5674, #5748, #447, #1610, #6773 ),
 .UNSPECIFIED., .F., .F.,
 ( 4, 2, 2, 2, 4 ),
 ( 3.462113389622428326E-07, 0.0004262970349632523061, 0.0008522478585875423044, 0.001278198682211832303, 0.001704149505836122409 ),
 .UNSPECIFIED. ) ;
#2562 = CIRCLE ( 'NONE', #1687, 30.00000000000000000 ) ;
#2563 = LINE ( 'NONE', #5198, #5594 ) ;
#2564 = EDGE_LOOP ( 'NONE', ( #3707, #3253, #2398, #5597 ) ) ;
#2565 = CARTESIAN_POINT ( 'NONE',  ( 17.79921189211206212, 7.780755916309209930, -114.1194345362880966 ) ) ;
#2566 = EDGE_CURVE ( 'NONE', #957, #1162, #4249, .T. ) ;
#2567 = AXIS2_PLACEMENT_3D ( 'NONE', #6446, #5411, #730 ) ;
#2568 = CARTESIAN_POINT ( 'NONE',  ( 21.85555259377040116, 15.49999999999998579, -109.9163915221685528 ) ) ;
#2569 = CARTESIAN_POINT ( 'NONE',  ( -21.09387130279854716, 14.14431388817447477, 108.2357599716728771 ) ) ;
#2570 = ORIENTED_EDGE ( 'NONE', *, *, #2171, .F. ) ;
#2571 = DIRECTION ( 'NONE',  ( -0.000000000000000000, -1.000000000000000000, -0.000000000000000000 ) ) ;
#2572 = ORIENTED_EDGE ( 'NONE', *, *, #3809, .F. ) ;
#2573 = DIRECTION ( 'NONE',  ( 0.000000000000000000, 0.000000000000000000, 1.000000000000000000 ) ) ;
#2574 = AXIS2_PLACEMENT_3D ( 'NONE', #449, #855, #2420 ) ;
#2575 = VECTOR ( 'NONE', #5878, 1000.000000000000000 ) ;
#2576 = CARTESIAN_POINT ( 'NONE',  ( 3.898899098674196022E-14, 6.500000000000008882, 100.0000000000000000 ) ) ;
#2577 = ORIENTED_EDGE ( 'NONE', *, *, #1266, .T. ) ;
#2578 = VERTEX_POINT ( 'NONE', #1435 ) ;
#2579 = PLANE ( 'NONE',  #4418 ) ;
#2580 = DIRECTION ( 'NONE',  ( -1.150268980431791831E-16, 1.000000000000000000, -0.000000000000000000 ) ) ;
#2581 = EDGE_CURVE ( 'NONE', #3512, #5047, #6086, .T. ) ;
#2582 = CARTESIAN_POINT ( 'NONE',  ( 4.493833797922443196, 7.823870444962953918, 122.2265656880828431 ) ) ;
#2583 = CARTESIAN_POINT ( 'NONE',  ( 25.00000000000003553, 20.00000000000000000, 83.41687604822300273 ) ) ;
#2584 = ADVANCED_FACE ( 'NONE', ( #3517 ), #1471, .T. ) ;
#2585 = CARTESIAN_POINT ( 'NONE',  ( -11.77355264233092669, 7.855686087657331562, -119.3432832822362002 ) ) ;
#2586 = ORIENTED_EDGE ( 'NONE', *, *, #6636, .F. ) ;
#2587 = DIRECTION ( 'NONE',  ( -1.000000000000000000, -1.445602896647338917E-16, 5.782411586589355667E-16 ) ) ;
#2588 = AXIS2_PLACEMENT_3D ( 'NONE', #75, #6228, #1577 ) ;
#2589 = EDGE_CURVE ( 'NONE', #2680, #5561, #1132, .T. ) ;
#2590 = DIRECTION ( 'NONE',  ( 0.5735764363510522656, 0.000000000000000000, -0.8191520442889875797 ) ) ;
#2591 = EDGE_CURVE ( 'NONE', #3074, #1517, #5817, .T. ) ;
#2592 = EDGE_CURVE ( 'NONE', #6670, #2117, #4074, .T. ) ;
#2593 = CYLINDRICAL_SURFACE ( 'NONE', #2540, 25.10000000000001208 ) ;
#2594 = CARTESIAN_POINT ( 'NONE',  ( -4.192269429926313684, 14.03607666775675078, -77.85701780421304363 ) ) ;
#2595 = CARTESIAN_POINT ( 'NONE',  ( -2.644950136976789157, 15.09619911656852231, 76.54995534386827671 ) ) ;
#2596 = ORIENTED_EDGE ( 'NONE', *, *, #3543, .T. ) ;
#2597 = ORIENTED_EDGE ( 'NONE', *, *, #373, .T. ) ;
#2598 = CARTESIAN_POINT ( 'NONE',  ( 21.66015832672827557, 7.696141087872148567, 107.1311655811162638 ) ) ;
#2599 = CARTESIAN_POINT ( 'NONE',  ( -17.00584971520407862, 7.696141087872123698, 115.1926645703814955 ) ) ;
#2600 = CARTESIAN_POINT ( 'NONE',  ( -22.71088115686355735, 7.780656759682250900, 99.37490528076332907 ) ) ;
#2601 = LINE ( 'NONE', #5263, #3009 ) ;
#2602 = CARTESIAN_POINT ( 'NONE',  ( 4.192683576610206408, 14.03379050486477375, -122.1406259239279848 ) ) ;
#2603 = DIRECTION ( 'NONE',  ( 0.000000000000000000, 0.000000000000000000, -1.000000000000000000 ) ) ;
#2604 = ORIENTED_EDGE ( 'NONE', *, *, #3674, .T. ) ;
#2605 = CYLINDRICAL_SURFACE ( 'NONE', #6610, 1.000000000000000888 ) ;
#2606 = VERTEX_POINT ( 'NONE', #6706 ) ;
#2607 = CARTESIAN_POINT ( 'NONE',  ( 23.55307655630518937, 15.09619911566455208, 101.4672901186782354 ) ) ;
#2608 = DIRECTION ( 'NONE',  ( -1.000000000000000000, -1.084202172485504434E-16, 5.782411586589356653E-16 ) ) ;
#2609 = ORIENTED_EDGE ( 'NONE', *, *, #827, .T. ) ;
#2610 = FACE_OUTER_BOUND ( 'NONE', #2483, .T. ) ;
#2611 = CARTESIAN_POINT ( 'NONE',  ( 17.00584971520425981, 7.696141087872121034, 84.80733542961863236 ) ) ;
#2612 = DIRECTION ( 'NONE',  ( -1.000000000000000000, -1.084202172485504434E-16, 5.782411586589356653E-16 ) ) ;
#2613 = CARTESIAN_POINT ( 'NONE',  ( 12.00881904510246478, 14.30385891212785587, -80.61432883735473354 ) ) ;
#2614 = CARTESIAN_POINT ( 'NONE',  ( 3.898899098674196022E-14, 6.500000000000008882, 100.0000000000000000 ) ) ;
#2615 = VERTEX_POINT ( 'NONE', #2017 ) ;
#2616 = CARTESIAN_POINT ( 'NONE',  ( -17.00584971520431665, 7.696141087872140574, -84.80733542961877447 ) ) ;
#2617 = CARTESIAN_POINT ( 'NONE',  ( 11.21225137800457716, 13.99397011697996263, -80.49930813880422420 ) ) ;
#2618 = EDGE_CURVE ( 'NONE', #5100, #2278, #786, .T. ) ;
#2619 = CARTESIAN_POINT ( 'NONE',  ( -23.92910714524983007, 26.05705187735223660, 98.15667929237706346 ) ) ;
#2620 = CARTESIAN_POINT ( 'NONE',  ( 21.40455843166949634, 14.69713885746530302, -108.9492314204337617 ) ) ;
#2621 = FACE_OUTER_BOUND ( 'NONE', #2707, .T. ) ;
#2622 = ORIENTED_EDGE ( 'NONE', *, *, #5724, .F. ) ;
#2623 = ORIENTED_EDGE ( 'NONE', *, *, #1545, .F. ) ;
#2624 = LINE ( 'NONE', #104, #3111 ) ;
#2625 = FACE_OUTER_BOUND ( 'NONE', #6359, .T. ) ;
#2626 = CARTESIAN_POINT ( 'NONE',  ( -10.36819101250162767, 6.500000000000007994, 78.35512496852247466 ) ) ;
#2627 = VERTEX_POINT ( 'NONE', #4144 ) ;
#2628 = CARTESIAN_POINT ( 'NONE',  ( -22.79289321881342190, 14.30385891212786298, 99.29289321881347519 ) ) ;
#2629 = CARTESIAN_POINT ( 'NONE',  ( 3.696864730874382874E-14, 22.00000000000000000, 100.0000000000000000 ) ) ;
#2630 = CARTESIAN_POINT ( 'NONE',  ( -22.63450800250856787, 6.903790001781016095, -93.32318113442080687 ) ) ;
#2631 = ORIENTED_EDGE ( 'NONE', *, *, #3391, .T. ) ;
#2632 = EDGE_LOOP ( 'NONE', ( #4218, #517, #479, #6263 ) ) ;
#2633 = VERTEX_POINT ( 'NONE', #2938 ) ;
#2634 = CARTESIAN_POINT ( 'NONE',  ( 13.56091613274828589, 6.500000000000010658, -80.19844567614534014 ) ) ;
#2635 = EDGE_CURVE ( 'NONE', #1569, #4342, #5019, .T. ) ;
#2636 = B_SPLINE_CURVE_WITH_KNOTS ( 'NONE', 3,
 ( #4125, #4656, #1549, #498 ),
 .UNSPECIFIED., .F., .F.,
 ( 4, 4 ),
 ( 2.730162618546000566E-07, 0.002003421982873425898 ),
 .UNSPECIFIED. ) ;
#2637 = FACE_OUTER_BOUND ( 'NONE', #2671, .T. ) ;
#2638 = EDGE_LOOP ( 'NONE', ( #6440, #3486, #5028, #4137 ) ) ;
#2639 = CARTESIAN_POINT ( 'NONE',  ( -3.910367777672894452, 8.003843614985095556, 122.1538577527937690 ) ) ;
#2640 = ADVANCED_FACE ( 'NONE', ( #1672 ), #5202, .F. ) ;
#2641 = DIRECTION ( 'NONE',  ( 0.7071067811865490160, -0.000000000000000000, 0.7071067811865461294 ) ) ;
#2642 = CARTESIAN_POINT ( 'NONE',  ( -21.17646880143209032, 16.19999999999999929, 108.4600916298941087 ) ) ;
#2643 = DIRECTION ( 'NONE',  ( -0.000000000000000000, -1.000000000000000000, -0.000000000000000000 ) ) ;
#2644 = CARTESIAN_POINT ( 'NONE',  ( -11.02061375717376457, 7.966540530451687196, -119.6549518285847569 ) ) ;
#2645 = ORIENTED_EDGE ( 'NONE', *, *, #457, .F. ) ;
#2646 = CARTESIAN_POINT ( 'NONE',  ( -24.99999999999999645, 20.00000000000000000, -83.41687604822300273 ) ) ;
#2647 = DIRECTION ( 'NONE',  ( -0.4226182617407029940, 0.000000000000000000, 0.9063077870366482713 ) ) ;
#2648 = AXIS2_PLACEMENT_3D ( 'NONE', #1502, #518, #5121 ) ;
#2649 = CARTESIAN_POINT ( 'NONE',  ( -11.12746622306881505, 13.99979269775025692, 80.44391269174055026 ) ) ;
#2650 = CARTESIAN_POINT ( 'NONE',  ( -11.75000000000011191, 14.13949659383204960, -80.64840301106575282 ) ) ;
#2651 = AXIS2_PLACEMENT_3D ( 'NONE', #2542, #4626, #6725 ) ;
#2652 = CARTESIAN_POINT ( 'NONE',  ( 3.696864730874382874E-14, 22.00000000000000000, 100.0000000000000000 ) ) ;
#2653 = CIRCLE ( 'NONE', #594, 24.00000000000000000 ) ;
#2654 = ORIENTED_EDGE ( 'NONE', *, *, #1149, .F. ) ;
#2655 = EDGE_LOOP ( 'NONE', ( #5390, #6614, #3921, #2859 ) ) ;
#2656 = CARTESIAN_POINT ( 'NONE',  ( -10.36819101250162767, 15.49999999999998224, 78.35512496852247466 ) ) ;
#2657 = DIRECTION ( 'NONE',  ( -0.7071067811865509034, 0.000000000000000000, -0.7071067811865442421 ) ) ;
#2658 = CIRCLE ( 'NONE', #2548, 30.00000000000000000 ) ;
#2659 = CIRCLE ( 'NONE', #489, 24.00000000000000000 ) ;
#2660 = CARTESIAN_POINT ( 'NONE',  ( 21.85555259377045090, 15.49999999999998579, 109.9163915221685244 ) ) ;
#2661 = CARTESIAN_POINT ( 'NONE',  ( 2.952017461842380452, 14.69713885689458266, -123.0115070681895162 ) ) ;
#2662 = DIRECTION ( 'NONE',  ( 0.000000000000000000, -1.000000000000000000, 0.000000000000000000 ) ) ;
#2663 = ORIENTED_EDGE ( 'NONE', *, *, #2712, .T. ) ;
#2664 = AXIS2_PLACEMENT_3D ( 'NONE', #4121, #5687, #3153 ) ;
#2665 = ORIENTED_EDGE ( 'NONE', *, *, #3906, .T. ) ;
#2666 = CARTESIAN_POINT ( 'NONE',  ( 22.79289321881349295, 14.30385891212785943, 100.7071067811865390 ) ) ;
#2667 = ADVANCED_FACE ( 'NONE', ( #74 ), #5783, .F. ) ;
#2668 = CIRCLE ( 'NONE', #702, 24.00000000000000000 ) ;
#2669 = EDGE_CURVE ( 'NONE', #4251, #1184, #4836, .T. ) ;
#2670 = CARTESIAN_POINT ( 'NONE',  ( -4.578727394820452545, 7.763375850904701281, 122.2709076138152824 ) ) ;
#2671 = EDGE_LOOP ( 'NONE', ( #634, #4117, #3626, #766 ) ) ;
#2672 = CARTESIAN_POINT ( 'NONE',  ( -11.64601317692080151, 14.08552696751371158, -80.64840301106676179 ) ) ;
#2673 = VERTEX_POINT ( 'NONE', #3703 ) ;
#2674 = AXIS2_PLACEMENT_3D ( 'NONE', #867, #2949, #5654 ) ;
#2675 = CARTESIAN_POINT ( 'NONE',  ( -11.92769606941579497, 7.757340128445682659, 119.3639343268225446 ) ) ;
#2676 = AXIS2_PLACEMENT_3D ( 'NONE', #3443, #846, #2525 ) ;
#2677 = CARTESIAN_POINT ( 'NONE',  ( -17.09954875531782648, 6.903790001739276150, -116.2636494995998078 ) ) ;
#2678 = CARTESIAN_POINT ( 'NONE',  ( 10.80868733461520392, 7.765438286650531374, -79.99907962319797150 ) ) ;
#2679 = PLANE ( 'NONE',  #1032 ) ;
#2680 = VERTEX_POINT ( 'NONE', #1172 ) ;
#2681 = CARTESIAN_POINT ( 'NONE',  ( 17.00584971520425981, 14.30385891212787541, 84.80733542961863236 ) ) ;
#2682 = CARTESIAN_POINT ( 'NONE',  ( 11.64557499583551348, 7.914700450428728828, 119.3515969889341051 ) ) ;
#2683 = VECTOR ( 'NONE', #6348, 1000.000000000000000 ) ;
#2684 = EDGE_CURVE ( 'NONE', #444, #5300, #5146, .T. ) ;
#2685 = EDGE_CURVE ( 'NONE', #1060, #2925, #4567, .T. ) ;
#2686 = CARTESIAN_POINT ( 'NONE',  ( -10.81412786653633340, 14.21924415119420182, 80.01938396474743342 ) ) ;
#2687 = CARTESIAN_POINT ( 'NONE',  ( 11.74999999999996803, 16.19999999999999929, 79.64840301106565335 ) ) ;
#2688 = AXIS2_PLACEMENT_3D ( 'NONE', #119, #2286, #5793 ) ;
#2689 = CARTESIAN_POINT ( 'NONE',  ( 23.55307655630515029, 15.09619911566455563, -98.53270988132175034 ) ) ;
#2690 = EDGE_CURVE ( 'NONE', #3781, #6603, #6483, .T. ) ;
#2691 = ORIENTED_EDGE ( 'NONE', *, *, #2088, .T. ) ;
#2692 = ORIENTED_EDGE ( 'NONE', *, *, #5685, .T. ) ;
#2693 = DIRECTION ( 'NONE',  ( 1.150268980431791831E-16, -1.000000000000000000, 0.000000000000000000 ) ) ;
#2694 = CARTESIAN_POINT ( 'NONE',  ( 3.261580130884150996, 7.696141087872150344, 122.5694057594357957 ) ) ;
#2695 = ORIENTED_EDGE ( 'NONE', *, *, #5453, .F. ) ;
#2696 = CARTESIAN_POINT ( 'NONE',  ( -21.17646880143212940, 7.696141087872143238, -108.4600916298940803 ) ) ;
#2697 = DIRECTION ( 'NONE',  ( 1.150268980431791831E-16, -1.000000000000000000, -4.226019675132849788E-32 ) ) ;
#2698 = DIRECTION ( 'NONE',  ( -0.000000000000000000, -1.000000000000000000, -0.000000000000000000 ) ) ;
#2699 = VERTEX_POINT ( 'NONE', #1612 ) ;
#2700 = ORIENTED_EDGE ( 'NONE', *, *, #4133, .T. ) ;
#2701 = CARTESIAN_POINT ( 'NONE',  ( 2.292433343232368651E-16, 0.000000000000000000, -100.0000000000000000 ) ) ;
#2702 = B_SPLINE_CURVE_WITH_KNOTS ( 'NONE', 3,
 ( #680, #1327, #5456, #4878 ),
 .UNSPECIFIED., .F., .F.,
 ( 4, 4 ),
 ( 0.001396348828085975822, 0.001704054763430453822 ),
 .UNSPECIFIED. ) ;
#2703 = ADVANCED_FACE ( 'NONE', ( #1101 ), #108, .T. ) ;
#2704 = B_SPLINE_CURVE_WITH_KNOTS ( 'NONE', 3,
 ( #1319, #4561, #1962, #1391 ),
 .UNSPECIFIED., .F., .F.,
 ( 4, 4 ),
 ( 0.001150320975949244411, 0.003153469944067950875 ),
 .UNSPECIFIED. ) ;
#2705 = CARTESIAN_POINT ( 'NONE',  ( -2.339929324814405298, 6.500000000000008882, -76.11434047896368327 ) ) ;
#2706 = B_SPLINE_CURVE_WITH_KNOTS ( 'NONE', 3,
 ( #5349, #705, #6422, #1729 ),
 .UNSPECIFIED., .F., .F.,
 ( 4, 4 ),
 ( 2.730032382563671369E-07, 0.002003384078721820710 ),
 .UNSPECIFIED. ) ;
#2707 = EDGE_LOOP ( 'NONE', ( #4654, #3737, #627, #2399, #6564, #165, #6682, #5281, #606, #5494, #4468, #4571, #1807, #6059, #589, #5437, #5978, #3277, #5439, #2873, #5648, #1739, #3572, #6031, #837, #1650, #4107, #4778, #3590, #3481, #5516, #3813, #1683, #1887, #2505, #6752, #5206, #3409, #4148, #68, #749, #1443 ) ) ;
#2708 = CARTESIAN_POINT ( 'NONE',  ( -10.84691816766791383, 14.17216401994941855, -80.09070722337185089 ) ) ;
#2709 = ORIENTED_EDGE ( 'NONE', *, *, #5201, .F. ) ;
#2710 = PLANE ( 'NONE',  #1681 ) ;
#2711 = B_SPLINE_CURVE_WITH_KNOTS ( 'NONE', 3,
 ( #2470, #4581, #3490, #4516, #3422, #825, #1884, #1952, #6028, #2501 ),
 .UNSPECIFIED., .F., .F.,
 ( 4, 2, 2, 2, 4 ),
 ( 0.0003086876369879737957, 0.0006575294220426851008, 0.001006371207097396352, 0.001355212992152107603, 0.001704054777206818853 ),
 .UNSPECIFIED. ) ;
#2712 = EDGE_CURVE ( 'NONE', #5727, #1531, #2729, .T. ) ;
#2713 = CARTESIAN_POINT ( 'NONE',  ( -2.339929324814392864, 15.49999999999998401, 76.11434047896368327 ) ) ;
#2714 = CARTESIAN_POINT ( 'NONE',  ( 13.04724879790269654, 15.09619911743538268, -119.6639175763042857 ) ) ;
#2715 = ORIENTED_EDGE ( 'NONE', *, *, #3634, .F. ) ;
#2716 = CARTESIAN_POINT ( 'NONE',  ( 5.970562373124713496, 15.49999999999998401, 123.2454809575673949 ) ) ;
#2717 = CARTESIAN_POINT ( 'NONE',  ( 10.95921284831623055, 7.930460658160484400, 119.7303913863494387 ) ) ;
#2718 = EDGE_CURVE ( 'NONE', #2925, #3448, #1557, .T. ) ;
#2719 = CARTESIAN_POINT ( 'NONE',  ( 2.292433343232368651E-16, 22.00000000000000000, -100.0000000000000000 ) ) ;
#2720 = LINE ( 'NONE', #4804, #2354 ) ;
#2721 = CARTESIAN_POINT ( 'NONE',  ( 4.654308611523869210, 14.30385891212787186, 77.67616984850208439 ) ) ;
#2722 = EDGE_LOOP ( 'NONE', ( #4285, #2860, #5893, #3160 ) ) ;
#2723 = ORIENTED_EDGE ( 'NONE', *, *, #5807, .T. ) ;
#2724 = VERTEX_POINT ( 'NONE', #1068 ) ;
#2725 = DIRECTION ( 'NONE',  ( -0.000000000000000000, -1.000000000000000000, -0.000000000000000000 ) ) ;
#2726 = DIRECTION ( 'NONE',  ( 0.000000000000000000, 0.000000000000000000, -1.000000000000000000 ) ) ;
#2727 = ORIENTED_EDGE ( 'NONE', *, *, #4827, .T. ) ;
#2728 = DIRECTION ( 'NONE',  ( -0.000000000000000000, -1.000000000000000000, -0.000000000000000000 ) ) ;
#2729 = LINE ( 'NONE', #136, #1572 ) ;
#2730 = FACE_OUTER_BOUND ( 'NONE', #6698, .T. ) ;
#2731 = ORIENTED_EDGE ( 'NONE', *, *, #5221, .T. ) ;
#2732 = VERTEX_POINT ( 'NONE', #5264 ) ;
#2733 = PLANE ( 'NONE',  #5925 ) ;
#2734 = LINE ( 'NONE', #1745, #1037 ) ;
#2735 = B_SPLINE_CURVE_WITH_KNOTS ( 'NONE', 3,
 ( #3800, #1199, #4435, #4846 ),
 .UNSPECIFIED., .F., .F.,
 ( 4, 4 ),
 ( 2.561531857415259280E-07, 0.002003367228548887536 ),
 .UNSPECIFIED. ) ;
#2736 = VERTEX_POINT ( 'NONE', #553 ) ;
#2737 = CARTESIAN_POINT ( 'NONE',  ( -23.92910714524983717, 15.49999999999998046, 98.15667929237706346 ) ) ;
#2738 = EDGE_LOOP ( 'NONE', ( #6762, #5992, #4748, #2974, #3369, #5876, #810 ) ) ;
#2739 = FACE_OUTER_BOUND ( 'NONE', #2738, .T. ) ;
#2740 = EDGE_CURVE ( 'NONE', #5957, #3760, #2658, .T. ) ;
#2741 = EDGE_CURVE ( 'NONE', #3448, #2763, #6364, .T. ) ;
#2742 = DIRECTION ( 'NONE',  ( 0.5735764363510338359, 0.000000000000000000, -0.8191520442890004583 ) ) ;
#2743 = ORIENTED_EDGE ( 'NONE', *, *, #2249, .T. ) ;
#2744 = CYLINDRICAL_SURFACE ( 'NONE', #170, 24.00000000000000000 ) ;
#2745 = DIRECTION ( 'NONE',  ( -0.000000000000000000, -1.000000000000000000, -0.000000000000000000 ) ) ;
#2746 = DIRECTION ( 'NONE',  ( 0.000000000000000000, 0.000000000000000000, 1.000000000000000000 ) ) ;
#2747 = ADVANCED_FACE ( 'NONE', ( #3176 ), #3406, .T. ) ;
#2748 = CARTESIAN_POINT ( 'NONE',  ( 5.970562373124358224, 6.500000000000009770, 76.75451904243253409 ) ) ;
#2749 = LINE ( 'NONE', #5870, #2683 ) ;
#2750 = DIRECTION ( 'NONE',  ( -1.150268980431791831E-16, 1.000000000000000000, 4.226019675132849788E-32 ) ) ;
#2751 = EDGE_CURVE ( 'NONE', #6756, #2146, #5945, .T. ) ;
#2752 = ORIENTED_EDGE ( 'NONE', *, *, #5104, .F. ) ;
#2753 = ORIENTED_EDGE ( 'NONE', *, *, #4171, .T. ) ;
#2754 = CARTESIAN_POINT ( 'NONE',  ( -13.56091613274838714, 6.500000000000007105, 80.19844567614543962 ) ) ;
#2755 = CARTESIAN_POINT ( 'NONE',  ( -17.91488867054839673, 14.30385891212785765, -85.89068587045817083 ) ) ;
#2756 = ORIENTED_EDGE ( 'NONE', *, *, #2958, .T. ) ;
#2757 = AXIS2_PLACEMENT_3D ( 'NONE', #796, #6578, #1932 ) ;
#2758 = AXIS2_PLACEMENT_3D ( 'NONE', #6585, #880, #5039 ) ;
#2759 = FACE_OUTER_BOUND ( 'NONE', #4239, .T. ) ;
#2760 = CARTESIAN_POINT ( 'NONE',  ( -17.14589584587868032, 26.05705187735223660, 83.20660083121111938 ) ) ;
#2761 = DIRECTION ( 'NONE',  ( 0.000000000000000000, 0.000000000000000000, 1.000000000000000000 ) ) ;
#2762 = CC_DESIGN_PERSON_AND_ORGANIZATION_ASSIGNMENT ( #3377, #4437, ( #5646 ) ) ;
#2763 = VERTEX_POINT ( 'NONE', #2346 ) ;
#2764 = ORIENTED_EDGE ( 'NONE', *, *, #2378, .T. ) ;
#2765 = ORIENTED_EDGE ( 'NONE', *, *, #1272, .T. ) ;
#2766 = VECTOR ( 'NONE', #2786, 1000.000000000000000 ) ;
#2767 = CARTESIAN_POINT ( 'NONE',  ( 21.12745209240929967, 14.21934262515282477, 91.64502504182631526 ) ) ;
#2768 = AXIS2_PLACEMENT_3D ( 'NONE', #4753, #5267, #4652 ) ;
#2769 = EDGE_CURVE ( 'NONE', #6533, #2291, #6373, .T. ) ;
#2770 = AXIS2_PLACEMENT_3D ( 'NONE', #2576, #4653, #6234 ) ;
#2771 = CARTESIAN_POINT ( 'NONE',  ( 4.654308611524136552, 7.696141087872130804, -122.3238301514978588 ) ) ;
#2772 = EDGE_LOOP ( 'NONE', ( #2322, #4519, #39, #4954 ) ) ;
#2773 = CARTESIAN_POINT ( 'NONE',  ( 2.952017461842117552, 14.69713885689458621, 76.98849293181045539 ) ) ;
#2774 = EDGE_LOOP ( 'NONE', ( #102, #3928, #3272, #2586 ) ) ;
#2775 = CARTESIAN_POINT ( 'NONE',  ( -23.11645821900307141, 6.500000000000006217, -93.54791821122165629 ) ) ;
#2776 = CIRCLE ( 'NONE', #1152, 24.00000000000000355 ) ;
#2777 = CIRCLE ( 'NONE', #6497, 24.00000000000000000 ) ;
#2778 = CARTESIAN_POINT ( 'NONE',  ( 17.14589584587860216, 26.05705187735223660, -83.20660083121100570 ) ) ;
#2779 = EDGE_CURVE ( 'NONE', #5363, #428, #3830, .T. ) ;
#2780 = ORIENTED_EDGE ( 'NONE', *, *, #4793, .F. ) ;
#2781 = DIRECTION ( 'NONE',  ( -0.000000000000000000, 1.000000000000000000, -0.000000000000000000 ) ) ;
#2782 = CARTESIAN_POINT ( 'NONE',  ( 17.44350177171679306, 14.03379041348178013, -114.2656985017619320 ) ) ;
#2783 = PLANE ( 'NONE',  #3305 ) ;
#2784 = CARTESIAN_POINT ( 'NONE',  ( -22.53231200683134006, 14.03379058580838290, 100.2843081287113165 ) ) ;
#2785 = DIRECTION ( 'NONE',  ( -1.150268980431791831E-16, 1.000000000000000000, 4.226019675132849788E-32 ) ) ;
#2786 = DIRECTION ( 'NONE',  ( -0.000000000000000000, -1.000000000000000000, -0.000000000000000000 ) ) ;
#2787 = ADVANCED_FACE ( 'NONE', ( #6525 ), #3348, .T. ) ;
#2788 = ADVANCED_FACE ( 'NONE', ( #307 ), #741, .T. ) ;
#2789 = B_SPLINE_CURVE_WITH_KNOTS ( 'NONE', 3,
 ( #3435, #6546, #2479, #2511 ),
 .UNSPECIFIED., .F., .F.,
 ( 4, 4 ),
 ( 2.561654051583302089E-07, 0.002003405131142420911 ),
 .UNSPECIFIED. ) ;
#2790 = ORIENTED_EDGE ( 'NONE', *, *, #4222, .T. ) ;
#2791 = CARTESIAN_POINT ( 'NONE',  ( -21.45268736144253552, 14.14431388810928603, -92.75007904737317688 ) ) ;
#2792 = AXIS2_PLACEMENT_3D ( 'NONE', #6421, #2785, #2238 ) ;
#2793 = CARTESIAN_POINT ( 'NONE',  ( -21.45227282621726772, 7.855987779618272882, 92.74979011742273372 ) ) ;
#2794 = EDGE_CURVE ( 'NONE', #2146, #3705, #2702, .T. ) ;
#2795 = ORIENTED_EDGE ( 'NONE', *, *, #5686, .F. ) ;
#2796 = CIRCLE ( 'NONE', #293, 24.00000000000000355 ) ;
#2797 = DIRECTION ( 'NONE',  ( 1.150268980431791831E-16, -1.000000000000000000, -4.226019675132850335E-32 ) ) ;
#2798 = DIRECTION ( 'NONE',  ( 0.000000000000000000, 0.000000000000000000, -1.000000000000000000 ) ) ;
#2799 = APPROVAL_DATE_TIME ( #231, #3901 ) ;
#2800 = VERTEX_POINT ( 'NONE', #5357 ) ;
#2801 = APPROVAL_PERSON_ORGANIZATION ( #5880, #3181, #681 ) ;
#2802 = CARTESIAN_POINT ( 'NONE',  ( 10.86521116380277441, 7.855987961163989119, 80.13262143905377854 ) ) ;
#2803 = B_SPLINE_CURVE_WITH_KNOTS ( 'NONE', 3,
 ( #1120, #4635, #99, #1602, #574, #2649, #3691, #1090, #2686, #3164 ),
 .UNSPECIFIED., .F., .F.,
 ( 4, 2, 2, 2, 4 ),
 ( 2.534827000410388698E-07, 0.0004262038063267286920, 0.0008521541299534163413, 0.001278104453580103991, 0.001704054777206791532 ),
 .UNSPECIFIED. ) ;
#2804 = CARTESIAN_POINT ( 'NONE',  ( -17.14589584587871585, 15.49999999999998224, -83.20660083121111938 ) ) ;
#2805 = B_SPLINE_CURVE_WITH_KNOTS ( 'NONE', 3,
 ( #250, #3844, #5928, #4896, #5344, #4354, #759, #1214, #668, #4826 ),
 .UNSPECIFIED., .F., .F.,
 ( 4, 2, 2, 2, 4 ),
 ( 2.534686360499469731E-07, 0.0004262037923346465680, 0.0008521541160332431674, 0.001278104439731839658, 0.001704054763430436258 ),
 .UNSPECIFIED. ) ;
#2806 = ORIENTED_EDGE ( 'NONE', *, *, #2794, .T. ) ;
#2807 = DIRECTION ( 'NONE',  ( -0.000000000000000000, -1.000000000000000000, -0.000000000000000000 ) ) ;
#2808 = ORIENTED_EDGE ( 'NONE', *, *, #5391, .F. ) ;
#2809 = CARTESIAN_POINT ( 'NONE',  ( 2.339929324814267630, 15.49999999999998401, 76.11434047896365485 ) ) ;
#2810 = ORIENTED_EDGE ( 'NONE', *, *, #5865, .T. ) ;
#2811 = CARTESIAN_POINT ( 'NONE',  ( -17.07837890800237446, 14.03345944593029415, -85.29965878717347039 ) ) ;
#2812 = DIRECTION ( 'NONE',  ( -0.000000000000000000, -1.000000000000000000, -0.000000000000000000 ) ) ;
#2813 = ORIENTED_EDGE ( 'NONE', *, *, #4993, .T. ) ;
#2814 = CARTESIAN_POINT ( 'NONE',  ( 17.00584971520421718, 7.696141087872131692, -84.80733542961864657 ) ) ;
#2815 = CARTESIAN_POINT ( 'NONE',  ( -10.86499839385657751, 7.855686087690281205, 80.13216267787049674 ) ) ;
#2816 = B_SPLINE_CURVE_WITH_KNOTS ( 'NONE', 3,
 ( #847, #338, #2413, #4500 ),
 .UNSPECIFIED., .F., .F.,
 ( 4, 4 ),
 ( 2.483819566017045774E-07, 0.002003397347290026241 ),
 .UNSPECIFIED. ) ;
#2817 = FACE_OUTER_BOUND ( 'NONE', #3005, .T. ) ;
#2818 = CARTESIAN_POINT ( 'NONE',  ( 3.303106800183092180E-15, 16.59999999999999432, -125.1000000000000227 ) ) ;
#2819 = CARTESIAN_POINT ( 'NONE',  ( 21.27068621144074001, 14.03379045528846980, 107.4393425624305536 ) ) ;
#2820 = CARTESIAN_POINT ( 'NONE',  ( 10.36819101250177866, 26.05705187735223660, -121.6448750314774827 ) ) ;
#2821 = ORIENTED_EDGE ( 'NONE', *, *, #2473, .F. ) ;
#2822 = CARTESIAN_POINT ( 'NONE',  ( 3.348533091318053767, 7.794036393725257916, 122.4577819623611958 ) ) ;
#2823 = LINE ( 'NONE', #1764, #5051 ) ;
#2824 = EDGE_CURVE ( 'NONE', #774, #4886, #3926, .T. ) ;
#2825 = FACE_OUTER_BOUND ( 'NONE', #5683, .T. ) ;
#2826 = CARTESIAN_POINT ( 'NONE',  ( 2.952008550967410105, 7.302849822398319368, -76.98848020576254214 ) ) ;
#2827 = APPLICATION_PROTOCOL_DEFINITION ( 'international standard', 'config_control_design', 1994, #4593 ) ;
#2828 = ORIENTED_EDGE ( 'NONE', *, *, #4221, .F. ) ;
#2829 = ORIENTED_EDGE ( 'NONE', *, *, #3083, .T. ) ;
#2830 = EDGE_CURVE ( 'NONE', #394, #1697, #6694, .T. ) ;
#2831 = CARTESIAN_POINT ( 'NONE',  ( 10.78407417371090382, 7.696141087872132580, 79.90722205616818030 ) ) ;
#2832 = EDGE_CURVE ( 'NONE', #5802, #444, #6619, .T. ) ;
#2833 = CARTESIAN_POINT ( 'NONE',  ( 10.36819101250181951, 6.500000000000009770, 121.6448750314774827 ) ) ;
#2834 = CARTESIAN_POINT ( 'NONE',  ( 21.12739506564310688, 7.780755702348761460, -91.64514733612105601 ) ) ;
#2835 = ORIENTED_EDGE ( 'NONE', *, *, #3586, .F. ) ;
#2836 = CARTESIAN_POINT ( 'NONE',  ( 25.00000000000000000, 14.99999999999996803, -9.184850993605148733E-15 ) ) ;
#2837 = ADVANCED_FACE ( 'NONE', ( #3376 ), #1299, .T. ) ;
#2838 = EDGE_LOOP ( 'NONE', ( #4825, #376, #2752, #4606 ) ) ;
#2839 = FACE_OUTER_BOUND ( 'NONE', #6200, .T. ) ;
#2840 = ORIENTED_EDGE ( 'NONE', *, *, #1530, .T. ) ;
#2841 = LINE ( 'NONE', #4416, #6044 ) ;
#2842 = DIRECTION ( 'NONE',  ( 1.150268980431791831E-16, -1.000000000000000000, 0.000000000000000000 ) ) ;
#2843 = EDGE_CURVE ( 'NONE', #1020, #3088, #181, .T. ) ;
#2844 = EDGE_LOOP ( 'NONE', ( #5909, #2756, #4767, #3890 ) ) ;
#2845 = CARTESIAN_POINT ( 'NONE',  ( -22.79289321881345032, 7.696141087872137909, -100.7071067811865532 ) ) ;
#2846 = CARTESIAN_POINT ( 'NONE',  ( 17.32882370698774110, 14.00020935018146950, -114.3524100280101834 ) ) ;
#2847 = CARTESIAN_POINT ( 'NONE',  ( 5.534959247142571925, 6.903790001830226508, 122.9404683650869856 ) ) ;
#2848 = DIRECTION ( 'NONE',  ( -1.000000000000000000, -1.445602896647338917E-16, 5.782411586589355667E-16 ) ) ;
#2849 = CARTESIAN_POINT ( 'NONE',  ( 3.898899098674196022E-14, 6.500000000000008882, 100.0000000000000000 ) ) ;
#2850 = LINE ( 'NONE', #4330, #2986 ) ;
#2851 = ORIENTED_EDGE ( 'NONE', *, *, #5563, .F. ) ;
#2852 = CARTESIAN_POINT ( 'NONE',  ( -21.09454416409249333, 13.99979271801134040, -92.17176502343345135 ) ) ;
#2853 = CARTESIAN_POINT ( 'NONE',  ( -4.049098133293351331, 14.00020928450334168, 77.86666301105202592 ) ) ;
#2854 = CARTESIAN_POINT ( 'NONE',  ( -22.79289321881342190, 7.696141087872131692, 99.29289321881347519 ) ) ;
#2855 = AXIS2_PLACEMENT_3D ( 'NONE', #5657, #3467, #1990 ) ;
#2856 = CARTESIAN_POINT ( 'NONE',  ( 3.696864730874382874E-14, 20.00000000000000000, 100.0000000000000000 ) ) ;
#2857 = ORIENTED_EDGE ( 'NONE', *, *, #5188, .F. ) ;
#2858 = DIRECTION ( 'NONE',  ( 1.000000000000000000, 0.000000000000000000, 0.000000000000000000 ) ) ;
#2859 = ORIENTED_EDGE ( 'NONE', *, *, #3049, .T. ) ;
#2860 = ORIENTED_EDGE ( 'NONE', *, *, #4097, .T. ) ;
#2861 = LINE ( 'NONE', #310, #5157 ) ;
#2862 = AXIS2_PLACEMENT_3D ( 'NONE', #964, #1977, #3043 ) ;
#2863 = ADVANCED_FACE ( 'NONE', ( #3801 ), #3896, .T. ) ;
#2864 = CARTESIAN_POINT ( 'NONE',  ( -11.21225137800439775, 13.99397011697995374, 119.5006918611958895 ) ) ;
#2865 = DIRECTION ( 'NONE',  ( -1.000000000000000000, -1.382249781654826375E-16, 5.528999126619305500E-16 ) ) ;
#2866 = ORIENTED_EDGE ( 'NONE', *, *, #5130, .F. ) ;
#2867 = DIRECTION ( 'NONE',  ( -0.000000000000000000, -1.000000000000000000, -0.000000000000000000 ) ) ;
#2868 = AXIS2_PLACEMENT_3D ( 'NONE', #2488, #1427, #5560 ) ;
#2869 = EDGE_CURVE ( 'NONE', #5609, #3994, #6703, .T. ) ;
#2870 = VECTOR ( 'NONE', #5637, 1000.000000000000000 ) ;
#2871 = EDGE_CURVE ( 'NONE', #3174, #4106, #3279, .T. ) ;
#2872 = CARTESIAN_POINT ( 'NONE',  ( 12.00881904510277032, 7.696141087872153896, 119.3856711626450959 ) ) ;
#2873 = ORIENTED_EDGE ( 'NONE', *, *, #6409, .F. ) ;
#2874 = CYLINDRICAL_SURFACE ( 'NONE', #6378, 30.00000000000000000 ) ;
#2875 = AXIS2_PLACEMENT_3D ( 'NONE', #1114, #3192, #5280 ) ;
#2876 = AXIS2_PLACEMENT_3D ( 'NONE', #3332, #2298, #4355 ) ;
#2877 = EDGE_CURVE ( 'NONE', #721, #2454, #2251, .T. ) ;
#2878 = DIRECTION ( 'NONE',  ( -1.000000000000000000, -1.445602896647339163E-16, 5.782411586589356653E-16 ) ) ;
#2879 = ORIENTED_EDGE ( 'NONE', *, *, #2589, .F. ) ;
#2880 = VERTEX_POINT ( 'NONE', #848 ) ;
#2881 = CARTESIAN_POINT ( 'NONE',  ( -13.56091613274816154, 6.500000000000007105, -119.8015543238547593 ) ) ;
#2882 = AXIS2_PLACEMENT_3D ( 'NONE', #905, #2445, #1357 ) ;
#2883 = CARTESIAN_POINT ( 'NONE',  ( 21.85555259377030168, 15.49999999999998579, 90.08360847783116299 ) ) ;
#2884 = DIRECTION ( 'NONE',  ( -0.000000000000000000, -1.000000000000000000, -0.000000000000000000 ) ) ;
#2885 = B_SPLINE_CURVE_WITH_KNOTS ( 'NONE', 3,
 ( #2040, #5147, #5798, #610, #3136, #5190, #509, #4771, #6347, #3587 ),
 .UNSPECIFIED., .F., .F.,
 ( 4, 2, 2, 2, 4 ),
 ( 2.988698850673160197E-07, 0.0004262494385435566845, 0.0008522000072020460403, 0.001278150575860536372, 0.001704101144519026920 ),
 .UNSPECIFIED. ) ;
#2886 = AXIS2_PLACEMENT_3D ( 'NONE', #132, #1665, #6252 ) ;
#2887 = PLANE ( 'NONE',  #3200 ) ;
#2888 = DIRECTION ( 'NONE',  ( -0.9063077870366426092, 0.000000000000000000, 0.4226182617407151509 ) ) ;
#2889 = DIRECTION ( 'NONE',  ( -1.000000000000000000, -1.445602896647339163E-16, 0.000000000000000000 ) ) ;
#2890 = ORIENTED_EDGE ( 'NONE', *, *, #933, .F. ) ;
#2891 = CARTESIAN_POINT ( 'NONE',  ( 3.301695925077769544, 7.747105686974435024, 122.5121144679192753 ) ) ;
#2892 = DIRECTION ( 'NONE',  ( -1.000000000000000000, -1.084202172485504434E-16, 0.000000000000000000 ) ) ;
#2893 = VECTOR ( 'NONE', #5185, 1000.000000000000000 ) ;
#2894 = CARTESIAN_POINT ( 'NONE',  ( -22.14929811726826614, 14.69713885746530124, 93.09692404912077279 ) ) ;
#2895 = DIRECTION ( 'NONE',  ( -0.8191520442889836939, 0.000000000000000000, -0.5735764363510578168 ) ) ;
#2896 = B_SPLINE_CURVE_WITH_KNOTS ( 'NONE', 3,
 ( #4031, #2451, #2412, #1397, #5558, #409, #952, #3030, #5632, #3508 ),
 .UNSPECIFIED., .F., .F.,
 ( 4, 2, 2, 2, 4 ),
 ( 3.462113389636065027E-07, 0.0004262970349632538240, 0.0008522478585875440391, 0.001278198682211834037, 0.001704149505836124361 ),
 .UNSPECIFIED. ) ;
#2897 = AXIS2_PLACEMENT_3D ( 'NONE', #2394, #281, #2360 ) ;
#2898 = DIRECTION ( 'NONE',  ( 0.000000000000000000, 0.000000000000000000, -1.000000000000000000 ) ) ;
#2899 = CARTESIAN_POINT ( 'NONE',  ( -22.08277658846879277, 16.19999999999999929, -108.0374733681533996 ) ) ;
#2900 = ORIENTED_EDGE ( 'NONE', *, *, #4553, .T. ) ;
#2901 = ORIENTED_EDGE ( 'NONE', *, *, #5223, .F. ) ;
#2902 = CARTESIAN_POINT ( 'NONE',  ( 21.07623940999792822, 14.03345952087819626, -107.9726528600318431 ) ) ;
#2903 = AXIS2_PLACEMENT_3D ( 'NONE', #410, #2487, #6144 ) ;
#2904 = CARTESIAN_POINT ( 'NONE',  ( -21.66015832672818675, 7.696141087872132580, -92.86883441888356572 ) ) ;
#2905 = CARTESIAN_POINT ( 'NONE',  ( -21.17646880143222177, 14.30385891212786653, 91.53990837010623238 ) ) ;
#2906 = FACE_OUTER_BOUND ( 'NONE', #6717, .T. ) ;
#2907 = ORIENTED_EDGE ( 'NONE', *, *, #3285, .T. ) ;
#2908 = AXIS2_PLACEMENT_3D ( 'NONE', #5055, #5538, #6055 ) ;
#2909 = CARTESIAN_POINT ( 'NONE',  ( 3.898899098674196022E-14, 6.500000000000008882, 100.0000000000000000 ) ) ;
#2910 = CARTESIAN_POINT ( 'NONE',  ( 3.696864730874382874E-14, 5.400000000000000355, 100.0000000000000000 ) ) ;
#2911 = ORIENTED_EDGE ( 'NONE', *, *, #1332, .T. ) ;
#2912 = CARTESIAN_POINT ( 'NONE',  ( 23.92910714524990823, 6.500000000000011546, 98.15667929237702083 ) ) ;
#2913 = EDGE_CURVE ( 'NONE', #1664, #3649, #4570, .T. ) ;
#2914 = CARTESIAN_POINT ( 'NONE',  ( -21.63080946088334144, 15.09619911711713236, 90.56557168164444249 ) ) ;
#2915 = ORIENTED_EDGE ( 'NONE', *, *, #379, .T. ) ;
#2916 = EDGE_LOOP ( 'NONE', ( #167, #3179, #2011, #6712 ) ) ;
#2917 = VERTEX_POINT ( 'NONE', #4502 ) ;
#2918 = PLANE ( 'NONE',  #3433 ) ;
#2919 = CARTESIAN_POINT ( 'NONE',  ( 6.740754805355325486E-31, 22.00000000000000000, -130.0000000000000000 ) ) ;
#2920 = DIRECTION ( 'NONE',  ( 0.9659258262890665359, -0.000000000000000000, 0.2588190451025272898 ) ) ;
#2921 = ADVANCED_FACE ( 'NONE', ( #2415 ), #5044, .T. ) ;
#2922 = DIRECTION ( 'NONE',  ( -1.000000000000000000, -1.445602896647339163E-16, 5.782411586589356653E-16 ) ) ;
#2923 = DIRECTION ( 'NONE',  ( -1.150268980431791831E-16, 1.000000000000000000, -0.000000000000000000 ) ) ;
#2924 = CARTESIAN_POINT ( 'NONE',  ( -3.348533091317857480, 7.794036393725240153, -77.54221803763881837 ) ) ;
#2925 = VERTEX_POINT ( 'NONE', #1871 ) ;
#2926 = CARTESIAN_POINT ( 'NONE',  ( -21.85555259377019155, 26.05705187735223660, -109.9163915221689791 ) ) ;
#2927 = DIRECTION ( 'NONE',  ( 0.2588190451025121352, -0.000000000000000000, 0.9659258262890706437 ) ) ;
#2928 = EDGE_CURVE ( 'NONE', #4021, #4681, #4733, .T. ) ;
#2929 = CARTESIAN_POINT ( 'NONE',  ( 13.56091613274862340, 6.500000000000010658, 119.8015543238544609 ) ) ;
#2930 = CARTESIAN_POINT ( 'NONE',  ( 10.64438797060572206, 14.69713885779638041, 79.38590604906325154 ) ) ;
#2931 = CARTESIAN_POINT ( 'NONE',  ( -22.71088115686359288, 14.21934324031773578, -100.6250947192366709 ) ) ;
#2932 = ORIENTED_EDGE ( 'NONE', *, *, #746, .T. ) ;
#2933 = ORIENTED_EDGE ( 'NONE', *, *, #665, .T. ) ;
#2934 = ADVANCED_FACE ( 'NONE', ( #5149 ), #1905, .F. ) ;
#2935 = LINE ( 'NONE', #1944, #6145 ) ;
#2936 = EDGE_LOOP ( 'NONE', ( #966, #2426, #5056, #2386 ) ) ;
#2937 = CARTESIAN_POINT ( 'NONE',  ( -22.14929811726820574, 14.69713885746529947, -106.9030759508795541 ) ) ;
#2938 = CARTESIAN_POINT ( 'NONE',  ( 17.14589584587863769, 15.49999999999998579, 83.20660083121100570 ) ) ;
#2939 = CARTESIAN_POINT ( 'NONE',  ( -21.17646880143209032, 14.30385891212786298, 108.4600916298941087 ) ) ;
#2940 = VERTEX_POINT ( 'NONE', #1399 ) ;
#2941 = CARTESIAN_POINT ( 'NONE',  ( 21.27005855638128295, 7.966540479252288698, 107.4401391315199419 ) ) ;
#2942 = DIRECTION ( 'NONE',  ( -0.9659258262890663138, 0.000000000000000000, 0.2588190451025281225 ) ) ;
#2943 = ORIENTED_EDGE ( 'NONE', *, *, #3346, .F. ) ;
#2944 = CARTESIAN_POINT ( 'NONE',  ( 4.080732175173143794, 16.19999999999999929, 122.1429821957868285 ) ) ;
#2945 = ADVANCED_FACE ( 'NONE', ( #3001 ), #4599, .T. ) ;
#2946 = DIRECTION ( 'NONE',  ( -1.000000000000000000, -1.084202172485504434E-16, 0.000000000000000000 ) ) ;
#2947 = ORIENTED_EDGE ( 'NONE', *, *, #906, .F. ) ;
#2948 = VERTEX_POINT ( 'NONE', #411 ) ;
#2949 = DIRECTION ( 'NONE',  ( 1.150268980431791831E-16, -1.000000000000000000, -4.226019675132849788E-32 ) ) ;
#2950 = DIRECTION ( 'NONE',  ( -1.000000000000000000, -1.445602896647338917E-16, 0.000000000000000000 ) ) ;
#2951 = EDGE_CURVE ( 'NONE', #5627, #3851, #4088, .T. ) ;
#2952 = CARTESIAN_POINT ( 'NONE',  ( -17.91488867054835765, 14.30385891212784699, 85.89068587045818504 ) ) ;
#2953 = CYLINDRICAL_SURFACE ( 'NONE', #2757, 24.00000000000000000 ) ;
#2954 = CARTESIAN_POINT ( 'NONE',  ( -22.79289321881345387, 7.696141087872134356, -99.29289321881346098 ) ) ;
#2955 = CARTESIAN_POINT ( 'NONE',  ( 25.00000000000000355, 20.00000000000000000, -83.41687604822300273 ) ) ;
#2956 = VERTEX_POINT ( 'NONE', #478 ) ;
#2957 = CYLINDRICAL_SURFACE ( 'NONE', #5619, 24.00000000000000000 ) ;
#2958 = EDGE_CURVE ( 'NONE', #6674, #6312, #2556, .T. ) ;
#2959 = CARTESIAN_POINT ( 'NONE',  ( 10.78407417371088428, 14.30385891212785765, -79.90722205616819451 ) ) ;
#2960 = ADVANCED_FACE ( 'NONE', ( #1365 ), #4065, .F. ) ;
#2961 = CARTESIAN_POINT ( 'NONE',  ( 17.09954875531816754, 6.903790001739274373, -116.2636494995994383 ) ) ;
#2962 = DIRECTION ( 'NONE',  ( -0.000000000000000000, -1.000000000000000000, -0.000000000000000000 ) ) ;
#2963 = CARTESIAN_POINT ( 'NONE',  ( -22.50020032262487391, 14.00020922584322314, -100.1441699363111297 ) ) ;
#2964 = EDGE_LOOP ( 'NONE', ( #2145, #1675, #6369, #3593 ) ) ;
#2965 = ORIENTED_EDGE ( 'NONE', *, *, #4589, .T. ) ;
#2966 = CARTESIAN_POINT ( 'NONE',  ( -17.79934633805166300, 7.780657572282891010, 114.1194227737929054 ) ) ;
#2967 = CARTESIAN_POINT ( 'NONE',  ( 21.19258113128311649, 14.00020932000458629, -107.5600468532752245 ) ) ;
#2968 = PLANE ( 'NONE',  #935 ) ;
#2969 = CARTESIAN_POINT ( 'NONE',  ( 17.44263937314197932, 14.03345944591005612, 85.73376750517375910 ) ) ;
#2970 = DIRECTION ( 'NONE',  ( -0.08715574274766124674, 0.000000000000000000, 0.9961946980917452121 ) ) ;
#2971 = ORIENTED_EDGE ( 'NONE', *, *, #4182, .T. ) ;
#2972 = DIRECTION ( 'NONE',  ( -1.150268980431791831E-16, 1.000000000000000000, 4.226019675132850335E-32 ) ) ;
#2973 = CARTESIAN_POINT ( 'NONE',  ( -21.17646880143222177, 14.30385891212786653, 91.53990837010623238 ) ) ;
#2974 = ORIENTED_EDGE ( 'NONE', *, *, #6427, .F. ) ;
#2975 = AXIS2_PLACEMENT_3D ( 'NONE', #4210, #5707, #1023 ) ;
#2976 = CARTESIAN_POINT ( 'NONE',  ( -10.36819101250126707, 15.49999999999998224, 121.6448750314777243 ) ) ;
#2977 = EDGE_CURVE ( 'NONE', #5363, #463, #3510, .T. ) ;
#2978 = CIRCLE ( 'NONE', #3857, 24.00000000000000355 ) ;
#2979 = CIRCLE ( 'NONE', #1018, 24.00000000000000000 ) ;
#2980 = CARTESIAN_POINT ( 'NONE',  ( 25.00000000000000355, 14.99999999999996803, -83.41687604822300273 ) ) ;
#2981 = ORIENTED_EDGE ( 'NONE', *, *, #4473, .T. ) ;
#2982 = ORIENTED_EDGE ( 'NONE', *, *, #6678, .T. ) ;
#2983 = CARTESIAN_POINT ( 'NONE',  ( 2.644941917294993505, 6.903790001830223844, 123.4500563950541903 ) ) ;
#2984 = CARTESIAN_POINT ( 'NONE',  ( 25.00000000000003553, 15.00000000000005151, 83.41687604822300273 ) ) ;
#2985 = CARTESIAN_POINT ( 'NONE',  ( 3.795374890435334674E-14, 15.49999999999998401, 100.0000000000000000 ) ) ;
#2986 = VECTOR ( 'NONE', #195, 1000.000000000000000 ) ;
#2987 = DIRECTION ( 'NONE',  ( -0.4226182617406947784, 0.000000000000000000, -0.9063077870366521571 ) ) ;
#2988 = DIRECTION ( 'NONE',  ( -0.000000000000000000, -1.000000000000000000, -0.000000000000000000 ) ) ;
#2989 = EDGE_CURVE ( 'NONE', #3034, #1126, #5963, .T. ) ;
#2990 = CIRCLE ( 'NONE', #921, 24.00000000000000355 ) ;
#2991 = CARTESIAN_POINT ( 'NONE',  ( -17.00584971520407862, 14.30385891212787186, 115.1926645703814955 ) ) ;
#2992 = ORIENTED_EDGE ( 'NONE', *, *, #6021, .F. ) ;
#2993 = FACE_OUTER_BOUND ( 'NONE', #5533, .T. ) ;
#2994 = LINE ( 'NONE', #1900, #6372 ) ;
#2995 = ORIENTED_EDGE ( 'NONE', *, *, #6202, .F. ) ;
#2996 = AXIS2_PLACEMENT_3D ( 'NONE', #6551, #3545, #879 ) ;
#2997 = EDGE_CURVE ( 'NONE', #4983, #6633, #4818, .T. ) ;
#2998 = CARTESIAN_POINT ( 'NONE',  ( -4.654308611523994443, 16.19999999999999929, -77.67616984850212702 ) ) ;
#2999 = DIRECTION ( 'NONE',  ( -1.000000000000000000, -1.382249781654826375E-16, 5.528999126619305500E-16 ) ) ;
#3000 = EDGE_CURVE ( 'NONE', #6699, #2578, #5634, .T. ) ;
#3001 = FACE_OUTER_BOUND ( 'NONE', #3328, .T. ) ;
#3002 = ORIENTED_EDGE ( 'NONE', *, *, #4668, .T. ) ;
#3003 = ORIENTED_EDGE ( 'NONE', *, *, #5397, .F. ) ;
#3004 = CIRCLE ( 'NONE', #4634, 24.00000000000000000 ) ;
#3005 = EDGE_LOOP ( 'NONE', ( #773, #2743, #823, #6398 ) ) ;
#3006 = ORIENTED_EDGE ( 'NONE', *, *, #2635, .T. ) ;
#3007 = CARTESIAN_POINT ( 'NONE',  ( -23.55307655630515029, 15.09619911566455208, -98.53270988132176456 ) ) ;
#3008 = EDGE_CURVE ( 'NONE', #6502, #2578, #5641, .T. ) ;
#3009 = VECTOR ( 'NONE', #621, 1000.000000000000000 ) ;
#3010 = CARTESIAN_POINT ( 'NONE',  ( 18.45254097093810230, 14.69713885794929453, -85.93772435166079049 ) ) ;
#3011 = CARTESIAN_POINT ( 'NONE',  ( 17.32672204318883757, 13.99979268842172786, -85.64570593383162134 ) ) ;
#3012 = PLANE ( 'NONE',  #950 ) ;
#3013 = ORIENTED_EDGE ( 'NONE', *, *, #2669, .T. ) ;
#3014 = CARTESIAN_POINT ( 'NONE',  ( -21.12739506564313530, 14.21924429765124032, 91.64514733612119812 ) ) ;
#3015 = ORIENTED_EDGE ( 'NONE', *, *, #1332, .F. ) ;
#3016 = AXIS2_PLACEMENT_3D ( 'NONE', #6317, #6185, #1631 ) ;
#3017 = CARTESIAN_POINT ( 'NONE',  ( 17.32882370698757057, 7.999790649818514510, 85.64758997198956081 ) ) ;
#3018 = FACE_OUTER_BOUND ( 'NONE', #4420, .T. ) ;
#3019 = ORIENTED_EDGE ( 'NONE', *, *, #6117, .F. ) ;
#3020 = ORIENTED_EDGE ( 'NONE', *, *, #5722, .T. ) ;
#3021 = CYLINDRICAL_SURFACE ( 'NONE', #1260, 30.00000000000000000 ) ;
#3022 = CARTESIAN_POINT ( 'NONE',  ( -18.45255644614375967, 7.302849822303721261, -85.93772570556596690 ) ) ;
#3023 = CARTESIAN_POINT ( 'NONE',  ( -17.44350177171664384, 14.03379041348177836, 85.73430149823792590 ) ) ;
#3024 = CARTESIAN_POINT ( 'NONE',  ( 10.50582776005168029, 15.09619911743538800, -78.86879230336825231 ) ) ;
#3025 = CYLINDRICAL_SURFACE ( 'NONE', #4120, 24.00000000000000000 ) ;
#3026 = FACE_OUTER_BOUND ( 'NONE', #6024, .T. ) ;
#3027 = ORIENTED_EDGE ( 'NONE', *, *, #6283, .T. ) ;
#3028 = LINE ( 'NONE', #1966, #1042 ) ;
#3029 = PLANE ( 'NONE',  #3526 ) ;
#3030 = CARTESIAN_POINT ( 'NONE',  ( 22.63826109486601368, 14.14401304906949619, 100.5241420964013344 ) ) ;
#3031 = CARTESIAN_POINT ( 'NONE',  ( -4.080732175172949283, 16.19999999999999929, -77.85701780421314311 ) ) ;
#3032 = B_SPLINE_CURVE_WITH_KNOTS ( 'NONE', 3,
 ( #256, #5347, #3848, #644 ),
 .UNSPECIFIED., .F., .F.,
 ( 4, 4 ),
 ( 2.483701086350927187E-07, 0.002003359445416223565 ),
 .UNSPECIFIED. ) ;
#3033 = CARTESIAN_POINT ( 'NONE',  ( -10.50582405129392605, 6.903790001752476257, -121.1312215379036559 ) ) ;
#3034 = VERTEX_POINT ( 'NONE', #2721 ) ;
#3035 = VERTEX_POINT ( 'NONE', #1058 ) ;
#3036 = ORIENTED_EDGE ( 'NONE', *, *, #450, .F. ) ;
#3037 = DIRECTION ( 'NONE',  ( -1.000000000000000000, -1.445602896647339163E-16, 5.782411586589356653E-16 ) ) ;
#3038 = B_SPLINE_CURVE_WITH_KNOTS ( 'NONE', 3,
 ( #4684, #2056, #5719, #1105 ),
 .UNSPECIFIED., .F., .F.,
 ( 4, 4 ),
 ( 3.499116271444375541E-07, 0.002003460990062442930 ),
 .UNSPECIFIED. ) ;
#3039 = CARTESIAN_POINT ( 'NONE',  ( 12.00881904510277209, 14.30385891212783989, 119.3856711626450959 ) ) ;
#3040 = EDGE_CURVE ( 'NONE', #2186, #5099, #1458, .T. ) ;
#3041 = EDGE_CURVE ( 'NONE', #5616, #2456, #335, .T. ) ;
#3042 = DIRECTION ( 'NONE',  ( -1.000000000000000000, -1.445602896647338917E-16, 5.782411586589355667E-16 ) ) ;
#3043 = DIRECTION ( 'NONE',  ( -1.000000000000000000, -1.084202172485504434E-16, 5.782411586589356653E-16 ) ) ;
#3044 = LINE ( 'NONE', #5124, #3680 ) ;
#3045 = ORIENTED_EDGE ( 'NONE', *, *, #1217, .F. ) ;
#3046 = DIRECTION ( 'NONE',  ( 0.000000000000000000, 0.000000000000000000, -1.000000000000000000 ) ) ;
#3047 = EDGE_LOOP ( 'NONE', ( #484, #1202, #4138, #4855 ) ) ;
#3048 = CARTESIAN_POINT ( 'NONE',  ( -12.00881904510261933, 16.19999999999999929, -80.61432883735480459 ) ) ;
#3049 = EDGE_CURVE ( 'NONE', #1957, #2110, #1726, .T. ) ;
#3050 = EDGE_CURVE ( 'NONE', #1137, #1380, #1660, .T. ) ;
#3051 = DIRECTION ( 'NONE',  ( -0.2588190451025053074, 0.000000000000000000, -0.9659258262890724200 ) ) ;
#3052 = ORIENTED_EDGE ( 'NONE', *, *, #166, .T. ) ;
#3053 = ORIENTED_EDGE ( 'NONE', *, *, #3293, .T. ) ;
#3054 = DIRECTION ( 'NONE',  ( -0.000000000000000000, -1.000000000000000000, -0.000000000000000000 ) ) ;
#3055 = CARTESIAN_POINT ( 'NONE',  ( 2.939152317953645133E-15, 15.49999999999998401, -123.9999999999999716 ) ) ;
#3056 = DIRECTION ( 'NONE',  ( -1.000000000000000000, -1.445602896647338917E-16, 0.000000000000000000 ) ) ;
#3057 = B_SPLINE_CURVE_WITH_KNOTS ( 'NONE', 3,
 ( #4039, #4112, #4474, #924, #6155, #1469, #963, #1876, #6053, #1372 ),
 .UNSPECIFIED., .F., .F.,
 ( 4, 2, 2, 2, 4 ),
 ( 2.701365643711113778E-07, 0.0004262205501935900100, 0.0008521709638228089660, 0.001278121377452027651, 0.001704071791081246661 ),
 .UNSPECIFIED. ) ;
#3058 = EDGE_CURVE ( 'NONE', #3161, #6541, #3113, .T. ) ;
#3059 = DIRECTION ( 'NONE',  ( 0.000000000000000000, 1.000000000000000000, 0.000000000000000000 ) ) ;
#3060 = CARTESIAN_POINT ( 'NONE',  ( -17.91488867054835765, 14.30385891212784699, 85.89068587045818504 ) ) ;
#3061 = LINE ( 'NONE', #1009, #6377 ) ;
#3062 = ORIENTED_EDGE ( 'NONE', *, *, #5397, .T. ) ;
#3063 = FACE_OUTER_BOUND ( 'NONE', #5688, .T. ) ;
#3064 = B_SPLINE_CURVE_WITH_KNOTS ( 'NONE', 3,
 ( #6393, #6491, #4365, #5455 ),
 .UNSPECIFIED., .F., .F.,
 ( 4, 4 ),
 ( 0.001801258382968932417, 0.003804369461404228346 ),
 .UNSPECIFIED. ) ;
#3065 = DIRECTION ( 'NONE',  ( -1.150268980431791831E-16, 1.000000000000000000, -0.000000000000000000 ) ) ;
#3066 = CARTESIAN_POINT ( 'NONE',  ( -10.36819101250165787, 6.500000000000007994, -78.35512496852247466 ) ) ;
#3067 = CARTESIAN_POINT ( 'NONE',  ( -17.07800278143210093, 7.966209586491884487, 85.29871676343744014 ) ) ;
#3068 = CARTESIAN_POINT ( 'NONE',  ( 10.64438797060602049, 14.69713885779636442, 120.6140939509365921 ) ) ;
#3069 = VERTEX_POINT ( 'NONE', #6218 ) ;
#3070 = ORIENTED_EDGE ( 'NONE', *, *, #4150, .T. ) ;
#3071 = ORIENTED_EDGE ( 'NONE', *, *, #1231, .F. ) ;
#3072 = CARTESIAN_POINT ( 'NONE',  ( -17.14497379312293646, 8.000207311570049384, 114.5708931961443682 ) ) ;
#3073 = CARTESIAN_POINT ( 'NONE',  ( 12.53013505220772394, 14.69713885779636087, 119.5253573657502812 ) ) ;
#3074 = VERTEX_POINT ( 'NONE', #3138 ) ;
#3075 = CARTESIAN_POINT ( 'NONE',  ( -21.85555259377018800, 6.500000000000006217, -109.9163915221689933 ) ) ;
#3076 = CARTESIAN_POINT ( 'NONE',  ( 17.44263937314192958, 14.03345944591004368, -85.73376750517377332 ) ) ;
#3077 = CARTESIAN_POINT ( 'NONE',  ( -17.00584971520431665, 16.19999999999999929, -84.80733542961877447 ) ) ;
#3078 = EDGE_CURVE ( 'NONE', #4206, #6634, #3100, .T. ) ;
#3079 = ORIENTED_EDGE ( 'NONE', *, *, #1585, .T. ) ;
#3080 = CARTESIAN_POINT ( 'NONE',  ( 3.303106800183093758E-15, 0.000000000000000000, -125.1000000000000227 ) ) ;
#3081 = ORIENTED_EDGE ( 'NONE', *, *, #2581, .T. ) ;
#3082 = CARTESIAN_POINT ( 'NONE',  ( -2.339929324814022937, 6.500000000000008882, 123.8856595210363736 ) ) ;
#3083 = EDGE_CURVE ( 'NONE', #5229, #6541, #5256, .T. ) ;
#3084 = EDGE_CURVE ( 'NONE', #6509, #6465, #2057, .T. ) ;
#3085 = ADVANCED_FACE ( 'NONE', ( #2621 ), #5379, .F. ) ;
#3086 = DIRECTION ( 'NONE',  ( -1.150268980431791831E-16, 1.000000000000000000, -0.000000000000000000 ) ) ;
#3087 = AXIS2_PLACEMENT_3D ( 'NONE', #1073, #3152, #2531 ) ;
#3088 = VERTEX_POINT ( 'NONE', #4136 ) ;
#3089 = ORIENTED_EDGE ( 'NONE', *, *, #3197, .T. ) ;
#3090 = CARTESIAN_POINT ( 'NONE',  ( 10.36819101250150510, 26.05705187735223660, 78.35512496852237518 ) ) ;
#3091 = LINE ( 'NONE', #4792, #4625 ) ;
#3092 = EDGE_CURVE ( 'NONE', #4875, #2146, #5150, .T. ) ;
#3093 = AXIS2_PLACEMENT_3D ( 'NONE', #1967, #2516, #4633 ) ;
#3094 = DIRECTION ( 'NONE',  ( 1.150268980431791831E-16, -1.000000000000000000, -4.226019675132849788E-32 ) ) ;
#3095 = LINE ( 'NONE', #5181, #5312 ) ;
#3096 = CARTESIAN_POINT ( 'NONE',  ( -10.81412786653607228, 7.780755848805823049, -119.9806160352527371 ) ) ;
#3097 = ORIENTED_EDGE ( 'NONE', *, *, #2718, .T. ) ;
#3098 = VERTEX_POINT ( 'NONE', #2144 ) ;
#3099 = CARTESIAN_POINT ( 'NONE',  ( 3.261580130883803719, 14.30385891212786653, -77.43059424056414741 ) ) ;
#3100 = CIRCLE ( 'NONE', #258, 25.09999999999999787 ) ;
#3102 = CARTESIAN_POINT ( 'NONE',  ( 3.898899098674196022E-14, 6.500000000000008882, 100.0000000000000000 ) ) ;
#3101 = CIRCLE ( 'NONE', #260, 25.09999999999999787 ) ;
#3103 = AXIS2_PLACEMENT_3D ( 'NONE', #3815, #4323, #2193 ) ;
#3104 = LINE ( 'NONE', #5772, #1448 ) ;
#3105 = CARTESIAN_POINT ( 'NONE',  ( -4.578727394820787389, 14.23662414909530227, -77.72909238618477445 ) ) ;
#3106 = CARTESIAN_POINT ( 'NONE',  ( 2.292433343232368651E-16, 5.400000000000000355, -100.0000000000000000 ) ) ;
#3107 = ORIENTED_EDGE ( 'NONE', *, *, #4216, .T. ) ;
#3108 = EDGE_LOOP ( 'NONE', ( #3609, #830, #3544, #2203 ) ) ;
#3109 = CARTESIAN_POINT ( 'NONE',  ( 1.214344929932751015E-15, 15.49999999999998401, -100.0000000000000000 ) ) ;
#3110 = CARTESIAN_POINT ( 'NONE',  ( 4.654308611523869210, 16.19999999999999929, 77.67616984850208439 ) ) ;
#3111 = VECTOR ( 'NONE', #4303, 1000.000000000000000 ) ;
#3112 = CARTESIAN_POINT ( 'NONE',  ( -21.17646880143212584, 16.19999999999999929, -108.4600916298940803 ) ) ;
#3113 = B_SPLINE_CURVE_WITH_KNOTS ( 'NONE', 3,
 ( #3659, #1632, #2595, #4268 ),
 .UNSPECIFIED., .F., .F.,
 ( 4, 4 ),
 ( 3.020644791740095663E-07, 0.002003451032597844839 ),
 .UNSPECIFIED. ) ;
#3114 = CARTESIAN_POINT ( 'NONE',  ( 16.99574107095889275, 7.780657572238957265, -115.0771222379446783 ) ) ;
#3115 = CARTESIAN_POINT ( 'NONE',  ( 4.559300822022077426, 14.21934285784811181, -122.2573049810998640 ) ) ;
#3116 = DIRECTION ( 'NONE',  ( -0.08715574274765229557, 0.000000000000000000, -0.9961946980917459893 ) ) ;
#3117 = VERTEX_POINT ( 'NONE', #5800 ) ;
#3118 = LINE ( 'NONE', #4612, #5746 ) ;
#3119 = ORIENTED_EDGE ( 'NONE', *, *, #1593, .T. ) ;
#3120 = CARTESIAN_POINT ( 'NONE',  ( -5.970562373124512767, 6.500000000000007994, -76.75451904243257673 ) ) ;
#3121 = AXIS2_PLACEMENT_3D ( 'NONE', #5116, #2895, #1969 ) ;
#3122 = CARTESIAN_POINT ( 'NONE',  ( -2.339929324814073563, 15.49999999999998401, -123.8856595210363736 ) ) ;
#3123 = ORIENTED_EDGE ( 'NONE', *, *, #625, .T. ) ;
#3124 = CARTESIAN_POINT ( 'NONE',  ( -11.84206303383879977, 14.18727772019779998, 119.3515969889343751 ) ) ;
#3125 = CARTESIAN_POINT ( 'NONE',  ( 21.17646880143230703, 7.696141087872132580, -108.4600916298936539 ) ) ;
#3126 = EDGE_CURVE ( 'NONE', #1566, #3811, #2706, .T. ) ;
#3127 = CONICAL_SURFACE ( 'NONE', #2908, 22.49999999999999289, 0.7853981633974536081 ) ;
#3128 = CARTESIAN_POINT ( 'NONE',  ( 13.56091613274831253, 15.49999999999998579, 80.19844567614532593 ) ) ;
#3129 = FACE_OUTER_BOUND ( 'NONE', #1762, .T. ) ;
#3130 = B_SPLINE_CURVE_WITH_KNOTS ( 'NONE', 3,
 ( #1432, #6669, #3007, #3482 ),
 .UNSPECIFIED., .F., .F.,
 ( 4, 4 ),
 ( 3.499283209344260526E-07, 0.002003498898922865222 ),
 .UNSPECIFIED. ) ;
#3131 = CARTESIAN_POINT ( 'NONE',  ( -11.12746622306856636, 8.000207302249767949, -119.5560873082596061 ) ) ;
#3132 = ORIENTED_EDGE ( 'NONE', *, *, #5611, .F. ) ;
#3133 = EDGE_LOOP ( 'NONE', ( #57, #5258, #5902, #282 ) ) ;
#3134 = LINE ( 'NONE', #5697, #6282 ) ;
#3135 = DIRECTION ( 'NONE',  ( -0.9659258262890708657, 0.000000000000000000, -0.2588190451025111916 ) ) ;
#3136 = CARTESIAN_POINT ( 'NONE',  ( 3.765139453739479780, 14.00020928440435952, 77.81659343453652866 ) ) ;
#3137 = CYLINDRICAL_SURFACE ( 'NONE', #3341, 1.000000000000000888 ) ;
#3138 = CARTESIAN_POINT ( 'NONE',  ( 19.51562326895595589, 6.500000000000011546, 86.03073200113240659 ) ) ;
#3139 = EDGE_CURVE ( 'NONE', #3781, #4807, #1124, .T. ) ;
#3140 = ORIENTED_EDGE ( 'NONE', *, *, #6731, .F. ) ;
#3141 = ORIENTED_EDGE ( 'NONE', *, *, #6464, .T. ) ;
#3142 = CARTESIAN_POINT ( 'NONE',  ( -17.05288819640706066, 14.69713885794928920, -84.26968312922896587 ) ) ;
#3143 = CARTESIAN_POINT ( 'NONE',  ( 4.080732175173102050, 16.19999999999999929, -123.1429821957868569 ) ) ;
#3144 = DIRECTION ( 'NONE',  ( 1.150268980431791831E-16, -1.000000000000000000, 0.000000000000000000 ) ) ;
#3145 = EDGE_LOOP ( 'NONE', ( #4243, #1194, #3473, #5759 ) ) ;
#3146 = CYLINDRICAL_SURFACE ( 'NONE', #1479, 1.000000000000000888 ) ;
#3147 = CARTESIAN_POINT ( 'NONE',  ( 5.096409920277831240, 14.69713885689458976, -122.6333928205395694 ) ) ;
#3148 = CARTESIAN_POINT ( 'NONE',  ( -2.644941917294482359, 6.903790001830222955, -123.4500563950542471 ) ) ;
#3149 = EDGE_CURVE ( 'NONE', #4195, #5173, #2005, .T. ) ;
#3150 = ORIENTED_EDGE ( 'NONE', *, *, #1773, .F. ) ;
#3151 = ORIENTED_EDGE ( 'NONE', *, *, #6134, .T. ) ;
#3152 = DIRECTION ( 'NONE',  ( -0.000000000000000000, -1.000000000000000000, -0.000000000000000000 ) ) ;
#3153 = DIRECTION ( 'NONE',  ( -0.08715574274765193474, 0.000000000000000000, 0.9961946980917459893 ) ) ;
#3154 = ORIENTED_EDGE ( 'NONE', *, *, #2071, .T. ) ;
#3155 = CARTESIAN_POINT ( 'NONE',  ( -17.67882416770098786, 14.14401195499841180, -114.1500783306336189 ) ) ;
#3156 = CARTESIAN_POINT ( 'NONE',  ( 2.952017461842432855, 14.69713885689457733, 123.0115070681895020 ) ) ;
#3157 = CARTESIAN_POINT ( 'NONE',  ( 4.578787872193189834, 7.763322052064645540, 122.2709499605271048 ) ) ;
#3158 = LINE ( 'NONE', #1994, #6411 ) ;
#3159 = LINE ( 'NONE', #6210, #4517 ) ;
#3160 = ORIENTED_EDGE ( 'NONE', *, *, #3766, .T. ) ;
#3161 = VERTEX_POINT ( 'NONE', #6385 ) ;
#3162 = CARTESIAN_POINT ( 'NONE',  ( -22.49980162688844487, 8.000207189684861220, -100.1413774375222658 ) ) ;
#3163 = CARTESIAN_POINT ( 'NONE',  ( 12.00881904510249321, 7.696141087872134356, 80.61432883735471933 ) ) ;
#3164 = CARTESIAN_POINT ( 'NONE',  ( -10.78407417371100863, 14.30385891212787186, 79.90722205616826557 ) ) ;
#3165 = CARTESIAN_POINT ( 'NONE',  ( -17.79921189211190580, 7.780755916309221476, 85.88056546371178968 ) ) ;
#3166 = CARTESIAN_POINT ( 'NONE',  ( 13.56091613274856833, 26.05705187735224015, -119.8015543238544751 ) ) ;
#3167 = EDGE_CURVE ( 'NONE', #6509, #2606, #259, .T. ) ;
#3168 = ORIENTED_EDGE ( 'NONE', *, *, #2794, .F. ) ;
#3169 = ORIENTED_EDGE ( 'NONE', *, *, #3375, .T. ) ;
#3170 = CARTESIAN_POINT ( 'NONE',  ( 17.14589584587884019, 26.05705187735223660, -116.7933991687887527 ) ) ;
#3171 = CARTESIAN_POINT ( 'NONE',  ( 22.79289321881348940, 16.19999999999999929, 99.29289321881344677 ) ) ;
#3172 = FACE_BOUND ( 'NONE', #1919, .T. ) ;
#3173 = ADVANCED_FACE ( 'NONE', ( #3338 ), #1193, .T. ) ;
#3174 = VERTEX_POINT ( 'NONE', #3368 ) ;
#3175 = CARTESIAN_POINT ( 'NONE',  ( 17.91488867054851042, 7.696141087872128139, -114.1093141295417155 ) ) ;
#3176 = FACE_OUTER_BOUND ( 'NONE', #1744, .T. ) ;
#3177 = CARTESIAN_POINT ( 'NONE',  ( 3.673940397442059493E-14, 5.400000000000000355, 100.0000000000000000 ) ) ;
#3178 = ORIENTED_EDGE ( 'NONE', *, *, #1143, .T. ) ;
#3179 = ORIENTED_EDGE ( 'NONE', *, *, #6515, .F. ) ;
#3180 = CARTESIAN_POINT ( 'NONE',  ( 21.17646880143219335, 14.30385891212786298, -91.53990837010607606 ) ) ;
#3181 = APPROVAL ( #5358, 'UNSPECIFIED' ) ;
#3182 = LINE ( 'NONE', #4618, #5386 ) ;
#3183 = ADVANCED_FACE ( 'NONE', ( #2270 ), #5937, .T. ) ;
#3184 = ORIENTED_EDGE ( 'NONE', *, *, #1078, .F. ) ;
#3185 = CARTESIAN_POINT ( 'NONE',  ( -3.301690634473103181, 7.747098965593865572, 122.5121220236851372 ) ) ;
#3186 = ORIENTED_EDGE ( 'NONE', *, *, #4256, .F. ) ;
#3187 = CARTESIAN_POINT ( 'NONE',  ( -4.080732175172949283, 7.984138133119860647, -77.85701780421314311 ) ) ;
#3188 = EDGE_CURVE ( 'NONE', #460, #994, #6266, .T. ) ;
#3189 = AXIS2_PLACEMENT_3D ( 'NONE', #5311, #2641, #5791 ) ;
#3190 = FACE_OUTER_BOUND ( 'NONE', #6139, .T. ) ;
#3191 = CARTESIAN_POINT ( 'NONE',  ( 21.27068621144061566, 7.966209544711501778, -92.56065743756913378 ) ) ;
#3192 = DIRECTION ( 'NONE',  ( -0.000000000000000000, -1.000000000000000000, -0.000000000000000000 ) ) ;
#3193 = VERTEX_POINT ( 'NONE', #2240 ) ;
#3194 = CARTESIAN_POINT ( 'NONE',  ( 5.096409920277883643, 14.69713885689457200, 122.6333928205395409 ) ) ;
#3195 = CARTESIAN_POINT ( 'NONE',  ( 4.654308611523842565, 7.696141087872136133, -77.67616984850208439 ) ) ;
#3196 = VECTOR ( 'NONE', #4541, 1000.000000000000000 ) ;
#3197 = EDGE_CURVE ( 'NONE', #801, #3427, #2850, .T. ) ;
#3198 = CARTESIAN_POINT ( 'NONE',  ( 3.910367777673086298, 8.003843614985084898, -77.84614224720624520 ) ) ;
#3199 = CARTESIAN_POINT ( 'NONE',  ( 11.02061375717416958, 14.03345946954831014, -119.6549518285845579 ) ) ;
#3200 = AXIS2_PLACEMENT_3D ( 'NONE', #5106, #903, #2987 ) ;
#3201 = CARTESIAN_POINT ( 'NONE',  ( -3.414558381703146406, 7.855686153615812017, 77.61429165759251703 ) ) ;
#3202 = AXIS2_PLACEMENT_3D ( 'NONE', #1249, #4966, #5345 ) ;
#3203 = EDGE_LOOP ( 'NONE', ( #1322, #6667, #147, #3260 ) ) ;
#3204 = ORIENTED_EDGE ( 'NONE', *, *, #6480, .F. ) ;
#3205 = DIRECTION ( 'NONE',  ( -0.000000000000000000, -1.000000000000000000, -0.000000000000000000 ) ) ;
#3206 = DIRECTION ( 'NONE',  ( -0.000000000000000000, -1.000000000000000000, -0.000000000000000000 ) ) ;
#3207 = B_SPLINE_CURVE_WITH_KNOTS ( 'NONE', 3,
 ( #6683, #2983, #1927, #5030 ),
 .UNSPECIFIED., .F., .F.,
 ( 4, 4 ),
 ( 0.001801244015933371181, 0.003804355091624475951 ),
 .UNSPECIFIED. ) ;
#3208 = ADVANCED_FACE ( 'NONE', ( #3302 ), #799, .F. ) ;
#3209 = ORIENTED_EDGE ( 'NONE', *, *, #6179, .F. ) ;
#3210 = CARTESIAN_POINT ( 'NONE',  ( 1.214344929932751015E-15, 15.49999999999998401, -100.0000000000000000 ) ) ;
#3211 = DIRECTION ( 'NONE',  ( -1.150268980431791831E-16, 1.000000000000000000, -0.000000000000000000 ) ) ;
#3212 = CYLINDRICAL_SURFACE ( 'NONE', #406, 1.000000000000000888 ) ;
#3213 = ORIENTED_EDGE ( 'NONE', *, *, #670, .F. ) ;
#3214 = AXIS2_PLACEMENT_3D ( 'NONE', #1153, #2742, #5864 ) ;
#3215 = EDGE_CURVE ( 'NONE', #4872, #6287, #5313, .T. ) ;
#3216 = ORIENTED_EDGE ( 'NONE', *, *, #5675, .F. ) ;
#3217 = FACE_OUTER_BOUND ( 'NONE', #538, .T. ) ;
#3218 = B_SPLINE_CURVE_WITH_KNOTS ( 'NONE', 3,
 ( #6655, #941, #1447, #358 ),
 .UNSPECIFIED., .F., .F.,
 ( 4, 4 ),
 ( 2.561531857481514727E-07, 0.002003367228548923965 ),
 .UNSPECIFIED. ) ;
#3219 = VECTOR ( 'NONE', #4207, 1000.000000000000000 ) ;
#3220 = B_SPLINE_CURVE_WITH_KNOTS ( 'NONE', 3,
 ( #4776, #5324, #649, #1164 ),
 .UNSPECIFIED., .F., .F.,
 ( 4, 4 ),
 ( 0.001150320977457001004, 0.003153469944068571906 ),
 .UNSPECIFIED. ) ;
#3221 = LINE ( 'NONE', #4817, #5501 ) ;
#3222 = EDGE_CURVE ( 'NONE', #3563, #2699, #162, .T. ) ;
#3223 = ORIENTED_EDGE ( 'NONE', *, *, #5731, .T. ) ;
#3224 = DIRECTION ( 'NONE',  ( 0.9063077870366493816, 0.000000000000000000, -0.4226182617407006070 ) ) ;
#3225 = EDGE_LOOP ( 'NONE', ( #3779, #4840, #5845, #1973 ) ) ;
#3226 = CARTESIAN_POINT ( 'NONE',  ( 23.55308668979005660, 6.903790002480922894, -101.4673002521631417 ) ) ;
#3227 = B_SPLINE_CURVE_WITH_KNOTS ( 'NONE', 3,
 ( #886, #2966, #1533, #1816, #989, #3072, #3627, #5706, #1431, #2599 ),
 .UNSPECIFIED., .F., .F.,
 ( 4, 2, 2, 2, 4 ),
 ( 2.457714201964923464E-07, 0.0004261960535715142461, 0.0008521463357228319362, 0.001278096617874149681, 0.001704046900025467425 ),
 .UNSPECIFIED. ) ;
#3228 = CIRCLE ( 'NONE', #1263, 25.10000000000001208 ) ;
#3229 = CARTESIAN_POINT ( 'NONE',  ( 11.64601317692066473, 7.914473032486292858, -80.64840301106670495 ) ) ;
#3230 = DIRECTION ( 'NONE',  ( -0.000000000000000000, -1.000000000000000000, -0.000000000000000000 ) ) ;
#3231 = ORIENTED_EDGE ( 'NONE', *, *, #6051, .F. ) ;
#3232 = DIRECTION ( 'NONE',  ( -1.150268980431791831E-16, 1.000000000000000000, -0.000000000000000000 ) ) ;
#3233 = CARTESIAN_POINT ( 'NONE',  ( 11.03320754165791762, 14.03088686564712440, -80.35510074598043673 ) ) ;
#3234 = VECTOR ( 'NONE', #2988, 1000.000000000000000 ) ;
#3235 = EDGE_CURVE ( 'NONE', #5070, #4740, #4730, .T. ) ;
#3236 = CARTESIAN_POINT ( 'NONE',  ( -22.79289321881342190, 14.30385891212786298, 99.29289321881347519 ) ) ;
#3237 = CARTESIAN_POINT ( 'NONE',  ( 21.09454416409256794, 13.99979271801131375, 107.8282349765663639 ) ) ;
#3238 = CIRCLE ( 'NONE', #1384, 25.10000000000000142 ) ;
#3239 = CARTESIAN_POINT ( 'NONE',  ( -10.78407417371103705, 7.696141087872114817, -79.90722205616825136 ) ) ;
#3240 = ORIENTED_EDGE ( 'NONE', *, *, #3543, .F. ) ;
#3241 = VERTEX_POINT ( 'NONE', #1829 ) ;
#3242 = ORIENTED_EDGE ( 'NONE', *, *, #1668, .T. ) ;
#3243 = LINE ( 'NONE', #2147, #2016 ) ;
#3244 = CARTESIAN_POINT ( 'NONE',  ( 17.07837890800253078, 14.03345944593030836, 114.7003412128264443 ) ) ;
#3245 = ORIENTED_EDGE ( 'NONE', *, *, #1910, .F. ) ;
#3246 = EDGE_CURVE ( 'NONE', #1413, #4539, #4264, .T. ) ;
#3247 = CARTESIAN_POINT ( 'NONE',  ( 4.654308611523869210, 7.696141087872122810, 77.67616984850208439 ) ) ;
#3248 = CARTESIAN_POINT ( 'NONE',  ( 0.000000000000000000, 26.05705187735223660, -100.0000000000000000 ) ) ;
#3249 = DIRECTION ( 'NONE',  ( -1.000000000000000000, -1.445602896647338917E-16, 0.000000000000000000 ) ) ;
#3250 = ORIENTED_EDGE ( 'NONE', *, *, #4345, .T. ) ;
#3251 = EDGE_CURVE ( 'NONE', #1060, #3573, #5449, .T. ) ;
#3252 = ADVANCED_FACE ( 'NONE', ( #6008 ), #128, .F. ) ;
#3253 = ORIENTED_EDGE ( 'NONE', *, *, #4181, .T. ) ;
#3254 = CARTESIAN_POINT ( 'NONE',  ( 3.261580130884094597, 7.696141087872141462, -122.5694057594358100 ) ) ;
#3255 = CARTESIAN_POINT ( 'NONE',  ( 3.632706234369320608, 7.966209495446776145, -122.2393650376469054 ) ) ;
#3256 = EDGE_CURVE ( 'NONE', #744, #930, #6714, .T. ) ;
#3257 = B_SPLINE_CURVE_WITH_KNOTS ( 'NONE', 3,
 ( #6574, #5580, #464, #6171 ),
 .UNSPECIFIED., .F., .F.,
 ( 4, 4 ),
 ( 0.001801258386707720125, 0.003804369461405603548 ),
 .UNSPECIFIED. ) ;
#3258 = ORIENTED_EDGE ( 'NONE', *, *, #6224, .F. ) ;
#3259 = CARTESIAN_POINT ( 'NONE',  ( -11.31835284008179521, 13.99654704095015667, -80.55772232179285197 ) ) ;
#3260 = ORIENTED_EDGE ( 'NONE', *, *, #3900, .F. ) ;
#3261 = LINE ( 'NONE', #5341, #3653 ) ;
#3262 = EDGE_CURVE ( 'NONE', #6550, #5889, #4496, .T. ) ;
#3263 = ORIENTED_EDGE ( 'NONE', *, *, #5771, .T. ) ;
#3264 = CARTESIAN_POINT ( 'NONE',  ( -3.261580130883609652, 14.30385891212784699, 122.5694057594358668 ) ) ;
#3265 = ORIENTED_EDGE ( 'NONE', *, *, #1535, .T. ) ;
#3266 = CARTESIAN_POINT ( 'NONE',  ( -22.14929811726816666, 14.69713885746530480, 106.9030759508795825 ) ) ;
#3267 = DIRECTION ( 'NONE',  ( 0.000000000000000000, 0.000000000000000000, -1.000000000000000000 ) ) ;
#3268 = EDGE_CURVE ( 'NONE', #480, #237, #4563, .T. ) ;
#3269 = CARTESIAN_POINT ( 'NONE',  ( 23.11645821900312470, 6.500000000000011546, -106.4520817887781874 ) ) ;
#3270 = PLANE ( 'NONE',  #942 ) ;
#3271 = DIRECTION ( 'NONE',  ( -1.150268980431791831E-16, 1.000000000000000000, -0.000000000000000000 ) ) ;
#3272 = ORIENTED_EDGE ( 'NONE', *, *, #6516, .T. ) ;
#3273 = EDGE_LOOP ( 'NONE', ( #3898, #790, #3079, #6432 ) ) ;
#3274 = DIRECTION ( 'NONE',  ( -0.8191520442889926867, 0.000000000000000000, 0.5735764363510447161 ) ) ;
#3275 = CARTESIAN_POINT ( 'NONE',  ( -17.00500244574762121, 7.855988044976204954, -114.9531077885775971 ) ) ;
#3276 = ADVANCED_FACE ( 'NONE', ( #1995 ), #2513, .T. ) ;
#3277 = ORIENTED_EDGE ( 'NONE', *, *, #98, .F. ) ;
#3278 = CARTESIAN_POINT ( 'NONE',  ( 2.755455298081544778E-15, 14.00000000000002309, -122.5000000000000000 ) ) ;
#3279 = LINE ( 'NONE', #2760, #3756 ) ;
#3280 = CARTESIAN_POINT ( 'NONE',  ( 0.000000000000000000, 0.000000000000000000, 0.000000000000000000 ) ) ;
#3281 = ORIENTED_EDGE ( 'NONE', *, *, #5176, .F. ) ;
#3282 = ORIENTED_EDGE ( 'NONE', *, *, #2048, .F. ) ;
#3283 = ORIENTED_EDGE ( 'NONE', *, *, #4706, .T. ) ;
#3284 = CARTESIAN_POINT ( 'NONE',  ( 21.09396345672168138, 14.00020932005845253, 92.16900331255722278 ) ) ;
#3285 = EDGE_CURVE ( 'NONE', #154, #6690, #4738, .T. ) ;
#3286 = CARTESIAN_POINT ( 'NONE',  ( 3.414558381703306278, 7.855686153615812017, -122.3857083424074688 ) ) ;
#3287 = VERTEX_POINT ( 'NONE', #1897 ) ;
#3288 = CARTESIAN_POINT ( 'NONE',  ( -5.970562373124471023, 15.49999999999998401, 76.75451904243257673 ) ) ;
#3289 = VERTEX_POINT ( 'NONE', #6137 ) ;
#3290 = CARTESIAN_POINT ( 'NONE',  ( 3.898899098674196022E-14, 6.500000000000008882, 100.0000000000000000 ) ) ;
#3291 = B_SPLINE_CURVE_WITH_KNOTS ( 'NONE', 3,
 ( #1395, #2169, #571, #4800 ),
 .UNSPECIFIED., .F., .F.,
 ( 4, 4 ),
 ( 2.483701086452744783E-07, 0.002003359445416204917 ),
 .UNSPECIFIED. ) ;
#3292 = ADVANCED_FACE ( 'NONE', ( #6580 ), #2406, .T. ) ;
#3293 = EDGE_CURVE ( 'NONE', #1429, #3824, #2377, .T. ) ;
#3294 = CARTESIAN_POINT ( 'NONE',  ( 12.53013505220768842, 14.69713885779637152, -119.5253573657502812 ) ) ;
#3295 = ORIENTED_EDGE ( 'NONE', *, *, #4763, .T. ) ;
#3296 = LINE ( 'NONE', #5371, #5396 ) ;
#3297 = DIRECTION ( 'NONE',  ( -0.2588190451025340066, 0.000000000000000000, 0.9659258262890647595 ) ) ;
#3298 = ADVANCED_FACE ( 'NONE', ( #3541 ), #3472, .F. ) ;
#3299 = CARTESIAN_POINT ( 'NONE',  ( -5.534959247396104232, 6.903790001594713566, -122.9404683652650050 ) ) ;
#3300 = CARTESIAN_POINT ( 'NONE',  ( 17.05288955031228326, 7.302849822303719485, 115.7303323459764641 ) ) ;
#3301 = CARTESIAN_POINT ( 'NONE',  ( 22.79289321881345032, 7.696141087872137021, -99.29289321881346098 ) ) ;
#3302 = FACE_OUTER_BOUND ( 'NONE', #4439, .T. ) ;
#3303 = ORIENTED_EDGE ( 'NONE', *, *, #2196, .F. ) ;
#3304 = CARTESIAN_POINT ( 'NONE',  ( 4.654308611523869210, 7.696141087872122810, 77.67616984850208439 ) ) ;
#3305 = AXIS2_PLACEMENT_3D ( 'NONE', #3432, #835, #6003 ) ;
#3306 = CARTESIAN_POINT ( 'NONE',  ( 2.339929324814267630, 15.49999999999998401, 76.11434047896365485 ) ) ;
#3307 = ORIENTED_EDGE ( 'NONE', *, *, #2318, .T. ) ;
#3308 = VECTOR ( 'NONE', #4371, 1000.000000000000000 ) ;
#3309 = CIRCLE ( 'NONE', #4081, 24.00000000000000000 ) ;
#3310 = CARTESIAN_POINT ( 'NONE',  ( -18.98587359976651001, 6.903790001739280591, -114.0156150894283797 ) ) ;
#3311 = DIRECTION ( 'NONE',  ( -0.000000000000000000, -1.000000000000000000, -0.000000000000000000 ) ) ;
#3312 = ORIENTED_EDGE ( 'NONE', *, *, #3000, .T. ) ;
#3313 = ORIENTED_EDGE ( 'NONE', *, *, #3411, .T. ) ;
#3314 = LINE ( 'NONE', #1771, #247 ) ;
#3315 = VECTOR ( 'NONE', #5129, 1000.000000000000000 ) ;
#3316 = VECTOR ( 'NONE', #3492, 1000.000000000000000 ) ;
#3317 = CARTESIAN_POINT ( 'NONE',  ( -10.84653422520061739, 14.17261813810716298, 119.9100199133091706 ) ) ;
#3318 = B_SPLINE_CURVE_WITH_KNOTS ( 'NONE', 3,
 ( #1405, #857, #3453, #6157 ),
 .UNSPECIFIED., .F., .F.,
 ( 4, 4 ),
 ( 2.483819566055092376E-07, 0.002003397347290036216 ),
 .UNSPECIFIED. ) ;
#3319 = ORIENTED_EDGE ( 'NONE', *, *, #4306, .T. ) ;
#3320 = CARTESIAN_POINT ( 'NONE',  ( 17.09954875531797214, 6.903790001739282367, 83.73635050040033434 ) ) ;
#3321 = ORIENTED_EDGE ( 'NONE', *, *, #3450, .F. ) ;
#3322 = CARTESIAN_POINT ( 'NONE',  ( 10.78407417371116139, 14.30385891212785410, -120.0927779438316634 ) ) ;
#3323 = VERTEX_POINT ( 'NONE', #4973 ) ;
#3324 = CARTESIAN_POINT ( 'NONE',  ( -16.99572930846298391, 14.21924408373305937, -84.92301220799741657 ) ) ;
#3325 = AXIS2_PLACEMENT_3D ( 'NONE', #227, #4841, #5451 ) ;
#3326 = VECTOR ( 'NONE', #2232, 1000.000000000000000 ) ;
#3327 = CARTESIAN_POINT ( 'NONE',  ( 21.66015832672823649, 14.30385891212785765, -107.1311655811162922 ) ) ;
#3328 = EDGE_LOOP ( 'NONE', ( #3312, #6558, #3329, #1676 ) ) ;
#3329 = ORIENTED_EDGE ( 'NONE', *, *, #4299, .F. ) ;
#3330 = DIRECTION ( 'NONE',  ( -1.000000000000000000, -1.445602896647338917E-16, 0.000000000000000000 ) ) ;
#3331 = ADVANCED_FACE ( 'NONE', ( #3026 ), #875, .T. ) ;
#3332 = CARTESIAN_POINT ( 'NONE',  ( 2.292433343232368651E-16, 22.00000000000000000, -100.0000000000000000 ) ) ;
#3333 = FACE_OUTER_BOUND ( 'NONE', #4882, .T. ) ;
#3334 = VECTOR ( 'NONE', #520, 1000.000000000000000 ) ;
#3335 = B_SPLINE_CURVE_WITH_KNOTS ( 'NONE', 3,
 ( #5291, #4809, #4704, #5779, #5806, #6291, #3244, #677, #6389, #5325 ),
 .UNSPECIFIED., .F., .F.,
 ( 4, 2, 2, 2, 4 ),
 ( 2.457714201960378603E-07, 0.0004261960535715153303, 0.0008521463357228346467, 0.001278096617874154017, 0.001704046900025473280 ),
 .UNSPECIFIED. ) ;
#3336 = CARTESIAN_POINT ( 'NONE',  ( 11.74999999999995559, 16.19999999999999929, -79.64840301106566756 ) ) ;
#3337 = FACE_OUTER_BOUND ( 'NONE', #6027, .T. ) ;
#3338 = FACE_OUTER_BOUND ( 'NONE', #4280, .T. ) ;
#3339 = ORIENTED_EDGE ( 'NONE', *, *, #5579, .T. ) ;
#3340 = DIRECTION ( 'NONE',  ( 0.5735764363510447161, 0.000000000000000000, 0.8191520442889926867 ) ) ;
#3341 = AXIS2_PLACEMENT_3D ( 'NONE', #2687, #5741, #1056 ) ;
#3342 = ADVANCED_FACE ( 'NONE', ( #4459 ), #6548, .F. ) ;
#3343 = CARTESIAN_POINT ( 'NONE',  ( -2.952008550967213374, 7.302849822398343349, 123.0115197942374721 ) ) ;
#3344 = ORIENTED_EDGE ( 'NONE', *, *, #4407, .F. ) ;
#3345 = AXIS2_PLACEMENT_3D ( 'NONE', #2032, #6240, #6209 ) ;
#3346 = EDGE_CURVE ( 'NONE', #2075, #3827, #1862, .T. ) ;
#3347 = LINE ( 'NONE', #1767, #2575 ) ;
#3348 = CYLINDRICAL_SURFACE ( 'NONE', #5169, 1.000000000000000888 ) ;
#3349 = VERTEX_POINT ( 'NONE', #1934 ) ;
#3350 = CARTESIAN_POINT ( 'NONE',  ( 10.81412786653622149, 7.780755848805808839, 80.01938396474733395 ) ) ;
#3351 = EDGE_CURVE ( 'NONE', #3241, #514, #4027, .T. ) ;
#3352 = LINE ( 'NONE', #3381, #4938 ) ;
#3353 = CARTESIAN_POINT ( 'NONE',  ( 17.91488867054855305, 7.696141087872141462, 114.1093141295416871 ) ) ;
#3354 = ORIENTED_EDGE ( 'NONE', *, *, #6510, .T. ) ;
#3355 = DIRECTION ( 'NONE',  ( -0.000000000000000000, -1.000000000000000000, -0.000000000000000000 ) ) ;
#3356 = ORIENTED_EDGE ( 'NONE', *, *, #5298, .T. ) ;
#3357 = CARTESIAN_POINT ( 'NONE',  ( -21.85555259377030879, 6.500000000000006217, 90.08360847783134773 ) ) ;
#3358 = ORIENTED_EDGE ( 'NONE', *, *, #3883, .T. ) ;
#3359 = CARTESIAN_POINT ( 'NONE',  ( -17.91488867054839673, 14.30385891212785765, -85.89068587045817083 ) ) ;
#3360 = B_SPLINE_CURVE_WITH_KNOTS ( 'NONE', 3,
 ( #1079, #977, #1993, #2096 ),
 .UNSPECIFIED., .F., .F.,
 ( 4, 4 ),
 ( 2.730162618589011310E-07, 0.002003421982873457557 ),
 .UNSPECIFIED. ) ;
#3361 = CARTESIAN_POINT ( 'NONE',  ( 10.36819101250178221, 6.500000000000009770, -121.6448750314774827 ) ) ;
#3362 = ORIENTED_EDGE ( 'NONE', *, *, #6176, .F. ) ;
#3363 = FACE_OUTER_BOUND ( 'NONE', #1346, .T. ) ;
#3364 = LINE ( 'NONE', #6002, #3764 ) ;
#3365 = CARTESIAN_POINT ( 'NONE',  ( 21.09396345672164230, 14.00020932005845431, -92.16900331255725121 ) ) ;
#3366 = DIRECTION ( 'NONE',  ( 1.150268980431791831E-16, -1.000000000000000000, -4.226019675132849788E-32 ) ) ;
#3367 = CARTESIAN_POINT ( 'NONE',  ( -11.75000000000007994, 16.19999999999999929, 79.64840301106573861 ) ) ;
#3368 = CARTESIAN_POINT ( 'NONE',  ( -17.14589584587866966, 6.500000000000007105, 83.20660083121111938 ) ) ;
#3369 = ORIENTED_EDGE ( 'NONE', *, *, #3809, .T. ) ;
#3370 = DIRECTION ( 'NONE',  ( -0.000000000000000000, -1.000000000000000000, -0.000000000000000000 ) ) ;
#3371 = CARTESIAN_POINT ( 'NONE',  ( 2.292433343232368651E-16, 22.00000000000000000, -74.90000000000000568 ) ) ;
#3372 = B_SPLINE_CURVE_WITH_KNOTS ( 'NONE', 3,
 ( #2716, #2136, #3194, #3618 ),
 .UNSPECIFIED., .F., .F.,
 ( 4, 4 ),
 ( 0.001150320975949244628, 0.003153469944067972125 ),
 .UNSPECIFIED. ) ;
#3373 = EDGE_CURVE ( 'NONE', #5609, #3241, #280, .T. ) ;
#3374 = LINE ( 'NONE', #135, #4643 ) ;
#3375 = EDGE_CURVE ( 'NONE', #3174, #6494, #6213, .T. ) ;
#3376 = FACE_OUTER_BOUND ( 'NONE', #6428, .T. ) ;
#3377 = PERSON_AND_ORGANIZATION ( #384, #3894 ) ;
#3378 = ORIENTED_EDGE ( 'NONE', *, *, #4751, .F. ) ;
#3379 = CARTESIAN_POINT ( 'NONE',  ( 21.55504165465612942, 14.21934262486993106, -107.1801822903032502 ) ) ;
#3380 = ADVANCED_FACE ( 'NONE', ( #5183 ), #2679, .T. ) ;
#3381 = CARTESIAN_POINT ( 'NONE',  ( 5.970562373124356448, 26.05705187735223660, 76.75451904243253409 ) ) ;
#3382 = CARTESIAN_POINT ( 'NONE',  ( 21.19258113128301702, 7.999790679995413711, -92.43995314672453389 ) ) ;
#3383 = VERTEX_POINT ( 'NONE', #1597 ) ;
#3384 = B_SPLINE_CURVE_WITH_KNOTS ( 'NONE', 3,
 ( #6217, #3692, #5226, #3726, #5148, #1528, #3199, #542, #5286, #3588 ),
 .UNSPECIFIED., .F., .F.,
 ( 4, 2, 2, 2, 4 ),
 ( 2.534827000434159089E-07, 0.0004262038063267393172, 0.0008521541299534352064, 0.001278104453580131096, 0.001704054777206826876 ),
 .UNSPECIFIED. ) ;
#3385 = CARTESIAN_POINT ( 'NONE',  ( 18.00204441329600513, 16.19999999999999929, 84.89449117236628695 ) ) ;
#3386 = B_SPLINE_CURVE_WITH_KNOTS ( 'NONE', 3,
 ( #1568, #1096, #4671, #4168 ),
 .UNSPECIFIED., .F., .F.,
 ( 4, 4 ),
 ( 0.001801196906089755009, 0.003804307981452956927 ),
 .UNSPECIFIED. ) ;
#3387 = CARTESIAN_POINT ( 'NONE',  ( 19.51562326895618682, 6.500000000000011546, 113.9692679988672808 ) ) ;
#3388 = CARTESIAN_POINT ( 'NONE',  ( -4.493833797922252238, 7.823870444962943260, -77.77343431191714274 ) ) ;
#3389 = ORIENTED_EDGE ( 'NONE', *, *, #1477, .T. ) ;
#3390 = CARTESIAN_POINT ( 'NONE',  ( 3.073863465859856794E-15, 5.400000000000000355, -74.90000000000000568 ) ) ;
#3391 = EDGE_CURVE ( 'NONE', #3098, #3394, #3616, .T. ) ;
#3392 = CARTESIAN_POINT ( 'NONE',  ( 6.733360456028193320E-31, 0.000000000000000000, -100.0000000000000000 ) ) ;
#3393 = ORIENTED_EDGE ( 'NONE', *, *, #1088, .F. ) ;
#3394 = VERTEX_POINT ( 'NONE', #6761 ) ;
#3395 = CARTESIAN_POINT ( 'NONE',  ( 17.91488867054834344, 7.696141087872125475, 85.89068587045802872 ) ) ;
#3396 = CARTESIAN_POINT ( 'NONE',  ( -12.00881904510228892, 7.696141087872148567, 119.3856711626453517 ) ) ;
#3397 = LINE ( 'NONE', #2234, #5043 ) ;
#3398 = CARTESIAN_POINT ( 'NONE',  ( -10.64438797060585351, 14.69713885779638574, -79.38590604906332260 ) ) ;
#3399 = CARTESIAN_POINT ( 'NONE',  ( 0.000000000000000000, 26.05705187735223660, -100.0000000000000000 ) ) ;
#3400 = DIRECTION ( 'NONE',  ( 0.000000000000000000, 0.000000000000000000, -1.000000000000000000 ) ) ;
#3401 = EDGE_LOOP ( 'NONE', ( #4944, #850, #2731, #3003 ) ) ;
#3402 = CARTESIAN_POINT ( 'NONE',  ( -21.07623940999787138, 14.03345952087819448, -92.02734713996804317 ) ) ;
#3403 = CARTESIAN_POINT ( 'NONE',  ( -12.00881904510261933, 14.30385891212787541, -80.61432883735480459 ) ) ;
#3404 = CARTESIAN_POINT ( 'NONE',  ( 3.261580130883831696, 16.19999999999999929, 77.43059424056414741 ) ) ;
#3405 = AXIS2_PLACEMENT_3D ( 'NONE', #378, #5461, #6083 ) ;
#3406 = CYLINDRICAL_SURFACE ( 'NONE', #6043, 1.000000000000000888 ) ;
#3407 = APPROVAL_STATUS ( 'not_yet_approved' ) ;
#3408 = VERTEX_POINT ( 'NONE', #4660 ) ;
#3409 = ORIENTED_EDGE ( 'NONE', *, *, #665, .F. ) ;
#3410 = CARTESIAN_POINT ( 'NONE',  ( 21.27068621144070804, 14.03379045528848401, -107.4393425624305962 ) ) ;
#3411 = EDGE_CURVE ( 'NONE', #1421, #2215, #3061, .T. ) ;
#3412 = AXIS2_PLACEMENT_3D ( 'NONE', #361, #6070, #2442 ) ;
#3413 = CARTESIAN_POINT ( 'NONE',  ( -11.64557499583500366, 14.08529954957126584, 119.3515969889343609 ) ) ;
#3414 = DIRECTION ( 'NONE',  ( 0.000000000000000000, 0.000000000000000000, -1.000000000000000000 ) ) ;
#3415 = EDGE_CURVE ( 'NONE', #4342, #4983, #6380, .T. ) ;
#3416 = ORIENTED_EDGE ( 'NONE', *, *, #3434, .T. ) ;
#3417 = DIRECTION ( 'NONE',  ( -1.000000000000000000, -1.445602896647338917E-16, 0.000000000000000000 ) ) ;
#3418 = AXIS2_PLACEMENT_3D ( 'NONE', #4174, #521, #5712 ) ;
#3419 = AXIS2_PLACEMENT_3D ( 'NONE', #367, #1526, #4030 ) ;
#3420 = CARTESIAN_POINT ( 'NONE',  ( -4.578787872192997987, 7.763322052064633105, -77.72905003947288094 ) ) ;
#3421 = ORIENTED_EDGE ( 'NONE', *, *, #1181, .T. ) ;
#3422 = CARTESIAN_POINT ( 'NONE',  ( -11.21320909158750823, 8.006097924864862492, 119.5000637989130183 ) ) ;
#3423 = VECTOR ( 'NONE', #436, 1000.000000000000000 ) ;
#3424 = CIRCLE ( 'NONE', #595, 24.00000000000000355 ) ;
#3425 = EDGE_CURVE ( 'NONE', #5229, #4814, #5062, .T. ) ;
#3426 = FACE_BOUND ( 'NONE', #5912, .T. ) ;
#3427 = VERTEX_POINT ( 'NONE', #469 ) ;
#3428 = VERTEX_POINT ( 'NONE', #4726 ) ;
#3429 = DIRECTION ( 'NONE',  ( 1.150268980431791831E-16, -1.000000000000000000, 0.000000000000000000 ) ) ;
#3430 = CIRCLE ( 'NONE', #6721, 24.00000000000000355 ) ;
#3431 = FACE_OUTER_BOUND ( 'NONE', #5340, .T. ) ;
#3432 = CARTESIAN_POINT ( 'NONE',  ( 25.00000000000000355, 15.00000000000005151, -83.41687604822300273 ) ) ;
#3433 = AXIS2_PLACEMENT_3D ( 'NONE', #2506, #6131, #1988 ) ;
#3434 = EDGE_CURVE ( 'NONE', #6634, #4206, #2552, .T. ) ;
#3435 = CARTESIAN_POINT ( 'NONE',  ( -10.78407417371100863, 14.30385891212787186, 79.90722205616826557 ) ) ;
#3436 = CARTESIAN_POINT ( 'NONE',  ( -2.339929324814073563, 15.49999999999998401, -123.8856595210363736 ) ) ;
#3437 = CARTESIAN_POINT ( 'NONE',  ( -21.63080946088323842, 15.09619911711713058, -109.4344283183558986 ) ) ;
#3438 = EDGE_LOOP ( 'NONE', ( #1581, #5326, #2572, #4083 ) ) ;
#3439 = CARTESIAN_POINT ( 'NONE',  ( -22.08277658846889935, 16.19999999999999929, -91.96252663184692722 ) ) ;
#3440 = CARTESIAN_POINT ( 'NONE',  ( -21.12745209240930322, 7.780657374847161023, 91.64502504182647158 ) ) ;
#3441 = VECTOR ( 'NONE', #2151, 1000.000000000000000 ) ;
#3442 = EDGE_CURVE ( 'NONE', #5118, #6633, #2013, .T. ) ;
#3443 = CARTESIAN_POINT ( 'NONE',  ( -4.654308611523966022, 16.19999999999999929, 77.67616984850211281 ) ) ;
#3444 = DIRECTION ( 'NONE',  ( -0.8191520442889873577, 0.000000000000000000, 0.5735764363510525987 ) ) ;
#3445 = VECTOR ( 'NONE', #5072, 1000.000000000000000 ) ;
#3446 = CARTESIAN_POINT ( 'NONE',  ( -22.79289321881345032, 14.30385891212785765, -100.7071067811865532 ) ) ;
#3447 = ORIENTED_EDGE ( 'NONE', *, *, #663, .F. ) ;
#3448 = VERTEX_POINT ( 'NONE', #2167 ) ;
#3449 = CARTESIAN_POINT ( 'NONE',  ( 21.85555259377029813, 6.500000000000011546, 90.08360847783116299 ) ) ;
#3450 = EDGE_CURVE ( 'NONE', #3760, #6603, #3684, .T. ) ;
#3451 = CARTESIAN_POINT ( 'NONE',  ( 12.53015005739122678, 7.302849822317437400, 80.47463861362265902 ) ) ;
#3452 = CARTESIAN_POINT ( 'NONE',  ( 22.14931219668993023, 7.302849822347131870, 93.09693061446270690 ) ) ;
#3453 = CARTESIAN_POINT ( 'NONE',  ( -18.98585932493122286, 15.09619911758238153, 114.0156163383146577 ) ) ;
#3454 = ADVANCED_FACE ( 'NONE', ( #55 ), #1081, .F. ) ;
#3455 = ORIENTED_EDGE ( 'NONE', *, *, #32, .T. ) ;
#3456 = AXIS2_PLACEMENT_3D ( 'NONE', #3177, #2662, #4747 ) ;
#3457 = CARTESIAN_POINT ( 'NONE',  ( 22.63450800250861406, 6.903790001781012542, -106.6768188655790510 ) ) ;
#3458 = CARTESIAN_POINT ( 'NONE',  ( -21.09454416409245070, 13.99979271801134217, 92.17176502343345135 ) ) ;
#3459 = ORIENTED_EDGE ( 'NONE', *, *, #2210, .T. ) ;
#3460 = CARTESIAN_POINT ( 'NONE',  ( 4.654308611524132999, 16.19999999999999929, -122.3238301514978588 ) ) ;
#3461 = EDGE_CURVE ( 'NONE', #4401, #4438, #3159, .T. ) ;
#3462 = CARTESIAN_POINT ( 'NONE',  ( 12.00881904510274545, 16.19999999999999929, -119.3856711626451101 ) ) ;
#3463 = ORIENTED_EDGE ( 'NONE', *, *, #6179, .T. ) ;
#3464 = ORIENTED_EDGE ( 'NONE', *, *, #845, .F. ) ;
#3465 = FACE_OUTER_BOUND ( 'NONE', #2655, .T. ) ;
#3466 = CARTESIAN_POINT ( 'NONE',  ( -10.78407417371069954, 7.696141087872146791, 120.0927779438318908 ) ) ;
#3467 = DIRECTION ( 'NONE',  ( -1.150268980431791831E-16, 1.000000000000000000, -0.000000000000000000 ) ) ;
#3468 = ADVANCED_FACE ( 'NONE', ( #1625 ), #2133, .T. ) ;
#3469 = B_SPLINE_CURVE_WITH_KNOTS ( 'NONE', 3,
 ( #2486, #2006, #2894, #5528 ),
 .UNSPECIFIED., .F., .F.,
 ( 4, 4 ),
 ( 0.001150320977456984741, 0.003153469944068573207 ),
 .UNSPECIFIED. ) ;
#3470 = CARTESIAN_POINT ( 'NONE',  ( 17.00584971520448363, 14.30385891212785765, 115.1926645703810976 ) ) ;
#3471 = CARTESIAN_POINT ( 'NONE',  ( 21.66015832672827557, 16.19999999999999929, 107.1311655811162638 ) ) ;
#3472 = CYLINDRICAL_SURFACE ( 'NONE', #601, 24.00000000000000000 ) ;
#3473 = ORIENTED_EDGE ( 'NONE', *, *, #2581, .F. ) ;
#3474 = CARTESIAN_POINT ( 'NONE',  ( 11.74999999999995559, 16.19999999999999929, -80.64840301106566756 ) ) ;
#3475 = DIRECTION ( 'NONE',  ( 0.4226182617407089337, 0.000000000000000000, -0.9063077870366456068 ) ) ;
#3476 = CARTESIAN_POINT ( 'NONE',  ( -3.996295226569520409, 14.00055867418078570, -77.85701780421321416 ) ) ;
#3477 = CARTESIAN_POINT ( 'NONE',  ( -21.66015832672809438, 7.696141087872135245, -107.1311655811167327 ) ) ;
#3478 = CARTESIAN_POINT ( 'NONE',  ( -4.080732175172935072, 16.19999999999999929, 76.85701780421312890 ) ) ;
#3479 = ORIENTED_EDGE ( 'NONE', *, *, #643, .F. ) ;
#3480 = ADVANCED_FACE ( 'NONE', ( #605 ), #2295, .T. ) ;
#3481 = ORIENTED_EDGE ( 'NONE', *, *, #3262, .F. ) ;
#3482 = CARTESIAN_POINT ( 'NONE',  ( -23.92910714524987270, 15.49999999999998046, -98.15667929237703504 ) ) ;
#3483 = CARTESIAN_POINT ( 'NONE',  ( -21.19125078562208842, 8.000207282041492007, -92.43746428254569025 ) ) ;
#3484 = CARTESIAN_POINT ( 'NONE',  ( 17.14348332776388162, 14.00020935018985035, 85.42670990918449547 ) ) ;
#3485 = CARTESIAN_POINT ( 'NONE',  ( 22.71088115686359288, 14.21934324031773578, -99.37490528076331486 ) ) ;
#3486 = ORIENTED_EDGE ( 'NONE', *, *, #3499, .F. ) ;
#3487 = CARTESIAN_POINT ( 'NONE',  ( -10.78407417371074573, 16.19999999999999929, -120.0927779438318765 ) ) ;
#3488 = CARTESIAN_POINT ( 'NONE',  ( 4.654308611523841677, 16.19999999999999929, -77.67616984850208439 ) ) ;
#3489 = ORIENTED_EDGE ( 'NONE', *, *, #1875, .T. ) ;
#3490 = CARTESIAN_POINT ( 'NONE',  ( -11.53566177949910454, 7.957092798995916816, 119.3681133811608532 ) ) ;
#3491 = EDGE_CURVE ( 'NONE', #6399, #6494, #4351, .T. ) ;
#3492 = DIRECTION ( 'NONE',  ( -1.150268980431791831E-16, 1.000000000000000000, -0.000000000000000000 ) ) ;
#3493 = EDGE_LOOP ( 'NONE', ( #4271, #3463, #947, #972 ) ) ;
#3494 = ORIENTED_EDGE ( 'NONE', *, *, #5094, .F. ) ;
#3495 = CARTESIAN_POINT ( 'NONE',  ( -16.99574107095857300, 14.21934242776104007, -115.0771222379450620 ) ) ;
#3496 = CARTESIAN_POINT ( 'NONE',  ( 17.14497379312327396, 13.99979268842993463, -114.5708931961439987 ) ) ;
#3497 = CARTESIAN_POINT ( 'NONE',  ( -23.92910714524983007, 26.05705187735223660, 101.8433207076230076 ) ) ;
#3498 = EDGE_CURVE ( 'NONE', #1137, #2068, #2290, .T. ) ;
#3499 = EDGE_CURVE ( 'NONE', #4076, #3289, #1881, .T. ) ;
#3500 = ORIENTED_EDGE ( 'NONE', *, *, #370, .T. ) ;
#3501 = CARTESIAN_POINT ( 'NONE',  ( 10.78407417371088428, 14.30385891212785765, -79.90722205616819451 ) ) ;
#3502 = CARTESIAN_POINT ( 'NONE',  ( 22.79289321881348940, 7.696141087872137021, 99.29289321881344677 ) ) ;
#3503 = CARTESIAN_POINT ( 'NONE',  ( -3.261580130883956041, 7.696141087872134356, -77.43059424056417583 ) ) ;
#3504 = ADVANCED_FACE ( 'NONE', ( #120 ), #4381, .F. ) ;
#3505 = ORIENTED_EDGE ( 'NONE', *, *, #3975, .T. ) ;
#3506 = DIRECTION ( 'NONE',  ( -1.150268980431791831E-16, 1.000000000000000000, -0.000000000000000000 ) ) ;
#3507 = DIRECTION ( 'NONE',  ( -1.000000000000000000, -1.445602896647338917E-16, 0.000000000000000000 ) ) ;
#3508 = CARTESIAN_POINT ( 'NONE',  ( 22.79289321881349295, 14.30385891212785943, 100.7071067811865390 ) ) ;
#3509 = CARTESIAN_POINT ( 'NONE',  ( 22.79289321881349295, 14.30385891212785943, 100.7071067811865390 ) ) ;
#3510 = B_SPLINE_CURVE_WITH_KNOTS ( 'NONE', 3,
 ( #3446, #2931, #1498, #3551, #2963, #3589, #1970, #374, #6146, #2453 ),
 .UNSPECIFIED., .F., .F.,
 ( 4, 2, 2, 2, 4 ),
 ( 3.462113389636065027E-07, 0.0004262970349632537155, 0.0008522478585875438222, 0.001278198682211833821, 0.001704149505836123927 ),
 .UNSPECIFIED. ) ;
#3511 = CARTESIAN_POINT ( 'NONE',  ( 22.79289321881349295, 16.19999999999999929, 100.7071067811865390 ) ) ;
#3512 = VERTEX_POINT ( 'NONE', #2229 ) ;
#3513 = ORIENTED_EDGE ( 'NONE', *, *, #2284, .T. ) ;
#3514 = DIRECTION ( 'NONE',  ( -1.000000000000000000, -1.445602896647338917E-16, 5.782411586589355667E-16 ) ) ;
#3515 = CARTESIAN_POINT ( 'NONE',  ( -10.36819101250132924, 26.05705187735223660, -121.6448750314776959 ) ) ;
#3516 = DIRECTION ( 'NONE',  ( -0.000000000000000000, -1.000000000000000000, -0.000000000000000000 ) ) ;
#3517 = FACE_OUTER_BOUND ( 'NONE', #131, .T. ) ;
#3518 = LINE ( 'NONE', #5604, #1711 ) ;
#3519 = VERTEX_POINT ( 'NONE', #5407 ) ;
#3520 = CARTESIAN_POINT ( 'NONE',  ( 11.31835284008197284, 13.99654704095013180, 119.4422776782070201 ) ) ;
#3521 = VERTEX_POINT ( 'NONE', #5342 ) ;
#3522 = AXIS2_PLACEMENT_3D ( 'NONE', #4054, #6068, #901 ) ;
#3523 = DIRECTION ( 'NONE',  ( -1.000000000000000000, -1.445602896647339163E-16, 0.000000000000000000 ) ) ;
#3524 = ORIENTED_EDGE ( 'NONE', *, *, #64, .T. ) ;
#3525 = VECTOR ( 'NONE', #3682, 1000.000000000000000 ) ;
#3526 = AXIS2_PLACEMENT_3D ( 'NONE', #5698, #2927, #5556 ) ;
#3527 = B_SPLINE_CURVE_WITH_KNOTS ( 'NONE', 3,
 ( #3466, #5549, #868, #635 ),
 .UNSPECIFIED., .F., .F.,
 ( 4, 4 ),
 ( 2.561531857490329693E-07, 0.002003367228548947384 ),
 .UNSPECIFIED. ) ;
#3528 = CARTESIAN_POINT ( 'NONE',  ( -5.970562373124512767, 6.500000000000007994, -76.75451904243257673 ) ) ;
#3529 = ORIENTED_EDGE ( 'NONE', *, *, #5114, .T. ) ;
#3530 = ORIENTED_EDGE ( 'NONE', *, *, #6392, .T. ) ;
#3531 = CARTESIAN_POINT ( 'NONE',  ( -23.17452302102558903, 14.69713885595418645, -101.0887365833986848 ) ) ;
#3532 = B_SPLINE_CURVE_WITH_KNOTS ( 'NONE', 3,
 ( #4272, #3696, #4741, #69 ),
 .UNSPECIFIED., .F., .F.,
 ( 4, 4 ),
 ( 2.483819566098738925E-07, 0.002003397347290040553 ),
 .UNSPECIFIED. ) ;
#3533 = CARTESIAN_POINT ( 'NONE',  ( 17.00584971520444100, 14.30385891212787186, -115.1926645703811261 ) ) ;
#3534 = CARTESIAN_POINT ( 'NONE',  ( 22.14929811726834430, 14.69713885746529947, -106.9030759508790993 ) ) ;
#3535 = AXIS2_PLACEMENT_3D ( 'NONE', #5908, #4366, #6556 ) ;
#3536 = CIRCLE ( 'NONE', #1144, 25.09999999999999787 ) ;
#3537 = ORIENTED_EDGE ( 'NONE', *, *, #3058, .F. ) ;
#3538 = CARTESIAN_POINT ( 'NONE',  ( 22.63450800250852879, 6.903790001781009877, -93.32318113442066476 ) ) ;
#3539 = CARTESIAN_POINT ( 'NONE',  ( -23.17453400663468699, 7.302849823075321822, -98.91125243099223496 ) ) ;
#3540 = VECTOR ( 'NONE', #6624, 1000.000000000000000 ) ;
#3541 = FACE_OUTER_BOUND ( 'NONE', #6150, .T. ) ;
#3542 = ADVANCED_FACE ( 'NONE', ( #5369 ), #4894, .T. ) ;
#3543 = EDGE_CURVE ( 'NONE', #2246, #2155, #4843, .T. ) ;
#3544 = ORIENTED_EDGE ( 'NONE', *, *, #4423, .T. ) ;
#3545 = DIRECTION ( 'NONE',  ( -0.08715574274767501350, 0.000000000000000000, -0.9961946980917441019 ) ) ;
#3546 = CARTESIAN_POINT ( 'NONE',  ( 21.17646880143230703, 16.19999999999999929, -108.4600916298936539 ) ) ;
#3547 = AXIS2_PLACEMENT_3D ( 'NONE', #3439, #6691, #366 ) ;
#3548 = EDGE_CURVE ( 'NONE', #4810, #5425, #5974, .T. ) ;
#3549 = CARTESIAN_POINT ( 'NONE',  ( -13.56091613274816510, 15.49999999999998224, -119.8015543238547593 ) ) ;
#3550 = CARTESIAN_POINT ( 'NONE',  ( 22.79289321881345387, 16.19999999999999929, -100.7071067811865532 ) ) ;
#3551 = CARTESIAN_POINT ( 'NONE',  ( -22.53231200683137914, 14.03379058580837224, -100.2843081287113165 ) ) ;
#3552 = ADVANCED_FACE ( 'NONE', ( #151 ), #5827, .T. ) ;
#3553 = VERTEX_POINT ( 'NONE', #1720 ) ;
#3554 = ORIENTED_EDGE ( 'NONE', *, *, #199, .F. ) ;
#3555 = VERTEX_POINT ( 'NONE', #757 ) ;
#3556 = CARTESIAN_POINT ( 'NONE',  ( -5.970562373124172595, 15.49999999999998401, -123.2454809575675228 ) ) ;
#3557 = EDGE_CURVE ( 'NONE', #721, #4521, #4098, .T. ) ;
#3558 = B_SPLINE_CURVE_WITH_KNOTS ( 'NONE', 3,
 ( #1408, #3976, #5024, #3388, #3420, #349 ),
 .UNSPECIFIED., .F., .F.,
 ( 4, 2, 4 ),
 ( 0.001027720228845455802, 0.001365910686682260226, 0.001704101144519064434 ),
 .UNSPECIFIED. ) ;
#3559 = VECTOR ( 'NONE', #2089, 1000.000000000000000 ) ;
#3560 = FACE_OUTER_BOUND ( 'NONE', #1034, .T. ) ;
#3561 = CARTESIAN_POINT ( 'NONE',  ( 17.07800278143204409, 14.03379041350811285, -85.29871676343732645 ) ) ;
#3562 = CARTESIAN_POINT ( 'NONE',  ( -21.45227282621716824, 14.14401222038173245, 107.2502098825776073 ) ) ;
#3563 = VERTEX_POINT ( 'NONE', #3361 ) ;
#3564 = CARTESIAN_POINT ( 'NONE',  ( 3.261580130884150996, 14.30385891212784699, 122.5694057594357957 ) ) ;
#3565 = ORIENTED_EDGE ( 'NONE', *, *, #6549, .F. ) ;
#3566 = VECTOR ( 'NONE', #3918, 1000.000000000000000 ) ;
#3567 = LINE ( 'NONE', #3460, #44 ) ;
#3568 = EDGE_CURVE ( 'NONE', #4404, #613, #1753, .T. ) ;
#3569 = B_SPLINE_CURVE_WITH_KNOTS ( 'NONE', 3,
 ( #4114, #1642, #522, #1030 ),
 .UNSPECIFIED., .F., .F.,
 ( 4, 4 ),
 ( 3.020500691601721505E-07, 0.002003413125760244561 ),
 .UNSPECIFIED. ) ;
#3570 = AXIS2_PLACEMENT_3D ( 'NONE', #5236, #5265, #3769 ) ;
#3571 = CARTESIAN_POINT ( 'NONE',  ( 4.041334437186265569E-14, 22.00000000000000000, 130.0000000000000000 ) ) ;
#3572 = ORIENTED_EDGE ( 'NONE', *, *, #4750, .F. ) ;
#3573 = VERTEX_POINT ( 'NONE', #3878 ) ;
#3574 = CARTESIAN_POINT ( 'NONE',  ( -17.00584971520412125, 14.30385891212787719, -115.1926645703814955 ) ) ;
#3575 = VERTEX_POINT ( 'NONE', #3842 ) ;
#3576 = CARTESIAN_POINT ( 'NONE',  ( 22.79289321881345387, 14.30385891212785943, -100.7071067811865532 ) ) ;
#3577 = CARTESIAN_POINT ( 'NONE',  ( -17.67931308332407880, 14.14431392349079175, 85.85005161240015070 ) ) ;
#3578 = CARTESIAN_POINT ( 'NONE',  ( -11.51138071533233287, 14.03345946961430535, -119.3716073932556156 ) ) ;
#3579 = LINE ( 'NONE', #3683, #5756 ) ;
#3580 = CARTESIAN_POINT ( 'NONE',  ( -17.91488867054816225, 14.30385891212786476, 114.1093141295420992 ) ) ;
#3581 = VERTEX_POINT ( 'NONE', #3327 ) ;
#3582 = ORIENTED_EDGE ( 'NONE', *, *, #3197, .F. ) ;
#3583 = CARTESIAN_POINT ( 'NONE',  ( -21.85555259377015247, 6.500000000000006217, 109.9163915221690075 ) ) ;
#3584 = DIRECTION ( 'NONE',  ( -0.000000000000000000, -1.000000000000000000, -0.000000000000000000 ) ) ;
#3585 = B_SPLINE_CURVE_WITH_KNOTS ( 'NONE', 3,
 ( #6182, #1937, #6076, #1396 ),
 .UNSPECIFIED., .F., .F.,
 ( 4, 4 ),
 ( 0.001801214201450993240, 0.003804325276934569355 ),
 .UNSPECIFIED. ) ;
#3586 = EDGE_CURVE ( 'NONE', #3760, #5957, #4093, .T. ) ;
#3587 = CARTESIAN_POINT ( 'NONE',  ( 4.654308611523869210, 14.30385891212787186, 77.67616984850208439 ) ) ;
#3588 = CARTESIAN_POINT ( 'NONE',  ( 10.78407417371116139, 14.30385891212785410, -120.0927779438316634 ) ) ;
#3589 = CARTESIAN_POINT ( 'NONE',  ( -22.49980162688844487, 13.99979281031513167, -99.85862256247774837 ) ) ;
#3590 = ORIENTED_EDGE ( 'NONE', *, *, #6127, .F. ) ;
#3591 = B_SPLINE_CURVE_WITH_KNOTS ( 'NONE', 3,
 ( #5476, #5444, #761, #2782, #2846, #3496, #6099, #2437, #4023, #3533 ),
 .UNSPECIFIED., .F., .F.,
 ( 4, 2, 2, 2, 4 ),
 ( 2.457714201960378603E-07, 0.0004261960535715234076, 0.0008521463357228508013, 0.001278096617874178087, 0.001704046900025505589 ),
 .UNSPECIFIED. ) ;
#3592 = VERTEX_POINT ( 'NONE', #1284 ) ;
#3593 = ORIENTED_EDGE ( 'NONE', *, *, #6510, .F. ) ;
#3594 = CARTESIAN_POINT ( 'NONE',  ( 3.673940397442059493E-14, 26.05705187735223660, 100.0000000000000000 ) ) ;
#3595 = CARTESIAN_POINT ( 'NONE',  ( 21.66015832672817965, 16.19999999999999929, 92.86883441888339519 ) ) ;
#3596 = EDGE_CURVE ( 'NONE', #6399, #4106, #1751, .T. ) ;
#3597 = EDGE_CURVE ( 'NONE', #721, #33, #4950, .T. ) ;
#3598 = ORIENTED_EDGE ( 'NONE', *, *, #5611, .T. ) ;
#3599 = CARTESIAN_POINT ( 'NONE',  ( -3.261580130883619866, 7.696141087872144126, 122.5694057594358668 ) ) ;
#3600 = CARTESIAN_POINT ( 'NONE',  ( -2.952008550967554434, 7.302849822398323809, 76.98848020576257056 ) ) ;
#3601 = LINE ( 'NONE', #6602, #6744 ) ;
#3602 = ORIENTED_EDGE ( 'NONE', *, *, #756, .T. ) ;
#3603 = EDGE_CURVE ( 'NONE', #2673, #6018, #983, .T. ) ;
#3604 = LINE ( 'NONE', #3080, #3559 ) ;
#3605 = ORIENTED_EDGE ( 'NONE', *, *, #4638, .F. ) ;
#3606 = CARTESIAN_POINT ( 'NONE',  ( 17.91488867054855305, 7.696141087872141462, 114.1093141295416871 ) ) ;
#3607 = CARTESIAN_POINT ( 'NONE',  ( -24.99999999999996803, 0.000000000000000000, 83.41687604822301694 ) ) ;
#3608 = ORIENTED_EDGE ( 'NONE', *, *, #6515, .T. ) ;
#3609 = ORIENTED_EDGE ( 'NONE', *, *, #3807, .F. ) ;
#3610 = CARTESIAN_POINT ( 'NONE',  ( 5.534947508219750567, 15.09619911656852409, -77.05953985459493083 ) ) ;
#3611 = LINE ( 'NONE', #1211, #4089 ) ;
#3612 = B_SPLINE_CURVE_WITH_KNOTS ( 'NONE', 3,
 ( #1449, #3538, #1894, #5623 ),
 .UNSPECIFIED., .F., .F.,
 ( 4, 4 ),
 ( 0.001801214201450977628, 0.003804325276934515578 ),
 .UNSPECIFIED. ) ;
#3613 = CARTESIAN_POINT ( 'NONE',  ( -11.37233529607429361, 13.99979269777695912, -119.4147120830730842 ) ) ;
#3614 = CARTESIAN_POINT ( 'NONE',  ( -18.45254097093816270, 14.69713885794928387, 85.93772435166093260 ) ) ;
#3615 = B_SPLINE_CURVE_WITH_KNOTS ( 'NONE', 3,
 ( #1035, #2156, #5814, #6753 ),
 .UNSPECIFIED., .F., .F.,
 ( 4, 4 ),
 ( 0.001150320973464813564, 0.003153469944066757819 ),
 .UNSPECIFIED. ) ;
#3616 = LINE ( 'NONE', #4129, #4305 ) ;
#3617 = ORIENTED_EDGE ( 'NONE', *, *, #5669, .F. ) ;
#3618 = CARTESIAN_POINT ( 'NONE',  ( 4.654308611524173855, 14.30385891212784166, 122.3238301514978303 ) ) ;
#3619 = CARTESIAN_POINT ( 'NONE',  ( -18.45255644614351809, 7.302849822303715044, 114.0622742944343173 ) ) ;
#3620 = LINE ( 'NONE', #2619, #2534 ) ;
#3621 = CARTESIAN_POINT ( 'NONE',  ( -4.299680222855332801, 14.07494833356288311, -77.83811891964914764 ) ) ;
#3622 = CARTESIAN_POINT ( 'NONE',  ( 11.74999999999997335, 7.860503406167956619, -80.64840301106568177 ) ) ;
#3623 = EDGE_LOOP ( 'NONE', ( #388, #3282, #3984, #2324 ) ) ;
#3624 = ORIENTED_EDGE ( 'NONE', *, *, #4922, .F. ) ;
#3625 = CARTESIAN_POINT ( 'NONE',  ( 3.996263466697080879, 14.00055291808173585, -77.85701780421310048 ) ) ;
#3626 = ORIENTED_EDGE ( 'NONE', *, *, #1293, .T. ) ;
#3627 = CARTESIAN_POINT ( 'NONE',  ( -17.07837890800213287, 7.966540554069678315, 114.7003412128268423 ) ) ;
#3628 = CARTESIAN_POINT ( 'NONE',  ( -21.66015832672815478, 7.696141087872129916, 92.86883441888356572 ) ) ;
#3629 = VERTEX_POINT ( 'NONE', #3528 ) ;
#3630 = CARTESIAN_POINT ( 'NONE',  ( 2.292433343232368651E-16, 20.00000000000000000, -100.0000000000000000 ) ) ;
#3631 = CARTESIAN_POINT ( 'NONE',  ( -23.49999999999996447, 16.19999999999999929, 100.0000000000000142 ) ) ;
#3632 = DIRECTION ( 'NONE',  ( 0.9961946980917461003, 0.000000000000000000, -0.08715574274765230944 ) ) ;
#3633 = ORIENTED_EDGE ( 'NONE', *, *, #6308, .F. ) ;
#3634 = EDGE_CURVE ( 'NONE', #6581, #1808, #5027, .T. ) ;
#3635 = CARTESIAN_POINT ( 'NONE',  ( 18.98587359976680489, 6.903790001739281479, -114.0156150894279818 ) ) ;
#3636 = VERTEX_POINT ( 'NONE', #3941 ) ;
#3637 = CARTESIAN_POINT ( 'NONE',  ( 21.17646880143219335, 14.30385891212786298, -91.53990837010607606 ) ) ;
#3638 = CARTESIAN_POINT ( 'NONE',  ( -17.00584971520431665, 7.696141087872140574, -84.80733542961877447 ) ) ;
#3639 = VECTOR ( 'NONE', #629, 1000.000000000000000 ) ;
#3640 = ORIENTED_EDGE ( 'NONE', *, *, #4176, .F. ) ;
#3641 = CARTESIAN_POINT ( 'NONE',  ( 5.970562373124336020, 26.05705187735223660, -76.75451904243253409 ) ) ;
#3642 = CARTESIAN_POINT ( 'NONE',  ( -4.654308611523971351, 7.696141087872131692, 77.67616984850211281 ) ) ;
#3643 = AXIS2_PLACEMENT_3D ( 'NONE', #2719, #6382, #1253 ) ;
#3644 = AXIS2_PLACEMENT_3D ( 'NONE', #608, #3135, #4801 ) ;
#3645 = ADVANCED_FACE ( 'NONE', ( #1924 ), #4583, .F. ) ;
#3646 = CARTESIAN_POINT ( 'NONE',  ( 23.11645821900306430, 15.49999999999998757, 93.54791821122147155 ) ) ;
#3647 = CARTESIAN_POINT ( 'NONE',  ( 17.91488867054830081, 7.696141087872137021, -85.89068587045804293 ) ) ;
#3648 = CARTESIAN_POINT ( 'NONE',  ( -11.89678749066246333, 7.780657509855720910, -119.3556523981063719 ) ) ;
#3649 = VERTEX_POINT ( 'NONE', #936 ) ;
#3650 = ORIENTED_EDGE ( 'NONE', *, *, #3989, .T. ) ;
#3651 = DIRECTION ( 'NONE',  ( -1.150268980431791831E-16, 1.000000000000000000, -0.000000000000000000 ) ) ;
#3652 = VECTOR ( 'NONE', #1221, 1000.000000000000000 ) ;
#3654 = CARTESIAN_POINT ( 'NONE',  ( -4.654308611523647166, 16.19999999999999929, 122.3238301514979440 ) ) ;
#3653 = VECTOR ( 'NONE', #662, 1000.000000000000000 ) ;
#3655 = ADVANCED_FACE ( 'NONE', ( #3018 ), #6095, .F. ) ;
#3656 = CIRCLE ( 'NONE', #1790, 24.00000000000000000 ) ;
#3657 = DIRECTION ( 'NONE',  ( -0.000000000000000000, -1.000000000000000000, -0.000000000000000000 ) ) ;
#3658 = CARTESIAN_POINT ( 'NONE',  ( -17.14348332776389228, 7.999790649810156751, 85.42670990918460916 ) ) ;
#3659 = CARTESIAN_POINT ( 'NONE',  ( -3.261580130883943163, 14.30385891212786653, 77.43059424056417583 ) ) ;
#3660 = ORIENTED_EDGE ( 'NONE', *, *, #5639, .T. ) ;
#3661 = ORIENTED_EDGE ( 'NONE', *, *, #1972, .F. ) ;
#3662 = LINE ( 'NONE', #1127, #493 ) ;
#3663 = DIRECTION ( 'NONE',  ( 0.000000000000000000, 0.000000000000000000, -1.000000000000000000 ) ) ;
#3664 = CARTESIAN_POINT ( 'NONE',  ( 4.654308611524174744, 16.19999999999999929, 122.3238301514978303 ) ) ;
#3665 = LINE ( 'NONE', #5158, #6505 ) ;
#3666 = AXIS2_PLACEMENT_3D ( 'NONE', #6313, #1155, #4768 ) ;
#3667 = CARTESIAN_POINT ( 'NONE',  ( 3.328182682866352327, 14.21924454940129934, -122.4742874575784413 ) ) ;
#3668 = CARTESIAN_POINT ( 'NONE',  ( -3.328182682865892694, 7.780755450598699774, -122.4742874575785265 ) ) ;
#3669 = VERTEX_POINT ( 'NONE', #4019 ) ;
#3670 = ORIENTED_EDGE ( 'NONE', *, *, #5130, .T. ) ;
#3671 = DIRECTION ( 'NONE',  ( -0.000000000000000000, -1.000000000000000000, -0.000000000000000000 ) ) ;
#3672 = B_SPLINE_CURVE_WITH_KNOTS ( 'NONE', 3,
 ( #4463, #3343, #2273, #1324 ),
 .UNSPECIFIED., .F., .F.,
 ( 4, 4 ),
 ( 3.020500691601721505E-07, 0.002003413125760267113 ),
 .UNSPECIFIED. ) ;
#3673 = EDGE_CURVE ( 'NONE', #2497, #1344, #5838, .T. ) ;
#3674 = EDGE_CURVE ( 'NONE', #1115, #1437, #1514, .T. ) ;
#3675 = AXIS2_PLACEMENT_3D ( 'NONE', #4562, #6658, #1392 ) ;
#3676 = CARTESIAN_POINT ( 'NONE',  ( -22.79289321881345387, 7.696141087872134356, -99.29289321881346098 ) ) ;
#3677 = VERTEX_POINT ( 'NONE', #6680 ) ;
#3678 = LINE ( 'NONE', #5790, #609 ) ;
#3679 = CARTESIAN_POINT ( 'NONE',  ( 21.12745209240939559, 7.780657374847161911, -108.3549749581733863 ) ) ;
#3680 = VECTOR ( 'NONE', #993, 1000.000000000000000 ) ;
#3681 = ADVANCED_FACE ( 'NONE', ( #3426, #5063, #392 ), #6029, .F. ) ;
#3682 = DIRECTION ( 'NONE',  ( -0.000000000000000000, -1.000000000000000000, -0.000000000000000000 ) ) ;
#3683 = CARTESIAN_POINT ( 'NONE',  ( 3.261580130883803719, 16.19999999999999929, -77.43059424056414741 ) ) ;
#3684 = LINE ( 'NONE', #4259, #1467 ) ;
#3685 = ORIENTED_EDGE ( 'NONE', *, *, #2997, .F. ) ;
#3686 = CARTESIAN_POINT ( 'NONE',  ( 3.328182682866084541, 7.780755450598687339, 77.52571254242150189 ) ) ;
#3687 = CC_DESIGN_SECURITY_CLASSIFICATION ( #4336, ( #6077 ) ) ;
#3688 = B_SPLINE_CURVE_WITH_KNOTS ( 'NONE', 3,
 ( #4113, #1538, #3600, #6196 ),
 .UNSPECIFIED., .F., .F.,
 ( 4, 4 ),
 ( 0.001801244015933385059, 0.003804355091624450798 ),
 .UNSPECIFIED. ) ;
#3689 = DIRECTION ( 'NONE',  ( -1.000000000000000000, -1.084202172485504434E-16, 5.782411586589356653E-16 ) ) ;
#3690 = EDGE_CURVE ( 'NONE', #5228, #4886, #295, .T. ) ;
#3691 = CARTESIAN_POINT ( 'NONE',  ( -11.02061375717401859, 14.03345946954834034, 80.34504817141539945 ) ) ;
#3692 = CARTESIAN_POINT ( 'NONE',  ( 11.89678749066287544, 14.21934249014428886, -119.3556523981061162 ) ) ;
#3693 = CARTESIAN_POINT ( 'NONE',  ( -11.31794380440991787, 8.003450720335337110, -80.55748350079495879 ) ) ;
#3694 = VERTEX_POINT ( 'NONE', #5998 ) ;
#3695 = ORIENTED_EDGE ( 'NONE', *, *, #1560, .T. ) ;
#3696 = CARTESIAN_POINT ( 'NONE',  ( 17.05288819640718856, 14.69713885794930164, -115.7303168707709204 ) ) ;
#3697 = CC_DESIGN_PERSON_AND_ORGANIZATION_ASSIGNMENT ( #1300, #772, ( #4336 ) ) ;
#3698 = PLANE ( 'NONE',  #4189 ) ;
#3699 = CARTESIAN_POINT ( 'NONE',  ( -10.64438394997894477, 7.302849822317427630, 79.38589104387953910 ) ) ;
#3700 = ORIENTED_EDGE ( 'NONE', *, *, #4589, .F. ) ;
#3701 = CARTESIAN_POINT ( 'NONE',  ( 3.261580130883841910, 7.696141087872123698, 77.43059424056414741 ) ) ;
#3702 = EDGE_CURVE ( 'NONE', #789, #3669, #1680, .T. ) ;
#3703 = CARTESIAN_POINT ( 'NONE',  ( 20.00000000000000000, 20.00000000000000000, -77.63932022500210905 ) ) ;
#3704 = DIRECTION ( 'NONE',  ( 0.2588190451025183525, 0.000000000000000000, 0.9659258262890689783 ) ) ;
#3705 = VERTEX_POINT ( 'NONE', #6063 ) ;
#3706 = ORIENTED_EDGE ( 'NONE', *, *, #89, .F. ) ;
#3707 = ORIENTED_EDGE ( 'NONE', *, *, #212, .F. ) ;
#3708 = DIRECTION ( 'NONE',  ( -1.150268980431791831E-16, 1.000000000000000000, -0.000000000000000000 ) ) ;
#3709 = ORIENTED_EDGE ( 'NONE', *, *, #45, .F. ) ;
#3710 = DIRECTION ( 'NONE',  ( -0.000000000000000000, -1.000000000000000000, -0.000000000000000000 ) ) ;
#3712 = ORIENTED_EDGE ( 'NONE', *, *, #2249, .F. ) ;
#3711 = B_SPLINE_CURVE_WITH_KNOTS ( 'NONE', 3,
 ( #1485, #5103, #2402, #431 ),
 .UNSPECIFIED., .F., .F.,
 ( 4, 4 ),
 ( 3.499283209344260526E-07, 0.002003498898922876931 ),
 .UNSPECIFIED. ) ;
#3713 = CARTESIAN_POINT ( 'NONE',  ( -3.348554254807359243, 7.794072183333978998, 122.4577429880290822 ) ) ;
#3714 = CARTESIAN_POINT ( 'NONE',  ( 1.214344929932751015E-15, 15.49999999999998401, -100.0000000000000000 ) ) ;
#3715 = EDGE_CURVE ( 'NONE', #2068, #3771, #1442, .T. ) ;
#3716 = B_SPLINE_CURVE_WITH_KNOTS ( 'NONE', 3,
 ( #5979, #1224, #4934, #3304 ),
 .UNSPECIFIED., .F., .F.,
 ( 4, 4 ),
 ( 0.001801258386707716222, 0.003804369461405579262 ),
 .UNSPECIFIED. ) ;
#3717 = CARTESIAN_POINT ( 'NONE',  ( 0.000000000000000000, 14.00000000000002309, -100.0000000000000000 ) ) ;
#3718 = DIRECTION ( 'NONE',  ( -1.150268980431791831E-16, 1.000000000000000000, -0.000000000000000000 ) ) ;
#3719 = CARTESIAN_POINT ( 'NONE',  ( -25.00000000000000000, 15.00000000000005151, 9.184850993605148733E-15 ) ) ;
#3720 = ORIENTED_EDGE ( 'NONE', *, *, #3268, .T. ) ;
#3721 = FACE_OUTER_BOUND ( 'NONE', #5194, .T. ) ;
#3722 = ADVANCED_FACE ( 'NONE', ( #5545 ), #864, .F. ) ;
#3723 = FACE_OUTER_BOUND ( 'NONE', #5767, .T. ) ;
#3724 = EDGE_CURVE ( 'NONE', #2633, #375, #3182, .T. ) ;
#3725 = CARTESIAN_POINT ( 'NONE',  ( -10.50582405129424401, 6.903790001752462047, -78.86877846209650045 ) ) ;
#3726 = CARTESIAN_POINT ( 'NONE',  ( 11.51237368145503659, 14.03379042677357447, -119.3714005847319868 ) ) ;
#3727 = CARTESIAN_POINT ( 'NONE',  ( -3.632706234368878739, 14.03379050455321142, -122.2393650376470049 ) ) ;
#3728 = ORIENTED_EDGE ( 'NONE', *, *, #5512, .T. ) ;
#3729 = ORIENTED_EDGE ( 'NONE', *, *, #5699, .F. ) ;
#3730 = LINE ( 'NONE', #3170, #805 ) ;
#3731 = CARTESIAN_POINT ( 'NONE',  ( -17.14589584587845650, 15.49999999999998224, 116.7933991687891080 ) ) ;
#3732 = ORIENTED_EDGE ( 'NONE', *, *, #1014, .F. ) ;
#3733 = EDGE_CURVE ( 'NONE', #4353, #1075, #5177, .T. ) ;
#3734 = DIRECTION ( 'NONE',  ( -1.150268980431791831E-16, 1.000000000000000000, -0.000000000000000000 ) ) ;
#3735 = CARTESIAN_POINT ( 'NONE',  ( 2.339929324814543854, 15.49999999999998401, -123.8856595210363309 ) ) ;
#3736 = CARTESIAN_POINT ( 'NONE',  ( -4.654308611523689798, 7.696141087872126363, -122.3238301514979582 ) ) ;
#3737 = ORIENTED_EDGE ( 'NONE', *, *, #5724, .T. ) ;
#3738 = ORIENTED_EDGE ( 'NONE', *, *, #1984, .F. ) ;
#3739 = CARTESIAN_POINT ( 'NONE',  ( -5.096422646325596162, 7.302849822398339796, -77.36659826858574718 ) ) ;
#3740 = B_SPLINE_CURVE_WITH_KNOTS ( 'NONE', 3,
 ( #53, #1488, #3614, #3060 ),
 .UNSPECIFIED., .F., .F.,
 ( 4, 4 ),
 ( 0.001150320978735611902, 0.003153469944069080180 ),
 .UNSPECIFIED. ) ;
#3741 = CARTESIAN_POINT ( 'NONE',  ( 10.50582405129440922, 6.903790001752470928, 121.1312215379034285 ) ) ;
#3742 = ORIENTED_EDGE ( 'NONE', *, *, #6402, .F. ) ;
#3743 = LINE ( 'NONE', #3641, #2228 ) ;
#3744 = VERTEX_POINT ( 'NONE', #6755 ) ;
#3745 = DIRECTION ( 'NONE',  ( -1.150268980431791831E-16, 1.000000000000000000, 4.226019675132849788E-32 ) ) ;
#3746 = AXIS2_PLACEMENT_3D ( 'NONE', #1417, #5550, #3056 ) ;
#3747 = DIRECTION ( 'NONE',  ( 1.150268980431791831E-16, -1.000000000000000000, -4.226019675132849788E-32 ) ) ;
#3748 = CARTESIAN_POINT ( 'NONE',  ( -20.00000000000008882, 20.00000000000000000, 77.63932022500222274 ) ) ;
#3749 = EDGE_LOOP ( 'NONE', ( #56, #3770, #3045, #5271 ) ) ;
#3750 = CARTESIAN_POINT ( 'NONE',  ( 4.049098133293257185, 7.999790715496647664, 77.86666301105198329 ) ) ;
#3751 = CARTESIAN_POINT ( 'NONE',  ( 11.03320754165823736, 7.969113134352886263, 119.6448992540193785 ) ) ;
#3752 = VECTOR ( 'NONE', #4609, 1000.000000000000000 ) ;
#3753 = FACE_OUTER_BOUND ( 'NONE', #2423, .T. ) ;
#3754 = CARTESIAN_POINT ( 'NONE',  ( -21.09387130279859690, 14.14431388817446944, -108.2357599716728345 ) ) ;
#3755 = EDGE_CURVE ( 'NONE', #4521, #3349, #6745, .T. ) ;
#3756 = VECTOR ( 'NONE', #175, 1000.000000000000000 ) ;
#3757 = DIRECTION ( 'NONE',  ( 0.000000000000000000, 1.000000000000000000, 0.000000000000000000 ) ) ;
#3758 = AXIS2_PLACEMENT_3D ( 'NONE', #377, #6635, #3514 ) ;
#3759 = ORIENTED_EDGE ( 'NONE', *, *, #670, .T. ) ;
#3760 = VERTEX_POINT ( 'NONE', #3571 ) ;
#3761 = CARTESIAN_POINT ( 'NONE',  ( -4.080732175173676701, 14.01586186687938707, -77.85701780421399576 ) ) ;
#3762 = CARTESIAN_POINT ( 'NONE',  ( -17.67931308332393670, 7.855686076509200255, -114.1499483876001335 ) ) ;
#3763 = AXIS2_PLACEMENT_3D ( 'NONE', #4288, #6374, #6474 ) ;
#3764 = VECTOR ( 'NONE', #5372, 1000.000000000000000 ) ;
#3765 = ORIENTED_EDGE ( 'NONE', *, *, #6384, .F. ) ;
#3766 = EDGE_CURVE ( 'NONE', #4021, #5142, #459, .T. ) ;
#3767 = CARTESIAN_POINT ( 'NONE',  ( 3.696864730874382874E-14, 5.400000000000000355, 100.0000000000000000 ) ) ;
#3768 = CARTESIAN_POINT ( 'NONE',  ( 3.910367777673432244, 13.99615638501488846, 122.1538577527936980 ) ) ;
#3769 = DIRECTION ( 'NONE',  ( -1.000000000000000000, -1.084202172485504434E-16, 0.000000000000000000 ) ) ;
#3770 = ORIENTED_EDGE ( 'NONE', *, *, #4055, .T. ) ;
#3771 = VERTEX_POINT ( 'NONE', #1617 ) ;
#3772 = ORIENTED_EDGE ( 'NONE', *, *, #2843, .T. ) ;
#3773 = AXIS2_PLACEMENT_3D ( 'NONE', #3109, #4703, #4241 ) ;
#3774 = ORIENTED_EDGE ( 'NONE', *, *, #246, .T. ) ;
#3775 = DIRECTION ( 'NONE',  ( -1.150268980431791831E-16, 1.000000000000000000, 4.226019675132849788E-32 ) ) ;
#3776 = EDGE_CURVE ( 'NONE', #6708, #1082, #1896, .T. ) ;
#3777 = AXIS2_PLACEMENT_3D ( 'NONE', #2909, #6535, #1848 ) ;
#3778 = CARTESIAN_POINT ( 'NONE',  ( 3.744142773540471758, 14.01089422372818127, -77.80250167078062873 ) ) ;
#3779 = ORIENTED_EDGE ( 'NONE', *, *, #42, .F. ) ;
#3780 = CARTESIAN_POINT ( 'NONE',  ( 0.000000000000000000, 26.05705187735223660, -100.0000000000000000 ) ) ;
#3781 = VERTEX_POINT ( 'NONE', #1587 ) ;
#3782 = AXIS2_PLACEMENT_3D ( 'NONE', #2224, #6441, #5958 ) ;
#3783 = EDGE_CURVE ( 'NONE', #437, #3287, #2990, .T. ) ;
#3784 = CARTESIAN_POINT ( 'NONE',  ( 3.696864730874382874E-14, 0.000000000000000000, 100.0000000000000000 ) ) ;
#3785 = AXIS2_PLACEMENT_3D ( 'NONE', #4007, #6671, #3042 ) ;
#3786 = CARTESIAN_POINT ( 'NONE',  ( -3.908633650785135583, 13.99623342490527911, 122.1542384144490256 ) ) ;
#3787 = VERTEX_POINT ( 'NONE', #3122 ) ;
#3788 = CARTESIAN_POINT ( 'NONE',  ( -22.63449501518985940, 15.09619911711713591, 106.6768249216656557 ) ) ;
#3789 = FACE_OUTER_BOUND ( 'NONE', #2722, .T. ) ;
#3790 = AXIS2_PLACEMENT_3D ( 'NONE', #2849, #5005, #4931 ) ;
#3791 = CARTESIAN_POINT ( 'NONE',  ( 18.98585932493156392, 15.09619911758238331, -114.0156163383142314 ) ) ;
#3792 = DIRECTION ( 'NONE',  ( -0.4226182617407152065, 0.000000000000000000, -0.9063077870366427202 ) ) ;
#3793 = VECTOR ( 'NONE', #6726, 1000.000000000000000 ) ;
#3794 = CARTESIAN_POINT ( 'NONE',  ( 6.733360456028193320E-31, 20.00000000000000000, -100.0000000000000000 ) ) ;
#3795 = ORIENTED_EDGE ( 'NONE', *, *, #1545, .T. ) ;
#3796 = ORIENTED_EDGE ( 'NONE', *, *, #3586, .T. ) ;
#3797 = CARTESIAN_POINT ( 'NONE',  ( -17.14589584587871585, 15.49999999999998224, -83.20660083121111938 ) ) ;
#3798 = EDGE_CURVE ( 'NONE', #5542, #1223, #2533, .T. ) ;
#3799 = ORIENTED_EDGE ( 'NONE', *, *, #4133, .F. ) ;
#3800 = CARTESIAN_POINT ( 'NONE',  ( -12.00881904510261577, 7.696141087872118369, -80.61432883735480459 ) ) ;
#3801 = FACE_OUTER_BOUND ( 'NONE', #5064, .T. ) ;
#3802 = CALENDAR_DATE ( 2026, 26, 2 ) ;
#3803 = ORIENTED_EDGE ( 'NONE', *, *, #5563, .T. ) ;
#3804 = ORIENTED_EDGE ( 'NONE', *, *, #4068, .F. ) ;
#3805 = CARTESIAN_POINT ( 'NONE',  ( -22.79289321881342190, 16.19999999999999929, 99.29289321881347519 ) ) ;
#3806 = EDGE_CURVE ( 'NONE', #2521, #3394, #3656, .T. ) ;
#3807 = EDGE_CURVE ( 'NONE', #878, #994, #4685, .T. ) ;
#3808 = B_SPLINE_CURVE_WITH_KNOTS ( 'NONE', 3,
 ( #3322, #2292, #1781, #3873 ),
 .UNSPECIFIED., .F., .F.,
 ( 4, 4 ),
 ( 2.561654051593733829E-07, 0.002003405131142454304 ),
 .UNSPECIFIED. ) ;
#3809 = EDGE_CURVE ( 'NONE', #736, #6529, #1083, .T. ) ;
#3810 = CARTESIAN_POINT ( 'NONE',  ( 13.04726263917423168, 6.903790001752469152, -80.33607871493794050 ) ) ;
#3811 = VERTEX_POINT ( 'NONE', #5131 ) ;
#3812 = CARTESIAN_POINT ( 'NONE',  ( -21.85555259377015247, 6.500000000000006217, 109.9163915221690075 ) ) ;
#3813 = ORIENTED_EDGE ( 'NONE', *, *, #265, .F. ) ;
#3814 = CARTESIAN_POINT ( 'NONE',  ( 12.53015005739151633, 7.302849822317448947, 119.5253613863771420 ) ) ;
#3815 = CARTESIAN_POINT ( 'NONE',  ( -22.79289321881345387, 16.19999999999999929, -99.29289321881346098 ) ) ;
#3816 = VERTEX_POINT ( 'NONE', #3676 ) ;
#3817 = DIRECTION ( 'NONE',  ( -1.000000000000000000, -1.445602896647339163E-16, 5.782411586589356653E-16 ) ) ;
#3818 = CYLINDRICAL_SURFACE ( 'NONE', #1358, 1.000000000000000888 ) ;
#3819 = DIRECTION ( 'NONE',  ( -0.000000000000000000, -1.000000000000000000, -0.000000000000000000 ) ) ;
#3820 = DIRECTION ( 'NONE',  ( 4.159166725385326943E-17, 0.000000000000000000, -1.000000000000000000 ) ) ;
#3821 = FACE_OUTER_BOUND ( 'NONE', #2367, .T. ) ;
#3822 = CARTESIAN_POINT ( 'NONE',  ( 22.71078579250047369, 7.780755035265474184, 99.37500064512650511 ) ) ;
#3823 = ORIENTED_EDGE ( 'NONE', *, *, #4380, .T. ) ;
#3824 = VERTEX_POINT ( 'NONE', #5758 ) ;
#3825 = CARTESIAN_POINT ( 'NONE',  ( -12.00881904510232800, 7.696141087872156561, -119.3856711626453375 ) ) ;
#3826 = CARTESIAN_POINT ( 'NONE',  ( -18.45254097093801349, 14.69713885794930164, -114.0622756483393516 ) ) ;
#3827 = VERTEX_POINT ( 'NONE', #3607 ) ;
#3828 = DIRECTION ( 'NONE',  ( -0.000000000000000000, -1.000000000000000000, -0.000000000000000000 ) ) ;
#3829 = B_SPLINE_CURVE_WITH_KNOTS ( 'NONE', 3,
 ( #5031, #6684, #1416, #1446 ),
 .UNSPECIFIED., .F., .F.,
 ( 4, 4 ),
 ( 0.001150320978331630583, 0.003153469944068943570 ),
 .UNSPECIFIED. ) ;
#3830 = LINE ( 'NONE', #5429, #6371 ) ;
#3831 = ORIENTED_EDGE ( 'NONE', *, *, #4018, .F. ) ;
#3832 = ORIENTED_EDGE ( 'NONE', *, *, #2157, .F. ) ;
#3833 = CARTESIAN_POINT ( 'NONE',  ( 21.09387130279867861, 14.14431388817446411, 91.76424002832732185 ) ) ;
#3834 = CARTESIAN_POINT ( 'NONE',  ( -23.55307655630511476, 15.09619911566455563, 101.4672901186782781 ) ) ;
#3835 = EDGE_CURVE ( 'NONE', #4945, #3193, #123, .T. ) ;
#3836 = ORIENTED_EDGE ( 'NONE', *, *, #5807, .F. ) ;
#3837 = CARTESIAN_POINT ( 'NONE',  ( 10.78407417371120225, 7.696141087872152120, 120.0927779438316492 ) ) ;
#3838 = ORIENTED_EDGE ( 'NONE', *, *, #4755, .F. ) ;
#3839 = CYLINDRICAL_SURFACE ( 'NONE', #5513, 1.000000000000000888 ) ;
#3840 = ORIENTED_EDGE ( 'NONE', *, *, #6202, .T. ) ;
#3841 = CARTESIAN_POINT ( 'NONE',  ( -17.00500244574783082, 14.14401195502378528, -85.04689221142270128 ) ) ;
#3842 = CARTESIAN_POINT ( 'NONE',  ( 21.66015832672823649, 7.696141087872132580, -107.1311655811163064 ) ) ;
#3843 = ORIENTED_EDGE ( 'NONE', *, *, #1180, .F. ) ;
#3844 = CARTESIAN_POINT ( 'NONE',  ( 10.81409293830096630, 7.780657509998834875, -119.9807463892020678 ) ) ;
#3845 = CARTESIAN_POINT ( 'NONE',  ( 21.17646880143222177, 14.30385891212785410, 91.53990837010607606 ) ) ;
#3846 = LINE ( 'NONE', #732, #3958 ) ;
#3847 = ADVANCED_FACE ( 'NONE', ( #5651 ), #1515, .T. ) ;
#3848 = CARTESIAN_POINT ( 'NONE',  ( -18.98587359976667699, 6.903790001739288584, 85.98438491057190447 ) ) ;
#3849 = DIRECTION ( 'NONE',  ( -0.000000000000000000, -1.000000000000000000, -0.000000000000000000 ) ) ;
#3850 = CARTESIAN_POINT ( 'NONE',  ( 22.63855090686945104, 7.855686222213446257, 100.5245537380655492 ) ) ;
#3851 = VERTEX_POINT ( 'NONE', #4754 ) ;
#3852 = CARTESIAN_POINT ( 'NONE',  ( -23.11645821900298969, 15.49999999999998046, -106.4520817887786706 ) ) ;
#3853 = AXIS2_PLACEMENT_3D ( 'NONE', #482, #6742, #4071 ) ;
#3854 = CARTESIAN_POINT ( 'NONE',  ( -17.91488867054821910, 14.30385891212787186, -114.1093141295420850 ) ) ;
#3855 = ADVANCED_FACE ( 'NONE', ( #2637 ), #6365, .T. ) ;
#3856 = ORIENTED_EDGE ( 'NONE', *, *, #6176, .T. ) ;
#3857 = AXIS2_PLACEMENT_3D ( 'NONE', #4986, #312, #817 ) ;
#3858 = DIRECTION ( 'NONE',  ( -3.673940397442059868E-16, 0.000000000000000000, -1.000000000000000000 ) ) ;
#3859 = B_SPLINE_CURVE_WITH_KNOTS ( 'NONE', 3,
 ( #1004, #3156, #4822, #5890 ),
 .UNSPECIFIED., .F., .F.,
 ( 4, 4 ),
 ( 3.020644791754502635E-07, 0.002003451032597894713 ),
 .UNSPECIFIED. ) ;
#3860 = DIRECTION ( 'NONE',  ( -0.000000000000000000, -1.000000000000000000, -0.000000000000000000 ) ) ;
#3861 = VERTEX_POINT ( 'NONE', #2257 ) ;
#3862 = APPLICATION_PROTOCOL_DEFINITION ( 'international standard', 'config_control_design', 1994, #504 ) ;
#3863 = ORIENTED_EDGE ( 'NONE', *, *, #325, .T. ) ;
#3864 = AXIS2_PLACEMENT_3D ( 'NONE', #5879, #1201, #808 ) ;
#3865 = CARTESIAN_POINT ( 'NONE',  ( -21.85555259377031234, 15.49999999999998224, 90.08360847783134773 ) ) ;
#3866 = VECTOR ( 'NONE', #2745, 1000.000000000000000 ) ;
#3867 = VECTOR ( 'NONE', #3230, 1000.000000000000000 ) ;
#3868 = CARTESIAN_POINT ( 'NONE',  ( 21.66015832672827557, 7.696141087872148567, 107.1311655811162638 ) ) ;
#3869 = CARTESIAN_POINT ( 'NONE',  ( -3.261580130883651396, 14.30385891212785943, -122.5694057594358810 ) ) ;
#3870 = EDGE_LOOP ( 'NONE', ( #2176, #206, #1040, #4123, #2932, #3695, #5789 ) ) ;
#3871 = DIRECTION ( 'NONE',  ( -0.000000000000000000, -1.000000000000000000, -0.000000000000000000 ) ) ;
#3872 = ORIENTED_EDGE ( 'NONE', *, *, #6678, .F. ) ;
#3873 = CARTESIAN_POINT ( 'NONE',  ( 10.36819101250178576, 15.49999999999998579, -121.6448750314774827 ) ) ;
#3874 = ORIENTED_EDGE ( 'NONE', *, *, #5262, .F. ) ;
#3875 = LINE ( 'NONE', #4921, #6485 ) ;
#3876 = AXIS2_PLACEMENT_3D ( 'NONE', #4565, #6040, #4495 ) ;
#3877 = CONICAL_SURFACE ( 'NONE', #2567, 25.10000000000001208, 0.7853981633974539411 ) ;
#3878 = CARTESIAN_POINT ( 'NONE',  ( 5.970562373124639777, 6.500000000000009770, -123.2454809575674091 ) ) ;
#3879 = EDGE_LOOP ( 'NONE', ( #27, #3936, #6298, #5554, #3119, #4974 ) ) ;
#3880 = LINE ( 'NONE', #5967, #4213 ) ;
#3881 = DIRECTION ( 'NONE',  ( 0.000000000000000000, 1.000000000000000000, 0.000000000000000000 ) ) ;
#3882 = DIRECTION ( 'NONE',  ( -0.08715574274766771379, 0.000000000000000000, 0.9961946980917447680 ) ) ;
#3883 = EDGE_CURVE ( 'NONE', #2558, #420, #3430, .T. ) ;
#3884 = B_SPLINE_CURVE_WITH_KNOTS ( 'NONE', 3,
 ( #6751, #1541, #3635, #2054 ),
 .UNSPECIFIED., .F., .F.,
 ( 4, 4 ),
 ( 2.483701086356162380E-07, 0.002003359445416181932 ),
 .UNSPECIFIED. ) ;
#3885 = AXIS2_PLACEMENT_3D ( 'NONE', #1461, #5041, #4979 ) ;
#3886 = DIRECTION ( 'NONE',  ( 0.000000000000000000, 0.000000000000000000, -1.000000000000000000 ) ) ;
#3887 = CARTESIAN_POINT ( 'NONE',  ( 22.53231200683137914, 7.966209414191618876, -100.2843081287113165 ) ) ;
#3888 = CARTESIAN_POINT ( 'NONE',  ( 22.79289321881349295, 7.696141087872136133, 100.7071067811865390 ) ) ;
#3889 = EDGE_CURVE ( 'NONE', #271, #1710, #5337, .T. ) ;
#3890 = ORIENTED_EDGE ( 'NONE', *, *, #1378, .T. ) ;
#3891 = CARTESIAN_POINT ( 'NONE',  ( 3.522762079436677851, 7.914544341565691532, 122.3091633656475636 ) ) ;
#3892 = AXIS2_PLACEMENT_3D ( 'NONE', #6591, #5079, #2999 ) ;
#3893 = CARTESIAN_POINT ( 'NONE',  ( -3.261580130883943163, 14.30385891212786653, 77.43059424056417583 ) ) ;
#3894 = ORGANIZATION ( 'UNSPECIFIED', 'UNSPECIFIED', '' ) ;
#3895 = CARTESIAN_POINT ( 'NONE',  ( 12.00881904510277209, 16.19999999999999929, 119.3856711626450959 ) ) ;
#3896 = PLANE ( 'NONE',  #3864 ) ;
#3897 = VERTEX_POINT ( 'NONE', #2836 ) ;
#3898 = ORIENTED_EDGE ( 'NONE', *, *, #4482, .F. ) ;
#3899 = CARTESIAN_POINT ( 'NONE',  ( 11.02061375717391556, 7.966540530451683644, 80.34504817141531419 ) ) ;
#3900 = EDGE_CURVE ( 'NONE', #1698, #4920, #3221, .T. ) ;
#3901 = APPROVAL ( #4943, 'UNSPECIFIED' ) ;
#3902 = CARTESIAN_POINT ( 'NONE',  ( -10.95921284831573317, 14.06953934183951205, 119.7303913863496803 ) ) ;
#3903 = CARTESIAN_POINT ( 'NONE',  ( 21.09373947100856839, 7.855987779454813413, -91.76472781940499601 ) ) ;
#3904 = ORIENTED_EDGE ( 'NONE', *, *, #3256, .T. ) ;
#3905 = CARTESIAN_POINT ( 'NONE',  ( 0.000000000000000000, 26.05705187735223660, -100.0000000000000000 ) ) ;
#3906 = EDGE_CURVE ( 'NONE', #1347, #3519, #6165, .T. ) ;
#3907 = DIRECTION ( 'NONE',  ( -1.000000000000000000, -1.445602896647339163E-16, 5.782411586589356653E-16 ) ) ;
#3908 = DIRECTION ( 'NONE',  ( -0.000000000000000000, -1.000000000000000000, -0.000000000000000000 ) ) ;
#3909 = ORIENTED_EDGE ( 'NONE', *, *, #3690, .F. ) ;
#3910 = DIRECTION ( 'NONE',  ( -1.150268980431791831E-16, 1.000000000000000000, 4.226019675132850335E-32 ) ) ;
#3911 = B_SPLINE_CURVE_WITH_KNOTS ( 'NONE', 3,
 ( #6107, #2039, #3619, #6662 ),
 .UNSPECIFIED., .F., .F.,
 ( 4, 4 ),
 ( 0.001801188917324932168, 0.003804299992632485892 ),
 .UNSPECIFIED. ) ;
#3912 = DIRECTION ( 'NONE',  ( 0.000000000000000000, -0.000000000000000000, 1.000000000000000000 ) ) ;
#3913 = VERTEX_POINT ( 'NONE', #2158 ) ;
#3914 = CARTESIAN_POINT ( 'NONE',  ( 19.51562326895595589, 6.500000000000011546, 86.03073200113240659 ) ) ;
#3915 = CARTESIAN_POINT ( 'NONE',  ( -11.77304895862659784, 7.855987961081265070, 80.65676183418386813 ) ) ;
#3916 = DIRECTION ( 'NONE',  ( 0.000000000000000000, 0.000000000000000000, -1.000000000000000000 ) ) ;
#3917 = CYLINDRICAL_SURFACE ( 'NONE', #5932, 1.000000000000000888 ) ;
#3918 = DIRECTION ( 'NONE',  ( -0.000000000000000000, -1.000000000000000000, -0.000000000000000000 ) ) ;
#3919 = DIRECTION ( 'NONE',  ( 1.150268980431791831E-16, -1.000000000000000000, 0.000000000000000000 ) ) ;
#3920 = EDGE_CURVE ( 'NONE', #858, #3636, #5186, .T. ) ;
#3921 = ORIENTED_EDGE ( 'NONE', *, *, #5354, .T. ) ;
#3922 = DIRECTION ( 'NONE',  ( -1.000000000000000000, -1.445602896647338917E-16, 5.782411586589355667E-16 ) ) ;
#3923 = CARTESIAN_POINT ( 'NONE',  ( -21.66015832672815478, 7.696141087872129916, 92.86883441888356572 ) ) ;
#3924 = EDGE_CURVE ( 'NONE', #5084, #3677, #1713, .T. ) ;
#3925 = CARTESIAN_POINT ( 'NONE',  ( 3.261580130883831696, 16.19999999999999929, 77.43059424056414741 ) ) ;
#3926 = LINE ( 'NONE', #202, #5936 ) ;
#3927 = DATE_AND_TIME ( #4311, #2149 ) ;
#3928 = ORIENTED_EDGE ( 'NONE', *, *, #3924, .T. ) ;
#3929 = ORIENTED_EDGE ( 'NONE', *, *, #1217, .T. ) ;
#3930 = FACE_OUTER_BOUND ( 'NONE', #4640, .T. ) ;
#3931 = B_SPLINE_CURVE_WITH_KNOTS ( 'NONE', 3,
 ( #671, #4328, #1658, #2784, #5319, #160, #4357, #1727, #6449, #5377 ),
 .UNSPECIFIED., .F., .F.,
 ( 4, 2, 2, 2, 4 ),
 ( 3.462113389636064498E-07, 0.0004262970349632535529, 0.0008522478585875434970, 0.001278198682211833387, 0.001704149505836123277 ),
 .UNSPECIFIED. ) ;
#3932 = EDGE_CURVE ( 'NONE', #1282, #1957, #4928, .T. ) ;
#3933 = B_SPLINE_CURVE_WITH_KNOTS ( 'NONE', 3,
 ( #2023, #2767, #3833, #2187, #3284, #4370, #140, #112, #4281, #6460 ),
 .UNSPECIFIED., .F., .F.,
 ( 4, 2, 2, 2, 4 ),
 ( 2.701643650138627367E-07, 0.0004262205778520927225, 0.0008521709913391715269, 0.001278121404826250548, 0.001704071818313329352 ),
 .UNSPECIFIED. ) ;
#3934 = CARTESIAN_POINT ( 'NONE',  ( -11.53452359756379053, 14.04257551967154782, 119.3684033086519491 ) ) ;
#3935 = CARTESIAN_POINT ( 'NONE',  ( 17.07800278143231054, 7.966209586491882710, 114.7012832365624035 ) ) ;
#3936 = ORIENTED_EDGE ( 'NONE', *, *, #5801, .T. ) ;
#3937 = LINE ( 'NONE', #6604, #2226 ) ;
#3938 = FACE_OUTER_BOUND ( 'NONE', #5777, .T. ) ;
#3939 = VERTEX_POINT ( 'NONE', #2705 ) ;
#3940 = CARTESIAN_POINT ( 'NONE',  ( 0.000000000000000000, 26.05705187735223660, -100.0000000000000000 ) ) ;
#3941 = CARTESIAN_POINT ( 'NONE',  ( 21.85555259377027326, 6.500000000000011546, -90.08360847783119141 ) ) ;
#3942 = VERTEX_POINT ( 'NONE', #183 ) ;
#3943 = ORIENTED_EDGE ( 'NONE', *, *, #626, .T. ) ;
#3944 = ORIENTED_EDGE ( 'NONE', *, *, #999, .T. ) ;
#3945 = DIRECTION ( 'NONE',  ( -0.9063077870366549327, 0.000000000000000000, 0.4226182617406887831 ) ) ;
#3946 = CARTESIAN_POINT ( 'NONE',  ( -18.98587359976670541, 6.903790001739284143, -85.98438491057189026 ) ) ;
#3947 = FACE_OUTER_BOUND ( 'NONE', #3438, .T. ) ;
#3948 = CARTESIAN_POINT ( 'NONE',  ( -18.00204441329582394, 16.19999999999999929, 115.1055088276338410 ) ) ;
#3949 = CARTESIAN_POINT ( 'NONE',  ( -19.51562326895604471, 15.49999999999998224, -86.03073200113257712 ) ) ;
#3950 = CARTESIAN_POINT ( 'NONE',  ( -25.00000000000000000, 0.000000000000000000, 0.000000000000000000 ) ) ;
#3951 = ORIENTED_EDGE ( 'NONE', *, *, #1242, .T. ) ;
#3952 = FACE_OUTER_BOUND ( 'NONE', #4580, .T. ) ;
#3953 = CARTESIAN_POINT ( 'NONE',  ( -3.767821056168111138, 13.99979275281210001, 77.81747123249664355 ) ) ;
#3954 = EDGE_CURVE ( 'NONE', #891, #375, #5665, .T. ) ;
#3955 = B_SPLINE_CURVE_WITH_KNOTS ( 'NONE', 3,
 ( #2518, #1398, #442, #4536 ),
 .UNSPECIFIED., .F., .F.,
 ( 4, 4 ),
 ( 2.561531857415259280E-07, 0.002003367228548894475 ),
 .UNSPECIFIED. ) ;
#3956 = LINE ( 'NONE', #1903, #617 ) ;
#3957 = CARTESIAN_POINT ( 'NONE',  ( -5.970562373124170819, 26.05705187735223660, -123.2454809575675228 ) ) ;
#3958 = VECTOR ( 'NONE', #1826, 1000.000000000000000 ) ;
#3959 = DIRECTION ( 'NONE',  ( -1.150268980431791831E-16, 1.000000000000000000, -0.000000000000000000 ) ) ;
#3960 = ORIENTED_EDGE ( 'NONE', *, *, #2951, .F. ) ;
#3961 = EDGE_LOOP ( 'NONE', ( #3729, #6375, #4002, #6115, #4538, #2992, #471, #3123, #997, #3804, #3169, #4676, #1230, #5839, #2319, #3774, #4130, #885, #3178, #4849, #4924, #6528, #3356, #2911, #5852, #5450, #2597, #4333, #2416, #614, #5689, #4662, #6255, #2609, #2879, #1614, #4564, #4390, #1855, #2101, #5025, #2857 ) ) ;
#3962 = ADVANCED_FACE ( 'NONE', ( #630 ), #4344, .F. ) ;
#3963 = FACE_OUTER_BOUND ( 'NONE', #4555, .T. ) ;
#3964 = AXIS2_PLACEMENT_3D ( 'NONE', #3717, #3059, #4090 ) ;
#3965 = EDGE_CURVE ( 'NONE', #2464, #5142, #6412, .T. ) ;
#3966 = AXIS2_PLACEMENT_3D ( 'NONE', #3546, #5590, #3475 ) ;
#3967 = B_SPLINE_CURVE_WITH_KNOTS ( 'NONE', 3,
 ( #4980, #5559, #4466, #3477 ),
 .UNSPECIFIED., .F., .F.,
 ( 4, 4 ),
 ( 0.001801214201450974809, 0.003804325276934518614 ),
 .UNSPECIFIED. ) ;
#3968 = CARTESIAN_POINT ( 'NONE',  ( 13.56091613274830721, 6.500000000000010658, 80.19844567614534014 ) ) ;
#3969 = DIRECTION ( 'NONE',  ( -3.673940397442061347E-16, 0.000000000000000000, -1.000000000000000000 ) ) ;
#3970 = DIRECTION ( 'NONE',  ( -0.9961946980917453232, 0.000000000000000000, -0.08715574274766126062 ) ) ;
#3971 = ORIENTED_EDGE ( 'NONE', *, *, #6417, .F. ) ;
#3972 = CARTESIAN_POINT ( 'NONE',  ( 10.78407417371120225, 14.30385891212784344, 120.0927779438316492 ) ) ;
#3973 = AXIS2_PLACEMENT_3D ( 'NONE', #3794, #6484, #3400 ) ;
#3974 = VECTOR ( 'NONE', #4080, 1000.000000000000000 ) ;
#3975 = EDGE_CURVE ( 'NONE', #5100, #5525, #2734, .T. ) ;
#3976 = CARTESIAN_POINT ( 'NONE',  ( -4.191948516718317919, 7.963981493945563095, -77.85701780421314311 ) ) ;
#3977 = ORIENTED_EDGE ( 'NONE', *, *, #1062, .F. ) ;
#3978 = DIRECTION ( 'NONE',  ( -0.000000000000000000, -1.000000000000000000, -0.000000000000000000 ) ) ;
#3979 = AXIS2_PLACEMENT_3D ( 'NONE', #5441, #4994, #2946 ) ;
#3980 = ORIENTED_EDGE ( 'NONE', *, *, #2832, .T. ) ;
#3981 = CARTESIAN_POINT ( 'NONE',  ( 21.17646880143222177, 7.696141087872142350, 91.53990837010607606 ) ) ;
#3982 = VERTEX_POINT ( 'NONE', #1236 ) ;
#3983 = EDGE_CURVE ( 'NONE', #4539, #2049, #4126, .T. ) ;
#3984 = ORIENTED_EDGE ( 'NONE', *, *, #1293, .F. ) ;
#3985 = DIRECTION ( 'NONE',  ( 0.4226182617406887831, 0.000000000000000000, 0.9063077870366549327 ) ) ;
#3986 = VECTOR ( 'NONE', #3370, 1000.000000000000000 ) ;
#3987 = DIRECTION ( 'NONE',  ( -1.150268980431791831E-16, 1.000000000000000000, -0.000000000000000000 ) ) ;
#3988 = FACE_OUTER_BOUND ( 'NONE', #95, .T. ) ;
#3989 = EDGE_CURVE ( 'NONE', #6521, #6670, #2776, .T. ) ;
#3990 = AXIS2_PLACEMENT_3D ( 'NONE', #4414, #5364, #3224 ) ;
#3991 = DIRECTION ( 'NONE',  ( -0.000000000000000000, -1.000000000000000000, -0.000000000000000000 ) ) ;
#3992 = CARTESIAN_POINT ( 'NONE',  ( 23.92910714524987270, 15.49999999999998757, -101.8433207076229792 ) ) ;
#3993 = DIRECTION ( 'NONE',  ( 0.000000000000000000, 0.000000000000000000, -1.000000000000000000 ) ) ;
#3994 = VERTEX_POINT ( 'NONE', #4478 ) ;
#3995 = CARTESIAN_POINT ( 'NONE',  ( -12.00881904510258025, 14.30385891212787008, 80.61432883735480459 ) ) ;
#3996 = CARTESIAN_POINT ( 'NONE',  ( -17.00584971520428113, 16.19999999999999929, 84.80733542961877447 ) ) ;
#3997 = AXIS2_PLACEMENT_3D ( 'NONE', #3210, #3734, #2118 ) ;
#3998 = CARTESIAN_POINT ( 'NONE',  ( -3.665276082098589683, 14.02973255052200585, -77.77027944508313340 ) ) ;
#3999 = DIRECTION ( 'NONE',  ( -1.150268980431791831E-16, 1.000000000000000000, -0.000000000000000000 ) ) ;
#4000 = AXIS2_PLACEMENT_3D ( 'NONE', #4906, #229, #2308 ) ;
#4001 = CARTESIAN_POINT ( 'NONE',  ( -17.14589584587871229, 26.05705187735223660, -83.20660083121111938 ) ) ;
#4002 = ORIENTED_EDGE ( 'NONE', *, *, #2509, .T. ) ;
#4003 = ORIENTED_EDGE ( 'NONE', *, *, #5224, .T. ) ;
#4004 = ADVANCED_FACE ( 'NONE', ( #4989 ), #315, .T. ) ;
#4005 = CARTESIAN_POINT ( 'NONE',  ( 21.17646880143230703, 14.30385891212786298, -108.4600916298936539 ) ) ;
#4006 = CIRCLE ( 'NONE', #3570, 24.00000000000000000 ) ;
#4007 = CARTESIAN_POINT ( 'NONE',  ( 3.795374890435334674E-14, 15.49999999999998401, 100.0000000000000000 ) ) ;
#4008 = CARTESIAN_POINT ( 'NONE',  ( 17.91488867054830081, 14.30385891212785765, -85.89068587045804293 ) ) ;
#4009 = CARTESIAN_POINT ( 'NONE',  ( -21.66015832672805175, 14.30385891212786476, 107.1311655811167611 ) ) ;
#4010 = ORIENTED_EDGE ( 'NONE', *, *, #5268, .F. ) ;
#4011 = CC_DESIGN_APPROVAL ( #3901, ( #760 ) ) ;
#4012 = CARTESIAN_POINT ( 'NONE',  ( 23.92910714524990112, 26.05705187735223660, 101.8433207076229507 ) ) ;
#4013 = EDGE_CURVE ( 'NONE', #5696, #1184, #2465, .T. ) ;
#4014 = ADVANCED_FACE ( 'NONE', ( #2393 ), #821, .F. ) ;
#4015 = CARTESIAN_POINT ( 'NONE',  ( 11.21320909158800383, 13.99390207513512507, 119.5000637989127625 ) ) ;
#4016 = VERTEX_POINT ( 'NONE', #5993 ) ;
#4017 = CARTESIAN_POINT ( 'NONE',  ( 23.55308668979009568, 6.903790002480920229, 98.53269974783682983 ) ) ;
#4018 = EDGE_CURVE ( 'NONE', #3575, #2093, #207, .T. ) ;
#4019 = CARTESIAN_POINT ( 'NONE',  ( 3.673940397442059967E-15, 22.00000000000000000, -70.00000000000000000 ) ) ;
#4020 = EDGE_LOOP ( 'NONE', ( #1306, #4815, #4003, #3258 ) ) ;
#4021 = VERTEX_POINT ( 'NONE', #3972 ) ;
#4022 = CARTESIAN_POINT ( 'NONE',  ( -10.78407417371103705, 7.696141087872114817, -79.90722205616825136 ) ) ;
#4023 = CARTESIAN_POINT ( 'NONE',  ( 16.99572930846309404, 14.21924408373306825, -115.0769877920024982 ) ) ;
#4024 = DIRECTION ( 'NONE',  ( 1.150268980431791831E-16, -1.000000000000000000, -4.226019675132850335E-32 ) ) ;
#4025 = CARTESIAN_POINT ( 'NONE',  ( 17.00584971520448363, 7.696141087872138797, 115.1926645703810976 ) ) ;
#4026 = LINE ( 'NONE', #257, #2244 ) ;
#4027 = LINE ( 'NONE', #3719, #1248 ) ;
#4028 = EDGE_LOOP ( 'NONE', ( #3803, #3530, #4167, #4279 ) ) ;
#4029 = CARTESIAN_POINT ( 'NONE',  ( -21.66015832672819030, 16.19999999999999929, -92.86883441888356572 ) ) ;
#4030 = DIRECTION ( 'NONE',  ( 0.000000000000000000, 0.000000000000000000, 1.000000000000000000 ) ) ;
#4031 = CARTESIAN_POINT ( 'NONE',  ( 22.79289321881348940, 14.30385891212785765, 99.29289321881344677 ) ) ;
#4032 = CARTESIAN_POINT ( 'NONE',  ( 10.78407417371091093, 14.30385891212786476, 79.90722205616818030 ) ) ;
#4033 = DIRECTION ( 'NONE',  ( -0.000000000000000000, -1.000000000000000000, -0.000000000000000000 ) ) ;
#4034 = DATE_AND_TIME ( #5045, #298 ) ;
#4035 = ORIENTED_EDGE ( 'NONE', *, *, #1377, .F. ) ;
#4036 = ORIENTED_EDGE ( 'NONE', *, *, #3040, .T. ) ;
#4037 = LINE ( 'NONE', #4603, #2870 ) ;
#4038 = CARTESIAN_POINT ( 'NONE',  ( -10.78407417371068888, 16.19999999999999929, 120.0927779438318908 ) ) ;
#4039 = CARTESIAN_POINT ( 'NONE',  ( -21.66015832672809438, 7.696141087872135245, -107.1311655811167327 ) ) ;
#4040 = CARTESIAN_POINT ( 'NONE',  ( 17.79921189211190224, 14.21924408369078741, 85.88056546371166178 ) ) ;
#4041 = PLANE ( 'NONE',  #1604 ) ;
#4042 = ORIENTED_EDGE ( 'NONE', *, *, #4542, .T. ) ;
#4043 = CARTESIAN_POINT ( 'NONE',  ( 21.40456499701162940, 7.302849822347134534, -108.9492454998554081 ) ) ;
#4044 = CARTESIAN_POINT ( 'NONE',  ( 17.32882370698752794, 7.999790649818528721, -85.64758997198958923 ) ) ;
#4045 = ORIENTED_EDGE ( 'NONE', *, *, #6188, .T. ) ;
#4046 = CARTESIAN_POINT ( 'NONE',  ( -23.55308668979001752, 6.903790002480920229, 98.53269974783687246 ) ) ;
#4047 = EDGE_CURVE ( 'NONE', #2468, #3811, #159, .T. ) ;
#4048 = B_SPLINE_CURVE_WITH_KNOTS ( 'NONE', 3,
 ( #1904, #6079, #882, #5042 ),
 .UNSPECIFIED., .F., .F.,
 ( 4, 4 ),
 ( 2.534827000434159089E-07, 0.0003086876369879396433 ),
 .UNSPECIFIED. ) ;
#4049 = CARTESIAN_POINT ( 'NONE',  ( 2.292433343232368651E-16, 22.00000000000000000, -100.0000000000000000 ) ) ;
#4050 = VERTEX_POINT ( 'NONE', #892 ) ;
#4051 = ORIENTED_EDGE ( 'NONE', *, *, #995, .T. ) ;
#4052 = PLANE ( 'NONE',  #6173 ) ;
#4053 = LINE ( 'NONE', #357, #6052 ) ;
#4054 = CARTESIAN_POINT ( 'NONE',  ( -22.79289321881345032, 16.19999999999999929, -100.7071067811865532 ) ) ;
#4055 = EDGE_CURVE ( 'NONE', #3942, #2293, #6656, .T. ) ;
#4056 = CARTESIAN_POINT ( 'NONE',  ( -10.50582776005184904, 15.09619911743538800, -78.86879230336832336 ) ) ;
#4057 = DIRECTION ( 'NONE',  ( -2.597868168706493909E-16, 0.7071067811865439090, -0.7071067811865512365 ) ) ;
#4058 = CARTESIAN_POINT ( 'NONE',  ( -17.14348332776370398, 14.00020935018985035, 114.5732900908156751 ) ) ;
#4059 = ORIENTED_EDGE ( 'NONE', *, *, #2685, .T. ) ;
#4060 = DIRECTION ( 'NONE',  ( -1.150268980431791831E-16, 1.000000000000000000, -0.000000000000000000 ) ) ;
#4061 = DIRECTION ( 'NONE',  ( -0.08715574274766157981, 0.000000000000000000, -0.9961946980917452121 ) ) ;
#4062 = EDGE_CURVE ( 'NONE', #4895, #2433, #4440, .T. ) ;
#4063 = CARTESIAN_POINT ( 'NONE',  ( -19.51562326895603761, 6.500000000000006217, -86.03073200113257712 ) ) ;
#4064 = PLANE ( 'NONE',  #3121 ) ;
#4065 = CYLINDRICAL_SURFACE ( 'NONE', #2868, 24.00000000000000000 ) ;
#4066 = ORIENTED_EDGE ( 'NONE', *, *, #3690, .T. ) ;
#4067 = ORIENTED_EDGE ( 'NONE', *, *, #2830, .F. ) ;
#4068 = EDGE_CURVE ( 'NONE', #3174, #4312, #1362, .T. ) ;
#4069 = ORIENTED_EDGE ( 'NONE', *, *, #5851, .F. ) ;
#4070 = VERTEX_POINT ( 'NONE', #1307 ) ;
#4071 = DIRECTION ( 'NONE',  ( -0.9961946980917461003, 0.000000000000000000, 0.08715574274765185148 ) ) ;
#4072 = AXIS2_PLACEMENT_3D ( 'NONE', #1064, #2079, #2746 ) ;
#4073 = FACE_OUTER_BOUND ( 'NONE', #3225, .T. ) ;
#4074 = LINE ( 'NONE', #4645, #3752 ) ;
#4075 = DIRECTION ( 'NONE',  ( -1.150268980431791831E-16, 1.000000000000000000, 4.226019675132850335E-32 ) ) ;
#4076 = VERTEX_POINT ( 'NONE', #5466 ) ;
#4077 = PLANE ( 'NONE',  #6062 ) ;
#4078 = ORIENTED_EDGE ( 'NONE', *, *, #2779, .T. ) ;
#4079 = VECTOR ( 'NONE', #4024, 1000.000000000000000 ) ;
#4080 = DIRECTION ( 'NONE',  ( -0.000000000000000000, -1.000000000000000000, -0.000000000000000000 ) ) ;
#4081 = AXIS2_PLACEMENT_3D ( 'NONE', #5318, #4732, #3689 ) ;
#4082 = DIRECTION ( 'NONE',  ( 1.150268980431791831E-16, -1.000000000000000000, -4.226019675132850335E-32 ) ) ;
#4083 = ORIENTED_EDGE ( 'NONE', *, *, #14, .F. ) ;
#4084 = ORIENTED_EDGE ( 'NONE', *, *, #303, .T. ) ;
#4085 = CARTESIAN_POINT ( 'NONE',  ( 10.78407417371090382, 7.696141087872132580, 79.90722205616818030 ) ) ;
#4086 = DIRECTION ( 'NONE',  ( 0.000000000000000000, -0.7071067811865435759, -0.7071067811865515695 ) ) ;
#4087 = DIRECTION ( 'NONE',  ( -1.000000000000000000, -1.445602896647338917E-16, 5.782411586589355667E-16 ) ) ;
#4088 = CIRCLE ( 'NONE', #1351, 24.00000000000000000 ) ;
#4089 = VECTOR ( 'NONE', #785, 1000.000000000000000 ) ;
#4090 = DIRECTION ( 'NONE',  ( 0.000000000000000000, 0.000000000000000000, 1.000000000000000000 ) ) ;
#4091 = DIRECTION ( 'NONE',  ( -1.150268980431791831E-16, 1.000000000000000000, -0.000000000000000000 ) ) ;
#4092 = EDGE_CURVE ( 'NONE', #5248, #4983, #348, .T. ) ;
#4093 = CIRCLE ( 'NONE', #156, 30.00000000000000000 ) ;
#4094 = CARTESIAN_POINT ( 'NONE',  ( -17.32672204318870968, 13.99979268842174029, 114.3542940661685350 ) ) ;
#4095 = VERTEX_POINT ( 'NONE', #4512 ) ;
#4096 = DIRECTION ( 'NONE',  ( 1.150268980431791831E-16, -1.000000000000000000, -4.226019675132850335E-32 ) ) ;
#4097 = EDGE_CURVE ( 'NONE', #2464, #4681, #3937, .T. ) ;
#4098 = B_SPLINE_CURVE_WITH_KNOTS ( 'NONE', 3,
 ( #1212, #1689, #1187, #6414 ),
 .UNSPECIFIED., .F., .F.,
 ( 4, 4 ),
 ( 0.001801188917324947564, 0.003804299992632516683 ),
 .UNSPECIFIED. ) ;
#4099 = FACE_OUTER_BOUND ( 'NONE', #2638, .T. ) ;
#4100 = EDGE_CURVE ( 'NONE', #38, #437, #279, .T. ) ;
#4101 = AXIS2_PLACEMENT_3D ( 'NONE', #908, #6106, #1936 ) ;
#4102 = ADVANCED_FACE ( 'NONE', ( #1949 ), #6090, .T. ) ;
#4103 = CARTESIAN_POINT ( 'NONE',  ( -22.79289321881341834, 7.696141087872131692, 100.7071067811865674 ) ) ;
#4104 = FACE_OUTER_BOUND ( 'NONE', #210, .T. ) ;
#4105 = CARTESIAN_POINT ( 'NONE',  ( 3.673940397442059493E-14, 26.05705187735223660, 100.0000000000000000 ) ) ;
#4106 = VERTEX_POINT ( 'NONE', #1438 ) ;
#4107 = ORIENTED_EDGE ( 'NONE', *, *, #3733, .F. ) ;
#4108 = AXIS2_PLACEMENT_3D ( 'NONE', #6212, #1050, #6244 ) ;
#4109 = VERTEX_POINT ( 'NONE', #3761 ) ;
#4110 = CARTESIAN_POINT ( 'NONE',  ( 4.191948516718166040, 14.03601850605444490, -77.85701780421311469 ) ) ;
#4111 = CIRCLE ( 'NONE', #5854, 24.00000000000000000 ) ;
#4112 = CARTESIAN_POINT ( 'NONE',  ( -21.55504165465599087, 7.780657375130057396, -107.1801822903037333 ) ) ;
#4113 = CARTESIAN_POINT ( 'NONE',  ( -2.339929324814392420, 6.500000000000008882, 76.11434047896368327 ) ) ;
#4114 = CARTESIAN_POINT ( 'NONE',  ( 3.261580130883841910, 7.696141087872123698, 77.43059424056414741 ) ) ;
#4115 = ORIENTED_EDGE ( 'NONE', *, *, #6693, .F. ) ;
#4116 = CARTESIAN_POINT ( 'NONE',  ( 16.99572930846288799, 7.780755916266927308, -84.92301220799726025 ) ) ;
#4117 = ORIENTED_EDGE ( 'NONE', *, *, #1337, .F. ) ;
#4118 = AXIS2_PLACEMENT_3D ( 'NONE', #5633, #4569, #1836 ) ;
#4119 = CARTESIAN_POINT ( 'NONE',  ( 2.792194702055965796E-14, 15.49999999999998401, 76.00000000000004263 ) ) ;
#4120 = AXIS2_PLACEMENT_3D ( 'NONE', #4627, #1624, #567 ) ;
#4121 = CARTESIAN_POINT ( 'NONE',  ( 17.00584971520425981, 16.19999999999999929, 84.80733542961863236 ) ) ;
#4122 = ORIENTED_EDGE ( 'NONE', *, *, #2830, .T. ) ;
#4123 = ORIENTED_EDGE ( 'NONE', *, *, #3603, .T. ) ;
#4124 = CARTESIAN_POINT ( 'NONE',  ( -17.91488867054835410, 7.696141087872144126, 85.89068587045817083 ) ) ;
#4125 = CARTESIAN_POINT ( 'NONE',  ( 21.66015832672815122, 14.30385891212786476, -92.86883441888342361 ) ) ;
#4126 = B_SPLINE_CURVE_WITH_KNOTS ( 'NONE', 3,
 ( #723, #4374, #2188, #4282, #1682, #6466, #3778, #5857, #3625, #4955 ),
 .UNSPECIFIED., .F., .F.,
 ( 4, 2, 2, 2, 4 ),
 ( 2.988698850700052434E-07, 0.0002571542096251611402, 0.0005140095493652523497, 0.0007708648891053435049, 0.001027720228845435853 ),
 .UNSPECIFIED. ) ;
#4127 = CARTESIAN_POINT ( 'NONE',  ( -11.01993817269489995, 14.03379042668778887, -119.6557083581781313 ) ) ;
#4128 = DIRECTION ( 'NONE',  ( -1.000000000000000000, -1.084202172485504434E-16, 0.000000000000000000 ) ) ;
#4129 = CARTESIAN_POINT ( 'NONE',  ( -17.14589584587845295, 26.05705187735223660, 116.7933991687891080 ) ) ;
#4130 = ORIENTED_EDGE ( 'NONE', *, *, #3126, .T. ) ;
#4131 = DIRECTION ( 'NONE',  ( 1.150268980431791831E-16, -1.000000000000000000, -4.226019675132850335E-32 ) ) ;
#4132 = DIRECTION ( 'NONE',  ( -0.000000000000000000, -1.000000000000000000, -0.000000000000000000 ) ) ;
#4133 = EDGE_CURVE ( 'NONE', #4683, #4342, #3386, .T. ) ;
#4134 = CARTESIAN_POINT ( 'NONE',  ( 21.85555259377029813, 6.500000000000011546, 90.08360847783116299 ) ) ;
#4135 = CARTESIAN_POINT ( 'NONE',  ( -17.00495937615574249, 7.855686076499087456, 85.04638815918785610 ) ) ;
#4136 = CARTESIAN_POINT ( 'NONE',  ( -5.970562373124148614, 15.49999999999998401, 123.2454809575675228 ) ) ;
#4137 = ORIENTED_EDGE ( 'NONE', *, *, #5001, .F. ) ;
#4138 = ORIENTED_EDGE ( 'NONE', *, *, #6720, .T. ) ;
#4139 = VERTEX_POINT ( 'NONE', #616 ) ;
#4140 = CARTESIAN_POINT ( 'NONE',  ( -10.50582405129421382, 6.903790001752462935, 78.86877846209651466 ) ) ;
#4141 = B_SPLINE_CURVE_WITH_KNOTS ( 'NONE', 3,
 ( #3436, #6071, #2480, #5522 ),
 .UNSPECIFIED., .F., .F.,
 ( 4, 4 ),
 ( 0.001150320975949241159, 0.003153469944067940900 ),
 .UNSPECIFIED. ) ;
#4142 = ORIENTED_EDGE ( 'NONE', *, *, #962, .T. ) ;
#4143 = CARTESIAN_POINT ( 'NONE',  ( 17.05288819640695763, 14.69713885794929809, -84.26968312922885218 ) ) ;
#4144 = CARTESIAN_POINT ( 'NONE',  ( 19.51562326895613353, 6.500000000000011546, -113.9692679988673092 ) ) ;
#4145 = CARTESIAN_POINT ( 'NONE',  ( -23.11645821900294351, 6.500000000000006217, 106.4520817887786848 ) ) ;
#4146 = ORIENTED_EDGE ( 'NONE', *, *, #6113, .T. ) ;
#4147 = CARTESIAN_POINT ( 'NONE',  ( 3.303106800183093758E-15, 0.000000000000000000, -125.1000000000000227 ) ) ;
#4148 = ORIENTED_EDGE ( 'NONE', *, *, #739, .F. ) ;
#4149 = CARTESIAN_POINT ( 'NONE',  ( 21.63080946088330947, 15.09619911711713058, -90.56557168164427196 ) ) ;
#4150 = EDGE_CURVE ( 'NONE', #4401, #3555, #3220, .T. ) ;
#4151 = CARTESIAN_POINT ( 'NONE',  ( -17.07800278143213646, 7.966209586491886263, -85.29871676343746856 ) ) ;
#4152 = ORIENTED_EDGE ( 'NONE', *, *, #1168, .T. ) ;
#4153 = CARTESIAN_POINT ( 'NONE',  ( -11.74999999999976019, 14.13949659383202651, 119.3515969889344177 ) ) ;
#4154 = EDGE_CURVE ( 'NONE', #2184, #2454, #1667, .T. ) ;
#4155 = CARTESIAN_POINT ( 'NONE',  ( 21.45227282621734943, 7.855987779618276434, -107.2502098825771242 ) ) ;
#4156 = CARTESIAN_POINT ( 'NONE',  ( -10.81409293830055951, 14.21934249000114825, -119.9807463892022668 ) ) ;
#4157 = CARTESIAN_POINT ( 'NONE',  ( 22.79289321881345032, 16.19999999999999929, -99.29289321881346098 ) ) ;
#4158 = DIRECTION ( 'NONE',  ( 4.159166725385326943E-17, 0.000000000000000000, -1.000000000000000000 ) ) ;
#4159 = ORIENTED_EDGE ( 'NONE', *, *, #4433, .T. ) ;
#4160 = ORIENTED_EDGE ( 'NONE', *, *, #1954, .T. ) ;
#4161 = CARTESIAN_POINT ( 'NONE',  ( 4.654308611523869210, 7.696141087872122810, 77.67616984850208439 ) ) ;
#4162 = DIRECTION ( 'NONE',  ( 0.8191520442889875797, -0.000000000000000000, 0.5735764363510522656 ) ) ;
#4163 = CARTESIAN_POINT ( 'NONE',  ( -10.78407417371103705, 7.696141087872114817, -79.90722205616825136 ) ) ;
#4164 = DIRECTION ( 'NONE',  ( 1.150268980431791831E-16, -1.000000000000000000, -4.226019675132849788E-32 ) ) ;
#4165 = CARTESIAN_POINT ( 'NONE',  ( -3.328105301690894358, 14.21934285732816861, -122.4743979693493543 ) ) ;
#4166 = VERTEX_POINT ( 'NONE', #5778 ) ;
#4167 = ORIENTED_EDGE ( 'NONE', *, *, #4473, .F. ) ;
#4168 = CARTESIAN_POINT ( 'NONE',  ( -12.00881904510232800, 7.696141087872156561, -119.3856711626453375 ) ) ;
#4169 = CARTESIAN_POINT ( 'NONE',  ( -17.00584971520407862, 14.30385891212787186, 115.1926645703814955 ) ) ;
#4170 = DIRECTION ( 'NONE',  ( -0.4226182617407003295, 0.000000000000000000, 0.9063077870366496036 ) ) ;
#4171 = EDGE_CURVE ( 'NONE', #460, #3428, #6289, .T. ) ;
#4172 = VERTEX_POINT ( 'NONE', #1061 ) ;
#4173 = CARTESIAN_POINT ( 'NONE',  ( -17.91488867054816225, 16.19999999999999929, 114.1093141295420992 ) ) ;
#4174 = CARTESIAN_POINT ( 'NONE',  ( 17.91488867054830081, 16.19999999999999929, -85.89068587045804293 ) ) ;
#4175 = CARTESIAN_POINT ( 'NONE',  ( -3.261580130883650064, 7.696141087872137909, -122.5694057594358810 ) ) ;
#4176 = EDGE_CURVE ( 'NONE', #3553, #1413, #812, .T. ) ;
#4177 = ORIENTED_EDGE ( 'NONE', *, *, #2740, .F. ) ;
#4178 = CARTESIAN_POINT ( 'NONE',  ( -21.66015832672805175, 7.696141087872128139, 107.1311655811167611 ) ) ;
#4179 = ORIENTED_EDGE ( 'NONE', *, *, #5224, .F. ) ;
#4180 = CYLINDRICAL_SURFACE ( 'NONE', #3087, 1.000000000000000888 ) ;
#4181 = EDGE_CURVE ( 'NONE', #2956, #4648, #3730, .T. ) ;
#4182 = EDGE_CURVE ( 'NONE', #5152, #33, #3243, .T. ) ;
#4183 = CARTESIAN_POINT ( 'NONE',  ( 21.90870462436819821, 18.09129537563186929, 79.34651754062427642 ) ) ;
#4184 = VECTOR ( 'NONE', #6713, 1000.000000000000000 ) ;
#4185 = ORIENTED_EDGE ( 'NONE', *, *, #3932, .T. ) ;
#4186 = CARTESIAN_POINT ( 'NONE',  ( -3.261580130883956041, 7.696141087872134356, -77.43059424056417583 ) ) ;
#4187 = DIRECTION ( 'NONE',  ( -1.000000000000000000, -1.445602896647338917E-16, 0.000000000000000000 ) ) ;
#4188 = AXIS2_PLACEMENT_3D ( 'NONE', #1877, #91, #3969 ) ;
#4189 = AXIS2_PLACEMENT_3D ( 'NONE', #3171, #2657, #71 ) ;
#4190 = ADVANCED_FACE ( 'NONE', ( #2111 ), #2204, .F. ) ;
#4191 = CARTESIAN_POINT ( 'NONE',  ( -10.78407417371100863, 14.30385891212787186, 79.90722205616826557 ) ) ;
#4192 = DIRECTION ( 'NONE',  ( 0.08715574274767468044, 0.000000000000000000, -0.9961946980917441019 ) ) ;
#4193 = DIRECTION ( 'NONE',  ( 0.000000000000000000, 0.000000000000000000, 1.000000000000000000 ) ) ;
#4194 = ORIENTED_EDGE ( 'NONE', *, *, #4171, .F. ) ;
#4195 = VERTEX_POINT ( 'NONE', #2656 ) ;
#4196 = CARTESIAN_POINT ( 'NONE',  ( 3.633599466026606883, 7.966540390971667662, 77.76111468152927841 ) ) ;
#4197 = AXIS2_PLACEMENT_3D ( 'NONE', #3248, #3211, #4245 ) ;
#4199 = CARTESIAN_POINT ( 'NONE',  ( -10.36819101250162056, 26.05705187735223660, 78.35512496852247466 ) ) ;
#4198 = VECTOR ( 'NONE', #8, 1000.000000000000000 ) ;
#4200 = EDGE_CURVE ( 'NONE', #4683, #5330, #548, .T. ) ;
#4201 = VECTOR ( 'NONE', #5035, 1000.000000000000000 ) ;
#4202 = DIRECTION ( 'NONE',  ( 0.4226182617407092668, 0.000000000000000000, 0.9063077870366453848 ) ) ;
#4203 = CARTESIAN_POINT ( 'NONE',  ( -5.096409920277380046, 14.69713885689459154, -122.6333928205396688 ) ) ;
#4204 = CARTESIAN_POINT ( 'NONE',  ( -10.95921284831605291, 7.930460658160458642, -80.26960861365041922 ) ) ;
#4205 = ORIENTED_EDGE ( 'NONE', *, *, #2343, .F. ) ;
#4206 = VERTEX_POINT ( 'NONE', #5745 ) ;
#4207 = DIRECTION ( 'NONE',  ( -1.150268980431791831E-16, 1.000000000000000000, -0.000000000000000000 ) ) ;
#4208 = CARTESIAN_POINT ( 'NONE',  ( 2.339929324814266742, 26.05705187735223660, 76.11434047896365485 ) ) ;
#4209 = CIRCLE ( 'NONE', #1252, 24.00000000000000000 ) ;
#4210 = CARTESIAN_POINT ( 'NONE',  ( 2.292433343232368651E-16, 22.00000000000000000, -100.0000000000000000 ) ) ;
#4211 = ORIENTED_EDGE ( 'NONE', *, *, #5675, .T. ) ;
#4212 = CARTESIAN_POINT ( 'NONE',  ( -4.080732175172629539, 16.19999999999999929, -123.1429821957869422 ) ) ;
#4213 = VECTOR ( 'NONE', #1287, 1000.000000000000000 ) ;
#4214 = CARTESIAN_POINT ( 'NONE',  ( 3.898899098674196022E-14, 6.500000000000008882, 100.0000000000000000 ) ) ;
#4215 = CARTESIAN_POINT ( 'NONE',  ( 18.00204441329616856, 16.19999999999999929, -115.1055088276334573 ) ) ;
#4216 = EDGE_CURVE ( 'NONE', #2311, #178, #6322, .T. ) ;
#4217 = ORIENTED_EDGE ( 'NONE', *, *, #352, .F. ) ;
#4218 = ORIENTED_EDGE ( 'NONE', *, *, #1276, .F. ) ;
#4219 = DIRECTION ( 'NONE',  ( -1.000000000000000000, -1.445602896647339163E-16, 0.000000000000000000 ) ) ;
#4220 = VECTOR ( 'NONE', #816, 999.9999999999998863 ) ;
#4221 = EDGE_CURVE ( 'NONE', #3448, #1347, #2624, .T. ) ;
#4222 = EDGE_CURVE ( 'NONE', #4957, #5383, #4628, .T. ) ;
#4223 = CIRCLE ( 'NONE', #6403, 24.00000000000000000 ) ;
#4224 = CARTESIAN_POINT ( 'NONE',  ( 10.78407417371120225, 16.19999999999999929, 120.0927779438316492 ) ) ;
#4225 = EDGE_LOOP ( 'NONE', ( #2194, #5210, #6116, #2020 ) ) ;
#4226 = CARTESIAN_POINT ( 'NONE',  ( -3.744041427079077167, 7.989173506032714478, 122.1974503180534697 ) ) ;
#4227 = DIRECTION ( 'NONE',  ( -0.9961946980917466554, 0.000000000000000000, 0.08715574274764541218 ) ) ;
#4228 = EDGE_CURVE ( 'NONE', #3521, #2075, #2562, .T. ) ;
#4229 = DIRECTION ( 'NONE',  ( -1.000000000000000000, -1.445602896647338917E-16, 5.782411586589355667E-16 ) ) ;
#4230 = DIRECTION ( 'NONE',  ( -0.000000000000000000, -1.000000000000000000, -0.000000000000000000 ) ) ;
#4231 = CARTESIAN_POINT ( 'NONE',  ( 0.000000000000000000, 26.05705187735223660, -100.0000000000000000 ) ) ;
#4232 = ORIENTED_EDGE ( 'NONE', *, *, #2466, .F. ) ;
#4233 = ORIENTED_EDGE ( 'NONE', *, *, #166, .F. ) ;
#4234 = CARTESIAN_POINT ( 'NONE',  ( 17.14589584587863769, 15.49999999999998579, 83.20660083121100570 ) ) ;
#4235 = CARTESIAN_POINT ( 'NONE',  ( 11.74999999999995559, 14.13949659383203716, -80.64840301106566756 ) ) ;
#4236 = DIRECTION ( 'NONE',  ( -0.000000000000000000, 1.000000000000000000, -0.000000000000000000 ) ) ;
#4237 = DIRECTION ( 'NONE',  ( -1.000000000000000000, -1.445602896647338917E-16, 0.000000000000000000 ) ) ;
#4238 = DIRECTION ( 'NONE',  ( -3.673940397442059868E-16, 0.000000000000000000, -1.000000000000000000 ) ) ;
#4239 = EDGE_LOOP ( 'NONE', ( #3872, #1741, #5065, #780, #4367, #6009 ) ) ;
#4240 = EDGE_LOOP ( 'NONE', ( #6056, #5872, #849, #4233 ) ) ;
#4241 = DIRECTION ( 'NONE',  ( -1.000000000000000000, -1.445602896647338917E-16, 0.000000000000000000 ) ) ;
#4242 = CYLINDRICAL_SURFACE ( 'NONE', #1678, 1.000000000000000888 ) ;
#4243 = ORIENTED_EDGE ( 'NONE', *, *, #5454, .T. ) ;
#4244 = DIRECTION ( 'NONE',  ( -1.150268980431791831E-16, 1.000000000000000000, 4.226019675132850335E-32 ) ) ;
#4245 = DIRECTION ( 'NONE',  ( -1.000000000000000000, -1.445602896647339163E-16, 0.000000000000000000 ) ) ;
#4246 = DIRECTION ( 'NONE',  ( -1.150268980431791831E-16, 1.000000000000000000, -0.000000000000000000 ) ) ;
#4247 = ORIENTED_EDGE ( 'NONE', *, *, #1369, .T. ) ;
#4248 = CARTESIAN_POINT ( 'NONE',  ( -13.56091613274839069, 15.49999999999998224, 80.19844567614543962 ) ) ;
#4249 = B_SPLINE_CURVE_WITH_KNOTS ( 'NONE', 3,
 ( #992, #2495, #4576, #3561, #1913, #3011, #3076, #6120, #6601, #4008 ),
 .UNSPECIFIED., .F., .F.,
 ( 4, 2, 2, 2, 4 ),
 ( 2.457757373978663197E-07, 0.0004261960578666497824, 0.0008521463399959016815, 0.001278096622125153526, 0.001704046904254405371 ),
 .UNSPECIFIED. ) ;
#4250 = CARTESIAN_POINT ( 'NONE',  ( 21.85555259377027326, 6.500000000000011546, -90.08360847783119141 ) ) ;
#4251 = VERTEX_POINT ( 'NONE', #5804 ) ;
#4252 = CARTESIAN_POINT ( 'NONE',  ( -11.92779343480692233, 14.24273332384660762, 119.3639604158004630 ) ) ;
#4253 = VERTEX_POINT ( 'NONE', #4808 ) ;
#4254 = CARTESIAN_POINT ( 'NONE',  ( 23.17453400663467988, 7.302849823075328040, -101.0887475690077792 ) ) ;
#4255 = EDGE_CURVE ( 'NONE', #2433, #4783, #6641, .T. ) ;
#4256 = EDGE_CURVE ( 'NONE', #2281, #4648, #3532, .T. ) ;
#4257 = CARTESIAN_POINT ( 'NONE',  ( -17.05288955031191023, 7.302849822303707050, -115.7303323459768478 ) ) ;
#4258 = CARTESIAN_POINT ( 'NONE',  ( 10.78407417371089139, 7.696141087872137909, -79.90722205616819451 ) ) ;
#4259 = CARTESIAN_POINT ( 'NONE',  ( 4.041334437186265569E-14, 20.00000000000000000, 130.0000000000000000 ) ) ;
#4260 = EDGE_LOOP ( 'NONE', ( #5125, #5717, #219, #2557 ) ) ;
#4261 = CARTESIAN_POINT ( 'NONE',  ( 0.000000000000000000, 26.05705187735223660, -100.0000000000000000 ) ) ;
#4262 = CARTESIAN_POINT ( 'NONE',  ( 4.494085902020747980, 7.823723074227604712, -77.77333453045717704 ) ) ;
#4263 = EDGE_CURVE ( 'NONE', #3069, #4494, #3662, .T. ) ;
#4264 = B_SPLINE_CURVE_WITH_KNOTS ( 'NONE', 3,
 ( #2302, #5977, #6519, #1292 ),
 .UNSPECIFIED., .F., .F.,
 ( 4, 4 ),
 ( 0.001150320975949237039, 0.003153469944067926588 ),
 .UNSPECIFIED. ) ;
#4265 = B_SPLINE_CURVE_WITH_KNOTS ( 'NONE', 3,
 ( #1269, #4851, #4883, #5913, #6496, #5432, #1677, #4406, #1742, #208 ),
 .UNSPECIFIED., .F., .F.,
 ( 4, 2, 2, 2, 4 ),
 ( 2.701365643715658639E-07, 0.0004262205501935990089, 0.0008521709638228265301, 0.001278121377452053889, 0.001704071791081281356 ),
 .UNSPECIFIED. ) ;
#4266 = CARTESIAN_POINT ( 'NONE',  ( 3.665276082098447130, 7.970267449477973720, -77.77027944508309076 ) ) ;
#4267 = CARTESIAN_POINT ( 'NONE',  ( 3.696864730874382874E-14, 22.00000000000000000, 100.0000000000000000 ) ) ;
#4268 = CARTESIAN_POINT ( 'NONE',  ( -2.339929324814392864, 15.49999999999998401, 76.11434047896368327 ) ) ;
#4269 = ADVANCED_FACE ( 'NONE', ( #5290 ), #6522, .F. ) ;
#4270 = ORIENTED_EDGE ( 'NONE', *, *, #4638, .T. ) ;
#4271 = ORIENTED_EDGE ( 'NONE', *, *, #967, .T. ) ;
#4272 = CARTESIAN_POINT ( 'NONE',  ( 17.00584971520444100, 14.30385891212787186, -115.1926645703811261 ) ) ;
#4273 = FACE_OUTER_BOUND ( 'NONE', #3203, .T. ) ;
#4274 = ORIENTED_EDGE ( 'NONE', *, *, #2502, .T. ) ;
#4275 = CARTESIAN_POINT ( 'NONE',  ( 17.14589584587860571, 15.49999999999998579, -83.20660083121100570 ) ) ;
#4276 = CARTESIAN_POINT ( 'NONE',  ( 3.744041427079606965, 14.01082649396726332, 122.1974503180533418 ) ) ;
#4277 = CARTESIAN_POINT ( 'NONE',  ( -4.654308611523966910, 14.30385891212786476, 77.67616984850211281 ) ) ;
#4278 = EDGE_CURVE ( 'NONE', #4613, #2019, #2482, .T. ) ;
#4279 = ORIENTED_EDGE ( 'NONE', *, *, #3634, .T. ) ;
#4280 = EDGE_LOOP ( 'NONE', ( #5787, #4451, #4784, #3765 ) ) ;
#4281 = CARTESIAN_POINT ( 'NONE',  ( 21.55491936037459055, 14.21924429737896922, 92.81976068293640481 ) ) ;
#4282 = CARTESIAN_POINT ( 'NONE',  ( 3.458823552662638967, 14.12221122957040187, -77.64368452114746333 ) ) ;
#4283 = ORIENTED_EDGE ( 'NONE', *, *, #6326, .F. ) ;
#4284 = CARTESIAN_POINT ( 'NONE',  ( -21.17646880143222177, 7.696141087872128139, 91.53990837010623238 ) ) ;
#4285 = ORIENTED_EDGE ( 'NONE', *, *, #3965, .F. ) ;
#4286 = CARTESIAN_POINT ( 'NONE',  ( -17.05288819640685460, 14.69713885794930341, -115.7303168707712899 ) ) ;
#4287 = CIRCLE ( 'NONE', #34, 24.00000000000000000 ) ;
#4288 = CARTESIAN_POINT ( 'NONE',  ( 1.087815342085252873E-15, 16.59999999999999432, -100.0000000000000000 ) ) ;
#4289 = EDGE_CURVE ( 'NONE', #1531, #4401, #4743, .T. ) ;
#4290 = ORIENTED_EDGE ( 'NONE', *, *, #711, .T. ) ;
#4291 = DIRECTION ( 'NONE',  ( 0.4226182617406884501, 0.000000000000000000, -0.9063077870366551547 ) ) ;
#4292 = DIRECTION ( 'NONE',  ( -1.000000000000000000, -1.084202172485504434E-16, 0.000000000000000000 ) ) ;
#4293 = CIRCLE ( 'NONE', #3643, 30.00000000000000000 ) ;
#4294 = ADVANCED_FACE ( 'NONE', ( #3952 ), #1732, .F. ) ;
#4295 = DIRECTION ( 'NONE',  ( -0.9659258262890664248, 0.000000000000000000, 0.2588190451025276784 ) ) ;
#4296 = FACE_OUTER_BOUND ( 'NONE', #6149, .T. ) ;
#4297 = AXIS2_PLACEMENT_3D ( 'NONE', #3511, #6592, #4537 ) ;
#4298 = CARTESIAN_POINT ( 'NONE',  ( 3.795374890435334674E-14, 15.49999999999998401, 100.0000000000000000 ) ) ;
#4299 = EDGE_CURVE ( 'NONE', #3161, #6502, #802, .T. ) ;
#4300 = ORIENTED_EDGE ( 'NONE', *, *, #5544, .T. ) ;
#4301 = EDGE_CURVE ( 'NONE', #134, #6158, #1098, .T. ) ;
#4302 = VERTEX_POINT ( 'NONE', #4975 ) ;
#4303 = DIRECTION ( 'NONE',  ( -0.000000000000000000, -1.000000000000000000, -0.000000000000000000 ) ) ;
#4304 = CARTESIAN_POINT ( 'NONE',  ( -17.14497379312296488, 8.000207311570068924, -114.5708931961443255 ) ) ;
#4305 = VECTOR ( 'NONE', #1553, 1000.000000000000000 ) ;
#4306 = EDGE_CURVE ( 'NONE', #4683, #2417, #2668, .T. ) ;
#4307 = B_SPLINE_CURVE_WITH_KNOTS ( 'NONE', 3,
 ( #1274, #2356, #4796, #4765 ),
 .UNSPECIFIED., .F., .F.,
 ( 4, 4 ),
 ( 3.499116271449611263E-07, 0.002003460990062440328 ),
 .UNSPECIFIED. ) ;
#4308 = ORIENTED_EDGE ( 'NONE', *, *, #336, .T. ) ;
#4309 = DIRECTION ( 'NONE',  ( 8.659560562354979697E-17, 0.7071067811865439090, -0.7071067811865512365 ) ) ;
#4310 = CARTESIAN_POINT ( 'NONE',  ( 5.534947508220049883, 15.09619911656852409, -122.9404601454050123 ) ) ;
#4311 = CALENDAR_DATE ( 2026, 26, 2 ) ;
#4312 = VERTEX_POINT ( 'NONE', #2754 ) ;
#4313 = ORIENTED_EDGE ( 'NONE', *, *, #2712, .F. ) ;
#4314 = AXIS2_PLACEMENT_3D ( 'NONE', #1183, #6439, #4788 ) ;
#4315 = CARTESIAN_POINT ( 'NONE',  ( -13.04724879790255088, 15.09619911743538445, -80.33608242369562902 ) ) ;
#4316 = AXIS2_PLACEMENT_3D ( 'NONE', #1453, #4060, #6140 ) ;
#4317 = DIRECTION ( 'NONE',  ( -0.9063077870366521571, 0.000000000000000000, 0.4226182617406946118 ) ) ;
#4318 = EDGE_LOOP ( 'NONE', ( #5539, #1942, #505, #588 ) ) ;
#4319 = CARTESIAN_POINT ( 'NONE',  ( -4.654308611523647166, 16.19999999999999929, 122.3238301514979440 ) ) ;
#4320 = EDGE_LOOP ( 'NONE', ( #4631, #1072, #3132, #4585 ) ) ;
#4321 = VECTOR ( 'NONE', #3516, 1000.000000000000000 ) ;
#4322 = CARTESIAN_POINT ( 'NONE',  ( -17.67931308332411788, 14.14431392349078820, -85.85005161240015070 ) ) ;
#4323 = DIRECTION ( 'NONE',  ( -0.7071067811865490160, 0.000000000000000000, -0.7071067811865461294 ) ) ;
#4324 = ORIENTED_EDGE ( 'NONE', *, *, #1503, .T. ) ;
#4325 = DIRECTION ( 'NONE',  ( -1.150268980431791831E-16, 1.000000000000000000, -0.000000000000000000 ) ) ;
#4326 = FACE_OUTER_BOUND ( 'NONE', #829, .T. ) ;
#4327 = DIRECTION ( 'NONE',  ( -0.000000000000000000, -1.000000000000000000, -0.000000000000000000 ) ) ;
#4328 = CARTESIAN_POINT ( 'NONE',  ( -22.71088115686355735, 14.21934324031774288, 100.6250947192366851 ) ) ;
#4329 = CARTESIAN_POINT ( 'NONE',  ( 22.63855090686941196, 7.855686222213446257, -100.5245537380655634 ) ) ;
#4330 = CARTESIAN_POINT ( 'NONE',  ( 4.004251077460369106E-14, 0.000000000000000000, 74.90000000000000568 ) ) ;
#4331 = B_SPLINE_CURVE_WITH_KNOTS ( 'NONE', 3,
 ( #5792, #5180, #501, #2582, #3157, #5245 ),
 .UNSPECIFIED., .F., .F.,
 ( 4, 2, 4 ),
 ( 0.001027720228845453851, 0.001365910686682255022, 0.001704101144519056194 ),
 .UNSPECIFIED. ) ;
#4332 = ORIENTED_EDGE ( 'NONE', *, *, #5274, .T. ) ;
#4333 = ORIENTED_EDGE ( 'NONE', *, *, #66, .T. ) ;
#4334 = FACE_OUTER_BOUND ( 'NONE', #3108, .T. ) ;
#4335 = CARTESIAN_POINT ( 'NONE',  ( -4.559300822021915778, 14.21934285784810470, 77.74269501890009337 ) ) ;
#4336 = SECURITY_CLASSIFICATION ( '', '', #2310 ) ;
#4337 = ADVANCED_FACE ( 'NONE', ( #4334 ), #2381, .F. ) ;
#4338 = ORIENTED_EDGE ( 'NONE', *, *, #2364, .F. ) ;
#4339 = DIRECTION ( 'NONE',  ( -1.150268980431791831E-16, 1.000000000000000000, -0.000000000000000000 ) ) ;
#4340 = CARTESIAN_POINT ( 'NONE',  ( 4.192269429926504642, 14.03607666775674012, 122.1429821957868853 ) ) ;
#4341 = EDGE_LOOP ( 'NONE', ( #578, #3524, #1065, #496 ) ) ;
#4342 = VERTEX_POINT ( 'NONE', #3825 ) ;
#4343 = CARTESIAN_POINT ( 'NONE',  ( 23.11645821900312114, 26.05705187735224015, -106.4520817887781874 ) ) ;
#4344 = PLANE ( 'NONE',  #5067 ) ;
#4345 = EDGE_CURVE ( 'NONE', #2090, #5736, #3716, .T. ) ;
#4346 = ORIENTED_EDGE ( 'NONE', *, *, #779, .T. ) ;
#4347 = CARTESIAN_POINT ( 'NONE',  ( 23.50000000000000000, 16.19999999999999929, -100.0000000000000000 ) ) ;
#4348 = ORIENTED_EDGE ( 'NONE', *, *, #1430, .F. ) ;
#4349 = CARTESIAN_POINT ( 'NONE',  ( -4.080732175172602005, 16.19999999999999929, 122.1429821957869279 ) ) ;
#4350 = B_SPLINE_CURVE_WITH_KNOTS ( 'NONE', 3,
 ( #4525, #6100, #1390, #976 ),
 .UNSPECIFIED., .F., .F.,
 ( 4, 4 ),
 ( 0.001150320977456996668, 0.003153469944068569737 ),
 .UNSPECIFIED. ) ;
#4351 = LINE ( 'NONE', #638, #3867 ) ;
#4352 = EDGE_CURVE ( 'NONE', #597, #1730, #934, .T. ) ;
#4353 = VERTEX_POINT ( 'NONE', #3852 ) ;
#4354 = CARTESIAN_POINT ( 'NONE',  ( 11.37233529607468974, 8.000207302223028449, -119.4147120830728568 ) ) ;
#4355 = DIRECTION ( 'NONE',  ( 0.000000000000000000, 0.000000000000000000, 1.000000000000000000 ) ) ;
#4356 = DIRECTION ( 'NONE',  ( 0.9961946980917447680, 0.000000000000000000, 0.08715574274766771379 ) ) ;
#4357 = CARTESIAN_POINT ( 'NONE',  ( -22.53199474478136111, 14.03345975460614348, 99.71665444469567774 ) ) ;
#4358 = CARTESIAN_POINT ( 'NONE',  ( 22.71088115686359288, 7.780656759682255341, -100.6250947192366709 ) ) ;
#4359 = CARTESIAN_POINT ( 'NONE',  ( 22.50020032262490943, 7.999790774156773310, 100.1441699363111013 ) ) ;
#4360 = B_SPLINE_CURVE_WITH_KNOTS ( 'NONE', 3,
 ( #5089, #2937, #5018, #6195 ),
 .UNSPECIFIED., .F., .F.,
 ( 4, 4 ),
 ( 2.730162618546000566E-07, 0.002003421982873427199 ),
 .UNSPECIFIED. ) ;
#4361 = ORIENTED_EDGE ( 'NONE', *, *, #3673, .F. ) ;
#4362 = CARTESIAN_POINT ( 'NONE',  ( 11.12524596023409984, 14.00020934064626665, 80.44217019684383274 ) ) ;
#4363 = CARTESIAN_POINT ( 'NONE',  ( -3.328182682866185793, 14.21924454940130289, 77.52571254242154453 ) ) ;
#4364 = ORIENTED_EDGE ( 'NONE', *, *, #3235, .F. ) ;
#4365 = CARTESIAN_POINT ( 'NONE',  ( 23.17453400663471541, 7.302849823075328928, 101.0887475690077650 ) ) ;
#4366 = DIRECTION ( 'NONE',  ( 0.2588190451025214056, -0.000000000000000000, 0.9659258262890680902 ) ) ;
#4367 = ORIENTED_EDGE ( 'NONE', *, *, #4876, .T. ) ;
#4368 = ORIENTED_EDGE ( 'NONE', *, *, #5367, .T. ) ;
#4369 = ADVANCED_FACE ( 'NONE', ( #5940 ), #4461, .T. ) ;
#4370 = CARTESIAN_POINT ( 'NONE',  ( 21.19125078562208131, 13.99979271795851510, 92.43746428254554814 ) ) ;
#4371 = DIRECTION ( 'NONE',  ( -0.000000000000000000, -1.000000000000000000, -0.000000000000000000 ) ) ;
#4372 = CARTESIAN_POINT ( 'NONE',  ( 21.66015832672817965, 14.30385891212786476, 92.86883441888339519 ) ) ;
#4373 = ORIENTED_EDGE ( 'NONE', *, *, #3673, .T. ) ;
#4374 = CARTESIAN_POINT ( 'NONE',  ( 3.301695925077428928, 14.25289431302559784, -77.48788553208066787 ) ) ;
#4375 = EDGE_CURVE ( 'NONE', #1375, #2110, #5588, .T. ) ;
#4376 = ORIENTED_EDGE ( 'NONE', *, *, #1089, .T. ) ;
#4377 = CARTESIAN_POINT ( 'NONE',  ( 11.64601317692097560, 14.08552696751369027, 119.3515969889331387 ) ) ;
#4378 = ORIENTED_EDGE ( 'NONE', *, *, #1931, .T. ) ;
#4379 = CARTESIAN_POINT ( 'NONE',  ( -12.53013505220751611, 14.69713885779638218, 80.47464263424961928 ) ) ;
#4380 = EDGE_CURVE ( 'NONE', #647, #20, #4523, .T. ) ;
#4381 = PLANE ( 'NONE',  #3103 ) ;
#4382 = ORIENTED_EDGE ( 'NONE', *, *, #1752, .F. ) ;
#4383 = CARTESIAN_POINT ( 'NONE',  ( -23.11645821900294706, 15.49999999999998046, 106.4520817887786848 ) ) ;
#4384 = CARTESIAN_POINT ( 'NONE',  ( 22.79289321881345032, 16.19999999999999929, -99.29289321881346098 ) ) ;
#4385 = CARTESIAN_POINT ( 'NONE',  ( 4.654308611524136552, 7.696141087872130804, -122.3238301514978588 ) ) ;
#4386 = CC_DESIGN_DATE_AND_TIME_ASSIGNMENT ( #3927, #6397, ( #4336 ) ) ;
#4387 = CARTESIAN_POINT ( 'NONE',  ( 17.00584971520448363, 16.19999999999999929, 115.1926645703810976 ) ) ;
#4388 = CARTESIAN_POINT ( 'NONE',  ( -21.63081551696934923, 6.903790001781014318, -109.4344413056744685 ) ) ;
#4389 = DIRECTION ( 'NONE',  ( 1.150268980431791831E-16, -1.000000000000000000, -4.226019675132849788E-32 ) ) ;
#4390 = ORIENTED_EDGE ( 'NONE', *, *, #5001, .T. ) ;
#4391 = CARTESIAN_POINT ( 'NONE',  ( -21.17646880143225374, 14.30385891212785943, -91.53990837010623238 ) ) ;
#4392 = AXIS2_PLACEMENT_3D ( 'NONE', #2985, #5621, #4087 ) ;
#4393 = CARTESIAN_POINT ( 'NONE',  ( -21.17646880143222177, 7.696141087872128139, 91.53990837010623238 ) ) ;
#4394 = ADVANCED_FACE ( 'NONE', ( #405 ), #2957, .F. ) ;
#4395 = CC_DESIGN_PERSON_AND_ORGANIZATION_ASSIGNMENT ( #176, #1805, ( #6077 ) ) ;
#4396 = CONICAL_SURFACE ( 'NONE', #4188, 22.49999999999999289, 0.7853981633974536081 ) ;
#4398 = ADVANCED_FACE ( 'NONE', ( #6582 ), #5038, .T. ) ;
#4397 = VECTOR ( 'NONE', #507, 1000.000000000000000 ) ;
#4399 = PLANE ( 'NONE',  #1601 ) ;
#4400 = DIRECTION ( 'NONE',  ( 0.000000000000000000, 0.000000000000000000, -1.000000000000000000 ) ) ;
#4401 = VERTEX_POINT ( 'NONE', #6730 ) ;
#4402 = PERSON_AND_ORGANIZATION ( #384, #3894 ) ;
#4403 = ORIENTED_EDGE ( 'NONE', *, *, #1119, .T. ) ;
#4404 = VERTEX_POINT ( 'NONE', #5009 ) ;
#4405 = VECTOR ( 'NONE', #3919, 1000.000000000000000 ) ;
#4406 = CARTESIAN_POINT ( 'NONE',  ( -21.09373947100846536, 7.855987779454802755, 108.2352721805952029 ) ) ;
#4407 = EDGE_CURVE ( 'NONE', #5173, #3035, #842, .T. ) ;
#4408 = AXIS2_PLACEMENT_3D ( 'NONE', #2614, #4693, #19 ) ;
#4409 = CARTESIAN_POINT ( 'NONE',  ( -10.78407417371068888, 14.30385891212784344, 120.0927779438318908 ) ) ;
#4410 = DIRECTION ( 'NONE',  ( -0.000000000000000000, -1.000000000000000000, -0.000000000000000000 ) ) ;
#4411 = ORIENTED_EDGE ( 'NONE', *, *, #4222, .F. ) ;
#4412 = DIRECTION ( 'NONE',  ( -0.000000000000000000, -1.000000000000000000, -0.000000000000000000 ) ) ;
#4413 = ORIENTED_EDGE ( 'NONE', *, *, #1991, .F. ) ;
#4414 = CARTESIAN_POINT ( 'NONE',  ( 21.66015832672815122, 16.19999999999999929, -92.86883441888342361 ) ) ;
#4415 = ORIENTED_EDGE ( 'NONE', *, *, #5924, .F. ) ;
#4416 = CARTESIAN_POINT ( 'NONE',  ( -3.261580130883609652, 16.19999999999999929, 122.5694057594358668 ) ) ;
#4417 = ADVANCED_FACE ( 'NONE', ( #1999 ), #4632, .F. ) ;
#4418 = AXIS2_PLACEMENT_3D ( 'NONE', #6336, #462, #2160 ) ;
#4419 = CARTESIAN_POINT ( 'NONE',  ( 12.00881904510274722, 14.30385891212785765, -119.3856711626451101 ) ) ;
#4420 = EDGE_LOOP ( 'NONE', ( #1227, #6319, #6279, #3605 ) ) ;
#4421 = DIRECTION ( 'NONE',  ( 0.9063077870366551547, -0.000000000000000000, 0.4226182617406884501 ) ) ;
#4422 = CARTESIAN_POINT ( 'NONE',  ( -11.01993817269515041, 7.966209573312170278, 80.34429164182199656 ) ) ;
#4423 = EDGE_CURVE ( 'NONE', #4613, #1709, #4531, .T. ) ;
#4424 = FACE_OUTER_BOUND ( 'NONE', #6567, .T. ) ;
#4425 = AXIS2_PLACEMENT_3D ( 'NONE', #6695, #1496, #2517 ) ;
#4426 = DIRECTION ( 'NONE',  ( 0.2588190451025276784, 0.000000000000000000, 0.9659258262890664248 ) ) ;
#4427 = LINE ( 'NONE', #3471, #3234 ) ;
#4428 = CARTESIAN_POINT ( 'NONE',  ( -3.261580130883650952, 16.19999999999999929, -122.5694057594358810 ) ) ;
#4429 = ORIENTED_EDGE ( 'NONE', *, *, #1513, .F. ) ;
#4430 = CARTESIAN_POINT ( 'NONE',  ( 3.908633650785674263, 8.003766575094729774, 122.1542384144489546 ) ) ;
#4431 = VECTOR ( 'NONE', #2962, 1000.000000000000000 ) ;
#4432 = CARTESIAN_POINT ( 'NONE',  ( -4.447727861301633112, 14.14431384650402279, 77.79646731237279766 ) ) ;
#4433 = EDGE_CURVE ( 'NONE', #3942, #2627, #4209, .T. ) ;
#4434 = AXIS2_PLACEMENT_3D ( 'NONE', #6297, #5812, #3704 ) ;
#4435 = CARTESIAN_POINT ( 'NONE',  ( -13.04726263917437024, 6.903790001752462935, -80.33607871493801156 ) ) ;
#4436 = CARTESIAN_POINT ( 'NONE',  ( 21.66015832672817965, 14.30385891212786476, 92.86883441888339519 ) ) ;
#4437 = PERSON_AND_ORGANIZATION_ROLE ( 'design_owner' ) ;
#4438 = VERTEX_POINT ( 'NONE', #3583 ) ;
#4439 = EDGE_LOOP ( 'NONE', ( #5119, #1146, #393, #5421 ) ) ;
#4440 = B_SPLINE_CURVE_WITH_KNOTS ( 'NONE', 3,
 ( #859, #1336, #6643, #238, #6057, #2320, #2941, #5023, #781, #386 ),
 .UNSPECIFIED., .F., .F.,
 ( 4, 2, 2, 2, 4 ),
 ( 2.701643650261056450E-07, 0.0004262205778521117503, 0.0008521709913391973309, 0.001278121404826282857, 0.001704071818313368600 ),
 .UNSPECIFIED. ) ;
#4441 = CARTESIAN_POINT ( 'NONE',  ( 0.000000000000000000, 5.400000000000000355, -100.0000000000000000 ) ) ;
#4442 = DIRECTION ( 'NONE',  ( -1.000000000000000000, -1.445602896647338917E-16, 5.782411586589355667E-16 ) ) ;
#4443 = DIRECTION ( 'NONE',  ( 1.150268980431791831E-16, -1.000000000000000000, -4.226019675132849788E-32 ) ) ;
#4444 = ORIENTED_EDGE ( 'NONE', *, *, #6222, .F. ) ;
#4445 = DIRECTION ( 'NONE',  ( 0.000000000000000000, 0.000000000000000000, -1.000000000000000000 ) ) ;
#4446 = B_SPLINE_CURVE_WITH_KNOTS ( 'NONE', 3,
 ( #316, #6026, #822, #782, #2499, #3458, #1309, #4956, #3014, #2973 ),
 .UNSPECIFIED., .F., .F.,
 ( 4, 2, 2, 2, 4 ),
 ( 2.701365643681931376E-07, 0.0004262205501935904979, 0.0008521709638228128691, 0.001278121377452035240, 0.001704071791081257503 ),
 .UNSPECIFIED. ) ;
#4447 = LINE ( 'NONE', #4479, #1371 ) ;
#4448 = ORIENTED_EDGE ( 'NONE', *, *, #1119, .F. ) ;
#4449 = PLANE ( 'NONE',  #6160 ) ;
#4450 = DIRECTION ( 'NONE',  ( 0.000000000000000000, 1.000000000000000000, 0.000000000000000000 ) ) ;
#4451 = ORIENTED_EDGE ( 'NONE', *, *, #1823, .T. ) ;
#4452 = ORIENTED_EDGE ( 'NONE', *, *, #199, .T. ) ;
#4453 = DIRECTION ( 'NONE',  ( -1.150268980431791831E-16, 1.000000000000000000, -0.000000000000000000 ) ) ;
#4454 = PLANE ( 'NONE',  #6710 ) ;
#4455 = EDGE_CURVE ( 'NONE', #90, #375, #54, .T. ) ;
#4456 = CARTESIAN_POINT ( 'NONE',  ( 5.096422646325732941, 7.302849822398328250, -122.6334017314142528 ) ) ;
#4457 = CARTESIAN_POINT ( 'NONE',  ( 17.05288819640723119, 14.69713885794929098, 115.7303168707709062 ) ) ;
#4458 = CARTESIAN_POINT ( 'NONE',  ( 3.696864730874382874E-14, 0.000000000000000000, 100.0000000000000000 ) ) ;
#4459 = FACE_OUTER_BOUND ( 'NONE', #6387, .T. ) ;
#4460 = EDGE_LOOP ( 'NONE', ( #6105, #1268, #1107, #1473 ) ) ;
#4461 = PLANE ( 'NONE',  #2996 ) ;
#4462 = ADVANCED_FACE ( 'NONE', ( #2993 ), #5075, .F. ) ;
#4463 = CARTESIAN_POINT ( 'NONE',  ( -3.261580130883619866, 7.696141087872144126, 122.5694057594358668 ) ) ;
#4464 = EDGE_CURVE ( 'NONE', #3074, #4070, #3028, .T. ) ;
#4465 = DIRECTION ( 'NONE',  ( -1.150268980431791831E-16, 1.000000000000000000, -0.000000000000000000 ) ) ;
#4466 = CARTESIAN_POINT ( 'NONE',  ( -22.14931219668984497, 7.302849822347132758, -106.9030693855374210 ) ) ;
#4467 = DIRECTION ( 'NONE',  ( -0.000000000000000000, -1.000000000000000000, -0.000000000000000000 ) ) ;
#4468 = ORIENTED_EDGE ( 'NONE', *, *, #2210, .F. ) ;
#4469 = ORIENTED_EDGE ( 'NONE', *, *, #2080, .T. ) ;
#4470 = ORIENTED_EDGE ( 'NONE', *, *, #2307, .F. ) ;
#4471 = CARTESIAN_POINT ( 'NONE',  ( 5.970562373124713496, 15.49999999999998401, 123.2454809575673949 ) ) ;
#4472 = B_SPLINE_CURVE_WITH_KNOTS ( 'NONE', 3,
 ( #3195, #5222, #4262, #2170, #5284, #4664 ),
 .UNSPECIFIED., .F., .F.,
 ( 4, 2, 4 ),
 ( 2.989209868232924228E-07, 0.0003391538968115482785, 0.0006780088726362732635 ),
 .UNSPECIFIED. ) ;
#4473 = EDGE_CURVE ( 'NONE', #6581, #1766, #1693, .T. ) ;
#4474 = CARTESIAN_POINT ( 'NONE',  ( -21.45268736144244670, 7.855686111890704204, -107.2499209526271642 ) ) ;
#4475 = PLANE ( 'NONE',  #5374 ) ;
#4476 = CARTESIAN_POINT ( 'NONE',  ( 11.31835284008166020, 8.003452959049843329, -80.55772232179279513 ) ) ;
#4477 = ORIENTED_EDGE ( 'NONE', *, *, #1870, .T. ) ;
#4478 = CARTESIAN_POINT ( 'NONE',  ( 3.673940397442059493E-14, 20.00000000000000000, 70.00000000000000000 ) ) ;
#4479 = CARTESIAN_POINT ( 'NONE',  ( 4.596099437200016295E-14, 5.400000000000000355, 125.1000000000000227 ) ) ;
#4480 = ORIENTED_EDGE ( 'NONE', *, *, #5462, .T. ) ;
#4481 = CARTESIAN_POINT ( 'NONE',  ( 13.56091613274857011, 15.49999999999998579, -119.8015543238544751 ) ) ;
#4482 = EDGE_CURVE ( 'NONE', #6550, #5515, #948, .T. ) ;
#4483 = CARTESIAN_POINT ( 'NONE',  ( 21.12739506564313174, 7.780755702348773006, 91.64514733612105601 ) ) ;
#4484 = EDGE_LOOP ( 'NONE', ( #4177, #2835 ) ) ;
#4485 = ORIENTED_EDGE ( 'NONE', *, *, #851, .T. ) ;
#4486 = CARTESIAN_POINT ( 'NONE',  ( -17.00495937615557196, 14.14431392350092054, -114.9536118408123997 ) ) ;
#4487 = CARTESIAN_POINT ( 'NONE',  ( 21.17646880143222177, 14.30385891212785410, 91.53990837010607606 ) ) ;
#4488 = CARTESIAN_POINT ( 'NONE',  ( -17.14497379312312830, 13.99979268842993285, 85.42910680385591604 ) ) ;
#4489 = ORIENTED_EDGE ( 'NONE', *, *, #528, .T. ) ;
#4490 = CARTESIAN_POINT ( 'NONE',  ( 23.11645821900312470, 15.49999999999998757, -106.4520817887781874 ) ) ;
#4491 = CYLINDRICAL_SURFACE ( 'NONE', #826, 24.00000000000000000 ) ;
#4492 = EDGE_CURVE ( 'NONE', #1698, #2732, #5823, .T. ) ;
#4493 = CARTESIAN_POINT ( 'NONE',  ( -4.080732175172949283, 7.984138133119860647, -77.85701780421314311 ) ) ;
#4494 = VERTEX_POINT ( 'NONE', #2409 ) ;
#4495 = DIRECTION ( 'NONE',  ( -0.2588190451025115246, 0.000000000000000000, -0.9659258262890707547 ) ) ;
#4496 = B_SPLINE_CURVE_WITH_KNOTS ( 'NONE', 3,
 ( #5586, #3437, #403, #5006 ),
 .UNSPECIFIED., .F., .F.,
 ( 4, 4 ),
 ( 0.001150320977456990813, 0.003153469944068592289 ),
 .UNSPECIFIED. ) ;
#4497 = CYLINDRICAL_SURFACE ( 'NONE', #2758, 24.00000000000000000 ) ;
#4498 = ADVANCED_FACE ( 'NONE', ( #3063 ), #5144, .F. ) ;
#4499 = FACE_OUTER_BOUND ( 'NONE', #1987, .T. ) ;
#4500 = CARTESIAN_POINT ( 'NONE',  ( 19.51562326895596300, 15.49999999999998579, 86.03073200113240659 ) ) ;
#4501 = EDGE_CURVE ( 'NONE', #4715, #613, #3291, .T. ) ;
#4502 = CARTESIAN_POINT ( 'NONE',  ( 12.00881904510277209, 14.30385891212783989, 119.3856711626450959 ) ) ;
#4503 = ORIENTED_EDGE ( 'NONE', *, *, #3674, .F. ) ;
#4504 = VERTEX_POINT ( 'NONE', #3995 ) ;
#4505 = DIRECTION ( 'NONE',  ( 0.2588190451025277339, 0.000000000000000000, -0.9659258262890664248 ) ) ;
#4506 = EDGE_CURVE ( 'NONE', #3939, #5350, #3004, .T. ) ;
#4507 = AXIS2_PLACEMENT_3D ( 'NONE', #6687, #3094, #4229 ) ;
#4508 = CARTESIAN_POINT ( 'NONE',  ( 2.292433343232368651E-16, 0.000000000000000000, -100.0000000000000000 ) ) ;
#4509 = CARTESIAN_POINT ( 'NONE',  ( 3.898899098674196022E-14, 6.500000000000008882, 100.0000000000000000 ) ) ;
#4510 = DIRECTION ( 'NONE',  ( -0.8191520442890002363, 0.000000000000000000, 0.5735764363510339470 ) ) ;
#4511 = EDGE_LOOP ( 'NONE', ( #427, #4489, #1798, #6354 ) ) ;
#4512 = CARTESIAN_POINT ( 'NONE',  ( -24.99999999999999645, 14.99999999999996625, -83.41687604822300273 ) ) ;
#4513 = CIRCLE ( 'NONE', #5381, 25.09999999999999787 ) ;
#4514 = CARTESIAN_POINT ( 'NONE',  ( -13.56091613274841556, 15.49999999999998224, -80.19844567614542541 ) ) ;
#4515 = ORIENTED_EDGE ( 'NONE', *, *, #2684, .T. ) ;
#4516 = CARTESIAN_POINT ( 'NONE',  ( -11.31835284008146836, 8.003452959049852211, 119.4422776782072901 ) ) ;
#4517 = VECTOR ( 'NONE', #5247, 1000.000000000000000 ) ;
#4518 = CARTESIAN_POINT ( 'NONE',  ( -17.09954750643174393, 15.09619911758237976, 83.73636477523569965 ) ) ;
#4519 = ORIENTED_EDGE ( 'NONE', *, *, #4755, .T. ) ;
#4520 = ORIENTED_EDGE ( 'NONE', *, *, #961, .F. ) ;
#4521 = VERTEX_POINT ( 'NONE', #2616 ) ;
#4522 = LINE ( 'NONE', #1445, #5847 ) ;
#4523 = CIRCLE ( 'NONE', #1584, 24.00000000000000355 ) ;
#4524 = CARTESIAN_POINT ( 'NONE',  ( 0.000000000000000000, 26.05705187735223660, -100.0000000000000000 ) ) ;
#4525 = CARTESIAN_POINT ( 'NONE',  ( -23.11645821900307851, 15.49999999999998046, -93.54791821122165629 ) ) ;
#4526 = AXIS2_PLACEMENT_3D ( 'NONE', #5894, #4421, #4291 ) ;
#4527 = DIRECTION ( 'NONE',  ( 0.000000000000000000, 0.000000000000000000, -1.000000000000000000 ) ) ;
#4528 = CARTESIAN_POINT ( 'NONE',  ( -23.55308668979005660, 6.903790002480922006, -98.53269974783685825 ) ) ;
#4529 = DIRECTION ( 'NONE',  ( -4.159166725385327559E-17, 0.000000000000000000, 1.000000000000000000 ) ) ;
#4530 = ORIENTED_EDGE ( 'NONE', *, *, #5669, .T. ) ;
#4531 = LINE ( 'NONE', #4029, #381 ) ;
#4532 = CARTESIAN_POINT ( 'NONE',  ( 10.84653422520080568, 14.17261813810717541, -80.08998008669095725 ) ) ;
#4533 = B_SPLINE_CURVE_WITH_KNOTS ( 'NONE', 3,
 ( #5242, #4757, #2639, #4226, #497, #6305, #1619, #3713, #3185, #5272 ),
 .UNSPECIFIED., .F., .F.,
 ( 4, 2, 2, 2, 4 ),
 ( 0.0006780088726362729383, 0.0009345319531210884026, 0.001191055033605903975, 0.001447578114090719223, 0.001704101194575533603 ),
 .UNSPECIFIED. ) ;
#4534 = CIRCLE ( 'NONE', #4425, 24.00000000000000355 ) ;
#4535 = CARTESIAN_POINT ( 'NONE',  ( 0.000000000000000000, 26.05705187735223660, -100.0000000000000000 ) ) ;
#4536 = CARTESIAN_POINT ( 'NONE',  ( -13.56091613274838714, 6.500000000000007105, 80.19844567614543962 ) ) ;
#4537 = DIRECTION ( 'NONE',  ( 0.7071067811865462405, 0.000000000000000000, 0.7071067811865489050 ) ) ;
#4538 = ORIENTED_EDGE ( 'NONE', *, *, #933, .T. ) ;
#4539 = VERTEX_POINT ( 'NONE', #3099 ) ;
#4540 = LINE ( 'NONE', #2560, #1565 ) ;
#4541 = DIRECTION ( 'NONE',  ( -0.000000000000000000, -1.000000000000000000, -0.000000000000000000 ) ) ;
#4542 = EDGE_CURVE ( 'NONE', #2948, #1738, #2777, .T. ) ;
#4543 = AXIS2_PLACEMENT_3D ( 'NONE', #2052, #3632, #3116 ) ;
#4544 = CARTESIAN_POINT ( 'NONE',  ( 13.04726263917425300, 6.903790001752470928, 80.33607871493794050 ) ) ;
#4545 = DIRECTION ( 'NONE',  ( -1.150268980431791831E-16, 1.000000000000000000, 4.226019675132850335E-32 ) ) ;
#4546 = CARTESIAN_POINT ( 'NONE',  ( 22.53231200683137914, 14.03379058580837224, -99.71569187128868350 ) ) ;
#4547 = EDGE_LOOP ( 'NONE', ( #5470, #6337, #898, #200 ) ) ;
#4548 = DIRECTION ( 'NONE',  ( -1.150268980431791831E-16, 1.000000000000000000, -0.000000000000000000 ) ) ;
#4549 = CARTESIAN_POINT ( 'NONE',  ( 22.79289321881345032, 7.696141087872137021, -99.29289321881346098 ) ) ;
#4550 = VERTEX_POINT ( 'NONE', #2069 ) ;
#4551 = CARTESIAN_POINT ( 'NONE',  ( 17.79934633805184774, 7.780657572282885681, 85.88057722620723666 ) ) ;
#4552 = ADVANCED_FACE ( 'NONE', ( #96 ), #1556, .F. ) ;
#4553 = EDGE_CURVE ( 'NONE', #4095, #2075, #5769, .T. ) ;
#4554 = DIRECTION ( 'NONE',  ( -1.150268980431791831E-16, 1.000000000000000000, 4.226019675132849788E-32 ) ) ;
#4555 = EDGE_LOOP ( 'NONE', ( #3303, #2154, #1734, #2900, #4572 ) ) ;
#4556 = ORIENTED_EDGE ( 'NONE', *, *, #3702, .T. ) ;
#4557 = CARTESIAN_POINT ( 'NONE',  ( 21.85555259377029813, 26.05705187735223660, 90.08360847783117720 ) ) ;
#4558 = CARTESIAN_POINT ( 'NONE',  ( 20.00000000000007816, 20.00000000000000000, -2.079583362692632780E-16 ) ) ;
#4559 = CYLINDRICAL_SURFACE ( 'NONE', #1013, 25.09999999999999787 ) ;
#4560 = EDGE_CURVE ( 'NONE', #980, #2724, #1627, .T. ) ;
#4561 = CARTESIAN_POINT ( 'NONE',  ( -5.534947508219915768, 15.09619911656851698, -77.05953985459498767 ) ) ;
#4562 = CARTESIAN_POINT ( 'NONE',  ( 3.673940397442059493E-14, 26.05705187735223660, 100.0000000000000000 ) ) ;
#4563 = LINE ( 'NONE', #2481, #3423 ) ;
#4564 = ORIENTED_EDGE ( 'NONE', *, *, #3835, .T. ) ;
#4565 = CARTESIAN_POINT ( 'NONE',  ( 10.78407417371116139, 16.19999999999999929, -120.0927779438316634 ) ) ;
#4566 = CARTESIAN_POINT ( 'NONE',  ( -21.66015832672805175, 7.696141087872128139, 107.1311655811167611 ) ) ;
#4567 = B_SPLINE_CURVE_WITH_KNOTS ( 'NONE', 3,
 ( #4812, #4310, #3147, #4780 ),
 .UNSPECIFIED., .F., .F.,
 ( 4, 4 ),
 ( 0.001150320975949253735, 0.003153469944067933961 ),
 .UNSPECIFIED. ) ;
#4568 = FACE_OUTER_BOUND ( 'NONE', #4739, .T. ) ;
#4569 = DIRECTION ( 'NONE',  ( -0.000000000000000000, -1.000000000000000000, -0.000000000000000000 ) ) ;
#4570 = LINE ( 'NONE', #986, #369 ) ;
#4571 = ORIENTED_EDGE ( 'NONE', *, *, #5002, .F. ) ;
#4572 = ORIENTED_EDGE ( 'NONE', *, *, #3346, .T. ) ;
#4573 = FACE_OUTER_BOUND ( 'NONE', #1998, .T. ) ;
#4574 = CARTESIAN_POINT ( 'NONE',  ( -3.261580130883956485, 14.30385891212786298, -77.43059424056417583 ) ) ;
#4575 = FACE_OUTER_BOUND ( 'NONE', #820, .T. ) ;
#4576 = CARTESIAN_POINT ( 'NONE',  ( 17.00495937615567499, 14.14431392350091876, -85.04638815918769978 ) ) ;
#4577 = CARTESIAN_POINT ( 'NONE',  ( 4.041334437186265569E-14, 0.000000000000000000, 130.0000000000000000 ) ) ;
#4578 = ORIENTED_EDGE ( 'NONE', *, *, #5969, .F. ) ;
#4579 = CARTESIAN_POINT ( 'NONE',  ( 3.673940397442059493E-14, 0.000000000000000000, 100.0000000000000000 ) ) ;
#4580 = EDGE_LOOP ( 'NONE', ( #5677, #2813, #3732, #2027 ) ) ;
#4581 = CARTESIAN_POINT ( 'NONE',  ( -11.64601317692046401, 7.914473032486301740, 119.3515969889334229 ) ) ;
#4582 = ADVANCED_FACE ( 'NONE', ( #3721 ), #1525, .F. ) ;
#4583 = CYLINDRICAL_SURFACE ( 'NONE', #4734, 24.00000000000000000 ) ;
#4584 = ORIENTED_EDGE ( 'NONE', *, *, #1038, .T. ) ;
#4585 = ORIENTED_EDGE ( 'NONE', *, *, #5445, .T. ) ;
#4586 = CARTESIAN_POINT ( 'NONE',  ( -17.32672204318874520, 13.99979268842172075, -114.3542940661684923 ) ) ;
#4587 = CARTESIAN_POINT ( 'NONE',  ( 0.000000000000000000, 5.400000000000000355, -125.1000000000000227 ) ) ;
#4588 = CARTESIAN_POINT ( 'NONE',  ( -17.79934633805186195, 14.21934242771709123, 85.88057722620737877 ) ) ;
#4589 = EDGE_CURVE ( 'NONE', #5736, #5587, #6151, .T. ) ;
#4590 = CARTESIAN_POINT ( 'NONE',  ( -4.493833797921917395, 14.17612955503704875, 122.2265656880828857 ) ) ;
#4591 = CARTESIAN_POINT ( 'NONE',  ( 11.84206303383898629, 14.18727772019780886, -80.64840301106572440 ) ) ;
#4592 = CARTESIAN_POINT ( 'NONE',  ( -3.908633650785478419, 8.003766575094717339, -77.84576158555101699 ) ) ;
#4593 = APPLICATION_CONTEXT ( 'configuration controlled 3d designs of mechanical parts and assemblies' ) ;
#4594 = ORIENTED_EDGE ( 'NONE', *, *, #60, .F. ) ;
#4595 = CARTESIAN_POINT ( 'NONE',  ( -13.04724879790223468, 15.09619911743537912, 119.6639175763045699 ) ) ;
#4596 = PLANE ( 'NONE',  #2209 ) ;
#4597 = CARTESIAN_POINT ( 'NONE',  ( -3.261580130883956485, 14.30385891212786298, -77.43059424056417583 ) ) ;
#4598 = LINE ( 'NONE', #3031, #4431 ) ;
#4599 = CYLINDRICAL_SURFACE ( 'NONE', #2216, 1.000000000000000888 ) ;
#4600 = ORIENTED_EDGE ( 'NONE', *, *, #3434, .F. ) ;
#4601 = ADVANCED_FACE ( 'NONE', ( #6280 ), #640, .T. ) ;
#4602 = ORIENTED_EDGE ( 'NONE', *, *, #5302, .F. ) ;
#4603 = CARTESIAN_POINT ( 'NONE',  ( 19.99999999999999645, 20.00000000000000000, -83.41687604822300273 ) ) ;
#4604 = CARTESIAN_POINT ( 'NONE',  ( 4.080732175172795628, 14.01586186688014912, -77.85701780421310048 ) ) ;
#4605 = EDGE_CURVE ( 'NONE', #2633, #5776, #5167, .T. ) ;
#4606 = ORIENTED_EDGE ( 'NONE', *, *, #2317, .F. ) ;
#4607 = VECTOR ( 'NONE', #1527, 1000.000000000000000 ) ;
#4608 = CARTESIAN_POINT ( 'NONE',  ( 18.98585932493136852, 15.09619911758237976, -85.98438366168551283 ) ) ;
#4609 = DIRECTION ( 'NONE',  ( 1.150268980431791831E-16, -1.000000000000000000, 0.000000000000000000 ) ) ;
#4610 = LINE ( 'NONE', #6707, #834 ) ;
#4611 = ORIENTED_EDGE ( 'NONE', *, *, #3965, .T. ) ;
#4612 = CARTESIAN_POINT ( 'NONE',  ( -21.85555259377033721, 26.05705187735223660, -90.08360847783133352 ) ) ;
#4613 = VERTEX_POINT ( 'NONE', #5250 ) ;
#4614 = AXIS2_PLACEMENT_3D ( 'NONE', #4509, #856, #2051 ) ;
#4615 = CARTESIAN_POINT ( 'NONE',  ( -19.99999999999998579, 20.00000000000001066, 0.000000000000000000 ) ) ;
#4616 = AXIS2_PLACEMENT_3D ( 'NONE', #5481, #3271, #4870 ) ;
#4617 = AXIS2_PLACEMENT_3D ( 'NONE', #6523, #6454, #6488 ) ;
#4618 = CARTESIAN_POINT ( 'NONE',  ( 17.14589584587863413, 26.05705187735223660, 83.20660083121100570 ) ) ;
#4619 = ORIENTED_EDGE ( 'NONE', *, *, #535, .F. ) ;
#4620 = ORIENTED_EDGE ( 'NONE', *, *, #6598, .T. ) ;
#4621 = PLANE ( 'NONE',  #815 ) ;
#4622 = CARTESIAN_POINT ( 'NONE',  ( 11.75000000000029310, 14.13949659383202828, 119.3515969889341477 ) ) ;
#4623 = AXIS2_PLACEMENT_3D ( 'NONE', #3392, #4962, #3912 ) ;
#4624 = EDGE_CURVE ( 'NONE', #1429, #5802, #3372, .T. ) ;
#4625 = VECTOR ( 'NONE', #1592, 1000.000000000000000 ) ;
#4626 = DIRECTION ( 'NONE',  ( -1.150268980431791831E-16, 1.000000000000000000, -0.000000000000000000 ) ) ;
#4627 = CARTESIAN_POINT ( 'NONE',  ( 3.673940397442059493E-14, 26.05705187735223660, 100.0000000000000000 ) ) ;
#4628 = CIRCLE ( 'NONE', #6277, 24.00000000000000000 ) ;
#4629 = DIRECTION ( 'NONE',  ( -1.150268980431791831E-16, 1.000000000000000000, -0.000000000000000000 ) ) ;
#4630 = EDGE_CURVE ( 'NONE', #20, #3629, #3134, .T. ) ;
#4631 = ORIENTED_EDGE ( 'NONE', *, *, #6413, .F. ) ;
#4632 = PLANE ( 'NONE',  #2449 ) ;
#4633 = DIRECTION ( 'NONE',  ( -3.673940397442059375E-16, 0.000000000000000000, -1.000000000000000000 ) ) ;
#4634 = AXIS2_PLACEMENT_3D ( 'NONE', #4729, #6763, #6343 ) ;
#4635 = CARTESIAN_POINT ( 'NONE',  ( -11.89678749066271379, 14.21934249014430662, 80.64434760189378437 ) ) ;
#4636 = CARTESIAN_POINT ( 'NONE',  ( -17.32672204318889442, 8.000207311578268587, 85.64570593383173502 ) ) ;
#4637 = CARTESIAN_POINT ( 'NONE',  ( 10.50582776005201424, 15.09619911743537912, 121.1312076966316198 ) ) ;
#4638 = EDGE_CURVE ( 'NONE', #4681, #1429, #1368, .T. ) ;
#4639 = ORIENTED_EDGE ( 'NONE', *, *, #6326, .T. ) ;
#4640 = EDGE_LOOP ( 'NONE', ( #1301, #2700, #1806, #1821 ) ) ;
#4641 = LINE ( 'NONE', #2457, #2108 ) ;
#4642 = CARTESIAN_POINT ( 'NONE',  ( 4.654308611523842565, 14.30385891212785765, -77.67616984850208439 ) ) ;
#4643 = VECTOR ( 'NONE', #201, 1000.000000000000000 ) ;
#4644 = CARTESIAN_POINT ( 'NONE',  ( 17.67882416770128273, 7.855988045001583764, -114.1500783306332494 ) ) ;
#4645 = CARTESIAN_POINT ( 'NONE',  ( 10.36819101250148201, 26.05705187735223660, -78.35512496852237518 ) ) ;
#4646 = CARTESIAN_POINT ( 'NONE',  ( -21.55491936037445910, 14.21924429737896745, 107.1802393170637657 ) ) ;
#4647 = EDGE_CURVE ( 'NONE', #3816, #428, #6728, .T. ) ;
#4648 = VERTEX_POINT ( 'NONE', #1189 ) ;
#4649 = CARTESIAN_POINT ( 'NONE',  ( -10.78407417371074573, 14.30385891212783989, -120.0927779438318765 ) ) ;
#4650 = ORIENTED_EDGE ( 'NONE', *, *, #6613, .F. ) ;
#4651 = AXIS2_PLACEMENT_3D ( 'NONE', #5480, #6136, #5552 ) ;
#4652 = DIRECTION ( 'NONE',  ( -1.000000000000000000, -1.445602896647338917E-16, 5.782411586589355667E-16 ) ) ;
#4653 = DIRECTION ( 'NONE',  ( 1.150268980431791831E-16, -1.000000000000000000, -4.226019675132849788E-32 ) ) ;
#4654 = ORIENTED_EDGE ( 'NONE', *, *, #923, .F. ) ;
#4655 = CARTESIAN_POINT ( 'NONE',  ( -17.44263937314184076, 14.03345944591004546, -114.2662324948263688 ) ) ;
#4656 = CARTESIAN_POINT ( 'NONE',  ( 22.14929811726825903, 14.69713885746530480, -93.09692404912060226 ) ) ;
#4657 = CARTESIAN_POINT ( 'NONE',  ( -4.080732175172601117, 14.01586186688013491, 122.1429821957869279 ) ) ;
#4658 = CYLINDRICAL_SURFACE ( 'NONE', #2358, 1.000000000000000888 ) ;
#4659 = UNCERTAINTY_MEASURE_WITH_UNIT (LENGTH_MEASURE( 1.000000000000000082E-05 ), #1838, 'distance_accuracy_value', 'NONE');
#4660 = CARTESIAN_POINT ( 'NONE',  ( 4.654308611524179184, 7.696141087872157449, 122.3238301514978303 ) ) ;
#4661 = ADVANCED_FACE ( 'NONE', ( #5475 ), #3877, .F. ) ;
#4662 = ORIENTED_EDGE ( 'NONE', *, *, #870, .T. ) ;
#4663 = CARTESIAN_POINT ( 'NONE',  ( -22.71088115686359288, 7.780656759682254453, -99.37490528076331486 ) ) ;
#4664 = CARTESIAN_POINT ( 'NONE',  ( 4.080732175173523046, 7.984138133120594283, -77.85701780421395313 ) ) ;
#4665 = DIRECTION ( 'NONE',  ( -0.000000000000000000, 1.000000000000000000, -0.000000000000000000 ) ) ;
#4666 = CARTESIAN_POINT ( 'NONE',  ( -5.534947508219588030, 15.09619911656852764, -122.9404601454051260 ) ) ;
#4667 = DIRECTION ( 'NONE',  ( -1.150268980431791831E-16, 1.000000000000000000, 4.226019675132850335E-32 ) ) ;
#4668 = EDGE_CURVE ( 'NONE', #4702, #5099, #2265, .T. ) ;
#4669 = ORIENTED_EDGE ( 'NONE', *, *, #4092, .T. ) ;
#4670 = VERTEX_POINT ( 'NONE', #697 ) ;
#4671 = CARTESIAN_POINT ( 'NONE',  ( -12.53015005739107046, 7.302849822317450723, -119.5253613863774120 ) ) ;
#4672 = EDGE_LOOP ( 'NONE', ( #4194, #1731, #2530, #2840 ) ) ;
#4673 = CARTESIAN_POINT ( 'NONE',  ( 3.673940397442059493E-14, 26.05705187735223660, 100.0000000000000000 ) ) ;
#4674 = CARTESIAN_POINT ( 'NONE',  ( -22.63855090686937643, 7.855686222213440928, 99.47544626193449346 ) ) ;
#4675 = EDGE_CURVE ( 'NONE', #3323, #354, #5486, .T. ) ;
#4676 = ORIENTED_EDGE ( 'NONE', *, *, #5969, .T. ) ;
#4677 = DIRECTION ( 'NONE',  ( 0.000000000000000000, 1.000000000000000000, 0.000000000000000000 ) ) ;
#4678 = B_SPLINE_CURVE_WITH_KNOTS ( 'NONE', 3,
 ( #5254, #2172, #3198, #6736, #4266, #4735, #62, #2141, #6316, #1630 ),
 .UNSPECIFIED., .F., .F.,
 ( 4, 2, 2, 2, 4 ),
 ( 0.0006780088726362732635, 0.0009345319531210943657, 0.001191055033605914384, 0.001447578114090733968, 0.001704101194575555287 ),
 .UNSPECIFIED. ) ;
#4679 = CARTESIAN_POINT ( 'NONE',  ( 4.049098133293516533, 14.00020928450333635, -122.1333369889479599 ) ) ;
#4680 = CARTESIAN_POINT ( 'NONE',  ( -3.261580130883650064, 7.696141087872137909, -122.5694057594358810 ) ) ;
#4681 = VERTEX_POINT ( 'NONE', #4925 ) ;
#4682 = LINE ( 'NONE', #968, #5077 ) ;
#4683 = VERTEX_POINT ( 'NONE', #2881 ) ;
#4684 = CARTESIAN_POINT ( 'NONE',  ( -22.79289321881345032, 7.696141087872137909, -100.7071067811865532 ) ) ;
#4685 = LINE ( 'NONE', #11, #5612 ) ;
#4686 = EDGE_CURVE ( 'NONE', #237, #5241, #390, .T. ) ;
#4687 = ORIENTED_EDGE ( 'NONE', *, *, #4255, .T. ) ;
#4688 = DIRECTION ( 'NONE',  ( -1.150268980431791831E-16, 1.000000000000000000, 4.226019675132849788E-32 ) ) ;
#4689 = CARTESIAN_POINT ( 'NONE',  ( 21.27005855638125098, 7.966540479252269158, -107.4401391315199845 ) ) ;
#4690 = B_SPLINE_CURVE_WITH_KNOTS ( 'NONE', 3,
 ( #2555, #476, #1091, #2650 ),
 .UNSPECIFIED., .F., .F.,
 ( 4, 4 ),
 ( 2.534827000496380012E-07, 0.0003086876369879779699 ),
 .UNSPECIFIED. ) ;
#4691 = LINE ( 'NONE', #1623, #3308 ) ;
#4692 = CARTESIAN_POINT ( 'NONE',  ( 3.696864730874382874E-14, 16.59999999999999432, 125.1000000000000227 ) ) ;
#4693 = DIRECTION ( 'NONE',  ( 1.150268980431791831E-16, -1.000000000000000000, -4.226019675132849788E-32 ) ) ;
#4694 = ORIENTED_EDGE ( 'NONE', *, *, #4200, .T. ) ;
#4695 = CARTESIAN_POINT ( 'NONE',  ( -22.53231200683138624, 7.966209414191613547, -99.71569187128865508 ) ) ;
#4696 = DIRECTION ( 'NONE',  ( -0.5735764363510527097, 0.000000000000000000, -0.8191520442889871356 ) ) ;
#4697 = ADVANCED_FACE ( 'NONE', ( #1247 ), #2744, .F. ) ;
#4698 = CARTESIAN_POINT ( 'NONE',  ( -24.99999999999999645, 14.99999999999996625, -83.41687604822300273 ) ) ;
#4699 = CARTESIAN_POINT ( 'NONE',  ( -4.654308611523994443, 14.30385891212785232, -77.67616984850212702 ) ) ;
#4700 = CARTESIAN_POINT ( 'NONE',  ( -10.84653422520093713, 7.827381861892808601, -80.08998008669098567 ) ) ;
#4701 = VERTEX_POINT ( 'NONE', #4965 ) ;
#4702 = VERTEX_POINT ( 'NONE', #5867 ) ;
#4703 = DIRECTION ( 'NONE',  ( -1.150268980431791831E-16, 1.000000000000000000, -0.000000000000000000 ) ) ;
#4704 = CARTESIAN_POINT ( 'NONE',  ( 17.67931308332426710, 14.14431392349078465, 114.1499483875997640 ) ) ;
#4705 = CARTESIAN_POINT ( 'NONE',  ( 4.654308611523842565, 14.30385891212785765, -77.67616984850208439 ) ) ;
#4706 = EDGE_CURVE ( 'NONE', #1710, #3771, #2805, .T. ) ;
#4707 = ADVANCED_FACE ( 'NONE', ( #2331 ), #791, .T. ) ;
#4708 = ORIENTED_EDGE ( 'NONE', *, *, #4793, .T. ) ;
#4709 = CARTESIAN_POINT ( 'NONE',  ( 17.91488867054854950, 14.30385891212786120, 114.1093141295417013 ) ) ;
#4710 = DIRECTION ( 'NONE',  ( -0.000000000000000000, -1.000000000000000000, -0.000000000000000000 ) ) ;
#4711 = CARTESIAN_POINT ( 'NONE',  ( -23.11645821900307141, 6.500000000000006217, -93.54791821122165629 ) ) ;
#4712 = ORIENTED_EDGE ( 'NONE', *, *, #5631, .T. ) ;
#4713 = ORIENTED_EDGE ( 'NONE', *, *, #664, .T. ) ;
#4714 = EDGE_CURVE ( 'NONE', #2246, #240, #3296, .T. ) ;
#4715 = VERTEX_POINT ( 'NONE', #2814 ) ;
#4716 = FACE_OUTER_BOUND ( 'NONE', #488, .T. ) ;
#4717 = CARTESIAN_POINT ( 'NONE',  ( -17.00495937615577802, 7.855686076499089232, -85.04638815918785610 ) ) ;
#4718 = AXIS2_PLACEMENT_3D ( 'NONE', #6020, #4505, #5535 ) ;
#4719 = ORIENTED_EDGE ( 'NONE', *, *, #267, .F. ) ;
#4720 = CARTESIAN_POINT ( 'NONE',  ( 5.970562373124339572, 15.49999999999998401, -76.75451904243253409 ) ) ;
#4721 = CARTESIAN_POINT ( 'NONE',  ( 21.09387130279875322, 7.855686111825521678, -108.2357599716724366 ) ) ;
#4722 = VECTOR ( 'NONE', #4545, 1000.000000000000000 ) ;
#4723 = AXIS2_PLACEMENT_3D ( 'NONE', #2382, #4842, #4874 ) ;
#4724 = CARTESIAN_POINT ( 'NONE',  ( -17.09954875531778384, 6.903790001739279703, 116.2636494995998078 ) ) ;
#4725 = CARTESIAN_POINT ( 'NONE',  ( 4.080732175173143794, 16.19999999999999929, 123.1429821957868285 ) ) ;
#4726 = CARTESIAN_POINT ( 'NONE',  ( -23.92910714524987270, 15.49999999999998046, -98.15667929237703504 ) ) ;
#4727 = ORIENTED_EDGE ( 'NONE', *, *, #2307, .T. ) ;
#4728 = EDGE_LOOP ( 'NONE', ( #2504, #2264, #445, #3107 ) ) ;
#4729 = CARTESIAN_POINT ( 'NONE',  ( 2.249587012321360557E-15, 6.500000000000008882, -100.0000000000000000 ) ) ;
#4730 = CIRCLE ( 'NONE', #1784, 24.00000000000000355 ) ;
#4732 = DIRECTION ( 'NONE',  ( 1.150268980431791831E-16, -1.000000000000000000, -4.226019675132849788E-32 ) ) ;
#4731 = AXIS2_PLACEMENT_3D ( 'NONE', #4524, #3987, #6067 ) ;
#4733 = B_SPLINE_CURVE_WITH_KNOTS ( 'NONE', 3,
 ( #6080, #3068, #4637, #5668 ),
 .UNSPECIFIED., .F., .F.,
 ( 4, 4 ),
 ( 2.561654051583302089E-07, 0.002003405131142472952 ),
 .UNSPECIFIED. ) ;
#4734 = AXIS2_PLACEMENT_3D ( 'NONE', #5575, #2366, #2878 ) ;
#4735 = CARTESIAN_POINT ( 'NONE',  ( 3.522794651013438916, 7.914601290632882424, -77.69089807684946436 ) ) ;
#4736 = DIRECTION ( 'NONE',  ( 0.000000000000000000, 0.000000000000000000, 1.000000000000000000 ) ) ;
#4737 = CARTESIAN_POINT ( 'NONE',  ( -11.64557499583533762, 7.914700450428708400, -80.64840301106580966 ) ) ;
#4738 = B_SPLINE_CURVE_WITH_KNOTS ( 'NONE', 3,
 ( #2991, #6659, #1964, #5073, #4058, #4094, #6104, #1393, #6689, #3580 ),
 .UNSPECIFIED., .F., .F.,
 ( 4, 2, 2, 2, 4 ),
 ( 2.457757373978663197E-07, 0.0004261960578666462588, 0.0008521463399958946342, 0.001278096622125142901, 0.001704046904254391277 ),
 .UNSPECIFIED. ) ;
#4739 = EDGE_LOOP ( 'NONE', ( #3494, #6612, #2890, #524 ) ) ;
#4740 = VERTEX_POINT ( 'NONE', #4863 ) ;
#4741 = CARTESIAN_POINT ( 'NONE',  ( 17.09954750643191090, 15.09619911758238686, -116.2636352247642009 ) ) ;
#4742 = CARTESIAN_POINT ( 'NONE',  ( -21.66015832672815478, 16.19999999999999929, 92.86883441888357993 ) ) ;
#4743 = CIRCLE ( 'NONE', #5949, 24.00000000000000355 ) ;
#4744 = CARTESIAN_POINT ( 'NONE',  ( -13.56091613274816510, 15.49999999999998224, -119.8015543238547593 ) ) ;
#4745 = CIRCLE ( 'NONE', #2674, 24.00000000000000000 ) ;
#4746 = CARTESIAN_POINT ( 'NONE',  ( 4.447727861301802754, 14.14431384650402101, -122.2035326876272308 ) ) ;
#4747 = DIRECTION ( 'NONE',  ( 3.673940397442057896E-16, 0.000000000000000000, 1.000000000000000000 ) ) ;
#4748 = ORIENTED_EDGE ( 'NONE', *, *, #2690, .F. ) ;
#4749 = VERTEX_POINT ( 'NONE', #190 ) ;
#4750 = EDGE_CURVE ( 'NONE', #3428, #878, #5951, .T. ) ;
#4751 = EDGE_CURVE ( 'NONE', #6236, #5383, #2297, .T. ) ;
#4752 = ORIENTED_EDGE ( 'NONE', *, *, #1256, .T. ) ;
#4753 = CARTESIAN_POINT ( 'NONE',  ( 3.795374890435334674E-14, 15.49999999999998401, 100.0000000000000000 ) ) ;
#4754 = CARTESIAN_POINT ( 'NONE',  ( -23.92910714524986560, 6.500000000000006217, -101.8433207076229792 ) ) ;
#4755 = EDGE_CURVE ( 'NONE', #2099, #2291, #3880, .T. ) ;
#4756 = ORIENTED_EDGE ( 'NONE', *, *, #2414, .T. ) ;
#4757 = CARTESIAN_POINT ( 'NONE',  ( -3.996295226569172687, 7.999441325819211634, 122.1429821957868427 ) ) ;
#4758 = ORIENTED_EDGE ( 'NONE', *, *, #5692, .F. ) ;
#4759 = CARTESIAN_POINT ( 'NONE',  ( 12.00881904510246656, 16.19999999999999929, -80.61432883735473354 ) ) ;
#4760 = B_SPLINE_CURVE_WITH_KNOTS ( 'NONE', 3,
 ( #6448, #6478, #2847, #1793 ),
 .UNSPECIFIED., .F., .F.,
 ( 4, 4 ),
 ( 3.020500691608404595E-07, 0.002003413125760267980 ),
 .UNSPECIFIED. ) ;
#4761 = ORIENTED_EDGE ( 'NONE', *, *, #6224, .T. ) ;
#4762 = AXIS2_PLACEMENT_3D ( 'NONE', #468, #4192, #5107 ) ;
#4763 = EDGE_CURVE ( 'NONE', #3074, #5047, #4833, .T. ) ;
#4764 = CARTESIAN_POINT ( 'NONE',  ( -23.92910714524983362, 6.500000000000006217, 98.15667929237706346 ) ) ;
#4765 = CARTESIAN_POINT ( 'NONE',  ( -23.92910714524983007, 6.500000000000006217, 101.8433207076229934 ) ) ;
#4766 = CARTESIAN_POINT ( 'NONE',  ( -17.05288955031207720, 7.302849822303722149, 84.26966765402340798 ) ) ;
#4767 = ORIENTED_EDGE ( 'NONE', *, *, #4961, .T. ) ;
#4768 = DIRECTION ( 'NONE',  ( 0.000000000000000000, 0.000000000000000000, 1.000000000000000000 ) ) ;
#4769 = DIRECTION ( 'NONE',  ( -0.8191520442889871356, 0.000000000000000000, 0.5735764363510527097 ) ) ;
#4770 = ADVANCED_FACE ( 'NONE', ( #3363 ), #3021, .T. ) ;
#4771 = CARTESIAN_POINT ( 'NONE',  ( 4.447271043987322869, 14.14401253370037814, 77.79668161684953986 ) ) ;
#4772 = CARTESIAN_POINT ( 'NONE',  ( -21.19125078562199249, 13.99979271795851510, -107.5625357174545940 ) ) ;
#4773 = CARTESIAN_POINT ( 'NONE',  ( -4.447271043987142569, 14.14401253370037281, -122.2033183831505028 ) ) ;
#4774 = ORIENTED_EDGE ( 'NONE', *, *, #6623, .T. ) ;
#4775 = ORIENTED_EDGE ( 'NONE', *, *, #2317, .T. ) ;
#4776 = CARTESIAN_POINT ( 'NONE',  ( -21.85555259377015602, 15.49999999999998224, 109.9163915221690075 ) ) ;
#4777 = CARTESIAN_POINT ( 'NONE',  ( -17.44350177171649818, 7.966209586518212760, -114.2656985017623157 ) ) ;
#4778 = ORIENTED_EDGE ( 'NONE', *, *, #5445, .F. ) ;
#4779 = DIRECTION ( 'NONE',  ( -0.000000000000000000, -1.000000000000000000, -0.000000000000000000 ) ) ;
#4780 = CARTESIAN_POINT ( 'NONE',  ( 4.654308611524132999, 14.30385891212786476, -122.3238301514978588 ) ) ;
#4781 = CARTESIAN_POINT ( 'NONE',  ( -4.192683576609762319, 7.966209495135215590, -122.1406259239281269 ) ) ;
#4782 = ORIENTED_EDGE ( 'NONE', *, *, #6413, .T. ) ;
#4783 = VERTEX_POINT ( 'NONE', #5517 ) ;
#4784 = ORIENTED_EDGE ( 'NONE', *, *, #1984, .T. ) ;
#4785 = DIRECTION ( 'NONE',  ( -0.000000000000000000, 1.000000000000000000, -0.000000000000000000 ) ) ;
#4786 = ORIENTED_EDGE ( 'NONE', *, *, #3889, .F. ) ;
#4787 = EDGE_CURVE ( 'NONE', #2055, #1517, #5548, .T. ) ;
#4788 = DIRECTION ( 'NONE',  ( -4.159166725385326943E-17, 0.000000000000000000, 1.000000000000000000 ) ) ;
#4789 = ORIENTED_EDGE ( 'NONE', *, *, #6534, .F. ) ;
#4790 = FACE_OUTER_BOUND ( 'NONE', #928, .T. ) ;
#4791 = ORIENTED_EDGE ( 'NONE', *, *, #4630, .T. ) ;
#4792 = CARTESIAN_POINT ( 'NONE',  ( 10.78407417371091093, 16.19999999999999929, 79.90722205616818030 ) ) ;
#4793 = EDGE_CURVE ( 'NONE', #3287, #5755, #5655, .T. ) ;
#4794 = ADVANCED_FACE ( 'NONE', ( #5578 ), #974, .F. ) ;
#4795 = EDGE_CURVE ( 'NONE', #6268, #134, #3207, .T. ) ;
#4796 = CARTESIAN_POINT ( 'NONE',  ( -23.55308668979001752, 6.903790002480917565, 101.4673002521631702 ) ) ;
#4797 = B_SPLINE_CURVE_WITH_KNOTS ( 'NONE', 3,
 ( #5048, #6323, #3762, #4777, #5353, #4304, #1063, #3275, #618, #5842 ),
 .UNSPECIFIED., .F., .F.,
 ( 4, 2, 2, 2, 4 ),
 ( 2.457714201960378603E-07, 0.0004261960535715249255, 0.0008521463357228538371, 0.001278096617874182857, 0.001704046900025511660 ),
 .UNSPECIFIED. ) ;
#4798 = CARTESIAN_POINT ( 'NONE',  ( -3.301695925077244187, 14.25289431302557475, 122.5121144679193463 ) ) ;
#4799 = EDGE_LOOP ( 'NONE', ( #233, #1314, #1267, #5082 ) ) ;
#4800 = CARTESIAN_POINT ( 'NONE',  ( 17.14589584587860571, 6.500000000000010658, -83.20660083121100570 ) ) ;
#4801 = DIRECTION ( 'NONE',  ( -0.2588190451025111916, 0.000000000000000000, 0.9659258262890708657 ) ) ;
#4802 = ADVANCED_FACE ( 'NONE', ( #3465 ), #1958, .T. ) ;
#4803 = CARTESIAN_POINT ( 'NONE',  ( 10.78407417371091093, 16.19999999999999929, 79.90722205616818030 ) ) ;
#4804 = CARTESIAN_POINT ( 'NONE',  ( 21.85555259377040116, 26.05705187735223660, -109.9163915221685528 ) ) ;
#4805 = DIRECTION ( 'NONE',  ( -1.000000000000000000, -1.445602896647339163E-16, 5.782411586589356653E-16 ) ) ;
#4806 = ORIENTED_EDGE ( 'NONE', *, *, #4301, .F. ) ;
#4807 = VERTEX_POINT ( 'NONE', #396 ) ;
#4808 = CARTESIAN_POINT ( 'NONE',  ( 17.91488867054851042, 7.696141087872128139, -114.1093141295417155 ) ) ;
#4809 = CARTESIAN_POINT ( 'NONE',  ( 17.79934633805205380, 14.21934242771709123, 114.1194227737924649 ) ) ;
#4810 = VERTEX_POINT ( 'NONE', #4085 ) ;
#4811 = DIRECTION ( 'NONE',  ( 1.150268980431791831E-16, -1.000000000000000000, -4.226019675132850335E-32 ) ) ;
#4812 = CARTESIAN_POINT ( 'NONE',  ( 5.970562373124640665, 15.49999999999998401, -123.2454809575674091 ) ) ;
#4813 = CARTESIAN_POINT ( 'NONE',  ( -4.049098133293075108, 7.999790715496660098, -122.1333369889480451 ) ) ;
#4814 = VERTEX_POINT ( 'NONE', #6573 ) ;
#4815 = ORIENTED_EDGE ( 'NONE', *, *, #153, .T. ) ;
#4816 = CARTESIAN_POINT ( 'NONE',  ( -21.66015832672815478, 16.19999999999999929, 92.86883441888357993 ) ) ;
#4817 = CARTESIAN_POINT ( 'NONE',  ( -12.00881904510228715, 16.19999999999999929, 119.3856711626453517 ) ) ;
#4818 = B_SPLINE_CURVE_WITH_KNOTS ( 'NONE', 3,
 ( #954, #5595, #3033, #5117 ),
 .UNSPECIFIED., .F., .F.,
 ( 4, 4 ),
 ( 2.561531857486750449E-07, 0.002003367228548942180 ),
 .UNSPECIFIED. ) ;
#4819 = ORIENTED_EDGE ( 'NONE', *, *, #2262, .T. ) ;
#4820 = CARTESIAN_POINT ( 'NONE',  ( -10.78407417371103705, 14.30385891212787897, -79.90722205616825136 ) ) ;
#4821 = VERTEX_POINT ( 'NONE', #429 ) ;
#4822 = CARTESIAN_POINT ( 'NONE',  ( 2.644950136976987221, 15.09619911656852054, 123.4500446561317233 ) ) ;
#4823 = CIRCLE ( 'NONE', #3746, 24.00000000000000355 ) ;
#4824 = CARTESIAN_POINT ( 'NONE',  ( -3.996263466696888589, 14.00055291808171987, 122.1429821957869564 ) ) ;
#4825 = ORIENTED_EDGE ( 'NONE', *, *, #4150, .F. ) ;
#4826 = CARTESIAN_POINT ( 'NONE',  ( 12.00881904510274367, 7.696141087872137021, -119.3856711626451101 ) ) ;
#4827 = EDGE_CURVE ( 'NONE', #1075, #5363, #440, .T. ) ;
#4828 = CARTESIAN_POINT ( 'NONE',  ( -11.37233529607454585, 8.000207302223003580, 80.58528791692707216 ) ) ;
#4829 = DIRECTION ( 'NONE',  ( 0.9063077870366494926, 0.000000000000000000, 0.4226182617407002740 ) ) ;
#4830 = VECTOR ( 'NONE', #5537, 1000.000000000000000 ) ;
#4831 = AXIS2_PLACEMENT_3D ( 'NONE', #5629, #4132, #951 ) ;
#4832 = B_SPLINE_CURVE_WITH_KNOTS ( 'NONE', 3,
 ( #2063, #2675, #88, #15 ),
 .UNSPECIFIED., .F., .F.,
 ( 4, 4 ),
 ( 2.534827000472610150E-07, 0.0003086876369879737957 ),
 .UNSPECIFIED. ) ;
#4833 = B_SPLINE_CURVE_WITH_KNOTS ( 'NONE', 3,
 ( #3914, #6001, #1316, #3395 ),
 .UNSPECIFIED., .F., .F.,
 ( 4, 4 ),
 ( 0.001801188917324938457, 0.003804299992632473315 ),
 .UNSPECIFIED. ) ;
#4834 = LINE ( 'NONE', #223, #253 ) ;
#4835 = CARTESIAN_POINT ( 'NONE',  ( -21.45227282621721088, 14.14401222038173778, -107.2502098825775931 ) ) ;
#4836 = CIRCLE ( 'NONE', #2440, 24.00000000000000000 ) ;
#4837 = CARTESIAN_POINT ( 'NONE',  ( 22.53199474478143927, 7.966540245393859188, 99.71665444469564932 ) ) ;
#4838 = VECTOR ( 'NONE', #3910, 1000.000000000000000 ) ;
#4839 = ORIENTED_EDGE ( 'NONE', *, *, #6613, .T. ) ;
#4840 = ORIENTED_EDGE ( 'NONE', *, *, #2459, .F. ) ;
#4841 = DIRECTION ( 'NONE',  ( -0.4226182617407090447, 0.000000000000000000, 0.9063077870366454958 ) ) ;
#4842 = DIRECTION ( 'NONE',  ( 0.9659258262890646485, 0.000000000000000000, -0.2588190451025343952 ) ) ;
#4843 = CIRCLE ( 'NONE', #3763, 25.10000000000000142 ) ;
#4844 = ORIENTED_EDGE ( 'NONE', *, *, #1765, .F. ) ;
#4845 = EDGE_CURVE ( 'NONE', #6268, #4251, #4745, .T. ) ;
#4846 = CARTESIAN_POINT ( 'NONE',  ( -13.56091613274842089, 6.500000000000007105, -80.19844567614543962 ) ) ;
#4847 = CARTESIAN_POINT ( 'NONE',  ( -5.970562373124148614, 15.49999999999998401, 123.2454809575675228 ) ) ;
#4848 = PERSON_AND_ORGANIZATION ( #384, #3894 ) ;
#4849 = ORIENTED_EDGE ( 'NONE', *, *, #1643, .T. ) ;
#4850 = VECTOR ( 'NONE', #5057, 1000.000000000000000 ) ;
#4851 = CARTESIAN_POINT ( 'NONE',  ( -21.55504165465594468, 7.780657375130058284, 107.1801822903037618 ) ) ;
#4852 = ADVANCED_FACE ( 'NONE', ( #4998 ), #4052, .F. ) ;
#4853 = CARTESIAN_POINT ( 'NONE',  ( 12.00881904510246478, 7.696141087872140574, -80.61432883735473354 ) ) ;
#4854 = B_SPLINE_CURVE_WITH_KNOTS ( 'NONE', 3,
 ( #3968, #4544, #3451, #380 ),
 .UNSPECIFIED., .F., .F.,
 ( 4, 4 ),
 ( 0.001801196906089766719, 0.003804307981452929605 ),
 .UNSPECIFIED. ) ;
#4855 = ORIENTED_EDGE ( 'NONE', *, *, #3251, .T. ) ;
#4856 = CARTESIAN_POINT ( 'NONE',  ( 21.66015832672815122, 14.30385891212786476, -92.86883441888342361 ) ) ;
#4857 = ORIENTED_EDGE ( 'NONE', *, *, #3149, .F. ) ;
#4858 = CIRCLE ( 'NONE', #1911, 30.00000000000000000 ) ;
#4859 = LINE ( 'NONE', #6410, #2553 ) ;
#4860 = VECTOR ( 'NONE', #5491, 1000.000000000000000 ) ;
#4861 = CARTESIAN_POINT ( 'NONE',  ( -4.080732175172601117, 14.01586186688013491, 122.1429821957869279 ) ) ;
#4862 = EDGE_LOOP ( 'NONE', ( #754, #2347 ) ) ;
#4863 = CARTESIAN_POINT ( 'NONE',  ( -23.11645821900304654, 15.49999999999998046, 93.54791821122168471 ) ) ;
#4864 = CARTESIAN_POINT ( 'NONE',  ( -11.12524596023420109, 7.999790659353706701, 80.44217019684390380 ) ) ;
#4866 = FACE_OUTER_BOUND ( 'NONE', #5749, .T. ) ;
#4865 = AXIS2_PLACEMENT_3D ( 'NONE', #6563, #4443, #1846 ) ;
#4867 = CARTESIAN_POINT ( 'NONE',  ( -5.096422646600675677, 7.302849822153318904, 122.6334017316072078 ) ) ;
#4868 = DIRECTION ( 'NONE',  ( -0.000000000000000000, -1.000000000000000000, -0.000000000000000000 ) ) ;
#4869 = ADVANCED_FACE ( 'NONE', ( #1483 ), #2918, .T. ) ;
#4870 = DIRECTION ( 'NONE',  ( -1.000000000000000000, -1.084202172485504434E-16, 0.000000000000000000 ) ) ;
#4871 = ORIENTED_EDGE ( 'NONE', *, *, #6274, .F. ) ;
#4872 = VERTEX_POINT ( 'NONE', #1348 ) ;
#4873 = CARTESIAN_POINT ( 'NONE',  ( 3.795374890435334674E-14, 15.49999999999998401, 100.0000000000000000 ) ) ;
#4874 = DIRECTION ( 'NONE',  ( -0.2588190451025343952, 0.000000000000000000, -0.9659258262890646485 ) ) ;
#4875 = VERTEX_POINT ( 'NONE', #4022 ) ;
#4876 = EDGE_CURVE ( 'NONE', #3787, #1738, #4522, .T. ) ;
#4877 = DIRECTION ( 'NONE',  ( 0.2588190451025048633, 0.000000000000000000, -0.9659258262890726421 ) ) ;
#4878 = CARTESIAN_POINT ( 'NONE',  ( -12.00881904510261577, 7.696141087872118369, -80.61432883735480459 ) ) ;
#4879 = EDGE_LOOP ( 'NONE', ( #4503, #4530, #203, #1907 ) ) ;
#4880 = B_SPLINE_CURVE_WITH_KNOTS ( 'NONE', 3,
 ( #105, #133, #2206, #2755 ),
 .UNSPECIFIED., .F., .F.,
 ( 4, 4 ),
 ( 0.001150320978735611902, 0.003153469944069064567 ),
 .UNSPECIFIED. ) ;
#4881 = ORIENTED_EDGE ( 'NONE', *, *, #5557, .T. ) ;
#4882 = EDGE_LOOP ( 'NONE', ( #3052, #6681, #6415, #5947 ) ) ;
#4883 = CARTESIAN_POINT ( 'NONE',  ( -21.45268736144239696, 7.855686111890710421, 107.2499209526271784 ) ) ;
#4884 = ADVANCED_FACE ( 'NONE', ( #6169 ), #5618, .F. ) ;
#4885 = LINE ( 'NONE', #2355, #1885 ) ;
#4886 = VERTEX_POINT ( 'NONE', #1415 ) ;
#4887 = CARTESIAN_POINT ( 'NONE',  ( 13.56091613274828589, 6.500000000000010658, -80.19844567614534014 ) ) ;
#4888 = EDGE_LOOP ( 'NONE', ( #3843, #4752, #2395, #110 ) ) ;
#4889 = CARTESIAN_POINT ( 'NONE',  ( 17.91488867054834344, 7.696141087872125475, 85.89068587045802872 ) ) ;
#4890 = EDGE_LOOP ( 'NONE', ( #47, #5029, #2828, #2161 ) ) ;
#4891 = EDGE_CURVE ( 'NONE', #1633, #3069, #1979, .T. ) ;
#4892 = CARTESIAN_POINT ( 'NONE',  ( -13.04724879790251357, 15.09619911743538623, 80.33608242369562902 ) ) ;
#4893 = EDGE_CURVE ( 'NONE', #5293, #1698, #6545, .T. ) ;
#4894 = PLANE ( 'NONE',  #2444 ) ;
#4895 = VERTEX_POINT ( 'NONE', #1003 ) ;
#4896 = CARTESIAN_POINT ( 'NONE',  ( 11.01993817269529075, 7.966209573312193370, -119.6557083581778897 ) ) ;
#4897 = CYLINDRICAL_SURFACE ( 'NONE', #2221, 1.000000000000000888 ) ;
#4898 = PLANE ( 'NONE',  #6256 ) ;
#4899 = CARTESIAN_POINT ( 'NONE',  ( 21.85555259377030168, 15.49999999999998579, 90.08360847783116299 ) ) ;
#4900 = CARTESIAN_POINT ( 'NONE',  ( 21.12739506564325254, 14.21924429765122078, 108.3548526638786598 ) ) ;
#4901 = DIRECTION ( 'NONE',  ( -1.150268980431791831E-16, 1.000000000000000000, -0.000000000000000000 ) ) ;
#4902 = ORIENTED_EDGE ( 'NONE', *, *, #6225, .F. ) ;
#4903 = CARTESIAN_POINT ( 'NONE',  ( 3.458823552662985801, 7.877788770429628329, 122.3563154788523946 ) ) ;
#4904 = CARTESIAN_POINT ( 'NONE',  ( -11.74999999999977796, 7.860503406167967277, 119.3515969889344177 ) ) ;
#4905 = EDGE_CURVE ( 'NONE', #2680, #3088, #3678, .T. ) ;
#4906 = CARTESIAN_POINT ( 'NONE',  ( -21.66015832672805175, 16.19999999999999929, 107.1311655811167611 ) ) ;
#4907 = CARTESIAN_POINT ( 'NONE',  ( 2.644941917294639122, 6.903790001830210521, -76.54994360494578132 ) ) ;
#4908 = MECHANICAL_CONTEXT ( 'NONE', #4593, 'mechanical' ) ;
#4909 = VERTEX_POINT ( 'NONE', #1041 ) ;
#4910 = ORIENTED_EDGE ( 'NONE', *, *, #2832, .F. ) ;
#4911 = CARTESIAN_POINT ( 'NONE',  ( 1.214344929932751015E-15, 15.49999999999998401, -100.0000000000000000 ) ) ;
#4912 = ADVANCED_FACE ( 'NONE', ( #5134 ), #2579, .T. ) ;
#4913 = CARTESIAN_POINT ( 'NONE',  ( -17.14589584587848492, 6.500000000000007105, -116.7933991687891080 ) ) ;
#4914 = CARTESIAN_POINT ( 'NONE',  ( 18.45254097093834744, 14.69713885794929631, 114.0622756483389395 ) ) ;
#4915 = ADVANCED_FACE ( 'NONE', ( #2128 ), #4621, .T. ) ;
#4916 = ORIENTED_EDGE ( 'NONE', *, *, #2378, .F. ) ;
#4917 = DIRECTION ( 'NONE',  ( 0.000000000000000000, 0.000000000000000000, -1.000000000000000000 ) ) ;
#4918 = ORIENTED_EDGE ( 'NONE', *, *, #6417, .T. ) ;
#4919 = CARTESIAN_POINT ( 'NONE',  ( -21.40456499701140203, 7.302849822347132758, 108.9492454998558628 ) ) ;
#4920 = VERTEX_POINT ( 'NONE', #5211 ) ;
#4921 = CARTESIAN_POINT ( 'NONE',  ( -13.56091613274838359, 26.05705187735223305, 80.19844567614543962 ) ) ;
#4922 = EDGE_CURVE ( 'NONE', #3982, #5425, #5690, .T. ) ;
#4923 = DIRECTION ( 'NONE',  ( 0.2588190451025179084, 0.000000000000000000, -0.9659258262890690894 ) ) ;
#4924 = ORIENTED_EDGE ( 'NONE', *, *, #6489, .T. ) ;
#4925 = CARTESIAN_POINT ( 'NONE',  ( 10.36819101250182129, 15.49999999999998579, 121.6448750314774827 ) ) ;
#4926 = CYLINDRICAL_SURFACE ( 'NONE', #3202, 1.000000000000000888 ) ;
#4927 = CARTESIAN_POINT ( 'NONE',  ( -4.654308611523689798, 7.696141087872126363, -122.3238301514979582 ) ) ;
#4928 = B_SPLINE_CURVE_WITH_KNOTS ( 'NONE', 3,
 ( #4887, #3810, #1207, #4853 ),
 .UNSPECIFIED., .F., .F.,
 ( 4, 4 ),
 ( 0.001801196906089746986, 0.003804307981452923967 ),
 .UNSPECIFIED. ) ;
#4929 = AXIS2_PLACEMENT_3D ( 'NONE', #5853, #3775, #5361 ) ;
#4930 = PLANE ( 'NONE',  #6366 ) ;
#4931 = DIRECTION ( 'NONE',  ( -1.000000000000000000, -1.084202172485504434E-16, 5.782411586589356653E-16 ) ) ;
#4932 = CARTESIAN_POINT ( 'NONE',  ( 3.795374890435334674E-14, 15.49999999999998401, 100.0000000000000000 ) ) ;
#4933 = ORIENTED_EDGE ( 'NONE', *, *, #3548, .T. ) ;
#4934 = CARTESIAN_POINT ( 'NONE',  ( 5.096422646600892392, 7.302849822153308246, 77.36659826839283483 ) ) ;
#4935 = AXIS2_PLACEMENT_3D ( 'NONE', #3631, #926, #5643 ) ;
#4936 = CARTESIAN_POINT ( 'NONE',  ( 13.04726263917451234, 6.903790001752470040, -119.6639212850619032 ) ) ;
#4937 = B_SPLINE_CURVE_WITH_KNOTS ( 'NONE', 3,
 ( #1659, #1291, #5416, #2819, #2200, #3237, #5935, #645, #4900, #224 ),
 .UNSPECIFIED., .F., .F.,
 ( 4, 2, 2, 2, 4 ),
 ( 2.701365643681931376E-07, 0.0004262205501935946721, 0.0008521709638228212175, 0.001278121377452047817, 0.001704071791081274200 ),
 .UNSPECIFIED. ) ;
#4938 = VECTOR ( 'NONE', #1373, 1000.000000000000000 ) ;
#4939 = CIRCLE ( 'NONE', #2876, 25.09999999999999787 ) ;
#4940 = CARTESIAN_POINT ( 'NONE',  ( 17.00584971520425981, 14.30385891212787541, 84.80733542961863236 ) ) ;
#4941 = CARTESIAN_POINT ( 'NONE',  ( 4.080732175173871212, 14.01586186687937285, 122.1429821957859616 ) ) ;
#4942 = ORIENTED_EDGE ( 'NONE', *, *, #4375, .T. ) ;
#4943 = APPROVAL_STATUS ( 'not_yet_approved' ) ;
#4944 = ORIENTED_EDGE ( 'NONE', *, *, #6012, .T. ) ;
#4945 = VERTEX_POINT ( 'NONE', #531 ) ;
#4946 = VECTOR ( 'NONE', #1837, 1000.000000000000000 ) ;
#4947 = DIRECTION ( 'NONE',  ( 0.000000000000000000, 0.000000000000000000, 1.000000000000000000 ) ) ;
#4948 = AXIS2_PLACEMENT_3D ( 'NONE', #351, #5543, #5026 ) ;
#4949 = B_SPLINE_CURVE_WITH_KNOTS ( 'NONE', 3,
 ( #2939, #1472, #2569, #6749, #890, #5091, #5020, #3562, #4646, #4009 ),
 .UNSPECIFIED., .F., .F.,
 ( 4, 2, 2, 2, 4 ),
 ( 2.701643650261056450E-07, 0.0004262205778521093650, 0.0008521709913391925604, 0.001278121404826275918, 0.001704071818313359059 ),
 .UNSPECIFIED. ) ;
#4950 = CIRCLE ( 'NONE', #3979, 24.00000000000000000 ) ;
#4951 = LINE ( 'NONE', #5433, #4830 ) ;
#4952 = CARTESIAN_POINT ( 'NONE',  ( 21.66015832672815122, 7.696141087872129027, -92.86883441888342361 ) ) ;
#4953 = EDGE_CURVE ( 'NONE', #5672, #6521, #3743, .T. ) ;
#4954 = ORIENTED_EDGE ( 'NONE', *, *, #961, .T. ) ;
#4955 = CARTESIAN_POINT ( 'NONE',  ( 4.080732175172795628, 14.01586186688014912, -77.85701780421310048 ) ) ;
#4956 = CARTESIAN_POINT ( 'NONE',  ( -21.09373947100859326, 14.14401222054519813, 91.76472781940515233 ) ) ;
#4957 = VERTEX_POINT ( 'NONE', #1076 ) ;
#4958 = CARTESIAN_POINT ( 'NONE',  ( -23.92910714524983362, 6.500000000000006217, 98.15667929237706346 ) ) ;
#4959 = VECTOR ( 'NONE', #3355, 1000.000000000000000 ) ;
#4960 = ORIENTED_EDGE ( 'NONE', *, *, #1297, .F. ) ;
#4961 = EDGE_CURVE ( 'NONE', #6312, #2227, #5295, .T. ) ;
#4962 = DIRECTION ( 'NONE',  ( 0.000000000000000000, 1.000000000000000000, 0.000000000000000000 ) ) ;
#4963 = ORIENTED_EDGE ( 'NONE', *, *, #6623, .F. ) ;
#4964 = VERTEX_POINT ( 'NONE', #4124 ) ;
#4965 = CARTESIAN_POINT ( 'NONE',  ( -10.36819101250133279, 15.49999999999998224, -121.6448750314777101 ) ) ;
#4966 = DIRECTION ( 'NONE',  ( -0.000000000000000000, -1.000000000000000000, -0.000000000000000000 ) ) ;
#4967 = LINE ( 'NONE', #762, #2427 ) ;
#4968 = EDGE_CURVE ( 'NONE', #1664, #6521, #5676, .T. ) ;
#4969 = CIRCLE ( 'NONE', #3997, 24.00000000000000355 ) ;
#4970 = ORIENTED_EDGE ( 'NONE', *, *, #5591, .F. ) ;
#4971 = CARTESIAN_POINT ( 'NONE',  ( 3.696864730874382874E-14, 22.00000000000000000, 125.1000000000000227 ) ) ;
#4972 = CARTESIAN_POINT ( 'NONE',  ( 17.00584971520421718, 16.19999999999999929, -84.80733542961864657 ) ) ;
#4973 = CARTESIAN_POINT ( 'NONE',  ( -21.66015832672805175, 14.30385891212786476, 107.1311655811167611 ) ) ;
#4974 = ORIENTED_EDGE ( 'NONE', *, *, #5375, .F. ) ;
#4975 = CARTESIAN_POINT ( 'NONE',  ( -4.654308611523689798, 7.696141087872126363, -122.3238301514979582 ) ) ;
#4976 = AXIS2_PLACEMENT_3D ( 'NONE', #679, #2250, #3858 ) ;
#4977 = CARTESIAN_POINT ( 'NONE',  ( -19.51562326895584576, 15.49999999999998224, -113.9692679988677071 ) ) ;
#4978 = ADVANCED_FACE ( 'NONE', ( #2610 ), #1548, .F. ) ;
#4979 = DIRECTION ( 'NONE',  ( 0.5735764363510443831, 0.000000000000000000, -0.8191520442889929088 ) ) ;
#4980 = CARTESIAN_POINT ( 'NONE',  ( -23.11645821900298259, 6.500000000000006217, -106.4520817887786706 ) ) ;
#4981 = CARTESIAN_POINT ( 'NONE',  ( -11.75000000000009415, 16.19999999999999929, -80.64840301106573861 ) ) ;
#4982 = VERTEX_POINT ( 'NONE', #5820 ) ;
#4983 = VERTEX_POINT ( 'NONE', #5174 ) ;
#4984 = LINE ( 'NONE', #3515, #2104 ) ;
#4985 = CARTESIAN_POINT ( 'NONE',  ( 19.51562326895594524, 15.49999999999998579, -86.03073200113243502 ) ) ;
#4986 = CARTESIAN_POINT ( 'NONE',  ( 3.795374890435334674E-14, 15.49999999999998401, 100.0000000000000000 ) ) ;
#4987 = CARTESIAN_POINT ( 'NONE',  ( 21.07623940999781809, 7.966540479121810847, -92.02734713996794369 ) ) ;
#4988 = ORIENTED_EDGE ( 'NONE', *, *, #5589, .T. ) ;
#4989 = FACE_OUTER_BOUND ( 'NONE', #3145, .T. ) ;
#4990 = CARTESIAN_POINT ( 'NONE',  ( 11.92779343480741616, 7.757266676153395046, 119.3639604158002214 ) ) ;
#4991 = ORIENTED_EDGE ( 'NONE', *, *, #3798, .F. ) ;
#4992 = CARTESIAN_POINT ( 'NONE',  ( 17.14497379312310699, 8.000207311570044055, 85.42910680385577393 ) ) ;
#4993 = EDGE_CURVE ( 'NONE', #3939, #744, #6333, .T. ) ;
#4994 = DIRECTION ( 'NONE',  ( -1.150268980431791831E-16, 1.000000000000000000, -0.000000000000000000 ) ) ;
#4995 = ORIENTED_EDGE ( 'NONE', *, *, #1455, .T. ) ;
#4996 = ORIENTED_EDGE ( 'NONE', *, *, #4560, .T. ) ;
#4997 = ORIENTED_EDGE ( 'NONE', *, *, #4062, .F. ) ;
#4998 = FACE_OUTER_BOUND ( 'NONE', #3273, .T. ) ;
#4999 = CARTESIAN_POINT ( 'NONE',  ( 4.004251077460369106E-14, 0.000000000000000000, 74.89999999999999147 ) ) ;
#5000 = CARTESIAN_POINT ( 'NONE',  ( 21.27005855638115506, 14.03345952074772640, -92.55986086847977390 ) ) ;
#5001 = EDGE_CURVE ( 'NONE', #3193, #5459, #4533, .T. ) ;
#5002 = EDGE_CURVE ( 'NONE', #6756, #591, #546, .T. ) ;
#5003 = EDGE_LOOP ( 'NONE', ( #4602, #3240, #2455, #5859 ) ) ;
#5004 = CARTESIAN_POINT ( 'NONE',  ( -24.99999999999996803, 20.00000000000000000, 83.41687604822301694 ) ) ;
#5005 = DIRECTION ( 'NONE',  ( 1.150268980431791831E-16, -1.000000000000000000, -4.226019675132849788E-32 ) ) ;
#5006 = CARTESIAN_POINT ( 'NONE',  ( -21.17646880143212584, 14.30385891212785054, -108.4600916298940803 ) ) ;
#5007 = ADVANCED_FACE ( 'NONE', ( #753 ), #5920, .F. ) ;
#5008 = ORIENTED_EDGE ( 'NONE', *, *, #5591, .T. ) ;
#5009 = CARTESIAN_POINT ( 'NONE',  ( 17.14589584587860571, 15.49999999999998579, -83.20660083121100570 ) ) ;
#5010 = CARTESIAN_POINT ( 'NONE',  ( 19.51562326895613353, 15.49999999999998579, -113.9692679988673092 ) ) ;
#5011 = DIRECTION ( 'NONE',  ( -1.150268980431791831E-16, 1.000000000000000000, -0.000000000000000000 ) ) ;
#5012 = LINE ( 'NONE', #3957, #2030 ) ;
#5013 = B_SPLINE_CURVE_WITH_KNOTS ( 'NONE', 3,
 ( #6091, #5469, #4990, #2872 ),
 .UNSPECIFIED., .F., .F.,
 ( 4, 4 ),
 ( 0.001396348828085972136, 0.001704054763430420862 ),
 .UNSPECIFIED. ) ;
#5014 = CARTESIAN_POINT ( 'NONE',  ( 5.096409920277560346, 14.69713885689459687, 77.36660717946037380 ) ) ;
#5015 = ORIENTED_EDGE ( 'NONE', *, *, #1663, .T. ) ;
#5016 = ORIENTED_EDGE ( 'NONE', *, *, #3149, .T. ) ;
#5017 = FACE_OUTER_BOUND ( 'NONE', #3133, .T. ) ;
#5018 = CARTESIAN_POINT ( 'NONE',  ( -22.63449501518989493, 15.09619911711712881, -106.6768249216656272 ) ) ;
#5019 = LINE ( 'NONE', #622, #1670 ) ;
#5020 = CARTESIAN_POINT ( 'NONE',  ( -21.27005855638106269, 14.03345952074773528, 107.4401391315204108 ) ) ;
#5021 = B_SPLINE_CURVE_WITH_KNOTS ( 'NONE', 3,
 ( #1007, #5140, #1521, #5694 ),
 .UNSPECIFIED., .F., .F.,
 ( 4, 4 ),
 ( 2.730162618578579570E-07, 0.002003421982873438909 ),
 .UNSPECIFIED. ) ;
#5022 = ORIENTED_EDGE ( 'NONE', *, *, #4100, .F. ) ;
#5023 = CARTESIAN_POINT ( 'NONE',  ( 21.45227282621738496, 7.855987779618295086, 107.2502098825770958 ) ) ;
#5024 = CARTESIAN_POINT ( 'NONE',  ( -4.299654729396941377, 7.925048962917907502, -77.83811162315328147 ) ) ;
#5025 = ORIENTED_EDGE ( 'NONE', *, *, #5223, .T. ) ;
#5026 = DIRECTION ( 'NONE',  ( 0.000000000000000000, 0.000000000000000000, -1.000000000000000000 ) ) ;
#5027 = LINE ( 'NONE', #320, #3316 ) ;
#5028 = ORIENTED_EDGE ( 'NONE', *, *, #1062, .T. ) ;
#5029 = ORIENTED_EDGE ( 'NONE', *, *, #1251, .T. ) ;
#5030 = CARTESIAN_POINT ( 'NONE',  ( 3.261580130884150996, 7.696141087872150344, 122.5694057594357957 ) ) ;
#5031 = CARTESIAN_POINT ( 'NONE',  ( -10.36819101250133279, 15.49999999999998224, -121.6448750314777101 ) ) ;
#5032 = CARTESIAN_POINT ( 'NONE',  ( 10.64438394997909931, 7.302849822317440065, -120.6141089561204041 ) ) ;
#5033 = CARTESIAN_POINT ( 'NONE',  ( 10.64438797060569186, 14.69713885779637152, -79.38590604906326575 ) ) ;
#5034 = FACE_OUTER_BOUND ( 'NONE', #1359, .T. ) ;
#5035 = DIRECTION ( 'NONE',  ( 1.150268980431791831E-16, -1.000000000000000000, -4.226019675132850335E-32 ) ) ;
#5036 = EDGE_CURVE ( 'NONE', #249, #2940, #1270, .T. ) ;
#5037 = ORIENTED_EDGE ( 'NONE', *, *, #3083, .F. ) ;
#5038 = CYLINDRICAL_SURFACE ( 'NONE', #3547, 1.000000000000000888 ) ;
#5039 = DIRECTION ( 'NONE',  ( -1.000000000000000000, -1.445602896647339163E-16, 0.000000000000000000 ) ) ;
#5040 = B_SPLINE_CURVE_WITH_KNOTS ( 'NONE', 3,
 ( #157, #792, #2815, #4422, #4864, #4828, #2233, #3915, #5868, #5929 ),
 .UNSPECIFIED., .F., .F.,
 ( 4, 2, 2, 2, 4 ),
 ( 2.534686360494924870E-07, 0.0004262037923346385449, 0.0008521541160332276633, 0.001278104439731816673, 0.001704054763430405683 ),
 .UNSPECIFIED. ) ;
#5041 = DIRECTION ( 'NONE',  ( 0.8191520442889930198, -0.000000000000000000, 0.5735764363510444941 ) ) ;
#5042 = CARTESIAN_POINT ( 'NONE',  ( 11.75000000000029310, 14.13949659383202828, 119.3515969889341477 ) ) ;
#5043 = VECTOR ( 'NONE', #4327, 1000.000000000000000 ) ;
#5044 = PLANE ( 'NONE',  #4297 ) ;
#5045 = CALENDAR_DATE ( 2026, 26, 2 ) ;
#5046 = ORIENTED_EDGE ( 'NONE', *, *, #6101, .F. ) ;
#5047 = VERTEX_POINT ( 'NONE', #4889 ) ;
#5048 = CARTESIAN_POINT ( 'NONE',  ( -17.91488867054821910, 7.696141087872125475, -114.1093141295420850 ) ) ;
#5049 = DIRECTION ( 'NONE',  ( -0.000000000000000000, -1.000000000000000000, -0.000000000000000000 ) ) ;
#5050 = CIRCLE ( 'NONE', #6264, 24.00000000000000355 ) ;
#5051 = VECTOR ( 'NONE', #6042, 1000.000000000000000 ) ;
#5052 = ADVANCED_FACE ( 'NONE', ( #6468 ), #214, .T. ) ;
#5053 = CYLINDRICAL_SURFACE ( 'NONE', #6395, 25.09999999999999787 ) ;
#5054 = DIRECTION ( 'NONE',  ( 1.150268980431791831E-16, -1.000000000000000000, -4.226019675132850335E-32 ) ) ;
#5055 = CARTESIAN_POINT ( 'NONE',  ( 3.673940397442059493E-14, 14.00000000000002309, 100.0000000000000000 ) ) ;
#5056 = ORIENTED_EDGE ( 'NONE', *, *, #3167, .T. ) ;
#5057 = DIRECTION ( 'NONE',  ( -1.150268980431791831E-16, 1.000000000000000000, 4.226019675132850335E-32 ) ) ;
#5058 = DIRECTION ( 'NONE',  ( 0.000000000000000000, 1.000000000000000000, 0.000000000000000000 ) ) ;
#5059 = ORIENTED_EDGE ( 'NONE', *, *, #2060, .T. ) ;
#5060 = CARTESIAN_POINT ( 'NONE',  ( -23.17453400663464436, 7.302849823075326263, 98.91125243099224917 ) ) ;
#5061 = ADVANCED_FACE ( 'NONE', ( #2839 ), #3839, .T. ) ;
#5062 = CIRCLE ( 'NONE', #4408, 24.00000000000000000 ) ;
#5063 = FACE_BOUND ( 'NONE', #4862, .T. ) ;
#5064 = EDGE_LOOP ( 'NONE', ( #2185, #2663, #6130, #5288 ) ) ;
#5065 = ORIENTED_EDGE ( 'NONE', *, *, #6700, .T. ) ;
#5066 = CARTESIAN_POINT ( 'NONE',  ( 11.74999999999995559, 16.19999999999999929, -79.64840301106566756 ) ) ;
#5067 = AXIS2_PLACEMENT_3D ( 'NONE', #658, #211, #4317 ) ;
#5068 = CARTESIAN_POINT ( 'NONE',  ( 11.75000000000027356, 16.19999999999999929, 119.3515969889341619 ) ) ;
#5069 = PLANE ( 'NONE',  #3522 ) ;
#5070 = VERTEX_POINT ( 'NONE', #2737 ) ;
#5071 = FACE_OUTER_BOUND ( 'NONE', #1547, .T. ) ;
#5072 = DIRECTION ( 'NONE',  ( -1.150268980431791831E-16, 1.000000000000000000, -0.000000000000000000 ) ) ;
#5073 = CARTESIAN_POINT ( 'NONE',  ( -17.07800278143190198, 14.03379041350812173, 114.7012832365627588 ) ) ;
#5074 = EDGE_LOOP ( 'NONE', ( #5576, #1997, #3062, #3951 ) ) ;
#5075 = PLANE ( 'NONE',  #3876 ) ;
#5076 = CARTESIAN_POINT ( 'NONE',  ( 12.53013505220740775, 14.69713885779636975, -80.47464263424954822 ) ) ;
#5077 = VECTOR ( 'NONE', #5716, 1000.000000000000000 ) ;
#5078 = DIRECTION ( 'NONE',  ( -0.000000000000000000, -1.000000000000000000, -0.000000000000000000 ) ) ;
#5079 = DIRECTION ( 'NONE',  ( 1.150268980431791831E-16, -1.000000000000000000, -4.226019675132849788E-32 ) ) ;
#5080 = VECTOR ( 'NONE', #3849, 1000.000000000000000 ) ;
#5081 = DIRECTION ( 'NONE',  ( -1.150268980431791831E-16, 1.000000000000000000, -0.000000000000000000 ) ) ;
#5082 = ORIENTED_EDGE ( 'NONE', *, *, #3167, .F. ) ;
#5083 = ORIENTED_EDGE ( 'NONE', *, *, #573, .F. ) ;
#5084 = VERTEX_POINT ( 'NONE', #4856 ) ;
#5085 = FACE_OUTER_BOUND ( 'NONE', #6770, .T. ) ;
#5086 = ADVANCED_FACE ( 'NONE', ( #4790 ), #2190, .F. ) ;
#5087 = CARTESIAN_POINT ( 'NONE',  ( 21.09454416409253952, 13.99979271801134040, -107.8282349765664065 ) ) ;
#5088 = EDGE_CURVE ( 'NONE', #1020, #4945, #1817, .T. ) ;
#5089 = CARTESIAN_POINT ( 'NONE',  ( -21.66015832672809438, 14.30385891212785943, -107.1311655811167327 ) ) ;
#5090 = CARTESIAN_POINT ( 'NONE',  ( 17.32672204318888731, 13.99979268842173852, 85.64570593383159292 ) ) ;
#5091 = CARTESIAN_POINT ( 'NONE',  ( -21.19125078562194986, 13.99979271795850977, 107.5625357174546508 ) ) ;
#5092 = EDGE_LOOP ( 'NONE', ( #448, #232, #1540, #12 ) ) ;
#5093 = LOCAL_TIME ( 21, 24, 22.00000000000000000, #809 ) ;
#5094 = EDGE_CURVE ( 'NONE', #5173, #6699, #6004, .T. ) ;
#5095 = CARTESIAN_POINT ( 'NONE',  ( 17.44350177171659766, 7.966209586518212760, -85.73430149823779800 ) ) ;
#5096 = ORIENTED_EDGE ( 'NONE', *, *, #6085, .F. ) ;
#5097 = CARTESIAN_POINT ( 'NONE',  ( 16.99572930846293062, 7.780755916266915762, 84.92301220799727446 ) ) ;
#5098 = CARTESIAN_POINT ( 'NONE',  ( 3.673940397442059493E-14, 26.05705187735223660, 100.0000000000000000 ) ) ;
#5099 = VERTEX_POINT ( 'NONE', #691 ) ;
#5100 = VERTEX_POINT ( 'NONE', #6503 ) ;
#5101 = CARTESIAN_POINT ( 'NONE',  ( 0.000000000000000000, 26.05705187735223660, -100.0000000000000000 ) ) ;
#5102 = CARTESIAN_POINT ( 'NONE',  ( -19.51562326895603761, 6.500000000000006217, -86.03073200113257712 ) ) ;
#5103 = CARTESIAN_POINT ( 'NONE',  ( 23.17452302102559258, 14.69713885595419001, -101.0887365833986848 ) ) ;
#5104 = EDGE_CURVE ( 'NONE', #5370, #4438, #1917, .T. ) ;
#5105 = ORIENTED_EDGE ( 'NONE', *, *, #5138, .F. ) ;
#5106 = CARTESIAN_POINT ( 'NONE',  ( 21.17646880143219690, 16.19999999999999929, -91.53990837010607606 ) ) ;
#5107 = DIRECTION ( 'NONE',  ( -0.9961946980917439909, 0.000000000000000000, -0.08715574274767466656 ) ) ;
#5108 = ADVANCED_FACE ( 'NONE', ( #2259 ), #5888, .T. ) ;
#5109 = CARTESIAN_POINT ( 'NONE',  ( -3.996263466697234534, 7.999447081918277469, -77.85701780421314311 ) ) ;
#5110 = B_SPLINE_CURVE_WITH_KNOTS ( 'NONE', 3,
 ( #874, #4528, #3539, #2954 ),
 .UNSPECIFIED., .F., .F.,
 ( 4, 4 ),
 ( 0.001801258382968927213, 0.003804369461404217938 ),
 .UNSPECIFIED. ) ;
#5111 = ORIENTED_EDGE ( 'NONE', *, *, #3188, .T. ) ;
#5112 = CARTESIAN_POINT ( 'NONE',  ( 3.673940397442059493E-14, 26.05705187735223660, 100.0000000000000000 ) ) ;
#5114 = EDGE_CURVE ( 'NONE', #271, #2699, #3808, .T. ) ;
#5113 = CARTESIAN_POINT ( 'NONE',  ( 23.92910714524991533, 15.49999999999998757, 101.8433207076229507 ) ) ;
#5115 = CARTESIAN_POINT ( 'NONE',  ( -3.459084155867077737, 14.12203310150673019, -77.64390472049277037 ) ) ;
#5116 = CARTESIAN_POINT ( 'NONE',  ( -3.261580130883650952, 16.19999999999999929, -122.5694057594358810 ) ) ;
#5117 = CARTESIAN_POINT ( 'NONE',  ( -10.36819101250133279, 6.500000000000007994, -121.6448750314776959 ) ) ;
#5118 = VERTEX_POINT ( 'NONE', #1281 ) ;
#5119 = ORIENTED_EDGE ( 'NONE', *, *, #3975, .F. ) ;
#5120 = DIRECTION ( 'NONE',  ( -1.150268980431791831E-16, 1.000000000000000000, -0.000000000000000000 ) ) ;
#5121 = DIRECTION ( 'NONE',  ( 3.673940397442057896E-16, 0.000000000000000000, 1.000000000000000000 ) ) ;
#5122 = DIRECTION ( 'NONE',  ( -0.000000000000000000, -1.000000000000000000, -0.000000000000000000 ) ) ;
#5123 = CARTESIAN_POINT ( 'NONE',  ( -19.51562326895601274, 26.05705187735223305, 86.03073200113259134 ) ) ;
#5124 = CARTESIAN_POINT ( 'NONE',  ( 3.261580130884150996, 16.19999999999999929, 122.5694057594357957 ) ) ;
#5125 = ORIENTED_EDGE ( 'NONE', *, *, #1586, .F. ) ;
#5126 = EDGE_CURVE ( 'NONE', #2022, #455, #5763, .T. ) ;
#5127 = CARTESIAN_POINT ( 'NONE',  ( -23.11645821900294351, 6.500000000000006217, 106.4520817887786848 ) ) ;
#5128 = EDGE_LOOP ( 'NONE', ( #4348, #2933, #4669, #2109 ) ) ;
#5129 = DIRECTION ( 'NONE',  ( -0.000000000000000000, -1.000000000000000000, -0.000000000000000000 ) ) ;
#5130 = EDGE_CURVE ( 'NONE', #692, #4021, #1433, .T. ) ;
#5131 = CARTESIAN_POINT ( 'NONE',  ( -23.11645821900304298, 6.500000000000006217, 93.54791821122168471 ) ) ;
#5132 = ORIENTED_EDGE ( 'NONE', *, *, #3215, .F. ) ;
#5133 = ORIENTED_EDGE ( 'NONE', *, *, #3766, .F. ) ;
#5134 = FACE_OUTER_BOUND ( 'NONE', #5819, .T. ) ;
#5135 = EDGE_LOOP ( 'NONE', ( #2189, #545, #1444, #1070, #4042, #2303, #4115, #4382, #6486, #3685, #1154, #3799, #3319, #4232, #3706, #2795, #5219, #897, #1926, #4069, #6424, #5703, #103, #4871, #5111, #3140, #432, #3281, #2790, #5402, #1655, #5562, #5881, #5901, #3168, #1335, #4413, #5943, #557, #6442, #5887, #726 ) ) ;
#5136 = CARTESIAN_POINT ( 'NONE',  ( 23.55308668979005660, 6.903790002480920229, -98.53269974783684404 ) ) ;
#5137 = DIRECTION ( 'NONE',  ( -0.000000000000000000, 1.000000000000000000, -0.000000000000000000 ) ) ;
#5138 = EDGE_CURVE ( 'NONE', #6603, #3827, #4858, .T. ) ;
#5139 = CARTESIAN_POINT ( 'NONE',  ( -4.191948516717972417, 14.03601850605443069, 122.1429821957868995 ) ) ;
#5140 = CARTESIAN_POINT ( 'NONE',  ( -21.40455843166943950, 14.69713885746529947, -91.05076857956612457 ) ) ;
#5141 = DIRECTION ( 'NONE',  ( -0.000000000000000000, -1.000000000000000000, -0.000000000000000000 ) ) ;
#5142 = VERTEX_POINT ( 'NONE', #6124 ) ;
#5143 = EDGE_LOOP ( 'NONE', ( #2159, #2753, #1722, #5472 ) ) ;
#5144 = CYLINDRICAL_SURFACE ( 'NONE', #709, 24.00000000000000000 ) ;
#5145 = PLANE ( 'NONE',  #3966 ) ;
#5146 = B_SPLINE_CURVE_WITH_KNOTS ( 'NONE', 3,
 ( #2182, #6396, #3768, #4276, #2212, #2085, #6258, #1707, #5296, #6296 ),
 .UNSPECIFIED., .F., .F.,
 ( 4, 2, 2, 2, 4 ),
 ( 0.0006780088726362498448, 0.0009345319531210744164, 0.001191055033605897470, 0.001447578114090720958, 0.001704101194575544011 ),
 .UNSPECIFIED. ) ;
#5147 = CARTESIAN_POINT ( 'NONE',  ( 3.328105301691082651, 14.21934285732817926, 77.52560203065068833 ) ) ;
#5148 = CARTESIAN_POINT ( 'NONE',  ( 11.37495447261576942, 14.00020934067351952, -119.4136605263437900 ) ) ;
#5149 = FACE_OUTER_BOUND ( 'NONE', #461, .T. ) ;
#5150 = B_SPLINE_CURVE_WITH_KNOTS ( 'NONE', 3,
 ( #3239, #5321, #4700, #4204, #6318, #1605, #3693, #1092, #4737, #65 ),
 .UNSPECIFIED., .F., .F.,
 ( 4, 2, 2, 2, 4 ),
 ( 2.534686360509909412E-07, 0.0003492773084985322180, 0.0006983011483610133832, 0.001047324988223494657, 0.001396348828085975822 ),
 .UNSPECIFIED. ) ;
#5151 = ORIENTED_EDGE ( 'NONE', *, *, #6720, .F. ) ;
#5152 = VERTEX_POINT ( 'NONE', #4514 ) ;
#5153 = DIRECTION ( 'NONE',  ( -4.159166725385327559E-17, -0.000000000000000000, 1.000000000000000000 ) ) ;
#5154 = B_SPLINE_CURVE_WITH_KNOTS ( 'NONE', 3,
 ( #6265, #6233, #79, #5757 ),
 .UNSPECIFIED., .F., .F.,
 ( 4, 4 ),
 ( 0.001801244015933375301, 0.003804355091624455568 ),
 .UNSPECIFIED. ) ;
#5155 = FACE_OUTER_BOUND ( 'NONE', #2271, .T. ) ;
#5156 = VERTEX_POINT ( 'NONE', #4549 ) ;
#5157 = VECTOR ( 'NONE', #887, 1000.000000000000000 ) ;
#5158 = CARTESIAN_POINT ( 'NONE',  ( 17.14589584587888638, 26.05705187735223660, 116.7933991687887527 ) ) ;
#5159 = CARTESIAN_POINT ( 'NONE',  ( 3.261580130884095041, 16.19999999999999929, -122.5694057594358100 ) ) ;
#5160 = CARTESIAN_POINT ( 'NONE',  ( -10.36819101250133279, 6.500000000000007994, -121.6448750314776959 ) ) ;
#5161 = ORIENTED_EDGE ( 'NONE', *, *, #1067, .T. ) ;
#5162 = CARTESIAN_POINT ( 'NONE',  ( -11.74999999999981526, 16.19999999999999929, -120.3515969889344177 ) ) ;
#5163 = ORIENTED_EDGE ( 'NONE', *, *, #5094, .T. ) ;
#5164 = AXIS2_PLACEMENT_3D ( 'NONE', #873, #6006, #2922 ) ;
#5165 = CARTESIAN_POINT ( 'NONE',  ( -4.654308611523992667, 7.696141087872144126, -77.67616984850212702 ) ) ;
#5166 = AXIS2_PLACEMENT_3D ( 'NONE', #1701, #6253, #1167 ) ;
#5167 = B_SPLINE_CURVE_WITH_KNOTS ( 'NONE', 3,
 ( #4234, #506, #1599, #2681 ),
 .UNSPECIFIED., .F., .F.,
 ( 4, 4 ),
 ( 0.001150320978735620142, 0.003153469944069045919 ),
 .UNSPECIFIED. ) ;
#5168 = ADVANCED_FACE ( 'NONE', ( #3938 ), #4077, .F. ) ;
#5169 = AXIS2_PLACEMENT_3D ( 'NONE', #714, #3311, #2798 ) ;
#5170 = VECTOR ( 'NONE', #5747, 1000.000000000000000 ) ;
#5171 = CARTESIAN_POINT ( 'NONE',  ( -16.99574107095878261, 7.780657572238967035, -84.92287776205519378 ) ) ;
#5172 = EDGE_LOOP ( 'NONE', ( #6125, #1176, #5828, #1555 ) ) ;
#5173 = VERTEX_POINT ( 'NONE', #5608 ) ;
#5174 = CARTESIAN_POINT ( 'NONE',  ( -10.78407417371075461, 7.696141087872151232, -120.0927779438318765 ) ) ;
#5175 = PLANE ( 'NONE',  #3189 ) ;
#5176 = EDGE_CURVE ( 'NONE', #4957, #5509, #5428, .T. ) ;
#5177 = CIRCLE ( 'NONE', #2220, 24.00000000000000355 ) ;
#5178 = AXIS2_PLACEMENT_3D ( 'NONE', #5518, #1389, #833 ) ;
#5179 = EDGE_CURVE ( 'NONE', #262, #2497, #4446, .T. ) ;
#5180 = CARTESIAN_POINT ( 'NONE',  ( 4.191948516718513318, 7.963981493945575529, 122.1429821957868285 ) ) ;
#5181 = CARTESIAN_POINT ( 'NONE',  ( -23.11645821900298259, 26.05705187735223305, -106.4520817887786706 ) ) ;
#5182 = AXIS2_PLACEMENT_3D ( 'NONE', #3385, #4412, #4917 ) ;
#5183 = FACE_OUTER_BOUND ( 'NONE', #1010, .T. ) ;
#5184 = ORIENTED_EDGE ( 'NONE', *, *, #1337, .T. ) ;
#5185 = DIRECTION ( 'NONE',  ( -0.000000000000000000, -1.000000000000000000, -0.000000000000000000 ) ) ;
#5186 = B_SPLINE_CURVE_WITH_KNOTS ( 'NONE', 3,
 ( #6334, #1278, #2222, #4250 ),
 .UNSPECIFIED., .F., .F.,
 ( 4, 4 ),
 ( 2.730032382614917921E-07, 0.002003384078721806398 ),
 .UNSPECIFIED. ) ;
#5187 = DIRECTION ( 'NONE',  ( -1.000000000000000000, -1.084202172485504434E-16, 5.782411586589356653E-16 ) ) ;
#5188 = EDGE_CURVE ( 'NONE', #3427, #2215, #3228, .T. ) ;
#5189 = B_SPLINE_CURVE_WITH_KNOTS ( 'NONE', 3,
 ( #1308, #920, #1943, #3387 ),
 .UNSPECIFIED., .F., .F.,
 ( 4, 4 ),
 ( 2.483701086350927187E-07, 0.002003359445416194509 ),
 .UNSPECIFIED. ) ;
#5190 = CARTESIAN_POINT ( 'NONE',  ( 4.046278025549877810, 13.99979275290920100, 77.86657070907054390 ) ) ;
#5191 = CARTESIAN_POINT ( 'NONE',  ( 25.00000000000000355, 14.99999999999996803, -83.41687604822300273 ) ) ;
#5192 = CARTESIAN_POINT ( 'NONE',  ( -4.654308611523971351, 7.696141087872131692, 77.67616984850211281 ) ) ;
#5193 = ORIENTED_EDGE ( 'NONE', *, *, #5557, .F. ) ;
#5194 = EDGE_LOOP ( 'NONE', ( #1715, #1524, #3823, #4791 ) ) ;
#5195 = CARTESIAN_POINT ( 'NONE',  ( 2.249587012321360557E-15, 6.500000000000008882, -100.0000000000000000 ) ) ;
#5196 = EDGE_CURVE ( 'NONE', #2732, #3098, #2345, .T. ) ;
#5197 = DIRECTION ( 'NONE',  ( -0.7071067811865459074, 0.7071067811865491270, 1.298934084353236847E-16 ) ) ;
#5198 = CARTESIAN_POINT ( 'NONE',  ( 2.339929324814242317, 26.05705187735223660, -76.11434047896365485 ) ) ;
#5199 = CIRCLE ( 'NONE', #4651, 25.09999999999999787 ) ;
#5200 = CARTESIAN_POINT ( 'NONE',  ( 17.00584971520421718, 14.30385891212786476, -84.80733542961864657 ) ) ;
#5201 = EDGE_CURVE ( 'NONE', #4050, #3913, #5013, .T. ) ;
#5202 = CYLINDRICAL_SURFACE ( 'NONE', #4197, 24.00000000000000000 ) ;
#5203 = CARTESIAN_POINT ( 'NONE',  ( 12.00881904510249498, 16.19999999999999929, 80.61432883735471933 ) ) ;
#5204 = ORIENTED_EDGE ( 'NONE', *, *, #5302, .T. ) ;
#5205 = DIRECTION ( 'NONE',  ( 0.000000000000000000, 0.000000000000000000, -1.000000000000000000 ) ) ;
#5206 = ORIENTED_EDGE ( 'NONE', *, *, #2335, .F. ) ;
#5207 = CIRCLE ( 'NONE', #6513, 24.00000000000000355 ) ;
#5208 = CARTESIAN_POINT ( 'NONE',  ( -17.14589584587848847, 26.05705187735223660, -116.7933991687891080 ) ) ;
#5209 = CARTESIAN_POINT ( 'NONE',  ( 3.898899098674196022E-14, 6.500000000000008882, 100.0000000000000000 ) ) ;
#5210 = ORIENTED_EDGE ( 'NONE', *, *, #1345, .F. ) ;
#5211 = CARTESIAN_POINT ( 'NONE',  ( -12.00881904510228892, 7.696141087872148567, 119.3856711626453517 ) ) ;
#5212 = DIRECTION ( 'NONE',  ( 1.150268980431791831E-16, -1.000000000000000000, -4.226019675132849788E-32 ) ) ;
#5213 = ADVANCED_FACE ( 'NONE', ( #893 ), #1379, .T. ) ;
#5214 = APPROVAL_PERSON_ORGANIZATION ( #4402, #3901, #137 ) ;
#5215 = LINE ( 'NONE', #2642, #3525 ) ;
#5216 = CARTESIAN_POINT ( 'NONE',  ( 4.080732175173143794, 16.19999999999999929, 123.1429821957868285 ) ) ;
#5217 = CARTESIAN_POINT ( 'NONE',  ( -10.78407417371075461, 7.696141087872151232, -120.0927779438318765 ) ) ;
#5218 = ORIENTED_EDGE ( 'NONE', *, *, #1643, .F. ) ;
#5219 = ORIENTED_EDGE ( 'NONE', *, *, #5924, .T. ) ;
#5220 = CARTESIAN_POINT ( 'NONE',  ( -22.79289321881345387, 7.696141087872134356, -99.29289321881346098 ) ) ;
#5221 = EDGE_CURVE ( 'NONE', #930, #1222, #3558, .T. ) ;
#5222 = CARTESIAN_POINT ( 'NONE',  ( 4.578727394820636398, 7.763375850904687958, -77.72909238618471761 ) ) ;
#5223 = EDGE_CURVE ( 'NONE', #4251, #2215, #4447, .T. ) ;
#5224 = EDGE_CURVE ( 'NONE', #6406, #4715, #1679, .T. ) ;
#5225 = CARTESIAN_POINT ( 'NONE',  ( 21.63081551696945581, 6.903790001781015206, 90.56555869432570205 ) ) ;
#5226 = CARTESIAN_POINT ( 'NONE',  ( 11.77355264233134058, 14.14431391234267821, -119.3432832822359444 ) ) ;
#5227 = DIRECTION ( 'NONE',  ( 0.000000000000000000, 0.000000000000000000, 1.000000000000000000 ) ) ;
#5228 = VERTEX_POINT ( 'NONE', #6199 ) ;
#5229 = VERTEX_POINT ( 'NONE', #2021 ) ;
#5230 = DIRECTION ( 'NONE',  ( -1.150268980431791831E-16, 1.000000000000000000, -0.000000000000000000 ) ) ;
#5231 = DIRECTION ( 'NONE',  ( -0.000000000000000000, -1.000000000000000000, -0.000000000000000000 ) ) ;
#5232 = CARTESIAN_POINT ( 'NONE',  ( 4.493833797922102136, 14.17612955503706651, -77.77343431191708589 ) ) ;
#5233 = B_SPLINE_CURVE_WITH_KNOTS ( 'NONE', 3,
 ( #52, #4156, #2131, #4127, #1520, #3613, #3578, #5693, #6275, #1006 ),
 .UNSPECIFIED., .F., .F.,
 ( 4, 2, 2, 2, 4 ),
 ( 2.534686360494924870E-07, 0.0004262037923346374607, 0.0008521541160332254949, 0.001278104439731813421, 0.001704054763430401347 ),
 .UNSPECIFIED. ) ;
#5234 = LINE ( 'NONE', #1611, #3441 ) ;
#5235 = CARTESIAN_POINT ( 'NONE',  ( 3.767821056168274563, 13.99979275281209645, -122.1825287675033422 ) ) ;
#5236 = CARTESIAN_POINT ( 'NONE',  ( 2.249587012321360557E-15, 6.500000000000008882, -100.0000000000000000 ) ) ;
#5237 = ORIENTED_EDGE ( 'NONE', *, *, #1661, .F. ) ;
#5238 = ORIENTED_EDGE ( 'NONE', *, *, #2718, .F. ) ;
#5239 = LINE ( 'NONE', #6301, #6589 ) ;
#5240 = DIRECTION ( 'NONE',  ( -1.000000000000000000, -1.445602896647338917E-16, 0.000000000000000000 ) ) ;
#5241 = VERTEX_POINT ( 'NONE', #1510 ) ;
#5242 = CARTESIAN_POINT ( 'NONE',  ( -4.080732175173328535, 7.984138133120608494, 122.1429821957860611 ) ) ;
#5243 = PLANE ( 'NONE',  #694 ) ;
#5244 = B_SPLINE_CURVE_WITH_KNOTS ( 'NONE', 3,
 ( #2666, #1582, #2607, #1512 ),
 .UNSPECIFIED., .F., .F.,
 ( 4, 4 ),
 ( 3.499283209344260526E-07, 0.002003498898922865222 ),
 .UNSPECIFIED. ) ;
#5245 = CARTESIAN_POINT ( 'NONE',  ( 4.654308611524179184, 7.696141087872157449, 122.3238301514978303 ) ) ;
#5246 = CARTESIAN_POINT ( 'NONE',  ( 11.92779343480710530, 14.24273332384661295, -80.63603958419962225 ) ) ;
#5247 = DIRECTION ( 'NONE',  ( 1.150268980431791831E-16, -1.000000000000000000, -4.226019675132850335E-32 ) ) ;
#5248 = VERTEX_POINT ( 'NONE', #4649 ) ;
#5249 = ORIENTED_EDGE ( 'NONE', *, *, #1251, .F. ) ;
#5250 = CARTESIAN_POINT ( 'NONE',  ( -21.66015832672819030, 14.30385891212786120, -92.86883441888356572 ) ) ;
#5251 = CARTESIAN_POINT ( 'NONE',  ( 11.64557499583519373, 14.08529954957127828, -80.64840301106575282 ) ) ;
#5252 = B_SPLINE_CURVE_WITH_KNOTS ( 'NONE', 3,
 ( #398, #2477, #5032, #1930 ),
 .UNSPECIFIED., .F., .F.,
 ( 4, 4 ),
 ( 0.001801196906089758696, 0.003804307981452940447 ),
 .UNSPECIFIED. ) ;
#5253 = EDGE_CURVE ( 'NONE', #4253, #2627, #3884, .T. ) ;
#5254 = CARTESIAN_POINT ( 'NONE',  ( 4.080732175173523046, 7.984138133120594283, -77.85701780421395313 ) ) ;
#5255 = FACE_OUTER_BOUND ( 'NONE', #4225, .T. ) ;
#5256 = LINE ( 'NONE', #2042, #6588 ) ;
#5257 = ORIENTED_EDGE ( 'NONE', *, *, #3954, .F. ) ;
#5258 = ORIENTED_EDGE ( 'NONE', *, *, #1752, .T. ) ;
#5259 = CARTESIAN_POINT ( 'NONE',  ( -13.56091613274817043, 26.05705187735223305, -119.8015543238547451 ) ) ;
#5260 = DIRECTION ( 'NONE',  ( 1.150268980431791831E-16, -1.000000000000000000, -4.226019675132850335E-32 ) ) ;
#5261 = CARTESIAN_POINT ( 'NONE',  ( -22.79289321881342190, 7.696141087872131692, 99.29289321881347519 ) ) ;
#5262 = EDGE_CURVE ( 'NONE', #355, #6634, #6711, .T. ) ;
#5263 = CARTESIAN_POINT ( 'NONE',  ( -21.66015832672809438, 16.19999999999999929, -107.1311655811167327 ) ) ;
#5264 = CARTESIAN_POINT ( 'NONE',  ( -13.56091613274811181, 15.49999999999998224, 119.8015543238547735 ) ) ;
#5265 = DIRECTION ( 'NONE',  ( -1.150268980431791831E-16, 1.000000000000000000, -0.000000000000000000 ) ) ;
#5266 = ORIENTED_EDGE ( 'NONE', *, *, #1825, .T. ) ;
#5267 = DIRECTION ( 'NONE',  ( 1.150268980431791831E-16, -1.000000000000000000, -4.226019675132849788E-32 ) ) ;
#5268 = EDGE_CURVE ( 'NONE', #4957, #894, #3118, .T. ) ;
#5269 = CARTESIAN_POINT ( 'NONE',  ( -4.654308611523646277, 7.696141087872138797, 122.3238301514979440 ) ) ;
#5270 = CONICAL_SURFACE ( 'NONE', #2648, 25.10000000000001208, 0.7853981633974539411 ) ;
#5271 = ORIENTED_EDGE ( 'NONE', *, *, #6005, .T. ) ;
#5272 = CARTESIAN_POINT ( 'NONE',  ( -3.261580130883619866, 7.696141087872144126, 122.5694057594358668 ) ) ;
#5273 = ORIENTED_EDGE ( 'NONE', *, *, #1910, .T. ) ;
#5274 = EDGE_CURVE ( 'NONE', #6391, #2186, #4682, .T. ) ;
#5275 = CARTESIAN_POINT ( 'NONE',  ( 17.00584971520421718, 14.30385891212786476, -84.80733542961864657 ) ) ;
#5276 = VECTOR ( 'NONE', #3657, 1000.000000000000000 ) ;
#5277 = AXIS2_PLACEMENT_3D ( 'NONE', #1558, #6512, #3297 ) ;
#5278 = DIRECTION ( 'NONE',  ( 1.150268980431791831E-16, -1.000000000000000000, 0.000000000000000000 ) ) ;
#5279 = CARTESIAN_POINT ( 'NONE',  ( 10.84691816766778061, 7.827835980050593001, -80.09070722337176562 ) ) ;
#5280 = DIRECTION ( 'NONE',  ( 0.000000000000000000, 0.000000000000000000, -1.000000000000000000 ) ) ;
#5281 = ORIENTED_EDGE ( 'NONE', *, *, #6012, .F. ) ;
#5282 = DIRECTION ( 'NONE',  ( 1.150268980431791831E-16, -1.000000000000000000, -4.226019675132849788E-32 ) ) ;
#5284 = CARTESIAN_POINT ( 'NONE',  ( 4.192269429926159141, 7.963923332243230568, -77.85701780421304363 ) ) ;
#5283 = AXIS2_PLACEMENT_3D ( 'NONE', #3714, #2580, #4187 ) ;
#5285 = CARTESIAN_POINT ( 'NONE',  ( -10.64438394997897497, 7.302849822317423190, -79.38589104387952489 ) ) ;
#5286 = CARTESIAN_POINT ( 'NONE',  ( 10.81412786653647728, 14.21924415119418050, -119.9806160352525239 ) ) ;
#5287 = CARTESIAN_POINT ( 'NONE',  ( -4.191680139668971350, 7.966540390731875476, 77.85951936147098706 ) ) ;
#5288 = ORIENTED_EDGE ( 'NONE', *, *, #5581, .T. ) ;
#5289 = ORIENTED_EDGE ( 'NONE', *, *, #2363, .T. ) ;
#5290 = FACE_OUTER_BOUND ( 'NONE', #6475, .T. ) ;
#5291 = CARTESIAN_POINT ( 'NONE',  ( 17.91488867054854950, 14.30385891212786120, 114.1093141295417013 ) ) ;
#5292 = AXIS2_PLACEMENT_3D ( 'NONE', #1407, #6025, #4445 ) ;
#5293 = VERTEX_POINT ( 'NONE', #1033 ) ;
#5294 = DIRECTION ( 'NONE',  ( 0.000000000000000000, 0.000000000000000000, -1.000000000000000000 ) ) ;
#5295 = CIRCLE ( 'NONE', #2342, 24.00000000000000355 ) ;
#5296 = CARTESIAN_POINT ( 'NONE',  ( 3.301690634473619657, 14.25290103440613088, 122.5121220236850661 ) ) ;
#5297 = PLANE ( 'NONE',  #4543 ) ;
#5298 = EDGE_CURVE ( 'NONE', #6708, #347, #770, .T. ) ;
#5299 = EDGE_LOOP ( 'NONE', ( #1139, #5531, #5883, #1329, #3307, #3772, #5331, #2604, #5939, #1850, #555, #651, #4452, #2907, #2474, #1125, #3070, #2524, #321, #3354, #4274, #4469, #5059, #1500, #6526, #988, #4373, #4756, #78, #139, #6500, #1188, #1084, #5596, #4819, #5016, #5163, #278, #5322, #1019, #4045, #6367 ) ) ;
#5300 = VERTEX_POINT ( 'NONE', #3564 ) ;
#5301 = CYLINDRICAL_SURFACE ( 'NONE', #6035, 25.09999999999999787 ) ;
#5302 = EDGE_CURVE ( 'NONE', #2155, #4749, #3604, .T. ) ;
#5303 = ADVANCED_FACE ( 'NONE', ( #6 ), #2529, .T. ) ;
#5304 = VECTOR ( 'NONE', #4811, 1000.000000000000000 ) ;
#5305 = ADVANCED_FACE ( 'NONE', ( #525 ), #2605, .T. ) ;
#5306 = AXIS2_PLACEMENT_3D ( 'NONE', #4267, #4868, #1728 ) ;
#5307 = CARTESIAN_POINT ( 'NONE',  ( 17.14589584587863769, 6.500000000000010658, 83.20660083121100570 ) ) ;
#5308 = ORIENTED_EDGE ( 'NONE', *, *, #2592, .T. ) ;
#5309 = DIRECTION ( 'NONE',  ( 0.000000000000000000, 0.000000000000000000, -1.000000000000000000 ) ) ;
#5310 = VERTEX_POINT ( 'NONE', #454 ) ;
#5311 = CARTESIAN_POINT ( 'NONE',  ( 22.79289321881345387, 16.19999999999999929, -100.7071067811865532 ) ) ;
#5312 = VECTOR ( 'NONE', #6276, 1000.000000000000000 ) ;
#5313 = B_SPLINE_CURVE_WITH_KNOTS ( 'NONE', 3,
 ( #3888, #5380, #3850, #735, #4359, #6451, #4837, #1761, #3822, #1255 ),
 .UNSPECIFIED., .F., .F.,
 ( 4, 2, 2, 2, 4 ),
 ( 3.462113389658182116E-07, 0.0004262970349632543119, 0.0008522478585875427380, 0.001278198682211831218, 0.001704149505836119807 ),
 .UNSPECIFIED. ) ;
#5314 = CARTESIAN_POINT ( 'NONE',  ( -3.261580130883943163, 7.696141087872129027, 77.43059424056417583 ) ) ;
#5315 = CARTESIAN_POINT ( 'NONE',  ( -3.348533091317526189, 14.20596360627475541, 122.4577819623612669 ) ) ;
#5316 = VERTEX_POINT ( 'NONE', #2929 ) ;
#5317 = CARTESIAN_POINT ( 'NONE',  ( 3.261580130883841910, 7.696141087872123698, 77.43059424056414741 ) ) ;
#5318 = CARTESIAN_POINT ( 'NONE',  ( 3.898899098674196022E-14, 6.500000000000008882, 100.0000000000000000 ) ) ;
#5319 = CARTESIAN_POINT ( 'NONE',  ( -22.50020032262483838, 14.00020922584322491, 100.1441699363111155 ) ) ;
#5320 = CARTESIAN_POINT ( 'NONE',  ( -21.66015832672809438, 14.30385891212785943, -107.1311655811167327 ) ) ;
#5321 = CARTESIAN_POINT ( 'NONE',  ( -10.80867155960824633, 7.765393872858783020, -79.99902075007005919 ) ) ;
#5322 = ORIENTED_EDGE ( 'NONE', *, *, #3058, .T. ) ;
#5323 = ORIENTED_EDGE ( 'NONE', *, *, #2043, .T. ) ;
#5324 = CARTESIAN_POINT ( 'NONE',  ( -21.63080946088319578, 15.09619911711713236, 109.4344283183559128 ) ) ;
#5325 = CARTESIAN_POINT ( 'NONE',  ( 17.00584971520448363, 14.30385891212785765, 115.1926645703810976 ) ) ;
#5326 = ORIENTED_EDGE ( 'NONE', *, *, #719, .F. ) ;
#5327 = CYLINDRICAL_SURFACE ( 'NONE', #1811, 24.00000000000000000 ) ;
#5328 = CARTESIAN_POINT ( 'NONE',  ( -19.99999999999999289, 20.00000000000000000, -100.0000000000000000 ) ) ;
#5329 = CARTESIAN_POINT ( 'NONE',  ( 1.214344929932751015E-15, 15.49999999999998401, -100.0000000000000000 ) ) ;
#5330 = VERTEX_POINT ( 'NONE', #3549 ) ;
#5331 = ORIENTED_EDGE ( 'NONE', *, *, #2343, .T. ) ;
#5332 = B_SPLINE_CURVE_WITH_KNOTS ( 'NONE', 3,
 ( #2626, #4140, #3699, #1571 ),
 .UNSPECIFIED., .F., .F.,
 ( 4, 4 ),
 ( 0.001801196906089760864, 0.003804307981452910090 ),
 .UNSPECIFIED. ) ;
#5333 = ORIENTED_EDGE ( 'NONE', *, *, #5298, .F. ) ;
#5334 = CARTESIAN_POINT ( 'NONE',  ( -12.00881904510261933, 14.30385891212787541, -80.61432883735480459 ) ) ;
#5335 = B_SPLINE_CURVE_WITH_KNOTS ( 'NONE', 3,
 ( #5666, #6766, #5225, #4134 ),
 .UNSPECIFIED., .F., .F.,
 ( 4, 4 ),
 ( 2.730032382620153644E-07, 0.002003384078721829817 ),
 .UNSPECIFIED. ) ;
#5336 = ADVANCED_FACE ( 'NONE', ( #4499 ), #6184, .T. ) ;
#5337 = LINE ( 'NONE', #5885, #1470 ) ;
#5338 = ORIENTED_EDGE ( 'NONE', *, *, #1205, .F. ) ;
#5339 = DIRECTION ( 'NONE',  ( -1.000000000000000000, -1.445602896647339163E-16, 0.000000000000000000 ) ) ;
#5340 = EDGE_LOOP ( 'NONE', ( #1177, #4988, #6423, #4774 ) ) ;
#5341 = CARTESIAN_POINT ( 'NONE',  ( -11.74999999999976019, 16.19999999999999929, 119.3515969889344177 ) ) ;
#5342 = CARTESIAN_POINT ( 'NONE',  ( 6.733360456028193320E-31, 0.000000000000000000, -130.0000000000000000 ) ) ;
#5343 = ORIENTED_EDGE ( 'NONE', *, *, #4221, .T. ) ;
#5344 = CARTESIAN_POINT ( 'NONE',  ( 11.12524596023434675, 7.999790659353732458, -119.5578298031560536 ) ) ;
#5345 = DIRECTION ( 'NONE',  ( 0.000000000000000000, 0.000000000000000000, -1.000000000000000000 ) ) ;
#5346 = ADVANCED_FACE ( 'NONE', ( #6109 ), #6590, .F. ) ;
#5347 = CARTESIAN_POINT ( 'NONE',  ( -18.45255644614372414, 7.302849822303726590, 85.93772570556598112 ) ) ;
#5348 = CARTESIAN_POINT ( 'NONE',  ( 6.733360456028193320E-31, 20.00000000000000000, -100.0000000000000000 ) ) ;
#5349 = CARTESIAN_POINT ( 'NONE',  ( -21.66015832672815478, 7.696141087872129916, 92.86883441888356572 ) ) ;
#5350 = VERTEX_POINT ( 'NONE', #6143 ) ;
#5351 = ORIENTED_EDGE ( 'NONE', *, *, #1024, .F. ) ;
#5352 = CARTESIAN_POINT ( 'NONE',  ( -3.261580130883942719, 16.19999999999999929, 77.43059424056417583 ) ) ;
#5353 = CARTESIAN_POINT ( 'NONE',  ( -17.32882370698743202, 7.999790649818528721, -114.3524100280105387 ) ) ;
#5354 = EDGE_CURVE ( 'NONE', #2880, #1957, #3956, .T. ) ;
#5355 = EDGE_LOOP ( 'NONE', ( #6458, #938, #2806, #526 ) ) ;
#5356 = DIRECTION ( 'NONE',  ( 0.000000000000000000, 1.000000000000000000, 0.000000000000000000 ) ) ;
#5357 = CARTESIAN_POINT ( 'NONE',  ( 17.00584971520448363, 14.30385891212785765, 115.1926645703810976 ) ) ;
#5358 = APPROVAL_STATUS ( 'not_yet_approved' ) ;
#5359 = ORIENTED_EDGE ( 'NONE', *, *, #3883, .F. ) ;
#5360 = EDGE_LOOP ( 'NONE', ( #3020, #5132, #1888, #5948 ) ) ;
#5361 = DIRECTION ( 'NONE',  ( -1.000000000000000000, -1.445602896647339163E-16, 5.782411586589356653E-16 ) ) ;
#5362 = CARTESIAN_POINT ( 'NONE',  ( 3.261580130884094597, 7.696141087872141462, -122.5694057594358100 ) ) ;
#5363 = VERTEX_POINT ( 'NONE', #1425 ) ;
#5364 = DIRECTION ( 'NONE',  ( 0.4226182617407006070, -0.000000000000000000, 0.9063077870366493816 ) ) ;
#5365 = ORIENTED_EDGE ( 'NONE', *, *, #1089, .F. ) ;
#5366 = DIRECTION ( 'NONE',  ( -0.000000000000000000, -1.000000000000000000, -0.000000000000000000 ) ) ;
#5367 = EDGE_CURVE ( 'NONE', #4109, #2528, #2003, .T. ) ;
#5368 = CIRCLE ( 'NONE', #4072, 30.00000000000000000 ) ;
#5369 = FACE_OUTER_BOUND ( 'NONE', #4728, .T. ) ;
#5370 = VERTEX_POINT ( 'NONE', #371 ) ;
#5371 = CARTESIAN_POINT ( 'NONE',  ( 2.292433343232368651E-16, 0.000000000000000000, -74.90000000000000568 ) ) ;
#5372 = DIRECTION ( 'NONE',  ( -1.150268980431791831E-16, 1.000000000000000000, -0.000000000000000000 ) ) ;
#5373 = CARTESIAN_POINT ( 'NONE',  ( 5.970562373124639777, 6.500000000000009770, -123.2454809575674091 ) ) ;
#5374 = AXIS2_PLACEMENT_3D ( 'NONE', #235, #720, #2315 ) ;
#5375 = EDGE_CURVE ( 'NONE', #5350, #1697, #6183, .T. ) ;
#5376 = AXIS2_PLACEMENT_3D ( 'NONE', #1259, #5423, #738 ) ;
#5377 = CARTESIAN_POINT ( 'NONE',  ( -22.79289321881342190, 14.30385891212786298, 99.29289321881347519 ) ) ;
#5378 = FACE_OUTER_BOUND ( 'NONE', #1852, .T. ) ;
#5379 = CONICAL_SURFACE ( 'NONE', #2000, 22.49999999999999289, 0.7853981633974536081 ) ;
#5380 = CARTESIAN_POINT ( 'NONE',  ( 22.71088115686363551, 7.780656759682253565, 100.6250947192366709 ) ) ;
#5381 = AXIS2_PLACEMENT_3D ( 'NONE', #558, #492, #2573 ) ;
#5382 = EDGE_CURVE ( 'NONE', #1330, #5850, #2896, .T. ) ;
#5383 = VERTEX_POINT ( 'NONE', #4063 ) ;
#5384 = CARTESIAN_POINT ( 'NONE',  ( -21.19258113128307031, 14.00020932000458806, -92.43995314672469021 ) ) ;
#5385 = FACE_OUTER_BOUND ( 'NONE', #4879, .T. ) ;
#5386 = VECTOR ( 'NONE', #4082, 1000.000000000000000 ) ;
#5387 = VERTEX_POINT ( 'NONE', #4103 ) ;
#5388 = CARTESIAN_POINT ( 'NONE',  ( 0.000000000000000000, 26.05705187735223660, -100.0000000000000000 ) ) ;
#5389 = CARTESIAN_POINT ( 'NONE',  ( 23.11645821900306430, 15.49999999999998757, 93.54791821122147155 ) ) ;
#5390 = ORIENTED_EDGE ( 'NONE', *, *, #4375, .F. ) ;
#5391 = EDGE_CURVE ( 'NONE', #2956, #4821, #6246, .T. ) ;
#5392 = EDGE_LOOP ( 'NONE', ( #4036, #2045 ) ) ;
#5393 = EDGE_LOOP ( 'NONE', ( #6251, #2231, #4639, #395 ) ) ;
#5394 = DIRECTION ( 'NONE',  ( 0.9063077870366453848, 0.000000000000000000, -0.4226182617407091557 ) ) ;
#5395 = EDGE_CURVE ( 'NONE', #4070, #2055, #4534, .T. ) ;
#5396 = VECTOR ( 'NONE', #2781, 1000.000000000000000 ) ;
#5397 = EDGE_CURVE ( 'NONE', #4166, #1222, #913, .T. ) ;
#5398 = CARTESIAN_POINT ( 'NONE',  ( -22.79289321881341834, 14.30385891212786120, 100.7071067811865674 ) ) ;
#5399 = ORIENTED_EDGE ( 'NONE', *, *, #5988, .F. ) ;
#5400 = CARTESIAN_POINT ( 'NONE',  ( 1.214344929932751015E-15, 15.49999999999998401, -100.0000000000000000 ) ) ;
#5402 = ORIENTED_EDGE ( 'NONE', *, *, #756, .F. ) ;
#5401 = B_SPLINE_CURVE_WITH_KNOTS ( 'NONE', 3,
 ( #3642, #5729, #1077, #5691 ),
 .UNSPECIFIED., .F., .F.,
 ( 4, 4 ),
 ( 3.020500691602740592E-07, 0.002003413125760223311 ),
 .UNSPECIFIED. ) ;
#5403 = CARTESIAN_POINT ( 'NONE',  ( -10.80868733461533537, 14.23456171334947662, -79.99907962319802834 ) ) ;
#5404 = ORIENTED_EDGE ( 'NONE', *, *, #6620, .F. ) ;
#5405 = CARTESIAN_POINT ( 'NONE',  ( -17.00584971520431665, 14.30385891212785587, -84.80733542961877447 ) ) ;
#5406 = CIRCLE ( 'NONE', #2903, 24.00000000000000000 ) ;
#5407 = CARTESIAN_POINT ( 'NONE',  ( 4.654308611524136552, 7.696141087872130804, -122.3238301514978588 ) ) ;
#5408 = ORIENTED_EDGE ( 'NONE', *, *, #625, .F. ) ;
#5409 = EDGE_CURVE ( 'NONE', #2464, #3824, #4111, .T. ) ;
#5410 = ORIENTED_EDGE ( 'NONE', *, *, #1586, .T. ) ;
#5411 = DIRECTION ( 'NONE',  ( -0.000000000000000000, -1.000000000000000000, -0.000000000000000000 ) ) ;
#5412 = DIRECTION ( 'NONE',  ( -0.000000000000000000, -1.000000000000000000, -0.000000000000000000 ) ) ;
#5414 = CARTESIAN_POINT ( 'NONE',  ( 12.00881904510249321, 14.30385891212785943, 80.61432883735471933 ) ) ;
#5413 = VECTOR ( 'NONE', #2698, 1000.000000000000000 ) ;
#5415 = DIRECTION ( 'NONE',  ( -0.000000000000000000, -1.000000000000000000, -0.000000000000000000 ) ) ;
#5416 = CARTESIAN_POINT ( 'NONE',  ( 21.45268736144261368, 14.14431388810926116, 107.2499209526266952 ) ) ;
#5417 = LOCAL_TIME ( 21, 24, 22.00000000000000000, #1328 ) ;
#5418 = DIRECTION ( 'NONE',  ( -0.000000000000000000, -1.000000000000000000, -0.000000000000000000 ) ) ;
#5419 = EDGE_CURVE ( 'NONE', #4740, #262, #3469, .T. ) ;
#5420 = ADVANCED_FACE ( 'NONE', ( #4568 ), #6663, .T. ) ;
#5421 = ORIENTED_EDGE ( 'NONE', *, *, #1870, .F. ) ;
#5422 = CARTESIAN_POINT ( 'NONE',  ( 3.744142773540815483, 7.989105776271847148, 122.1974983292193144 ) ) ;
#5423 = DIRECTION ( 'NONE',  ( 1.150268980431791831E-16, -1.000000000000000000, -4.226019675132849788E-32 ) ) ;
#5424 = EDGE_CURVE ( 'NONE', #1633, #4139, #2494, .T. ) ;
#5425 = VERTEX_POINT ( 'NONE', #5642 ) ;
#5426 = CARTESIAN_POINT ( 'NONE',  ( 23.11645821900316378, 26.05705187735224015, 106.4520817887781590 ) ) ;
#5427 =( BOUNDED_CURVE ( )  B_SPLINE_CURVE ( 3, ( #5875, #30, #1097, #1129 ),
 .UNSPECIFIED., .F., .F. ) 
 B_SPLINE_CURVE_WITH_KNOTS ( ( 4, 4 ),
 ( 0.5856855434571508479, 0.8410686705679302211 ),
 .UNSPECIFIED. ) 
 CURVE ( )  GEOMETRIC_REPRESENTATION_ITEM ( )  RATIONAL_B_SPLINE_CURVE ( ( 1.000000000000000000, 0.9945723357819227228, 0.9945723357819227228, 1.000000000000000000 ) ) 
 REPRESENTATION_ITEM ( '' )  );
#5428 = B_SPLINE_CURVE_WITH_KNOTS ( 'NONE', 3,
 ( #929, #6606, #860, #6058 ),
 .UNSPECIFIED., .F., .F.,
 ( 4, 4 ),
 ( 0.001801214201450987169, 0.003804325276934538997 ),
 .UNSPECIFIED. ) ;
#5429 = CARTESIAN_POINT ( 'NONE',  ( -22.79289321881345032, 16.19999999999999929, -100.7071067811865532 ) ) ;
#5430 = ORIENTED_EDGE ( 'NONE', *, *, #2219, .T. ) ;
#5431 = ORIENTED_EDGE ( 'NONE', *, *, #2372, .F. ) ;
#5432 = CARTESIAN_POINT ( 'NONE',  ( -21.09454416409232635, 8.000207281988654273, 107.8282349765668613 ) ) ;
#5433 = CARTESIAN_POINT ( 'NONE',  ( -21.66015832672805175, 16.19999999999999929, 107.1311655811167611 ) ) ;
#5434 = CARTESIAN_POINT ( 'NONE',  ( 17.32672204318910403, 8.000207311578270364, 114.3542940661681513 ) ) ;
#5435 = EDGE_LOOP ( 'NONE', ( #4758, #81, #2392, #3389 ) ) ;
#5436 = CARTESIAN_POINT ( 'NONE',  ( 4.447271043987590211, 7.855987466299627187, -122.2033183831504175 ) ) ;
#5437 = ORIENTED_EDGE ( 'NONE', *, *, #4154, .F. ) ;
#5438 = DIRECTION ( 'NONE',  ( 0.000000000000000000, 0.000000000000000000, -1.000000000000000000 ) ) ;
#5439 = ORIENTED_EDGE ( 'NONE', *, *, #5980, .F. ) ;
#5440 = CARTESIAN_POINT ( 'NONE',  ( -4.654308611523646277, 14.30385891212785765, 122.3238301514979440 ) ) ;
#5441 = CARTESIAN_POINT ( 'NONE',  ( 2.249587012321360557E-15, 6.500000000000008882, -100.0000000000000000 ) ) ;
#5442 = ORIENTED_EDGE ( 'NONE', *, *, #863, .T. ) ;
#5443 = CARTESIAN_POINT ( 'NONE',  ( -21.66015832672805175, 14.30385891212786476, 107.1311655811167611 ) ) ;
#5444 = CARTESIAN_POINT ( 'NONE',  ( 17.79934633805201472, 14.21934242771710188, -114.1194227737924791 ) ) ;
#5445 = EDGE_CURVE ( 'NONE', #1872, #4353, #4360, .T. ) ;
#5446 = CARTESIAN_POINT ( 'NONE',  ( 21.12745209240926769, 14.21934262515283010, -91.64502504182637210 ) ) ;
#5447 = CARTESIAN_POINT ( 'NONE',  ( 23.11645821900306430, 6.500000000000011546, 93.54791821122147155 ) ) ;
#5448 = CARTESIAN_POINT ( 'NONE',  ( -21.07620819694183822, 14.03379045545802839, -107.9736665163222966 ) ) ;
#5449 = LINE ( 'NONE', #765, #4405 ) ;
#5450 = ORIENTED_EDGE ( 'NONE', *, *, #513, .F. ) ;
#5451 = DIRECTION ( 'NONE',  ( 0.9063077870366454958, 0.000000000000000000, 0.4226182617407090447 ) ) ;
#5452 = CARTESIAN_POINT ( 'NONE',  ( -21.09387130279866795, 7.855686111825519902, 91.76424002832746396 ) ) ;
#5453 = EDGE_CURVE ( 'NONE', #90, #495, #4854, .T. ) ;
#5454 = EDGE_CURVE ( 'NONE', #5776, #891, #1434, .T. ) ;
#5455 = CARTESIAN_POINT ( 'NONE',  ( 22.79289321881349295, 7.696141087872136133, 100.7071067811865390 ) ) ;
#5456 = CARTESIAN_POINT ( 'NONE',  ( -11.92779343480725274, 7.757266676153364848, -80.63603958419969331 ) ) ;
#5457 = ORIENTED_EDGE ( 'NONE', *, *, #2058, .T. ) ;
#5458 = CALENDAR_DATE ( 2026, 26, 2 ) ;
#5459 = VERTEX_POINT ( 'NONE', #3599 ) ;
#5460 = ORIENTED_EDGE ( 'NONE', *, *, #2824, .T. ) ;
#5461 = DIRECTION ( 'NONE',  ( 0.5735764363510523767, 0.000000000000000000, -0.8191520442889873577 ) ) ;
#5462 = EDGE_CURVE ( 'NONE', #3553, #2246, #2015, .T. ) ;
#5463 = FACE_OUTER_BOUND ( 'NONE', #308, .T. ) ;
#5464 = CARTESIAN_POINT ( 'NONE',  ( 17.79921189211210830, 7.780755916309218811, 114.1194345362880966 ) ) ;
#5465 = ORIENTED_EDGE ( 'NONE', *, *, #5088, .F. ) ;
#5466 = CARTESIAN_POINT ( 'NONE',  ( -3.261580130883609652, 14.30385891212784699, 122.5694057594358668 ) ) ;
#5467 = ADVANCED_FACE ( 'NONE', ( #4575 ), #888, .F. ) ;
#5468 = CARTESIAN_POINT ( 'NONE',  ( 19.51562326895594524, 6.500000000000011546, -86.03073200113243502 ) ) ;
#5469 = CARTESIAN_POINT ( 'NONE',  ( 11.84206303383930070, 7.812722279802194691, 119.3515969889341051 ) ) ;
#5470 = ORIENTED_EDGE ( 'NONE', *, *, #1052, .F. ) ;
#5471 = CARTESIAN_POINT ( 'NONE',  ( -17.14589584587849203, 15.49999999999998224, -116.7933991687891080 ) ) ;
#5472 = ORIENTED_EDGE ( 'NONE', *, *, #3807, .T. ) ;
#5473 = ADVANCED_FACE ( 'NONE', ( #3560 ), #5053, .F. ) ;
#5474 = ORIENTED_EDGE ( 'NONE', *, *, #3498, .T. ) ;
#5475 = FACE_OUTER_BOUND ( 'NONE', #5135, .T. ) ;
#5476 = CARTESIAN_POINT ( 'NONE',  ( 17.91488867054851042, 14.30385891212786831, -114.1093141295417155 ) ) ;
#5477 = CARTESIAN_POINT ( 'NONE',  ( -22.08277658846887093, 16.19999999999999929, 91.96252663184692722 ) ) ;
#5478 = AXIS2_PLACEMENT_3D ( 'NONE', #4911, #2255, #234 ) ;
#5479 = CARTESIAN_POINT ( 'NONE',  ( 3.696864730874382874E-14, 5.400000000000000355, 125.1000000000000227 ) ) ;
#5480 = CARTESIAN_POINT ( 'NONE',  ( 2.292433343232368651E-16, 0.000000000000000000, -100.0000000000000000 ) ) ;
#5481 = CARTESIAN_POINT ( 'NONE',  ( 2.249587012321360557E-15, 6.500000000000008882, -100.0000000000000000 ) ) ;
#5482 = VERTEX_POINT ( 'NONE', #6084 ) ;
#5483 = CARTESIAN_POINT ( 'NONE',  ( -21.09373947100863234, 14.14401222054519103, -91.76472781940515233 ) ) ;
#5484 = VECTOR ( 'NONE', #5278, 1000.000000000000000 ) ;
#5485 = DIRECTION ( 'NONE',  ( -1.150268980431791831E-16, 1.000000000000000000, -0.000000000000000000 ) ) ;
#5486 = B_SPLINE_CURVE_WITH_KNOTS ( 'NONE', 3,
 ( #5443, #3266, #3788, #4383 ),
 .UNSPECIFIED., .F., .F.,
 ( 4, 4 ),
 ( 2.730162618546000566E-07, 0.002003421982873428500 ),
 .UNSPECIFIED. ) ;
#5487 = ORIENTED_EDGE ( 'NONE', *, *, #2004, .T. ) ;
#5488 = AXIS2_PLACEMENT_3D ( 'NONE', #2385, #2309, #4400 ) ;
#5489 = AXIS2_PLACEMENT_3D ( 'NONE', #5527, #803, #2892 ) ;
#5490 = CARTESIAN_POINT ( 'NONE',  ( 2.249587012321360557E-15, 6.500000000000008882, -100.0000000000000000 ) ) ;
#5491 = DIRECTION ( 'NONE',  ( -0.000000000000000000, -1.000000000000000000, -0.000000000000000000 ) ) ;
#5492 = DIRECTION ( 'NONE',  ( -3.673940397442059868E-16, 0.000000000000000000, -1.000000000000000000 ) ) ;
#5493 = PERSON_AND_ORGANIZATION ( #384, #3894 ) ;
#5494 = ORIENTED_EDGE ( 'NONE', *, *, #4380, .F. ) ;
#5495 = ORIENTED_EDGE ( 'NONE', *, *, #4289, .F. ) ;
#5496 = EDGE_CURVE ( 'NONE', #4106, #1213, #2460, .T. ) ;
#5497 = AXIS2_PLACEMENT_3D ( 'NONE', #4049, #4450, #6128 ) ;
#5498 = CARTESIAN_POINT ( 'NONE',  ( 21.66015832672823649, 14.30385891212785765, -107.1311655811162922 ) ) ;
#5499 = VECTOR ( 'NONE', #5922, 1000.000000000000000 ) ;
#5500 = EDGE_CURVE ( 'NONE', #5509, #1709, #286, .T. ) ;
#5501 = VECTOR ( 'NONE', #2807, 1000.000000000000000 ) ;
#5502 = CARTESIAN_POINT ( 'NONE',  ( -11.74999999999976019, 14.13949659383202651, 119.3515969889344177 ) ) ;
#5503 = CARTESIAN_POINT ( 'NONE',  ( 17.00584971520448363, 7.696141087872138797, 115.1926645703810976 ) ) ;
#5504 = ORIENTED_EDGE ( 'NONE', *, *, #1721, .F. ) ;
#5505 = CARTESIAN_POINT ( 'NONE',  ( -2.339929324814018496, 26.05705187735223660, 123.8856595210363736 ) ) ;
#5506 = EDGE_CURVE ( 'NONE', #1162, #237, #1509, .T. ) ;
#5507 = ADVANCED_FACE ( 'NONE', ( #4073 ), #2968, .T. ) ;
#5508 = CARTESIAN_POINT ( 'NONE',  ( 10.80868733461551834, 14.23456171334944997, 120.0009203768018864 ) ) ;
#5509 = VERTEX_POINT ( 'NONE', #1945 ) ;
#5510 = CARTESIAN_POINT ( 'NONE',  ( 3.673940397442059493E-14, 20.00000000000000000, 70.00000000000000000 ) ) ;
#5511 = AXIS2_PLACEMENT_3D ( 'NONE', #1011, #5282, #2587 ) ;
#5512 = EDGE_CURVE ( 'NONE', #3744, #5583, #3057, .T. ) ;
#5513 = AXIS2_PLACEMENT_3D ( 'NONE', #1239, #5860, #5438 ) ;
#5514 = CARTESIAN_POINT ( 'NONE',  ( 21.55504165465607613, 7.780657375130057396, 92.81981770969640877 ) ) ;
#5515 = VERTEX_POINT ( 'NONE', #3075 ) ;
#5516 = ORIENTED_EDGE ( 'NONE', *, *, #1369, .F. ) ;
#5517 = CARTESIAN_POINT ( 'NONE',  ( 23.11645821900317088, 6.500000000000011546, 106.4520817887781590 ) ) ;
#5518 = CARTESIAN_POINT ( 'NONE',  ( 3.261580130884150996, 16.19999999999999929, 122.5694057594357957 ) ) ;
#5519 = CARTESIAN_POINT ( 'NONE',  ( -5.096422646600711204, 7.302849822153306469, -122.6334017316072078 ) ) ;
#5520 = VECTOR ( 'NONE', #1640, 1000.000000000000000 ) ;
#5521 = CARTESIAN_POINT ( 'NONE',  ( -17.00584971520431665, 14.30385891212785587, -84.80733542961877447 ) ) ;
#5522 = CARTESIAN_POINT ( 'NONE',  ( -3.261580130883651396, 14.30385891212785943, -122.5694057594358810 ) ) ;
#5523 = CARTESIAN_POINT ( 'NONE',  ( -3.522762079436486005, 7.914544341565675545, -77.69083663435240794 ) ) ;
#5524 = B_SPLINE_CURVE_WITH_KNOTS ( 'NONE', 3,
 ( #4175, #1613, #3148, #6259 ),
 .UNSPECIFIED., .F., .F.,
 ( 4, 4 ),
 ( 3.020500691694341382E-07, 0.002003413125760241092 ),
 .UNSPECIFIED. ) ;
#5525 = VERTEX_POINT ( 'NONE', #2660 ) ;
#5526 = CARTESIAN_POINT ( 'NONE',  ( 3.673940397442059493E-14, 26.05705187735223660, 100.0000000000000000 ) ) ;
#5527 = CARTESIAN_POINT ( 'NONE',  ( 2.249587012321360557E-15, 6.500000000000008882, -100.0000000000000000 ) ) ;
#5528 = CARTESIAN_POINT ( 'NONE',  ( -21.66015832672815478, 14.30385891212785765, 92.86883441888357993 ) ) ;
#5529 = DIRECTION ( 'NONE',  ( 0.5735764363510524877, 0.000000000000000000, 0.8191520442889872466 ) ) ;
#5530 = DIRECTION ( 'NONE',  ( -1.000000000000000000, -1.084202172485504434E-16, 0.000000000000000000 ) ) ;
#5531 = ORIENTED_EDGE ( 'NONE', *, *, #2473, .T. ) ;
#5532 = EDGE_LOOP ( 'NONE', ( #6232, #1195, #724, #6129, #3863, #5911, #1703, #6408, #7, #2810, #2352, #6459, #6167, #1754, #6739, #6242, #5661, #3943, #2061, #1971, #3265, #3421, #309, #6386, #1941, #4708, #1965, #4727, #4477, #1163, #2087, #5430, #4620, #5410, #907, #3670, #317, #4270, #1464, #3980, #4515, #2446 ) ) ;
#5533 = EDGE_LOOP ( 'NONE', ( #1238, #4378, #4786, #3529 ) ) ;
#5534 = CC_DESIGN_APPROVAL ( #3181, ( #4336 ) ) ;
#5535 = DIRECTION ( 'NONE',  ( -0.9659258262890664248, 0.000000000000000000, -0.2588190451025277339 ) ) ;
#5536 = CARTESIAN_POINT ( 'NONE',  ( 0.000000000000000000, 14.00000000000002309, -77.50000000000001421 ) ) ;
#5537 = DIRECTION ( 'NONE',  ( -0.000000000000000000, -1.000000000000000000, -0.000000000000000000 ) ) ;
#5538 = DIRECTION ( 'NONE',  ( 0.000000000000000000, 1.000000000000000000, 0.000000000000000000 ) ) ;
#5539 = ORIENTED_EDGE ( 'NONE', *, *, #2122, .F. ) ;
#5540 = CARTESIAN_POINT ( 'NONE',  ( 23.11645821900312470, 6.500000000000011546, -106.4520817887781874 ) ) ;
#5541 = CARTESIAN_POINT ( 'NONE',  ( -12.00881904510228715, 16.19999999999999929, 119.3856711626453517 ) ) ;
#5542 = VERTEX_POINT ( 'NONE', #4709 ) ;
#5543 = DIRECTION ( 'NONE',  ( -0.000000000000000000, -1.000000000000000000, -0.000000000000000000 ) ) ;
#5544 = EDGE_CURVE ( 'NONE', #2135, #4964, #5234, .T. ) ;
#5545 = FACE_OUTER_BOUND ( 'NONE', #1499, .T. ) ;
#5546 = ORIENTED_EDGE ( 'NONE', *, *, #876, .T. ) ;
#5547 = ORIENTED_EDGE ( 'NONE', *, *, #4605, .F. ) ;
#5548 = LINE ( 'NONE', #4557, #1591 ) ;
#5549 = CARTESIAN_POINT ( 'NONE',  ( -10.64438394997861259, 7.302849822317445394, 120.6141089561206314 ) ) ;
#5550 = DIRECTION ( 'NONE',  ( -1.150268980431791831E-16, 1.000000000000000000, -0.000000000000000000 ) ) ;
#5551 = CARTESIAN_POINT ( 'NONE',  ( 2.292433343232362735E-16, 16.59999999999999432, -74.89999999999999147 ) ) ;
#5552 = DIRECTION ( 'NONE',  ( 0.000000000000000000, 0.000000000000000000, 1.000000000000000000 ) ) ;
#5553 = DIRECTION ( 'NONE',  ( -1.150268980431791831E-16, 1.000000000000000000, -0.000000000000000000 ) ) ;
#5554 = ORIENTED_EDGE ( 'NONE', *, *, #4176, .T. ) ;
#5555 = DIRECTION ( 'NONE',  ( -0.000000000000000000, -1.000000000000000000, -0.000000000000000000 ) ) ;
#5556 = DIRECTION ( 'NONE',  ( 0.9659258262890705327, 0.000000000000000000, -0.2588190451025120797 ) ) ;
#5557 = EDGE_CURVE ( 'NONE', #2258, #4550, #3665, .T. ) ;
#5558 = CARTESIAN_POINT ( 'NONE',  ( 22.50020032262490588, 14.00020922584322314, 99.85583006368889869 ) ) ;
#5559 = CARTESIAN_POINT ( 'NONE',  ( -22.63450800250847905, 6.903790001781014318, -106.6768188655795200 ) ) ;
#5560 = DIRECTION ( 'NONE',  ( -1.000000000000000000, -1.445602896647339163E-16, 0.000000000000000000 ) ) ;
#5561 = VERTEX_POINT ( 'NONE', #6356 ) ;
#5562 = ORIENTED_EDGE ( 'NONE', *, *, #3557, .F. ) ;
#5563 = EDGE_CURVE ( 'NONE', #1808, #5616, #4969, .T. ) ;
#5564 = CARTESIAN_POINT ( 'NONE',  ( 3.795374890435334674E-14, 15.49999999999998401, 100.0000000000000000 ) ) ;
#5565 = CARTESIAN_POINT ( 'NONE',  ( -21.45227282621729969, 7.855987779618279987, -92.74979011742273372 ) ) ;
#5566 = FACE_OUTER_BOUND ( 'NONE', #4890, .T. ) ;
#5567 = CARTESIAN_POINT ( 'NONE',  ( -21.85555259377019510, 15.49999999999998224, -109.9163915221689933 ) ) ;
#5568 = ADVANCED_FACE ( 'NONE', ( #5678 ), #3146, .T. ) ;
#5569 = ORIENTED_EDGE ( 'NONE', *, *, #1996, .F. ) ;
#5570 = DIRECTION ( 'NONE',  ( 1.150268980431791831E-16, -1.000000000000000000, -4.226019675132850335E-32 ) ) ;
#5571 = CARTESIAN_POINT ( 'NONE',  ( 10.95944521045911912, 14.06943022770656526, 119.7301366628909847 ) ) ;
#5572 = ORIENTED_EDGE ( 'NONE', *, *, #3415, .T. ) ;
#5573 = CARTESIAN_POINT ( 'NONE',  ( 5.970562373124356448, 15.49999999999998401, 76.75451904243251988 ) ) ;
#5574 = B_SPLINE_CURVE_WITH_KNOTS ( 'NONE', 3,
 ( #1725, #5446, #1858, #1289, #3365, #1350, #5000, #6034, #252, #2334 ),
 .UNSPECIFIED., .F., .F.,
 ( 4, 2, 2, 2, 4 ),
 ( 2.701643650261056450E-07, 0.0004262205778521135392, 0.0008521709913392009087, 0.001278121404826288278, 0.001704071818313375756 ),
 .UNSPECIFIED. ) ;
#5575 = CARTESIAN_POINT ( 'NONE',  ( 3.673940397442059493E-14, 26.05705187735223660, 100.0000000000000000 ) ) ;
#5576 = ORIENTED_EDGE ( 'NONE', *, *, #4630, .F. ) ;
#5577 = ORIENTED_EDGE ( 'NONE', *, *, #3139, .F. ) ;
#5578 = FACE_OUTER_BOUND ( 'NONE', #4028, .T. ) ;
#5579 = EDGE_CURVE ( 'NONE', #2339, #4172, #5960, .T. ) ;
#5580 = CARTESIAN_POINT ( 'NONE',  ( 5.534959247396265880, 6.903790001594719783, -77.05953163473503764 ) ) ;
#5581 = EDGE_CURVE ( 'NONE', #6690, #16, #485, .T. ) ;
#5582 = FACE_OUTER_BOUND ( 'NONE', #2175, .T. ) ;
#5583 = VERTEX_POINT ( 'NONE', #2696 ) ;
#5584 = FACE_OUTER_BOUND ( 'NONE', #4888, .T. ) ;
#5585 = DIRECTION ( 'NONE',  ( -0.000000000000000000, -1.000000000000000000, -0.000000000000000000 ) ) ;
#5586 = CARTESIAN_POINT ( 'NONE',  ( -21.85555259377019510, 15.49999999999998224, -109.9163915221689933 ) ) ;
#5587 = VERTEX_POINT ( 'NONE', #3701 ) ;
#5588 = LINE ( 'NONE', #3474, #6495 ) ;
#5589 = EDGE_CURVE ( 'NONE', #6268, #2280, #552, .T. ) ;
#5590 = DIRECTION ( 'NONE',  ( 0.9063077870366456068, -0.000000000000000000, 0.4226182617407089337 ) ) ;
#5591 = EDGE_CURVE ( 'NONE', #4821, #4253, #1830, .T. ) ;
#5592 = CARTESIAN_POINT ( 'NONE',  ( 17.00584971520444100, 7.696141087872122810, -115.1926645703811261 ) ) ;
#5593 = PLANE ( 'NONE',  #5856 ) ;
#5594 = VECTOR ( 'NONE', #3144, 1000.000000000000000 ) ;
#5595 = CARTESIAN_POINT ( 'NONE',  ( -10.64438394997867121, 7.302849822317452499, -120.6141089561206172 ) ) ;
#5596 = ORIENTED_EDGE ( 'NONE', *, *, #1972, .T. ) ;
#5597 = ORIENTED_EDGE ( 'NONE', *, *, #3050, .T. ) ;
#5598 = CYLINDRICAL_SURFACE ( 'NONE', #794, 24.00000000000000000 ) ;
#5599 = CARTESIAN_POINT ( 'NONE',  ( -12.00881904510257847, 7.696141087872122810, 80.61432883735480459 ) ) ;
#5600 = AXIS2_PLACEMENT_3D ( 'NONE', #2137, #1051, #4292 ) ;
#5601 = ADVANCED_FACE ( 'NONE', ( #6747 ), #1134, .T. ) ;
#5602 = CARTESIAN_POINT ( 'NONE',  ( -21.55491936037459766, 7.780755702621035219, -92.81976068293657534 ) ) ;
#5603 = CARTESIAN_POINT ( 'NONE',  ( 17.91488867054834344, 14.30385891212786831, 85.89068587045802872 ) ) ;
#5604 = CARTESIAN_POINT ( 'NONE',  ( -13.56091613274811358, 26.05705187735223305, 119.8015543238547735 ) ) ;
#5605 = ORIENTED_EDGE ( 'NONE', *, *, #4018, .T. ) ;
#5606 = VECTOR ( 'NONE', #6665, 1000.000000000000000 ) ;
#5607 = CIRCLE ( 'NONE', #5283, 24.00000000000000355 ) ;
#5608 = CARTESIAN_POINT ( 'NONE',  ( -5.970562373124471023, 15.49999999999998401, 76.75451904243257673 ) ) ;
#5609 = VERTEX_POINT ( 'NONE', #1100 ) ;
#5610 = CARTESIAN_POINT ( 'NONE',  ( 17.00500244574777398, 7.855988044976183637, 85.04689221142253075 ) ) ;
#5611 = EDGE_CURVE ( 'NONE', #1872, #3744, #2601, .T. ) ;
#5612 = VECTOR ( 'NONE', #2092, 1000.000000000000000 ) ;
#5613 = EDGE_CURVE ( 'NONE', #2281, #4821, #1671, .T. ) ;
#5614 = B_SPLINE_CURVE_WITH_KNOTS ( 'NONE', 3,
 ( #1087, #124, #1657, #2717, #3751, #1692, #5832, #1012, #2682, #6314 ),
 .UNSPECIFIED., .F., .F.,
 ( 4, 2, 2, 2, 4 ),
 ( 2.534686360499469731E-07, 0.0003492773084985305375, 0.0006983011483610111064, 0.001047324988223491621, 0.001396348828085972136 ),
 .UNSPECIFIED. ) ;
#5615 = DIRECTION ( 'NONE',  ( -0.000000000000000000, -1.000000000000000000, -0.000000000000000000 ) ) ;
#5616 = VERTEX_POINT ( 'NONE', #2084 ) ;
#5617 = VERTEX_POINT ( 'NONE', #2628 ) ;
#5618 = CYLINDRICAL_SURFACE ( 'NONE', #6724, 25.09999999999999787 ) ;
#5619 = AXIS2_PLACEMENT_3D ( 'NONE', #5526, #472, #1422 ) ;
#5620 = FACE_OUTER_BOUND ( 'NONE', #2134, .T. ) ;
#5621 = DIRECTION ( 'NONE',  ( 1.150268980431791831E-16, -1.000000000000000000, -4.226019675132849788E-32 ) ) ;
#5622 = VECTOR ( 'NONE', #332, 1000.000000000000000 ) ;
#5623 = CARTESIAN_POINT ( 'NONE',  ( 21.66015832672815122, 7.696141087872129027, -92.86883441888342361 ) ) ;
#5624 = DIRECTION ( 'NONE',  ( -0.000000000000000000, -1.000000000000000000, -0.000000000000000000 ) ) ;
#5625 = EDGE_CURVE ( 'NONE', #1569, #5330, #6754, .T. ) ;
#5626 = CARTESIAN_POINT ( 'NONE',  ( -3.664496734298225533, 7.970006936681065746, -77.76988829173632212 ) ) ;
#5627 = VERTEX_POINT ( 'NONE', #1066 ) ;
#5628 = DIRECTION ( 'NONE',  ( -1.000000000000000000, -1.084202172485504434E-16, 0.000000000000000000 ) ) ;
#5629 = CARTESIAN_POINT ( 'NONE',  ( -4.080732175172602005, 16.19999999999999929, 123.1429821957869279 ) ) ;
#5630 = VECTOR ( 'NONE', #5944, 1000.000000000000000 ) ;
#5631 = EDGE_CURVE ( 'NONE', #4404, #957, #949, .T. ) ;
#5632 = CARTESIAN_POINT ( 'NONE',  ( 22.71078579250048080, 14.21924496473451960, 100.6249993548735233 ) ) ;
#5633 = CARTESIAN_POINT ( 'NONE',  ( 3.696864730874382874E-14, 0.000000000000000000, 100.0000000000000000 ) ) ;
#5634 = LINE ( 'NONE', #443, #1243 ) ;
#5635 = ORIENTED_EDGE ( 'NONE', *, *, #2509, .F. ) ;
#5636 = EDGE_LOOP ( 'NONE', ( #5547, #6469, #5257, #2472 ) ) ;
#5637 = DIRECTION ( 'NONE',  ( 4.159166725385327559E-17, 0.000000000000000000, -1.000000000000000000 ) ) ;
#5638 = DIRECTION ( 'NONE',  ( -0.000000000000000000, -1.000000000000000000, -0.000000000000000000 ) ) ;
#5639 = EDGE_CURVE ( 'NONE', #2917, #3913, #6226, .T. ) ;
#5640 = VECTOR ( 'NONE', #4410, 1000.000000000000000 ) ;
#5641 = B_SPLINE_CURVE_WITH_KNOTS ( 'NONE', 3,
 ( #6697, #2008, #3201, #5742, #5702, #1017, #5287, #6738, #26, #5192 ),
 .UNSPECIFIED., .F., .F.,
 ( 4, 2, 2, 2, 4 ),
 ( 2.988698850704597295E-07, 0.0004262494385435629729, 0.0008522000072020554729, 0.001278150575860547864, 0.001704101144519040364 ),
 .UNSPECIFIED. ) ;
#5642 = CARTESIAN_POINT ( 'NONE',  ( 10.36819101250150510, 6.500000000000009770, 78.35512496852237518 ) ) ;
#5643 = DIRECTION ( 'NONE',  ( 0.000000000000000000, 0.000000000000000000, -1.000000000000000000 ) ) ;
#5644 = CARTESIAN_POINT ( 'NONE',  ( 22.63855090686941196, 14.14431377778655197, -99.47544626193446504 ) ) ;
#5645 = EDGE_LOOP ( 'NONE', ( #4902, #4185, #5715, #2915 ) ) ;
#5646 = PRODUCT ( 'LowerLink', 'LowerLink', '', ( #4908 ) ) ;
#5647 = CARTESIAN_POINT ( 'NONE',  ( -22.14931219668980589, 7.302849822347127429, 106.9030693855374494 ) ) ;
#5648 = ORIENTED_EDGE ( 'NONE', *, *, #4278, .F. ) ;
#5649 = LINE ( 'NONE', #1476, #150 ) ;
#5650 = EDGE_CURVE ( 'NONE', #1131, #2278, #652, .T. ) ;
#5651 = FACE_OUTER_BOUND ( 'NONE', #5636, .T. ) ;
#5652 = EDGE_LOOP ( 'NONE', ( #632, #2380, #2121, #675 ) ) ;
#5653 = ORIENTED_EDGE ( 'NONE', *, *, #4423, .F. ) ;
#5654 = DIRECTION ( 'NONE',  ( -1.000000000000000000, -1.084202172485504434E-16, 5.782411586589356653E-16 ) ) ;
#5655 = B_SPLINE_CURVE_WITH_KNOTS ( 'NONE', 3,
 ( #356, #6032, #6066, #1856 ),
 .UNSPECIFIED., .F., .F.,
 ( 4, 4 ),
 ( 0.001150320977456990596, 0.003153469944068590554 ),
 .UNSPECIFIED. ) ;
#5656 = CARTESIAN_POINT ( 'NONE',  ( 22.79289321881345032, 7.696141087872137021, -99.29289321881346098 ) ) ;
#5657 = CARTESIAN_POINT ( 'NONE',  ( 2.249587012321360557E-15, 6.500000000000008882, -100.0000000000000000 ) ) ;
#5658 = CARTESIAN_POINT ( 'NONE',  ( 2.339929324814592704, 15.49999999999998401, 123.8856595210363309 ) ) ;
#5659 = LINE ( 'NONE', #6175, #3793 ) ;
#5660 = CARTESIAN_POINT ( 'NONE',  ( -3.301695925077574589, 7.747105686974417260, -77.48788553208066787 ) ) ;
#5661 = ORIENTED_EDGE ( 'NONE', *, *, #5395, .T. ) ;
#5662 = CARTESIAN_POINT ( 'NONE',  ( -13.56091613274811181, 15.49999999999998224, 119.8015543238547735 ) ) ;
#5663 = CARTESIAN_POINT ( 'NONE',  ( 2.339929324814266742, 6.500000000000008882, 76.11434047896365485 ) ) ;
#5664 = B_SPLINE_CURVE_WITH_KNOTS ( 'NONE', 3,
 ( #2952, #4588, #3577, #3023, #6685, #4488, #6576, #1891, #2439, #6617 ),
 .UNSPECIFIED., .F., .F.,
 ( 4, 2, 2, 2, 4 ),
 ( 2.457714202007290464E-07, 0.0004261960535715214019, 0.0008521463357228420193, 0.001278096617874162908, 0.001704046900025483471 ),
 .UNSPECIFIED. ) ;
#5665 = B_SPLINE_CURVE_WITH_KNOTS ( 'NONE', 3,
 ( #5816, #1145, #3320, #5307 ),
 .UNSPECIFIED., .F., .F.,
 ( 4, 4 ),
 ( 2.483701086442273867E-07, 0.002003359445416175427 ),
 .UNSPECIFIED. ) ;
#5666 = CARTESIAN_POINT ( 'NONE',  ( 21.17646880143222177, 7.696141087872142350, 91.53990837010607606 ) ) ;
#5667 = CARTESIAN_POINT ( 'NONE',  ( 1.214344929932751015E-15, 15.49999999999998401, -100.0000000000000000 ) ) ;
#5668 = CARTESIAN_POINT ( 'NONE',  ( 10.36819101250182129, 15.49999999999998579, 121.6448750314774827 ) ) ;
#5669 = EDGE_CURVE ( 'NONE', #1115, #5561, #5907, .T. ) ;
#5670 = ORIENTED_EDGE ( 'NONE', *, *, #1133, .T. ) ;
#5671 = ORIENTED_EDGE ( 'NONE', *, *, #363, .T. ) ;
#5672 = VERTEX_POINT ( 'NONE', #1298 ) ;
#5673 = CARTESIAN_POINT ( 'NONE',  ( 18.45255644614366375, 7.302849822303719485, -85.93772570556585322 ) ) ;
#5674 = CARTESIAN_POINT ( 'NONE',  ( -22.49980162688841645, 8.000207189684861220, 100.1413774375222658 ) ) ;
#5675 = EDGE_CURVE ( 'NONE', #2215, #3427, #1165, .T. ) ;
#5676 = B_SPLINE_CURVE_WITH_KNOTS ( 'NONE', 3,
 ( #6237, #6271, #3610, #4720 ),
 .UNSPECIFIED., .F., .F.,
 ( 4, 4 ),
 ( 3.020644791546214057E-07, 0.002003451032597846574 ),
 .UNSPECIFIED. ) ;
#5677 = ORIENTED_EDGE ( 'NONE', *, *, #5801, .F. ) ;
#5678 = FACE_OUTER_BOUND ( 'NONE', #4799, .T. ) ;
#5679 = CARTESIAN_POINT ( 'NONE',  ( -21.85555259377030524, 26.05705187735223660, 90.08360847783133352 ) ) ;
#5680 = CARTESIAN_POINT ( 'NONE',  ( 22.63826109486597105, 14.14401304906949797, -100.5241420964013628 ) ) ;
#5681 = ORIENTED_EDGE ( 'NONE', *, *, #6021, .T. ) ;
#5682 = DIRECTION ( 'NONE',  ( -1.150268980431791831E-16, 1.000000000000000000, -0.000000000000000000 ) ) ;
#5683 = EDGE_LOOP ( 'NONE', ( #5333, #4051, #6666, #1482 ) ) ;
#5684 = CARTESIAN_POINT ( 'NONE',  ( 4.261770861032788204E-14, 15.49999999999998401, 123.9999999999999716 ) ) ;
#5685 = EDGE_CURVE ( 'NONE', #3705, #33, #2735, .T. ) ;
#5686 = EDGE_CURVE ( 'NONE', #85, #4494, #6743, .T. ) ;
#5687 = DIRECTION ( 'NONE',  ( -0.9961946980917461003, 0.000000000000000000, -0.08715574274765194862 ) ) ;
#5688 = EDGE_LOOP ( 'NONE', ( #5404, #186, #6114, #5813 ) ) ;
#5689 = ORIENTED_EDGE ( 'NONE', *, *, #663, .T. ) ;
#5690 = LINE ( 'NONE', #3090, #1478 ) ;
#5691 = CARTESIAN_POINT ( 'NONE',  ( -5.970562373124467470, 6.500000000000007994, 76.75451904243257673 ) ) ;
#5692 = EDGE_CURVE ( 'NONE', #38, #4872, #3064, .T. ) ;
#5693 = CARTESIAN_POINT ( 'NONE',  ( -11.77304895862634382, 14.14401203891870118, -119.3432381658162740 ) ) ;
#5694 = CARTESIAN_POINT ( 'NONE',  ( -21.85555259377034076, 15.49999999999998224, -90.08360847783133352 ) ) ;
#5695 = CARTESIAN_POINT ( 'NONE',  ( -10.86521116380261809, 7.855987961163993560, -119.8673785609462783 ) ) ;
#5696 = VERTEX_POINT ( 'NONE', #769 ) ;
#5697 = CARTESIAN_POINT ( 'NONE',  ( -5.970562373124514544, 26.05705187735223660, -76.75451904243257673 ) ) ;
#5698 = CARTESIAN_POINT ( 'NONE',  ( -12.00881904510261933, 16.19999999999999929, -80.61432883735480459 ) ) ;
#5699 = EDGE_CURVE ( 'NONE', #4814, #3427, #3374, .T. ) ;
#5700 = CARTESIAN_POINT ( 'NONE',  ( -21.85555259377030879, 6.500000000000006217, 90.08360847783134773 ) ) ;
#5701 = CARTESIAN_POINT ( 'NONE',  ( 21.85555259377040116, 15.49999999999998579, -109.9163915221685528 ) ) ;
#5702 = CARTESIAN_POINT ( 'NONE',  ( -3.765139453739576592, 7.999790715595643142, 77.81659343453659972 ) ) ;
#5703 = ORIENTED_EDGE ( 'NONE', *, *, #1266, .F. ) ;
#5704 = ORIENTED_EDGE ( 'NONE', *, *, #6679, .T. ) ;
#5705 = CARTESIAN_POINT ( 'NONE',  ( 22.14931219668998352, 7.302849822347134534, -106.9030693855369663 ) ) ;
#5706 = CARTESIAN_POINT ( 'NONE',  ( -17.00500244574759989, 7.855988044976187190, 114.9531077885775971 ) ) ;
#5707 = DIRECTION ( 'NONE',  ( 0.000000000000000000, 1.000000000000000000, 0.000000000000000000 ) ) ;
#5708 = EDGE_LOOP ( 'NONE', ( #5193, #3944, #5504, #2168 ) ) ;
#5709 = ORIENTED_EDGE ( 'NONE', *, *, #2239, .T. ) ;
#5710 = CIRCLE ( 'NONE', #5478, 24.00000000000000355 ) ;
#5711 = CARTESIAN_POINT ( 'NONE',  ( 17.00584971520444100, 7.696141087872122810, -115.1926645703811261 ) ) ;
#5712 = DIRECTION ( 'NONE',  ( 0.9961946980917454342, 0.000000000000000000, -0.08715574274765877649 ) ) ;
#5713 = CARTESIAN_POINT ( 'NONE',  ( -21.66015832672818675, 7.696141087872132580, -92.86883441888356572 ) ) ;
#5714 = EDGE_CURVE ( 'NONE', #6465, #4302, #1705, .T. ) ;
#5715 = ORIENTED_EDGE ( 'NONE', *, *, #5354, .F. ) ;
#5716 = DIRECTION ( 'NONE',  ( -0.000000000000000000, 1.000000000000000000, -0.000000000000000000 ) ) ;
#5717 = ORIENTED_EDGE ( 'NONE', *, *, #1721, .T. ) ;
#5718 = VECTOR ( 'NONE', #6621, 1000.000000000000000 ) ;
#5719 = CARTESIAN_POINT ( 'NONE',  ( -23.55308668979005660, 6.903790002480920229, -101.4673002521631560 ) ) ;
#5720 = VECTOR ( 'NONE', #5197, 1000.000000000000114 ) ;
#5721 = AXIS2_PLACEMENT_3D ( 'NONE', #2856, #269, #5492 ) ;
#5722 = EDGE_CURVE ( 'NONE', #1330, #6287, #3347, .T. ) ;
#5723 = CIRCLE ( 'NONE', #2768, 24.00000000000000355 ) ;
#5724 = EDGE_CURVE ( 'NONE', #752, #2155, #173, .T. ) ;
#5726 = B_SPLINE_CURVE_WITH_KNOTS ( 'NONE', 3,
 ( #4409, #6498, #3317, #3902, #777, #2864, #1845, #3934, #3413, #5502 ),
 .UNSPECIFIED., .F., .F.,
 ( 4, 2, 2, 2, 4 ),
 ( 2.534686360494924870E-07, 0.0003492773084985222975, 0.0006983011483609951687, 0.001047324988223467769, 0.001396348828085940694 ),
 .UNSPECIFIED. ) ;
#5725 = CARTESIAN_POINT ( 'NONE',  ( 3.795374890435334674E-14, 15.49999999999998401, 100.0000000000000000 ) ) ;
#5727 = VERTEX_POINT ( 'NONE', #1171 ) ;
#5728 = CARTESIAN_POINT ( 'NONE',  ( 3.673940397442059493E-14, 26.05705187735223660, 100.0000000000000000 ) ) ;
#5729 = CARTESIAN_POINT ( 'NONE',  ( -5.096422646325567740, 7.302849822398320256, 77.36659826858573297 ) ) ;
#5730 = AXIS2_PLACEMENT_3D ( 'NONE', #2201, #1696, #6072 ) ;
#5731 = EDGE_CURVE ( 'NONE', #3994, #6529, #1381, .T. ) ;
#5732 = CARTESIAN_POINT ( 'NONE',  ( 12.00881904510249321, 14.30385891212785943, 80.61432883735471933 ) ) ;
#5733 = FACE_OUTER_BOUND ( 'NONE', #5708, .T. ) ;
#5734 = AXIS2_PLACEMENT_3D ( 'NONE', #3905, #6501, #2424 ) ;
#5735 = DIRECTION ( 'NONE',  ( -0.000000000000000000, 1.000000000000000000, -0.000000000000000000 ) ) ;
#5736 = VERTEX_POINT ( 'NONE', #3247 ) ;
#5737 = CARTESIAN_POINT ( 'NONE',  ( 3.767821056168016547, 8.000207247187885784, 77.81747123249657250 ) ) ;
#5738 = CARTESIAN_POINT ( 'NONE',  ( -25.00000000000000000, 14.99999999999996625, 0.000000000000000000 ) ) ;
#5739 = AXIS2_PLACEMENT_3D ( 'NONE', #220, #1755, #3330 ) ;
#5740 = CARTESIAN_POINT ( 'NONE',  ( 3.696864730874382874E-14, 0.000000000000000000, 100.0000000000000000 ) ) ;
#5741 = DIRECTION ( 'NONE',  ( -0.000000000000000000, -1.000000000000000000, -0.000000000000000000 ) ) ;
#5742 = CARTESIAN_POINT ( 'NONE',  ( -3.632706234369161180, 7.966209495446770816, 77.76063496235303774 ) ) ;
#5743 = ORIENTED_EDGE ( 'NONE', *, *, #5253, .F. ) ;
#5744 = VERTEX_POINT ( 'NONE', #1262 ) ;
#5745 = CARTESIAN_POINT ( 'NONE',  ( 2.292433343232368651E-16, 5.400000000000000355, -74.90000000000000568 ) ) ;
#5746 = VECTOR ( 'NONE', #5682, 1000.000000000000000 ) ;
#5747 = DIRECTION ( 'NONE',  ( -0.000000000000000000, -1.000000000000000000, -0.000000000000000000 ) ) ;
#5748 = CARTESIAN_POINT ( 'NONE',  ( -22.53199474478136111, 7.966540245393855635, 100.2833455553043791 ) ) ;
#5749 = EDGE_LOOP ( 'NONE', ( #3378, #1367, #1532, #3602 ) ) ;
#5750 = VECTOR ( 'NONE', #4057, 999.9999999999998863 ) ;
#5751 = CARTESIAN_POINT ( 'NONE',  ( 17.32672204318904718, 8.000207311578270364, -114.3542940661681513 ) ) ;
#5752 = CARTESIAN_POINT ( 'NONE',  ( 3.261580130884094597, 14.30385891212785587, -122.5694057594358100 ) ) ;
#5753 = DIRECTION ( 'NONE',  ( -1.000000000000000000, -1.445602896647338917E-16, 0.000000000000000000 ) ) ;
#5754 = EDGE_LOOP ( 'NONE', ( #6321, #3089, #583, #6651 ) ) ;
#5755 = VERTEX_POINT ( 'NONE', #1802 ) ;
#5756 = VECTOR ( 'NONE', #2097, 1000.000000000000000 ) ;
#5757 = CARTESIAN_POINT ( 'NONE',  ( 3.261580130884094597, 7.696141087872141462, -122.5694057594358100 ) ) ;
#5758 = CARTESIAN_POINT ( 'NONE',  ( 5.970562373124710831, 6.500000000000009770, 123.2454809575673949 ) ) ;
#5759 = ORIENTED_EDGE ( 'NONE', *, *, #2551, .F. ) ;
#5760 = DIRECTION ( 'NONE',  ( -1.150268980431791831E-16, 1.000000000000000000, -0.000000000000000000 ) ) ;
#5761 = CARTESIAN_POINT ( 'NONE',  ( 21.66015832672823649, 7.696141087872132580, -107.1311655811163064 ) ) ;
#5762 = ADVANCED_FACE ( 'NONE', ( #2759 ), #5327, .F. ) ;
#5763 = B_SPLINE_CURVE_WITH_KNOTS ( 'NONE', 3,
 ( #3357, #241, #633, #4284 ),
 .UNSPECIFIED., .F., .F.,
 ( 4, 4 ),
 ( 0.001801214201451005817, 0.003804325276934542466 ),
 .UNSPECIFIED. ) ;
#5764 = CARTESIAN_POINT ( 'NONE',  ( -17.05288955031186759, 7.302849822303710603, 115.7303323459768478 ) ) ;
#5765 = CYLINDRICAL_SURFACE ( 'NONE', #6193, 1.000000000000000888 ) ;
#5766 = DIRECTION ( 'NONE',  ( -0.000000000000000000, -1.000000000000000000, -0.000000000000000000 ) ) ;
#5767 = EDGE_LOOP ( 'NONE', ( #1635, #1027, #6049, #4122 ) ) ;
#5768 = ORIENTED_EDGE ( 'NONE', *, *, #1005, .F. ) ;
#5769 = LINE ( 'NONE', #2646, #2893 ) ;
#5770 = CARTESIAN_POINT ( 'NONE',  ( 11.31794380440978287, 13.99654927966464868, -80.55748350079488773 ) ) ;
#5771 = EDGE_CURVE ( 'NONE', #3287, #4783, #1735, .T. ) ;
#5772 = CARTESIAN_POINT ( 'NONE',  ( 2.292433343232368651E-16, 0.000000000000000000, -74.90000000000000568 ) ) ;
#5773 = CARTESIAN_POINT ( 'NONE',  ( 22.79289321881345032, 7.696141087872133468, -100.7071067811865532 ) ) ;
#5774 = CARTESIAN_POINT ( 'NONE',  ( -4.191680139668694238, 14.03345960926812275, -122.1404806385290840 ) ) ;
#5775 = ADVANCED_FACE ( 'NONE', ( #712 ), #4399, .T. ) ;
#5776 = VERTEX_POINT ( 'NONE', #4940 ) ;
#5777 = EDGE_LOOP ( 'NONE', ( #6112, #3759, #177, #1589 ) ) ;
#5778 = CARTESIAN_POINT ( 'NONE',  ( -4.654308611523994443, 14.30385891212785232, -77.67616984850212702 ) ) ;
#5779 = CARTESIAN_POINT ( 'NONE',  ( 17.44350177171683924, 14.03379041348177658, 114.2656985017619178 ) ) ;
#5780 = DIRECTION ( 'NONE',  ( -1.150268980431791831E-16, 1.000000000000000000, -0.000000000000000000 ) ) ;
#5781 = ORIENTED_EDGE ( 'NONE', *, *, #3596, .F. ) ;
#5782 = CARTESIAN_POINT ( 'NONE',  ( 2.339929324814596256, 26.05705187735223660, 123.8856595210363167 ) ) ;
#5783 = PLANE ( 'NONE',  #3418 ) ;
#5784 = DIRECTION ( 'NONE',  ( -0.000000000000000000, -1.000000000000000000, -0.000000000000000000 ) ) ;
#5785 = ADVANCED_FACE ( 'NONE', ( #2825 ), #5983, .T. ) ;
#5786 = VERTEX_POINT ( 'NONE', #2854 ) ;
#5787 = ORIENTED_EDGE ( 'NONE', *, *, #3983, .T. ) ;
#5788 = CARTESIAN_POINT ( 'NONE',  ( -4.654308611523992667, 7.696141087872144126, -77.67616984850212702 ) ) ;
#5789 = ORIENTED_EDGE ( 'NONE', *, *, #2058, .F. ) ;
#5790 = CARTESIAN_POINT ( 'NONE',  ( -5.970562373124141509, 26.05705187735223660, 123.2454809575675228 ) ) ;
#5791 = DIRECTION ( 'NONE',  ( 0.7071067811865460184, 0.000000000000000000, -0.7071067811865489050 ) ) ;
#5792 = CARTESIAN_POINT ( 'NONE',  ( 4.080732175173142906, 7.984138133119871306, 122.1429821957868285 ) ) ;
#5793 = DIRECTION ( 'NONE',  ( -1.000000000000000000, -1.084202172485504434E-16, 5.782411586589356653E-16 ) ) ;
#5794 = DIRECTION ( 'NONE',  ( -1.000000000000000000, -1.445602896647339163E-16, 0.000000000000000000 ) ) ;
#5795 = ORIENTED_EDGE ( 'NONE', *, *, #5268, .T. ) ;
#5796 = CARTESIAN_POINT ( 'NONE',  ( 3.414914353429916005, 7.855987466600040214, 77.61464927888324894 ) ) ;
#5797 = PLANE ( 'NONE',  #1456 ) ;
#5798 = CARTESIAN_POINT ( 'NONE',  ( 3.414558381703043377, 14.14431384638419509, 77.61429165759246018 ) ) ;
#5799 = DIRECTION ( 'NONE',  ( -0.000000000000000000, -1.000000000000000000, -0.000000000000000000 ) ) ;
#5800 = CARTESIAN_POINT ( 'NONE',  ( -22.79289321881341834, 14.30385891212786120, 100.7071067811865674 ) ) ;
#5801 = EDGE_CURVE ( 'NONE', #3939, #412, #268, .T. ) ;
#5802 = VERTEX_POINT ( 'NONE', #6013 ) ;
#5803 = ORIENTED_EDGE ( 'NONE', *, *, #6127, .T. ) ;
#5804 = CARTESIAN_POINT ( 'NONE',  ( 4.555686092828153191E-14, 6.500000000000008882, 124.0000000000000000 ) ) ;
#5805 = B_SPLINE_CURVE_WITH_KNOTS ( 'NONE', 3,
 ( #1595, #5764, #4724, #6309 ),
 .UNSPECIFIED., .F., .F.,
 ( 4, 4 ),
 ( 2.483701086447509060E-07, 0.002003359445416186269 ),
 .UNSPECIFIED. ) ;
#5806 = CARTESIAN_POINT ( 'NONE',  ( 17.32882370698778729, 14.00020935018146950, 114.3524100280101834 ) ) ;
#5807 = EDGE_CURVE ( 'NONE', #2940, #5587, #372, .T. ) ;
#5808 = B_SPLINE_CURVE_WITH_KNOTS ( 'NONE', 3,
 ( #1694, #703, #4867, #1191 ),
 .UNSPECIFIED., .F., .F.,
 ( 4, 4 ),
 ( 0.001801258386707709717, 0.003804369461405604416 ),
 .UNSPECIFIED. ) ;
#5809 = ORIENTED_EDGE ( 'NONE', *, *, #5581, .F. ) ;
#5810 = CARTESIAN_POINT ( 'NONE',  ( 17.14348332776403083, 7.999790649810160303, -114.5732900908152772 ) ) ;
#5811 = DIRECTION ( 'NONE',  ( -1.150268980431791831E-16, 1.000000000000000000, 4.226019675132850335E-32 ) ) ;
#5812 = DIRECTION ( 'NONE',  ( -0.9659258262890689783, 0.000000000000000000, 0.2588190451025183525 ) ) ;
#5813 = ORIENTED_EDGE ( 'NONE', *, *, #5196, .F. ) ;
#5814 = CARTESIAN_POINT ( 'NONE',  ( 23.17452302102562811, 14.69713885595419001, 98.91126341660131516 ) ) ;
#5815 = AXIS2_PLACEMENT_3D ( 'NONE', #5477, #2884, #1757 ) ;
#5816 = CARTESIAN_POINT ( 'NONE',  ( 17.00584971520425981, 7.696141087872121034, 84.80733542961863236 ) ) ;
#5817 = CIRCLE ( 'NONE', #2862, 24.00000000000000000 ) ;
#5818 = ADVANCED_FACE ( 'NONE', ( #6046 ), #914, .F. ) ;
#5819 = EDGE_LOOP ( 'NONE', ( #196, #5266, #570, #4429 ) ) ;
#5820 = CARTESIAN_POINT ( 'NONE',  ( 10.78407417371089139, 7.696141087872137909, -79.90722205616819451 ) ) ;
#5821 = ORIENTED_EDGE ( 'NONE', *, *, #5858, .F. ) ;
#5822 = CARTESIAN_POINT ( 'NONE',  ( -21.85555259377034076, 15.49999999999998224, -90.08360847783133352 ) ) ;
#5823 = B_SPLINE_CURVE_WITH_KNOTS ( 'NONE', 3,
 ( #438, #2515, #4595, #5662 ),
 .UNSPECIFIED., .F., .F.,
 ( 4, 4 ),
 ( 2.561654051519648622E-07, 0.002003405131142457340 ),
 .UNSPECIFIED. ) ;
#5824 = EDGE_CURVE ( 'NONE', #1516, #4312, #3955, .T. ) ;
#5825 = AXIS2_PLACEMENT_3D ( 'NONE', #4298, #4389, #5899 ) ;
#5826 = CARTESIAN_POINT ( 'NONE',  ( -17.00584971520428113, 7.696141087872139686, 84.80733542961877447 ) ) ;
#5827 = PLANE ( 'NONE',  #3214 ) ;
#5828 = ORIENTED_EDGE ( 'NONE', *, *, #2004, .F. ) ;
#5829 = CARTESIAN_POINT ( 'NONE',  ( 4.192683576609941731, 7.966209495135204044, 77.85937407607191574 ) ) ;
#5830 = AXIS2_PLACEMENT_3D ( 'NONE', #2652, #512, #4238 ) ;
#5832 = CARTESIAN_POINT ( 'NONE',  ( 11.31794380441009551, 8.003450720335361979, 119.4425164992049559 ) ) ;
#5831 = AXIS2_PLACEMENT_3D ( 'NONE', #1989, #2476, #1928 ) ;
#5833 = AXIS2_PLACEMENT_3D ( 'NONE', #6311, #5141, #4193 ) ;
#5834 = CARTESIAN_POINT ( 'NONE',  ( 19.51562326895613353, 15.49999999999998579, -113.9692679988673092 ) ) ;
#5835 = CARTESIAN_POINT ( 'NONE',  ( 22.53199474478140019, 7.966540245393859188, -99.71665444469566353 ) ) ;
#5836 = B_SPLINE_CURVE_WITH_KNOTS ( 'NONE', 3,
 ( #1192, #1220, #4388, #672 ),
 .UNSPECIFIED., .F., .F.,
 ( 4, 4 ),
 ( 2.730032382625388837E-07, 0.002003384078721835888 ),
 .UNSPECIFIED. ) ;
#5837 = CARTESIAN_POINT ( 'NONE',  ( 0.000000000000000000, 14.00000000000002309, -100.0000000000000000 ) ) ;
#5838 = B_SPLINE_CURVE_WITH_KNOTS ( 'NONE', 3,
 ( #1385, #1853, #2914, #2397 ),
 .UNSPECIFIED., .F., .F.,
 ( 4, 4 ),
 ( 2.730162618578579570E-07, 0.002003421982873422429 ),
 .UNSPECIFIED. ) ;
#5839 = ORIENTED_EDGE ( 'NONE', *, *, #528, .F. ) ;
#5840 = EDGE_LOOP ( 'NONE', ( #3960, #4782, #1310, #3513 ) ) ;
#5841 = CARTESIAN_POINT ( 'NONE',  ( -17.09954750643177945, 15.09619911758237620, -83.73636477523569965 ) ) ;
#5842 = CARTESIAN_POINT ( 'NONE',  ( -17.00584971520410704, 7.696141087872126363, -115.1926645703814955 ) ) ;
#5843 = VECTOR ( 'NONE', #2867, 1000.000000000000000 ) ;
#5844 = EDGE_CURVE ( 'NONE', #4109, #930, #4598, .T. ) ;
#5845 = ORIENTED_EDGE ( 'NONE', *, *, #3603, .F. ) ;
#5846 = CARTESIAN_POINT ( 'NONE',  ( -18.45255644614357138, 7.302849822303711491, -114.0622742944343031 ) ) ;
#5847 = VECTOR ( 'NONE', #3429, 1000.000000000000000 ) ;
#5848 = DIRECTION ( 'NONE',  ( 4.159166725385326943E-17, 0.000000000000000000, -1.000000000000000000 ) ) ;
#5849 = LINE ( 'NONE', #5203, #5413 ) ;
#5850 = VERTEX_POINT ( 'NONE', #3509 ) ;
#5851 = EDGE_CURVE ( 'NONE', #5627, #3744, #3967, .T. ) ;
#5852 = ORIENTED_EDGE ( 'NONE', *, *, #5104, .T. ) ;
#5853 = CARTESIAN_POINT ( 'NONE',  ( 3.673940397442059493E-14, 26.05705187735223660, 100.0000000000000000 ) ) ;
#5854 = AXIS2_PLACEMENT_3D ( 'NONE', #806, #1363, #441 ) ;
#5855 = B_SPLINE_CURVE_WITH_KNOTS ( 'NONE', 3,
 ( #5503, #313, #604, #3935, #6023, #5434, #818, #1813, #5464, #3353 ),
 .UNSPECIFIED., .F., .F.,
 ( 4, 2, 2, 2, 4 ),
 ( 2.457757373987753448E-07, 0.0004261960578666494030, 0.0008521463399959000552, 0.001278096622125150924, 0.001704046904254401468 ),
 .UNSPECIFIED. ) ;
#5856 = AXIS2_PLACEMENT_3D ( 'NONE', #3925, #3444, #5529 ) ;
#5857 = CARTESIAN_POINT ( 'NONE',  ( 3.908633650785328317, 13.99623342490529865, -77.84576158555100278 ) ) ;
#5858 = EDGE_CURVE ( 'NONE', #1421, #801, #6294, .T. ) ;
#5859 = ORIENTED_EDGE ( 'NONE', *, *, #573, .T. ) ;
#5860 = DIRECTION ( 'NONE',  ( -0.000000000000000000, -1.000000000000000000, -0.000000000000000000 ) ) ;
#5861 = ORIENTED_EDGE ( 'NONE', *, *, #2239, .F. ) ;
#5862 = CARTESIAN_POINT ( 'NONE',  ( -23.92910714524987270, 15.49999999999998046, -101.8433207076229792 ) ) ;
#5863 = CIRCLE ( 'NONE', #4865, 24.00000000000000355 ) ;
#5864 = DIRECTION ( 'NONE',  ( -0.8191520442890004583, 0.000000000000000000, -0.5735764363510338359 ) ) ;
#5865 = EDGE_CURVE ( 'NONE', #3982, #597, #1200, .T. ) ;
#5866 = VERTEX_POINT ( 'NONE', #807 ) ;
#5867 = CARTESIAN_POINT ( 'NONE',  ( 4.004251077460369106E-14, 16.59999999999999432, 74.89999999999999147 ) ) ;
#5868 = CARTESIAN_POINT ( 'NONE',  ( -11.89665713670601832, 7.780755848668060359, 80.64438253013121027 ) ) ;
#5869 = CARTESIAN_POINT ( 'NONE',  ( -23.17452302102555350, 14.69713885595419001, 98.91126341660132937 ) ) ;
#5870 = CARTESIAN_POINT ( 'NONE',  ( -12.00881904510257847, 16.19999999999999929, 80.61432883735480459 ) ) ;
#5871 = CARTESIAN_POINT ( 'NONE',  ( 25.00000000000000355, 0.000000000000000000, -83.41687604822300273 ) ) ;
#5872 = ORIENTED_EDGE ( 'NONE', *, *, #239, .T. ) ;
#5873 = ORIENTED_EDGE ( 'NONE', *, *, #5114, .F. ) ;
#5874 = DIRECTION ( 'NONE',  ( -1.150268980431791831E-16, 1.000000000000000000, -0.000000000000000000 ) ) ;
#5875 = CARTESIAN_POINT ( 'NONE',  ( -24.99999999999999645, 14.99999999999996625, -83.41687604822300273 ) ) ;
#5876 = ORIENTED_EDGE ( 'NONE', *, *, #5731, .F. ) ;
#5877 = EDGE_CURVE ( 'NONE', #5118, #1644, #5012, .T. ) ;
#5878 = DIRECTION ( 'NONE',  ( -0.000000000000000000, -1.000000000000000000, -0.000000000000000000 ) ) ;
#5879 = CARTESIAN_POINT ( 'NONE',  ( -17.91488867054816225, 16.19999999999999929, 114.1093141295420992 ) ) ;
#5880 = PERSON_AND_ORGANIZATION ( #384, #3894 ) ;
#5881 = ORIENTED_EDGE ( 'NONE', *, *, #3597, .T. ) ;
#5882 = EDGE_CURVE ( 'NONE', #3861, #3349, #6664, .T. ) ;
#5883 = ORIENTED_EDGE ( 'NONE', *, *, #2450, .T. ) ;
#5884 = DIRECTION ( 'NONE',  ( -0.000000000000000000, -1.000000000000000000, -0.000000000000000000 ) ) ;
#5885 = CARTESIAN_POINT ( 'NONE',  ( 10.78407417371116139, 16.19999999999999929, -120.0927779438316634 ) ) ;
#5886 = ADVANCED_FACE ( 'NONE', ( #1364 ), #4064, .F. ) ;
#5887 = ORIENTED_EDGE ( 'NONE', *, *, #3256, .F. ) ;
#5888 = CYLINDRICAL_SURFACE ( 'NONE', #6290, 1.000000000000000888 ) ;
#5889 = VERTEX_POINT ( 'NONE', #6110 ) ;
#5890 = CARTESIAN_POINT ( 'NONE',  ( 2.339929324814592704, 15.49999999999998401, 123.8856595210363309 ) ) ;
#5891 = ADVANCED_FACE ( 'NONE', ( #1426 ), #5593, .T. ) ;
#5892 = CARTESIAN_POINT ( 'NONE',  ( 10.78407417371090382, 7.696141087872132580, 79.90722205616818030 ) ) ;
#5893 = ORIENTED_EDGE ( 'NONE', *, *, #2928, .F. ) ;
#5894 = CARTESIAN_POINT ( 'NONE',  ( -21.17646880143209032, 16.19999999999999929, 108.4600916298941087 ) ) ;
#5895 = CARTESIAN_POINT ( 'NONE',  ( -13.56091613274811358, 6.500000000000007105, 119.8015543238547735 ) ) ;
#5896 = CARTESIAN_POINT ( 'NONE',  ( 4.080732175172824050, 16.19999999999999929, 76.85701780421308627 ) ) ;
#5897 = CARTESIAN_POINT ( 'NONE',  ( -23.55307655630511476, 15.09619911566455386, 98.53270988132177877 ) ) ;
#5898 = CYLINDRICAL_SURFACE ( 'NONE', #1920, 1.000000000000000888 ) ;
#5899 = DIRECTION ( 'NONE',  ( -1.000000000000000000, -1.445602896647338917E-16, 5.782411586589355667E-16 ) ) ;
#5900 = EDGE_LOOP ( 'NONE', ( #1116, #1776, #4719, #3977 ) ) ;
#5901 = ORIENTED_EDGE ( 'NONE', *, *, #5685, .F. ) ;
#5902 = ORIENTED_EDGE ( 'NONE', *, *, #5714, .F. ) ;
#5903 = CARTESIAN_POINT ( 'NONE',  ( 10.78407417371091093, 14.30385891212786476, 79.90722205616818030 ) ) ;
#5904 = CARTESIAN_POINT ( 'NONE',  ( -21.55491936037456213, 7.780755702621032555, 92.81976068293657534 ) ) ;
#5905 = EDGE_CURVE ( 'NONE', #3512, #4070, #2816, .T. ) ;
#5906 = EDGE_LOOP ( 'NONE', ( #350, #4996, #2654, #2312 ) ) ;
#5907 = LINE ( 'NONE', #1228, #5304 ) ;
#5908 = CARTESIAN_POINT ( 'NONE',  ( 12.00881904510249498, 16.19999999999999929, 80.61432883735471933 ) ) ;
#5909 = ORIENTED_EDGE ( 'NONE', *, *, #523, .F. ) ;
#5910 = DATE_AND_TIME ( #3802, #6629 ) ;
#5911 = ORIENTED_EDGE ( 'NONE', *, *, #5036, .T. ) ;
#5912 = EDGE_LOOP ( 'NONE', ( #5821, #1049 ) ) ;
#5913 = CARTESIAN_POINT ( 'NONE',  ( -21.27068621144052685, 7.966209544711496449, 107.4393425624310368 ) ) ;
#5914 = EDGE_CURVE ( 'NONE', #2917, #692, #4048, .T. ) ;
#5915 = CARTESIAN_POINT ( 'NONE',  ( -23.17452302102555350, 14.69713885595418823, 101.0887365833986991 ) ) ;
#5916 = ORIENTED_EDGE ( 'NONE', *, *, #4686, .T. ) ;
#5917 = B_SPLINE_CURVE_WITH_KNOTS ( 'NONE', 3,
 ( #5773, #4358, #4329, #3887, #1796, #1254, #5835, #2173, #194, #3301 ),
 .UNSPECIFIED., .F., .F.,
 ( 4, 2, 2, 2, 4 ),
 ( 3.462113389631518578E-07, 0.0004262970349632529566, 0.0008522478585875427380, 0.001278198682211832303, 0.001704149505836122193 ),
 .UNSPECIFIED. ) ;
#5918 = DIRECTION ( 'NONE',  ( -1.150268980431791831E-16, 1.000000000000000000, 4.226019675132850335E-32 ) ) ;
#5919 = ORIENTED_EDGE ( 'NONE', *, *, #3425, .T. ) ;
#5920 = CYLINDRICAL_SURFACE ( 'NONE', #275, 24.00000000000000000 ) ;
#5921 = EDGE_LOOP ( 'NONE', ( #1615, #624, #5781, #1104 ) ) ;
#5922 = DIRECTION ( 'NONE',  ( 8.659560562354982162E-17, -0.7071067811865435759, 0.7071067811865515695 ) ) ;
#5923 = EDGE_CURVE ( 'NONE', #6391, #4702, #72, .T. ) ;
#5924 = EDGE_CURVE ( 'NONE', #85, #5515, #5406, .T. ) ;
#5925 = AXIS2_PLACEMENT_3D ( 'NONE', #4816, #5950, #5394 ) ;
#5926 = CARTESIAN_POINT ( 'NONE',  ( -10.78407417371100863, 16.19999999999999929, 79.90722205616826557 ) ) ;
#5927 = ORIENTED_EDGE ( 'NONE', *, *, #5988, .T. ) ;
#5928 = CARTESIAN_POINT ( 'NONE',  ( 10.86499839385672317, 7.855686087690303410, -119.8678373221294322 ) ) ;
#5929 = CARTESIAN_POINT ( 'NONE',  ( -12.00881904510257847, 7.696141087872122810, 80.61432883735480459 ) ) ;
#5930 = EDGE_CURVE ( 'NONE', #783, #2736, #1462, .T. ) ;
#5931 = CARTESIAN_POINT ( 'NONE',  ( -2.339929324814073563, 6.500000000000008882, -123.8856595210363594 ) ) ;
#5932 = AXIS2_PLACEMENT_3D ( 'NONE', #2375, #6036, #1859 ) ;
#5933 = CIRCLE ( 'NONE', #4617, 24.00000000000000355 ) ;
#5934 = CARTESIAN_POINT ( 'NONE',  ( -24.99999999999999645, 0.000000000000000000, -83.41687604822300273 ) ) ;
#5935 = CARTESIAN_POINT ( 'NONE',  ( 21.07623940999795664, 14.03345952087817317, 107.9726528600318005 ) ) ;
#5936 = VECTOR ( 'NONE', #3860, 1000.000000000000000 ) ;
#5937 = CYLINDRICAL_SURFACE ( 'NONE', #3973, 30.00000000000000000 ) ;
#5938 = VECTOR ( 'NONE', #6060, 1000.000000000000000 ) ;
#5939 = ORIENTED_EDGE ( 'NONE', *, *, #2492, .T. ) ;
#5940 = FACE_OUTER_BOUND ( 'NONE', #6540, .T. ) ;
#5941 = CARTESIAN_POINT ( 'NONE',  ( -17.00584971520407862, 14.30385891212787186, 115.1926645703814955 ) ) ;
#5942 = VECTOR ( 'NONE', #5615, 1000.000000000000000 ) ;
#5943 = ORIENTED_EDGE ( 'NONE', *, *, #565, .T. ) ;
#5944 = DIRECTION ( 'NONE',  ( 1.150268980431791831E-16, -1.000000000000000000, -4.226019675132850335E-32 ) ) ;
#5945 = LINE ( 'NONE', #4981, #4946 ) ;
#5946 =( NAMED_UNIT ( * ) SI_UNIT ( $, .STERADIAN. ) SOLID_ANGLE_UNIT ( ) );
#5947 = ORIENTED_EDGE ( 'NONE', *, *, #5179, .F. ) ;
#5948 = ORIENTED_EDGE ( 'NONE', *, *, #5382, .F. ) ;
#5949 = AXIS2_PLACEMENT_3D ( 'NONE', #4873, #1799, #3922 ) ;
#5950 = DIRECTION ( 'NONE',  ( 0.4226182617407091557, -0.000000000000000000, 0.9063077870366453848 ) ) ;
#5951 = CIRCLE ( 'NONE', #5739, 24.00000000000000355 ) ;
#5952 = CARTESIAN_POINT ( 'NONE',  ( 22.63450800250855366, 6.903790001781008989, 93.32318113442063634 ) ) ;
#5953 = DIRECTION ( 'NONE',  ( -0.000000000000000000, -1.000000000000000000, -0.000000000000000000 ) ) ;
#5954 = ADVANCED_FACE ( 'NONE', ( #4104 ), #2142, .F. ) ;
#5955 = VERTEX_POINT ( 'NONE', #611 ) ;
#5956 = CARTESIAN_POINT ( 'NONE',  ( 3.328105301691349993, 7.780657142671826065, -122.4743979693493117 ) ) ;
#5957 = VERTEX_POINT ( 'NONE', #6696 ) ;
#5958 = DIRECTION ( 'NONE',  ( 0.000000000000000000, 0.000000000000000000, -1.000000000000000000 ) ) ;
#5959 = ORIENTED_EDGE ( 'NONE', *, *, #1111, .F. ) ;
#5960 = CIRCLE ( 'NONE', #500, 30.00000000000000000 ) ;
#5961 = DIRECTION ( 'NONE',  ( 0.000000000000000000, 0.000000000000000000, -1.000000000000000000 ) ) ;
#5962 = AXIS2_PLACEMENT_3D ( 'NONE', #1939, #2452, #953 ) ;
#5963 = B_SPLINE_CURVE_WITH_KNOTS ( 'NONE', 3,
 ( #6632, #5014, #339, #1463 ),
 .UNSPECIFIED., .F., .F.,
 ( 4, 4 ),
 ( 3.020644791625921445E-07, 0.002003451032597831395 ),
 .UNSPECIFIED. ) ;
#5964 = CARTESIAN_POINT ( 'NONE',  ( 3.696864730874382874E-14, 22.00000000000000000, 100.0000000000000000 ) ) ;
#5965 = ORIENTED_EDGE ( 'NONE', *, *, #6605, .T. ) ;
#5966 = ORIENTED_EDGE ( 'NONE', *, *, #2977, .T. ) ;
#5967 = CARTESIAN_POINT ( 'NONE',  ( 23.11645821900305720, 26.05705187735224015, 93.54791821122147155 ) ) ;
#5968 = EDGE_CURVE ( 'NONE', #213, #6756, #4690, .T. ) ;
#5969 = EDGE_CURVE ( 'NONE', #6494, #4964, #6164, .T. ) ;
#5970 = LINE ( 'NONE', #1288, #3866 ) ;
#5971 = ADVANCED_FACE ( 'NONE', ( #5255 ), #3137, .T. ) ;
#5973 = CARTESIAN_POINT ( 'NONE',  ( 23.92910714524987270, 6.500000000000011546, -98.15667929237703504 ) ) ;
#5972 = AXIS2_PLACEMENT_3D ( 'NONE', #3280, #2761, #2858 ) ;
#5974 = B_SPLINE_CURVE_WITH_KNOTS ( 'NONE', 3,
 ( #5892, #728, #695, #6508 ),
 .UNSPECIFIED., .F., .F.,
 ( 4, 4 ),
 ( 2.561531857490329693E-07, 0.002003367228548907485 ),
 .UNSPECIFIED. ) ;
#5975 = CARTESIAN_POINT ( 'NONE',  ( 3.795374890435334674E-14, 15.49999999999998401, 100.0000000000000000 ) ) ;
#5976 = DIRECTION ( 'NONE',  ( 0.000000000000000000, 1.000000000000000000, 0.000000000000000000 ) ) ;
#5977 = CARTESIAN_POINT ( 'NONE',  ( 2.644950136976639943, 15.09619911656852764, -76.54995534386824829 ) ) ;
#5978 = ORIENTED_EDGE ( 'NONE', *, *, #967, .F. ) ;
#5979 = CARTESIAN_POINT ( 'NONE',  ( 5.970562373124358224, 6.500000000000009770, 76.75451904243253409 ) ) ;
#5980 = EDGE_CURVE ( 'NONE', #894, #6236, #399, .T. ) ;
#5981 = CARTESIAN_POINT ( 'NONE',  ( 12.53015005739148258, 7.302849822317438289, -119.5253613863771562 ) ) ;
#5982 = ADVANCED_FACE ( 'NONE', ( #6737 ), #2041, .T. ) ;
#5983 = PLANE ( 'NONE',  #4000 ) ;
#5984 = B_SPLINE_CURVE_WITH_KNOTS ( 'NONE', 3,
 ( #2294, #3814, #148, #1686 ),
 .UNSPECIFIED., .F., .F.,
 ( 4, 4 ),
 ( 2.561531857401900512E-07, 0.002003367228548943481 ),
 .UNSPECIFIED. ) ;
#5985 = CARTESIAN_POINT ( 'NONE',  ( 22.63449501518997664, 15.09619911711713414, 93.32317507833452908 ) ) ;
#5986 = ORIENTED_EDGE ( 'NONE', *, *, #5506, .F. ) ;
#5987 = CARTESIAN_POINT ( 'NONE',  ( -2.952017461842241453, 14.69713885689458621, -76.98849293181048381 ) ) ;
#5988 = EDGE_CURVE ( 'NONE', #2068, #271, #3384, .T. ) ;
#5989 = B_SPLINE_CURVE_WITH_KNOTS ( 'NONE', 3,
 ( #2217, #4315, #1712, #5334 ),
 .UNSPECIFIED., .F., .F.,
 ( 4, 4 ),
 ( 0.001150320978331626030, 0.003153469944068884156 ),
 .UNSPECIFIED. ) ;
#5990 = FACE_OUTER_BOUND ( 'NONE', #5900, .T. ) ;
#5991 = CARTESIAN_POINT ( 'NONE',  ( 19.51562326895619037, 15.49999999999998579, 113.9692679988672808 ) ) ;
#5992 = ORIENTED_EDGE ( 'NONE', *, *, #3450, .T. ) ;
#5993 = CARTESIAN_POINT ( 'NONE',  ( 21.17646880143234611, 14.30385891212785054, 108.4600916298936113 ) ) ;
#5994 = CARTESIAN_POINT ( 'NONE',  ( -19.51562326895583865, 6.500000000000006217, -113.9692679988677071 ) ) ;
#5995 = CARTESIAN_POINT ( 'NONE',  ( -5.096409920277656269, 14.69713885689458621, 77.36660717946040222 ) ) ;
#5996 = EDGE_LOOP ( 'NONE', ( #4775, #3015, #6288, #1490 ) ) ;
#5997 = DIRECTION ( 'NONE',  ( -3.673940397442059868E-16, 0.000000000000000000, -1.000000000000000000 ) ) ;
#5998 = CARTESIAN_POINT ( 'NONE',  ( -17.00584971520407862, 7.696141087872123698, 115.1926645703814955 ) ) ;
#5999 = EDGE_LOOP ( 'NONE', ( #5460, #3909, #4520, #4960 ) ) ;
#6000 = B_SPLINE_CURVE_WITH_KNOTS ( 'NONE', 3,
 ( #5468, #481, #5673, #2491 ),
 .UNSPECIFIED., .F., .F.,
 ( 4, 4 ),
 ( 0.001801188917324928916, 0.003804299992632495866 ),
 .UNSPECIFIED. ) ;
#6001 = CARTESIAN_POINT ( 'NONE',  ( 18.98587359976663436, 6.903790001739284143, 85.98438491057174815 ) ) ;
#6002 = CARTESIAN_POINT ( 'NONE',  ( -19.51562326895584576, 26.05705187735223305, -113.9692679988676929 ) ) ;
#6003 = DIRECTION ( 'NONE',  ( 4.159166725385327559E-17, 0.000000000000000000, -1.000000000000000000 ) ) ;
#6004 = B_SPLINE_CURVE_WITH_KNOTS ( 'NONE', 3,
 ( #3288, #2323, #5995, #6407 ),
 .UNSPECIFIED., .F., .F.,
 ( 4, 4 ),
 ( 0.001150320975949244411, 0.003153469944067924420 ),
 .UNSPECIFIED. ) ;
#6005 = EDGE_CURVE ( 'NONE', #5955, #2558, #2411, .T. ) ;
#6006 = DIRECTION ( 'NONE',  ( -1.150268980431791831E-16, 1.000000000000000000, 4.226019675132849788E-32 ) ) ;
#6007 = CARTESIAN_POINT ( 'NONE',  ( 2.847303808017595981E-14, 14.00000000000002309, 77.50000000000001421 ) ) ;
#6008 = FACE_OUTER_BOUND ( 'NONE', #1409, .T. ) ;
#6009 = ORIENTED_EDGE ( 'NONE', *, *, #4542, .F. ) ;
#6010 = CARTESIAN_POINT ( 'NONE',  ( -21.12739506564316372, 14.21924429765123676, -91.64514733612119812 ) ) ;
#6011 = CARTESIAN_POINT ( 'NONE',  ( -4.192683576610038543, 14.03379050486478086, 77.85937407607195837 ) ) ;
#6012 = EDGE_CURVE ( 'NONE', #4166, #4109, #2247, .T. ) ;
#6013 = CARTESIAN_POINT ( 'NONE',  ( 4.654308611524173855, 14.30385891212784166, 122.3238301514978303 ) ) ;
#6014 = EDGE_CURVE ( 'NONE', #6465, #1644, #956, .T. ) ;
#6015 = CARTESIAN_POINT ( 'NONE',  ( 3.261580130883806383, 7.696141087872126363, -77.43059424056414741 ) ) ;
#6016 = PERSON_AND_ORGANIZATION ( #384, #3894 ) ;
#6017 = ORIENTED_EDGE ( 'NONE', *, *, #363, .F. ) ;
#6018 = VERTEX_POINT ( 'NONE', #5191 ) ;
#6019 = EDGE_LOOP ( 'NONE', ( #6750, #6092, #2764, #6350 ) ) ;
#6020 = CARTESIAN_POINT ( 'NONE',  ( -12.00881904510232800, 16.19999999999999929, -119.3856711626453375 ) ) ;
#6021 = EDGE_CURVE ( 'NONE', #4670, #3035, #4223, .T. ) ;
#6022 = DIRECTION ( 'NONE',  ( 0.000000000000000000, 0.000000000000000000, -1.000000000000000000 ) ) ;
#6023 = CARTESIAN_POINT ( 'NONE',  ( 17.14348332776409478, 7.999790649810158527, 114.5732900908152345 ) ) ;
#6024 = EDGE_LOOP ( 'NONE', ( #3554, #2631, #1235, #1839 ) ) ;
#6025 = DIRECTION ( 'NONE',  ( -0.000000000000000000, -1.000000000000000000, -0.000000000000000000 ) ) ;
#6026 = CARTESIAN_POINT ( 'NONE',  ( -21.55504165465604416, 14.21934262486993461, 92.81981770969657930 ) ) ;
#6027 = EDGE_LOOP ( 'NONE', ( #6467, #3223, #2357, #3455, #4217, #1198, #4995, #5184 ) ) ;
#6028 = CARTESIAN_POINT ( 'NONE',  ( -10.80868733461501563, 7.765438286650541144, 120.0009203768021422 ) ) ;
#6029 = PLANE ( 'NONE',  #4623 ) ;
#6030 = ORIENTED_EDGE ( 'NONE', *, *, #876, .F. ) ;
#6031 = ORIENTED_EDGE ( 'NONE', *, *, #1530, .F. ) ;
#6032 = CARTESIAN_POINT ( 'NONE',  ( 22.63449501519008322, 15.09619911711712881, 106.6768249216651157 ) ) ;
#6033 = CARTESIAN_POINT ( 'NONE',  ( 23.92910714524987270, 6.500000000000011546, -98.15667929237703504 ) ) ;
#6034 = CARTESIAN_POINT ( 'NONE',  ( 21.45227282621725706, 14.14401222038171824, -92.74979011742260582 ) ) ;
#6035 = AXIS2_PLACEMENT_3D ( 'NONE', #2701, #4785, #4947 ) ;
#6036 = DIRECTION ( 'NONE',  ( -0.000000000000000000, -1.000000000000000000, -0.000000000000000000 ) ) ;
#6037 = CYLINDRICAL_SURFACE ( 'NONE', #6186, 30.00000000000000000 ) ;
#6038 = CARTESIAN_POINT ( 'NONE',  ( -3.458823552662790846, 7.877788770429608789, -77.64368452114753438 ) ) ;
#6039 = ORIENTED_EDGE ( 'NONE', *, *, #457, .T. ) ;
#6040 = DIRECTION ( 'NONE',  ( 0.9659258262890707547, 0.000000000000000000, -0.2588190451025115246 ) ) ;
#6042 = DIRECTION ( 'NONE',  ( 1.150268980431791831E-16, -1.000000000000000000, -4.226019675132850335E-32 ) ) ;
#6041 = AXIS2_PLACEMENT_3D ( 'NONE', #6732, #3065, #3507 ) ;
#6043 = AXIS2_PLACEMENT_3D ( 'NONE', #2277, #1229, #2898 ) ;
#6044 = VECTOR ( 'NONE', #5366, 1000.000000000000000 ) ;
#6045 = CARTESIAN_POINT ( 'NONE',  ( -4.080732175173676701, 14.01586186687938707, -77.85701780421399576 ) ) ;
#6046 = FACE_OUTER_BOUND ( 'NONE', #1956, .T. ) ;
#6047 = CARTESIAN_POINT ( 'NONE',  ( 23.92910714524987270, 26.05705187735223660, -101.8433207076229792 ) ) ;
#6048 = ORIENTED_EDGE ( 'NONE', *, *, #746, .F. ) ;
#6049 = ORIENTED_EDGE ( 'NONE', *, *, #6384, .T. ) ;
#6050 = CARTESIAN_POINT ( 'NONE',  ( -25.00000000000000000, 20.00000000000000000, 0.000000000000000000 ) ) ;
#6051 = EDGE_CURVE ( 'NONE', #2736, #5156, #5917, .T. ) ;
#6052 = VECTOR ( 'NONE', #2538, 1000.000000000000000 ) ;
#6053 = CARTESIAN_POINT ( 'NONE',  ( -21.12739506564305003, 7.780755702348763236, -108.3548526638791145 ) ) ;
#6054 = CARTESIAN_POINT ( 'NONE',  ( -17.14589584587848492, 6.500000000000007105, -116.7933991687891080 ) ) ;
#6055 = DIRECTION ( 'NONE',  ( -3.673940397442061347E-16, 0.000000000000000000, -1.000000000000000000 ) ) ;
#6056 = ORIENTED_EDGE ( 'NONE', *, *, #5419, .F. ) ;
#6057 = CARTESIAN_POINT ( 'NONE',  ( 21.09396345672177731, 7.999790679941566118, 107.8309966874424504 ) ) ;
#6058 = CARTESIAN_POINT ( 'NONE',  ( -21.17646880143225374, 7.696141087872135245, -91.53990837010623238 ) ) ;
#6059 = ORIENTED_EDGE ( 'NONE', *, *, #1353, .F. ) ;
#6060 = DIRECTION ( 'NONE',  ( -0.000000000000000000, -1.000000000000000000, -0.000000000000000000 ) ) ;
#6061 = ADVANCED_FACE ( 'NONE', ( #5378 ), #704, .F. ) ;
#6062 = AXIS2_PLACEMENT_3D ( 'NONE', #3488, #6566, #1882 ) ;
#6063 = CARTESIAN_POINT ( 'NONE',  ( -12.00881904510261577, 7.696141087872118369, -80.61432883735480459 ) ) ;
#6064 = ORIENTED_EDGE ( 'NONE', *, *, #239, .F. ) ;
#6065 = ORIENTED_EDGE ( 'NONE', *, *, #2009, .F. ) ;
#6066 = CARTESIAN_POINT ( 'NONE',  ( 22.14929811726838693, 14.69713885746529414, 106.9030759508790709 ) ) ;
#6067 = DIRECTION ( 'NONE',  ( -1.000000000000000000, -1.445602896647339163E-16, 0.000000000000000000 ) ) ;
#6068 = DIRECTION ( 'NONE',  ( -0.7071067811865505703, 0.000000000000000000, 0.7071067811865444641 ) ) ;
#6069 = ADVANCED_FACE ( 'NONE', ( #3337 ), #3270, .T. ) ;
#6070 = DIRECTION ( 'NONE',  ( -1.150268980431791831E-16, 1.000000000000000000, -0.000000000000000000 ) ) ;
#6071 = CARTESIAN_POINT ( 'NONE',  ( -2.644950136976478738, 15.09619911656852587, -123.4500446561317801 ) ) ;
#6072 = DIRECTION ( 'NONE',  ( -1.000000000000000000, -1.445602896647339163E-16, 5.782411586589356653E-16 ) ) ;
#6073 = ORIENTED_EDGE ( 'NONE', *, *, #1765, .T. ) ;
#6074 = CARTESIAN_POINT ( 'NONE',  ( 17.00584971520444100, 16.19999999999999929, -115.1926645703811261 ) ) ;
#6075 = CIRCLE ( 'NONE', #628, 24.00000000000000355 ) ;
#6076 = CARTESIAN_POINT ( 'NONE',  ( 21.40456499701167203, 7.302849822347144304, 108.9492454998553796 ) ) ;
#6077 = PRODUCT_DEFINITION_FORMATION_WITH_SPECIFIED_SOURCE ( 'ANY', '', #5646, .NOT_KNOWN. ) ;
#6078 = CARTESIAN_POINT ( 'NONE',  ( -3.348554254807690089, 14.20592781666602100, -77.54225701197097465 ) ) ;
#6079 = CARTESIAN_POINT ( 'NONE',  ( 11.92769606941628702, 14.24265987155430757, 119.3639343268223030 ) ) ;
#6080 = CARTESIAN_POINT ( 'NONE',  ( 10.78407417371120225, 14.30385891212784344, 120.0927779438316492 ) ) ;
#6081 = ORIENTED_EDGE ( 'NONE', *, *, #6409, .T. ) ;
#6082 = ORIENTED_EDGE ( 'NONE', *, *, #3041, .F. ) ;
#6083 = DIRECTION ( 'NONE',  ( -0.8191520442889873577, 0.000000000000000000, -0.5735764363510523767 ) ) ;
#6084 = CARTESIAN_POINT ( 'NONE',  ( 17.91488867054851042, 14.30385891212786831, -114.1093141295417155 ) ) ;
#6085 = EDGE_CURVE ( 'NONE', #5099, #2186, #1271, .T. ) ;
#6086 = LINE ( 'NONE', #6672, #6153 ) ;
#6087 = CARTESIAN_POINT ( 'NONE',  ( 22.79289321881345032, 14.30385891212785765, -99.29289321881346098 ) ) ;
#6088 = EDGE_CURVE ( 'NONE', #5583, #5515, #5836, .T. ) ;
#6089 = ORIENTED_EDGE ( 'NONE', *, *, #2335, .T. ) ;
#6090 = CYLINDRICAL_SURFACE ( 'NONE', #5292, 1.000000000000000888 ) ;
#6091 = CARTESIAN_POINT ( 'NONE',  ( 11.75000000000027178, 7.860503406167965501, 119.3515969889341619 ) ) ;
#6092 = ORIENTED_EDGE ( 'NONE', *, *, #5002, .T. ) ;
#6093 = CARTESIAN_POINT ( 'NONE',  ( 17.67931308332405749, 7.855686076509195814, 85.85005161240003702 ) ) ;
#6094 = ADVANCED_FACE ( 'NONE', ( #3821 ), #5898, .T. ) ;
#6095 = CYLINDRICAL_SURFACE ( 'NONE', #1580, 24.00000000000000000 ) ;
#6096 = ORIENTED_EDGE ( 'NONE', *, *, #1226, .F. ) ;
#6097 = ORIENTED_EDGE ( 'NONE', *, *, #6644, .T. ) ;
#6098 = DIRECTION ( 'NONE',  ( -0.000000000000000000, 1.000000000000000000, -0.000000000000000000 ) ) ;
#6099 = CARTESIAN_POINT ( 'NONE',  ( 17.07837890800247749, 14.03345944593030481, -114.7003412128264443 ) ) ;
#6100 = CARTESIAN_POINT ( 'NONE',  ( -22.63449501518998730, 15.09619911711713236, -93.32317507833469961 ) ) ;
#6101 = EDGE_CURVE ( 'NONE', #2019, #5509, #1160, .T. ) ;
#6102 = FACE_OUTER_BOUND ( 'NONE', #5143, .T. ) ;
#6103 = DIRECTION ( 'NONE',  ( 0.000000000000000000, 0.000000000000000000, -1.000000000000000000 ) ) ;
#6104 = CARTESIAN_POINT ( 'NONE',  ( -17.44263937314179458, 14.03345944591005434, 114.2662324948263830 ) ) ;
#6105 = ORIENTED_EDGE ( 'NONE', *, *, #4181, .F. ) ;
#6106 = DIRECTION ( 'NONE',  ( 1.150268980431791831E-16, -1.000000000000000000, -4.226019675132849788E-32 ) ) ;
#6107 = CARTESIAN_POINT ( 'NONE',  ( -19.51562326895579602, 6.500000000000006217, 113.9692679988677213 ) ) ;
#6108 = APPROVAL ( #3407, 'UNSPECIFIED' ) ;
#6109 = FACE_OUTER_BOUND ( 'NONE', #2844, .T. ) ;
#6110 = CARTESIAN_POINT ( 'NONE',  ( -21.17646880143212584, 14.30385891212785054, -108.4600916298940803 ) ) ;
#6111 = CARTESIAN_POINT ( 'NONE',  ( 2.249587012321360557E-15, 6.500000000000008882, -100.0000000000000000 ) ) ;
#6112 = ORIENTED_EDGE ( 'NONE', *, *, #4953, .F. ) ;
#6113 = EDGE_CURVE ( 'NONE', #4504, #1516, #2749, .T. ) ;
#6114 = ORIENTED_EDGE ( 'NONE', *, *, #3391, .F. ) ;
#6115 = ORIENTED_EDGE ( 'NONE', *, *, #3008, .T. ) ;
#6116 = ORIENTED_EDGE ( 'NONE', *, *, #6679, .F. ) ;
#6117 = EDGE_CURVE ( 'NONE', #5755, #4016, #4937, .T. ) ;
#6118 = LINE ( 'NONE', #4038, #243 ) ;
#6119 = CARTESIAN_POINT ( 'NONE',  ( -21.27005855638120124, 7.966540479252267382, -92.55986086847988759 ) ) ;
#6120 = CARTESIAN_POINT ( 'NONE',  ( 17.67882416770108023, 14.14401195499840469, -85.84992166936653746 ) ) ;
#6121 = CARTESIAN_POINT ( 'NONE',  ( 22.71078579250044172, 14.21924496473452670, -100.6249993548735375 ) ) ;
#6122 = ORIENTED_EDGE ( 'NONE', *, *, #1513, .T. ) ;
#6123 = DIRECTION ( 'NONE',  ( 1.150268980431791831E-16, -1.000000000000000000, -4.226019675132849788E-32 ) ) ;
#6124 = CARTESIAN_POINT ( 'NONE',  ( 10.78407417371120225, 7.696141087872152120, 120.0927779438316492 ) ) ;
#6125 = ORIENTED_EDGE ( 'NONE', *, *, #626, .F. ) ;
#6126 = CARTESIAN_POINT ( 'NONE',  ( 17.44350177171663319, 7.966209586518203878, 85.73430149823778379 ) ) ;
#6127 = EDGE_CURVE ( 'NONE', #5889, #1872, #1843, .T. ) ;
#6128 = DIRECTION ( 'NONE',  ( 0.000000000000000000, 0.000000000000000000, 1.000000000000000000 ) ) ;
#6129 = ORIENTED_EDGE ( 'NONE', *, *, #6188, .F. ) ;
#6130 = ORIENTED_EDGE ( 'NONE', *, *, #6560, .F. ) ;
#6131 = DIRECTION ( 'NONE',  ( -0.9063077870366523792, 0.000000000000000000, -0.4226182617406943898 ) ) ;
#6132 = CARTESIAN_POINT ( 'NONE',  ( -3.261580130883956041, 7.696141087872134356, -77.43059424056417583 ) ) ;
#6133 = CARTESIAN_POINT ( 'NONE',  ( 22.63449501519003348, 15.09619911711713058, -106.6768249216651441 ) ) ;
#6134 = EDGE_CURVE ( 'NONE', #3942, #2558, #2720, .T. ) ;
#6135 = LINE ( 'NONE', #5004, #5718 ) ;
#6136 = DIRECTION ( 'NONE',  ( 0.000000000000000000, 1.000000000000000000, 0.000000000000000000 ) ) ;
#6137 = CARTESIAN_POINT ( 'NONE',  ( -4.080732175172601117, 14.01586186688013491, 122.1429821957869279 ) ) ;
#6138 = ADVANCED_FACE ( 'NONE', ( #4296 ), #6383, .T. ) ;
#6139 = EDGE_LOOP ( 'NONE', ( #2622, #6220, #215, #5238, #87, #5151, #5873, #5399, #577, #682, #3186, #2387, #2242, #5359, #6572, #1208, #453, #67, #3245, #4650, #6082, #2851, #2947, #3150, #2368, #1387, #5986, #1386, #2545, #4283, #1669, #3633, #3036, #3712, #6142, #2514, #6162, #422, #1636, #3640, #4480, #2596 ) ) ;
#6140 = DIRECTION ( 'NONE',  ( -1.000000000000000000, -1.084202172485504434E-16, 0.000000000000000000 ) ) ;
#6141 = CARTESIAN_POINT ( 'NONE',  ( 13.56091613274828944, 15.49999999999998579, -80.19844567614534014 ) ) ;
#6142 = ORIENTED_EDGE ( 'NONE', *, *, #3989, .F. ) ;
#6143 = CARTESIAN_POINT ( 'NONE',  ( 2.939152317953645528E-15, 6.500000000000008882, -76.00000000000002842 ) ) ;
#6144 = DIRECTION ( 'NONE',  ( -1.000000000000000000, -1.084202172485504434E-16, 0.000000000000000000 ) ) ;
#6145 = VECTOR ( 'NONE', #1874, 1000.000000000000000 ) ;
#6146 = CARTESIAN_POINT ( 'NONE',  ( -22.71078579250044172, 14.21924496473452670, -99.37500064512647668 ) ) ;
#6147 = ADVANCED_FACE ( 'NONE', ( #1860 ), #6037, .T. ) ;
#6148 = ORIENTED_EDGE ( 'NONE', *, *, #2088, .F. ) ;
#6149 = EDGE_LOOP ( 'NONE', ( #2780, #3263, #2408, #3362 ) ) ;
#6150 = EDGE_LOOP ( 'NONE', ( #6438, #4694, #4084, #2288 ) ) ;
#6151 = B_SPLINE_CURVE_WITH_KNOTS ( 'NONE', 3,
 ( #4161, #1656, #58, #5829, #3750, #5737, #4196, #5796, #3686, #5317 ),
 .UNSPECIFIED., .F., .F.,
 ( 4, 2, 2, 2, 4 ),
 ( 2.989209868239535850E-07, 0.0004262494893840030122, 0.0008522000577811820804, 0.001278150626178358763, 0.001704101194575535121 ),
 .UNSPECIFIED. ) ;
#6152 = LINE ( 'NONE', #3664, #6471 ) ;
#6153 = VECTOR ( 'NONE', #6227, 1000.000000000000000 ) ;
#6154 = CIRCLE ( 'NONE', #1142, 24.00000000000000000 ) ;
#6155 = CARTESIAN_POINT ( 'NONE',  ( -21.19258113128297794, 7.999790679995398612, -107.5600468532756224 ) ) ;
#6156 = LINE ( 'NONE', #5679, #4722 ) ;
#6157 = CARTESIAN_POINT ( 'NONE',  ( -19.51562326895579602, 15.49999999999998224, 113.9692679988677213 ) ) ;
#6158 = VERTEX_POINT ( 'NONE', #904 ) ;
#6159 = VECTOR ( 'NONE', #5081, 1000.000000000000000 ) ;
#6160 = AXIS2_PLACEMENT_3D ( 'NONE', #389, #6568, #1410 ) ;
#6161 = DIRECTION ( 'NONE',  ( -0.000000000000000000, 1.000000000000000000, -0.000000000000000000 ) ) ;
#6162 = ORIENTED_EDGE ( 'NONE', *, *, #1663, .F. ) ;
#6163 = FACE_OUTER_BOUND ( 'NONE', #5074, .T. ) ;
#6164 = B_SPLINE_CURVE_WITH_KNOTS ( 'NONE', 3,
 ( #575, #63, #4135, #3067, #3658, #4636, #6248, #6285, #3165, #2007 ),
 .UNSPECIFIED., .F., .F.,
 ( 4, 2, 2, 2, 4 ),
 ( 2.457757373983208587E-07, 0.0004261960578666473972, 0.0008521463399958964773, 0.001278096622125145720, 0.001704046904254394746 ),
 .UNSPECIFIED. ) ;
#6165 = B_SPLINE_CURVE_WITH_KNOTS ( 'NONE', 3,
 ( #5362, #5956, #3286, #3255, #1777, #750, #6405, #5436, #687, #2771 ),
 .UNSPECIFIED., .F., .F.,
 ( 4, 2, 2, 2, 4 ),
 ( 2.988698850663528903E-07, 0.0004262494385435602624, 0.0008522000072020541718, 0.001278150575860546780, 0.001704101144519039497 ),
 .UNSPECIFIED. ) ;
#6166 = DIRECTION ( 'NONE',  ( -0.000000000000000000, -1.000000000000000000, -0.000000000000000000 ) ) ;
#6167 = ORIENTED_EDGE ( 'NONE', *, *, #2157, .T. ) ;
#6168 = ORIENTED_EDGE ( 'NONE', *, *, #5375, .T. ) ;
#6169 = FACE_OUTER_BOUND ( 'NONE', #5003, .T. ) ;
#6170 = VECTOR ( 'NONE', #4096, 1000.000000000000000 ) ;
#6171 = CARTESIAN_POINT ( 'NONE',  ( 4.654308611523842565, 7.696141087872136133, -77.67616984850208439 ) ) ;
#6172 = CARTESIAN_POINT ( 'NONE',  ( -21.66015832672809438, 14.30385891212785943, -107.1311655811167327 ) ) ;
#6173 = AXIS2_PLACEMENT_3D ( 'NONE', #2369, #3945, #3985 ) ;
#6174 = CARTESIAN_POINT ( 'NONE',  ( 17.00584971520444100, 14.30385891212787186, -115.1926645703811261 ) ) ;
#6175 = CARTESIAN_POINT ( 'NONE',  ( 23.92910714524986560, 26.05705187735223660, -98.15667929237703504 ) ) ;
#6176 = EDGE_CURVE ( 'NONE', #5755, #2433, #4427, .T. ) ;
#6177 = CARTESIAN_POINT ( 'NONE',  ( -17.00584971520407862, 16.19999999999999929, 115.1926645703814955 ) ) ;
#6178 = ADVANCED_FACE ( 'NONE', ( #6518 ), #1419, .T. ) ;
#6179 = EDGE_CURVE ( 'NONE', #2184, #4521, #1933, .T. ) ;
#6180 = ORIENTED_EDGE ( 'NONE', *, *, #2466, .T. ) ;
#6181 = DIRECTION ( 'NONE',  ( 0.9961946980917446570, -0.000000000000000000, 0.08715574274766811624 ) ) ;
#6182 = CARTESIAN_POINT ( 'NONE',  ( 21.85555259377044734, 6.500000000000011546, 109.9163915221685244 ) ) ;
#6183 = CIRCLE ( 'NONE', #713, 24.00000000000000000 ) ;
#6184 = PLANE ( 'NONE',  #3885 ) ;
#6185 = DIRECTION ( 'NONE',  ( -0.2588190451025116356, 0.000000000000000000, 0.9659258262890707547 ) ) ;
#6186 = AXIS2_PLACEMENT_3D ( 'NONE', #1963, #6622, #6103 ) ;
#6187 = DIRECTION ( 'NONE',  ( -1.000000000000000000, -1.445602896647339163E-16, 5.782411586589356653E-16 ) ) ;
#6188 = EDGE_CURVE ( 'NONE', #1246, #4702, #1450, .T. ) ;
#6189 = EDGE_LOOP ( 'NONE', ( #5577, #1059, #2275, #2943, #2403, #1831 ) ) ;
#6190 = ORIENTED_EDGE ( 'NONE', *, *, #4845, .T. ) ;
#6191 = ORIENTED_EDGE ( 'NONE', *, *, #4668, .F. ) ;
#6192 = CARTESIAN_POINT ( 'NONE',  ( 4.299654729396788611, 14.07495103708210493, -77.83811162315323884 ) ) ;
#6193 = AXIS2_PLACEMENT_3D ( 'NONE', #4725, #4230, #1080 ) ;
#6194 = EDGE_CURVE ( 'NONE', #3787, #6509, #4141, .T. ) ;
#6195 = CARTESIAN_POINT ( 'NONE',  ( -23.11645821900298969, 15.49999999999998046, -106.4520817887786706 ) ) ;
#6196 = CARTESIAN_POINT ( 'NONE',  ( -3.261580130883943163, 7.696141087872129027, 77.43059424056417583 ) ) ;
#6197 = CARTESIAN_POINT ( 'NONE',  ( -19.51562326895601274, 6.500000000000006217, 86.03073200113259134 ) ) ;
#6198 = EDGE_LOOP ( 'NONE', ( #3393, #1769, #5457, #111, #1542, #77, #3339 ) ) ;
#6199 = CARTESIAN_POINT ( 'NONE',  ( 21.66015832672817965, 7.696141087872128139, 92.86883441888339519 ) ) ;
#6200 = EDGE_LOOP ( 'NONE', ( #1508, #3929, #5442, #3204 ) ) ;
#6201 = LINE ( 'NONE', #3048, #3315 ) ;
#6202 = EDGE_CURVE ( 'NONE', #38, #4783, #2138, .T. ) ;
#6203 = CARTESIAN_POINT ( 'NONE',  ( 23.58446676524489050, 16.41553323475516635, 81.28287940369533260 ) ) ;
#6204 = ORIENTED_EDGE ( 'NONE', *, *, #5699, .T. ) ;
#6205 = ORIENTED_EDGE ( 'NONE', *, *, #2126, .F. ) ;
#6206 = DIRECTION ( 'NONE',  ( 0.5735764363510470476, -0.000000000000000000, 0.8191520442889911324 ) ) ;
#6207 = CARTESIAN_POINT ( 'NONE',  ( 21.09396345672175244, 7.999790679941540361, -107.8309966874425072 ) ) ;
#6208 = CARTESIAN_POINT ( 'NONE',  ( 13.56091613274830898, 26.05705187735224015, 80.19844567614532593 ) ) ;
#6209 = DIRECTION ( 'NONE',  ( 0.9961946980917446570, 0.000000000000000000, -0.08715574274766814400 ) ) ;
#6210 = CARTESIAN_POINT ( 'NONE',  ( -21.85555259377014892, 26.05705187735223660, 109.9163915221690075 ) ) ;
#6211 = ORIENTED_EDGE ( 'NONE', *, *, #3139, .T. ) ;
#6212 = CARTESIAN_POINT ( 'NONE',  ( 18.00204441329596250, 16.19999999999999929, -84.89449117236630116 ) ) ;
#6213 = B_SPLINE_CURVE_WITH_KNOTS ( 'NONE', 3,
 ( #93, #979, #4766, #503 ),
 .UNSPECIFIED., .F., .F.,
 ( 4, 4 ),
 ( 0.001801188917324947564, 0.003804299992632514948 ),
 .UNSPECIFIED. ) ;
#6214 = FACE_OUTER_BOUND ( 'NONE', #5921, .T. ) ;
#6215 = ADVANCED_FACE ( 'NONE', ( #5034 ), #4491, .F. ) ;
#6216 = CARTESIAN_POINT ( 'NONE',  ( -10.36819101250165076, 26.05705187735223660, -78.35512496852247466 ) ) ;
#6217 = CARTESIAN_POINT ( 'NONE',  ( 12.00881904510274722, 14.30385891212785765, -119.3856711626451101 ) ) ;
#6218 = CARTESIAN_POINT ( 'NONE',  ( -17.91488867054821910, 14.30385891212787186, -114.1093141295420850 ) ) ;
#6219 = EDGE_LOOP ( 'NONE', ( #1841, #1951, #4361, #4308 ) ) ;
#6220 = ORIENTED_EDGE ( 'NONE', *, *, #6700, .F. ) ;
#6221 = DIRECTION ( 'NONE',  ( -1.150268980431791831E-16, 1.000000000000000000, 4.226019675132849788E-32 ) ) ;
#6222 = EDGE_CURVE ( 'NONE', #3592, #355, #5199, .T. ) ;
#6223 = CARTESIAN_POINT ( 'NONE',  ( 13.56091613274862340, 15.49999999999998579, 119.8015543238544609 ) ) ;
#6224 = EDGE_CURVE ( 'NONE', #957, #4715, #797, .T. ) ;
#6225 = EDGE_CURVE ( 'NONE', #1282, #3383, #297, .T. ) ;
#6226 = LINE ( 'NONE', #73, #6734 ) ;
#6227 = DIRECTION ( 'NONE',  ( -0.000000000000000000, -1.000000000000000000, -0.000000000000000000 ) ) ;
#6228 = DIRECTION ( 'NONE',  ( 0.9063077870366481603, 0.000000000000000000, -0.4226182617407034381 ) ) ;
#6229 = ORIENTED_EDGE ( 'NONE', *, *, #212, .T. ) ;
#6230 = ADVANCED_FACE ( 'NONE', ( #328 ), #2443, .F. ) ;
#6231 = CARTESIAN_POINT ( 'NONE',  ( 17.00500244574773134, 7.855988044976196072, -85.04689221142254496 ) ) ;
#6232 = ORIENTED_EDGE ( 'NONE', *, *, #1205, .T. ) ;
#6233 = CARTESIAN_POINT ( 'NONE',  ( 2.644941917294945100, 6.903790001830222955, -123.4500563950542045 ) ) ;
#6234 = DIRECTION ( 'NONE',  ( -1.000000000000000000, -1.084202172485504434E-16, 5.782411586589356653E-16 ) ) ;
#6236 = VERTEX_POINT ( 'NONE', #3949 ) ;
#6235 = B_SPLINE_CURVE_WITH_KNOTS ( 'NONE', 3,
 ( #465, #6133, #3534, #326 ),
 .UNSPECIFIED., .F., .F.,
 ( 4, 4 ),
 ( 0.001150320977456986910, 0.003153469944068572339 ),
 .UNSPECIFIED. ) ;
#6237 = CARTESIAN_POINT ( 'NONE',  ( 4.654308611523842565, 14.30385891212785765, -77.67616984850208439 ) ) ;
#6238 = CARTESIAN_POINT ( 'NONE',  ( -17.00584971520412125, 16.19999999999999929, -115.1926645703814955 ) ) ;
#6239 = CARTESIAN_POINT ( 'NONE',  ( -23.92910714524986560, 26.05705187735223660, -101.8433207076229792 ) ) ;
#6240 = DIRECTION ( 'NONE',  ( 0.08715574274766814400, -0.000000000000000000, 0.9961946980917446570 ) ) ;
#6241 = DESIGN_CONTEXT ( 'detailed design', #504, 'design' ) ;
#6242 = ORIENTED_EDGE ( 'NONE', *, *, #5905, .T. ) ;
#6243 = ORIENTED_EDGE ( 'NONE', *, *, #1180, .T. ) ;
#6244 = DIRECTION ( 'NONE',  ( 0.000000000000000000, 0.000000000000000000, -1.000000000000000000 ) ) ;
#6245 = PLANE ( 'NONE',  #6584 ) ;
#6246 = B_SPLINE_CURVE_WITH_KNOTS ( 'NONE', 3,
 ( #881, #2961, #6630, #5592 ),
 .UNSPECIFIED., .F., .F.,
 ( 4, 4 ),
 ( 0.001801188917324936288, 0.003804299992632482856 ),
 .UNSPECIFIED. ) ;
#6247 = DIRECTION ( 'NONE',  ( 0.000000000000000000, 0.000000000000000000, 1.000000000000000000 ) ) ;
#6248 = CARTESIAN_POINT ( 'NONE',  ( -17.44263937314198643, 7.966540554089953652, 85.73376750517388700 ) ) ;
#6249 = CARTESIAN_POINT ( 'NONE',  ( -3.765139453739297259, 14.00020928440435064, -122.1834065654634855 ) ) ;
#6250 = ORIENTED_EDGE ( 'NONE', *, *, #711, .F. ) ;
#6251 = ORIENTED_EDGE ( 'NONE', *, *, #1844, .F. ) ;
#6252 = DIRECTION ( 'NONE',  ( -1.000000000000000000, -1.445602896647339163E-16, 5.782411586589356653E-16 ) ) ;
#6253 = DIRECTION ( 'NONE',  ( -0.000000000000000000, -1.000000000000000000, -0.000000000000000000 ) ) ;
#6254 = DIRECTION ( 'NONE',  ( -0.000000000000000000, -1.000000000000000000, -0.000000000000000000 ) ) ;
#6255 = ORIENTED_EDGE ( 'NONE', *, *, #1111, .T. ) ;
#6256 = AXIS2_PLACEMENT_3D ( 'NONE', #294, #2920, #2371 ) ;
#6257 = CARTESIAN_POINT ( 'NONE',  ( 17.44263937314213564, 7.966540554089950099, -114.2662324948259993 ) ) ;
#6258 = CARTESIAN_POINT ( 'NONE',  ( 3.459084155867268251, 14.12203310150671953, 122.3560952795072012 ) ) ;
#6259 = CARTESIAN_POINT ( 'NONE',  ( -2.339929324814073563, 6.500000000000008882, -123.8856595210363594 ) ) ;
#6260 = EDGE_LOOP ( 'NONE', ( #189, #4059, #4403, #6073 ) ) ;
#6261 = ADVANCED_FACE ( 'NONE', ( #362 ), #402, .F. ) ;
#6262 = CARTESIAN_POINT ( 'NONE',  ( 22.08277658846884250, 16.19999999999999929, -91.96252663184677090 ) ) ;
#6263 = ORIENTED_EDGE ( 'NONE', *, *, #5253, .T. ) ;
#6264 = AXIS2_PLACEMENT_3D ( 'NONE', #5975, #3366, #2848 ) ;
#6265 = CARTESIAN_POINT ( 'NONE',  ( 2.339929324814543854, 6.500000000000008882, -123.8856595210363167 ) ) ;
#6266 = CIRCLE ( 'NONE', #4616, 24.00000000000000000 ) ;
#6267 = VECTOR ( 'NONE', #1646, 1000.000000000000000 ) ;
#6268 = VERTEX_POINT ( 'NONE', #6579 ) ;
#6269 = CARTESIAN_POINT ( 'NONE',  ( -17.14348332776392070, 7.999790649810163856, -85.42670990918462337 ) ) ;
#6270 = ORIENTED_EDGE ( 'NONE', *, *, #4647, .T. ) ;
#6271 = CARTESIAN_POINT ( 'NONE',  ( 5.096409920277530148, 14.69713885689458088, -77.36660717946038801 ) ) ;
#6272 = CARTESIAN_POINT ( 'NONE',  ( 23.92910714524987270, 6.500000000000011546, -101.8433207076229792 ) ) ;
#6273 = VECTOR ( 'NONE', #6166, 1000.000000000000000 ) ;
#6274 = EDGE_CURVE ( 'NONE', #460, #3816, #5110, .T. ) ;
#6275 = CARTESIAN_POINT ( 'NONE',  ( -11.89665713670576253, 14.21924415133190855, -119.3556174698689460 ) ) ;
#6276 = DIRECTION ( 'NONE',  ( -1.150268980431791831E-16, 1.000000000000000000, -0.000000000000000000 ) ) ;
#6277 = AXIS2_PLACEMENT_3D ( 'NONE', #5195, #6388, #29 ) ;
#6278 = DIRECTION ( 'NONE',  ( -1.150268980431791831E-16, 1.000000000000000000, -0.000000000000000000 ) ) ;
#6279 = ORIENTED_EDGE ( 'NONE', *, *, #3293, .F. ) ;
#6280 = FACE_OUTER_BOUND ( 'NONE', #4020, .T. ) ;
#6281 = FACE_OUTER_BOUND ( 'NONE', #743, .T. ) ;
#6282 = VECTOR ( 'NONE', #1085, 1000.000000000000000 ) ;
#6283 = EDGE_CURVE ( 'NONE', #154, #3694, #4026, .T. ) ;
#6284 = CARTESIAN_POINT ( 'NONE',  ( 12.00881904510246478, 7.696141087872140574, -80.61432883735473354 ) ) ;
#6285 = CARTESIAN_POINT ( 'NONE',  ( -17.67882416770112997, 7.855988045001597087, 85.84992166936665114 ) ) ;
#6286 = DIRECTION ( 'NONE',  ( -0.000000000000000000, -1.000000000000000000, -0.000000000000000000 ) ) ;
#6287 = VERTEX_POINT ( 'NONE', #3502 ) ;
#6288 = ORIENTED_EDGE ( 'NONE', *, *, #2438, .F. ) ;
#6289 = LINE ( 'NONE', #6352, #1902 ) ;
#6290 = AXIS2_PLACEMENT_3D ( 'NONE', #4347, #3908, #5309 ) ;
#6291 = CARTESIAN_POINT ( 'NONE',  ( 17.14497379312332015, 13.99979268842993463, 114.5708931961439845 ) ) ;
#6292 = DIRECTION ( 'NONE',  ( -1.000000000000000000, -1.084202172485504434E-16, 0.000000000000000000 ) ) ;
#6293 = ORIENTED_EDGE ( 'NONE', *, *, #3597, .F. ) ;
#6294 = CIRCLE ( 'NONE', #4118, 25.09999999999999787 ) ;
#6295 = DIRECTION ( 'NONE',  ( -0.000000000000000000, -1.000000000000000000, -0.000000000000000000 ) ) ;
#6296 = CARTESIAN_POINT ( 'NONE',  ( 3.261580130884150996, 14.30385891212784699, 122.5694057594357957 ) ) ;
#6297 = CARTESIAN_POINT ( 'NONE',  ( -10.78407417371103705, 16.19999999999999929, -79.90722205616825136 ) ) ;
#6298 = ORIENTED_EDGE ( 'NONE', *, *, #1867, .T. ) ;
#6299 = ORIENTED_EDGE ( 'NONE', *, *, #3715, .F. ) ;
#6300 = AXIS2_PLACEMENT_3D ( 'NONE', #5329, #4, #3249 ) ;
#6301 = CARTESIAN_POINT ( 'NONE',  ( 21.17646880143230703, 16.19999999999999929, -108.4600916298936539 ) ) ;
#6302 = CC_DESIGN_APPROVAL ( #6108, ( #6077 ) ) ;
#6303 = DIRECTION ( 'NONE',  ( -0.9659258262890723090, 0.000000000000000000, 0.2588190451025052519 ) ) ;
#6304 = VERTEX_POINT ( 'NONE', #2337 ) ;
#6305 = CARTESIAN_POINT ( 'NONE',  ( -3.522794651013250178, 7.914601290632898412, 122.3091019231505783 ) ) ;
#6306 = CARTESIAN_POINT ( 'NONE',  ( 21.19125078562214171, 8.000207282041492007, -107.5625357174541818 ) ) ;
#6307 = ORIENTED_EDGE ( 'NONE', *, *, #2618, .F. ) ;
#6308 = EDGE_CURVE ( 'NONE', #1375, #2880, #470, .T. ) ;
#6309 = CARTESIAN_POINT ( 'NONE',  ( -17.14589584587845295, 6.500000000000007105, 116.7933991687891080 ) ) ;
#6310 = CARTESIAN_POINT ( 'NONE',  ( 1.214344929932751015E-15, 15.49999999999998401, -100.0000000000000000 ) ) ;
#6311 = CARTESIAN_POINT ( 'NONE',  ( 2.292433343232368651E-16, 5.400000000000000355, -100.0000000000000000 ) ) ;
#6312 = VERTEX_POINT ( 'NONE', #3992 ) ;
#6313 = CARTESIAN_POINT ( 'NONE',  ( 3.696864730874382874E-14, 0.000000000000000000, 100.0000000000000000 ) ) ;
#6314 = CARTESIAN_POINT ( 'NONE',  ( 11.75000000000027178, 7.860503406167965501, 119.3515969889341619 ) ) ;
#6315 = EDGE_CURVE ( 'NONE', #5866, #4982, #3158, .T. ) ;
#6316 = CARTESIAN_POINT ( 'NONE',  ( 3.301690634473283037, 7.747098965593838038, -77.48787797631489127 ) ) ;
#6317 = CARTESIAN_POINT ( 'NONE',  ( -12.00881904510257847, 16.19999999999999929, 80.61432883735480459 ) ) ;
#6318 = CARTESIAN_POINT ( 'NONE',  ( -11.03320754165805617, 7.969113134352862282, -80.35510074598050778 ) ) ;
#6319 = ORIENTED_EDGE ( 'NONE', *, *, #5409, .T. ) ;
#6320 = ORIENTED_EDGE ( 'NONE', *, *, #1044, .T. ) ;
#6321 = ORIENTED_EDGE ( 'NONE', *, *, #5858, .T. ) ;
#6322 = LINE ( 'NONE', #1637, #925 ) ;
#6323 = CARTESIAN_POINT ( 'NONE',  ( -17.79934633805171629, 7.780657572282890122, -114.1194227737928486 ) ) ;
#6324 = ORIENTED_EDGE ( 'NONE', *, *, #5500, .T. ) ;
#6325 = CARTESIAN_POINT ( 'NONE',  ( 17.07800278143223593, 7.966209586491882710, -114.7012832365624035 ) ) ;
#6326 = EDGE_CURVE ( 'NONE', #3383, #4404, #1493, .T. ) ;
#6327 = CARTESIAN_POINT ( 'NONE',  ( 4.654308611524132999, 14.30385891212786476, -122.3238301514978588 ) ) ;
#6328 = CARTESIAN_POINT ( 'NONE',  ( -3.414914353429726379, 7.855987466600055313, -122.3853507211167937 ) ) ;
#6329 = ORIENTED_EDGE ( 'NONE', *, *, #5036, .F. ) ;
#6330 = ORIENTED_EDGE ( 'NONE', *, *, #636, .F. ) ;
#6331 = CARTESIAN_POINT ( 'NONE',  ( 21.40455843166937910, 14.69713885746530124, -91.05076857956595404 ) ) ;
#6332 = EDGE_CURVE ( 'NONE', #3563, #3573, #1277, .T. ) ;
#6333 = B_SPLINE_CURVE_WITH_KNOTS ( 'NONE', 3,
 ( #13, #2094, #1590, #4186 ),
 .UNSPECIFIED., .F., .F.,
 ( 4, 4 ),
 ( 0.001801244015933383107, 0.003804355091624457737 ),
 .UNSPECIFIED. ) ;
#6334 = CARTESIAN_POINT ( 'NONE',  ( 21.17646880143219690, 7.696141087872133468, -91.53990837010607606 ) ) ;
#6335 = ORIENTED_EDGE ( 'NONE', *, *, #2492, .F. ) ;
#6336 = CARTESIAN_POINT ( 'NONE',  ( -22.79289321881341834, 16.19999999999999929, 100.7071067811865674 ) ) ;
#6337 = ORIENTED_EDGE ( 'NONE', *, *, #1024, .T. ) ;
#6338 = CARTESIAN_POINT ( 'NONE',  ( 22.79289321881345032, 7.696141087872133468, -100.7071067811865532 ) ) ;
#6339 = CARTESIAN_POINT ( 'NONE',  ( -13.56091613274811358, 6.500000000000007105, 119.8015543238547735 ) ) ;
#6340 = CARTESIAN_POINT ( 'NONE',  ( 11.53566177949930882, 7.957092798995905270, -80.63188661883928887 ) ) ;
#6341 = DIRECTION ( 'NONE',  ( 0.08715574274766856033, 0.000000000000000000, 0.9961946980917446570 ) ) ;
#6342 = ORIENTED_EDGE ( 'NONE', *, *, #6332, .T. ) ;
#6343 = DIRECTION ( 'NONE',  ( -1.000000000000000000, -1.084202172485504434E-16, 0.000000000000000000 ) ) ;
#6344 = ADVANCED_FACE ( 'NONE', ( #5733 ), #3025, .F. ) ;
#6345 = PLANE ( 'NONE',  #5277 ) ;
#6346 = ADVANCED_FACE ( 'NONE', ( #534 ), #6760, .F. ) ;
#6347 = CARTESIAN_POINT ( 'NONE',  ( 4.559190310229080723, 14.21924454990177011, 77.74277240009038792 ) ) ;
#6348 = DIRECTION ( 'NONE',  ( -0.000000000000000000, -1.000000000000000000, -0.000000000000000000 ) ) ;
#6349 = CARTESIAN_POINT ( 'NONE',  ( -4.046278025549696622, 13.99979275290919034, -122.1334292909294987 ) ) ;
#6350 = ORIENTED_EDGE ( 'NONE', *, *, #3092, .T. ) ;
#6351 = ORIENTED_EDGE ( 'NONE', *, *, #4501, .F. ) ;
#6352 = CARTESIAN_POINT ( 'NONE',  ( -23.92910714524987270, 26.05705187735223660, -98.15667929237703504 ) ) ;
#6353 = CARTESIAN_POINT ( 'NONE',  ( -19.99999999999999645, 20.00000000000000000, -9.184850993605155833E-16 ) ) ;
#6354 = ORIENTED_EDGE ( 'NONE', *, *, #2414, .F. ) ;
#6355 = ADVANCED_FACE ( 'NONE', ( #1552 ), #435, .T. ) ;
#6356 = CARTESIAN_POINT ( 'NONE',  ( -10.36819101250126351, 6.500000000000007994, 121.6448750314777243 ) ) ;
#6357 = DIRECTION ( 'NONE',  ( -0.000000000000000000, -1.000000000000000000, -0.000000000000000000 ) ) ;
#6358 = CYLINDRICAL_SURFACE ( 'NONE', #511, 1.000000000000000888 ) ;
#6359 = EDGE_LOOP ( 'NONE', ( #3097, #5343, #2665, #4448 ) ) ;
#6360 = ORIENTED_EDGE ( 'NONE', *, *, #2591, .F. ) ;
#6361 = ORIENTED_EDGE ( 'NONE', *, *, #1353, .T. ) ;
#6362 = FACE_OUTER_BOUND ( 'NONE', #4240, .T. ) ;
#6363 = CIRCLE ( 'NONE', #2855, 24.00000000000000000 ) ;
#6364 = B_SPLINE_CURVE_WITH_KNOTS ( 'NONE', 3,
 ( #586, #2661, #1641, #3735 ),
 .UNSPECIFIED., .F., .F.,
 ( 4, 4 ),
 ( 3.020644791754502635E-07, 0.002003451032597875631 ),
 .UNSPECIFIED. ) ;
#6365 = PLANE ( 'NONE',  #4314 ) ;
#6366 = AXIS2_PLACEMENT_3D ( 'NONE', #4803, #4295, #4426 ) ;
#6367 = ORIENTED_EDGE ( 'NONE', *, *, #5923, .F. ) ;
#6368 = CARTESIAN_POINT ( 'NONE',  ( 11.75000000000029310, 14.13949659383202828, 119.3515969889341477 ) ) ;
#6369 = ORIENTED_EDGE ( 'NONE', *, *, #1825, .F. ) ;
#6370 = LINE ( 'NONE', #4349, #2327 ) ;
#6371 = VECTOR ( 'NONE', #4467, 1000.000000000000000 ) ;
#6372 = VECTOR ( 'NONE', #3584, 1000.000000000000000 ) ;
#6373 = B_SPLINE_CURVE_WITH_KNOTS ( 'NONE', 3,
 ( #4436, #1768, #5985, #5389 ),
 .UNSPECIFIED., .F., .F.,
 ( 4, 4 ),
 ( 2.730162618546000566E-07, 0.002003421982873425898 ),
 .UNSPECIFIED. ) ;
#6374 = DIRECTION ( 'NONE',  ( -1.150268980431791831E-16, 1.000000000000000000, -0.000000000000000000 ) ) ;
#6375 = ORIENTED_EDGE ( 'NONE', *, *, #3425, .F. ) ;
#6376 = CARTESIAN_POINT ( 'NONE',  ( -22.53199474478140019, 7.966540245393859188, -100.2833455553043649 ) ) ;
#6377 = VECTOR ( 'NONE', #5735, 1000.000000000000000 ) ;
#6379 = FACE_OUTER_BOUND ( 'NONE', #4318, .T. ) ;
#6378 = AXIS2_PLACEMENT_3D ( 'NONE', #2325, #2192, #5961 ) ;
#6380 = B_SPLINE_CURVE_WITH_KNOTS ( 'NONE', 3,
 ( #1522, #3648, #2585, #2067, #1048, #3131, #2644, #5695, #3096, #5217 ),
 .UNSPECIFIED., .F., .F.,
 ( 4, 2, 2, 2, 4 ),
 ( 2.534827000453384620E-07, 0.0004262038063267318904, 0.0008521541299534185097, 0.001278104453580104858, 0.001704054777206791532 ),
 .UNSPECIFIED. ) ;
#6381 = B_SPLINE_CURVE_WITH_KNOTS ( 'NONE', 3,
 ( #423, #1921, #4017, #2912 ),
 .UNSPECIFIED., .F., .F.,
 ( 4, 4 ),
 ( 3.499116271444375541E-07, 0.002003460990062442930 ),
 .UNSPECIFIED. ) ;
#6382 = DIRECTION ( 'NONE',  ( 0.000000000000000000, 1.000000000000000000, 0.000000000000000000 ) ) ;
#6383 = PLANE ( 'NONE',  #6507 ) ;
#6384 = EDGE_CURVE ( 'NONE', #4539, #394, #3579, .T. ) ;
#6385 = CARTESIAN_POINT ( 'NONE',  ( -3.261580130883943163, 14.30385891212786653, 77.43059424056417583 ) ) ;
#6386 = ORIENTED_EDGE ( 'NONE', *, *, #1182, .T. ) ;
#6387 = EDGE_LOOP ( 'NONE', ( #1840, #340, #314, #6211, #6048 ) ) ;
#6388 = DIRECTION ( 'NONE',  ( -1.150268980431791831E-16, 1.000000000000000000, -0.000000000000000000 ) ) ;
#6389 = CARTESIAN_POINT ( 'NONE',  ( 16.99572930846315799, 14.21924408373307003, 115.0769877920024840 ) ) ;
#6390 = AXIS2_PLACEMENT_3D ( 'NONE', #6511, #4325, #155 ) ;
#6391 = VERTEX_POINT ( 'NONE', #4692 ) ;
#6392 = EDGE_CURVE ( 'NONE', #5616, #1766, #5659, .T. ) ;
#6393 = CARTESIAN_POINT ( 'NONE',  ( 23.92910714524991178, 6.500000000000011546, 101.8433207076229507 ) ) ;
#6394 = B_SPLINE_CURVE_WITH_KNOTS ( 'NONE', 3,
 ( #3359, #755, #4322, #6443, #727, #1750, #2811, #3841, #3324, #5405 ),
 .UNSPECIFIED., .F., .F.,
 ( 4, 2, 2, 2, 4 ),
 ( 2.457714201960378603E-07, 0.0004261960535715180950, 0.0008521463357228401762, 0.001278096617874162257, 0.001704046900025484338 ),
 .UNSPECIFIED. ) ;
#6395 = AXIS2_PLACEMENT_3D ( 'NONE', #4508, #6599, #1912 ) ;
#6396 = CARTESIAN_POINT ( 'NONE',  ( 3.996295226569714032, 14.00055867418077504, 122.1429821957867716 ) ) ;
#6397 = DATE_TIME_ROLE ( 'classification_date' ) ;
#6398 = ORIENTED_EDGE ( 'NONE', *, *, #1861, .T. ) ;
#6399 = VERTEX_POINT ( 'NONE', #978 ) ;
#6400 = ORIENTED_EDGE ( 'NONE', *, *, #4845, .F. ) ;
#6401 = LINE ( 'NONE', #3805, #1772 ) ;
#6402 = EDGE_CURVE ( 'NONE', #5310, #2135, #3740, .T. ) ;
#6403 = AXIS2_PLACEMENT_3D ( 'NONE', #2073, #4164, #1603 ) ;
#6404 = AXIS2_PLACEMENT_3D ( 'NONE', #5667, #985, #4237 ) ;
#6405 = CARTESIAN_POINT ( 'NONE',  ( 4.191680139669137439, 7.966540390731876364, -122.1404806385289419 ) ) ;
#6406 = VERTEX_POINT ( 'NONE', #3647 ) ;
#6407 = CARTESIAN_POINT ( 'NONE',  ( -4.654308611523966910, 14.30385891212786476, 77.67616984850211281 ) ) ;
#6408 = ORIENTED_EDGE ( 'NONE', *, *, #2989, .T. ) ;
#6409 = EDGE_CURVE ( 'NONE', #2019, #894, #5021, .T. ) ;
#6410 = CARTESIAN_POINT ( 'NONE',  ( -3.261580130883956485, 16.19999999999999929, -77.43059424056417583 ) ) ;
#6411 = VECTOR ( 'NONE', #2512, 1000.000000000000000 ) ;
#6412 = B_SPLINE_CURVE_WITH_KNOTS ( 'NONE', 3,
 ( #2289, #3741, #113, #3837 ),
 .UNSPECIFIED., .F., .F.,
 ( 4, 4 ),
 ( 0.001801196906089758696, 0.003804307981452956927 ),
 .UNSPECIFIED. ) ;
#6413 = EDGE_CURVE ( 'NONE', #5627, #4353, #3095, .T. ) ;
#6414 = CARTESIAN_POINT ( 'NONE',  ( -17.00584971520431665, 7.696141087872140574, -84.80733542961877447 ) ) ;
#6415 = ORIENTED_EDGE ( 'NONE', *, *, #336, .F. ) ;
#6416 = DIRECTION ( 'NONE',  ( -1.150268980431791831E-16, 1.000000000000000000, 4.226019675132849788E-32 ) ) ;
#6417 = EDGE_CURVE ( 'NONE', #2456, #5156, #2066, .T. ) ;
#6418 = DIRECTION ( 'NONE',  ( -1.000000000000000000, -1.084202172485504434E-16, 0.000000000000000000 ) ) ;
#6419 = LINE ( 'NONE', #3497, #4079 ) ;
#6420 = CARTESIAN_POINT ( 'NONE',  ( 17.09954875531821017, 6.903790001739282367, 116.2636494995994099 ) ) ;
#6421 = CARTESIAN_POINT ( 'NONE',  ( 3.673940397442059493E-14, 26.05705187735223660, 100.0000000000000000 ) ) ;
#6422 = CARTESIAN_POINT ( 'NONE',  ( -22.63450800250853945, 6.903790001781009877, 93.32318113442082108 ) ) ;
#6423 = ORIENTED_EDGE ( 'NONE', *, *, #959, .F. ) ;
#6424 = ORIENTED_EDGE ( 'NONE', *, *, #2951, .T. ) ;
#6425 = DIRECTION ( 'NONE',  ( -1.000000000000000000, -1.445602896647339163E-16, 0.000000000000000000 ) ) ;
#6426 = CARTESIAN_POINT ( 'NONE',  ( -3.633599466026705027, 14.03345960902832168, 77.76111468152932105 ) ) ;
#6427 = EDGE_CURVE ( 'NONE', #736, #3781, #1047, .T. ) ;
#6428 = EDGE_LOOP ( 'NONE', ( #2695, #1511, #4338, #5704 ) ) ;
#6429 = DIRECTION ( 'NONE',  ( -1.000000000000000000, -1.445602896647339163E-16, 0.000000000000000000 ) ) ;
#6430 = CARTESIAN_POINT ( 'NONE',  ( 4.299680222855525535, 14.07494833356287067, 122.1618810803508239 ) ) ;
#6431 = COORDINATED_UNIVERSAL_TIME_OFFSET ( 8, 0, .AHEAD. ) ;
#6432 = ORIENTED_EDGE ( 'NONE', *, *, #6088, .T. ) ;
#6433 = ORIENTED_EDGE ( 'NONE', *, *, #3954, .T. ) ;
#6434 = DIRECTION ( 'NONE',  ( -4.159166725385326943E-17, 0.000000000000000000, 1.000000000000000000 ) ) ;
#6435 = ADVANCED_FACE ( 'NONE', ( #3129 ), #4658, .T. ) ;
#6436 = ADVANCED_FACE ( 'NONE', ( #1596 ), #5765, .T. ) ;
#6437 = ADVANCED_FACE ( 'NONE', ( #2906 ), #1653, .T. ) ;
#6438 = ORIENTED_EDGE ( 'NONE', *, *, #4306, .F. ) ;
#6439 = DIRECTION ( 'NONE',  ( -0.7071067811865495711, 0.7071067811865454633, -2.940974995605420008E-17 ) ) ;
#6440 = ORIENTED_EDGE ( 'NONE', *, *, #962, .F. ) ;
#6441 = DIRECTION ( 'NONE',  ( -0.000000000000000000, -1.000000000000000000, -0.000000000000000000 ) ) ;
#6442 = ORIENTED_EDGE ( 'NONE', *, *, #5221, .F. ) ;
#6443 = CARTESIAN_POINT ( 'NONE',  ( -17.44350177171669003, 14.03379041348177303, -85.73430149823792590 ) ) ;
#6444 = DIRECTION ( 'NONE',  ( 0.9659258262890690894, -0.000000000000000000, 0.2588190451025179084 ) ) ;
#6445 = EDGE_LOOP ( 'NONE', ( #2361, #1780, #3617, #4205 ) ) ;
#6446 = CARTESIAN_POINT ( 'NONE',  ( 0.000000000000000000, 5.400000000000000355, -100.0000000000000000 ) ) ;
#6447 = CARTESIAN_POINT ( 'NONE',  ( -4.080732175172949283, 16.19999999999999929, -76.85701780421314311 ) ) ;
#6448 = CARTESIAN_POINT ( 'NONE',  ( 4.654308611524179184, 7.696141087872157449, 122.3238301514978303 ) ) ;
#6449 = CARTESIAN_POINT ( 'NONE',  ( -22.71078579250040619, 14.21924496473452848, 99.37500064512651932 ) ) ;
#6450 = DIRECTION ( 'NONE',  ( 0.000000000000000000, 0.000000000000000000, -1.000000000000000000 ) ) ;
#6451 = CARTESIAN_POINT ( 'NONE',  ( 22.49980162688848040, 8.000207189684864773, 99.85862256247773416 ) ) ;
#6452 = ORIENTED_EDGE ( 'NONE', *, *, #6534, .T. ) ;
#6453 = CARTESIAN_POINT ( 'NONE',  ( 11.37233529607444815, 13.99979269777697155, 80.58528791692698690 ) ) ;
#6454 = DIRECTION ( 'NONE',  ( -1.150268980431791831E-16, 1.000000000000000000, -0.000000000000000000 ) ) ;
#6455 = ORIENTED_EDGE ( 'NONE', *, *, #5905, .F. ) ;
#6456 = CARTESIAN_POINT ( 'NONE',  ( 19.51562326895617971, 26.05705187735224015, 113.9692679988672808 ) ) ;
#6457 = CARTESIAN_POINT ( 'NONE',  ( -5.096409920277341854, 14.69713885689458444, 122.6333928205396688 ) ) ;
#6458 = ORIENTED_EDGE ( 'NONE', *, *, #5968, .T. ) ;
#6459 = ORIENTED_EDGE ( 'NONE', *, *, #2364, .T. ) ;
#6460 = CARTESIAN_POINT ( 'NONE',  ( 21.66015832672817965, 14.30385891212786476, 92.86883441888339519 ) ) ;
#6461 = B_SPLINE_CURVE_WITH_KNOTS ( 'NONE', 3,
 ( #4958, #4046, #5060, #862 ),
 .UNSPECIFIED., .F., .F.,
 ( 4, 4 ),
 ( 0.001801258382968931333, 0.003804369461404225310 ),
 .UNSPECIFIED. ) ;
#6462 = CARTESIAN_POINT ( 'NONE',  ( 3.795374890435334674E-14, 15.49999999999998401, 100.0000000000000000 ) ) ;
#6463 = CARTESIAN_POINT ( 'NONE',  ( 18.98585932493161721, 15.09619911758238153, 114.0156163383142172 ) ) ;
#6464 = EDGE_CURVE ( 'NONE', #4702, #6391, #3238, .T. ) ;
#6465 = VERTEX_POINT ( 'NONE', #92 ) ;
#6466 = CARTESIAN_POINT ( 'NONE',  ( 3.664496734298070102, 14.02999306331894758, -77.76988829173630791 ) ) ;
#6467 = ORIENTED_EDGE ( 'NONE', *, *, #2869, .T. ) ;
#6468 = FACE_OUTER_BOUND ( 'NONE', #272, .T. ) ;
#6469 = ORIENTED_EDGE ( 'NONE', *, *, #3724, .T. ) ;
#6470 = LINE ( 'NONE', #1311, #4838 ) ;
#6471 = VECTOR ( 'NONE', #5638, 1000.000000000000000 ) ;
#6472 = EDGE_CURVE ( 'NONE', #2099, #2724, #519, .T. ) ;
#6473 = B_SPLINE_CURVE_WITH_KNOTS ( 'NONE', 3,
 ( #3066, #3725, #5285, #4163 ),
 .UNSPECIFIED., .F., .F.,
 ( 4, 4 ),
 ( 0.001801196906089759780, 0.003804307981452891875 ),
 .UNSPECIFIED. ) ;
#6474 = DIRECTION ( 'NONE',  ( -1.000000000000000000, -1.382249781654826375E-16, 0.000000000000000000 ) ) ;
#6475 = EDGE_LOOP ( 'NONE', ( #4415, #1401, #4247, #6660 ) ) ;
#6476 = CARTESIAN_POINT ( 'NONE',  ( 3.673940397442059493E-14, 26.05705187735223660, 100.0000000000000000 ) ) ;
#6477 = DIRECTION ( 'NONE',  ( 0.7071067811865505703, 0.000000000000000000, -0.7071067811865444641 ) ) ;
#6478 = CARTESIAN_POINT ( 'NONE',  ( 5.096422646325787120, 7.302849822398340685, 122.6334017314142244 ) ) ;
#6479 = AXIS2_PLACEMENT_3D ( 'NONE', #1609, #3206, #2726 ) ;
#6480 = EDGE_CURVE ( 'NONE', #3581, #3575, #1305, .T. ) ;
#6481 = CARTESIAN_POINT ( 'NONE',  ( 17.14589584587888282, 6.500000000000010658, 116.7933991687887527 ) ) ;
#6482 = CARTESIAN_POINT ( 'NONE',  ( -21.12745209240921795, 14.21934262515282299, -108.3549749581738126 ) ) ;
#6483 = CIRCLE ( 'NONE', #912, 30.00000000000000000 ) ;
#6484 = DIRECTION ( 'NONE',  ( -0.000000000000000000, -1.000000000000000000, -0.000000000000000000 ) ) ;
#6485 = VECTOR ( 'NONE', #216, 1000.000000000000000 ) ;
#6486 = ORIENTED_EDGE ( 'NONE', *, *, #3442, .T. ) ;
#6487 = CARTESIAN_POINT ( 'NONE',  ( -21.66015832672819030, 14.30385891212786120, -92.86883441888356572 ) ) ;
#6488 = DIRECTION ( 'NONE',  ( -1.000000000000000000, -1.445602896647338917E-16, 0.000000000000000000 ) ) ;
#6489 = EDGE_CURVE ( 'NONE', #5387, #1082, #4307, .T. ) ;
#6490 = AXIS2_PLACEMENT_3D ( 'NONE', #1451, #299, #3993 ) ;
#6491 = CARTESIAN_POINT ( 'NONE',  ( 23.55308668979009568, 6.903790002480923782, 101.4673002521631275 ) ) ;
#6492 = CARTESIAN_POINT ( 'NONE',  ( 2.339929324814240097, 6.500000000000008882, -76.11434047896365485 ) ) ;
#6493 = CALENDAR_DATE ( 2026, 26, 2 ) ;
#6494 = VERTEX_POINT ( 'NONE', #5826 ) ;
#6495 = VECTOR ( 'NONE', #5555, 1000.000000000000000 ) ;
#6496 = CARTESIAN_POINT ( 'NONE',  ( -21.19258113128292109, 7.999790679995404830, 107.5600468532756651 ) ) ;
#6497 = AXIS2_PLACEMENT_3D ( 'NONE', #2102, #3232, #122 ) ;
#6498 = CARTESIAN_POINT ( 'NONE',  ( -10.80867155960792836, 14.23460612714118589, 120.0009792499300687 ) ) ;
#6499 = CARTESIAN_POINT ( 'NONE',  ( 21.17646880143219690, 7.696141087872133468, -91.53990837010607606 ) ) ;
#6500 = ORIENTED_EDGE ( 'NONE', *, *, #3596, .T. ) ;
#6501 = DIRECTION ( 'NONE',  ( -1.150268980431791831E-16, 1.000000000000000000, -0.000000000000000000 ) ) ;
#6502 = VERTEX_POINT ( 'NONE', #5314 ) ;
#6503 = CARTESIAN_POINT ( 'NONE',  ( 21.85555259377044734, 6.500000000000011546, 109.9163915221685244 ) ) ;
#6504 = ORIENTED_EDGE ( 'NONE', *, *, #3285, .F. ) ;
#6505 = VECTOR ( 'NONE', #4244, 1000.000000000000000 ) ;
#6506 = CARTESIAN_POINT ( 'NONE',  ( 23.92910714524991178, 15.49999999999998757, 98.15667929237702083 ) ) ;
#6507 = AXIS2_PLACEMENT_3D ( 'NONE', #1695, #3792, #2888 ) ;
#6508 = CARTESIAN_POINT ( 'NONE',  ( 10.36819101250150510, 6.500000000000009770, 78.35512496852237518 ) ) ;
#6509 = VERTEX_POINT ( 'NONE', #3869 ) ;
#6510 = EDGE_CURVE ( 'NONE', #354, #5, #5863, .T. ) ;
#6511 = CARTESIAN_POINT ( 'NONE',  ( 1.214344929932751015E-15, 15.49999999999998401, -100.0000000000000000 ) ) ;
#6512 = DIRECTION ( 'NONE',  ( -0.9659258262890647595, 0.000000000000000000, -0.2588190451025340066 ) ) ;
#6514 = CYLINDRICAL_SURFACE ( 'NONE', #359, 1.000000000000000888 ) ;
#6513 = AXIS2_PLACEMENT_3D ( 'NONE', #927, #2496, #2463 ) ;
#6515 = EDGE_CURVE ( 'NONE', #2253, #1223, #5855, .T. ) ;
#6516 = EDGE_CURVE ( 'NONE', #3677, #858, #877, .T. ) ;
#6517 = CYLINDRICAL_SURFACE ( 'NONE', #5164, 24.00000000000000000 ) ;
#6518 = FACE_OUTER_BOUND ( 'NONE', #1031, .T. ) ;
#6519 = CARTESIAN_POINT ( 'NONE',  ( 2.952017461842088686, 14.69713885689458799, -76.98849293181045539 ) ) ;
#6520 = EDGE_CURVE ( 'NONE', #1131, #5542, #6575, .T. ) ;
#6521 = VERTEX_POINT ( 'NONE', #1151 ) ;
#6522 = CYLINDRICAL_SURFACE ( 'NONE', #2124, 24.00000000000000000 ) ;
#6523 = CARTESIAN_POINT ( 'NONE',  ( 1.214344929932751015E-15, 15.49999999999998401, -100.0000000000000000 ) ) ;
#6524 = CARTESIAN_POINT ( 'NONE',  ( -19.51562326895583865, 6.500000000000006217, -113.9692679988677071 ) ) ;
#6525 = FACE_OUTER_BOUND ( 'NONE', #5996, .T. ) ;
#6526 = ORIENTED_EDGE ( 'NONE', *, *, #5419, .T. ) ;
#6527 = APPROVAL_DATE_TIME ( #5910, #6108 ) ;
#6528 = ORIENTED_EDGE ( 'NONE', *, *, #3776, .F. ) ;
#6529 = VERTEX_POINT ( 'NONE', #277 ) ;
#6530 = CARTESIAN_POINT ( 'NONE',  ( -10.78407417371068888, 14.30385891212784344, 120.0927779438318908 ) ) ;
#6531 = CARTESIAN_POINT ( 'NONE',  ( 23.11645821900306430, 6.500000000000011546, 93.54791821122147155 ) ) ;
#6532 = CARTESIAN_POINT ( 'NONE',  ( 21.55504165465604061, 7.780657375130061837, -92.81981770969645140 ) ) ;
#6533 = VERTEX_POINT ( 'NONE', #4372 ) ;
#6534 = EDGE_CURVE ( 'NONE', #2110, #4982, #1121, .T. ) ;
#6535 = DIRECTION ( 'NONE',  ( 1.150268980431791831E-16, -1.000000000000000000, -4.226019675132849788E-32 ) ) ;
#6536 = DIRECTION ( 'NONE',  ( -0.000000000000000000, -1.000000000000000000, -0.000000000000000000 ) ) ;
#6537 = ORIENTED_EDGE ( 'NONE', *, *, #5544, .F. ) ;
#6538 = CARTESIAN_POINT ( 'NONE',  ( 17.91488867054834344, 7.696141087872125475, 85.89068587045802872 ) ) ;
#6539 = CARTESIAN_POINT ( 'NONE',  ( -17.14589584587867677, 15.49999999999998224, 83.20660083121111938 ) ) ;
#6540 = EDGE_LOOP ( 'NONE', ( #28, #94, #331, #4991 ) ) ;
#6541 = VERTEX_POINT ( 'NONE', #2713 ) ;
#6542 = DIRECTION ( 'NONE',  ( -0.000000000000000000, -1.000000000000000000, -0.000000000000000000 ) ) ;
#6543 = CARTESIAN_POINT ( 'NONE',  ( -10.78407417371103705, 14.30385891212787897, -79.90722205616825136 ) ) ;
#6544 = CARTESIAN_POINT ( 'NONE',  ( -5.970562373124172595, 6.500000000000007994, -123.2454809575675228 ) ) ;
#6545 = B_SPLINE_CURVE_WITH_KNOTS ( 'NONE', 3,
 ( #4153, #3124, #4252, #1147 ),
 .UNSPECIFIED., .F., .F.,
 ( 4, 4 ),
 ( 0.001396348828085940694, 0.001704054763430417826 ),
 .UNSPECIFIED. ) ;
#6546 = CARTESIAN_POINT ( 'NONE',  ( -10.64438797060582687, 14.69713885779637863, 79.38590604906332260 ) ) ;
#6547 = DIRECTION ( 'NONE',  ( -0.000000000000000000, 1.000000000000000000, -0.000000000000000000 ) ) ;
#6548 = PLANE ( 'NONE',  #698 ) ;
#6549 = EDGE_CURVE ( 'NONE', #1126, #3982, #2796, .T. ) ;
#6550 = VERTEX_POINT ( 'NONE', #5567 ) ;
#6551 = CARTESIAN_POINT ( 'NONE',  ( 17.91488867054854950, 16.19999999999999929, 114.1093141295417013 ) ) ;
#6552 = DIRECTION ( 'NONE',  ( -1.000000000000000000, -1.084202172485504434E-16, 0.000000000000000000 ) ) ;
#6553 = EDGE_CURVE ( 'NONE', #3555, #3323, #4949, .T. ) ;
#6554 = CARTESIAN_POINT ( 'NONE',  ( -3.744041427079414674, 14.01082649396727930, -77.80254968194660137 ) ) ;
#6555 = CARTESIAN_POINT ( 'NONE',  ( -2.339929324814400413, 26.05705187735223660, -76.11434047896368327 ) ) ;
#6556 = DIRECTION ( 'NONE',  ( 0.9659258262890680902, 0.000000000000000000, -0.2588190451025214056 ) ) ;
#6557 = VERTEX_POINT ( 'NONE', #6197 ) ;
#6558 = ORIENTED_EDGE ( 'NONE', *, *, #3008, .F. ) ;
#6559 = CARTESIAN_POINT ( 'NONE',  ( 21.12739506564321701, 14.21924429765124209, -108.3548526638787024 ) ) ;
#6560 = EDGE_CURVE ( 'NONE', #6690, #1531, #3318, .T. ) ;
#6561 = CARTESIAN_POINT ( 'NONE',  ( -21.12745209240933519, 7.780657374847167240, -91.64502504182647158 ) ) ;
#6562 = FACE_OUTER_BOUND ( 'NONE', #5532, .T. ) ;
#6563 = CARTESIAN_POINT ( 'NONE',  ( 3.795374890435334674E-14, 15.49999999999998401, 100.0000000000000000 ) ) ;
#6564 = ORIENTED_EDGE ( 'NONE', *, *, #1867, .F. ) ;
#6565 = CARTESIAN_POINT ( 'NONE',  ( 21.66015832672823649, 7.696141087872132580, -107.1311655811163064 ) ) ;
#6566 = DIRECTION ( 'NONE',  ( -0.5735764363510470476, 0.000000000000000000, 0.8191520442889911324 ) ) ;
#6567 = EDGE_LOOP ( 'NONE', ( #2723, #3700, #3709, #5569 ) ) ;
#6568 = DIRECTION ( 'NONE',  ( 0.5735764363510394981, -0.000000000000000000, 0.8191520442889964615 ) ) ;
#6569 = ADVANCED_FACE ( 'NONE', ( #346 ), #4041, .F. ) ;
#6570 = CARTESIAN_POINT ( 'NONE',  ( -10.36819101250126707, 15.49999999999998224, 121.6448750314777243 ) ) ;
#6571 = ORIENTED_EDGE ( 'NONE', *, *, #4263, .F. ) ;
#6572 = ORIENTED_EDGE ( 'NONE', *, *, #6005, .F. ) ;
#6573 = CARTESIAN_POINT ( 'NONE',  ( 2.498279470260601440E-14, 6.500000000000008882, 76.00000000000002842 ) ) ;
#6574 = CARTESIAN_POINT ( 'NONE',  ( 5.970562373124339572, 6.500000000000009770, -76.75451904243253409 ) ) ;
#6575 = B_SPLINE_CURVE_WITH_KNOTS ( 'NONE', 3,
 ( #5991, #6463, #4914, #778 ),
 .UNSPECIFIED., .F., .F.,
 ( 4, 4 ),
 ( 0.001150320978735615805, 0.003153469944069060664 ),
 .UNSPECIFIED. ) ;
#6576 = CARTESIAN_POINT ( 'NONE',  ( -17.07837890800233893, 14.03345944593030303, 85.29965878717345618 ) ) ;
#6577 = ORIENTED_EDGE ( 'NONE', *, *, #3461, .F. ) ;
#6578 = DIRECTION ( 'NONE',  ( -1.150268980431791831E-16, 1.000000000000000000, -0.000000000000000000 ) ) ;
#6579 = CARTESIAN_POINT ( 'NONE',  ( 2.339929324814594036, 6.500000000000008882, 123.8856595210363309 ) ) ;
#6580 = FACE_OUTER_BOUND ( 'NONE', #6019, .T. ) ;
#6581 = VERTEX_POINT ( 'NONE', #383 ) ;
#6582 = FACE_OUTER_BOUND ( 'NONE', #10, .T. ) ;
#6583 = CIRCLE ( 'NONE', #3412, 25.10000000000000142 ) ;
#6585 = CARTESIAN_POINT ( 'NONE',  ( 0.000000000000000000, 26.05705187735223660, -100.0000000000000000 ) ) ;
#6584 = AXIS2_PLACEMENT_3D ( 'NONE', #3654, #4696, #4769 ) ;
#6586 = ADVANCED_FACE ( 'NONE', ( #419 ), #3127, .F. ) ;
#6587 = ADVANCED_FACE ( 'NONE', ( #1507 ), #3012, .F. ) ;
#6588 = VECTOR ( 'NONE', #4667, 1000.000000000000000 ) ;
#6589 = VECTOR ( 'NONE', #3671, 1000.000000000000000 ) ;
#6590 = CYLINDRICAL_SURFACE ( 'NONE', #283, 24.00000000000000000 ) ;
#6591 = CARTESIAN_POINT ( 'NONE',  ( 3.782721931650584189E-14, 16.59999999999999432, 100.0000000000000000 ) ) ;
#6592 = DIRECTION ( 'NONE',  ( -0.7071067811865489050, 0.000000000000000000, 0.7071067811865462405 ) ) ;
#6593 = APPROVAL_DATE_TIME ( #4034, #3181 ) ;
#6594 = ORIENTED_EDGE ( 'NONE', *, *, #4501, .T. ) ;
#6595 = ORIENTED_EDGE ( 'NONE', *, *, #4560, .F. ) ;
#6596 = VECTOR ( 'NONE', #3710, 1000.000000000000000 ) ;
#6597 = CARTESIAN_POINT ( 'NONE',  ( 21.09373947100867852, 14.14401222054519636, -108.2352721805947340 ) ) ;
#6598 = EDGE_CURVE ( 'NONE', #4550, #6304, #5207, .T. ) ;
#6599 = DIRECTION ( 'NONE',  ( -0.000000000000000000, 1.000000000000000000, -0.000000000000000000 ) ) ;
#6600 = VECTOR ( 'NONE', #5570, 1000.000000000000000 ) ;
#6601 = CARTESIAN_POINT ( 'NONE',  ( 17.79921189211185606, 14.21924408369077675, -85.88056546371166178 ) ) ;
#6602 = CARTESIAN_POINT ( 'NONE',  ( 21.17646880143234611, 16.19999999999999929, 108.4600916298936113 ) ) ;
#6603 = VERTEX_POINT ( 'NONE', #4577 ) ;
#6604 = CARTESIAN_POINT ( 'NONE',  ( 10.36819101250181241, 26.05705187735223660, 121.6448750314774827 ) ) ;
#6605 = EDGE_CURVE ( 'NONE', #4016, #4895, #3601, .T. ) ;
#6606 = CARTESIAN_POINT ( 'NONE',  ( -21.63081551696948779, 6.903790001781011654, -90.56555869432584416 ) ) ;
#6607 = VERTEX_POINT ( 'NONE', #1914 ) ;
#6608 = CYLINDRICAL_SURFACE ( 'NONE', #4948, 1.000000000000000888 ) ;
#6609 = VECTOR ( 'NONE', #1789, 1000.000000000000000 ) ;
#6610 = AXIS2_PLACEMENT_3D ( 'NONE', #6262, #1474, #3046 ) ;
#6611 = CARTESIAN_POINT ( 'NONE',  ( 21.90870462436813781, 18.09129537563184797, -79.34651754062424800 ) ) ;
#6612 = ORIENTED_EDGE ( 'NONE', *, *, #4407, .T. ) ;
#6613 = EDGE_CURVE ( 'NONE', #2456, #783, #2333, .T. ) ;
#6614 = ORIENTED_EDGE ( 'NONE', *, *, #6308, .T. ) ;
#6615 = CARTESIAN_POINT ( 'NONE',  ( 3.673940397442059493E-14, 20.00000000000000000, 100.0000000000000000 ) ) ;
#6616 = FACE_OUTER_BOUND ( 'NONE', #5645, .T. ) ;
#6617 = CARTESIAN_POINT ( 'NONE',  ( -17.00584971520428113, 14.30385891212785765, 84.80733542961877447 ) ) ;
#6618 = AXIS2_PLACEMENT_3D ( 'NONE', #839, #1355, #1828 ) ;
#6619 = B_SPLINE_CURVE_WITH_KNOTS ( 'NONE', 3,
 ( #1264, #230, #1804, #6430, #4340, #4941 ),
 .UNSPECIFIED., .F., .F.,
 ( 4, 2, 4 ),
 ( 2.989209868123831679E-07, 0.0003391538968115311481, 0.0006780088726362498448 ),
 .UNSPECIFIED. ) ;
#6620 = EDGE_CURVE ( 'NONE', #2521, #2732, #3518, .T. ) ;
#6621 = DIRECTION ( 'NONE',  ( -0.000000000000000000, -1.000000000000000000, -0.000000000000000000 ) ) ;
#6622 = DIRECTION ( 'NONE',  ( -0.000000000000000000, -1.000000000000000000, -0.000000000000000000 ) ) ;
#6623 = EDGE_CURVE ( 'NONE', #5300, #134, #3044, .T. ) ;
#6624 = DIRECTION ( 'NONE',  ( -4.159166725385326943E-17, -0.000000000000000000, 1.000000000000000000 ) ) ;
#6625 = ORIENTED_EDGE ( 'NONE', *, *, #523, .T. ) ;
#6626 = DIRECTION ( 'NONE',  ( -0.000000000000000000, -1.000000000000000000, -0.000000000000000000 ) ) ;
#6627 = CARTESIAN_POINT ( 'NONE',  ( 10.95921284831591791, 14.06953934183952271, -80.26960861365039079 ) ) ;
#6628 = ORIENTED_EDGE ( 'NONE', *, *, #5613, .T. ) ;
#6629 = LOCAL_TIME ( 21, 24, 22.00000000000000000, #2213 ) ;
#6630 = CARTESIAN_POINT ( 'NONE',  ( 17.05288955031224063, 7.302849822303708827, -115.7303323459764925 ) ) ;
#6631 = CARTESIAN_POINT ( 'NONE',  ( 10.50582776005171048, 15.09619911743538978, 78.86879230336825231 ) ) ;
#6632 = CARTESIAN_POINT ( 'NONE',  ( 4.654308611523869210, 14.30385891212787186, 77.67616984850208439 ) ) ;
#6633 = VERTEX_POINT ( 'NONE', #5160 ) ;
#6634 = VERTEX_POINT ( 'NONE', #452 ) ;
#6635 = DIRECTION ( 'NONE',  ( 1.150268980431791831E-16, -1.000000000000000000, -4.226019675132849788E-32 ) ) ;
#6636 = EDGE_CURVE ( 'NONE', #1286, #858, #4610, .T. ) ;
#6637 = CARTESIAN_POINT ( 'NONE',  ( 21.45268736144258526, 14.14431388810927714, -107.2499209526267236 ) ) ;
#6638 = DIRECTION ( 'NONE',  ( -4.159166725385327559E-17, 0.000000000000000000, 1.000000000000000000 ) ) ;
#6639 = CARTESIAN_POINT ( 'NONE',  ( 17.67882416770112997, 14.14401195499841890, 85.84992166936652325 ) ) ;
#6641 = B_SPLINE_CURVE_WITH_KNOTS ( 'NONE', 3,
 ( #2598, #2077, #1608, #2177 ),
 .UNSPECIFIED., .F., .F.,
 ( 4, 4 ),
 ( 2.730032382558435647E-07, 0.002003384078721825480 ),
 .UNSPECIFIED. ) ;
#6640 = CARTESIAN_POINT ( 'NONE',  ( 22.50020032262487391, 14.00020922584322314, -99.85583006368891290 ) ) ;
#6642 = ORIENTED_EDGE ( 'NONE', *, *, #4763, .F. ) ;
#6643 = CARTESIAN_POINT ( 'NONE',  ( 21.09387130279878164, 7.855686111825540330, 108.2357599716723655 ) ) ;
#6644 = EDGE_CURVE ( 'NONE', #5587, #400, #3569, .T. ) ;
#6645 = ADVANCED_FACE ( 'NONE', ( #2018 ), #5297, .F. ) ;
#6646 = CARTESIAN_POINT ( 'NONE',  ( 17.14497379312306435, 8.000207311570060043, -85.42910680385577393 ) ) ;
#6647 = ORIENTED_EDGE ( 'NONE', *, *, #2877, .T. ) ;
#6648 = CARTESIAN_POINT ( 'NONE',  ( -23.92910714524983007, 6.500000000000006217, 101.8433207076229934 ) ) ;
#6649 = ADVANCED_FACE ( 'NONE', ( #2730 ), #6358, .T. ) ;
#6650 = DIRECTION ( 'NONE',  ( -1.000000000000000000, -1.445602896647339163E-16, 5.782411586589356653E-16 ) ) ;
#6651 = ORIENTED_EDGE ( 'NONE', *, *, #3411, .F. ) ;
#6652 = ORIENTED_EDGE ( 'NONE', *, *, #5771, .F. ) ;
#6653 = DIRECTION ( 'NONE',  ( -1.000000000000000000, -1.445602896647339163E-16, 0.000000000000000000 ) ) ;
#6654 = CARTESIAN_POINT ( 'NONE',  ( -17.14589584587870519, 6.500000000000007105, -83.20660083121111938 ) ) ;
#6655 = CARTESIAN_POINT ( 'NONE',  ( 10.78407417371089139, 7.696141087872137909, -79.90722205616819451 ) ) ;
#6656 = B_SPLINE_CURVE_WITH_KNOTS ( 'NONE', 3,
 ( #2359, #1916, #4043, #1021 ),
 .UNSPECIFIED., .F., .F.,
 ( 4, 4 ),
 ( 0.001801214201450996493, 0.003804325276934551574 ),
 .UNSPECIFIED. ) ;
#6657 = FACE_OUTER_BOUND ( 'NONE', #2150, .T. ) ;
#6658 = DIRECTION ( 'NONE',  ( -1.150268980431791831E-16, 1.000000000000000000, 4.226019675132849788E-32 ) ) ;
#6659 = CARTESIAN_POINT ( 'NONE',  ( -16.99574107095854814, 14.21934242776105073, 115.0771222379450620 ) ) ;
#6660 = ORIENTED_EDGE ( 'NONE', *, *, #4482, .T. ) ;
#6661 = CARTESIAN_POINT ( 'NONE',  ( -5.970562373124471023, 26.05705187735223660, 76.75451904243257673 ) ) ;
#6662 = CARTESIAN_POINT ( 'NONE',  ( -17.91488867054816225, 7.696141087872129916, 114.1093141295420992 ) ) ;
#6663 = PLANE ( 'NONE',  #2676 ) ;
#6664 = LINE ( 'NONE', #306, #4860 ) ;
#6665 = DIRECTION ( 'NONE',  ( -1.150268980431791831E-16, 1.000000000000000000, -0.000000000000000000 ) ) ;
#6666 = ORIENTED_EDGE ( 'NONE', *, *, #4675, .F. ) ;
#6667 = ORIENTED_EDGE ( 'NONE', *, *, #1078, .T. ) ;
#6668 = DIRECTION ( 'NONE',  ( -1.150268980431791831E-16, 1.000000000000000000, 4.226019675132849788E-32 ) ) ;
#6669 = CARTESIAN_POINT ( 'NONE',  ( -23.17452302102558903, 14.69713885595418823, -98.91126341660131516 ) ) ;
#6670 = VERTEX_POINT ( 'NONE', #1673 ) ;
#6671 = DIRECTION ( 'NONE',  ( 1.150268980431791831E-16, -1.000000000000000000, -4.226019675132849788E-32 ) ) ;
#6672 = CARTESIAN_POINT ( 'NONE',  ( 17.91488867054834344, 16.19999999999999929, 85.89068587045802872 ) ) ;
#6673 = DIRECTION ( 'NONE',  ( -0.000000000000000000, -1.000000000000000000, -0.000000000000000000 ) ) ;
#6674 = VERTEX_POINT ( 'NONE', #37 ) ;
#6675 = CARTESIAN_POINT ( 'NONE',  ( 10.78407417371120225, 14.30385891212784344, 120.0927779438316492 ) ) ;
#6676 = ORIENTED_EDGE ( 'NONE', *, *, #2871, .F. ) ;
#6677 = DIRECTION ( 'NONE',  ( -0.000000000000000000, -1.000000000000000000, -0.000000000000000000 ) ) ;
#6678 = EDGE_CURVE ( 'NONE', #1915, #2948, #4006, .T. ) ;
#6679 = EDGE_CURVE ( 'NONE', #1730, #495, #5849, .T. ) ;
#6680 = CARTESIAN_POINT ( 'NONE',  ( 21.66015832672815122, 7.696141087872129027, -92.86883441888342361 ) ) ;
#6681 = ORIENTED_EDGE ( 'NONE', *, *, #246, .F. ) ;
#6682 = ORIENTED_EDGE ( 'NONE', *, *, #5367, .F. ) ;
#6683 = CARTESIAN_POINT ( 'NONE',  ( 2.339929324814594036, 6.500000000000008882, 123.8856595210363309 ) ) ;
#6684 = CARTESIAN_POINT ( 'NONE',  ( -10.50582776005153285, 15.09619911743537024, -121.1312076966318330 ) ) ;
#6685 = CARTESIAN_POINT ( 'NONE',  ( -17.32882370698759189, 14.00020935018146595, 85.64758997198970292 ) ) ;
#6686 = ADVANCED_FACE ( 'NONE', ( #623 ), #1102, .T. ) ;
#6687 = CARTESIAN_POINT ( 'NONE',  ( 3.795374890435334674E-14, 15.49999999999998401, 100.0000000000000000 ) ) ;
#6688 = CARTESIAN_POINT ( 'NONE',  ( 2.249587012321360557E-15, 6.500000000000008882, -100.0000000000000000 ) ) ;
#6689 = CARTESIAN_POINT ( 'NONE',  ( -17.79921189211172106, 14.21924408369079096, 114.1194345362884945 ) ) ;
#6690 = VERTEX_POINT ( 'NONE', #1173 ) ;
#6691 = DIRECTION ( 'NONE',  ( -0.000000000000000000, -1.000000000000000000, -0.000000000000000000 ) ) ;
#6692 = CARTESIAN_POINT ( 'NONE',  ( -23.11645821900294706, 15.49999999999998046, 106.4520817887786848 ) ) ;
#6693 = EDGE_CURVE ( 'NONE', #4302, #2606, #642, .T. ) ;
#6694 = B_SPLINE_CURVE_WITH_KNOTS ( 'NONE', 3,
 ( #6015, #2826, #4907, #6492 ),
 .UNSPECIFIED., .F., .F.,
 ( 4, 4 ),
 ( 3.020500691701559161E-07, 0.002003413125760243260 ),
 .UNSPECIFIED. ) ;
#6695 = CARTESIAN_POINT ( 'NONE',  ( 3.795374890435334674E-14, 15.49999999999998401, 100.0000000000000000 ) ) ;
#6696 = CARTESIAN_POINT ( 'NONE',  ( 2.594682611641765279E-14, 22.00000000000000000, 70.00000000000000000 ) ) ;
#6697 = CARTESIAN_POINT ( 'NONE',  ( -3.261580130883943163, 7.696141087872129027, 77.43059424056417583 ) ) ;
#6698 = EDGE_LOOP ( 'NONE', ( #4713, #6628, #5008, #3479 ) ) ;
#6699 = VERTEX_POINT ( 'NONE', #4277 ) ;
#6700 = EDGE_CURVE ( 'NONE', #2763, #752, #722, .T. ) ;
#6701 = CARTESIAN_POINT ( 'NONE',  ( -5.970562373124514544, 15.49999999999998401, -76.75451904243257673 ) ) ;
#6702 = CARTESIAN_POINT ( 'NONE',  ( -17.00584971520412125, 14.30385891212787719, -115.1926645703814955 ) ) ;
#6703 = CIRCLE ( 'NONE', #5721, 30.00000000000000000 ) ;
#6704 = AXIS2_PLACEMENT_3D ( 'NONE', #3594, #6221, #3037 ) ;
#6705 = CARTESIAN_POINT ( 'NONE',  ( -21.17646880143225374, 7.696141087872135245, -91.53990837010623238 ) ) ;
#6706 = CARTESIAN_POINT ( 'NONE',  ( -3.261580130883650064, 7.696141087872137909, -122.5694057594358810 ) ) ;
#6707 = CARTESIAN_POINT ( 'NONE',  ( 21.17646880143219690, 16.19999999999999929, -91.53990837010607606 ) ) ;
#6708 = VERTEX_POINT ( 'NONE', #4145 ) ;
#6709 = AXIS2_PLACEMENT_3D ( 'NONE', #2329, #1820, #188 ) ;
#6710 = AXIS2_PLACEMENT_3D ( 'NONE', #4384, #6477, #2370 ) ;
#6711 = LINE ( 'NONE', #4147, #2024 ) ;
#6712 = ORIENTED_EDGE ( 'NONE', *, *, #125, .F. ) ;
#6713 = DIRECTION ( 'NONE',  ( -0.7071067811865454633, -0.7071067811865495711, 1.298934084353236108E-16 ) ) ;
#6714 = B_SPLINE_CURVE_WITH_KNOTS ( 'NONE', 3,
 ( #3503, #5660, #2924, #6038, #5523, #5626, #1420, #4592, #5109, #4493 ),
 .UNSPECIFIED., .F., .F.,
 ( 4, 2, 2, 2, 4 ),
 ( 2.988698850819212499E-07, 0.0002571542096251753975, 0.0005140095493652689380, 0.0007708648891053623700, 0.001027720228845455802 ),
 .UNSPECIFIED. ) ;
#6715 = AXIS2_PLACEMENT_3D ( 'NONE', #6177, #364, #1489 ) ;
#6716 = CARTESIAN_POINT ( 'NONE',  ( 17.91488867054854950, 16.19999999999999929, 114.1093141295417013 ) ) ;
#6717 = EDGE_LOOP ( 'NONE', ( #5927, #2127, #3283, #6299 ) ) ;
#6718 = EDGE_LOOP ( 'NONE', ( #5966, #5323, #6270, #2349 ) ) ;
#6719 = CARTESIAN_POINT ( 'NONE',  ( 4.654308611523869210, 16.19999999999999929, 77.67616984850208439 ) ) ;
#6720 = EDGE_CURVE ( 'NONE', #2699, #1060, #6075, .T. ) ;
#6721 = AXIS2_PLACEMENT_3D ( 'NONE', #5400, #84, #142 ) ;
#6722 = CARTESIAN_POINT ( 'NONE',  ( -17.91488867054839673, 7.696141087872138797, -85.89068587045817083 ) ) ;
#6723 = EDGE_CURVE ( 'NONE', #2606, #1738, #5524, .T. ) ;
#6724 = AXIS2_PLACEMENT_3D ( 'NONE', #832, #6098, #939 ) ;
#6725 = DIRECTION ( 'NONE',  ( -1.000000000000000000, -1.445602896647338917E-16, 0.000000000000000000 ) ) ;
#6726 = DIRECTION ( 'NONE',  ( 1.150268980431791831E-16, -1.000000000000000000, 0.000000000000000000 ) ) ;
#6727 = CARTESIAN_POINT ( 'NONE',  ( -23.58446676524484431, 16.41553323475522319, 81.28287940369538944 ) ) ;
#6728 = B_SPLINE_CURVE_WITH_KNOTS ( 'NONE', 3,
 ( #5220, #4663, #539, #4695, #21, #3162, #6376, #1723, #1691, #2845 ),
 .UNSPECIFIED., .F., .F.,
 ( 4, 2, 2, 2, 4 ),
 ( 3.462113389653635667E-07, 0.0004262970349632572934, 0.0008522478585875492433, 0.001278198682211841193, 0.001704149505836133251 ),
 .UNSPECIFIED. ) ;
#6729 = ORIENTED_EDGE ( 'NONE', *, *, #1535, .F. ) ;
#6730 = CARTESIAN_POINT ( 'NONE',  ( -21.85555259377015602, 15.49999999999998224, 109.9163915221690075 ) ) ;
#6731 = EDGE_CURVE ( 'NONE', #1709, #994, #1206, .T. ) ;
#6732 = CARTESIAN_POINT ( 'NONE',  ( 1.214344929932751015E-15, 15.49999999999998401, -100.0000000000000000 ) ) ;
#6733 = ADVANCED_FACE ( 'NONE', ( #1069 ), #2120, .F. ) ;
#6734 = VECTOR ( 'NONE', #2728, 1000.000000000000000 ) ;
#6735 = ADVANCED_FACE ( 'NONE', ( #587 ), #2248, .F. ) ;
#6736 = CARTESIAN_POINT ( 'NONE',  ( 3.744041427079267237, 7.989173506032698491, -77.80254968194655874 ) ) ;
#6737 = FACE_OUTER_BOUND ( 'NONE', #4547, .T. ) ;
#6738 = CARTESIAN_POINT ( 'NONE',  ( -4.447271043987423234, 7.855987466299625410, 77.79668161684959671 ) ) ;
#6739 = ORIENTED_EDGE ( 'NONE', *, *, #2551, .T. ) ;
#6740 = ORIENTED_EDGE ( 'NONE', *, *, #2684, .F. ) ;
#6741 = LINE ( 'NONE', #958, #5720 ) ;
#6742 = DIRECTION ( 'NONE',  ( -0.08715574274765185148, 0.000000000000000000, -0.9961946980917461003 ) ) ;
#6743 = B_SPLINE_CURVE_WITH_KNOTS ( 'NONE', 3,
 ( #6524, #3310, #5846, #2276 ),
 .UNSPECIFIED., .F., .F.,
 ( 4, 4 ),
 ( 0.001801188917324940408, 0.003804299992632482856 ),
 .UNSPECIFIED. ) ;
#6744 = VECTOR ( 'NONE', #6673, 1000.000000000000000 ) ;
#6745 = B_SPLINE_CURVE_WITH_KNOTS ( 'NONE', 3,
 ( #3638, #5171, #4717, #4151, #6269, #46, #494, #2059, #971, #1000 ),
 .UNSPECIFIED., .F., .F.,
 ( 4, 2, 2, 2, 4 ),
 ( 2.457757373983208587E-07, 0.0004261960578666502161, 0.0008521463399959021152, 0.001278096622125154177, 0.001704046904254406022 ),
 .UNSPECIFIED. ) ;
#6746 = ORIENTED_EDGE ( 'NONE', *, *, #4714, .F. ) ;
#6747 = FACE_OUTER_BOUND ( 'NONE', #5360, .T. ) ;
#6748 = LINE ( 'NONE', #5123, #2321 ) ;
#6749 = CARTESIAN_POINT ( 'NONE',  ( -21.07620819694178493, 14.03379045545802484, 107.9736665163223392 ) ) ;
#6750 = ORIENTED_EDGE ( 'NONE', *, *, #2751, .F. ) ;
#6751 = CARTESIAN_POINT ( 'NONE',  ( 17.91488867054851042, 7.696141087872128139, -114.1093141295417155 ) ) ;
#6752 = ORIENTED_EDGE ( 'NONE', *, *, #5625, .F. ) ;
#6753 = CARTESIAN_POINT ( 'NONE',  ( 22.79289321881348940, 14.30385891212785765, 99.29289321881344677 ) ) ;
#6754 = B_SPLINE_CURVE_WITH_KNOTS ( 'NONE', 3,
 ( #585, #35, #2180, #4744 ),
 .UNSPECIFIED., .F., .F.,
 ( 4, 4 ),
 ( 2.561654051519648622E-07, 0.002003405131142470784 ),
 .UNSPECIFIED. ) ;
#6755 = CARTESIAN_POINT ( 'NONE',  ( -21.66015832672809438, 7.696141087872135245, -107.1311655811167327 ) ) ;
#6756 = VERTEX_POINT ( 'NONE', #2153 ) ;
#6757 = CARTESIAN_POINT ( 'NONE',  ( -17.91488867054821910, 14.30385891212787186, -114.1093141295420850 ) ) ;
#6758 = DIRECTION ( 'NONE',  ( -0.2588190451025209060, 0.000000000000000000, 0.9659258262890683122 ) ) ;
#6759 = CARTESIAN_POINT ( 'NONE',  ( -4.578787872192666697, 14.23667794793536601, 122.2709499605272043 ) ) ;
#6760 = PLANE ( 'NONE',  #4762 ) ;
#6761 = CARTESIAN_POINT ( 'NONE',  ( -17.14589584587845295, 6.500000000000007105, 116.7933991687891080 ) ) ;
#6762 = ORIENTED_EDGE ( 'NONE', *, *, #2740, .T. ) ;
#6763 = DIRECTION ( 'NONE',  ( -1.150268980431791831E-16, 1.000000000000000000, -0.000000000000000000 ) ) ;
#6764 = CARTESIAN_POINT ( 'NONE',  ( -21.17646880143222177, 7.696141087872128139, 91.53990837010623238 ) ) ;
#6765 = ADVANCED_FACE ( 'NONE', ( #1136 ), #3212, .T. ) ;
#6766 = CARTESIAN_POINT ( 'NONE',  ( 21.40456499701153703, 7.302849822347139863, 91.05075450014430771 ) ) ;
#6767 = CARTESIAN_POINT ( 'NONE',  ( -5.970562373124172595, 15.49999999999998401, -123.2454809575675228 ) ) ;
#6768 = CARTESIAN_POINT ( 'NONE',  ( 23.92910714524987270, 15.49999999999998757, -98.15667929237703504 ) ) ;
#6769 = EDGE_LOOP ( 'NONE', ( #1394, #4368, #1648, #3904 ) ) ;
#6770 = EDGE_LOOP ( 'NONE', ( #6595, #6729, #3838, #639 ) ) ;
#6771 = DIRECTION ( 'NONE',  ( 0.000000000000000000, 0.000000000000000000, 1.000000000000000000 ) ) ;
#6772 = LINE ( 'NONE', #2078, #5170 ) ;
#6773 = CARTESIAN_POINT ( 'NONE',  ( -22.79289321881341834, 7.696141087872131692, 100.7071067811865674 ) ) ;
ENDSEC;
END-ISO-10303-21;
