ISO-10303-21;
HEADER;
FILE_DESCRIPTION (( 'STEP AP203' ),
    '1' );
FILE_NAME ('OutRunnerUpperPlate.STEP',
    '2026-02-26T13:26:45',
    ( '' ),
    ( '' ),
    'SwSTEP 2.0',
    'SolidWorks 2024',
    '' );
FILE_SCHEMA (( 'CONFIG_CONTROL_DESIGN' ));
ENDSEC;

DATA;
#1 = ADVANCED_FACE ( 'NONE', ( #4712 ), #2986, .F. ) ;
#2 = CARTESIAN_POINT ( 'NONE',  ( 8.000000000000161648, 2.399999999999998579, 13.85640646055092517 ) ) ;
#3 = VECTOR ( 'NONE', #4660, 1000.000000000000000 ) ;
#4 = CARTESIAN_POINT ( 'NONE',  ( -19.26862735121523329, 2.399999999999995470, -3.700000000000000178 ) ) ;
#5 = CARTESIAN_POINT ( 'NONE',  ( -13.85640646055104064, 6.000000000000001776, -7.999999999999967137 ) ) ;
#6 = ORIENTED_EDGE ( 'NONE', *, *, #5107, .F. ) ;
#7 = EDGE_LOOP ( 'NONE', ( #3023, #2348, #3942, #2241 ) ) ;
#8 = VECTOR ( 'NONE', #5163, 1000.000000000000000 ) ;
#9 = CARTESIAN_POINT ( 'NONE',  ( 19.26862735121523684, 6.000000000000000888, -4.100000000000006750 ) ) ;
#10 = CARTESIAN_POINT ( 'NONE',  ( 4.795706005997762311, -12.43504200973874774, 15.70640646055096390 ) ) ;
#11 = AXIS2_PLACEMENT_3D ( 'NONE', #4809, #874, #3157 ) ;
#12 = EDGE_LOOP ( 'NONE', ( #4281, #1427, #3295, #3413 ) ) ;
#13 = CARTESIAN_POINT ( 'NONE',  ( 16.00000000000000000, -6.505213034913026604E-15, 2.249999999999998668 ) ) ;
#14 = LINE ( 'NONE', #3623, #1399 ) ;
#15 = CARTESIAN_POINT ( 'NONE',  ( 17.08956796801282962, 2.470206448843634248E-15, -8.000000000000191847 ) ) ;
#16 = ORIENTED_EDGE ( 'NONE', *, *, #2051, .F. ) ;
#17 = DIRECTION ( 'NONE',  ( -1.000000000000000000, -1.445446984655908142E-16, 1.165734175856414367E-14 ) ) ;
#18 = CARTESIAN_POINT ( 'NONE',  ( 15.47298721428191293, 2.600000000000001865, -5.200000000000176925 ) ) ;
#19 = CONICAL_SURFACE ( 'NONE', #2941, 3.700000000000000178, 0.7853981633974504994 ) ;
#20 = ORIENTED_EDGE ( 'NONE', *, *, #616, .T. ) ;
#21 = DIRECTION ( 'NONE',  ( 0.000000000000000000, 0.000000000000000000, -1.000000000000000000 ) ) ;
#22 = VERTEX_POINT ( 'NONE', #1847 ) ;
#23 = CC_DESIGN_DATE_AND_TIME_ASSIGNMENT ( #3378, #2580, ( #1131 ) ) ;
#24 = VECTOR ( 'NONE', #1697, 1000.000000000000000 ) ;
#25 = LINE ( 'NONE', #4476, #2014 ) ;
#26 = ORIENTED_EDGE ( 'NONE', *, *, #1174, .F. ) ;
#27 = LINE ( 'NONE', #1120, #2105 ) ;
#28 = CARTESIAN_POINT ( 'NONE',  ( 12.23982570682000848, 1.769201916063685140E-15, -5.200000000000139622 ) ) ;
#29 = CARTESIAN_POINT ( 'NONE',  ( -15.47298721428195201, 2.599999999999997868, 5.200000000000069456 ) ) ;
#30 = FACE_OUTER_BOUND ( 'NONE', #1731, .T. ) ;
#31 = ORIENTED_EDGE ( 'NONE', *, *, #721, .F. ) ;
#32 = ORIENTED_EDGE ( 'NONE', *, *, #1760, .F. ) ;
#33 = CARTESIAN_POINT ( 'NONE',  ( 16.00000000000000355, -10.75174404457249899, 0.000000000000000000 ) ) ;
#34 = CARTESIAN_POINT ( 'NONE',  ( -8.000000000000065725, 2.399999999999996358, -11.60640646055098379 ) ) ;
#35 = EDGE_CURVE ( 'NONE', #4745, #1617, #720, .T. ) ;
#36 = ADVANCED_FACE ( 'NONE', ( #3453 ), #3429, .F. ) ;
#37 = CARTESIAN_POINT ( 'NONE',  ( -11.20429399400248371, 5.599999999999992539, -12.00640646055096994 ) ) ;
#38 = CARTESIAN_POINT ( 'NONE',  ( -13.85640646055104064, 2.599999999999997868, -5.299999999999974953 ) ) ;
#39 = DIRECTION ( 'NONE',  ( -0.8660254037844328234, -1.251793808535623725E-16, 0.5000000000000101030 ) ) ;
#40 = DIRECTION ( 'NONE',  ( -0.5000000000000002220, 0.000000000000000000, -0.8660254037844384856 ) ) ;
#41 = LINE ( 'NONE', #763, #1172 ) ;
#42 = ORIENTED_EDGE ( 'NONE', *, *, #1048, .F. ) ;
#43 = DIRECTION ( 'NONE',  ( 1.000000000000000000, 1.606225440719274502E-16, 0.000000000000000000 ) ) ;
#44 = CYLINDRICAL_SURFACE ( 'NONE', #1659, 1.699999999999993072 ) ;
#45 = ORIENTED_EDGE ( 'NONE', *, *, #1445, .F. ) ;
#46 = FACE_OUTER_BOUND ( 'NONE', #3168, .T. ) ;
#47 = DIRECTION ( 'NONE',  ( 0.5000000000000101030, 7.227234923279686156E-17, 0.8660254037844328234 ) ) ;
#48 = VERTEX_POINT ( 'NONE', #1032 ) ;
#49 = PLANE ( 'NONE',  #1841 ) ;
#50 = ORIENTED_EDGE ( 'NONE', *, *, #279, .T. ) ;
#51 = PLANE ( 'NONE',  #4582 ) ;
#52 = DIRECTION ( 'NONE',  ( 1.000000000000000000, 1.445446984655908142E-16, -0.000000000000000000 ) ) ;
#53 = LINE ( 'NONE', #1651, #2501 ) ;
#54 = ORIENTED_EDGE ( 'NONE', *, *, #4847, .F. ) ;
#55 = AXIS2_PLACEMENT_3D ( 'NONE', #1291, #937, #2892 ) ;
#56 = CARTESIAN_POINT ( 'NONE',  ( 1.546879258650807583E-15, 3.599999999999992095, 17.69999999999999218 ) ) ;
#57 = CARTESIAN_POINT ( 'NONE',  ( 1.513282482545320607E-15, 5.999999999999998224, 0.000000000000000000 ) ) ;
#58 = CONICAL_SURFACE ( 'NONE', #634, 1.699999999999994849, 0.7853981633974511656 ) ;
#59 = ADVANCED_FACE ( 'NONE', ( #226 ), #686, .T. ) ;
#60 = AXIS2_PLACEMENT_3D ( 'NONE', #808, #4033, #2833 ) ;
#61 = CARTESIAN_POINT ( 'NONE',  ( -13.85640646055098379, 3.599999999999983213, 6.300000000000073541 ) ) ;
#62 = EDGE_CURVE ( 'NONE', #4515, #3010, #4207, .T. ) ;
#63 = LINE ( 'NONE', #878, #4753 ) ;
#64 = EDGE_CURVE ( 'NONE', #4514, #1225, #246, .T. ) ;
#65 = ORIENTED_EDGE ( 'NONE', *, *, #3991, .F. ) ;
#66 = PERSON_AND_ORGANIZATION ( #2135, #1151 ) ;
#67 = DIRECTION ( 'NONE',  ( -0.000000000000000000, -1.000000000000000000, -0.000000000000000000 ) ) ;
#68 = EDGE_CURVE ( 'NONE', #4581, #448, #1822, .T. ) ;
#69 = ORIENTED_EDGE ( 'NONE', *, *, #1457, .F. ) ;
#70 = FACE_BOUND ( 'NONE', #3500, .T. ) ;
#72 = VECTOR ( 'NONE', #3422, 1000.000000000000114 ) ;
#71 = CYLINDRICAL_SURFACE ( 'NONE', #1608, 1.699999999999993960 ) ;
#73 = EDGE_LOOP ( 'NONE', ( #944, #4380, #3236 ) ) ;
#74 = DIRECTION ( 'NONE',  ( -1.445446984655908142E-16, 1.000000000000000000, -0.000000000000000000 ) ) ;
#75 = CIRCLE ( 'NONE', #4332, 2.249999999999998668 ) ;
#76 = ORIENTED_EDGE ( 'NONE', *, *, #1368, .F. ) ;
#77 = FACE_OUTER_BOUND ( 'NONE', #2398, .T. ) ;
#78 = ORIENTED_EDGE ( 'NONE', *, *, #221, .T. ) ;
#79 = AXIS2_PLACEMENT_3D ( 'NONE', #371, #3142, #405 ) ;
#80 = FACE_OUTER_BOUND ( 'NONE', #3998, .T. ) ;
#81 = DIRECTION ( 'NONE',  ( 1.000000000000000000, 1.606225440719265134E-16, 0.000000000000000000 ) ) ;
#82 = VECTOR ( 'NONE', #4057, 1000.000000000000114 ) ;
#83 = ORIENTED_EDGE ( 'NONE', *, *, #2781, .T. ) ;
#84 = ORIENTED_EDGE ( 'NONE', *, *, #1916, .T. ) ;
#85 = AXIS2_PLACEMENT_3D ( 'NONE', #2761, #484, #3688 ) ;
#86 = AXIS2_PLACEMENT_3D ( 'NONE', #4752, #1110, #4788 ) ;
#87 = DIRECTION ( 'NONE',  ( 1.445446984655908142E-16, -1.000000000000000000, 0.000000000000000000 ) ) ;
#88 = VECTOR ( 'NONE', #873, 1000.000000000000114 ) ;
#89 = DIRECTION ( 'NONE',  ( -0.000000000000000000, 1.000000000000000000, 2.465190328815661892E-32 ) ) ;
#90 = DIRECTION ( 'NONE',  ( 0.8660254037844412611, 1.251793808535635311E-16, 0.4999999999999956146 ) ) ;
#91 = ORIENTED_EDGE ( 'NONE', *, *, #2897, .F. ) ;
#92 = EDGE_CURVE ( 'NONE', #2802, #3095, #1317, .T. ) ;
#93 = EDGE_CURVE ( 'NONE', #4229, #729, #4746, .T. ) ;
#94 = VECTOR ( 'NONE', #1658, 1000.000000000000114 ) ;
#95 = AXIS2_PLACEMENT_3D ( 'NONE', #1934, #1991, #4400 ) ;
#96 = CARTESIAN_POINT ( 'NONE',  ( -1.616580753730956888, -2.336681775933186867E-16, 18.79999999999999716 ) ) ;
#97 = DIRECTION ( 'NONE',  ( -1.445446984655908142E-16, 1.000000000000000000, -0.000000000000000000 ) ) ;
#98 = CARTESIAN_POINT ( 'NONE',  ( 1.513282482545320804E-15, 5.999999999999996447, 0.000000000000000000 ) ) ;
#99 = VERTEX_POINT ( 'NONE', #3068 ) ;
#100 = EDGE_CURVE ( 'NONE', #3303, #574, #1426, .T. ) ;
#101 = EDGE_CURVE ( 'NONE', #3874, #132, #1896, .T. ) ;
#102 = DIRECTION ( 'NONE',  ( -1.000000000000000000, 0.000000000000000000, 0.000000000000000000 ) ) ;
#103 = ORIENTED_EDGE ( 'NONE', *, *, #1595, .F. ) ;
#104 = ORIENTED_EDGE ( 'NONE', *, *, #2439, .T. ) ;
#105 = CIRCLE ( 'NONE', #1350, 2.250000000000000444 ) ;
#106 = EDGE_CURVE ( 'NONE', #707, #1031, #315, .T. ) ;
#107 = PLANE ( 'NONE',  #4839 ) ;
#108 = FACE_OUTER_BOUND ( 'NONE', #356, .T. ) ;
#109 = ORIENTED_EDGE ( 'NONE', *, *, #5167, .T. ) ;
#110 = CARTESIAN_POINT ( 'NONE',  ( 7.999999999999972466, -12.43504200973872287, -13.85640646055103886 ) ) ;
#111 = LINE ( 'NONE', #2930, #378 ) ;
#112 = DIRECTION ( 'NONE',  ( 1.445446984655908142E-16, -1.000000000000000000, 0.000000000000000000 ) ) ;
#113 = CARTESIAN_POINT ( 'NONE',  ( -6.083609520091505907, 5.599999999999992539, -18.73712078220803079 ) ) ;
#114 = EDGE_LOOP ( 'NONE', ( #2299, #4471 ) ) ;
#115 = VERTEX_POINT ( 'NONE', #4639 ) ;
#116 = DIRECTION ( 'NONE',  ( -0.000000000000000000, -1.000000000000000000, -0.000000000000000000 ) ) ;
#117 = ADVANCED_FACE ( 'NONE', ( #1502 ), #291, .F. ) ;
#118 = LINE ( 'NONE', #2131, #900 ) ;
#119 = DIRECTION ( 'NONE',  ( 0.5000000000000079936, 7.227234923279651644E-17, 0.8660254037844339337 ) ) ;
#120 = ORIENTED_EDGE ( 'NONE', *, *, #410, .T. ) ;
#121 = CARTESIAN_POINT ( 'NONE',  ( -19.26862735121523684, 5.599999999999990763, 4.100000000000000533 ) ) ;
#122 = PLANE ( 'NONE',  #548 ) ;
#123 = DIRECTION ( 'NONE',  ( 1.445446984655908142E-16, -1.000000000000000000, 0.000000000000000000 ) ) ;
#124 = CARTESIAN_POINT ( 'NONE',  ( 13.85640646055109215, 2.600000000000001865, 7.999999999999870326 ) ) ;
#125 = ORIENTED_EDGE ( 'NONE', *, *, #334, .T. ) ;
#126 = ORIENTED_EDGE ( 'NONE', *, *, #3902, .F. ) ;
#127 = ORIENTED_EDGE ( 'NONE', *, *, #64, .F. ) ;
#128 = ADVANCED_FACE ( 'NONE', ( #4305 ), #709, .T. ) ;
#129 = EDGE_CURVE ( 'NONE', #115, #3269, #3570, .T. ) ;
#130 = ADVANCED_FACE ( 'NONE', ( #4017 ), #44, .F. ) ;
#131 = LINE ( 'NONE', #468, #3997 ) ;
#132 = VERTEX_POINT ( 'NONE', #1637 ) ;
#133 = CARTESIAN_POINT ( 'NONE',  ( -16.00000000000000000, 5.999999999999995559, -4.100000000000006750 ) ) ;
#134 = PLANE ( 'NONE',  #924 ) ;
#135 = ORIENTED_EDGE ( 'NONE', *, *, #1457, .T. ) ;
#136 = AXIS2_PLACEMENT_3D ( 'NONE', #5027, #167, #2665 ) ;
#137 = ORIENTED_EDGE ( 'NONE', *, *, #2300, .F. ) ;
#138 = LINE ( 'NONE', #4118, #5173 ) ;
#139 = AXIS2_PLACEMENT_3D ( 'NONE', #594, #3778, #1801 ) ;
#140 = FACE_OUTER_BOUND ( 'NONE', #1440, .T. ) ;
#141 = DIRECTION ( 'NONE',  ( -0.000000000000000000, -1.000000000000000000, -0.000000000000000000 ) ) ;
#142 = VERTEX_POINT ( 'NONE', #1578 ) ;
#143 = VECTOR ( 'NONE', #4401, 1000.000000000000000 ) ;
#144 = LINE ( 'NONE', #197, #3757 ) ;
#145 = FACE_OUTER_BOUND ( 'NONE', #1815, .T. ) ;
#146 = CARTESIAN_POINT ( 'NONE',  ( 12.23982570682011328, 2.600000000000001421, 5.199999999999889155 ) ) ;
#147 = ORIENTED_EDGE ( 'NONE', *, *, #2875, .F. ) ;
#148 = VECTOR ( 'NONE', #5030, 1000.000000000000114 ) ;
#149 = DIRECTION ( 'NONE',  ( -0.5000000000000001110, -7.227234923279543175E-17, 0.8660254037844385966 ) ) ;
#150 = APPROVAL_PERSON_ORGANIZATION ( #222, #3946, #4551 ) ;
#151 = ORIENTED_EDGE ( 'NONE', *, *, #4731, .T. ) ;
#152 = VERTEX_POINT ( 'NONE', #3231 ) ;
#153 = CIRCLE ( 'NONE', #3241, 3.700000000000000178 ) ;
#154 = VECTOR ( 'NONE', #2604, 1000.000000000000000 ) ;
#155 = CIRCLE ( 'NONE', #2414, 1.700000000000000178 ) ;
#156 = EDGE_CURVE ( 'NONE', #2735, #2566, #4934, .T. ) ;
#157 = LINE ( 'NONE', #1752, #1650 ) ;
#158 = ORIENTED_EDGE ( 'NONE', *, *, #3846, .F. ) ;
#159 = ADVANCED_FACE ( 'NONE', ( #2845 ), #4335, .F. ) ;
#160 = DIRECTION ( 'NONE',  ( 1.445446984655908142E-16, -1.000000000000000000, 0.000000000000000000 ) ) ;
#161 = LINE ( 'NONE', #4970, #4165 ) ;
#162 = AXIS2_PLACEMENT_3D ( 'NONE', #1512, #4695, #595 ) ;
#163 = CARTESIAN_POINT ( 'NONE',  ( -3.758162160105360972E-16, 2.600000000000000089, 0.000000000000000000 ) ) ;
#164 = CARTESIAN_POINT ( 'NONE',  ( -13.45273392921777855, 2.399999999999995914, -14.93432120418176545 ) ) ;
#165 = DIRECTION ( 'NONE',  ( 0.000000000000000000, 0.000000000000000000, -1.000000000000000000 ) ) ;
#166 = ORIENTED_EDGE ( 'NONE', *, *, #2300, .T. ) ;
#167 = DIRECTION ( 'NONE',  ( 1.445446984655908142E-16, -1.000000000000000000, 0.000000000000000000 ) ) ;
#168 = ADVANCED_FACE ( 'NONE', ( #812 ), #392, .F. ) ;
#169 = CARTESIAN_POINT ( 'NONE',  ( -12.23982570682004578, 2.599999999999998312, 5.200000000000055245 ) ) ;
#170 = DIRECTION ( 'NONE',  ( -1.445446984655908142E-16, 1.000000000000000000, -0.000000000000000000 ) ) ;
#171 = EDGE_LOOP ( 'NONE', ( #2700, #894, #3381, #1439, #260, #3785 ) ) ;
#172 = VECTOR ( 'NONE', #2126, 1000.000000000000000 ) ;
#173 = AXIS2_PLACEMENT_3D ( 'NONE', #5193, #478, #2810 ) ;
#174 = DIRECTION ( 'NONE',  ( -1.000000000000000000, 0.000000000000000000, 0.000000000000000000 ) ) ;
#175 = DIRECTION ( 'NONE',  ( 0.000000000000000000, -1.000000000000000000, 0.000000000000000000 ) ) ;
#176 = VERTEX_POINT ( 'NONE', #1157 ) ;
#177 = VECTOR ( 'NONE', #5063, 1000.000000000000000 ) ;
#178 = AXIS2_PLACEMENT_3D ( 'NONE', #2739, #2895, #632 ) ;
#179 = CIRCLE ( 'NONE', #2535, 0.4000000000000010214 ) ;
#180 = ORIENTED_EDGE ( 'NONE', *, *, #4547, .F. ) ;
#181 = EDGE_CURVE ( 'NONE', #448, #3349, #4510, .T. ) ;
#182 = ADVANCED_FACE ( 'NONE', ( #3909 ), #731, .F. ) ;
#183 = DIRECTION ( 'NONE',  ( 0.000000000000000000, 0.000000000000000000, -1.000000000000000000 ) ) ;
#184 = ORIENTED_EDGE ( 'NONE', *, *, #5170, .F. ) ;
#185 = CIRCLE ( 'NONE', #1515, 4.100000000000006750 ) ;
#186 = DIRECTION ( 'NONE',  ( 0.4999999999999919509, 7.227234923279424846E-17, -0.8660254037844432595 ) ) ;
#187 = COORDINATED_UNIVERSAL_TIME_OFFSET ( 8, 0, .AHEAD. ) ;
#188 = AXIS2_PLACEMENT_3D ( 'NONE', #198, #2139, #4177 ) ;
#189 = ORIENTED_EDGE ( 'NONE', *, *, #2042, .T. ) ;
#190 = CARTESIAN_POINT ( 'NONE',  ( 3.233161507461901341, 2.600000000000000533, 15.99999999999999645 ) ) ;
#192 = EDGE_CURVE ( 'NONE', #1039, #4659, #758, .T. ) ;
#191 = FACE_OUTER_BOUND ( 'NONE', #12, .T. ) ;
#193 = DIRECTION ( 'NONE',  ( -0.000000000000000000, -1.000000000000000000, -0.000000000000000000 ) ) ;
#194 = ADVANCED_FACE ( 'NONE', ( #3558 ), #4993, .F. ) ;
#195 = ORIENTED_EDGE ( 'NONE', *, *, #2655, .F. ) ;
#196 = CARTESIAN_POINT ( 'NONE',  ( -6.430019681605024573, 5.599999999999992539, 18.53712078220811321 ) ) ;
#197 = CARTESIAN_POINT ( 'NONE',  ( 5.475704155516257110, 5.999999999999999112, 1.284197804570089696 ) ) ;
#198 = CARTESIAN_POINT ( 'NONE',  ( 6.083609520091378009, 5.599999999999994316, -18.73712078220806987 ) ) ;
#199 = EDGE_LOOP ( 'NONE', ( #3760, #3957, #3584 ) ) ;
#200 = ORIENTED_EDGE ( 'NONE', *, *, #3122, .F. ) ;
#201 = ORIENTED_EDGE ( 'NONE', *, *, #1824, .T. ) ;
#202 = DIRECTION ( 'NONE',  ( 1.445446984655908142E-16, -1.000000000000000000, -0.000000000000000000 ) ) ;
#203 = LINE ( 'NONE', #4211, #2832 ) ;
#204 = ORIENTED_EDGE ( 'NONE', *, *, #777, .T. ) ;
#205 = FACE_OUTER_BOUND ( 'NONE', #2866, .T. ) ;
#206 = LINE ( 'NONE', #3826, #4504 ) ;
#207 = LINE ( 'NONE', #2253, #3078 ) ;
#208 = LINE ( 'NONE', #1784, #3825 ) ;
#209 = PERSON_AND_ORGANIZATION ( #2135, #1151 ) ;
#210 = ORIENTED_EDGE ( 'NONE', *, *, #2354, .T. ) ;
#211 = VERTEX_POINT ( 'NONE', #4590 ) ;
#212 = LINE ( 'NONE', #1810, #4409 ) ;
#213 = ORIENTED_EDGE ( 'NONE', *, *, #4994, .T. ) ;
#214 = CARTESIAN_POINT ( 'NONE',  ( -11.20429399400248194, 2.399999999999995914, -12.00640646055096994 ) ) ;
#215 = FACE_OUTER_BOUND ( 'NONE', #1355, .T. ) ;
#216 = VERTEX_POINT ( 'NONE', #2203 ) ;
#217 = EDGE_CURVE ( 'NONE', #2997, #4933, #206, .T. ) ;
#218 = AXIS2_PLACEMENT_3D ( 'NONE', #4524, #978, #3311 ) ;
#219 = DIRECTION ( 'NONE',  ( 0.000000000000000000, 0.000000000000000000, -1.000000000000000000 ) ) ;
#220 = CARTESIAN_POINT ( 'NONE',  ( 7.700000000000001066, 5.999999999999999112, -4.100000000000006750 ) ) ;
#221 = EDGE_CURVE ( 'NONE', #695, #4391, #5189, .T. ) ;
#222 = PERSON_AND_ORGANIZATION ( #2135, #1151 ) ;
#223 = ORIENTED_EDGE ( 'NONE', *, *, #1093, .F. ) ;
#224 = VECTOR ( 'NONE', #2988, 1000.000000000000227 ) ;
#225 = EDGE_CURVE ( 'NONE', #4301, #4416, #4533, .T. ) ;
#226 = FACE_OUTER_BOUND ( 'NONE', #2575, .T. ) ;
#227 = ORIENTED_EDGE ( 'NONE', *, *, #1823, .T. ) ;
#228 = LINE ( 'NONE', #253, #5111 ) ;
#229 = AXIS2_PLACEMENT_3D ( 'NONE', #1950, #3107, #1605 ) ;
#230 = ORIENTED_EDGE ( 'NONE', *, *, #5135, .T. ) ;
#231 = DIRECTION ( 'NONE',  ( -1.445446984655908142E-16, 1.000000000000000000, -0.000000000000000000 ) ) ;
#232 = VECTOR ( 'NONE', #431, 1000.000000000000000 ) ;
#233 = DIRECTION ( 'NONE',  ( -1.445446984655907896E-16, 1.000000000000000000, -0.000000000000000000 ) ) ;
#234 = ORIENTED_EDGE ( 'NONE', *, *, #2780, .F. ) ;
#235 = ORIENTED_EDGE ( 'NONE', *, *, #2968, .T. ) ;
#236 = PLANE ( 'NONE',  #3052 ) ;
#237 = CARTESIAN_POINT ( 'NONE',  ( -16.00000000000000000, 2.399999999999995026, -2.250000000000000444 ) ) ;
#238 = CARTESIAN_POINT ( 'NONE',  ( 6.083609520091378009, 5.599999999999994316, -18.73712078220806987 ) ) ;
#239 = DIRECTION ( 'NONE',  ( 0.6123724356957976900, 0.7071067811865481278, 0.3535533905932671805 ) ) ;
#240 = DIRECTION ( 'NONE',  ( -0.6123724356957885862, -0.7071067811865524577, 0.3535533905932740084 ) ) ;
#241 = DIRECTION ( 'NONE',  ( -1.445446984655908142E-16, 1.000000000000000000, -0.000000000000000000 ) ) ;
#242 = CIRCLE ( 'NONE', #3851, 0.4000000000000010214 ) ;
#243 = ORIENTED_EDGE ( 'NONE', *, *, #5161, .T. ) ;
#244 = AXIS2_PLACEMENT_3D ( 'NONE', #2606, #4549, #174 ) ;
#245 = ORIENTED_EDGE ( 'NONE', *, *, #2581, .T. ) ;
#246 = LINE ( 'NONE', #636, #2078 ) ;
#247 = DIRECTION ( 'NONE',  ( 1.445446984655908142E-16, -1.000000000000000000, -0.000000000000000000 ) ) ;
#248 = CARTESIAN_POINT ( 'NONE',  ( -6.483609520091506262, 2.399999999999997691, -18.73712078220803079 ) ) ;
#249 = VECTOR ( 'NONE', #3444, 1000.000000000000000 ) ;
#250 = ADVANCED_FACE ( 'NONE', ( #2545 ), #524, .F. ) ;
#251 = EDGE_CURVE ( 'NONE', #2047, #3619, #161, .T. ) ;
#252 = LINE ( 'NONE', #3457, #1470 ) ;
#253 = CARTESIAN_POINT ( 'NONE',  ( -12.83860766961010924, -12.43504200973873886, -14.83712078220799491 ) ) ;
#254 = EDGE_LOOP ( 'NONE', ( #1217, #289, #4532, #4967 ) ) ;
#255 = CIRCLE ( 'NONE', #1259, 19.69999999999999574 ) ;
#256 = AXIS2_PLACEMENT_3D ( 'NONE', #303, #805, #1485 ) ;
#257 = CARTESIAN_POINT ( 'NONE',  ( -1.616580753730955999, -2.336681775933185388E-16, 13.19999999999999929 ) ) ;
#258 = LINE ( 'NONE', #2614, #2175 ) ;
#259 = DIRECTION ( 'NONE',  ( -1.445446984655908142E-16, 1.000000000000000000, -0.000000000000000000 ) ) ;
#260 = ORIENTED_EDGE ( 'NONE', *, *, #2679, .T. ) ;
#261 = ORIENTED_EDGE ( 'NONE', *, *, #279, .F. ) ;
#262 = VECTOR ( 'NONE', #3176, 1000.000000000000114 ) ;
#263 = FACE_OUTER_BOUND ( 'NONE', #963, .T. ) ;
#264 = LINE ( 'NONE', #1411, #4074 ) ;
#265 = DIRECTION ( 'NONE',  ( -1.445446984655908142E-16, 1.000000000000000000, -0.000000000000000000 ) ) ;
#266 = AXIS2_PLACEMENT_3D ( 'NONE', #1745, #2164, #2995 ) ;
#267 = DIRECTION ( 'NONE',  ( -0.8660254037844375974, -1.251793808535630627E-16, 0.5000000000000019984 ) ) ;
#268 = CARTESIAN_POINT ( 'NONE',  ( 19.26862735121524040, 2.400000000000001243, -4.100000000000000533 ) ) ;
#269 = CARTESIAN_POINT ( 'NONE',  ( 7.999999999999968914, 5.599999999999995204, -13.85640646055103886 ) ) ;
#270 = ORIENTED_EDGE ( 'NONE', *, *, #4047, .F. ) ;
#271 = ORIENTED_EDGE ( 'NONE', *, *, #1942, .F. ) ;
#272 = DIRECTION ( 'NONE',  ( -1.000000000000000000, -1.172110456741085828E-16, 0.000000000000000000 ) ) ;
#273 = ADVANCED_FACE ( 'NONE', ( #4559 ), #3065, .T. ) ;
#274 = LINE ( 'NONE', #688, #830 ) ;
#275 = LINE ( 'NONE', #1475, #2770 ) ;
#276 = CARTESIAN_POINT ( 'NONE',  ( -3.233161507461908890, 2.599999999999999645, 16.00000000000000000 ) ) ;
#277 = VERTEX_POINT ( 'NONE', #2089 ) ;
#278 = EDGE_CURVE ( 'NONE', #1597, #1535, #144, .T. ) ;
#279 = EDGE_CURVE ( 'NONE', #2095, #176, #153, .T. ) ;
#280 = DIRECTION ( 'NONE',  ( 1.000000000000000000, 0.000000000000000000, 0.000000000000000000 ) ) ;
#281 = DIRECTION ( 'NONE',  ( 1.445446984655908142E-16, -1.000000000000000000, 0.000000000000000000 ) ) ;
#282 = ORIENTED_EDGE ( 'NONE', *, *, #872, .T. ) ;
#283 = DIRECTION ( 'NONE',  ( -1.445446984655908142E-16, 1.000000000000000000, 0.000000000000000000 ) ) ;
#284 = DIRECTION ( 'NONE',  ( 1.445446984655908142E-16, -1.000000000000000000, 0.000000000000000000 ) ) ;
#285 = VECTOR ( 'NONE', #4706, 1000.000000000000114 ) ;
#286 = ORIENTED_EDGE ( 'NONE', *, *, #4878, .T. ) ;
#287 = LINE ( 'NONE', #3814, #335 ) ;
#288 = LINE ( 'NONE', #220, #3419 ) ;
#289 = ORIENTED_EDGE ( 'NONE', *, *, #2145, .T. ) ;
#290 = EDGE_LOOP ( 'NONE', ( #3565, #2488, #977, #4076, #3178, #3050, #3486, #2256, #230, #491, #2612, #1471, #286, #1099, #2479, #1247, #3433, #2954, #2093, #4373, #535, #20, #4455, #4145, #4053, #245 ) ) ;
#291 = CYLINDRICAL_SURFACE ( 'NONE', #3242, 2.250000000000001776 ) ;
#292 = VECTOR ( 'NONE', #513, 1000.000000000000000 ) ;
#293 = CARTESIAN_POINT ( 'NONE',  ( 1.616580753730955555, 2.600000000000000533, -13.19999999999999929 ) ) ;
#294 = CARTESIAN_POINT ( 'NONE',  ( 13.85640646055092340, 2.600000000000001865, -8.000000000000163425 ) ) ;
#295 = VERTEX_POINT ( 'NONE', #957 ) ;
#296 = ORIENTED_EDGE ( 'NONE', *, *, #192, .F. ) ;
#297 = AXIS2_PLACEMENT_3D ( 'NONE', #2321, #320, #4733 ) ;
#298 = ORIENTED_EDGE ( 'NONE', *, *, #1263, .F. ) ;
#299 = CIRCLE ( 'NONE', #3567, 1.699999999999998401 ) ;
#300 = LINE ( 'NONE', #4647, #416 ) ;
#301 = EDGE_CURVE ( 'NONE', #3384, #4264, #2555, .T. ) ;
#302 = AXIS2_PLACEMENT_3D ( 'NONE', #3360, #2152, #1802 ) ;
#303 = CARTESIAN_POINT ( 'NONE',  ( 1.513282482545320804E-15, 5.999999999999996447, 0.000000000000000000 ) ) ;
#304 = VERTEX_POINT ( 'NONE', #4097 ) ;
#305 = AXIS2_PLACEMENT_3D ( 'NONE', #2705, #5118, #3915 ) ;
#306 = DIRECTION ( 'NONE',  ( 1.445446984655908882E-16, -1.000000000000000000, 0.000000000000000000 ) ) ;
#307 = CARTESIAN_POINT ( 'NONE',  ( -6.430019681605283033, 2.399999999999997247, -18.53712078220802795 ) ) ;
#308 = ORIENTED_EDGE ( 'NONE', *, *, #3298, .T. ) ;
#309 = AXIS2_PLACEMENT_3D ( 'NONE', #1972, #2004, #40 ) ;
#310 = EDGE_CURVE ( 'NONE', #4581, #965, #3312, .T. ) ;
#311 = DIRECTION ( 'NONE',  ( 1.000000000000000000, 0.000000000000000000, 0.000000000000000000 ) ) ;
#312 = ORIENTED_EDGE ( 'NONE', *, *, #4929, .F. ) ;
#313 = DIRECTION ( 'NONE',  ( 1.445446984655908882E-16, -1.000000000000000000, 0.000000000000000000 ) ) ;
#314 = ORIENTED_EDGE ( 'NONE', *, *, #1943, .T. ) ;
#315 = LINE ( 'NONE', #3888, #4326 ) ;
#316 = VECTOR ( 'NONE', #2038, 1000.000000000000000 ) ;
#317 = CARTESIAN_POINT ( 'NONE',  ( 12.83860766961000621, 5.599999999999994316, -14.83712078220808195 ) ) ;
#318 = ORIENTED_EDGE ( 'NONE', *, *, #3221, .F. ) ;
#319 = AXIS2_PLACEMENT_3D ( 'NONE', #1283, #3331, #4939 ) ;
#320 = DIRECTION ( 'NONE',  ( -0.000000000000000000, 1.000000000000000000, -0.000000000000000000 ) ) ;
#321 = ORIENTED_EDGE ( 'NONE', *, *, #4731, .F. ) ;
#322 = ADVANCED_FACE ( 'NONE', ( #1318 ), #3711, .T. ) ;
#323 = ORIENTED_EDGE ( 'NONE', *, *, #1306, .T. ) ;
#324 = AXIS2_PLACEMENT_3D ( 'NONE', #411, #3605, #442 ) ;
#325 = CARTESIAN_POINT ( 'NONE',  ( -12.23982570682007776, 2.599999999999998312, -5.199999999999973532 ) ) ;
#326 = EDGE_CURVE ( 'NONE', #1031, #1547, #1721, .T. ) ;
#327 = AXIS2_PLACEMENT_3D ( 'NONE', #809, #3642, #2416 ) ;
#328 = APPROVAL_DATE_TIME ( #1360, #1545 ) ;
#329 = FACE_OUTER_BOUND ( 'NONE', #4770, .T. ) ;
#330 = ORIENTED_EDGE ( 'NONE', *, *, #4681, .F. ) ;
#331 = ORIENTED_EDGE ( 'NONE', *, *, #1481, .F. ) ;
#332 = LINE ( 'NONE', #9, #2074 ) ;
#333 = DIRECTION ( 'NONE',  ( 1.000000000000000000, 1.294569758191646909E-16, 0.000000000000000000 ) ) ;
#334 = EDGE_CURVE ( 'NONE', #729, #2976, #1696, .T. ) ;
#335 = VECTOR ( 'NONE', #3472, 1000.000000000000227 ) ;
#336 = EDGE_LOOP ( 'NONE', ( #2801, #3336, #637 ) ) ;
#337 = EDGE_CURVE ( 'NONE', #2920, #1161, #2916, .T. ) ;
#338 = DIRECTION ( 'NONE',  ( 1.445446984655908142E-16, -1.000000000000000000, 0.000000000000000000 ) ) ;
#339 = EDGE_CURVE ( 'NONE', #1230, #1190, #3374, .T. ) ;
#340 = AXIS2_PLACEMENT_3D ( 'NONE', #2603, #1842, #3062 ) ;
#341 = ADVANCED_FACE ( 'NONE', ( #1005 ), #2536, .F. ) ;
#342 = ORIENTED_EDGE ( 'NONE', *, *, #2519, .F. ) ;
#343 = DIRECTION ( 'NONE',  ( -1.445446984655907896E-16, 1.000000000000000000, -0.000000000000000000 ) ) ;
#344 = VERTEX_POINT ( 'NONE', #4069 ) ;
#345 = CARTESIAN_POINT ( 'NONE',  ( 19.26862735121524040, -10.75174404457249899, -3.700000000000000178 ) ) ;
#346 = DIRECTION ( 'NONE',  ( 0.4999999999999980016, 7.227234923279512360E-17, -0.8660254037844397068 ) ) ;
#347 = ORIENTED_EDGE ( 'NONE', *, *, #449, .F. ) ;
#348 = VERTEX_POINT ( 'NONE', #3768 ) ;
#349 = CARTESIAN_POINT ( 'NONE',  ( -12.23982570682007776, -1.769201916063695198E-15, -5.199999999999973532 ) ) ;
#350 = ORIENTED_EDGE ( 'NONE', *, *, #1428, .F. ) ;
#351 = LINE ( 'NONE', #5054, #2147 ) ;
#352 = DIRECTION ( 'NONE',  ( -1.000000000000000000, 0.000000000000000000, 0.000000000000000000 ) ) ;
#353 = CARTESIAN_POINT ( 'NONE',  ( 12.23982570682016480, 2.600000000000001421, 10.79999999999988880 ) ) ;
#354 = CARTESIAN_POINT ( 'NONE',  ( -13.18501783112389525, 5.999999999999996447, -14.63712078220798851 ) ) ;
#355 = ORIENTED_EDGE ( 'NONE', *, *, #2130, .F. ) ;
#356 = EDGE_LOOP ( 'NONE', ( #4576, #698, #3072, #4308 ) ) ;
#357 = CARTESIAN_POINT ( 'NONE',  ( 17.08956796801282962, 2.600000000000002309, -8.000000000000191847 ) ) ;
#358 = CYLINDRICAL_SURFACE ( 'NONE', #1100, 3.700000000000000178 ) ;
#359 = ORIENTED_EDGE ( 'NONE', *, *, #2234, .T. ) ;
#360 = CARTESIAN_POINT ( 'NONE',  ( 1.513282482545320804E-15, 5.999999999999996447, 0.000000000000000000 ) ) ;
#361 = FACE_OUTER_BOUND ( 'NONE', #956, .T. ) ;
#362 = CARTESIAN_POINT ( 'NONE',  ( -16.00000000000000000, 2.399999999999995026, 2.250000000000000444 ) ) ;
#363 = ORIENTED_EDGE ( 'NONE', *, *, #1732, .F. ) ;
#364 = DIRECTION ( 'NONE',  ( 1.000000000000000000, 1.294569758191646909E-16, 0.000000000000000000 ) ) ;
#365 = CARTESIAN_POINT ( 'NONE',  ( 6.083609520091378009, 5.599999999999994316, -18.73712078220806987 ) ) ;
#366 = EDGE_CURVE ( 'NONE', #421, #3912, #532, .T. ) ;
#367 = EDGE_CURVE ( 'NONE', #1087, #1373, #3663, .T. ) ;
#368 = ORIENTED_EDGE ( 'NONE', *, *, #1174, .T. ) ;
#369 = AXIS2_PLACEMENT_3D ( 'NONE', #749, #3938, #1947 ) ;
#370 = EDGE_CURVE ( 'NONE', #2375, #918, #2500, .T. ) ;
#371 = CARTESIAN_POINT ( 'NONE',  ( 1.513282482545320607E-15, 5.999999999999998224, 0.000000000000000000 ) ) ;
#372 = CARTESIAN_POINT ( 'NONE',  ( 19.65986851570691840, 5.599999999999995204, 4.183248730964467477 ) ) ;
#373 = ORIENTED_EDGE ( 'NONE', *, *, #2908, .T. ) ;
#374 = EDGE_LOOP ( 'NONE', ( #1322, #4545, #3077, #5012 ) ) ;
#375 = LINE ( 'NONE', #1988, #4615 ) ;
#376 = ORIENTED_EDGE ( 'NONE', *, *, #3716, .F. ) ;
#377 = AXIS2_PLACEMENT_3D ( 'NONE', #4859, #380, #4738 ) ;
#378 = VECTOR ( 'NONE', #3276, 1000.000000000000000 ) ;
#379 = CARTESIAN_POINT ( 'NONE',  ( 19.26862735121523684, 6.000000000000000888, 4.100000000000006750 ) ) ;
#380 = DIRECTION ( 'NONE',  ( 1.445446984655908142E-16, -1.000000000000000000, 0.000000000000000000 ) ) ;
#381 = VECTOR ( 'NONE', #2021, 1000.000000000000000 ) ;
#382 = CYLINDRICAL_SURFACE ( 'NONE', #3089, 0.3999999999999993006 ) ;
#383 = AXIS2_PLACEMENT_3D ( 'NONE', #2573, #4172, #3339 ) ;
#384 = ORIENTED_EDGE ( 'NONE', *, *, #3670, .F. ) ;
#385 = ORIENTED_EDGE ( 'NONE', *, *, #2975, .F. ) ;
#386 = FACE_OUTER_BOUND ( 'NONE', #4262, .T. ) ;
#387 = DIRECTION ( 'NONE',  ( -0.4999999999999980016, 0.000000000000000000, 0.8660254037844397068 ) ) ;
#388 = AXIS2_PLACEMENT_3D ( 'NONE', #2883, #4511, #471 ) ;
#389 = ORIENTED_EDGE ( 'NONE', *, *, #4346, .T. ) ;
#390 = DIRECTION ( 'NONE',  ( 1.445446984655908142E-16, -1.000000000000000000, 0.000000000000000000 ) ) ;
#391 = AXIS2_PLACEMENT_3D ( 'NONE', #3725, #5053, #3033 ) ;
#392 = PLANE ( 'NONE',  #561 ) ;
#393 = LINE ( 'NONE', #1187, #4704 ) ;
#394 = CARTESIAN_POINT ( 'NONE',  ( -2.090321734816830538E-15, 2.600000000000000089, -16.00000000000000000 ) ) ;
#395 = ADVANCED_FACE ( 'NONE', ( #3447 ), #4724, .F. ) ;
#396 = CARTESIAN_POINT ( 'NONE',  ( -6.430019681605283921, 5.599999999999994316, -18.53712078220802795 ) ) ;
#397 = DIRECTION ( 'NONE',  ( 0.000000000000000000, 0.000000000000000000, -1.000000000000000000 ) ) ;
#398 = EDGE_LOOP ( 'NONE', ( #593, #4554, #647, #1666, #4763, #404, #261 ) ) ;
#399 = FACE_OUTER_BOUND ( 'NONE', #2487, .T. ) ;
#400 = AXIS2_PLACEMENT_3D ( 'NONE', #483, #3289, #4658 ) ;
#401 = EDGE_CURVE ( 'NONE', #3393, #3530, #2322, .T. ) ;
#402 = VECTOR ( 'NONE', #4463, 1000.000000000000114 ) ;
#403 = DIRECTION ( 'NONE',  ( -1.000000000000000000, 0.000000000000000000, -3.469446951953612296E-14 ) ) ;
#404 = ORIENTED_EDGE ( 'NONE', *, *, #1943, .F. ) ;
#405 = DIRECTION ( 'NONE',  ( 1.000000000000000000, 1.320855438561020938E-16, 0.000000000000000000 ) ) ;
#406 = LINE ( 'NONE', #4474, #3185 ) ;
#407 = ORIENTED_EDGE ( 'NONE', *, *, #2276, .F. ) ;
#408 = EDGE_CURVE ( 'NONE', #1453, #1907, #288, .T. ) ;
#409 = AXIS2_PLACEMENT_3D ( 'NONE', #5151, #914, #4764 ) ;
#410 = EDGE_CURVE ( 'NONE', #863, #5171, #3865, .T. ) ;
#411 = CARTESIAN_POINT ( 'NONE',  ( 11.20429399400239667, 5.599999999999994316, -12.00640646055104632 ) ) ;
#412 = ORIENTED_EDGE ( 'NONE', *, *, #4486, .F. ) ;
#413 = EDGE_CURVE ( 'NONE', #4238, #1092, #1078, .T. ) ;
#414 = CIRCLE ( 'NONE', #3177, 4.100000000000006750 ) ;
#415 = EDGE_CURVE ( 'NONE', #3941, #3095, #1868, .T. ) ;
#416 = VECTOR ( 'NONE', #692, 1000.000000000000114 ) ;
#417 = CARTESIAN_POINT ( 'NONE',  ( 13.85640646055092340, 2.600000000000001865, -5.300000000000169464 ) ) ;
#418 = CARTESIAN_POINT ( 'NONE',  ( -19.65986851570691840, 16.46930464146742779, 4.183248730964468365 ) ) ;
#419 = CARTESIAN_POINT ( 'NONE',  ( 16.00000000000000000, 5.599999999999994316, 0.000000000000000000 ) ) ;
#420 = DIRECTION ( 'NONE',  ( -0.000000000000000000, 1.000000000000000000, -0.000000000000000000 ) ) ;
#421 = VERTEX_POINT ( 'NONE', #4204 ) ;
#422 = ORIENTED_EDGE ( 'NONE', *, *, #3616, .T. ) ;
#423 = DIRECTION ( 'NONE',  ( 0.000000000000000000, -1.000000000000000000, 0.000000000000000000 ) ) ;
#424 = VECTOR ( 'NONE', #1742, 1000.000000000000000 ) ;
#425 = DIRECTION ( 'NONE',  ( 0.000000000000000000, -0.7071067811865474617, 0.7071067811865474617 ) ) ;
#426 = DIRECTION ( 'NONE',  ( -1.445446984655908142E-16, 1.000000000000000000, -0.000000000000000000 ) ) ;
#427 = AXIS2_PLACEMENT_3D ( 'NONE', #10, #4382, #4006 ) ;
#428 = CARTESIAN_POINT ( 'NONE',  ( -7.999999999999872102, 2.399999999999996358, 16.10640646055109571 ) ) ;
#429 = CIRCLE ( 'NONE', #4793, 2.699999999999990408 ) ;
#430 = DIRECTION ( 'NONE',  ( 0.6123724356957903625, -0.7071067811865476838, -0.3535533905932808363 ) ) ;
#431 = DIRECTION ( 'NONE',  ( -0.000000000000000000, 1.000000000000000000, -0.000000000000000000 ) ) ;
#432 = CARTESIAN_POINT ( 'NONE',  ( 12.83860766961021760, -12.43504200973874418, 14.83712078220790609 ) ) ;
#433 = ORIENTED_EDGE ( 'NONE', *, *, #3395, .T. ) ;
#434 = CARTESIAN_POINT ( 'NONE',  ( 7.999999999999968914, 2.399999999999998579, -13.85640646055103886 ) ) ;
#435 = CIRCLE ( 'NONE', #1677, 2.250000000000001776 ) ;
#436 = APPROVAL_DATE_TIME ( #3651, #2800 ) ;
#437 = ORIENTED_EDGE ( 'NONE', *, *, #4210, .T. ) ;
#438 = DIRECTION ( 'NONE',  ( 8.659560562354953812E-17, -0.7071067811865457964, 0.7071067811865492381 ) ) ;
#439 = LINE ( 'NONE', #1295, #2264 ) ;
#440 = ORIENTED_EDGE ( 'NONE', *, *, #1733, .T. ) ;
#441 = AXIS2_PLACEMENT_3D ( 'NONE', #1080, #3423, #5037 ) ;
#442 = DIRECTION ( 'NONE',  ( 0.4999999999999980016, 7.227234923279512360E-17, -0.8660254037844397068 ) ) ;
#443 = VERTEX_POINT ( 'NONE', #5066 ) ;
#444 = CARTESIAN_POINT ( 'NONE',  ( 0.000000000000000000, 16.46930464146743134, 0.000000000000000000 ) ) ;
#445 = FACE_OUTER_BOUND ( 'NONE', #3510, .T. ) ;
#446 = EDGE_CURVE ( 'NONE', #751, #1832, #4228, .T. ) ;
#447 = CARTESIAN_POINT ( 'NONE',  ( 6.083609520091378009, 5.599999999999994316, -18.73712078220806987 ) ) ;
#448 = VERTEX_POINT ( 'NONE', #3473 ) ;
#449 = EDGE_CURVE ( 'NONE', #4365, #1903, #3147, .T. ) ;
#450 = DIRECTION ( 'NONE',  ( -1.000000000000000000, 0.000000000000000000, 0.000000000000000000 ) ) ;
#451 = CARTESIAN_POINT ( 'NONE',  ( -19.66862735121523897, 5.599999999999990763, 4.100000000000000533 ) ) ;
#452 = DIRECTION ( 'NONE',  ( -1.445446984655908142E-16, 1.000000000000000000, 0.000000000000000000 ) ) ;
#453 = ADVANCED_FACE ( 'NONE', ( #1419 ), #3019, .F. ) ;
#454 = FACE_OUTER_BOUND ( 'NONE', #1424, .T. ) ;
#455 = DIRECTION ( 'NONE',  ( -0.5000000000000101030, -7.227234923279684924E-17, -0.8660254037844328234 ) ) ;
#456 = DIRECTION ( 'NONE',  ( -0.5000000000000038858, -7.227234923279597410E-17, -0.8660254037844363761 ) ) ;
#457 = DIRECTION ( 'NONE',  ( -0.000000000000000000, -1.000000000000000000, -0.000000000000000000 ) ) ;
#458 = VERTEX_POINT ( 'NONE', #1447 ) ;
#459 = FACE_OUTER_BOUND ( 'NONE', #4587, .T. ) ;
#460 = APPLICATION_PROTOCOL_DEFINITION ( 'international standard', 'config_control_design', 1994, #1990 ) ;
#461 = ORIENTED_EDGE ( 'NONE', *, *, #3873, .T. ) ;
#462 = CARTESIAN_POINT ( 'NONE',  ( 19.65986851570691840, 5.599999999999995204, -4.183248730964466588 ) ) ;
#463 = DIRECTION ( 'NONE',  ( 0.4999999999999979461, 7.227234923279514826E-17, -0.8660254037844397068 ) ) ;
#464 = CARTESIAN_POINT ( 'NONE',  ( 6.207134586489436501, 5.599999999999994316, 19.11756993514622138 ) ) ;
#465 = ORIENTED_EDGE ( 'NONE', *, *, #3643, .T. ) ;
#466 = CARTESIAN_POINT ( 'NONE',  ( 1.616580753730949560, 2.600000000000000533, 13.19999999999999929 ) ) ;
#467 = EDGE_LOOP ( 'NONE', ( #4294, #3504, #213, #2951 ) ) ;
#468 = CARTESIAN_POINT ( 'NONE',  ( 12.23982570681993920, 2.600000000000001421, -10.80000000000013927 ) ) ;
#469 = ORIENTED_EDGE ( 'NONE', *, *, #1401, .T. ) ;
#470 = FACE_OUTER_BOUND ( 'NONE', #672, .T. ) ;
#472 = EDGE_CURVE ( 'NONE', #3476, #2849, #630, .T. ) ;
#471 = DIRECTION ( 'NONE',  ( 1.000000000000000000, 0.000000000000000000, 0.000000000000000000 ) ) ;
#473 = VECTOR ( 'NONE', #1594, 1000.000000000000114 ) ;
#474 = ORIENTED_EDGE ( 'NONE', *, *, #3104, .F. ) ;
#475 = AXIS2_PLACEMENT_3D ( 'NONE', #2160, #3391, #4491 ) ;
#477 = ADVANCED_FACE ( 'NONE', ( #607 ), #1891, .F. ) ;
#476 = CYLINDRICAL_SURFACE ( 'NONE', #2579, 2.250000000000001776 ) ;
#478 = DIRECTION ( 'NONE',  ( 1.445446984655908142E-16, -1.000000000000000000, 0.000000000000000000 ) ) ;
#479 = VERTEX_POINT ( 'NONE', #5091 ) ;
#480 = DIRECTION ( 'NONE',  ( 1.445446984655908142E-16, -1.000000000000000000, 0.000000000000000000 ) ) ;
#481 = AXIS2_PLACEMENT_3D ( 'NONE', #4260, #1010, #2627 ) ;
#482 = EDGE_CURVE ( 'NONE', #4722, #3633, #654, .T. ) ;
#483 = CARTESIAN_POINT ( 'NONE',  ( -13.85640646055104064, 6.000000000000001776, -7.999999999999967137 ) ) ;
#484 = DIRECTION ( 'NONE',  ( -0.000000000000000000, 1.000000000000000000, 2.465190328815661892E-32 ) ) ;
#486 = VECTOR ( 'NONE', #2003, 999.9999999999998863 ) ;
#485 = DIRECTION ( 'NONE',  ( 0.5000000000000001110, 7.227234923279540710E-17, -0.8660254037844385966 ) ) ;
#487 = AXIS2_PLACEMENT_3D ( 'NONE', #522, #2445, #4481 ) ;
#488 = ORIENTED_EDGE ( 'NONE', *, *, #2234, .F. ) ;
#489 = CARTESIAN_POINT ( 'NONE',  ( -19.26862735121523329, 2.399999999999995914, 4.100000000000000533 ) ) ;
#490 = ORIENTED_EDGE ( 'NONE', *, *, #35, .T. ) ;
#491 = ORIENTED_EDGE ( 'NONE', *, *, #3518, .T. ) ;
#492 = VERTEX_POINT ( 'NONE', #1819 ) ;
#493 = EDGE_CURVE ( 'NONE', #4989, #2096, #3069, .T. ) ;
#494 = PLANE ( 'NONE',  #4252 ) ;
#495 = ADVANCED_FACE ( 'NONE', ( #1108 ), #5036, .F. ) ;
#496 = ORIENTED_EDGE ( 'NONE', *, *, #985, .F. ) ;
#497 = CARTESIAN_POINT ( 'NONE',  ( -8.099999999999997868, 4.799999999999996270, 0.000000000000000000 ) ) ;
#498 = CARTESIAN_POINT ( 'NONE',  ( -12.23982570682007776, 2.599999999999998312, -5.199999999999973532 ) ) ;
#499 = DIRECTION ( 'NONE',  ( 1.445446984655908142E-16, -1.000000000000000000, -0.000000000000000000 ) ) ;
#500 = CIRCLE ( 'NONE', #1164, 0.4000000000000001887 ) ;
#501 = ORIENTED_EDGE ( 'NONE', *, *, #446, .T. ) ;
#502 = ORIENTED_EDGE ( 'NONE', *, *, #3614, .F. ) ;
#503 = DIRECTION ( 'NONE',  ( -1.000000000000000000, -1.445446984655908142E-16, 0.000000000000000000 ) ) ;
#504 = AXIS2_PLACEMENT_3D ( 'NONE', #4798, #3209, #4762 ) ;
#505 = CARTESIAN_POINT ( 'NONE',  ( -17.08956796801293621, -2.470206448843649631E-15, -7.999999999999961808 ) ) ;
#506 = CARTESIAN_POINT ( 'NONE',  ( 15.47298721428184543, 2.600000000000001865, -10.80000000000017657 ) ) ;
#507 = ORIENTED_EDGE ( 'NONE', *, *, #1823, .F. ) ;
#508 = EDGE_CURVE ( 'NONE', #348, #4341, #3109, .T. ) ;
#509 = VECTOR ( 'NONE', #1770, 1000.000000000000000 ) ;
#510 = ADVANCED_FACE ( 'NONE', ( #1843 ), #2838, .F. ) ;
#511 = EDGE_CURVE ( 'NONE', #2324, #4238, #4359, .T. ) ;
#512 = EDGE_CURVE ( 'NONE', #2849, #277, #1159, .T. ) ;
#513 = DIRECTION ( 'NONE',  ( -0.6123724356957928050, -0.7071067811865472397, 0.3535533905932774501 ) ) ;
#514 = LINE ( 'NONE', #533, #4271 ) ;
#515 = DIRECTION ( 'NONE',  ( -0.000000000000000000, 1.000000000000000000, -0.000000000000000000 ) ) ;
#516 = ORIENTED_EDGE ( 'NONE', *, *, #1464, .T. ) ;
#517 = CIRCLE ( 'NONE', #3448, 2.699999999999995737 ) ;
#518 = ORIENTED_EDGE ( 'NONE', *, *, #3886, .T. ) ;
#519 = EDGE_LOOP ( 'NONE', ( #412, #4404, #3698, #1244 ) ) ;
#520 = ORIENTED_EDGE ( 'NONE', *, *, #1197, .T. ) ;
#521 = DIRECTION ( 'NONE',  ( -1.000000000000000000, -1.726093010922195961E-16, 0.000000000000000000 ) ) ;
#522 = CARTESIAN_POINT ( 'NONE',  ( 1.686736120704029742E-15, 4.799999999999997158, 0.000000000000000000 ) ) ;
#523 = ORIENTED_EDGE ( 'NONE', *, *, #936, .F. ) ;
#524 = CYLINDRICAL_SURFACE ( 'NONE', #1065, 7.699999999999999289 ) ;
#525 = DIRECTION ( 'NONE',  ( 0.000000000000000000, 1.000000000000000000, 0.000000000000000000 ) ) ;
#526 = ORIENTED_EDGE ( 'NONE', *, *, #4829, .F. ) ;
#527 = DIRECTION ( 'NONE',  ( 0.4999999999999979461, 7.227234923279514826E-17, -0.8660254037844397068 ) ) ;
#528 = CARTESIAN_POINT ( 'NONE',  ( -17.08956796801289002, -2.470206448843642137E-15, 8.000000000000076383 ) ) ;
#529 = FACE_BOUND ( 'NONE', #2434, .T. ) ;
#530 = ORIENTED_EDGE ( 'NONE', *, *, #4388, .T. ) ;
#531 = CARTESIAN_POINT ( 'NONE',  ( 13.85640646055092340, 2.600000000000001865, -10.70000000000015739 ) ) ;
#532 = LINE ( 'NONE', #4982, #4593 ) ;
#533 = CARTESIAN_POINT ( 'NONE',  ( -15.47298721428192003, 2.599999999999997868, 10.80000000000006999 ) ) ;
#534 = EDGE_CURVE ( 'NONE', #4975, #793, #2723, .T. ) ;
#535 = ORIENTED_EDGE ( 'NONE', *, *, #4850, .T. ) ;
#536 = ADVANCED_FACE ( 'NONE', ( #1971 ), #785, .F. ) ;
#537 = ORIENTED_EDGE ( 'NONE', *, *, #1428, .T. ) ;
#538 = VERTEX_POINT ( 'NONE', #1631 ) ;
#539 = DIRECTION ( 'NONE',  ( 0.000000000000000000, 1.000000000000000000, 0.000000000000000000 ) ) ;
#540 = ORIENTED_EDGE ( 'NONE', *, *, #777, .F. ) ;
#541 = FACE_OUTER_BOUND ( 'NONE', #5103, .T. ) ;
#542 = PLANE ( 'NONE',  #1307 ) ;
#543 = FACE_OUTER_BOUND ( 'NONE', #2172, .T. ) ;
#544 = LINE ( 'NONE', #2178, #3559 ) ;
#545 = APPROVAL_STATUS ( 'not_yet_approved' ) ;
#546 = AXIS2_PLACEMENT_3D ( 'NONE', #3390, #576, #1461 ) ;
#547 = ORIENTED_EDGE ( 'NONE', *, *, #4290, .T. ) ;
#548 = AXIS2_PLACEMENT_3D ( 'NONE', #4800, #3767, #882 ) ;
#549 = CARTESIAN_POINT ( 'NONE',  ( 7.700000000000001066, 5.999999999999999112, 4.100000000000006750 ) ) ;
#550 = CARTESIAN_POINT ( 'NONE',  ( -4.795706005997433685, 5.599999999999990763, 15.70640646055106160 ) ) ;
#551 = ORIENTED_EDGE ( 'NONE', *, *, #472, .T. ) ;
#552 = CARTESIAN_POINT ( 'NONE',  ( 19.26862735121523684, 5.599999999999995204, 4.100000000000000533 ) ) ;
#553 = EDGE_CURVE ( 'NONE', #2375, #3393, #14, .T. ) ;
#554 = EDGE_CURVE ( 'NONE', #2984, #3452, #2413, .T. ) ;
#555 = DIRECTION ( 'NONE',  ( -0.8660254037844363761, -1.251793808535628655E-16, 0.5000000000000038858 ) ) ;
#556 = CARTESIAN_POINT ( 'NONE',  ( 8.000000000000161648, -7.806255641895631925E-15, 11.60640646055092517 ) ) ;
#557 = PERSON_AND_ORGANIZATION_ROLE ( 'design_supplier' ) ;
#558 = ORIENTED_EDGE ( 'NONE', *, *, #337, .F. ) ;
#559 = AXIS2_PLACEMENT_3D ( 'NONE', #2524, #4113, #2474 ) ;
#560 = ORIENTED_EDGE ( 'NONE', *, *, #1656, .F. ) ;
#561 = AXIS2_PLACEMENT_3D ( 'NONE', #2001, #1708, #4781 ) ;
#562 = AXIS2_PLACEMENT_3D ( 'NONE', #4125, #555, #2163 ) ;
#563 = VECTOR ( 'NONE', #1014, 1000.000000000000114 ) ;
#564 = EDGE_CURVE ( 'NONE', #4489, #3792, #4251, .T. ) ;
#565 = DIRECTION ( 'NONE',  ( 0.000000000000000000, 0.000000000000000000, 1.000000000000000000 ) ) ;
#566 = VERTEX_POINT ( 'NONE', #61 ) ;
#567 = EDGE_CURVE ( 'NONE', #575, #2795, #912, .T. ) ;
#568 = EDGE_CURVE ( 'NONE', #1450, #4153, #5196, .T. ) ;
#569 = AXIS2_PLACEMENT_3D ( 'NONE', #1715, #908, #2913 ) ;
#570 = CIRCLE ( 'NONE', #5029, 3.699999999999998401 ) ;
#571 = LINE ( 'NONE', #3673, #82 ) ;
#572 = DIRECTION ( 'NONE',  ( 1.445446984655908142E-16, -1.000000000000000000, 0.000000000000000000 ) ) ;
#573 =( NAMED_UNIT ( * ) PLANE_ANGLE_UNIT ( ) SI_UNIT ( $, .RADIAN. ) );
#574 = VERTEX_POINT ( 'NONE', #4748 ) ;
#575 = VERTEX_POINT ( 'NONE', #1129 ) ;
#576 = DIRECTION ( 'NONE',  ( 1.445446984655908142E-16, -1.000000000000000000, 0.000000000000000000 ) ) ;
#577 = LINE ( 'NONE', #549, #4667 ) ;
#578 = DIRECTION ( 'NONE',  ( 1.000000000000000000, 1.320855438561020938E-16, 5.329070518200751394E-15 ) ) ;
#579 = VERTEX_POINT ( 'NONE', #848 ) ;
#580 = AXIS2_PLACEMENT_3D ( 'NONE', #3321, #1701, #1297 ) ;
#581 = ORIENTED_EDGE ( 'NONE', *, *, #2302, .F. ) ;
#582 = AXIS2_PLACEMENT_3D ( 'NONE', #2546, #1709, #2860 ) ;
#583 = DIRECTION ( 'NONE',  ( 1.000000000000000000, 0.000000000000000000, 0.000000000000000000 ) ) ;
#584 = AXIS2_PLACEMENT_3D ( 'NONE', #3733, #4521, #4123 ) ;
#585 = LOCAL_TIME ( 21, 26, 45.00000000000000000, #4985 ) ;
#586 = DIRECTION ( 'NONE',  ( 1.000000000000000000, 1.320855438561020938E-16, 0.000000000000000000 ) ) ;
#587 = VERTEX_POINT ( 'NONE', #814 ) ;
#588 = VECTOR ( 'NONE', #2261, 1000.000000000000114 ) ;
#589 = CIRCLE ( 'NONE', #4782, 1.699999999999994849 ) ;
#590 = ORIENTED_EDGE ( 'NONE', *, *, #4044, .F. ) ;
#591 = ORIENTED_EDGE ( 'NONE', *, *, #2144, .F. ) ;
#592 = FACE_OUTER_BOUND ( 'NONE', #1169, .T. ) ;
#593 = ORIENTED_EDGE ( 'NONE', *, *, #3465, .F. ) ;
#594 = CARTESIAN_POINT ( 'NONE',  ( 16.00000000000000000, 2.399999999999999911, 0.000000000000000000 ) ) ;
#595 = DIRECTION ( 'NONE',  ( 0.000000000000000000, 0.000000000000000000, 1.000000000000000000 ) ) ;
#596 = EDGE_CURVE ( 'NONE', #1925, #3451, #4328, .T. ) ;
#597 = EDGE_CURVE ( 'NONE', #833, #3916, #760, .T. ) ;
#598 = LINE ( 'NONE', #3364, #1812 ) ;
#599 = ORIENTED_EDGE ( 'NONE', *, *, #961, .F. ) ;
#600 = ORIENTED_EDGE ( 'NONE', *, *, #2680, .T. ) ;
#601 = EDGE_CURVE ( 'NONE', #3557, #4540, #3163, .T. ) ;
#602 = LINE ( 'NONE', #3012, #3735 ) ;
#603 = CARTESIAN_POINT ( 'NONE',  ( 20.10000000000000853, 2.400000000000000799, 2.461540066286181053E-15 ) ) ;
#604 = DIRECTION ( 'NONE',  ( 1.445446984655908142E-16, -1.000000000000000000, 0.000000000000000000 ) ) ;
#605 = ORIENTED_EDGE ( 'NONE', *, *, #401, .T. ) ;
#606 = DIRECTION ( 'NONE',  ( 0.6916232012284705410, -0.7071067811865481278, -0.1471643554753726546 ) ) ;
#607 = FACE_OUTER_BOUND ( 'NONE', #2106, .T. ) ;
#608 = CARTESIAN_POINT ( 'NONE',  ( -2.090321734816830538E-15, 3.600000000000006306, -16.00000000000000000 ) ) ;
#609 = VERTEX_POINT ( 'NONE', #2337 ) ;
#610 = DIRECTION ( 'NONE',  ( 0.000000000000000000, -1.000000000000000000, 0.000000000000000000 ) ) ;
#611 = ORIENTED_EDGE ( 'NONE', *, *, #534, .F. ) ;
#612 = CARTESIAN_POINT ( 'NONE',  ( -11.55070415551626439, 5.999999999999996447, -11.80640646055096532 ) ) ;
#613 = CARTESIAN_POINT ( 'NONE',  ( 1.628918241317793495E-15, 5.199999999999996625, 0.000000000000000000 ) ) ;
#614 = VERTEX_POINT ( 'NONE', #1662 ) ;
#615 = DIRECTION ( 'NONE',  ( -1.445446984655908142E-16, 1.000000000000000000, -0.000000000000000000 ) ) ;
#616 = EDGE_CURVE ( 'NONE', #1061, #4638, #2389, .T. ) ;
#617 = CYLINDRICAL_SURFACE ( 'NONE', #1489, 0.4000000000000001887 ) ;
#618 = CARTESIAN_POINT ( 'NONE',  ( -13.85640646055104064, 3.599999999999990319, -9.699999999999961986 ) ) ;
#619 = ORIENTED_EDGE ( 'NONE', *, *, #472, .F. ) ;
#620 = DIRECTION ( 'NONE',  ( 1.445446984655908142E-16, -1.000000000000000000, -0.000000000000000000 ) ) ;
#621 = ORIENTED_EDGE ( 'NONE', *, *, #2196, .F. ) ;
#622 = ADVANCED_FACE ( 'NONE', ( #361 ), #4784, .F. ) ;
#623 = CARTESIAN_POINT ( 'NONE',  ( 19.66862735121524608, 5.599999999999995204, -4.100000000000000533 ) ) ;
#624 = CARTESIAN_POINT ( 'NONE',  ( 17.08956796801282962, 2.600000000000002309, -8.000000000000191847 ) ) ;
#625 = ADVANCED_FACE ( 'NONE', ( #1944, #3590 ), #4009, .T. ) ;
#626 = AXIS2_PLACEMENT_3D ( 'NONE', #4343, #2252, #3098 ) ;
#627 = VECTOR ( 'NONE', #1720, 1000.000000000000114 ) ;
#628 = CARTESIAN_POINT ( 'NONE',  ( 12.23982570682000848, 2.600000000000001421, -5.200000000000139622 ) ) ;
#629 = ADVANCED_FACE ( 'NONE', ( #2864 ), #1336, .F. ) ;
#630 = LINE ( 'NONE', #3043, #3573 ) ;
#631 = EDGE_CURVE ( 'NONE', #2041, #1066, #2656, .T. ) ;
#632 = DIRECTION ( 'NONE',  ( -1.000000000000000000, 0.000000000000000000, 0.000000000000000000 ) ) ;
#633 = ORIENTED_EDGE ( 'NONE', *, *, #753, .T. ) ;
#634 = AXIS2_PLACEMENT_3D ( 'NONE', #3857, #3467, #4995 ) ;
#635 = EDGE_LOOP ( 'NONE', ( #1135, #3181, #1646, #83 ) ) ;
#636 = CARTESIAN_POINT ( 'NONE',  ( 7.700000000000001066, 5.999999999999999112, -4.100000000000006750 ) ) ;
#637 = ORIENTED_EDGE ( 'NONE', *, *, #370, .F. ) ;
#638 = DIRECTION ( 'NONE',  ( 1.445446984655908142E-16, -1.000000000000000000, 0.000000000000000000 ) ) ;
#639 = VECTOR ( 'NONE', #4915, 1000.000000000000114 ) ;
#640 = CARTESIAN_POINT ( 'NONE',  ( 13.85640646055092340, 3.599999999999994760, -9.700000000000155609 ) ) ;
#641 = ORIENTED_EDGE ( 'NONE', *, *, #3873, .F. ) ;
#642 = DIRECTION ( 'NONE',  ( 0.000000000000000000, -1.000000000000000000, 0.000000000000000000 ) ) ;
#643 = CARTESIAN_POINT ( 'NONE',  ( 13.18501783112378334, 6.000000000000000000, -14.63712078220808088 ) ) ;
#644 = AXIS2_PLACEMENT_3D ( 'NONE', #2839, #3592, #1609 ) ;
#645 = EDGE_CURVE ( 'NONE', #1342, #4434, #63, .T. ) ;
#646 = CARTESIAN_POINT ( 'NONE',  ( -19.65986851570691840, 16.46930464146742779, -4.183248730964467477 ) ) ;
#647 = ORIENTED_EDGE ( 'NONE', *, *, #1248, .T. ) ;
#648 = VERTEX_POINT ( 'NONE', #3540 ) ;
#649 = DIRECTION ( 'NONE',  ( 1.445446984655908142E-16, -1.000000000000000000, -0.000000000000000000 ) ) ;
#650 = LINE ( 'NONE', #674, #2070 ) ;
#651 = CARTESIAN_POINT ( 'NONE',  ( -8.000000000000065725, 2.399999999999996358, -16.10640646055098202 ) ) ;
#652 = LINE ( 'NONE', #2288, #4189 ) ;
#653 = CARTESIAN_POINT ( 'NONE',  ( 12.23982570682000848, 2.600000000000001421, -5.200000000000139622 ) ) ;
#654 = LINE ( 'NONE', #3086, #1153 ) ;
#655 = FACE_OUTER_BOUND ( 'NONE', #2437, .T. ) ;
#656 = ORIENTED_EDGE ( 'NONE', *, *, #2906, .T. ) ;
#657 = CARTESIAN_POINT ( 'NONE',  ( -2.090321734816830538E-15, 3.600000000000006306, -16.00000000000000000 ) ) ;
#658 = ADVANCED_FACE ( 'NONE', ( #2478 ), #476, .F. ) ;
#659 = ADVANCED_FACE ( 'NONE', ( #4064 ), #4389, .F. ) ;
#660 = VECTOR ( 'NONE', #4900, 1000.000000000000000 ) ;
#661 = EDGE_LOOP ( 'NONE', ( #3880, #3046, #3548, #551 ) ) ;
#662 = CARTESIAN_POINT ( 'NONE',  ( -3.469072763174174315E-16, 2.399999999999997691, 0.000000000000000000 ) ) ;
#663 = CARTESIAN_POINT ( 'NONE',  ( -13.18501783112388281, 5.999999999999996447, -14.63712078220798674 ) ) ;
#664 = CIRCLE ( 'NONE', #5127, 3.700000000000000178 ) ;
#665 = EDGE_LOOP ( 'NONE', ( #2207, #359, #3739, #4689 ) ) ;
#666 = ORIENTED_EDGE ( 'NONE', *, *, #2051, .T. ) ;
#667 = DIRECTION ( 'NONE',  ( -1.000000000000000000, -1.445446984655908142E-16, 0.000000000000000000 ) ) ;
#668 = VECTOR ( 'NONE', #4508, 1000.000000000000114 ) ;
#669 = CARTESIAN_POINT ( 'NONE',  ( -13.85640646055098379, 2.599999999999997868, 9.700000000000063238 ) ) ;
#670 = CARTESIAN_POINT ( 'NONE',  ( -13.18501783112389525, 5.999999999999996447, -14.63712078220798851 ) ) ;
#671 = PERSON_AND_ORGANIZATION_ROLE ( 'creator' ) ;
#672 = EDGE_LOOP ( 'NONE', ( #76, #1296, #855, #4306 ) ) ;
#673 = DIRECTION ( 'NONE',  ( 0.000000000000000000, -1.000000000000000000, 0.000000000000000000 ) ) ;
#674 = CARTESIAN_POINT ( 'NONE',  ( 1.616580753730955555, 2.600000000000000533, -13.19999999999999929 ) ) ;
#675 = LINE ( 'NONE', #1885, #4583 ) ;
#676 = CARTESIAN_POINT ( 'NONE',  ( 17.08956796801299305, 2.600000000000002309, 7.999999999999841904 ) ) ;
#677 = AXIS2_PLACEMENT_3D ( 'NONE', #98, #979, #586 ) ;
#678 = ORIENTED_EDGE ( 'NONE', *, *, #792, .F. ) ;
#679 = CARTESIAN_POINT ( 'NONE',  ( -6.083609520091247447, 5.999999999999997335, 18.73712078220810540 ) ) ;
#680 = CARTESIAN_POINT ( 'NONE',  ( 15.47298721428206569, 2.600000000000001865, 10.79999999999985860 ) ) ;
#681 = CYLINDRICAL_SURFACE ( 'NONE', #1086, 1.699999999999993072 ) ;
#682 = ORIENTED_EDGE ( 'NONE', *, *, #3106, .F. ) ;
#683 = ADVANCED_BREP_SHAPE_REPRESENTATION ( 'OutRunnerUpperPlate', ( #4614, #725 ), #3146 ) ;
#684 = CARTESIAN_POINT ( 'NONE',  ( -7.999999999999872102, -9.974659986866640793E-15, 16.10640646055109571 ) ) ;
#685 = EDGE_LOOP ( 'NONE', ( #1500, #3026, #5044, #4117, #1479, #4705 ) ) ;
#686 = CYLINDRICAL_SURFACE ( 'NONE', #305, 0.4000000000000001887 ) ;
#687 = EDGE_CURVE ( 'NONE', #2041, #3801, #1212, .T. ) ;
#688 = CARTESIAN_POINT ( 'NONE',  ( 6.083609520091377121, 5.999999999999999112, -18.73712078220806632 ) ) ;
#689 = ORIENTED_EDGE ( 'NONE', *, *, #5011, .T. ) ;
#690 = EDGE_LOOP ( 'NONE', ( #4142, #3950, #903, #1285, #3105, #605, #1255, #2323 ) ) ;
#691 = CARTESIAN_POINT ( 'NONE',  ( -16.00000000000000000, 2.399999999999995026, 0.000000000000000000 ) ) ;
#692 = DIRECTION ( 'NONE',  ( 8.659560562354955045E-17, -0.7071067811865459074, 0.7071067811865491270 ) ) ;
#693 = EDGE_CURVE ( 'NONE', #4087, #4997, #1546, .T. ) ;
#694 = ORIENTED_EDGE ( 'NONE', *, *, #413, .T. ) ;
#695 = VERTEX_POINT ( 'NONE', #4813 ) ;
#696 = CARTESIAN_POINT ( 'NONE',  ( 8.100000000000001421, 2.399999999999999023, 0.000000000000000000 ) ) ;
#697 = FACE_OUTER_BOUND ( 'NONE', #3204, .T. ) ;
#698 = ORIENTED_EDGE ( 'NONE', *, *, #3810, .F. ) ;
#699 = FACE_OUTER_BOUND ( 'NONE', #3210, .T. ) ;
#700 = LINE ( 'NONE', #5090, #4622 ) ;
#701 = DIRECTION ( 'NONE',  ( 0.8660254037844340447, 1.251793808535625204E-16, -0.5000000000000079936 ) ) ;
#702 = AXIS2_PLACEMENT_3D ( 'NONE', #4088, #2863, #503 ) ;
#703 = ORIENTED_EDGE ( 'NONE', *, *, #1954, .T. ) ;
#704 = FACE_OUTER_BOUND ( 'NONE', #199, .T. ) ;
#705 = ADVANCED_FACE ( 'NONE', ( #3137 ), #3563, .F. ) ;
#706 = EDGE_CURVE ( 'NONE', #4073, #3944, #2754, .T. ) ;
#707 = VERTEX_POINT ( 'NONE', #3254 ) ;
#708 = VECTOR ( 'NONE', #5061, 1000.000000000000000 ) ;
#709 = CYLINDRICAL_SURFACE ( 'NONE', #4077, 0.3999999999999993006 ) ;
#710 = ORIENTED_EDGE ( 'NONE', *, *, #3093, .T. ) ;
#711 = AXIS2_PLACEMENT_3D ( 'NONE', #4199, #4027, #4001 ) ;
#712 = CARTESIAN_POINT ( 'NONE',  ( -10.62324495308908112, -1.535533738470370151E-15, 8.000000000000047962 ) ) ;
#713 = VECTOR ( 'NONE', #186, 1000.000000000000000 ) ;
#714 = ORIENTED_EDGE ( 'NONE', *, *, #2146, .T. ) ;
#715 = VERTEX_POINT ( 'NONE', #2809 ) ;
#716 = AXIS2_PLACEMENT_3D ( 'NONE', #802, #2408, #4642 ) ;
#717 = ORIENTED_EDGE ( 'NONE', *, *, #3810, .T. ) ;
#718 = AXIS2_PLACEMENT_3D ( 'NONE', #3102, #3862, #4296 ) ;
#719 = CARTESIAN_POINT ( 'NONE',  ( 13.85640646055109215, 6.000000000000006217, 7.999999999999870326 ) ) ;
#720 = CIRCLE ( 'NONE', #3415, 20.10000000000000853 ) ;
#721 = EDGE_CURVE ( 'NONE', #1938, #4194, #762, .T. ) ;
#722 = CYLINDRICAL_SURFACE ( 'NONE', #2008, 0.4000000000000010214 ) ;
#723 = ORIENTED_EDGE ( 'NONE', *, *, #4771, .T. ) ;
#724 = EDGE_CURVE ( 'NONE', #2283, #2566, #1237, .T. ) ;
#725 = AXIS2_PLACEMENT_3D ( 'NONE', #3387, #2179, #853 ) ;
#726 = VECTOR ( 'NONE', #3736, 1000.000000000000114 ) ;
#727 = DIRECTION ( 'NONE',  ( -1.000000000000000000, -1.172110456741085828E-16, 0.000000000000000000 ) ) ;
#728 = DIRECTION ( 'NONE',  ( 0.4999999999999918954, 0.000000000000000000, -0.8660254037844432595 ) ) ;
#729 = VERTEX_POINT ( 'NONE', #1189 ) ;
#730 = AXIS2_PLACEMENT_3D ( 'NONE', #2223, #3459, #2250 ) ;
#731 = CYLINDRICAL_SURFACE ( 'NONE', #3835, 2.250000000000001776 ) ;
#732 = CARTESIAN_POINT ( 'NONE',  ( 12.23982570681993920, 2.600000000000001421, -10.80000000000013927 ) ) ;
#733 = DIRECTION ( 'NONE',  ( 1.000000000000000000, 1.606225440719265134E-16, 0.000000000000000000 ) ) ;
#734 = ORIENTED_EDGE ( 'NONE', *, *, #4728, .F. ) ;
#735 = DIRECTION ( 'NONE',  ( 1.000000000000000000, 0.000000000000000000, -4.496403249731883200E-15 ) ) ;
#736 = CARTESIAN_POINT ( 'NONE',  ( 4.795706005997762311, -12.43504200973874774, 15.70640646055096390 ) ) ;
#737 = VERTEX_POINT ( 'NONE', #786 ) ;
#738 = ORIENTED_EDGE ( 'NONE', *, *, #792, .T. ) ;
#739 = LINE ( 'NONE', #5096, #4340 ) ;
#740 = CARTESIAN_POINT ( 'NONE',  ( 4.795706005997542043, 2.399999999999999467, -15.70640646055102962 ) ) ;
#741 = VERTEX_POINT ( 'NONE', #3981 ) ;
#742 = CIRCLE ( 'NONE', #4181, 20.10000000000000142 ) ;
#743 = ORIENTED_EDGE ( 'NONE', *, *, #1788, .T. ) ;
#744 = ORIENTED_EDGE ( 'NONE', *, *, #2815, .T. ) ;
#745 = VECTOR ( 'NONE', #4065, 1000.000000000000114 ) ;
#746 = CARTESIAN_POINT ( 'NONE',  ( 8.100000000000001421, 2.399999999999999023, 0.000000000000000000 ) ) ;
#747 = DIRECTION ( 'NONE',  ( 1.000000000000000000, 1.445446984655908142E-16, -2.609024107869117476E-15 ) ) ;
#748 = CIRCLE ( 'NONE', #3696, 2.250000000000000444 ) ;
#749 = CARTESIAN_POINT ( 'NONE',  ( -19.26862735121523684, 5.599999999999990763, -4.100000000000000533 ) ) ;
#750 = CARTESIAN_POINT ( 'NONE',  ( 15.47298721428201418, 2.600000000000001865, 5.199999999999857181 ) ) ;
#751 = VERTEX_POINT ( 'NONE', #396 ) ;
#753 = EDGE_CURVE ( 'NONE', #4339, #2289, #2912, .T. ) ;
#752 = CARTESIAN_POINT ( 'NONE',  ( 13.45273392921787625, 16.46930464146743489, 14.93432120418166953 ) ) ;
#754 = CARTESIAN_POINT ( 'NONE',  ( 17.08956796801299305, 2.600000000000002309, 7.999999999999841904 ) ) ;
#755 = ADVANCED_FACE ( 'NONE', ( #4414 ), #2454, .F. ) ;
#756 = ORIENTED_EDGE ( 'NONE', *, *, #326, .F. ) ;
#757 = VECTOR ( 'NONE', #4874, 1000.000000000000114 ) ;
#758 = LINE ( 'NONE', #2363, #1563 ) ;
#759 = CARTESIAN_POINT ( 'NONE',  ( 6.083609520091636469, 5.599999999999994316, 18.73712078220798816 ) ) ;
#760 = LINE ( 'NONE', #2452, #5022 ) ;
#761 = AXIS2_PLACEMENT_3D ( 'NONE', #360, #2807, #1970 ) ;
#762 = LINE ( 'NONE', #2390, #2246 ) ;
#763 = CARTESIAN_POINT ( 'NONE',  ( 12.23982570682000848, 1.769201916063685140E-15, -5.200000000000139622 ) ) ;
#764 = ORIENTED_EDGE ( 'NONE', *, *, #4808, .F. ) ;
#765 = FACE_OUTER_BOUND ( 'NONE', #1962, .T. ) ;
#766 = VERTEX_POINT ( 'NONE', #1632 ) ;
#767 = CARTESIAN_POINT ( 'NONE',  ( 3.233161507461901785, 4.673363551866355985E-16, 15.99999999999999645 ) ) ;
#768 = DIRECTION ( 'NONE',  ( -0.000000000000000000, 1.000000000000000000, 2.465190328815661892E-32 ) ) ;
#769 = DIRECTION ( 'NONE',  ( 0.000000000000000000, -1.000000000000000000, 0.000000000000000000 ) ) ;
#770 = VERTEX_POINT ( 'NONE', #4038 ) ;
#771 = ORIENTED_EDGE ( 'NONE', *, *, #3871, .T. ) ;
#772 = DIRECTION ( 'NONE',  ( 1.000000000000000000, 0.000000000000000000, 0.000000000000000000 ) ) ;
#773 = ORIENTED_EDGE ( 'NONE', *, *, #3445, .T. ) ;
#774 = CARTESIAN_POINT ( 'NONE',  ( -19.65986851570691840, 5.599999999999990763, -4.183248730964467477 ) ) ;
#775 = FACE_OUTER_BOUND ( 'NONE', #2842, .T. ) ;
#776 = FACE_OUTER_BOUND ( 'NONE', #1310, .T. ) ;
#777 = EDGE_CURVE ( 'NONE', #2180, #5178, #2056, .T. ) ;
#778 = ORIENTED_EDGE ( 'NONE', *, *, #2680, .F. ) ;
#779 = ORIENTED_EDGE ( 'NONE', *, *, #2679, .F. ) ;
#780 = ADVANCED_FACE ( 'NONE', ( #2186 ), #4200, .F. ) ;
#781 = FACE_OUTER_BOUND ( 'NONE', #73, .T. ) ;
#782 = FACE_OUTER_BOUND ( 'NONE', #2889, .T. ) ;
#783 = ORIENTED_EDGE ( 'NONE', *, *, #2265, .F. ) ;
#784 = DIRECTION ( 'NONE',  ( -1.445446984655908142E-16, 1.000000000000000000, -0.000000000000000000 ) ) ;
#785 = PLANE ( 'NONE',  #983 ) ;
#786 = CARTESIAN_POINT ( 'NONE',  ( 4.795706005997759647, 5.599999999999994316, 15.70640646055096390 ) ) ;
#787 = CARTESIAN_POINT ( 'NONE',  ( 16.00000000000000000, 5.599999999999994316, -3.700000000000000178 ) ) ;
#788 = ORIENTED_EDGE ( 'NONE', *, *, #92, .F. ) ;
#789 = DIRECTION ( 'NONE',  ( -1.000000000000000000, 0.000000000000000000, 0.000000000000000000 ) ) ;
#790 = CARTESIAN_POINT ( 'NONE',  ( 4.795706005997759647, 5.599999999999994316, 15.70640646055096390 ) ) ;
#791 = EDGE_CURVE ( 'NONE', #4832, #4998, #1314, .T. ) ;
#792 = EDGE_CURVE ( 'NONE', #3743, #3644, #4143, .T. ) ;
#793 = VERTEX_POINT ( 'NONE', #4567 ) ;
#794 = CARTESIAN_POINT ( 'NONE',  ( -3.233161507461902229, 2.599999999999999645, -15.99999999999999645 ) ) ;
#795 = DIRECTION ( 'NONE',  ( -0.000000000000000000, 1.000000000000000000, -0.000000000000000000 ) ) ;
#796 = EDGE_LOOP ( 'NONE', ( #5028, #3322, #935, #656 ) ) ;
#797 = ORIENTED_EDGE ( 'NONE', *, *, #4850, .F. ) ;
#798 = CARTESIAN_POINT ( 'NONE',  ( 1.616580753730956888, 2.336681775933186867E-16, -18.79999999999999716 ) ) ;
#799 = ORIENTED_EDGE ( 'NONE', *, *, #3543, .T. ) ;
#800 = AXIS2_PLACEMENT_3D ( 'NONE', #1640, #3233, #2918 ) ;
#801 = LINE ( 'NONE', #1562, #1074 ) ;
#802 = CARTESIAN_POINT ( 'NONE',  ( -7.999999999999872102, 2.399999999999996358, 13.85640646055109215 ) ) ;
#803 = DIRECTION ( 'NONE',  ( 0.5000000000000000000, 0.000000000000000000, -0.8660254037844385966 ) ) ;
#804 = CIRCLE ( 'NONE', #716, 2.250000000000001776 ) ;
#805 = DIRECTION ( 'NONE',  ( 1.445446984655910361E-16, -1.000000000000000000, 0.000000000000000000 ) ) ;
#806 = ORIENTED_EDGE ( 'NONE', *, *, #1727, .F. ) ;
#807 = VERTEX_POINT ( 'NONE', #2502 ) ;
#808 = CARTESIAN_POINT ( 'NONE',  ( 6.083609520091636469, 5.599999999999994316, 18.73712078220798816 ) ) ;
#809 = CARTESIAN_POINT ( 'NONE',  ( 16.00000000000000355, -10.75174404457249899, 0.000000000000000000 ) ) ;
#810 = CONICAL_SURFACE ( 'NONE', #60, 0.4000000000000062395, 0.7853981633974496113 ) ;
#811 = VECTOR ( 'NONE', #1292, 1000.000000000000000 ) ;
#812 = FACE_OUTER_BOUND ( 'NONE', #2316, .T. ) ;
#813 = CARTESIAN_POINT ( 'NONE',  ( 13.85640646055092340, 3.599999999999994760, -8.000000000000163425 ) ) ;
#814 = CARTESIAN_POINT ( 'NONE',  ( 3.233161507461901341, 2.600000000000000533, 15.99999999999999645 ) ) ;
#815 = CARTESIAN_POINT ( 'NONE',  ( -13.85640646055098379, 2.599999999999997868, 8.000000000000067502 ) ) ;
#816 = CARTESIAN_POINT ( 'NONE',  ( -12.83860766960990674, 5.599999999999992539, 14.83712078220817432 ) ) ;
#817 = VERTEX_POINT ( 'NONE', #505 ) ;
#818 = VECTOR ( 'NONE', #4278, 1000.000000000000000 ) ;
#819 = AXIS2_PLACEMENT_3D ( 'NONE', #2490, #2858, #4080 ) ;
#820 = DATE_AND_TIME ( #4417, #1262 ) ;
#821 = ORIENTED_EDGE ( 'NONE', *, *, #896, .T. ) ;
#822 = VECTOR ( 'NONE', #2702, 999.9999999999998863 ) ;
#823 = CARTESIAN_POINT ( 'NONE',  ( 16.00000000000000355, -10.75174404457249899, 3.700000000000000178 ) ) ;
#824 = LINE ( 'NONE', #4452, #1772 ) ;
#825 = ADVANCED_FACE ( 'NONE', ( #191 ), #932, .F. ) ;
#826 = VERTEX_POINT ( 'NONE', #3788 ) ;
#827 = EDGE_CURVE ( 'NONE', #2622, #4087, #974, .T. ) ;
#828 = AXIS2_PLACEMENT_3D ( 'NONE', #2, #515, #3152 ) ;
#829 = ORIENTED_EDGE ( 'NONE', *, *, #4440, .T. ) ;
#831 = DIRECTION ( 'NONE',  ( 0.4999999999999980016, 0.000000000000000000, -0.8660254037844397068 ) ) ;
#830 = VECTOR ( 'NONE', #2685, 1000.000000000000227 ) ;
#832 = DIRECTION ( 'NONE',  ( 0.5000000000000019984, 7.227234923279569060E-17, 0.8660254037844375974 ) ) ;
#833 = VERTEX_POINT ( 'NONE', #4091 ) ;
#834 = AXIS2_PLACEMENT_3D ( 'NONE', #2059, #2113, #881 ) ;
#835 = FACE_OUTER_BOUND ( 'NONE', #3771, .T. ) ;
#836 = CARTESIAN_POINT ( 'NONE',  ( -16.00000000000000000, 5.599999999999992539, -3.700000000000000178 ) ) ;
#837 = LINE ( 'NONE', #2828, #4755 ) ;
#838 = ORIENTED_EDGE ( 'NONE', *, *, #2084, .F. ) ;
#839 = DIRECTION ( 'NONE',  ( 0.000000000000000000, -1.000000000000000000, 0.000000000000000000 ) ) ;
#840 = CONICAL_SURFACE ( 'NONE', #1838, 1.699999999999994849, 0.7853981633974511656 ) ;
#841 = VECTOR ( 'NONE', #3602, 1000.000000000000000 ) ;
#842 = DIRECTION ( 'NONE',  ( -1.000000000000000000, -1.172110456741085828E-16, 0.000000000000000000 ) ) ;
#843 = CARTESIAN_POINT ( 'NONE',  ( 1.571100361931557840E-15, 5.599999999999992539, 0.000000000000000000 ) ) ;
#844 = VECTOR ( 'NONE', #2621, 1000.000000000000114 ) ;
#845 = CONICAL_SURFACE ( 'NONE', #188, 0.4000000000000062395, 0.7853981633974496113 ) ;
#846 = LINE ( 'NONE', #4893, #1728 ) ;
#847 = DIRECTION ( 'NONE',  ( 1.000000000000000000, 0.000000000000000000, 0.000000000000000000 ) ) ;
#848 = CARTESIAN_POINT ( 'NONE',  ( 7.999999999999968914, 5.599999999999995204, -10.15640646055103780 ) ) ;
#849 = CARTESIAN_POINT ( 'NONE',  ( 13.18501783112378334, 6.000000000000000000, -14.63712078220808088 ) ) ;
#850 = LINE ( 'NONE', #2391, #3164 ) ;
#851 = ORIENTED_EDGE ( 'NONE', *, *, #3744, .F. ) ;
#852 = DIRECTION ( 'NONE',  ( 0.8660254037844375974, 1.251793808535630381E-16, -0.5000000000000019984 ) ) ;
#853 = DIRECTION ( 'NONE',  ( 1.000000000000000000, 0.000000000000000000, 0.000000000000000000 ) ) ;
#854 = CIRCLE ( 'NONE', #2686, 0.4000000000000010214 ) ;
#855 = ORIENTED_EDGE ( 'NONE', *, *, #3117, .T. ) ;
#856 = CARTESIAN_POINT ( 'NONE',  ( 1.616580753730948672, 2.600000000000000533, 18.79999999999999716 ) ) ;
#857 = FACE_BOUND ( 'NONE', #3128, .T. ) ;
#858 = CARTESIAN_POINT ( 'NONE',  ( 7.999999999999968914, 2.399999999999998579, -13.85640646055103886 ) ) ;
#859 = EDGE_LOOP ( 'NONE', ( #3653, #3867, #2222, #3389 ) ) ;
#860 = VECTOR ( 'NONE', #3087, 1000.000000000000114 ) ;
#861 = PLANE ( 'NONE',  #324 ) ;
#862 = EDGE_CURVE ( 'NONE', #1092, #3384, #2109, .T. ) ;
#863 = VERTEX_POINT ( 'NONE', #2887 ) ;
#864 = EDGE_CURVE ( 'NONE', #5041, #3269, #118, .T. ) ;
#865 = CARTESIAN_POINT ( 'NONE',  ( -17.08956796801293621, 2.599999999999997424, -7.999999999999961808 ) ) ;
#866 = DIRECTION ( 'NONE',  ( 0.8660254037844387076, 1.251793808535632106E-16, 0.5000000000000001110 ) ) ;
#867 = CARTESIAN_POINT ( 'NONE',  ( -2.090321734816830538E-15, 3.600000000000006306, -16.00000000000000000 ) ) ;
#868 = ORIENTED_EDGE ( 'NONE', *, *, #5142, .F. ) ;
#869 = DIRECTION ( 'NONE',  ( 0.000000000000000000, 0.000000000000000000, -1.000000000000000000 ) ) ;
#870 = EDGE_CURVE ( 'NONE', #3292, #1620, #2644, .T. ) ;
#871 = DIRECTION ( 'NONE',  ( -0.000000000000000000, 1.000000000000000000, 2.465190328815661892E-32 ) ) ;
#872 = EDGE_CURVE ( 'NONE', #3256, #1932, #5182, .T. ) ;
#873 = DIRECTION ( 'NONE',  ( 8.659560562354957510E-17, -0.7071067811865455743, 0.7071067811865495711 ) ) ;
#874 = DIRECTION ( 'NONE',  ( -1.445446984655908142E-16, 1.000000000000000000, -0.000000000000000000 ) ) ;
#875 = ORIENTED_EDGE ( 'NONE', *, *, #3830, .F. ) ;
#876 = ORIENTED_EDGE ( 'NONE', *, *, #2906, .F. ) ;
#877 = EDGE_CURVE ( 'NONE', #4638, #3017, #3325, .T. ) ;
#878 = CARTESIAN_POINT ( 'NONE',  ( -11.20429399400231141, 2.399999999999995914, 12.00640646055112271 ) ) ;
#879 = FACE_OUTER_BOUND ( 'NONE', #1644, .T. ) ;
#880 = EDGE_LOOP ( 'NONE', ( #682, #3300 ) ) ;
#881 = DIRECTION ( 'NONE',  ( 1.000000000000000000, 0.000000000000000000, 0.000000000000000000 ) ) ;
#882 = DIRECTION ( 'NONE',  ( 0.4999999999999919509, 7.227234923279423614E-17, -0.8660254037844432595 ) ) ;
#883 = DIRECTION ( 'NONE',  ( -0.000000000000000000, 1.000000000000000000, 2.465190328815661892E-32 ) ) ;
#884 = FACE_OUTER_BOUND ( 'NONE', #2431, .T. ) ;
#885 = EDGE_CURVE ( 'NONE', #3916, #1161, #577, .T. ) ;
#886 = ORIENTED_EDGE ( 'NONE', *, *, #3002, .T. ) ;
#887 = EDGE_CURVE ( 'NONE', #1873, #3727, #2982, .T. ) ;
#888 = ORIENTED_EDGE ( 'NONE', *, *, #885, .F. ) ;
#889 = ORIENTED_EDGE ( 'NONE', *, *, #511, .F. ) ;
#890 = ADVANCED_FACE ( 'NONE', ( #140 ), #1739, .T. ) ;
#891 = ADVANCED_FACE ( 'NONE', ( #954 ), #2551, .T. ) ;
#892 = CARTESIAN_POINT ( 'NONE',  ( -16.00000000000000000, 5.599999999999992539, 0.000000000000000000 ) ) ;
#893 = PLANE ( 'NONE',  #819 ) ;
#894 = ORIENTED_EDGE ( 'NONE', *, *, #366, .T. ) ;
#895 = DIRECTION ( 'NONE',  ( 1.445446984655908142E-16, -1.000000000000000000, 0.000000000000000000 ) ) ;
#896 = EDGE_CURVE ( 'NONE', #4659, #4264, #3763, .T. ) ;
#897 = FACE_OUTER_BOUND ( 'NONE', #2099, .T. ) ;
#898 = CIRCLE ( 'NONE', #3324, 7.699999999999999289 ) ;
#899 = EDGE_CURVE ( 'NONE', #2984, #1671, #3907, .T. ) ;
#900 = VECTOR ( 'NONE', #1387, 1000.000000000000000 ) ;
#901 = EDGE_CURVE ( 'NONE', #295, #902, #3284, .T. ) ;
#902 = VERTEX_POINT ( 'NONE', #2307 ) ;
#903 = ORIENTED_EDGE ( 'NONE', *, *, #4754, .T. ) ;
#904 = ADVANCED_FACE ( 'NONE', ( #3487 ), #5104, .F. ) ;
#905 = DIRECTION ( 'NONE',  ( -1.445446984655908142E-16, 1.000000000000000000, -0.000000000000000000 ) ) ;
#906 = CONICAL_SURFACE ( 'NONE', #388, 0.4000000000000062395, 0.7853981633974497223 ) ;
#907 = CARTESIAN_POINT ( 'NONE',  ( 1.616580753730955555, 2.600000000000000533, -13.19999999999999929 ) ) ;
#908 = DIRECTION ( 'NONE',  ( 0.000000000000000000, 0.000000000000000000, -1.000000000000000000 ) ) ;
#909 = DIRECTION ( 'NONE',  ( 0.000000000000000000, 0.000000000000000000, -1.000000000000000000 ) ) ;
#910 = ORIENTED_EDGE ( 'NONE', *, *, #1112, .T. ) ;
#912 = CIRCLE ( 'NONE', #4425, 2.700000000000001066 ) ;
#911 = FACE_BOUND ( 'NONE', #114, .T. ) ;
#913 = AXIS2_PLACEMENT_3D ( 'NONE', #2586, #2542, #1402 ) ;
#914 = DIRECTION ( 'NONE',  ( -0.000000000000000000, 1.000000000000000000, -0.000000000000000000 ) ) ;
#915 = ORIENTED_EDGE ( 'NONE', *, *, #3654, .F. ) ;
#916 = ORIENTED_EDGE ( 'NONE', *, *, #3746, .F. ) ;
#917 = VERTEX_POINT ( 'NONE', #2716 ) ;
#918 = VERTEX_POINT ( 'NONE', #623 ) ;
#919 = VECTOR ( 'NONE', #1062, 1000.000000000000000 ) ;
#920 = FACE_OUTER_BOUND ( 'NONE', #4049, .T. ) ;
#921 = DIRECTION ( 'NONE',  ( -1.000000000000000000, 0.000000000000000000, 4.607425552194398854E-15 ) ) ;
#922 = ORIENTED_EDGE ( 'NONE', *, *, #3579, .F. ) ;
#923 = CARTESIAN_POINT ( 'NONE',  ( 12.30000000000000426, -10.75174404457249899, 0.000000000000000000 ) ) ;
#924 = AXIS2_PLACEMENT_3D ( 'NONE', #1735, #2547, #4916 ) ;
#925 = LINE ( 'NONE', #498, #3748 ) ;
#926 = DIRECTION ( 'NONE',  ( -1.000000000000000000, -1.445446984655908389E-16, 4.496403249731883200E-15 ) ) ;
#927 = EDGE_LOOP ( 'NONE', ( #516, #4140, #4078, #5162 ) ) ;
#928 = ORIENTED_EDGE ( 'NONE', *, *, #2114, .F. ) ;
#929 = EDGE_CURVE ( 'NONE', #2549, #4420, #264, .T. ) ;
#930 = VECTOR ( 'NONE', #5133, 1000.000000000000114 ) ;
#931 = AXIS2_PLACEMENT_3D ( 'NONE', #1961, #1564, #2691 ) ;
#932 = CYLINDRICAL_SURFACE ( 'NONE', #4579, 1.699999999999994849 ) ;
#933 = CARTESIAN_POINT ( 'NONE',  ( -19.65986851570692906, 2.399999999999994582, -4.183248730964469253 ) ) ;
#934 = AXIS2_PLACEMENT_3D ( 'NONE', #3227, #3522, #43 ) ;
#935 = ORIENTED_EDGE ( 'NONE', *, *, #4209, .F. ) ;
#936 = EDGE_CURVE ( 'NONE', #3941, #917, #299, .T. ) ;
#937 = DIRECTION ( 'NONE',  ( 0.000000000000000000, 1.000000000000000000, 0.000000000000000000 ) ) ;
#938 = DIRECTION ( 'NONE',  ( -0.5000000000000003331, -7.227234923279544408E-17, -0.8660254037844384856 ) ) ;
#939 = DIRECTION ( 'NONE',  ( 1.445446984655908142E-16, -1.000000000000000000, 0.000000000000000000 ) ) ;
#940 = LINE ( 'NONE', #2945, #3793 ) ;
#941 = ORIENTED_EDGE ( 'NONE', *, *, #3544, .F. ) ;
#942 = AXIS2_PLACEMENT_3D ( 'NONE', #4821, #1166, #3656 ) ;
#943 = ORIENTED_EDGE ( 'NONE', *, *, #1964, .F. ) ;
#944 = ORIENTED_EDGE ( 'NONE', *, *, #3575, .F. ) ;
#945 = DIRECTION ( 'NONE',  ( 1.445446984655910361E-16, -1.000000000000000000, 0.000000000000000000 ) ) ;
#946 = ORIENTED_EDGE ( 'NONE', *, *, #4440, .F. ) ;
#947 = DIRECTION ( 'NONE',  ( -0.8660254037844432595, -1.251793808535638762E-16, -0.4999999999999919509 ) ) ;
#948 = CARTESIAN_POINT ( 'NONE',  ( 6.083609520091636469, 2.399999999999999467, 18.73712078220798816 ) ) ;
#949 = DIRECTION ( 'NONE',  ( 0.000000000000000000, 0.000000000000000000, -1.000000000000000000 ) ) ;
#950 = CARTESIAN_POINT ( 'NONE',  ( 19.66862735121524608, 5.599999999999995204, -4.100000000000000533 ) ) ;
#951 = ORIENTED_EDGE ( 'NONE', *, *, #3394, .T. ) ;
#952 = FACE_OUTER_BOUND ( 'NONE', #1220, .T. ) ;
#953 = EDGE_CURVE ( 'NONE', #741, #4168, #1516, .T. ) ;
#954 = FACE_OUTER_BOUND ( 'NONE', #1570, .T. ) ;
#955 = CARTESIAN_POINT ( 'NONE',  ( 11.55070415551634078, 6.000000000000000000, 11.80640646055088006 ) ) ;
#956 = EDGE_LOOP ( 'NONE', ( #3480, #678, #126, #4637 ) ) ;
#957 = CARTESIAN_POINT ( 'NONE',  ( -4.795706005997650401, 2.399999999999997691, -15.70640646055099943 ) ) ;
#958 = DIRECTION ( 'NONE',  ( 0.000000000000000000, 1.000000000000000000, 0.000000000000000000 ) ) ;
#959 = DIRECTION ( 'NONE',  ( 0.000000000000000000, 0.000000000000000000, 1.000000000000000000 ) ) ;
#960 = EDGE_LOOP ( 'NONE', ( #4952, #3749 ) ) ;
#961 = EDGE_CURVE ( 'NONE', #2638, #1579, #3416, .T. ) ;
#962 = EDGE_CURVE ( 'NONE', #4924, #4212, #5101, .T. ) ;
#963 = EDGE_LOOP ( 'NONE', ( #84, #3013, #2704, #4291 ) ) ;
#964 = VERTEX_POINT ( 'NONE', #2260 ) ;
#965 = VERTEX_POINT ( 'NONE', #3512 ) ;
#966 = DIRECTION ( 'NONE',  ( 0.8660254037844328234, 1.251793808535623725E-16, -0.5000000000000101030 ) ) ;
#967 = ORIENTED_EDGE ( 'NONE', *, *, #3562, .F. ) ;
#968 = DIRECTION ( 'NONE',  ( -0.6123724356957953585, -0.7071067811865474617, -0.3535533905932725096 ) ) ;
#969 = DIRECTION ( 'NONE',  ( -0.5000000000000004441, -7.227234923279544408E-17, -0.8660254037844383745 ) ) ;
#970 = EDGE_LOOP ( 'NONE', ( #4397, #4769, #3538, #3932 ) ) ;
#971 = ORIENTED_EDGE ( 'NONE', *, *, #3354, .T. ) ;
#972 = CARTESIAN_POINT ( 'NONE',  ( 7.999999999999968914, 2.399999999999998579, -11.60640646055103709 ) ) ;
#973 = CIRCLE ( 'NONE', #5007, 3.700000000000000178 ) ;
#974 = LINE ( 'NONE', #4922, #224 ) ;
#975 = LINE ( 'NONE', #2504, #4962 ) ;
#976 = EDGE_LOOP ( 'NONE', ( #1311, #376, #581, #4477 ) ) ;
#977 = ORIENTED_EDGE ( 'NONE', *, *, #885, .T. ) ;
#978 = DIRECTION ( 'NONE',  ( -0.8660254037844385966, -1.251793808535632106E-16, 0.5000000000000003331 ) ) ;
#979 = DIRECTION ( 'NONE',  ( 1.445446984655908882E-16, -1.000000000000000000, 0.000000000000000000 ) ) ;
#980 = EDGE_LOOP ( 'NONE', ( #1057, #2118, #4823, #4004, #3493, #1779 ) ) ;
#981 = VERTEX_POINT ( 'NONE', #603 ) ;
#982 = ORIENTED_EDGE ( 'NONE', *, *, #4355, .T. ) ;
#983 = AXIS2_PLACEMENT_3D ( 'NONE', #4441, #39, #3561 ) ;
#984 = EDGE_CURVE ( 'NONE', #1008, #3727, #2287, .T. ) ;
#985 = EDGE_CURVE ( 'NONE', #833, #5097, #4841, .T. ) ;
#986 = AXIS2_PLACEMENT_3D ( 'NONE', #3539, #4842, #3980 ) ;
#987 = CIRCLE ( 'NONE', #730, 0.3999999999999993006 ) ;
#988 = FACE_OUTER_BOUND ( 'NONE', #665, .T. ) ;
#989 = ORIENTED_EDGE ( 'NONE', *, *, #4817, .T. ) ;
#990 = CARTESIAN_POINT ( 'NONE',  ( -15.99999999999999645, 2.399999999999995914, 3.700000000000000178 ) ) ;
#991 = CARTESIAN_POINT ( 'NONE',  ( 1.616580753730948672, 2.600000000000000533, 18.79999999999999716 ) ) ;
#992 = CARTESIAN_POINT ( 'NONE',  ( 4.795706005997541155, 2.399999999999999467, -15.70640646055102962 ) ) ;
#993 = CARTESIAN_POINT ( 'NONE',  ( 13.45273392921767197, 5.599999999999994316, -14.93432120418185605 ) ) ;
#994 = EDGE_LOOP ( 'NONE', ( #4988, #3813, #540, #3418 ) ) ;
#995 = ORIENTED_EDGE ( 'NONE', *, *, #2909, .T. ) ;
#996 = CARTESIAN_POINT ( 'NONE',  ( -8.000000000000067502, 5.999999999999996447, -13.85640646055098379 ) ) ;
#997 = CYLINDRICAL_SURFACE ( 'NONE', #711, 1.699999999999993072 ) ;
#998 = CARTESIAN_POINT ( 'NONE',  ( -8.000000000000065725, 2.399999999999996358, -13.85640646055098379 ) ) ;
#999 = CARTESIAN_POINT ( 'NONE',  ( 20.10000000000000142, -5.640985127952394840E-16, 2.461540066286179870E-15 ) ) ;
#1000 = ORIENTED_EDGE ( 'NONE', *, *, #3899, .T. ) ;
#1001 = VECTOR ( 'NONE', #3709, 1000.000000000000000 ) ;
#1002 = CIRCLE ( 'NONE', #3854, 3.700000000000000178 ) ;
#1003 = CIRCLE ( 'NONE', #3692, 2.699999999999997513 ) ;
#1004 = DIRECTION ( 'NONE',  ( -1.445446984655908142E-16, 1.000000000000000000, -0.000000000000000000 ) ) ;
#1005 = FACE_OUTER_BOUND ( 'NONE', #1397, .T. ) ;
#1006 = FACE_OUTER_BOUND ( 'NONE', #1203, .T. ) ;
#1007 = SECURITY_CLASSIFICATION_LEVEL ( 'unclassified' ) ;
#1008 = VERTEX_POINT ( 'NONE', #3836 ) ;
#1009 = AXIS2_PLACEMENT_3D ( 'NONE', #1183, #5185, #1205 ) ;
#1010 = DIRECTION ( 'NONE',  ( 0.000000000000000000, -1.000000000000000000, 0.000000000000000000 ) ) ;
#1011 = VERTEX_POINT ( 'NONE', #5132 ) ;
#1012 = VECTOR ( 'NONE', #1418, 1000.000000000000000 ) ;
#1013 = ADVANCED_FACE ( 'NONE', ( #3905 ), #2620, .F. ) ;
#1014 = DIRECTION ( 'NONE',  ( -0.4999999999999980016, -7.227234923279512360E-17, 0.8660254037844397068 ) ) ;
#1015 = ORIENTED_EDGE ( 'NONE', *, *, #1043, .F. ) ;
#1016 = FACE_OUTER_BOUND ( 'NONE', #4726, .T. ) ;
#1017 = DIRECTION ( 'NONE',  ( -1.000000000000000000, 0.000000000000000000, 0.000000000000000000 ) ) ;
#1018 = ORIENTED_EDGE ( 'NONE', *, *, #1339, .F. ) ;
#1019 = EDGE_CURVE ( 'NONE', #2065, #1671, #4222, .T. ) ;
#1020 = ORIENTED_EDGE ( 'NONE', *, *, #4157, .F. ) ;
#1021 = CARTESIAN_POINT ( 'NONE',  ( -3.469072763174178259E-16, 2.399999999999997691, 0.000000000000000000 ) ) ;
#1022 = ORIENTED_EDGE ( 'NONE', *, *, #1051, .T. ) ;
#1023 = DIRECTION ( 'NONE',  ( -0.000000000000000000, -1.000000000000000000, -0.000000000000000000 ) ) ;
#1024 = CARTESIAN_POINT ( 'NONE',  ( 7.700000000000001066, 5.999999999999999112, 0.000000000000000000 ) ) ;
#1025 = ORIENTED_EDGE ( 'NONE', *, *, #4519, .T. ) ;
#1026 = ADVANCED_FACE ( 'NONE', ( #4654, #1813 ), #1836, .T. ) ;
#1027 = LINE ( 'NONE', #628, #1226 ) ;
#1028 = CARTESIAN_POINT ( 'NONE',  ( -10.62324495308908112, 2.599999999999998312, 8.000000000000047962 ) ) ;
#1029 = ORIENTED_EDGE ( 'NONE', *, *, #2974, .F. ) ;
#1030 = CARTESIAN_POINT ( 'NONE',  ( -1.616580753730955999, -2.336681775933185388E-16, 13.19999999999999929 ) ) ;
#1031 = VERTEX_POINT ( 'NONE', #4249 ) ;
#1032 = CARTESIAN_POINT ( 'NONE',  ( 1.616580753730955555, 2.600000000000000533, -13.19999999999999929 ) ) ;
#1033 = ORIENTED_EDGE ( 'NONE', *, *, #4158, .F. ) ;
#1034 = EDGE_CURVE ( 'NONE', #1066, #1348, #1462, .T. ) ;
#1035 = CARTESIAN_POINT ( 'NONE',  ( 1.338689302795758146E-15, 3.599999999999992095, 14.30000000000000782 ) ) ;
#1036 = DIRECTION ( 'NONE',  ( -0.000000000000000000, -1.000000000000000000, -0.000000000000000000 ) ) ;
#1037 = EDGE_CURVE ( 'NONE', #3452, #4924, #1865, .T. ) ;
#1038 = FACE_OUTER_BOUND ( 'NONE', #3773, .T. ) ;
#1039 = VERTEX_POINT ( 'NONE', #4675 ) ;
#1040 = CARTESIAN_POINT ( 'NONE',  ( 1.338689302795758146E-15, 3.599999999999992095, 16.00000000000000000 ) ) ;
#1041 = CARTESIAN_POINT ( 'NONE',  ( 12.23982570682011328, 2.600000000000001421, 5.199999999999889155 ) ) ;
#1042 = LINE ( 'NONE', #4245, #4494 ) ;
#1043 = EDGE_CURVE ( 'NONE', #4514, #2318, #1102, .T. ) ;
#1044 = ORIENTED_EDGE ( 'NONE', *, *, #5083, .F. ) ;
#1045 = ORIENTED_EDGE ( 'NONE', *, *, #962, .T. ) ;
#1046 = DIRECTION ( 'NONE',  ( 1.000000000000000000, 2.115516434118052532E-16, 0.000000000000000000 ) ) ;
#1048 = EDGE_CURVE ( 'NONE', #964, #826, #675, .T. ) ;
#1047 = CARTESIAN_POINT ( 'NONE',  ( -16.00000000000000000, 5.599999999999992539, 3.700000000000000178 ) ) ;
#1049 = LINE ( 'NONE', #2643, #4357 ) ;
#1050 = ADVANCED_FACE ( 'NONE', ( #1908 ), #1257, .F. ) ;
#1051 = EDGE_CURVE ( 'NONE', #2180, #4683, #3948, .T. ) ;
#1052 = CONICAL_SURFACE ( 'NONE', #1879, 3.700000000000000178, 0.7853981633974504994 ) ;
#1053 = AXIS2_PLACEMENT_3D ( 'NONE', #3343, #1773, #2481 ) ;
#1054 = CARTESIAN_POINT ( 'NONE',  ( -1.616580753730949116, -2.336681775933175527E-16, -18.79999999999999716 ) ) ;
#1055 = DIRECTION ( 'NONE',  ( -1.000000000000000000, -1.510331384556921065E-16, -8.881784197001252323E-16 ) ) ;
#1056 = PERSON_AND_ORGANIZATION_ROLE ( 'classification_officer' ) ;
#1057 = ORIENTED_EDGE ( 'NONE', *, *, #301, .F. ) ;
#1058 = AXIS2_PLACEMENT_3D ( 'NONE', #444, #3212, #521 ) ;
#1059 = AXIS2_PLACEMENT_3D ( 'NONE', #3730, #4950, #1338 ) ;
#1060 = ORIENTED_EDGE ( 'NONE', *, *, #1280, .F. ) ;
#1061 = VERTEX_POINT ( 'NONE', #4773 ) ;
#1062 = DIRECTION ( 'NONE',  ( 1.445446984655908142E-16, -1.000000000000000000, 0.000000000000000000 ) ) ;
#1063 = CONICAL_SURFACE ( 'NONE', #559, 3.700000000000000178, 0.7853981633974514986 ) ;
#1064 = DIRECTION ( 'NONE',  ( 1.445446984655907896E-16, -1.000000000000000000, -2.465190328815661892E-32 ) ) ;
#1065 = AXIS2_PLACEMENT_3D ( 'NONE', #3333, #2127, #3753 ) ;
#1066 = VERTEX_POINT ( 'NONE', #2747 ) ;
#1067 = FACE_OUTER_BOUND ( 'NONE', #3022, .T. ) ;
#1068 = AXIS2_PLACEMENT_3D ( 'NONE', #2648, #240, #4255 ) ;
#1069 = EDGE_LOOP ( 'NONE', ( #4182, #888, #3478, #5158 ) ) ;
#1070 = FACE_OUTER_BOUND ( 'NONE', #1222, .T. ) ;
#1071 = AXIS2_PLACEMENT_3D ( 'NONE', #1483, #2226, #2634 ) ;
#1072 = DIRECTION ( 'NONE',  ( 0.000000000000000000, 0.000000000000000000, -1.000000000000000000 ) ) ;
#1073 = CARTESIAN_POINT ( 'NONE',  ( -6.083609520091504130, 5.999999999999997335, -18.73712078220803434 ) ) ;
#1074 = VECTOR ( 'NONE', #3923, 1000.000000000000000 ) ;
#1075 = ORIENTED_EDGE ( 'NONE', *, *, #2334, .F. ) ;
#1076 = EDGE_CURVE ( 'NONE', #448, #3265, #1652, .T. ) ;
#1077 = FACE_OUTER_BOUND ( 'NONE', #3675, .T. ) ;
#1078 = LINE ( 'NONE', #2674, #1905 ) ;
#1079 = LINE ( 'NONE', #669, #2396 ) ;
#1080 = CARTESIAN_POINT ( 'NONE',  ( 1.513282482545320804E-15, 5.999999999999996447, 0.000000000000000000 ) ) ;
#1081 = EDGE_LOOP ( 'NONE', ( #2122, #4218, #1626, #347, #1025, #158, #4334 ) ) ;
#1082 = VECTOR ( 'NONE', #4456, 1000.000000000000114 ) ;
#1083 = VERTEX_POINT ( 'NONE', #451 ) ;
#1084 = AXIS2_PLACEMENT_3D ( 'NONE', #1133, #4330, #735 ) ;
#1085 = ORIENTED_EDGE ( 'NONE', *, *, #597, .T. ) ;
#1086 = AXIS2_PLACEMENT_3D ( 'NONE', #2292, #3492, #5114 ) ;
#1087 = VERTEX_POINT ( 'NONE', #3130 ) ;
#1088 = EDGE_CURVE ( 'NONE', #770, #3619, #1965, .T. ) ;
#1089 = FACE_OUTER_BOUND ( 'NONE', #4819, .T. ) ;
#1090 = CIRCLE ( 'NONE', #3270, 20.10000000000000142 ) ;
#1091 = CONICAL_SURFACE ( 'NONE', #95, 0.4000000000000080158, 0.7853981633974499443 ) ;
#1092 = VERTEX_POINT ( 'NONE', #3216 ) ;
#1093 = EDGE_CURVE ( 'NONE', #3557, #4042, #4865, .T. ) ;
#1094 = ORIENTED_EDGE ( 'NONE', *, *, #2370, .F. ) ;
#1095 = VECTOR ( 'NONE', #3552, 1000.000000000000114 ) ;
#1096 = FACE_OUTER_BOUND ( 'NONE', #1486, .T. ) ;
#1097 = FACE_OUTER_BOUND ( 'NONE', #5176, .T. ) ;
#1098 = ORIENTED_EDGE ( 'NONE', *, *, #1367, .F. ) ;
#1099 = ORIENTED_EDGE ( 'NONE', *, *, #2588, .T. ) ;
#1100 = AXIS2_PLACEMENT_3D ( 'NONE', #4034, #452, #3556 ) ;
#1101 = ADVANCED_FACE ( 'NONE', ( #2777 ), #4381, .T. ) ;
#1102 = LINE ( 'NONE', #2667, #3829 ) ;
#1103 = DIRECTION ( 'NONE',  ( 1.000000000000000000, 1.445446984655908389E-16, 0.000000000000000000 ) ) ;
#1104 = CC_DESIGN_PERSON_AND_ORGANIZATION_ASSIGNMENT ( #66, #1668, ( #1805 ) ) ;
#1105 = VECTOR ( 'NONE', #2116, 1000.000000000000000 ) ;
#1106 = ORIENTED_EDGE ( 'NONE', *, *, #1599, .F. ) ;
#1107 = EDGE_CURVE ( 'NONE', #2549, #4933, #4322, .T. ) ;
#1108 = FACE_OUTER_BOUND ( 'NONE', #1167, .T. ) ;
#1109 = ORIENTED_EDGE ( 'NONE', *, *, #1367, .T. ) ;
#1110 = DIRECTION ( 'NONE',  ( 0.000000000000000000, 1.000000000000000000, 0.000000000000000000 ) ) ;
#1111 = ORIENTED_EDGE ( 'NONE', *, *, #4546, .F. ) ;
#1112 = EDGE_CURVE ( 'NONE', #2543, #152, #4836, .T. ) ;
#1113 = DIRECTION ( 'NONE',  ( 1.445446984655908142E-16, -1.000000000000000000, -0.000000000000000000 ) ) ;
#1114 = CARTESIAN_POINT ( 'NONE',  ( -4.795706005997649513, -12.43504200973873708, -15.70640646055099943 ) ) ;
#1115 = EDGE_CURVE ( 'NONE', #1907, #2180, #4324, .T. ) ;
#1116 = VERTEX_POINT ( 'NONE', #357 ) ;
#1117 = ADVANCED_FACE ( 'NONE', ( #781 ), #810, .T. ) ;
#1118 = ORIENTED_EDGE ( 'NONE', *, *, #2119, .T. ) ;
#1119 = DIRECTION ( 'NONE',  ( -1.445446984655908142E-16, 1.000000000000000000, 0.000000000000000000 ) ) ;
#1120 = CARTESIAN_POINT ( 'NONE',  ( -15.47298721428198931, -2.236538271250332472E-15, -10.79999999999996518 ) ) ;
#1121 = CARTESIAN_POINT ( 'NONE',  ( -15.99999999999999645, 2.399999999999995914, -3.700000000000000178 ) ) ;
#1122 = CARTESIAN_POINT ( 'NONE',  ( -16.00000000000000000, 5.599999999999992539, -3.700000000000000178 ) ) ;
#1123 = ORIENTED_EDGE ( 'NONE', *, *, #4321, .T. ) ;
#1124 = CARTESIAN_POINT ( 'NONE',  ( -13.45273392921756539, 5.599999999999990763, 14.93432120418194486 ) ) ;
#1125 = LINE ( 'NONE', #4274, #588 ) ;
#1126 = VERTEX_POINT ( 'NONE', #3585 ) ;
#1127 = DIRECTION ( 'NONE',  ( -0.000000000000000000, 1.000000000000000000, -0.000000000000000000 ) ) ;
#1128 = DIRECTION ( 'NONE',  ( -1.445446984655908142E-16, 1.000000000000000000, -0.000000000000000000 ) ) ;
#1129 = CARTESIAN_POINT ( 'NONE',  ( -1.759667099047045165E-15, 2.600000000000000089, -13.29999999999999893 ) ) ;
#1130 = DIRECTION ( 'NONE',  ( 0.8660254037844432595, 1.251793808535638762E-16, 0.4999999999999919509 ) ) ;
#1131 = SECURITY_CLASSIFICATION ( '', '', #1007 ) ;
#1132 = VERTEX_POINT ( 'NONE', #56 ) ;
#1133 = CARTESIAN_POINT ( 'NONE',  ( -12.23982570682001736, 2.599999999999998312, 10.80000000000005578 ) ) ;
#1134 = DIRECTION ( 'NONE',  ( 1.445446984655908142E-16, -1.000000000000000000, -0.000000000000000000 ) ) ;
#1135 = ORIENTED_EDGE ( 'NONE', *, *, #5083, .T. ) ;
#1136 = VECTOR ( 'NONE', #2741, 1000.000000000000000 ) ;
#1137 = DIRECTION ( 'NONE',  ( -1.445446984655908142E-16, 1.000000000000000000, -2.311115933264631707E-33 ) ) ;
#1138 = LINE ( 'NONE', #740, #1186 ) ;
#1139 = CIRCLE ( 'NONE', #297, 2.250000000000001776 ) ;
#1140 = ORIENTED_EDGE ( 'NONE', *, *, #1458, .F. ) ;
#1141 = ORIENTED_EDGE ( 'NONE', *, *, #4210, .F. ) ;
#1142 = AXIS2_PLACEMENT_3D ( 'NONE', #4552, #2108, #2837 ) ;
#1143 = EDGE_CURVE ( 'NONE', #4434, #2283, #2572, .T. ) ;
#1144 = AXIS2_PLACEMENT_3D ( 'NONE', #4352, #3250, #727 ) ;
#1145 = DIRECTION ( 'NONE',  ( -1.000000000000000000, -1.445446984655908142E-16, 0.000000000000000000 ) ) ;
#1146 = EDGE_CURVE ( 'NONE', #1907, #766, #332, .T. ) ;
#1147 = CYLINDRICAL_SURFACE ( 'NONE', #178, 3.700000000000000178 ) ;
#1148 = CARTESIAN_POINT ( 'NONE',  ( -1.625704155516102922, 5.999999999999997335, 5.384197804570178825 ) ) ;
#1149 = DIRECTION ( 'NONE',  ( -1.000000000000000000, -1.445446984655908142E-16, 0.000000000000000000 ) ) ;
#1150 = VERTEX_POINT ( 'NONE', #1939 ) ;
#1151 = ORGANIZATION ( 'UNSPECIFIED', 'UNSPECIFIED', '' ) ;
#1152 = EDGE_CURVE ( 'NONE', #4229, #4745, #3536, .T. ) ;
#1153 = VECTOR ( 'NONE', #2216, 1000.000000000000000 ) ;
#1154 = CARTESIAN_POINT ( 'NONE',  ( -2.090321734816830538E-15, 2.600000000000000089, -17.69999999999999218 ) ) ;
#1155 = CARTESIAN_POINT ( 'NONE',  ( -12.23982570682009197, 2.599999999999998312, -10.79999999999997584 ) ) ;
#1156 = VERTEX_POINT ( 'NONE', #3555 ) ;
#1157 = CARTESIAN_POINT ( 'NONE',  ( 11.20429399400256543, 2.399999999999999467, 12.00640646055088823 ) ) ;
#1158 = DIRECTION ( 'NONE',  ( 1.445446984655908142E-16, -1.000000000000000000, 0.000000000000000000 ) ) ;
#1159 = LINE ( 'NONE', #3222, #1746 ) ;
#1160 = CARTESIAN_POINT ( 'NONE',  ( 8.099999999999999645, 16.46930464146743134, 9.919639073093559228E-16 ) ) ;
#1161 = VERTEX_POINT ( 'NONE', #1568 ) ;
#1163 = PLANE ( 'NONE',  #1256 ) ;
#1162 = CONICAL_SURFACE ( 'NONE', #3000, 0.4000000000000062395, 0.7853981633974496113 ) ;
#1164 = AXIS2_PLACEMENT_3D ( 'NONE', #113, #1710, #280 ) ;
#1165 = VECTOR ( 'NONE', #3118, 1000.000000000000000 ) ;
#1166 = DIRECTION ( 'NONE',  ( -0.000000000000000000, 1.000000000000000000, -0.000000000000000000 ) ) ;
#1167 = EDGE_LOOP ( 'NONE', ( #4379, #4370, #4429, #1029 ) ) ;
#1168 = AXIS2_PLACEMENT_3D ( 'NONE', #1871, #2703, #2220 ) ;
#1169 = EDGE_LOOP ( 'NONE', ( #2193, #3658, #4230, #2313 ) ) ;
#1170 = CARTESIAN_POINT ( 'NONE',  ( -4.795706005997433685, 5.599999999999990763, 15.70640646055106160 ) ) ;
#1171 = VERTEX_POINT ( 'NONE', #3156 ) ;
#1172 = VECTOR ( 'NONE', #3201, 1000.000000000000000 ) ;
#1173 = DIRECTION ( 'NONE',  ( -0.000000000000000000, -1.000000000000000000, -0.000000000000000000 ) ) ;
#1174 = EDGE_CURVE ( 'NONE', #965, #4751, #2415, .T. ) ;
#1175 = VECTOR ( 'NONE', #2032, 1000.000000000000000 ) ;
#1176 = FACE_OUTER_BOUND ( 'NONE', #3908, .T. ) ;
#1177 = CIRCLE ( 'NONE', #2854, 0.4000000000000001887 ) ;
#1178 = DIRECTION ( 'NONE',  ( 1.445446984655908142E-16, -1.000000000000000000, 0.000000000000000000 ) ) ;
#1179 = VERTEX_POINT ( 'NONE', #3975 ) ;
#1180 = ORIENTED_EDGE ( 'NONE', *, *, #4226, .T. ) ;
#1181 = ADVANCED_FACE ( 'NONE', ( #386 ), #1601, .F. ) ;
#1182 = DIRECTION ( 'NONE',  ( -0.6123724356957938042, -0.7071067811865486830, -0.3535533905932727872 ) ) ;
#1183 = CARTESIAN_POINT ( 'NONE',  ( 7.999999999999970690, 2.399999999999999467, -13.85640646055103886 ) ) ;
#1184 = EDGE_CURVE ( 'NONE', #1579, #4341, #2907, .T. ) ;
#1185 = EDGE_CURVE ( 'NONE', #741, #2549, #3672, .T. ) ;
#1186 = VECTOR ( 'NONE', #346, 1000.000000000000114 ) ;
#1187 = CARTESIAN_POINT ( 'NONE',  ( 8.000000000000161648, 2.399999999999998579, 16.10640646055092873 ) ) ;
#1188 = CARTESIAN_POINT ( 'NONE',  ( 3.233161507461908446, 4.673363551866365845E-16, -16.00000000000000000 ) ) ;
#1189 = CARTESIAN_POINT ( 'NONE',  ( 12.83860766961021405, 5.599999999999994316, 14.83712078220790609 ) ) ;
#1190 = VERTEX_POINT ( 'NONE', #3726 ) ;
#1191 = ORIENTED_EDGE ( 'NONE', *, *, #1698, .F. ) ;
#1192 = ORIENTED_EDGE ( 'NONE', *, *, #2911, .T. ) ;
#1193 = CARTESIAN_POINT ( 'NONE',  ( -8.000000000000065725, 2.399999999999996358, -11.60640646055098379 ) ) ;
#1194 = CARTESIAN_POINT ( 'NONE',  ( -3.758162160105360972E-16, 2.600000000000000089, 0.000000000000000000 ) ) ;
#1195 = FACE_OUTER_BOUND ( 'NONE', #2181, .T. ) ;
#1196 = ORIENTED_EDGE ( 'NONE', *, *, #2729, .F. ) ;
#1197 = EDGE_CURVE ( 'NONE', #3824, #2463, #4056, .T. ) ;
#1198 = CARTESIAN_POINT ( 'NONE',  ( -16.00000000000000000, 2.399999999999995026, -2.250000000000000444 ) ) ;
#1199 = LINE ( 'NONE', #325, #4449 ) ;
#1200 = DIRECTION ( 'NONE',  ( 0.8660254037844328234, 1.251793808535623478E-16, -0.5000000000000101030 ) ) ;
#1201 = DIRECTION ( 'NONE',  ( -1.445446984655908142E-16, 1.000000000000000000, -0.000000000000000000 ) ) ;
#1202 = ORIENTED_EDGE ( 'NONE', *, *, #1732, .T. ) ;
#1203 = EDGE_LOOP ( 'NONE', ( #989, #3574, #2251, #797 ) ) ;
#1204 = DIRECTION ( 'NONE',  ( -1.445446984655908142E-16, 1.000000000000000000, -0.000000000000000000 ) ) ;
#1205 = DIRECTION ( 'NONE',  ( -1.000000000000000000, -1.172110456741085828E-16, 0.000000000000000000 ) ) ;
#1206 = ADVANCED_FACE ( 'NONE', ( #1330 ), #906, .T. ) ;
#1207 = DIRECTION ( 'NONE',  ( 0.000000000000000000, 0.000000000000000000, 1.000000000000000000 ) ) ;
#1208 = FACE_OUTER_BOUND ( 'NONE', #4350, .T. ) ;
#1209 = EDGE_CURVE ( 'NONE', #1638, #2719, #925, .T. ) ;
#1210 = DIRECTION ( 'NONE',  ( -1.000000000000000000, -1.445446984655908142E-16, 0.000000000000000000 ) ) ;
#1211 = ADVANCED_FACE ( 'NONE', ( #80 ), #1063, .F. ) ;
#1212 = LINE ( 'NONE', #362, #232 ) ;
#1213 = CARTESIAN_POINT ( 'NONE',  ( 12.23982570681993920, 1.769201916063675082E-15, -10.80000000000013927 ) ) ;
#1214 = ADVANCED_FACE ( 'NONE', ( #897 ), #1898, .F. ) ;
#1215 = ORIENTED_EDGE ( 'NONE', *, *, #2280, .T. ) ;
#1216 = CARTESIAN_POINT ( 'NONE',  ( 13.85640646055109215, 3.600000000000000977, 6.299999999999876366 ) ) ;
#1217 = ORIENTED_EDGE ( 'NONE', *, *, #3122, .T. ) ;
#1218 = FACE_OUTER_BOUND ( 'NONE', #2584, .T. ) ;
#1219 = CARTESIAN_POINT ( 'NONE',  ( 8.000000000000161648, 2.399999999999998579, 11.60640646055092517 ) ) ;
#1220 = EDGE_LOOP ( 'NONE', ( #2927, #4758, #3606, #821 ) ) ;
#1221 = AXIS2_PLACEMENT_3D ( 'NONE', #1335, #87, #2527 ) ;
#1222 = EDGE_LOOP ( 'NONE', ( #1503, #3132, #1509 ) ) ;
#1223 = FACE_OUTER_BOUND ( 'NONE', #635, .T. ) ;
#1224 = DIRECTION ( 'NONE',  ( 1.445446984655908142E-16, -1.000000000000000000, 0.000000000000000000 ) ) ;
#1225 = VERTEX_POINT ( 'NONE', #133 ) ;
#1226 = VECTOR ( 'NONE', #5035, 1000.000000000000000 ) ;
#1227 = CARTESIAN_POINT ( 'NONE',  ( -1.616580753730950226, 2.599999999999999645, -13.19999999999999929 ) ) ;
#1228 = CARTESIAN_POINT ( 'NONE',  ( 19.26862735121524040, 2.400000000000001688, 3.700000000000000178 ) ) ;
#1229 = DIRECTION ( 'NONE',  ( 1.000000000000000000, 1.445446984655907896E-16, -1.154631945610162802E-14 ) ) ;
#1230 = VERTEX_POINT ( 'NONE', #1734 ) ;
#1231 = ORIENTED_EDGE ( 'NONE', *, *, #1369, .T. ) ;
#1232 = DIRECTION ( 'NONE',  ( -0.000000000000000000, -1.000000000000000000, -0.000000000000000000 ) ) ;
#1233 = DIRECTION ( 'NONE',  ( 0.5000000000000038858, 7.227234923279597410E-17, 0.8660254037844363761 ) ) ;
#1234 = CARTESIAN_POINT ( 'NONE',  ( -13.85640646055098379, 6.000000000000001776, 9.700000000000068567 ) ) ;
#1235 = AXIS2_PLACEMENT_3D ( 'NONE', #3847, #2653, #272 ) ;
#1236 = CARTESIAN_POINT ( 'NONE',  ( 1.338689302795758146E-15, 2.600000000000000089, 16.00000000000000000 ) ) ;
#1237 = LINE ( 'NONE', #4360, #3248 ) ;
#1238 = LINE ( 'NONE', #2840, #2763 ) ;
#1239 = ORIENTED_EDGE ( 'NONE', *, *, #106, .F. ) ;
#1240 = AXIS2_PLACEMENT_3D ( 'NONE', #5137, #2699, #1521 ) ;
#1241 = VECTOR ( 'NONE', #3852, 1000.000000000000114 ) ;
#1242 = EDGE_CURVE ( 'NONE', #2349, #1994, #4891, .T. ) ;
#1243 = DIRECTION ( 'NONE',  ( -1.000000000000000000, 0.000000000000000000, 0.000000000000000000 ) ) ;
#1244 = ORIENTED_EDGE ( 'NONE', *, *, #1037, .F. ) ;
#1245 = AXIS2_PLACEMENT_3D ( 'NONE', #4670, #5100, #4267 ) ;
#1246 = DIRECTION ( 'NONE',  ( -0.000000000000000000, 1.000000000000000000, -0.000000000000000000 ) ) ;
#1247 = ORIENTED_EDGE ( 'NONE', *, *, #1115, .T. ) ;
#1248 = EDGE_CURVE ( 'NONE', #1994, #1617, #5047, .T. ) ;
#1249 = CARTESIAN_POINT ( 'NONE',  ( -15.99999999999999645, -10.75174404457250432, 3.700000000000000178 ) ) ;
#1250 = ORIENTED_EDGE ( 'NONE', *, *, #554, .F. ) ;
#1251 = AXIS2_PLACEMENT_3D ( 'NONE', #4426, #4021, #831 ) ;
#1252 = EDGE_CURVE ( 'NONE', #2719, #4085, #4941, .T. ) ;
#1253 = LINE ( 'NONE', #3244, #2564 ) ;
#1254 = DIRECTION ( 'NONE',  ( 0.000000000000000000, 0.000000000000000000, -1.000000000000000000 ) ) ;
#1255 = ORIENTED_EDGE ( 'NONE', *, *, #3060, .F. ) ;
#1256 = AXIS2_PLACEMENT_3D ( 'NONE', #4302, #4392, #3112 ) ;
#1257 = CYLINDRICAL_SURFACE ( 'NONE', #1989, 3.700000000000000178 ) ;
#1258 = FACE_OUTER_BOUND ( 'NONE', #3351, .T. ) ;
#1259 = AXIS2_PLACEMENT_3D ( 'NONE', #4173, #170, #578 ) ;
#1260 = ORIENTED_EDGE ( 'NONE', *, *, #3844, .F. ) ;
#1261 = PLANE ( 'NONE',  #4571 ) ;
#1262 = LOCAL_TIME ( 21, 26, 45.00000000000000000, #187 ) ;
#1263 = EDGE_CURVE ( 'NONE', #1132, #1855, #2851, .T. ) ;
#1264 = EDGE_CURVE ( 'NONE', #1179, #3944, #2432, .T. ) ;
#1265 = DIRECTION ( 'NONE',  ( 0.000000000000000000, 0.000000000000000000, 1.000000000000000000 ) ) ;
#1266 = VECTOR ( 'NONE', #1004, 1000.000000000000000 ) ;
#1267 = EDGE_LOOP ( 'NONE', ( #3797, #1191, #3215, #5072 ) ) ;
#1268 = CARTESIAN_POINT ( 'NONE',  ( 12.23982570681993920, 1.769201916063675082E-15, -10.80000000000013927 ) ) ;
#1269 = EDGE_CURVE ( 'NONE', #22, #737, #1002, .T. ) ;
#1270 = CONICAL_SURFACE ( 'NONE', #761, 19.69999999999999574, 0.7853981633974482790 ) ;
#1271 = CYLINDRICAL_SURFACE ( 'NONE', #942, 2.250000000000001776 ) ;
#1272 = DIRECTION ( 'NONE',  ( 0.000000000000000000, 0.000000000000000000, -1.000000000000000000 ) ) ;
#1273 = ORIENTED_EDGE ( 'NONE', *, *, #3061, .T. ) ;
#1274 = ORIENTED_EDGE ( 'NONE', *, *, #3670, .T. ) ;
#1275 = DIRECTION ( 'NONE',  ( -1.445446984655908142E-16, 1.000000000000000000, -0.000000000000000000 ) ) ;
#1276 = EDGE_LOOP ( 'NONE', ( #1676, #2412, #1781, #2905 ) ) ;
#1277 = PRODUCT_DEFINITION_SHAPE ( 'NONE', 'NONE',  #1805 ) ;
#1278 = ADVANCED_FACE ( 'NONE', ( #3700, #543 ), #4972, .T. ) ;
#1279 = EDGE_CURVE ( 'NONE', #715, #3256, #3277, .T. ) ;
#1280 = EDGE_CURVE ( 'NONE', #2376, #587, #1645, .T. ) ;
#1281 = CARTESIAN_POINT ( 'NONE',  ( -13.85640646055098379, 3.599999999999983213, 6.300000000000073541 ) ) ;
#1282 = ORIENTED_EDGE ( 'NONE', *, *, #2278, .F. ) ;
#1283 = CARTESIAN_POINT ( 'NONE',  ( -13.85640646055104064, 3.599999999999990319, -7.999999999999967137 ) ) ;
#1284 = CARTESIAN_POINT ( 'NONE',  ( -1.625704155516222604, 5.999999999999997335, -5.384197804570075796 ) ) ;
#1285 = ORIENTED_EDGE ( 'NONE', *, *, #3342, .F. ) ;
#1286 = PLANE ( 'NONE',  #4661 ) ;
#1287 = DIRECTION ( 'NONE',  ( 1.445446984655908142E-16, -1.000000000000000000, 0.000000000000000000 ) ) ;
#1288 = CARTESIAN_POINT ( 'NONE',  ( 7.999999999999968914, -7.806255641895631925E-15, -13.85640646055103886 ) ) ;
#1289 = ORIENTED_EDGE ( 'NONE', *, *, #3664, .F. ) ;
#1290 = CARTESIAN_POINT ( 'NONE',  ( 20.10000000000000142, 16.46930464146743489, 2.461540066286179870E-15 ) ) ;
#1291 = CARTESIAN_POINT ( 'NONE',  ( 8.000000000000161648, 5.599999999999995204, 13.85640646055092517 ) ) ;
#1292 = DIRECTION ( 'NONE',  ( 1.000000000000000000, 1.445446984655908142E-16, -4.607425552194398854E-15 ) ) ;
#1293 = LINE ( 'NONE', #146, #4451 ) ;
#1294 = DIRECTION ( 'NONE',  ( -0.000000000000000000, 1.000000000000000000, -0.000000000000000000 ) ) ;
#1295 = CARTESIAN_POINT ( 'NONE',  ( 11.55070415551617913, 6.000000000000000000, -11.80640646055104348 ) ) ;
#1296 = ORIENTED_EDGE ( 'NONE', *, *, #1949, .T. ) ;
#1297 = DIRECTION ( 'NONE',  ( -1.000000000000000000, -1.510331384556921065E-16, 8.881784197001252323E-16 ) ) ;
#1298 = ORIENTED_EDGE ( 'NONE', *, *, #1595, .T. ) ;
#1299 = EDGE_LOOP ( 'NONE', ( #2710, #1282, #1741, #1725 ) ) ;
#1300 = CONICAL_SURFACE ( 'NONE', #136, 7.699999999999999289, 0.7853981633974492782 ) ;
#1301 = DIRECTION ( 'NONE',  ( 0.000000000000000000, 0.000000000000000000, 1.000000000000000000 ) ) ;
#1302 = ADVANCED_FACE ( 'NONE', ( #3660 ), #4354, .T. ) ;
#1303 = AXIS2_PLACEMENT_3D ( 'NONE', #4803, #4766, #2467 ) ;
#1304 = LINE ( 'NONE', #4432, #668 ) ;
#1305 = ORIENTED_EDGE ( 'NONE', *, *, #3330, .T. ) ;
#1306 = EDGE_CURVE ( 'NONE', #2067, #3650, #25, .T. ) ;
#1307 = AXIS2_PLACEMENT_3D ( 'NONE', #3462, #4589, #2980 ) ;
#1308 = ADVANCED_FACE ( 'NONE', ( #2465 ), #3591, .F. ) ;
#1309 = CARTESIAN_POINT ( 'NONE',  ( 8.000000000000161648, 5.599999999999995204, 13.85640646055092517 ) ) ;
#1310 = EDGE_LOOP ( 'NONE', ( #4740, #3860, #296, #3869 ) ) ;
#1311 = ORIENTED_EDGE ( 'NONE', *, *, #4356, .T. ) ;
#1312 = CARTESIAN_POINT ( 'NONE',  ( -17.08956796801293621, -2.470206448843649631E-15, -7.999999999999961808 ) ) ;
#1313 = VECTOR ( 'NONE', #1232, 1000.000000000000000 ) ;
#1314 = LINE ( 'NONE', #4516, #1551 ) ;
#1315 = CARTESIAN_POINT ( 'NONE',  ( -12.83860766961011279, 2.399999999999995470, -14.83712078220799491 ) ) ;
#1316 = ORIENTED_EDGE ( 'NONE', *, *, #217, .F. ) ;
#1317 = CIRCLE ( 'NONE', #4586, 1.699999999999993072 ) ;
#1318 = FACE_OUTER_BOUND ( 'NONE', #2342, .T. ) ;
#1320 = VECTOR ( 'NONE', #2808, 1000.000000000000000 ) ;
#1319 = DIRECTION ( 'NONE',  ( 1.445446984655908142E-16, -1.000000000000000000, -0.000000000000000000 ) ) ;
#1321 = ORIENTED_EDGE ( 'NONE', *, *, #901, .F. ) ;
#1322 = ORIENTED_EDGE ( 'NONE', *, *, #2083, .F. ) ;
#1323 = CIRCLE ( 'NONE', #4257, 3.700000000000000178 ) ;
#1324 = ORIENTED_EDGE ( 'NONE', *, *, #2211, .T. ) ;
#1325 = AXIS2_PLACEMENT_3D ( 'NONE', #3985, #3597, #403 ) ;
#1326 = ADVANCED_FACE ( 'NONE', ( #4048 ), #4857, .T. ) ;
#1327 = CARTESIAN_POINT ( 'NONE',  ( -13.45273392921756717, 5.599999999999990763, 14.93432120418194664 ) ) ;
#1328 = ORIENTED_EDGE ( 'NONE', *, *, #511, .T. ) ;
#1329 = DIRECTION ( 'NONE',  ( 0.000000000000000000, 0.000000000000000000, -1.000000000000000000 ) ) ;
#1330 = FACE_OUTER_BOUND ( 'NONE', #3832, .T. ) ;
#1331 = AXIS2_PLACEMENT_3D ( 'NONE', #4205, #97, #4573 ) ;
#1332 = ORIENTED_EDGE ( 'NONE', *, *, #2974, .T. ) ;
#1333 = ORIENTED_EDGE ( 'NONE', *, *, #2682, .F. ) ;
#1334 = AXIS2_PLACEMENT_3D ( 'NONE', #3715, #3315, #4925 ) ;
#1335 = CARTESIAN_POINT ( 'NONE',  ( -7.999999999999873879, 5.999999999999996447, 13.85640646055109215 ) ) ;
#1336 = PLANE ( 'NONE',  #1827 ) ;
#1337 = VECTOR ( 'NONE', #1716, 1000.000000000000000 ) ;
#1339 = EDGE_CURVE ( 'NONE', #1161, #1579, #1584, .T. ) ;
#1338 = DIRECTION ( 'NONE',  ( 1.000000000000000000, 2.115516434118052532E-16, 0.000000000000000000 ) ) ;
#1340 = LINE ( 'NONE', #2888, #2347 ) ;
#1341 = EDGE_CURVE ( 'NONE', #3891, #4975, #2043, .T. ) ;
#1342 = VERTEX_POINT ( 'NONE', #1619 ) ;
#1343 = LINE ( 'NONE', #1290, #1001 ) ;
#1344 = AXIS2_PLACEMENT_3D ( 'NONE', #3630, #1554, #959 ) ;
#1345 = LINE ( 'NONE', #3042, #1465 ) ;
#1346 = CYLINDRICAL_SURFACE ( 'NONE', #244, 0.4000000000000010214 ) ;
#1347 = CARTESIAN_POINT ( 'NONE',  ( 7.999999999999968914, 5.999999999999999112, -9.756406460551033888 ) ) ;
#1348 = VERTEX_POINT ( 'NONE', #1198 ) ;
#1349 = CARTESIAN_POINT ( 'NONE',  ( 6.207134586489175376, 2.399999999999998579, -19.11756993514631375 ) ) ;
#1350 = AXIS2_PLACEMENT_3D ( 'NONE', #4327, #1543, #3135 ) ;
#1351 = VERTEX_POINT ( 'NONE', #349 ) ;
#1352 = EDGE_LOOP ( 'NONE', ( #2774, #1963, #4493, #4662 ) ) ;
#1353 = CIRCLE ( 'NONE', #4284, 3.700000000000000178 ) ;
#1354 = DIRECTION ( 'NONE',  ( -0.000000000000000000, -1.000000000000000000, -0.000000000000000000 ) ) ;
#1355 = EDGE_LOOP ( 'NONE', ( #4393, #5134, #771, #1556 ) ) ;
#1356 = DIRECTION ( 'NONE',  ( 0.2183635302409918100, 0.7071067811865492381, -0.6725454398482595408 ) ) ;
#1357 = DIRECTION ( 'NONE',  ( -0.4999999999999919509, -7.227234923279424846E-17, 0.8660254037844432595 ) ) ;
#1358 = DIRECTION ( 'NONE',  ( -0.8660254037844448138, -1.251793808535640981E-16, -0.4999999999999895084 ) ) ;
#1359 = DIRECTION ( 'NONE',  ( -1.445446984655908142E-16, 1.000000000000000000, -0.000000000000000000 ) ) ;
#1360 = DATE_AND_TIME ( #3365, #2141 ) ;
#1361 = VERTEX_POINT ( 'NONE', #2873 ) ;
#1362 = EDGE_LOOP ( 'NONE', ( #547, #1239, #779, #3208 ) ) ;
#1363 = CARTESIAN_POINT ( 'NONE',  ( -1.616580753730950226, 2.599999999999999645, -13.19999999999999929 ) ) ;
#1364 = DIRECTION ( 'NONE',  ( -1.000000000000000000, -1.445446984655907896E-16, 0.000000000000000000 ) ) ;
#1365 = DIRECTION ( 'NONE',  ( 0.6123724356957899184, 0.7071067811865476838, -0.3535533905932815579 ) ) ;
#1366 = ORIENTED_EDGE ( 'NONE', *, *, #4707, .F. ) ;
#1367 = EDGE_CURVE ( 'NONE', #3380, #304, #3239, .T. ) ;
#1368 = EDGE_CURVE ( 'NONE', #3202, #4734, #3943, .T. ) ;
#1369 = EDGE_CURVE ( 'NONE', #1726, #770, #3549, .T. ) ;
#1370 = CARTESIAN_POINT ( 'NONE',  ( 19.66862735121524608, 5.599999999999995204, 4.100000000000000533 ) ) ;
#1371 = FACE_OUTER_BOUND ( 'NONE', #3702, .T. ) ;
#1372 = CALENDAR_DATE ( 2026, 26, 2 ) ;
#1373 = VERTEX_POINT ( 'NONE', #1557 ) ;
#1374 = DIRECTION ( 'NONE',  ( 0.4999999999999894529, 7.227234923279389101E-17, -0.8660254037844447028 ) ) ;
#1375 = ORIENTED_EDGE ( 'NONE', *, *, #567, .T. ) ;
#1376 = VERTEX_POINT ( 'NONE', #798 ) ;
#1377 = CARTESIAN_POINT ( 'NONE',  ( 15.47298721428206569, 2.236538271250343122E-15, 10.79999999999985860 ) ) ;
#1378 = ORIENTED_EDGE ( 'NONE', *, *, #645, .F. ) ;
#1379 = CARTESIAN_POINT ( 'NONE',  ( -6.207134586489040373, 5.599999999999990763, 19.11756993514634573 ) ) ;
#1380 = LINE ( 'NONE', #2983, #3745 ) ;
#1381 = CARTESIAN_POINT ( 'NONE',  ( -12.23982570682001736, 2.599999999999998312, 10.80000000000005578 ) ) ;
#1382 = ORIENTED_EDGE ( 'NONE', *, *, #4158, .T. ) ;
#1383 = ORIENTED_EDGE ( 'NONE', *, *, #5172, .T. ) ;
#1384 = FACE_OUTER_BOUND ( 'NONE', #4454, .T. ) ;
#1385 = AXIS2_PLACEMENT_3D ( 'NONE', #1623, #3532, #1992 ) ;
#1386 = VECTOR ( 'NONE', #4562, 1000.000000000000000 ) ;
#1387 = DIRECTION ( 'NONE',  ( -0.000000000000000000, 1.000000000000000000, -0.000000000000000000 ) ) ;
#1388 = LINE ( 'NONE', #506, #509 ) ;
#1389 = ORIENTED_EDGE ( 'NONE', *, *, #4119, .F. ) ;
#1390 = CARTESIAN_POINT ( 'NONE',  ( 19.26862735121523329, 6.000000000000000888, -4.099999999999998757 ) ) ;
#1391 = CARTESIAN_POINT ( 'NONE',  ( -16.00000000000000000, 2.399999999999995026, 0.000000000000000000 ) ) ;
#1392 = PERSON_AND_ORGANIZATION ( #2135, #1151 ) ;
#1393 = ADVANCED_FACE ( 'NONE', ( #2015 ), #4825, .F. ) ;
#1394 = ORIENTED_EDGE ( 'NONE', *, *, #4847, .T. ) ;
#1395 = VECTOR ( 'NONE', #2295, 1000.000000000000000 ) ;
#1396 = LINE ( 'NONE', #3090, #2922 ) ;
#1397 = EDGE_LOOP ( 'NONE', ( #5123, #2601, #4570, #2168 ) ) ;
#1398 = ORIENTED_EDGE ( 'NONE', *, *, #1635, .T. ) ;
#1399 = VECTOR ( 'NONE', #3199, 1000.000000000000000 ) ;
#1400 = CONICAL_SURFACE ( 'NONE', #2582, 0.4000000000000080158, 0.7853981633974492782 ) ;
#1401 = EDGE_CURVE ( 'NONE', #1707, #142, #2377, .T. ) ;
#1402 = DIRECTION ( 'NONE',  ( 1.000000000000000000, 0.000000000000000000, 0.000000000000000000 ) ) ;
#1403 = ORIENTED_EDGE ( 'NONE', *, *, #2239, .T. ) ;
#1404 = DIRECTION ( 'NONE',  ( -0.4999999999999980016, -7.227234923279512360E-17, 0.8660254037844397068 ) ) ;
#1405 = CIRCLE ( 'NONE', #2836, 0.3999999999999993006 ) ;
#1406 = FACE_OUTER_BOUND ( 'NONE', #2942, .T. ) ;
#1407 = CYLINDRICAL_SURFACE ( 'NONE', #4318, 0.3999999999999993006 ) ;
#1408 = ORIENTED_EDGE ( 'NONE', *, *, #2052, .T. ) ;
#1409 = ORIENTED_EDGE ( 'NONE', *, *, #3431, .F. ) ;
#1410 = ORIENTED_EDGE ( 'NONE', *, *, #961, .T. ) ;
#1411 = CARTESIAN_POINT ( 'NONE',  ( 6.483609520091384582, 5.599999999999994316, -18.73712078220806987 ) ) ;
#1412 = PLANE ( 'NONE',  #4528 ) ;
#1413 = ORIENTED_EDGE ( 'NONE', *, *, #2647, .F. ) ;
#1414 = AXIS2_PLACEMENT_3D ( 'NONE', #2150, #3750, #4030 ) ;
#1415 = EDGE_CURVE ( 'NONE', #737, #211, #375, .T. ) ;
#1416 = VECTOR ( 'NONE', #2351, 1000.000000000000114 ) ;
#1417 = VECTOR ( 'NONE', #2019, 1000.000000000000114 ) ;
#1418 = DIRECTION ( 'NONE',  ( -0.5000000000000101030, -7.227234923279686156E-17, -0.8660254037844328234 ) ) ;
#1419 = FACE_OUTER_BOUND ( 'NONE', #1276, .T. ) ;
#1420 = LINE ( 'NONE', #1869, #2689 ) ;
#1421 = ADVANCED_FACE ( 'NONE', ( #3576 ), #861, .F. ) ;
#1422 = ORIENTED_EDGE ( 'NONE', *, *, #4023, .T. ) ;
#1423 = VECTOR ( 'NONE', #5002, 1000.000000000000000 ) ;
#1424 = EDGE_LOOP ( 'NONE', ( #2990, #342, #4580, #127 ) ) ;
#1425 = ADVANCED_FACE ( 'NONE', ( #1587, #3632 ), #49, .T. ) ;
#1426 = LINE ( 'NONE', #4685, #2651 ) ;
#1427 = ORIENTED_EDGE ( 'NONE', *, *, #3223, .T. ) ;
#1428 = EDGE_CURVE ( 'NONE', #152, #5194, #3009, .T. ) ;
#1429 = CIRCLE ( 'NONE', #3024, 2.699999999999997513 ) ;
#1430 = ADVANCED_FACE ( 'NONE', ( #145 ), #1346, .T. ) ;
#1431 = DIRECTION ( 'NONE',  ( 1.000000000000000000, 0.000000000000000000, 0.000000000000000000 ) ) ;
#1432 = ORIENTED_EDGE ( 'NONE', *, *, #568, .F. ) ;
#1433 = ADVANCED_FACE ( 'NONE', ( #1775 ), #3375, .T. ) ;
#1434 = EDGE_CURVE ( 'NONE', #3972, #902, #3266, .T. ) ;
#1435 = CYLINDRICAL_SURFACE ( 'NONE', #3638, 1.699999999999994849 ) ;
#1436 = AXIS2_PLACEMENT_3D ( 'NONE', #4277, #3162, #1572 ) ;
#1437 = CYLINDRICAL_SURFACE ( 'NONE', #1071, 2.250000000000000444 ) ;
#1438 = DIRECTION ( 'NONE',  ( 1.445446984655908142E-16, -1.000000000000000000, 0.000000000000000000 ) ) ;
#1439 = ORIENTED_EDGE ( 'NONE', *, *, #2302, .T. ) ;
#1440 = EDGE_LOOP ( 'NONE', ( #4156, #4790, #2298, #3044 ) ) ;
#1441 = CARTESIAN_POINT ( 'NONE',  ( -13.45273392921757249, 2.399999999999995914, 14.93432120418195730 ) ) ;
#1442 = DIRECTION ( 'NONE',  ( 0.000000000000000000, 0.000000000000000000, -1.000000000000000000 ) ) ;
#1443 = CARTESIAN_POINT ( 'NONE',  ( 1.571100361931557840E-15, 5.599999999999992539, 0.000000000000000000 ) ) ;
#1444 = DIRECTION ( 'NONE',  ( 0.8660254037844433705, 1.251793808535639009E-16, 0.4999999999999919509 ) ) ;
#1445 = EDGE_CURVE ( 'NONE', #2301, #4989, #4983, .T. ) ;
#1446 = DIRECTION ( 'NONE',  ( -1.445446984655908142E-16, 1.000000000000000000, -0.000000000000000000 ) ) ;
#1447 = CARTESIAN_POINT ( 'NONE',  ( -6.207134586489043038, 2.399999999999996803, 19.11756993514635283 ) ) ;
#1448 = ORIENTED_EDGE ( 'NONE', *, *, #4288, .T. ) ;
#1449 = ORIENTED_EDGE ( 'NONE', *, *, #3889, .T. ) ;
#1450 = VERTEX_POINT ( 'NONE', #2970 ) ;
#1451 = DIRECTION ( 'NONE',  ( 0.6123724356957905846, 0.7071067811865469066, -0.3535533905932818910 ) ) ;
#1452 = DIRECTION ( 'NONE',  ( 1.000000000000000000, 1.126443815569355400E-16, 0.000000000000000000 ) ) ;
#1453 = VERTEX_POINT ( 'NONE', #1610 ) ;
#1454 = FACE_BOUND ( 'NONE', #2733, .T. ) ;
#1455 = LINE ( 'NONE', #4669, #2554 ) ;
#1456 = CARTESIAN_POINT ( 'NONE',  ( -7.999999999999873879, 5.599999999999990763, 13.85640646055109215 ) ) ;
#1457 = EDGE_CURVE ( 'NONE', #3214, #2817, #4956, .T. ) ;
#1458 = EDGE_CURVE ( 'NONE', #3883, #1753, #2455, .T. ) ;
#1459 = LINE ( 'NONE', #646, #4739 ) ;
#1460 = ORIENTED_EDGE ( 'NONE', *, *, #1369, .F. ) ;
#1461 = DIRECTION ( 'NONE',  ( -1.000000000000000000, 0.000000000000000000, 0.000000000000000000 ) ) ;
#1462 = LINE ( 'NONE', #237, #3659 ) ;
#1463 = LINE ( 'NONE', #624, #177 ) ;
#1464 = EDGE_CURVE ( 'NONE', #3067, #4416, #41, .T. ) ;
#1465 = VECTOR ( 'NONE', #4299, 1000.000000000000000 ) ;
#1466 = CARTESIAN_POINT ( 'NONE',  ( -2.090321734816830538E-15, 6.000000000000003553, -16.00000000000000000 ) ) ;
#1467 = CARTESIAN_POINT ( 'NONE',  ( 15.47298721428201418, 2.600000000000001865, 5.199999999999857181 ) ) ;
#1468 = CARTESIAN_POINT ( 'NONE',  ( -1.616580753730950226, 2.599999999999999645, -13.19999999999999929 ) ) ;
#1469 = ORIENTED_EDGE ( 'NONE', *, *, #2816, .T. ) ;
#1470 = VECTOR ( 'NONE', #4691, 1000.000000000000000 ) ;
#1471 = ORIENTED_EDGE ( 'NONE', *, *, #4829, .T. ) ;
#1472 = DIRECTION ( 'NONE',  ( 1.000000000000000000, 0.000000000000000000, 0.000000000000000000 ) ) ;
#1473 = ORIENTED_EDGE ( 'NONE', *, *, #2440, .F. ) ;
#1474 = DIRECTION ( 'NONE',  ( -1.445446984655908142E-16, 1.000000000000000000, 0.000000000000000000 ) ) ;
#1476 = VECTOR ( 'NONE', #4406, 1000.000000000000114 ) ;
#1475 = CARTESIAN_POINT ( 'NONE',  ( 19.26862735121523684, 5.599999999999994316, 3.700000000000000178 ) ) ;
#1477 = ORIENTED_EDGE ( 'NONE', *, *, #5006, .T. ) ;
#1478 = VECTOR ( 'NONE', #4620, 1000.000000000000000 ) ;
#1479 = ORIENTED_EDGE ( 'NONE', *, *, #1252, .T. ) ;
#1480 = EDGE_CURVE ( 'NONE', #4933, #4168, #3564, .T. ) ;
#1481 = EDGE_CURVE ( 'NONE', #3030, #3476, #1499, .T. ) ;
#1482 = DIRECTION ( 'NONE',  ( -0.000000000000000000, -1.000000000000000000, -0.000000000000000000 ) ) ;
#1483 = CARTESIAN_POINT ( 'NONE',  ( -8.000000000000065725, 2.399999999999996358, -13.85640646055098379 ) ) ;
#1484 = VECTOR ( 'NONE', #3816, 1000.000000000000000 ) ;
#1485 = DIRECTION ( 'NONE',  ( 1.000000000000000000, 1.320855438561020938E-16, 0.000000000000000000 ) ) ;
#1486 = EDGE_LOOP ( 'NONE', ( #2167, #2915, #2561, #1699 ) ) ;
#1487 = DIRECTION ( 'NONE',  ( 0.5000000000000004441, 7.227234923279546873E-17, 0.8660254037844383745 ) ) ;
#1488 = LINE ( 'NONE', #3929, #249 ) ;
#1489 = AXIS2_PLACEMENT_3D ( 'NONE', #3827, #231, #352 ) ;
#1490 = LINE ( 'NONE', #1390, #1690 ) ;
#1491 = EDGE_CURVE ( 'NONE', #1519, #1579, #3166, .T. ) ;
#1492 = DIRECTION ( 'NONE',  ( 1.000000000000000000, 1.445446984655908142E-16, 0.000000000000000000 ) ) ;
#1493 = ADVANCED_FACE ( 'NONE', ( #2086 ), #840, .F. ) ;
#1494 = DIRECTION ( 'NONE',  ( 0.000000000000000000, 1.000000000000000000, 0.000000000000000000 ) ) ;
#1495 = CIRCLE ( 'NONE', #4438, 0.4000000000000010214 ) ;
#1496 = VERTEX_POINT ( 'NONE', #2057 ) ;
#1497 = DIRECTION ( 'NONE',  ( 0.000000000000000000, 0.000000000000000000, -1.000000000000000000 ) ) ;
#1498 = CC_DESIGN_APPROVAL ( #3946, ( #1131 ) ) ;
#1499 = CIRCLE ( 'NONE', #173, 3.700000000000001954 ) ;
#1500 = ORIENTED_EDGE ( 'NONE', *, *, #1669, .T. ) ;
#1501 = CIRCLE ( 'NONE', #1923, 1.700000000000000178 ) ;
#1502 = FACE_OUTER_BOUND ( 'NONE', #2692, .T. ) ;
#1503 = ORIENTED_EDGE ( 'NONE', *, *, #5203, .F. ) ;
#1504 = DIRECTION ( 'NONE',  ( 1.000000000000000000, 1.320855438561020938E-16, 0.000000000000000000 ) ) ;
#1505 = CIRCLE ( 'NONE', #2672, 2.250000000000000444 ) ;
#1506 = VECTOR ( 'NONE', #1294, 1000.000000000000000 ) ;
#1507 = ORIENTED_EDGE ( 'NONE', *, *, #4055, .T. ) ;
#1508 = LINE ( 'NONE', #4310, #2072 ) ;
#1509 = ORIENTED_EDGE ( 'NONE', *, *, #4321, .F. ) ;
#1510 = AXIS2_PLACEMENT_3D ( 'NONE', #867, #2100, #2469 ) ;
#1511 = ORIENTED_EDGE ( 'NONE', *, *, #512, .F. ) ;
#1512 = CARTESIAN_POINT ( 'NONE',  ( 16.00000000000000000, 2.399999999999999911, 0.000000000000000000 ) ) ;
#1513 = DIRECTION ( 'NONE',  ( -1.000000000000000000, 0.000000000000000000, 4.336808689942025625E-15 ) ) ;
#1514 = EDGE_LOOP ( 'NONE', ( #3523, #889, #2967, #3603 ) ) ;
#1515 = AXIS2_PLACEMENT_3D ( 'NONE', #4747, #1158, #4358 ) ;
#1516 = LINE ( 'NONE', #4632, #1817 ) ;
#1517 = FACE_BOUND ( 'NONE', #1899, .T. ) ;
#1518 = VECTOR ( 'NONE', #2217, 1000.000000000000000 ) ;
#1519 = VERTEX_POINT ( 'NONE', #816 ) ;
#1520 = CARTESIAN_POINT ( 'NONE',  ( -3.233161507461908446, -4.673363551866365845E-16, 16.00000000000000000 ) ) ;
#1521 = DIRECTION ( 'NONE',  ( 0.000000000000000000, 0.000000000000000000, 1.000000000000000000 ) ) ;
#1522 = ORIENTED_EDGE ( 'NONE', *, *, #1561, .T. ) ;
#1523 = DIRECTION ( 'NONE',  ( 0.000000000000000000, 0.000000000000000000, 1.000000000000000000 ) ) ;
#1524 = ADVANCED_FACE ( 'NONE', ( #1973 ), #2786, .F. ) ;
#1525 = EDGE_CURVE ( 'NONE', #277, #833, #850, .T. ) ;
#1526 = ORIENTED_EDGE ( 'NONE', *, *, #3894, .F. ) ;
#1527 = ADVANCED_FACE ( 'NONE', ( #879 ), #2422, .F. ) ;
#1528 = DIRECTION ( 'NONE',  ( 0.000000000000000000, 0.000000000000000000, -1.000000000000000000 ) ) ;
#1529 = ORIENTED_EDGE ( 'NONE', *, *, #3889, .F. ) ;
#1530 = CARTESIAN_POINT ( 'NONE',  ( -19.26862735121523684, 16.46930464146742779, 4.100000000000000533 ) ) ;
#1531 = DIRECTION ( 'NONE',  ( 1.000000000000000000, 0.000000000000000000, 0.000000000000000000 ) ) ;
#1532 = ORIENTED_EDGE ( 'NONE', *, *, #2850, .T. ) ;
#1533 = CARTESIAN_POINT ( 'NONE',  ( 6.207134586489435613, 5.599999999999994316, 19.11756993514621783 ) ) ;
#1534 = EDGE_LOOP ( 'NONE', ( #437, #135 ) ) ;
#1535 = VERTEX_POINT ( 'NONE', #3678 ) ;
#1536 = DIRECTION ( 'NONE',  ( 0.5000000000000101030, 7.227234923279684924E-17, 0.8660254037844328234 ) ) ;
#1537 = CYLINDRICAL_SURFACE ( 'NONE', #4453, 20.10000000000000142 ) ;
#1538 = ORIENTED_EDGE ( 'NONE', *, *, #4226, .F. ) ;
#1539 = ORIENTED_EDGE ( 'NONE', *, *, #1434, .T. ) ;
#1540 = CARTESIAN_POINT ( 'NONE',  ( -7.699999999999999289, 16.46930464146743134, 0.000000000000000000 ) ) ;
#1541 = CARTESIAN_POINT ( 'NONE',  ( 16.00000000000000355, -10.75174404457249899, -3.700000000000000178 ) ) ;
#1542 = ORIENTED_EDGE ( 'NONE', *, *, #1560, .T. ) ;
#1543 = DIRECTION ( 'NONE',  ( -0.000000000000000000, 1.000000000000000000, -0.000000000000000000 ) ) ;
#1544 = DIRECTION ( 'NONE',  ( -1.445446984655908142E-16, 1.000000000000000000, -0.000000000000000000 ) ) ;
#1545 = APPROVAL ( #545, 'UNSPECIFIED' ) ;
#1546 = LINE ( 'NONE', #3624, #3838 ) ;
#1547 = VERTEX_POINT ( 'NONE', #15 ) ;
#1548 = LINE ( 'NONE', #736, #4682 ) ;
#1549 = VERTEX_POINT ( 'NONE', #1213 ) ;
#1550 = VECTOR ( 'NONE', #4646, 999.9999999999998863 ) ;
#1551 = VECTOR ( 'NONE', #1364, 1000.000000000000000 ) ;
#1552 = CARTESIAN_POINT ( 'NONE',  ( -19.26862735121523684, 5.599999999999988987, -3.700000000000000178 ) ) ;
#1553 = EDGE_CURVE ( 'NONE', #3045, #729, #4012, .T. ) ;
#1554 = DIRECTION ( 'NONE',  ( -0.000000000000000000, 1.000000000000000000, -0.000000000000000000 ) ) ;
#1555 = ORIENTED_EDGE ( 'NONE', *, *, #1560, .F. ) ;
#1556 = ORIENTED_EDGE ( 'NONE', *, *, #3431, .T. ) ;
#1557 = CARTESIAN_POINT ( 'NONE',  ( -13.85640646055104064, 6.000000000000001776, -9.699999999999967315 ) ) ;
#1558 = ORIENTED_EDGE ( 'NONE', *, *, #1464, .F. ) ;
#1559 = VECTOR ( 'NONE', #1769, 1000.000000000000000 ) ;
#1560 = EDGE_CURVE ( 'NONE', #4229, #1535, #1633, .T. ) ;
#1561 = EDGE_CURVE ( 'NONE', #479, #1132, #1238, .T. ) ;
#1562 = CARTESIAN_POINT ( 'NONE',  ( 10.62324495308918593, 1.535533738470385928E-15, 7.999999999999904965 ) ) ;
#1563 = VECTOR ( 'NONE', #3953, 1000.000000000000000 ) ;
#1564 = DIRECTION ( 'NONE',  ( 1.445446984655908142E-16, -1.000000000000000000, 0.000000000000000000 ) ) ;
#1565 = ORIENTED_EDGE ( 'NONE', *, *, #4486, .T. ) ;
#1566 = EDGE_LOOP ( 'NONE', ( #4275, #4872, #2357, #4713, #2625, #3141 ) ) ;
#1567 = AXIS2_PLACEMENT_3D ( 'NONE', #4749, #4785, #456 ) ;
#1568 = CARTESIAN_POINT ( 'NONE',  ( -19.26862735121522974, 5.999999999999995559, 4.099999999999998757 ) ) ;
#1569 = DIRECTION ( 'NONE',  ( -0.8660254037844398178, -1.251793808535634078E-16, -0.4999999999999980571 ) ) ;
#1570 = EDGE_LOOP ( 'NONE', ( #2560, #2521, #1469, #330 ) ) ;
#1571 = DIRECTION ( 'NONE',  ( -1.445446984655908142E-16, 1.000000000000000000, -0.000000000000000000 ) ) ;
#1572 = DIRECTION ( 'NONE',  ( -1.000000000000000000, 0.000000000000000000, -0.000000000000000000 ) ) ;
#1573 = CARTESIAN_POINT ( 'NONE',  ( -15.47298721428192003, 2.599999999999997868, 10.80000000000006999 ) ) ;
#1574 = DIRECTION ( 'NONE',  ( -0.4999999999999919509, -7.227234923279423614E-17, 0.8660254037844432595 ) ) ;
#1575 = VERTEX_POINT ( 'NONE', #4039 ) ;
#1576 = ADVANCED_FACE ( 'NONE', ( #3649 ), #1665, .F. ) ;
#1577 = ORIENTED_EDGE ( 'NONE', *, *, #4458, .T. ) ;
#1578 = CARTESIAN_POINT ( 'NONE',  ( -10.62324495308913086, -1.535533738470377842E-15, -7.999999999999979572 ) ) ;
#1579 = VERTEX_POINT ( 'NONE', #1740 ) ;
#1580 = FACE_OUTER_BOUND ( 'NONE', #1081, .T. ) ;
#1581 = FACE_OUTER_BOUND ( 'NONE', #2790, .T. ) ;
#1582 = CARTESIAN_POINT ( 'NONE',  ( 13.85640646055109215, 3.600000000000000977, 6.299999999999876366 ) ) ;
#1583 = ORIENTED_EDGE ( 'NONE', *, *, #2729, .T. ) ;
#1584 = CIRCLE ( 'NONE', #504, 19.69999999999999218 ) ;
#1585 = LINE ( 'NONE', #3180, #3235 ) ;
#1586 = ORIENTED_EDGE ( 'NONE', *, *, #2407, .T. ) ;
#1587 = FACE_BOUND ( 'NONE', #960, .T. ) ;
#1588 = ORIENTED_EDGE ( 'NONE', *, *, #984, .F. ) ;
#1589 = CIRCLE ( 'NONE', #4448, 8.099999999999999645 ) ;
#1590 = CIRCLE ( 'NONE', #3777, 1.699999999999998401 ) ;
#1591 = AXIS2_PLACEMENT_3D ( 'NONE', #2314, #1919, #5139 ) ;
#1592 = DIRECTION ( 'NONE',  ( -1.000000000000000000, -1.445446984655908142E-16, 0.000000000000000000 ) ) ;
#1593 = CARTESIAN_POINT ( 'NONE',  ( 13.85640646055092340, 3.599999999999994760, -9.700000000000155609 ) ) ;
#1594 = DIRECTION ( 'NONE',  ( -0.4999999999999919509, -7.227234923279422381E-17, 0.8660254037844432595 ) ) ;
#1595 = EDGE_CURVE ( 'NONE', #729, #1535, #1790, .T. ) ;
#1596 = FACE_OUTER_BOUND ( 'NONE', #2411, .T. ) ;
#1597 = VERTEX_POINT ( 'NONE', #955 ) ;
#1598 = ORIENTED_EDGE ( 'NONE', *, *, #3463, .T. ) ;
#1599 = EDGE_CURVE ( 'NONE', #1978, #1638, #975, .T. ) ;
#1600 = ADVANCED_FACE ( 'NONE', ( #215 ), #3707, .F. ) ;
#1601 = PLANE ( 'NONE',  #2645 ) ;
#1602 = CARTESIAN_POINT ( 'NONE',  ( -10.62324495308913086, 2.599999999999998312, -7.999999999999979572 ) ) ;
#1603 = ORIENTED_EDGE ( 'NONE', *, *, #4458, .F. ) ;
#1604 = DIRECTION ( 'NONE',  ( 1.000000000000000000, 0.000000000000000000, 0.000000000000000000 ) ) ;
#1605 = DIRECTION ( 'NONE',  ( 0.5000000000000079936, 0.000000000000000000, 0.8660254037844339337 ) ) ;
#1606 = CARTESIAN_POINT ( 'NONE',  ( -1.882131778961781496E-15, 3.600000000000006306, -14.30000000000000782 ) ) ;
#1607 = CARTESIAN_POINT ( 'NONE',  ( 8.100000000000001421, 2.399999999999999023, 0.000000000000000000 ) ) ;
#1608 = AXIS2_PLACEMENT_3D ( 'NONE', #3600, #1641, #21 ) ;
#1609 = DIRECTION ( 'NONE',  ( 1.000000000000000000, 1.606225440719268339E-16, 0.000000000000000000 ) ) ;
#1610 = CARTESIAN_POINT ( 'NONE',  ( 16.00000000000000000, 6.000000000000000000, -4.100000000000008527 ) ) ;
#1611 = EDGE_LOOP ( 'NONE', ( #4061, #744, #4826, #4665 ) ) ;
#1612 = FACE_OUTER_BOUND ( 'NONE', #1514, .T. ) ;
#1613 = VERTEX_POINT ( 'NONE', #999 ) ;
#1614 = CARTESIAN_POINT ( 'NONE',  ( 8.100000000000001421, 2.399999999999999023, 0.000000000000000000 ) ) ;
#1615 = DIRECTION ( 'NONE',  ( 0.000000000000000000, 0.000000000000000000, 1.000000000000000000 ) ) ;
#1616 = DIRECTION ( 'NONE',  ( 0.000000000000000000, 0.000000000000000000, -1.000000000000000000 ) ) ;
#1617 = VERTEX_POINT ( 'NONE', #3340 ) ;
#1618 = DIRECTION ( 'NONE',  ( -0.2183635302410034673, -0.7071067811865474617, -0.6725454398482578755 ) ) ;
#1619 = CARTESIAN_POINT ( 'NONE',  ( -12.83860766960990496, 2.399999999999995470, 14.83712078220817432 ) ) ;
#1620 = VERTEX_POINT ( 'NONE', #933 ) ;
#1621 = FACE_OUTER_BOUND ( 'NONE', #7, .T. ) ;
#1622 = DIRECTION ( 'NONE',  ( -1.445446984655908142E-16, 1.000000000000000000, -0.000000000000000000 ) ) ;
#1623 = CARTESIAN_POINT ( 'NONE',  ( 13.18501783112378511, 5.599999999999994316, -14.63712078220808266 ) ) ;
#1624 = DIRECTION ( 'NONE',  ( -4.607425552194398854E-15, -6.413270338564408717E-31, -1.000000000000000000 ) ) ;
#1625 = ORIENTED_EDGE ( 'NONE', *, *, #4849, .T. ) ;
#1626 = ORIENTED_EDGE ( 'NONE', *, *, #2196, .T. ) ;
#1628 = EDGE_CURVE ( 'NONE', #3349, #965, #664, .T. ) ;
#1627 = DIRECTION ( 'NONE',  ( -1.000000000000000000, 0.000000000000000000, 0.000000000000000000 ) ) ;
#1629 = CARTESIAN_POINT ( 'NONE',  ( 19.26862735121523684, 6.000000000000000888, -4.100000000000006750 ) ) ;
#1630 = DIRECTION ( 'NONE',  ( 0.4999999999999979461, 7.227234923279512360E-17, -0.8660254037844397068 ) ) ;
#1631 = CARTESIAN_POINT ( 'NONE',  ( 10.62324495308918593, 1.535533738470385928E-15, 7.999999999999904965 ) ) ;
#1632 = CARTESIAN_POINT ( 'NONE',  ( 19.26862735121523684, 5.599999999999994316, -3.700000000000000178 ) ) ;
#1633 = LINE ( 'NONE', #3225, #2929 ) ;
#1634 = ORIENTED_EDGE ( 'NONE', *, *, #3424, .T. ) ;
#1635 = EDGE_CURVE ( 'NONE', #1883, #3202, #2853, .T. ) ;
#1636 =( NAMED_UNIT ( * ) SI_UNIT ( $, .STERADIAN. ) SOLID_ANGLE_UNIT ( ) );
#1637 = CARTESIAN_POINT ( 'NONE',  ( -6.483609520091506262, 5.599999999999992539, -18.73712078220803079 ) ) ;
#1638 = VERTEX_POINT ( 'NONE', #4951 ) ;
#1639 = DIRECTION ( 'NONE',  ( -1.000000000000000000, -1.445446984655908142E-16, 0.000000000000000000 ) ) ;
#1640 = CARTESIAN_POINT ( 'NONE',  ( 1.513282482545320804E-15, 5.999999999999996447, 0.000000000000000000 ) ) ;
#1641 = DIRECTION ( 'NONE',  ( -0.000000000000000000, -1.000000000000000000, -0.000000000000000000 ) ) ;
#1642 = ORIENTED_EDGE ( 'NONE', *, *, #1146, .F. ) ;
#1643 = DIRECTION ( 'NONE',  ( 1.000000000000000000, 0.000000000000000000, 0.000000000000000000 ) ) ;
#1644 = EDGE_LOOP ( 'NONE', ( #4565, #4500, #3091, #2305 ) ) ;
#1645 = LINE ( 'NONE', #466, #4183 ) ;
#1646 = ORIENTED_EDGE ( 'NONE', *, *, #3398, .T. ) ;
#1647 = DIRECTION ( 'NONE',  ( -0.8660254037844383745, -1.251793808535631860E-16, 0.5000000000000004441 ) ) ;
#1648 = PLANE ( 'NONE',  #1977 ) ;
#1649 = EDGE_CURVE ( 'NONE', #3619, #1150, #255, .T. ) ;
#1650 = VECTOR ( 'NONE', #4186, 1000.000000000000000 ) ;
#1651 = CARTESIAN_POINT ( 'NONE',  ( 5.475704155516193161, 5.999999999999999112, -1.284197804570085921 ) ) ;
#1652 = CIRCLE ( 'NONE', #3489, 3.700000000000000178 ) ;
#1653 = ORIENTED_EDGE ( 'NONE', *, *, #5155, .F. ) ;
#1654 = CARTESIAN_POINT ( 'NONE',  ( -6.083609520091505907, 2.399999999999997691, -18.73712078220803079 ) ) ;
#1655 = DIRECTION ( 'NONE',  ( 1.445446984655908142E-16, -1.000000000000000000, -0.000000000000000000 ) ) ;
#1656 = EDGE_CURVE ( 'NONE', #4514, #2392, #2132, .T. ) ;
#1657 = CARTESIAN_POINT ( 'NONE',  ( 13.18501783112378867, 6.000000000000000000, -14.63712078220807911 ) ) ;
#1658 = DIRECTION ( 'NONE',  ( 0.5000000000000101030, 7.227234923279684924E-17, 0.8660254037844328234 ) ) ;
#1659 = AXIS2_PLACEMENT_3D ( 'NONE', #2343, #67, #4366 ) ;
#1660 = DIRECTION ( 'NONE',  ( -0.5000000000000039968, 0.000000000000000000, -0.8660254037844363761 ) ) ;
#1661 = VECTOR ( 'NONE', #3794, 1000.000000000000114 ) ;
#1662 = CARTESIAN_POINT ( 'NONE',  ( -12.83860766961011279, 5.599999999999992539, -14.83712078220799491 ) ) ;
#1663 = EDGE_CURVE ( 'NONE', #4194, #3451, #1340, .T. ) ;
#1664 = DIRECTION ( 'NONE',  ( 1.445446984655908142E-16, -1.000000000000000000, -0.000000000000000000 ) ) ;
#1665 = CYLINDRICAL_SURFACE ( 'NONE', #1845, 1.699999999999993072 ) ;
#1666 = ORIENTED_EDGE ( 'NONE', *, *, #35, .F. ) ;
#1667 = CIRCLE ( 'NONE', #487, 8.099999999999999645 ) ;
#1668 = PERSON_AND_ORGANIZATION_ROLE ( 'creator' ) ;
#1669 = EDGE_CURVE ( 'NONE', #216, #5092, #3285, .T. ) ;
#1670 = EDGE_CURVE ( 'NONE', #707, #1116, #1388, .T. ) ;
#1671 = VERTEX_POINT ( 'NONE', #1315 ) ;
#1672 = CARTESIAN_POINT ( 'NONE',  ( -16.00000000000000000, 5.999999999999995559, 4.100000000000006750 ) ) ;
#1673 = DIRECTION ( 'NONE',  ( -0.2183635302410066314, 0.7071067811865462405, -0.6725454398482580975 ) ) ;
#1674 = ORIENTED_EDGE ( 'NONE', *, *, #4681, .T. ) ;
#1675 = DIRECTION ( 'NONE',  ( 0.000000000000000000, 1.000000000000000000, 0.000000000000000000 ) ) ;
#1676 = ORIENTED_EDGE ( 'NONE', *, *, #2780, .T. ) ;
#1677 = AXIS2_PLACEMENT_3D ( 'NONE', #4774, #2050, #2884 ) ;
#1678 = CIRCLE ( 'NONE', #86, 3.700000000000000178 ) ;
#1679 = DIRECTION ( 'NONE',  ( 1.445446984655908142E-16, -1.000000000000000000, 0.000000000000000000 ) ) ;
#1680 = CARTESIAN_POINT ( 'NONE',  ( 0.000000000000000000, 16.46930464146743134, 0.000000000000000000 ) ) ;
#1681 = ORIENTED_EDGE ( 'NONE', *, *, #2875, .T. ) ;
#1682 = DIRECTION ( 'NONE',  ( -1.445446984655908142E-16, 1.000000000000000000, 0.000000000000000000 ) ) ;
#1683 = AXIS2_PLACEMENT_3D ( 'NONE', #2768, #1224, #3268 ) ;
#1684 = VECTOR ( 'NONE', #2788, 1000.000000000000227 ) ;
#1685 = DIRECTION ( 'NONE',  ( -1.000000000000000000, 0.000000000000000000, 8.673617379884030739E-15 ) ) ;
#1686 = CARTESIAN_POINT ( 'NONE',  ( 4.300000000000163247, 2.399999999999999023, 13.85640646055092517 ) ) ;
#1687 = VECTOR ( 'NONE', #265, 1000.000000000000000 ) ;
#1688 = ORIENTED_EDGE ( 'NONE', *, *, #2938, .T. ) ;
#1689 = ORIENTED_EDGE ( 'NONE', *, *, #2206, .T. ) ;
#1690 = VECTOR ( 'NONE', #606, 1000.000000000000000 ) ;
#1691 = DIRECTION ( 'NONE',  ( 0.8660254037844363761, 1.251793808535628901E-16, -0.5000000000000039968 ) ) ;
#1692 = DIRECTION ( 'NONE',  ( -1.000000000000000000, 0.000000000000000000, 0.000000000000000000 ) ) ;
#1693 = CONICAL_SURFACE ( 'NONE', #340, 1.699999999999993072, 0.7853981633974488341 ) ;
#1694 = ORIENTED_EDGE ( 'NONE', *, *, #3114, .T. ) ;
#1695 = LINE ( 'NONE', #2890, #3353 ) ;
#1696 = LINE ( 'NONE', #2137, #1661 ) ;
#1697 = DIRECTION ( 'NONE',  ( -1.000000000000000000, -1.445446984655908389E-16, 4.496403249731883200E-15 ) ) ;
#1698 = EDGE_CURVE ( 'NONE', #5041, #3919, #1505, .T. ) ;
#1699 = ORIENTED_EDGE ( 'NONE', *, *, #687, .F. ) ;
#1700 = EDGE_CURVE ( 'NONE', #2920, #1083, #4106, .T. ) ;
#1701 = DIRECTION ( 'NONE',  ( 1.445446984655908142E-16, -1.000000000000000000, 0.000000000000000000 ) ) ;
#1702 = ORIENTED_EDGE ( 'NONE', *, *, #4914, .F. ) ;
#1703 = EDGE_LOOP ( 'NONE', ( #2876, #4861, #184 ) ) ;
#1704 = ADVANCED_FACE ( 'NONE', ( #529, #2161 ), #2914, .T. ) ;
#1705 = CARTESIAN_POINT ( 'NONE',  ( 12.83860766961021582, 2.399999999999999911, 14.83712078220790609 ) ) ;
#1706 = CARTESIAN_POINT ( 'NONE',  ( 15.47298721428206569, 2.600000000000001865, 10.79999999999985860 ) ) ;
#1707 = VERTEX_POINT ( 'NONE', #4895 ) ;
#1708 = DIRECTION ( 'NONE',  ( -0.6123724356957961357, -0.7071067811865494601, -0.3535533905932671250 ) ) ;
#1709 = DIRECTION ( 'NONE',  ( -0.000000000000000000, 1.000000000000000000, -0.000000000000000000 ) ) ;
#1710 = DIRECTION ( 'NONE',  ( 1.445446984655908142E-16, -1.000000000000000000, 0.000000000000000000 ) ) ;
#1711 = ORIENTED_EDGE ( 'NONE', *, *, #3666, .F. ) ;
#1712 = ORIENTED_EDGE ( 'NONE', *, *, #3465, .T. ) ;
#1713 = CARTESIAN_POINT ( 'NONE',  ( -4.795706005997431021, -12.43504200973871043, 15.70640646055106160 ) ) ;
#1714 = DESIGN_CONTEXT ( 'detailed design', #1990, 'design' ) ;
#1715 = CARTESIAN_POINT ( 'NONE',  ( -15.99999999999999645, -10.75174404457250432, -3.700000000000000178 ) ) ;
#1716 = DIRECTION ( 'NONE',  ( 1.000000000000000000, 1.445446984655908142E-16, -2.609024107869117476E-15 ) ) ;
#1717 = ORIENTED_EDGE ( 'NONE', *, *, #92, .T. ) ;
#1718 = DIRECTION ( 'NONE',  ( 1.000000000000000000, 0.000000000000000000, 0.000000000000000000 ) ) ;
#1719 = EDGE_CURVE ( 'NONE', #3801, #1348, #748, .T. ) ;
#1720 = DIRECTION ( 'NONE',  ( 0.000000000000000000, 0.7071067811865460184, 0.7071067811865490160 ) ) ;
#1721 = LINE ( 'NONE', #1774, #2826 ) ;
#1722 = CARTESIAN_POINT ( 'NONE',  ( 6.207134586489171824, 16.46930464146743134, -19.11756993514630665 ) ) ;
#1723 = DIRECTION ( 'NONE',  ( -0.000000000000000000, 1.000000000000000000, -0.000000000000000000 ) ) ;
#1724 = CARTESIAN_POINT ( 'NONE',  ( 6.430019681605411819, 5.599999999999994316, 18.53712078220798176 ) ) ;
#1725 = ORIENTED_EDGE ( 'NONE', *, *, #1700, .T. ) ;
#1726 = VERTEX_POINT ( 'NONE', #550 ) ;
#1727 = EDGE_CURVE ( 'NONE', #458, #3372, #2104, .T. ) ;
#1728 = VECTOR ( 'NONE', #116, 1000.000000000000000 ) ;
#1729 = CIRCLE ( 'NONE', #1385, 0.3999999999999993006 ) ;
#1730 = DIRECTION ( 'NONE',  ( -1.000000000000000000, 0.000000000000000000, 0.000000000000000000 ) ) ;
#1731 = EDGE_LOOP ( 'NONE', ( #298, #5077, #943, #764 ) ) ;
#1732 = EDGE_CURVE ( 'NONE', #3468, #1230, #4568, .T. ) ;
#1733 = EDGE_CURVE ( 'NONE', #2485, #1925, #1866, .T. ) ;
#1734 = CARTESIAN_POINT ( 'NONE',  ( -1.616580753730956888, -2.336681775933186867E-16, 18.79999999999999716 ) ) ;
#1735 = CARTESIAN_POINT ( 'NONE',  ( 17.08956796801282962, 2.600000000000002309, -8.000000000000191847 ) ) ;
#1736 = ORIENTED_EDGE ( 'NONE', *, *, #3871, .F. ) ;
#1737 = DIRECTION ( 'NONE',  ( 0.4999999999999980016, 7.227234923279512360E-17, -0.8660254037844397068 ) ) ;
#1738 = VECTOR ( 'NONE', #2332, 1000.000000000000000 ) ;
#1739 = CYLINDRICAL_SURFACE ( 'NONE', #2904, 0.4000000000000001887 ) ;
#1740 = CARTESIAN_POINT ( 'NONE',  ( -13.18501783112368919, 5.999999999999996447, 14.63712078220817325 ) ) ;
#1741 = ORIENTED_EDGE ( 'NONE', *, *, #3031, .F. ) ;
#1742 = DIRECTION ( 'NONE',  ( 1.000000000000000000, 1.445446984655907896E-16, -1.154631945610162802E-14 ) ) ;
#1743 = VECTOR ( 'NONE', #5143, 1000.000000000000114 ) ;
#1744 = CARTESIAN_POINT ( 'NONE',  ( -7.699999999999997513, 5.199999999999995737, 9.674709713264090115E-16 ) ) ;
#1746 = VECTOR ( 'NONE', #3646, 1000.000000000000000 ) ;
#1745 = CARTESIAN_POINT ( 'NONE',  ( 6.083609520091636469, 5.599999999999994316, 18.73712078220798816 ) ) ;
#1747 = CIRCLE ( 'NONE', #4337, 20.10000000000000142 ) ;
#1748 = ORIENTED_EDGE ( 'NONE', *, *, #2435, .F. ) ;
#1749 = ORIENTED_EDGE ( 'NONE', *, *, #706, .F. ) ;
#1750 = EDGE_LOOP ( 'NONE', ( #2824, #2681, #1583, #3347 ) ) ;
#1751 = AXIS2_PLACEMENT_3D ( 'NONE', #1530, #3918, #4663 ) ;
#1752 = CARTESIAN_POINT ( 'NONE',  ( -16.00000000000000000, 2.399999999999995914, -3.700000000000000178 ) ) ;
#1753 = VERTEX_POINT ( 'NONE', #3041 ) ;
#1754 = CARTESIAN_POINT ( 'NONE',  ( 4.795706005997541155, 5.599999999999994316, -15.70640646055102962 ) ) ;
#1755 = CIRCLE ( 'NONE', #3780, 19.69999999999999574 ) ;
#1756 = AXIS2_PLACEMENT_3D ( 'NONE', #3357, #839, #1329 ) ;
#1757 = DIRECTION ( 'NONE',  ( -1.000000000000000000, -1.445446984655908142E-16, 2.775557561562891351E-15 ) ) ;
#1758 = CARTESIAN_POINT ( 'NONE',  ( 10.62324495308902073, 2.600000000000001421, -8.000000000000120792 ) ) ;
#1759 = EDGE_CURVE ( 'NONE', #3743, #1126, #1049, .T. ) ;
#1760 = EDGE_CURVE ( 'NONE', #1061, #751, #3471, .T. ) ;
#1761 = CARTESIAN_POINT ( 'NONE',  ( -15.99999999999999645, -10.75174404457250432, 3.700000000000000178 ) ) ;
#1762 = VECTOR ( 'NONE', #4390, 1000.000000000000114 ) ;
#1763 = ORIENTED_EDGE ( 'NONE', *, *, #3445, .F. ) ;
#1764 = ORIENTED_EDGE ( 'NONE', *, *, #3002, .F. ) ;
#1765 = EDGE_CURVE ( 'NONE', #3765, #2096, #3863, .T. ) ;
#1766 = DIRECTION ( 'NONE',  ( 1.445446984655908142E-16, -1.000000000000000000, 0.000000000000000000 ) ) ;
#1767 = AXIS2_PLACEMENT_3D ( 'NONE', #4121, #193, #4598 ) ;
#1768 = AXIS2_PLACEMENT_3D ( 'NONE', #4317, #2713, #1536 ) ;
#1769 = DIRECTION ( 'NONE',  ( 1.445446984655907896E-16, -1.000000000000000000, -2.465190328815661892E-32 ) ) ;
#1770 = DIRECTION ( 'NONE',  ( 0.5000000000000101030, 7.227234923279688622E-17, 0.8660254037844328234 ) ) ;
#1771 = EDGE_LOOP ( 'NONE', ( #4799, #2765, #4217, #1826 ) ) ;
#1772 = VECTOR ( 'NONE', #4071, 1000.000000000000114 ) ;
#1773 = DIRECTION ( 'NONE',  ( 1.445446984655908142E-16, -1.000000000000000000, 0.000000000000000000 ) ) ;
#1774 = CARTESIAN_POINT ( 'NONE',  ( 15.47298721428184543, 2.236538271250311568E-15, -10.80000000000017657 ) ) ;
#1775 = FACE_OUTER_BOUND ( 'NONE', #3708, .T. ) ;
#1776 = CYLINDRICAL_SURFACE ( 'NONE', #5064, 2.250000000000000444 ) ;
#1777 = ORIENTED_EDGE ( 'NONE', *, *, #4119, .T. ) ;
#1778 = AXIS2_PLACEMENT_3D ( 'NONE', #3849, #4688, #4287 ) ;
#1779 = ORIENTED_EDGE ( 'NONE', *, *, #4312, .F. ) ;
#1780 = DIRECTION ( 'NONE',  ( -0.000000000000000000, 1.000000000000000000, -0.000000000000000000 ) ) ;
#1781 = ORIENTED_EDGE ( 'NONE', *, *, #2640, .F. ) ;
#1782 = FACE_BOUND ( 'NONE', #1985, .T. ) ;
#1783 = CARTESIAN_POINT ( 'NONE',  ( -11.20429399400248194, 2.399999999999995914, -12.00640646055096994 ) ) ;
#1784 = CARTESIAN_POINT ( 'NONE',  ( -4.795706005997652177, 5.599999999999990763, -15.70640646055099943 ) ) ;
#1785 = ORIENTED_EDGE ( 'NONE', *, *, #2439, .F. ) ;
#1786 = ORIENTED_EDGE ( 'NONE', *, *, #3151, .F. ) ;
#1787 = FACE_OUTER_BOUND ( 'NONE', #3341, .T. ) ;
#1788 = EDGE_CURVE ( 'NONE', #4998, #1230, #1837, .T. ) ;
#1789 = DIRECTION ( 'NONE',  ( 0.4999999999999957812, 7.227234923279477848E-17, -0.8660254037844411501 ) ) ;
#1790 = LINE ( 'NONE', #2989, #4016 ) ;
#1791 = ORIENTED_EDGE ( 'NONE', *, *, #1759, .F. ) ;
#1792 = DIRECTION ( 'NONE',  ( -0.4999999999999919509, -7.227234923279422381E-17, 0.8660254037844432595 ) ) ;
#1793 = EDGE_CURVE ( 'NONE', #1116, #1547, #1463, .T. ) ;
#1794 = CARTESIAN_POINT ( 'NONE',  ( 13.18501783112378511, 5.599999999999994316, -14.63712078220808266 ) ) ;
#1795 = DIRECTION ( 'NONE',  ( -0.5000000000000039968, -7.227234923279601107E-17, -0.8660254037844363761 ) ) ;
#1796 = ORIENTED_EDGE ( 'NONE', *, *, #3093, .F. ) ;
#1797 = EDGE_LOOP ( 'NONE', ( #4599, #350, #4626, #2166 ) ) ;
#1798 = CARTESIAN_POINT ( 'NONE',  ( -13.85640646055098379, 2.599999999999997868, 8.000000000000067502 ) ) ;
#1799 = DIRECTION ( 'NONE',  ( -1.445446984655908142E-16, 1.000000000000000000, 0.000000000000000000 ) ) ;
#1800 = EDGE_LOOP ( 'NONE', ( #1394, #16, #4202, #461 ) ) ;
#1801 = DIRECTION ( 'NONE',  ( 0.000000000000000000, 0.000000000000000000, 1.000000000000000000 ) ) ;
#1802 = DIRECTION ( 'NONE',  ( 0.000000000000000000, 0.000000000000000000, 1.000000000000000000 ) ) ;
#1803 = DIRECTION ( 'NONE',  ( 0.000000000000000000, 0.7071067811865460184, 0.7071067811865490160 ) ) ;
#1804 = EDGE_CURVE ( 'NONE', #1878, #3883, #1589, .T. ) ;
#1805 = PRODUCT_DEFINITION ( 'UNKNOWN', '', #3936, #1714 ) ;
#1806 = CARTESIAN_POINT ( 'NONE',  ( -8.000000000000067502, 5.999999999999996447, -9.756406460550975268 ) ) ;
#1807 = CALENDAR_DATE ( 2026, 26, 2 ) ;
#1808 = AXIS2_PLACEMENT_3D ( 'NONE', #2230, #1766, #3834 ) ;
#1809 = ORIENTED_EDGE ( 'NONE', *, *, #1185, .F. ) ;
#1810 = CARTESIAN_POINT ( 'NONE',  ( -17.08956796801293621, 2.599999999999997424, -7.999999999999961808 ) ) ;
#1811 = EDGE_CURVE ( 'NONE', #2095, #22, #4676, .T. ) ;
#1812 = VECTOR ( 'NONE', #259, 1000.000000000000000 ) ;
#1813 = FACE_OUTER_BOUND ( 'NONE', #3123, .T. ) ;
#1814 = FACE_BOUND ( 'NONE', #3534, .T. ) ;
#1815 = EDGE_LOOP ( 'NONE', ( #2921, #982, #4081, #4906, #2935 ) ) ;
#1816 = EDGE_CURVE ( 'NONE', #1878, #4540, #4323, .T. ) ;
#1817 = VECTOR ( 'NONE', #2694, 1000.000000000000114 ) ;
#1818 = LINE ( 'NONE', #3490, #1933 ) ;
#1819 = CARTESIAN_POINT ( 'NONE',  ( 15.47298721428206569, 2.600000000000001865, 10.79999999999985860 ) ) ;
#1820 = FACE_OUTER_BOUND ( 'NONE', #2036, .T. ) ;
#1821 = EDGE_LOOP ( 'NONE', ( #4424, #4283 ) ) ;
#1822 = CIRCLE ( 'NONE', #1235, 3.700000000000000178 ) ;
#1823 = EDGE_CURVE ( 'NONE', #2617, #3337, #652, .T. ) ;
#1824 = EDGE_CURVE ( 'NONE', #1126, #3891, #1125, .T. ) ;
#1825 = ORIENTED_EDGE ( 'NONE', *, *, #367, .T. ) ;
#1826 = ORIENTED_EDGE ( 'NONE', *, *, #4602, .T. ) ;
#1827 = AXIS2_PLACEMENT_3D ( 'NONE', #907, #2368, #3956 ) ;
#1828 = DIRECTION ( 'NONE',  ( -1.445446984655907896E-16, 1.000000000000000000, 2.465190328815661892E-32 ) ) ;
#1829 = CARTESIAN_POINT ( 'NONE',  ( -13.85640646055098379, 6.000000000000001776, 6.300000000000067324 ) ) ;
#1830 = ORIENTED_EDGE ( 'NONE', *, *, #4602, .F. ) ;
#1831 = DIRECTION ( 'NONE',  ( 1.445446984655908142E-16, -1.000000000000000000, 0.000000000000000000 ) ) ;
#1832 = VERTEX_POINT ( 'NONE', #307 ) ;
#1833 = EDGE_LOOP ( 'NONE', ( #4908, #2609, #875, #26 ) ) ;
#1834 = LINE ( 'NONE', #4653, #2562 ) ;
#1835 = AXIS2_PLACEMENT_3D ( 'NONE', #4484, #895, #4082 ) ;
#1836 = PLANE ( 'NONE',  #4419 ) ;
#1837 = LINE ( 'NONE', #3059, #3598 ) ;
#1838 = AXIS2_PLACEMENT_3D ( 'NONE', #3593, #4814, #4786 ) ;
#1839 = CIRCLE ( 'NONE', #85, 2.250000000000000444 ) ;
#1840 = AXIS2_PLACEMENT_3D ( 'NONE', #2662, #4558, #667 ) ;
#1841 = AXIS2_PLACEMENT_3D ( 'NONE', #5202, #3183, #2403 ) ;
#1842 = DIRECTION ( 'NONE',  ( 0.000000000000000000, -1.000000000000000000, 0.000000000000000000 ) ) ;
#1843 = FACE_OUTER_BOUND ( 'NONE', #2979, .T. ) ;
#1844 = ORIENTED_EDGE ( 'NONE', *, *, #2946, .T. ) ;
#1845 = AXIS2_PLACEMENT_3D ( 'NONE', #3255, #141, #909 ) ;
#1846 = ORIENTED_EDGE ( 'NONE', *, *, #4898, .T. ) ;
#1847 = CARTESIAN_POINT ( 'NONE',  ( 4.300000000000161471, 5.599999999999995204, 13.85640646055092517 ) ) ;
#1848 = ADVANCED_FACE ( 'NONE', ( #697 ), #2308, .F. ) ;
#1849 = LINE ( 'NONE', #3027, #919 ) ;
#1850 = CARTESIAN_POINT ( 'NONE',  ( 8.100000000000001421, 1.170812057571285625E-15, 9.919639073093559228E-16 ) ) ;
#1851 = ADVANCED_FACE ( 'NONE', ( #3417, #1910 ), #1412, .T. ) ;
#1852 = ADVANCED_FACE ( 'NONE', ( #5089 ), #3358, .T. ) ;
#1853 = AXIS2_PLACEMENT_3D ( 'NONE', #5190, #784, #2388 ) ;
#1854 = DIRECTION ( 'NONE',  ( -9.769962616701379133E-15, -1.412196300451195137E-30, -1.000000000000000000 ) ) ;
#1855 = VERTEX_POINT ( 'NONE', #3513 ) ;
#1856 = CARTESIAN_POINT ( 'NONE',  ( -6.207134586489305939, 2.399999999999996803, -19.11756993514627467 ) ) ;
#1857 = DIRECTION ( 'NONE',  ( 0.000000000000000000, 0.000000000000000000, 1.000000000000000000 ) ) ;
#1858 = CONICAL_SURFACE ( 'NONE', #3191, 1.699999999999993960, 0.7853981633974506105 ) ;
#1859 = EDGE_CURVE ( 'NONE', #4434, #348, #1488, .T. ) ;
#1860 = DIRECTION ( 'NONE',  ( 1.000000000000000000, 0.000000000000000000, 0.000000000000000000 ) ) ;
#1861 = LINE ( 'NONE', #1761, #2901 ) ;
#1862 = ORIENTED_EDGE ( 'NONE', *, *, #4483, .F. ) ;
#1863 = CARTESIAN_POINT ( 'NONE',  ( -10.62324495308913086, 2.599999999999998312, -7.999999999999979572 ) ) ;
#1864 = ADVANCED_FACE ( 'NONE', ( #3488, #1517, #3103, #2333, #4655, #1814, #5031, #3016 ), #4633, .F. ) ;
#1865 = LINE ( 'NONE', #3080, #4931 ) ;
#1866 = LINE ( 'NONE', #2717, #844 ) ;
#1867 = FACE_OUTER_BOUND ( 'NONE', #1797, .T. ) ;
#1868 = LINE ( 'NONE', #2268, #1484 ) ;
#1869 = CARTESIAN_POINT ( 'NONE',  ( 16.00000000000000000, 2.399999999999999911, -2.250000000000000444 ) ) ;
#1870 = ORIENTED_EDGE ( 'NONE', *, *, #4461, .T. ) ;
#1871 = CARTESIAN_POINT ( 'NONE',  ( 0.000000000000000000, 16.46930464146743134, 0.000000000000000000 ) ) ;
#1872 = CC_DESIGN_PERSON_AND_ORGANIZATION_ASSIGNMENT ( #5024, #671, ( #3936 ) ) ;
#1873 = VERTEX_POINT ( 'NONE', #34 ) ;
#1874 = CARTESIAN_POINT ( 'NONE',  ( 13.85640646055092340, 3.599999999999994760, -8.000000000000163425 ) ) ;
#1875 = CARTESIAN_POINT ( 'NONE',  ( 19.26862735121523684, 5.599999999999994316, 3.700000000000000178 ) ) ;
#1876 = ORIENTED_EDGE ( 'NONE', *, *, #493, .F. ) ;
#1877 = DIRECTION ( 'NONE',  ( 1.445446984655908142E-16, -1.000000000000000000, -0.000000000000000000 ) ) ;
#1878 = VERTEX_POINT ( 'NONE', #4408 ) ;
#1879 = AXIS2_PLACEMENT_3D ( 'NONE', #419, #2022, #2381 ) ;
#1880 = DIRECTION ( 'NONE',  ( -1.000000000000000000, 0.000000000000000000, 0.000000000000000000 ) ) ;
#1881 = ADVANCED_FACE ( 'NONE', ( #1258 ), #2475, .F. ) ;
#1882 = DIRECTION ( 'NONE',  ( -1.445446984655908142E-16, 1.000000000000000000, -0.000000000000000000 ) ) ;
#1883 = VERTEX_POINT ( 'NONE', #4866 ) ;
#1884 = ADVANCED_FACE ( 'NONE', ( #4353 ), #2748, .F. ) ;
#1885 = CARTESIAN_POINT ( 'NONE',  ( 1.616580753730949782, 2.336681775933176513E-16, 13.19999999999999929 ) ) ;
#1886 = DIRECTION ( 'NONE',  ( -1.445446984655908142E-16, 1.000000000000000000, -0.000000000000000000 ) ) ;
#1887 = CIRCLE ( 'NONE', #4834, 4.100000000000009415 ) ;
#1888 = ORIENTED_EDGE ( 'NONE', *, *, #408, .F. ) ;
#1889 = AXIS2_PLACEMENT_3D ( 'NONE', #4227, #2267, #4603 ) ;
#1890 = DIRECTION ( 'NONE',  ( -0.4999999999999896194, -7.227234923279391566E-17, 0.8660254037844447028 ) ) ;
#1891 = PLANE ( 'NONE',  #1068 ) ;
#1892 = CARTESIAN_POINT ( 'NONE',  ( 4.795706005997541155, 5.599999999999990763, -15.70640646055102962 ) ) ;
#1893 = EDGE_LOOP ( 'NONE', ( #3553, #4553, #2024, #560 ) ) ;
#1894 = LINE ( 'NONE', #790, #285 ) ;
#1895 = ORIENTED_EDGE ( 'NONE', *, *, #3666, .T. ) ;
#1896 = LINE ( 'NONE', #4285, #1395 ) ;
#1897 = CARTESIAN_POINT ( 'NONE',  ( 10.62324495308918593, 2.600000000000001421, 7.999999999999904965 ) ) ;
#1898 = CONICAL_SURFACE ( 'NONE', #2594, 3.700000000000001954, 0.7853981633974492782 ) ;
#1899 = EDGE_LOOP ( 'NONE', ( #2835, #2044 ) ) ;
#1900 = DIRECTION ( 'NONE',  ( 0.000000000000000000, -1.000000000000000000, 0.000000000000000000 ) ) ;
#1901 = AXIS2_PLACEMENT_3D ( 'NONE', #1794, #3397, #583 ) ;
#1902 = ORIENTED_EDGE ( 'NONE', *, *, #3061, .F. ) ;
#1903 = VERTEX_POINT ( 'NONE', #1940 ) ;
#1904 = DIRECTION ( 'NONE',  ( 1.445446984655908142E-16, -1.000000000000000000, 0.000000000000000000 ) ) ;
#1905 = VECTOR ( 'NONE', #2238, 999.9999999999998863 ) ;
#1906 = FACE_OUTER_BOUND ( 'NONE', #3694, .T. ) ;
#1907 = VERTEX_POINT ( 'NONE', #1629 ) ;
#1909 = EDGE_CURVE ( 'NONE', #3337, #4042, #1928, .T. ) ;
#1908 = FACE_OUTER_BOUND ( 'NONE', #1771, .T. ) ;
#1910 = FACE_OUTER_BOUND ( 'NONE', #4613, .T. ) ;
#1911 = ADVANCED_FACE ( 'NONE', ( #782 ), #3193, .F. ) ;
#1912 = EDGE_LOOP ( 'NONE', ( #2149, #3502 ) ) ;
#1913 = AXIS2_PLACEMENT_3D ( 'NONE', #3048, #2319, #3479 ) ;
#1914 = CARTESIAN_POINT ( 'NONE',  ( -8.000000000000065725, 2.399999999999996358, -16.10640646055098202 ) ) ;
#1915 = DIRECTION ( 'NONE',  ( 1.445446984655908142E-16, -1.000000000000000000, 0.000000000000000000 ) ) ;
#1916 = EDGE_CURVE ( 'NONE', #2617, #3557, #3776, .T. ) ;
#1917 = CIRCLE ( 'NONE', #4868, 20.10000000000000142 ) ;
#1918 = ORIENTED_EDGE ( 'NONE', *, *, #4619, .T. ) ;
#1919 = DIRECTION ( 'NONE',  ( 1.445446984655908142E-16, -1.000000000000000000, 0.000000000000000000 ) ) ;
#1920 = CARTESIAN_POINT ( 'NONE',  ( 10.62324495308902073, 1.535533738470362065E-15, -8.000000000000120792 ) ) ;
#1921 = AXIS2_PLACEMENT_3D ( 'NONE', #2436, #74, #4883 ) ;
#1922 = ORIENTED_EDGE ( 'NONE', *, *, #4607, .F. ) ;
#1923 = AXIS2_PLACEMENT_3D ( 'NONE', #3186, #2117, #2406 ) ;
#1924 = DIRECTION ( 'NONE',  ( -1.445446984655908142E-16, 1.000000000000000000, -0.000000000000000000 ) ) ;
#1925 = VERTEX_POINT ( 'NONE', #754 ) ;
#1926 = FACE_OUTER_BOUND ( 'NONE', #1299, .T. ) ;
#1927 = CARTESIAN_POINT ( 'NONE',  ( -19.26862735121523684, 5.599999999999990763, -4.100000000000000533 ) ) ;
#1928 = CIRCLE ( 'NONE', #4618, 7.699999999999999289 ) ;
#1929 = AXIS2_PLACEMENT_3D ( 'NONE', #4917, #2934, #165 ) ;
#1930 = ORIENTED_EDGE ( 'NONE', *, *, #5174, .F. ) ;
#1931 = ORIENTED_EDGE ( 'NONE', *, *, #3951, .T. ) ;
#1932 = VERTEX_POINT ( 'NONE', #2361 ) ;
#1933 = VECTOR ( 'NONE', #4254, 999.9999999999998863 ) ;
#1934 = CARTESIAN_POINT ( 'NONE',  ( -19.26862735121523684, 5.599999999999990763, 4.100000000000000533 ) ) ;
#1935 = CIRCLE ( 'NONE', #4884, 0.4000000000000001887 ) ;
#1936 = LINE ( 'NONE', #3971, #4234 ) ;
#1937 = CARTESIAN_POINT ( 'NONE',  ( 6.083609520091372680, 5.999999999999999112, -18.73712078220807342 ) ) ;
#1938 = VERTEX_POINT ( 'NONE', #1998 ) ;
#1939 = CARTESIAN_POINT ( 'NONE',  ( 6.083609520091632916, 5.999999999999999112, 18.73712078220798816 ) ) ;
#1940 = CARTESIAN_POINT ( 'NONE',  ( 13.45273392921767552, 2.399999999999999467, -14.93432120418185960 ) ) ;
#1941 = ORIENTED_EDGE ( 'NONE', *, *, #3686, .T. ) ;
#1942 = EDGE_CURVE ( 'NONE', #2096, #4229, #1090, .T. ) ;
#1943 = EDGE_CURVE ( 'NONE', #176, #3045, #3537, .T. ) ;
#1944 = FACE_BOUND ( 'NONE', #1953, .T. ) ;
#1945 = ORIENTED_EDGE ( 'NONE', *, *, #4575, .T. ) ;
#1946 = CARTESIAN_POINT ( 'NONE',  ( 8.000000000000165201, -12.43504200973874596, 13.85640646055092517 ) ) ;
#1947 = DIRECTION ( 'NONE',  ( 1.000000000000000000, 0.000000000000000000, 0.000000000000000000 ) ) ;
#1948 = ORIENTED_EDGE ( 'NONE', *, *, #984, .T. ) ;
#1949 = EDGE_CURVE ( 'NONE', #3202, #3005, #3516, .T. ) ;
#1950 = CARTESIAN_POINT ( 'NONE',  ( 12.23982570682016480, 2.600000000000001421, 10.79999999999988880 ) ) ;
#1951 = EDGE_CURVE ( 'NONE', #614, #2463, #5157, .T. ) ;
#1952 = LINE ( 'NONE', #663, #4949 ) ;
#1953 = EDGE_LOOP ( 'NONE', ( #3428, #4003 ) ) ;
#1954 = EDGE_CURVE ( 'NONE', #5092, #1707, #4743, .T. ) ;
#1955 = LINE ( 'NONE', #5175, #2231 ) ;
#1956 = EDGE_LOOP ( 'NONE', ( #591, #2538, #2553, #4131 ) ) ;
#1957 = CARTESIAN_POINT ( 'NONE',  ( 4.299999999999972289, -12.43504200973872287, -13.85640646055103886 ) ) ;
#1958 = ORIENTED_EDGE ( 'NONE', *, *, #1951, .F. ) ;
#1959 = DIRECTION ( 'NONE',  ( 1.445446984655908142E-16, -1.000000000000000000, 0.000000000000000000 ) ) ;
#1960 = CARTESIAN_POINT ( 'NONE',  ( -6.483609520091248690, 5.599999999999992539, 18.73712078220810895 ) ) ;
#1961 = CARTESIAN_POINT ( 'NONE',  ( 7.999999999999968914, 5.999999999999999112, -13.85640646055103886 ) ) ;
#1962 = EDGE_LOOP ( 'NONE', ( #2384, #50, #1192, #799 ) ) ;
#1963 = ORIENTED_EDGE ( 'NONE', *, *, #93, .T. ) ;
#1964 = EDGE_CURVE ( 'NONE', #4153, #1450, #429, .T. ) ;
#1965 = LINE ( 'NONE', #4807, #1476 ) ;
#1966 = CARTESIAN_POINT ( 'NONE',  ( 6.430019681605412707, 2.399999999999999911, 18.53712078220798176 ) ) ;
#1967 = ORIENTED_EDGE ( 'NONE', *, *, #2359, .T. ) ;
#1968 = VERTEX_POINT ( 'NONE', #2834 ) ;
#1969 = DIRECTION ( 'NONE',  ( -0.5000000000000004441, 0.000000000000000000, -0.8660254037844383745 ) ) ;
#1970 = DIRECTION ( 'NONE',  ( 1.000000000000000000, 1.320855438561020938E-16, 0.000000000000000000 ) ) ;
#1971 = FACE_OUTER_BOUND ( 'NONE', #927, .T. ) ;
#1972 = CARTESIAN_POINT ( 'NONE',  ( 1.616580753730956443, 2.600000000000000533, -18.79999999999999716 ) ) ;
#1973 = FACE_OUTER_BOUND ( 'NONE', #2787, .T. ) ;
#1974 = ORIENTED_EDGE ( 'NONE', *, *, #129, .F. ) ;
#1975 = DIRECTION ( 'NONE',  ( 1.445446984655908882E-16, -1.000000000000000000, 0.000000000000000000 ) ) ;
#1976 = DIRECTION ( 'NONE',  ( 1.445446984655908142E-16, -1.000000000000000000, -0.000000000000000000 ) ) ;
#1977 = AXIS2_PLACEMENT_3D ( 'NONE', #3634, #1200, #2772 ) ;
#1978 = VERTEX_POINT ( 'NONE', #1602 ) ;
#1979 = FACE_OUTER_BOUND ( 'NONE', #3535, .T. ) ;
#1980 = FACE_OUTER_BOUND ( 'NONE', #4892, .T. ) ;
#1981 = CARTESIAN_POINT ( 'NONE',  ( 13.85640646055092340, 6.000000000000006217, -6.300000000000165024 ) ) ;
#1982 = AXIS2_PLACEMENT_3D ( 'NONE', #3436, #2227, #949 ) ;
#1983 = LINE ( 'NONE', #464, #4013 ) ;
#1984 = ADVANCED_FACE ( 'NONE', ( #4437 ), #2449, .F. ) ;
#1985 = EDGE_LOOP ( 'NONE', ( #2404, #4066, #363, #54, #42, #2075 ) ) ;
#1986 = ADVANCED_FACE ( 'NONE', ( #3586 ), #358, .F. ) ;
#1987 = ORIENTED_EDGE ( 'NONE', *, *, #753, .F. ) ;
#1988 = CARTESIAN_POINT ( 'NONE',  ( 4.795706005997761423, 5.599999999999994316, 15.70640646055096390 ) ) ;
#1989 = AXIS2_PLACEMENT_3D ( 'NONE', #33, #1204, #1627 ) ;
#1990 = APPLICATION_CONTEXT ( 'configuration controlled 3d designs of mechanical parts and assemblies' ) ;
#1991 = DIRECTION ( 'NONE',  ( 1.445446984655908142E-16, -1.000000000000000000, 0.000000000000000000 ) ) ;
#1992 = DIRECTION ( 'NONE',  ( 1.000000000000000000, 0.000000000000000000, 0.000000000000000000 ) ) ;
#1993 = CARTESIAN_POINT ( 'NONE',  ( 15.47298721428191293, 1.984580228854904502E-16, -5.200000000000176925 ) ) ;
#1994 = VERTEX_POINT ( 'NONE', #1966 ) ;
#1995 = ORIENTED_EDGE ( 'NONE', *, *, #3461, .F. ) ;
#1996 = AXIS2_PLACEMENT_3D ( 'NONE', #613, #2565, #1452 ) ;
#1997 = CARTESIAN_POINT ( 'NONE',  ( -13.18501783112368386, 16.46930464146743134, 14.63712078220817681 ) ) ;
#1998 = CARTESIAN_POINT ( 'NONE',  ( 12.23982570682011328, 1.769201916063700128E-15, 5.199999999999889155 ) ) ;
#1999 = ORIENTED_EDGE ( 'NONE', *, *, #5165, .F. ) ;
#2000 = CIRCLE ( 'NONE', #162, 2.250000000000001776 ) ;
#2001 = CARTESIAN_POINT ( 'NONE',  ( -11.20429399400231318, 5.599999999999992539, 12.00640646055112271 ) ) ;
#2002 = CARTESIAN_POINT ( 'NONE',  ( 13.85640646055092340, 3.599999999999994760, -8.000000000000163425 ) ) ;
#2003 = DIRECTION ( 'NONE',  ( -0.7071067811865482389, -0.7071067811865469066, 8.659560562354942719E-17 ) ) ;
#2004 = DIRECTION ( 'NONE',  ( 0.8660254037844385966, 1.251793808535632106E-16, -0.5000000000000003331 ) ) ;
#2005 = DIRECTION ( 'NONE',  ( 0.4999999999999956146, 0.000000000000000000, -0.8660254037844412611 ) ) ;
#2006 = EDGE_LOOP ( 'NONE', ( #1022, #1786, #4075, #2846 ) ) ;
#2007 = LINE ( 'NONE', #2034, #3514 ) ;
#2008 = AXIS2_PLACEMENT_3D ( 'NONE', #4402, #2329, #4378 ) ;
#2009 = CIRCLE ( 'NONE', #2512, 3.700000000000000178 ) ;
#2010 = ORIENTED_EDGE ( 'NONE', *, *, #601, .F. ) ;
#2011 = DIRECTION ( 'NONE',  ( 0.7071067811865483499, -0.7071067811865466846, 0.000000000000000000 ) ) ;
#2012 = FACE_OUTER_BOUND ( 'NONE', #3853, .T. ) ;
#2013 = ORIENTED_EDGE ( 'NONE', *, *, #5105, .T. ) ;
#2014 = VECTOR ( 'NONE', #1275, 1000.000000000000000 ) ;
#2015 = FACE_OUTER_BOUND ( 'NONE', #661, .T. ) ;
#2016 = EDGE_CURVE ( 'NONE', #4391, #695, #435, .T. ) ;
#2017 = VERTEX_POINT ( 'NONE', #3779 ) ;
#2018 = CONICAL_SURFACE ( 'NONE', #4963, 3.700000000000000178, 0.7853981633974504994 ) ;
#2019 = DIRECTION ( 'NONE',  ( 0.4999999999999894529, 7.227234923279389101E-17, -0.8660254037844447028 ) ) ;
#2020 = CC_DESIGN_APPROVAL ( #2800, ( #1805 ) ) ;
#2021 = DIRECTION ( 'NONE',  ( -0.000000000000000000, -1.000000000000000000, -0.000000000000000000 ) ) ;
#2022 = DIRECTION ( 'NONE',  ( 0.000000000000000000, 1.000000000000000000, 0.000000000000000000 ) ) ;
#2023 = DIRECTION ( 'NONE',  ( 1.000000000000000000, 1.294569758191646909E-16, 0.000000000000000000 ) ) ;
#2024 = ORIENTED_EDGE ( 'NONE', *, *, #3828, .F. ) ;
#2025 = ORIENTED_EDGE ( 'NONE', *, *, #724, .T. ) ;
#2026 = DIRECTION ( 'NONE',  ( 0.000000000000000000, 0.000000000000000000, -1.000000000000000000 ) ) ;
#2027 = DIRECTION ( 'NONE',  ( -0.8660254037844363761, -1.251793808535628901E-16, 0.5000000000000039968 ) ) ;
#2028 = DIRECTION ( 'NONE',  ( -1.000000000000000000, -1.126443815569355400E-16, 0.000000000000000000 ) ) ;
#2029 = ORIENTED_EDGE ( 'NONE', *, *, #1269, .F. ) ;
#2030 = CARTESIAN_POINT ( 'NONE',  ( 11.20429399400256365, 5.599999999999994316, 12.00640646055088823 ) ) ;
#2031 = DIRECTION ( 'NONE',  ( 0.000000000000000000, 0.000000000000000000, -1.000000000000000000 ) ) ;
#2032 = DIRECTION ( 'NONE',  ( -1.445446984655907896E-16, 1.000000000000000000, -1.067458724959031019E-32 ) ) ;
#2033 = ORIENTED_EDGE ( 'NONE', *, *, #4214, .T. ) ;
#2034 = CARTESIAN_POINT ( 'NONE',  ( 15.47298721428191293, 2.236538271250321034E-15, -5.200000000000176925 ) ) ;
#2035 = PERSON_AND_ORGANIZATION ( #2135, #1151 ) ;
#2036 = EDGE_LOOP ( 'NONE', ( #2133, #1333, #1015, #2885 ) ) ;
#2037 = LINE ( 'NONE', #3963, #2525 ) ;
#2038 = DIRECTION ( 'NONE',  ( -0.5000000000000001110, -7.227234923279543175E-17, 0.8660254037844385966 ) ) ;
#2039 = CARTESIAN_POINT ( 'NONE',  ( -8.000000000000067502, 5.599999999999990763, -10.15640646055098451 ) ) ;
#2040 = ADVANCED_FACE ( 'NONE', ( #4114 ), #3335, .F. ) ;
#2041 = VERTEX_POINT ( 'NONE', #4512 ) ;
#2042 = EDGE_CURVE ( 'NONE', #5171, #2324, #2932, .T. ) ;
#2043 = LINE ( 'NONE', #2796, #3931 ) ;
#2044 = ORIENTED_EDGE ( 'NONE', *, *, #936, .T. ) ;
#2045 = PLANE ( 'NONE',  #5095 ) ;
#2046 = CARTESIAN_POINT ( 'NONE',  ( 16.00000000000000000, -6.505213034913026604E-15, 0.000000000000000000 ) ) ;
#2047 = VERTEX_POINT ( 'NONE', #1379 ) ;
#2048 = ADVANCED_FACE ( 'NONE', ( #4536 ), #134, .F. ) ;
#2049 = CARTESIAN_POINT ( 'NONE',  ( 16.00000000000000000, 2.400000000000001243, 0.000000000000000000 ) ) ;
#2050 = DIRECTION ( 'NONE',  ( -0.000000000000000000, 1.000000000000000000, -0.000000000000000000 ) ) ;
#2051 = EDGE_CURVE ( 'NONE', #4832, #3468, #3756, .T. ) ;
#2052 = EDGE_CURVE ( 'NONE', #1994, #443, #571, .T. ) ;
#2053 = ORIENTED_EDGE ( 'NONE', *, *, #2957, .T. ) ;
#2054 = PLANE ( 'NONE',  #702 ) ;
#2055 = DIRECTION ( 'NONE',  ( -0.5000000000000001110, 0.000000000000000000, 0.8660254037844385966 ) ) ;
#2056 = LINE ( 'NONE', #849, #5115 ) ;
#2057 = CARTESIAN_POINT ( 'NONE',  ( 11.20429399400239667, 5.599999999999990763, -12.00640646055104632 ) ) ;
#2058 = ORIENTED_EDGE ( 'NONE', *, *, #1663, .T. ) ;
#2059 = CARTESIAN_POINT ( 'NONE',  ( 19.26862735121523684, 5.599999999999995204, 4.100000000000000533 ) ) ;
#2060 = LINE ( 'NONE', #950, #2608 ) ;
#2061 = VECTOR ( 'NONE', #649, 1000.000000000000000 ) ;
#2062 = ORIENTED_EDGE ( 'NONE', *, *, #596, .F. ) ;
#2063 = LINE ( 'NONE', #1193, #3257 ) ;
#2064 = CARTESIAN_POINT ( 'NONE',  ( 7.999999999999968914, 5.599999999999995204, -13.85640646055103886 ) ) ;
#2065 = VERTEX_POINT ( 'NONE', #1783 ) ;
#2066 = CARTESIAN_POINT ( 'NONE',  ( 10.62324495308902073, 1.535533738470362065E-15, -8.000000000000120792 ) ) ;
#2067 = VERTEX_POINT ( 'NONE', #2177 ) ;
#2068 = DIRECTION ( 'NONE',  ( 0.5000000000000004441, 7.227234923279546873E-17, 0.8660254037844383745 ) ) ;
#2069 = ORIENTED_EDGE ( 'NONE', *, *, #4384, .T. ) ;
#2070 = VECTOR ( 'NONE', #2987, 1000.000000000000000 ) ;
#2071 = VECTOR ( 'NONE', #3243, 1000.000000000000000 ) ;
#2072 = VECTOR ( 'NONE', #4960, 1000.000000000000000 ) ;
#2073 = DIRECTION ( 'NONE',  ( 0.4999999999999919509, 7.227234923279422381E-17, -0.8660254037844432595 ) ) ;
#2074 = VECTOR ( 'NONE', #425, 1000.000000000000114 ) ;
#2075 = ORIENTED_EDGE ( 'NONE', *, *, #4384, .F. ) ;
#2076 = DIRECTION ( 'NONE',  ( 0.000000000000000000, -0.7071067811865452413, 0.7071067811865497932 ) ) ;
#2077 = CARTESIAN_POINT ( 'NONE',  ( 1.338689302795758146E-15, 3.599999999999992095, 16.00000000000000000 ) ) ;
#2078 = VECTOR ( 'NONE', #3870, 1000.000000000000000 ) ;
#2079 = ORIENTED_EDGE ( 'NONE', *, *, #1788, .F. ) ;
#2080 = ORIENTED_EDGE ( 'NONE', *, *, #508, .T. ) ;
#2081 = AXIS2_PLACEMENT_3D ( 'NONE', #1236, #1544, #3136 ) ;
#2082 = CIRCLE ( 'NONE', #3420, 2.250000000000000444 ) ;
#2083 = EDGE_CURVE ( 'NONE', #3883, #1878, #2097, .T. ) ;
#2084 = EDGE_CURVE ( 'NONE', #2795, #575, #2753, .T. ) ;
#2085 = DIRECTION ( 'NONE',  ( -1.000000000000000000, -1.510331384556921065E-16, 0.000000000000000000 ) ) ;
#2086 = FACE_OUTER_BOUND ( 'NONE', #3521, .T. ) ;
#2087 = ORIENTED_EDGE ( 'NONE', *, *, #4736, .F. ) ;
#2088 = PLANE ( 'NONE',  #218 ) ;
#2089 = CARTESIAN_POINT ( 'NONE',  ( -19.26862735121523684, 5.599999999999988987, 3.700000000000000178 ) ) ;
#2090 = DIRECTION ( 'NONE',  ( 0.000000000000000000, 0.000000000000000000, -1.000000000000000000 ) ) ;
#2091 = VECTOR ( 'NONE', #4307, 1000.000000000000114 ) ;
#2092 = FACE_OUTER_BOUND ( 'NONE', #859, .T. ) ;
#2093 = ORIENTED_EDGE ( 'NONE', *, *, #2495, .T. ) ;
#2094 = DIRECTION ( 'NONE',  ( 1.445446984655908142E-16, -1.000000000000000000, 0.000000000000000000 ) ) ;
#2095 = VERTEX_POINT ( 'NONE', #1686 ) ;
#2096 = VERTEX_POINT ( 'NONE', #2154 ) ;
#2097 = CIRCLE ( 'NONE', #5040, 8.099999999999999645 ) ;
#2098 = CIRCLE ( 'NONE', #1414, 20.09999999999999787 ) ;
#2099 = EDGE_LOOP ( 'NONE', ( #4816, #3550, #2636, #2029, #3695 ) ) ;
#2100 = DIRECTION ( 'NONE',  ( 0.000000000000000000, -1.000000000000000000, 0.000000000000000000 ) ) ;
#2101 = ORIENTED_EDGE ( 'NONE', *, *, #366, .F. ) ;
#2102 = DIRECTION ( 'NONE',  ( -1.875376730785737325E-15, 0.000000000000000000, -1.000000000000000000 ) ) ;
#2103 = DIRECTION ( 'NONE',  ( 0.000000000000000000, 1.000000000000000000, 0.000000000000000000 ) ) ;
#2104 = CIRCLE ( 'NONE', #2438, 20.10000000000000853 ) ;
#2105 = VECTOR ( 'NONE', #747, 1000.000000000000000 ) ;
#2106 = EDGE_LOOP ( 'NONE', ( #520, #1958, #3154, #1289 ) ) ;
#2107 = ORIENTED_EDGE ( 'NONE', *, *, #2908, .F. ) ;
#2108 = DIRECTION ( 'NONE',  ( -1.445446984655908142E-16, 1.000000000000000000, -0.000000000000000000 ) ) ;
#2109 = LINE ( 'NONE', #528, #4319 ) ;
#2110 = DIRECTION ( 'NONE',  ( 0.000000000000000000, 0.000000000000000000, 1.000000000000000000 ) ) ;
#2111 = CONICAL_SURFACE ( 'NONE', #3096, 1.699999999999993072, 0.7853981633974524978 ) ;
#2112 = ORIENTED_EDGE ( 'NONE', *, *, #3928, .F. ) ;
#2113 = DIRECTION ( 'NONE',  ( 1.445446984655908142E-16, -1.000000000000000000, 0.000000000000000000 ) ) ;
#2114 = EDGE_CURVE ( 'NONE', #4168, #4734, #2009, .T. ) ;
#2115 = DIRECTION ( 'NONE',  ( -1.445446984655908142E-16, 1.000000000000000000, -0.000000000000000000 ) ) ;
#2116 = DIRECTION ( 'NONE',  ( 1.445446984655908142E-16, -1.000000000000000000, -0.000000000000000000 ) ) ;
#2117 = DIRECTION ( 'NONE',  ( -0.000000000000000000, -1.000000000000000000, -0.000000000000000000 ) ) ;
#2118 = ORIENTED_EDGE ( 'NONE', *, *, #862, .F. ) ;
#2119 = EDGE_CURVE ( 'NONE', #751, #132, #500, .T. ) ;
#2120 = ADVANCED_FACE ( 'NONE', ( #1406 ), #3466, .F. ) ;
#2121 = VERTEX_POINT ( 'NONE', #5081 ) ;
#2122 = ORIENTED_EDGE ( 'NONE', *, *, #1635, .F. ) ;
#2123 = DIRECTION ( 'NONE',  ( -0.8660254037844398178, -1.251793808535634078E-16, -0.4999999999999980016 ) ) ;
#2124 = CARTESIAN_POINT ( 'NONE',  ( -12.23982570682007776, 2.599999999999998312, -5.199999999999973532 ) ) ;
#2125 = ORIENTED_EDGE ( 'NONE', *, *, #3641, .T. ) ;
#2126 = DIRECTION ( 'NONE',  ( -0.4999999999999919509, -7.227234923279422381E-17, 0.8660254037844432595 ) ) ;
#2127 = DIRECTION ( 'NONE',  ( -1.445446984655908142E-16, 1.000000000000000000, -0.000000000000000000 ) ) ;
#2128 = DIRECTION ( 'NONE',  ( 0.000000000000000000, 0.000000000000000000, 1.000000000000000000 ) ) ;
#2129 = ORIENTED_EDGE ( 'NONE', *, *, #4047, .T. ) ;
#2130 = EDGE_CURVE ( 'NONE', #574, #3545, #300, .T. ) ;
#2131 = CARTESIAN_POINT ( 'NONE',  ( 7.999999999999968914, 2.399999999999998579, -11.60640646055103709 ) ) ;
#2132 = LINE ( 'NONE', #3392, #3441 ) ;
#2133 = ORIENTED_EDGE ( 'NONE', *, *, #4741, .T. ) ;
#2134 = CYLINDRICAL_SURFACE ( 'NONE', #584, 2.250000000000000444 ) ;
#2135 = PERSON ( 'UNSPECIFIED', 'UNSPECIFIED', 'UNSPECIFIED', ('UNSPECIFIED'), ('UNSPECIFIED'), ('UNSPECIFIED') ) ;
#2136 = CARTESIAN_POINT ( 'NONE',  ( 13.85640646055109215, 2.600000000000001865, 10.69999999999986962 ) ) ;
#2137 = CARTESIAN_POINT ( 'NONE',  ( 11.20429399400256365, 5.599999999999994316, 12.00640646055088823 ) ) ;
#2138 = EDGE_CURVE ( 'NONE', #2065, #2463, #207, .T. ) ;
#2139 = DIRECTION ( 'NONE',  ( 1.445446984655908142E-16, -1.000000000000000000, 0.000000000000000000 ) ) ;
#2140 = ORIENTED_EDGE ( 'NONE', *, *, #4374, .F. ) ;
#2141 = LOCAL_TIME ( 21, 26, 45.00000000000000000, #4974 ) ;
#2142 = ORIENTED_EDGE ( 'NONE', *, *, #2354, .F. ) ;
#2143 = ORIENTED_EDGE ( 'NONE', *, *, #1759, .T. ) ;
#2144 = EDGE_CURVE ( 'NONE', #2121, #2984, #258, .T. ) ;
#2145 = EDGE_CURVE ( 'NONE', #1726, #348, #1323, .T. ) ;
#2146 = EDGE_CURVE ( 'NONE', #3064, #4805, #2000, .T. ) ;
#2147 = VECTOR ( 'NONE', #3922, 1000.000000000000000 ) ;
#2148 = DIRECTION ( 'NONE',  ( 0.000000000000000000, 0.7071067811865467956, 0.7071067811865483499 ) ) ;
#2149 = ORIENTED_EDGE ( 'NONE', *, *, #1719, .F. ) ;
#2150 = CARTESIAN_POINT ( 'NONE',  ( 2.380550673338865492E-15, -3.469446951953614189E-15, 0.000000000000000000 ) ) ;
#2151 = LINE ( 'NONE', #3359, #1550 ) ;
#2152 = DIRECTION ( 'NONE',  ( -0.000000000000000000, 1.000000000000000000, -0.000000000000000000 ) ) ;
#2153 = CARTESIAN_POINT ( 'NONE',  ( 6.430019681605414483, -12.43504200973874774, 18.53712078220798176 ) ) ;
#2154 = CARTESIAN_POINT ( 'NONE',  ( 19.65986851570691840, 5.599999999999995204, 4.183248730964467477 ) ) ;
#2155 = VECTOR ( 'NONE', #2548, 1000.000000000000000 ) ;
#2156 = APPROVAL_ROLE ( '' ) ;
#2157 = ORIENTED_EDGE ( 'NONE', *, *, #1480, .F. ) ;
#2158 = ORIENTED_EDGE ( 'NONE', *, *, #4929, .T. ) ;
#2159 = CARTESIAN_POINT ( 'NONE',  ( -12.23982570682004578, 2.599999999999998312, 5.200000000000055245 ) ) ;
#2160 = CARTESIAN_POINT ( 'NONE',  ( -6.083609520091250111, 16.46930464146743134, 18.73712078220810895 ) ) ;
#2161 = FACE_OUTER_BOUND ( 'NONE', #398, .T. ) ;
#2162 = ORIENTED_EDGE ( 'NONE', *, *, #129, .T. ) ;
#2163 = DIRECTION ( 'NONE',  ( 0.5000000000000038858, 0.000000000000000000, 0.8660254037844363761 ) ) ;
#2165 = VECTOR ( 'NONE', #3934, 999.9999999999998863 ) ;
#2164 = DIRECTION ( 'NONE',  ( 1.445446984655908142E-16, -1.000000000000000000, 0.000000000000000000 ) ) ;
#2166 = ORIENTED_EDGE ( 'NONE', *, *, #567, .F. ) ;
#2167 = ORIENTED_EDGE ( 'NONE', *, *, #2848, .F. ) ;
#2168 = ORIENTED_EDGE ( 'NONE', *, *, #1019, .T. ) ;
#2169 = AXIS2_PLACEMENT_3D ( 'NONE', #3498, #5119, #1504 ) ;
#2170 = EDGE_CURVE ( 'NONE', #4196, #2485, #3507, .T. ) ;
#2171 = FACE_OUTER_BOUND ( 'NONE', #1750, .T. ) ;
#2172 = EDGE_LOOP ( 'NONE', ( #2541, #104, #995, #3232, #440, #422 ) ) ;
#2173 = EDGE_CURVE ( 'NONE', #579, #4024, #3896, .T. ) ;
#2174 = CARTESIAN_POINT ( 'NONE',  ( 17.08956796801299305, 2.470206448843657125E-15, 7.999999999999841904 ) ) ;
#2175 = VECTOR ( 'NONE', #1904, 1000.000000000000000 ) ;
#2176 = CIRCLE ( 'NONE', #580, 20.10000000000000853 ) ;
#2177 = CARTESIAN_POINT ( 'NONE',  ( -19.66862735121523542, 2.399999999999995914, -4.100000000000000533 ) ) ;
#2178 = CARTESIAN_POINT ( 'NONE',  ( 1.616580753730955999, 2.336681775933185388E-16, -13.19999999999999929 ) ) ;
#2179 = DIRECTION ( 'NONE',  ( 0.000000000000000000, 0.000000000000000000, 1.000000000000000000 ) ) ;
#2180 = VERTEX_POINT ( 'NONE', #643 ) ;
#2181 = EDGE_LOOP ( 'NONE', ( #1202, #2079, #4760, #666 ) ) ;
#2182 = AXIS2_PLACEMENT_3D ( 'NONE', #5200, #3264, #4877 ) ;
#2183 = CARTESIAN_POINT ( 'NONE',  ( 13.85640646055109215, 6.000000000000006217, 9.699999999999869615 ) ) ;
#2184 = ADVANCED_FACE ( 'NONE', ( #1097 ), #1437, .F. ) ;
#2185 = VECTOR ( 'NONE', #3133, 1000.000000000000227 ) ;
#2186 = FACE_OUTER_BOUND ( 'NONE', #5141, .T. ) ;
#2187 = DIRECTION ( 'NONE',  ( -0.4999999999999979461, -7.227234923279512360E-17, 0.8660254037844397068 ) ) ;
#2188 = ORIENTED_EDGE ( 'NONE', *, *, #3643, .F. ) ;
#2189 = CIRCLE ( 'NONE', #266, 0.4000000000000001887 ) ;
#2190 = EDGE_LOOP ( 'NONE', ( #2069, #2140, #3554, #4457 ) ) ;
#2191 = CARTESIAN_POINT ( 'NONE',  ( 6.083609520091634693, 16.46930464146743134, 18.73712078220798816 ) ) ;
#2192 = DIRECTION ( 'NONE',  ( 1.445446984655908389E-16, -1.000000000000000000, 1.232595164407830946E-32 ) ) ;
#2193 = ORIENTED_EDGE ( 'NONE', *, *, #326, .T. ) ;
#2194 = ORIENTED_EDGE ( 'NONE', *, *, #4290, .F. ) ;
#2195 = ORIENTED_EDGE ( 'NONE', *, *, #1152, .T. ) ;
#2196 = EDGE_CURVE ( 'NONE', #2775, #1903, #4600, .T. ) ;
#2197 = CARTESIAN_POINT ( 'NONE',  ( -15.47298721428198043, 2.599999999999997868, -5.199999999999964650 ) ) ;
#2198 = EDGE_CURVE ( 'NONE', #2121, #614, #1405, .T. ) ;
#2199 = ADVANCED_FACE ( 'NONE', ( #1067 ), #3483, .F. ) ;
#2200 = CARTESIAN_POINT ( 'NONE',  ( 15.47298721428184543, 2.600000000000001865, -10.80000000000017657 ) ) ;
#2201 = VERTEX_POINT ( 'NONE', #670 ) ;
#2202 = CARTESIAN_POINT ( 'NONE',  ( 16.00000000000000355, -10.75174404457249899, -3.700000000000000178 ) ) ;
#2203 = CARTESIAN_POINT ( 'NONE',  ( -15.47298721428198931, 2.599999999999997868, -10.79999999999996518 ) ) ;
#2204 = DIRECTION ( 'NONE',  ( -0.000000000000000000, -1.000000000000000000, -0.000000000000000000 ) ) ;
#2205 = CARTESIAN_POINT ( 'NONE',  ( 11.20429399400256365, 5.599999999999994316, 12.00640646055088823 ) ) ;
#2206 = EDGE_CURVE ( 'NONE', #458, #2735, #4000, .T. ) ;
#2207 = ORIENTED_EDGE ( 'NONE', *, *, #1434, .F. ) ;
#2208 = ORIENTED_EDGE ( 'NONE', *, *, #4607, .T. ) ;
#2209 = DIRECTION ( 'NONE',  ( 0.5000000000000019984, 7.227234923279569060E-17, 0.8660254037844375974 ) ) ;
#2211 = EDGE_CURVE ( 'NONE', #2463, #3972, #570, .T. ) ;
#2210 = CARTESIAN_POINT ( 'NONE',  ( -16.00000000000000000, 5.599999999999992539, 0.000000000000000000 ) ) ;
#2212 = DIRECTION ( 'NONE',  ( -1.445446984655908142E-16, 1.000000000000000000, 0.000000000000000000 ) ) ;
#2213 = ADVANCED_FACE ( 'NONE', ( #1016 ), #2592, .F. ) ;
#2214 = ORIENTED_EDGE ( 'NONE', *, *, #1954, .F. ) ;
#2215 = LINE ( 'NONE', #2646, #4197 ) ;
#2216 = DIRECTION ( 'NONE',  ( -0.4999999999999956146, -7.227234923279474150E-17, 0.8660254037844412611 ) ) ;
#2217 = DIRECTION ( 'NONE',  ( 1.445446984655908142E-16, -1.000000000000000000, -0.000000000000000000 ) ) ;
#2218 = PERSON_AND_ORGANIZATION ( #2135, #1151 ) ;
#2219 = EDGE_LOOP ( 'NONE', ( #3799, #4320, #2279, #1598 ) ) ;
#2220 = DIRECTION ( 'NONE',  ( -1.000000000000000000, 0.000000000000000000, 0.000000000000000000 ) ) ;
#2221 = CARTESIAN_POINT ( 'NONE',  ( 7.999999999999968914, 2.399999999999998579, -13.85640646055103886 ) ) ;
#2222 = ORIENTED_EDGE ( 'NONE', *, *, #687, .T. ) ;
#2223 = CARTESIAN_POINT ( 'NONE',  ( -13.18501783112368209, 5.599999999999990763, 14.63712078220817681 ) ) ;
#2224 = ORIENTED_EDGE ( 'NONE', *, *, #1480, .T. ) ;
#2225 = AXIS2_PLACEMENT_3D ( 'NONE', #2936, #4948, #4062 ) ;
#2226 = DIRECTION ( 'NONE',  ( -0.000000000000000000, 1.000000000000000000, 2.465190328815661892E-32 ) ) ;
#2227 = DIRECTION ( 'NONE',  ( -0.000000000000000000, -1.000000000000000000, -0.000000000000000000 ) ) ;
#2228 = CIRCLE ( 'NONE', #2486, 2.250000000000000444 ) ;
#2229 = ORIENTED_EDGE ( 'NONE', *, *, #985, .T. ) ;
#2230 = CARTESIAN_POINT ( 'NONE',  ( 19.26862735121523684, 5.599999999999995204, -4.100000000000000533 ) ) ;
#2231 = VECTOR ( 'NONE', #4372, 1000.000000000000000 ) ;
#2232 = DIRECTION ( 'NONE',  ( 0.000000000000000000, 1.000000000000000000, 0.000000000000000000 ) ) ;
#2233 = CARTESIAN_POINT ( 'NONE',  ( -8.099999999999999645, 16.46930464146743134, 0.000000000000000000 ) ) ;
#2234 = EDGE_CURVE ( 'NONE', #3972, #3017, #5021, .T. ) ;
#2235 = VECTOR ( 'NONE', #4698, 1000.000000000000000 ) ;
#2236 = ADVANCED_FACE ( 'NONE', ( #4215 ), #617, .T. ) ;
#2237 = CARTESIAN_POINT ( 'NONE',  ( -3.469072763174178259E-16, 2.399999999999997691, 0.000000000000000000 ) ) ;
#2238 = DIRECTION ( 'NONE',  ( -0.5000000000000039968, -7.227234923279599875E-17, -0.8660254037844363761 ) ) ;
#2239 = EDGE_CURVE ( 'NONE', #5117, #4581, #3531, .T. ) ;
#2240 = DIRECTION ( 'NONE',  ( -0.000000000000000000, 1.000000000000000000, -0.000000000000000000 ) ) ;
#2241 = ORIENTED_EDGE ( 'NONE', *, *, #4347, .F. ) ;
#2242 = AXIS2_PLACEMENT_3D ( 'NONE', #2221, #3820, #3987 ) ;
#2243 = DIRECTION ( 'NONE',  ( 1.000000000000000000, 1.445446984655908389E-16, 0.000000000000000000 ) ) ;
#2244 = EDGE_LOOP ( 'NONE', ( #4325, #5116, #3920, #2899, #967, #2811 ) ) ;
#2245 = DIRECTION ( 'NONE',  ( 1.000000000000000000, 1.445446984655908142E-16, 0.000000000000000000 ) ) ;
#2246 = VECTOR ( 'NONE', #3200, 1000.000000000000000 ) ;
#2247 = AXIS2_PLACEMENT_3D ( 'NONE', #447, #2877, #3327 ) ;
#2248 = CYLINDRICAL_SURFACE ( 'NONE', #1751, 0.4000000000000010214 ) ;
#2249 = DIRECTION ( 'NONE',  ( 1.445446984655908142E-16, -1.000000000000000000, -0.000000000000000000 ) ) ;
#2250 = DIRECTION ( 'NONE',  ( 1.000000000000000000, 0.000000000000000000, 0.000000000000000000 ) ) ;
#2251 = ORIENTED_EDGE ( 'NONE', *, *, #4575, .F. ) ;
#2252 = DIRECTION ( 'NONE',  ( 1.445446984655908882E-16, -1.000000000000000000, 0.000000000000000000 ) ) ;
#2253 = CARTESIAN_POINT ( 'NONE',  ( -11.20429399400248016, -12.43504200973873886, -12.00640646055096994 ) ) ;
#2254 = FACE_OUTER_BOUND ( 'NONE', #2952, .T. ) ;
#2255 = ORIENTED_EDGE ( 'NONE', *, *, #4347, .T. ) ;
#2256 = ORIENTED_EDGE ( 'NONE', *, *, #1649, .T. ) ;
#2257 = DIRECTION ( 'NONE',  ( -1.000000000000000000, -1.510331384556921065E-16, 0.000000000000000000 ) ) ;
#2258 = VECTOR ( 'NONE', #4154, 1000.000000000000000 ) ;
#2259 = FACE_OUTER_BOUND ( 'NONE', #2219, .T. ) ;
#2260 = CARTESIAN_POINT ( 'NONE',  ( 1.616580753730949782, 2.336681775933176513E-16, 13.19999999999999929 ) ) ;
#2261 = DIRECTION ( 'NONE',  ( 0.5000000000000003331, 7.227234923279544408E-17, 0.8660254037844384856 ) ) ;
#2262 = PRODUCT_RELATED_PRODUCT_CATEGORY ( 'detail', '', ( #2868 ) ) ;
#2263 = AXIS2_PLACEMENT_3D ( 'NONE', #2510, #1959, #4101 ) ;
#2264 = VECTOR ( 'NONE', #2462, 1000.000000000000114 ) ;
#2265 = EDGE_CURVE ( 'NONE', #4073, #3309, #2917, .T. ) ;
#2266 = CIRCLE ( 'NONE', #4529, 0.3999999999999993006 ) ;
#2267 = DIRECTION ( 'NONE',  ( -1.445446984655908142E-16, 1.000000000000000000, -0.000000000000000000 ) ) ;
#2268 = CARTESIAN_POINT ( 'NONE',  ( 13.85640646055092340, 2.600000000000001865, -6.300000000000170353 ) ) ;
#2269 = CARTESIAN_POINT ( 'NONE',  ( 1.338689302795758146E-15, 2.600000000000000089, 13.30000000000000959 ) ) ;
#2270 = ORIENTED_EDGE ( 'NONE', *, *, #1264, .F. ) ;
#2271 = EDGE_CURVE ( 'NONE', #3944, #1179, #3344, .T. ) ;
#2272 = CONICAL_SURFACE ( 'NONE', #1510, 1.699999999999993072, 0.7853981633974488341 ) ;
#2273 = FACE_OUTER_BOUND ( 'NONE', #374, .T. ) ;
#2274 = EDGE_LOOP ( 'NONE', ( #2112, #4845, #4105, #1432 ) ) ;
#2275 = DIRECTION ( 'NONE',  ( 1.022085364695839744E-16, -0.7071067811865472397, 0.7071067811865479058 ) ) ;
#2276 = EDGE_CURVE ( 'NONE', #538, #1938, #801, .T. ) ;
#2277 = LINE ( 'NONE', #1035, #4686 ) ;
#2278 = EDGE_CURVE ( 'NONE', #1361, #3691, #3506, .T. ) ;
#2279 = ORIENTED_EDGE ( 'NONE', *, *, #3194, .T. ) ;
#2280 = EDGE_CURVE ( 'NONE', #3303, #609, #1501, .T. ) ;
#2281 = VECTOR ( 'NONE', #485, 1000.000000000000000 ) ;
#2282 = LINE ( 'NONE', #276, #4068 ) ;
#2283 = VERTEX_POINT ( 'NONE', #4344 ) ;
#2284 = CYLINDRICAL_SURFACE ( 'NONE', #3976, 2.250000000000000444 ) ;
#2285 = DIRECTION ( 'NONE',  ( -1.000000000000000000, 0.000000000000000000, -8.673617379884030739E-15 ) ) ;
#2286 = ORIENTED_EDGE ( 'NONE', *, *, #2957, .F. ) ;
#2287 = LINE ( 'NONE', #651, #4744 ) ;
#2288 = CARTESIAN_POINT ( 'NONE',  ( 7.699999999999999289, 16.46930464146743134, 9.429780353434619030E-16 ) ) ;
#2289 = VERTEX_POINT ( 'NONE', #417 ) ;
#2290 = DIRECTION ( 'NONE',  ( 1.445446984655908142E-16, -1.000000000000000000, 0.000000000000000000 ) ) ;
#2291 = DIRECTION ( 'NONE',  ( 1.000000000000000000, 0.000000000000000000, -9.603429163007602497E-15 ) ) ;
#2292 = CARTESIAN_POINT ( 'NONE',  ( 13.85640646055092340, 2.600000000000001865, -8.000000000000163425 ) ) ;
#2293 = EDGE_LOOP ( 'NONE', ( #2033, #4509, #4102, #4175 ) ) ;
#2294 = EDGE_LOOP ( 'NONE', ( #1588, #1763, #1625, #2794 ) ) ;
#2295 = DIRECTION ( 'NONE',  ( -1.445446984655908142E-16, 1.000000000000000000, -0.000000000000000000 ) ) ;
#2296 = EDGE_CURVE ( 'NONE', #2595, #5194, #3714, .T. ) ;
#2297 = DIRECTION ( 'NONE',  ( 1.445446984655908142E-16, -1.000000000000000000, 0.000000000000000000 ) ) ;
#2298 = ORIENTED_EDGE ( 'NONE', *, *, #4771, .F. ) ;
#2299 = ORIENTED_EDGE ( 'NONE', *, *, #4621, .T. ) ;
#2300 = EDGE_CURVE ( 'NONE', #3011, #3545, #1003, .T. ) ;
#2301 = VERTEX_POINT ( 'NONE', #379 ) ;
#2302 = EDGE_CURVE ( 'NONE', #4301, #2949, #2326, .T. ) ;
#2303 = DIRECTION ( 'NONE',  ( -0.000000000000000000, -1.000000000000000000, -0.000000000000000000 ) ) ;
#2304 = DIRECTION ( 'NONE',  ( 1.000000000000000000, 1.445446984655908389E-16, -9.769962616701377556E-15 ) ) ;
#2305 = ORIENTED_EDGE ( 'NONE', *, *, #3370, .T. ) ;
#2306 = VECTOR ( 'NONE', #4036, 1000.000000000000114 ) ;
#2307 = CARTESIAN_POINT ( 'NONE',  ( -4.795706005997652177, 5.599999999999990763, -15.70640646055099943 ) ) ;
#2308 = PLANE ( 'NONE',  #3171 ) ;
#2309 = ORIENTED_EDGE ( 'NONE', *, *, #2296, .T. ) ;
#2310 = VECTOR ( 'NONE', #4940, 1000.000000000000000 ) ;
#2311 = LINE ( 'NONE', #196, #2605 ) ;
#2312 = DIRECTION ( 'NONE',  ( 1.445446984655908142E-16, -1.000000000000000000, 0.000000000000000000 ) ) ;
#2313 = ORIENTED_EDGE ( 'NONE', *, *, #106, .T. ) ;
#2314 = CARTESIAN_POINT ( 'NONE',  ( -13.18501783112388814, 5.599999999999990763, -14.63712078220799206 ) ) ;
#2315 = AXIS2_PLACEMENT_3D ( 'NONE', #998, #89, #3677 ) ;
#2316 = EDGE_LOOP ( 'NONE', ( #2080, #4693, #2749, #6 ) ) ;
#2317 = CARTESIAN_POINT ( 'NONE',  ( -13.18501783112388992, 16.46930464146743134, -14.63712078220799206 ) ) ;
#2318 = VERTEX_POINT ( 'NONE', #774 ) ;
#2319 = DIRECTION ( 'NONE',  ( 1.445446984655908142E-16, -1.000000000000000000, 0.000000000000000000 ) ) ;
#2320 = EDGE_LOOP ( 'NONE', ( #2010, #710, #1846, #195 ) ) ;
#2321 = CARTESIAN_POINT ( 'NONE',  ( -7.999999999999872102, 2.399999999999996358, 13.85640646055109215 ) ) ;
#2322 = CIRCLE ( 'NONE', #4935, 0.4000000000000010214 ) ;
#2323 = ORIENTED_EDGE ( 'NONE', *, *, #1076, .F. ) ;
#2324 = VERTEX_POINT ( 'NONE', #4499 ) ;
#2325 = DIRECTION ( 'NONE',  ( 8.659560562354968603E-17, -0.7071067811865445751, 0.7071067811865504593 ) ) ;
#2326 = LINE ( 'NONE', #3999, #1417 ) ;
#2327 = ADVANCED_FACE ( 'NONE', ( #4801 ), #2018, .F. ) ;
#2328 = EDGE_CURVE ( 'NONE', #1575, #1707, #27, .T. ) ;
#2329 = DIRECTION ( 'NONE',  ( -1.445446984655908142E-16, 1.000000000000000000, -0.000000000000000000 ) ) ;
#2330 = ORIENTED_EDGE ( 'NONE', *, *, #4157, .T. ) ;
#2331 = AXIS2_PLACEMENT_3D ( 'NONE', #3803, #3034, #1880 ) ;
#2332 = DIRECTION ( 'NONE',  ( -1.445446984655908142E-16, 1.000000000000000000, -0.000000000000000000 ) ) ;
#2333 = FACE_BOUND ( 'NONE', #4155, .T. ) ;
#2334 = EDGE_CURVE ( 'NONE', #1638, #1351, #1199, .T. ) ;
#2335 = ORIENTED_EDGE ( 'NONE', *, *, #4356, .F. ) ;
#2336 = LINE ( 'NONE', #732, #4371 ) ;
#2337 = CARTESIAN_POINT ( 'NONE',  ( 13.85640646055109215, 6.000000000000006217, 6.299999999999870148 ) ) ;
#2338 = AXIS2_PLACEMENT_3D ( 'NONE', #434, #3139, #1523 ) ;
#2339 = ORIENTED_EDGE ( 'NONE', *, *, #3575, .T. ) ;
#2340 = LINE ( 'NONE', #3937, #8 ) ;
#2341 = VECTOR ( 'NONE', #832, 999.9999999999998863 ) ;
#2342 = EDGE_LOOP ( 'NONE', ( #4269, #1777, #2358, #502, #2652 ) ) ;
#2343 = CARTESIAN_POINT ( 'NONE',  ( 1.338689302795758146E-15, 2.600000000000000089, 16.00000000000000000 ) ) ;
#2344 = EDGE_LOOP ( 'NONE', ( #4715, #3148, #4403, #717 ) ) ;
#2345 = LOCAL_TIME ( 21, 26, 45.00000000000000000, #3784 ) ;
#2346 = DIRECTION ( 'NONE',  ( -0.000000000000000000, -1.000000000000000000, -0.000000000000000000 ) ) ;
#2347 = VECTOR ( 'NONE', #119, 1000.000000000000114 ) ;
#2348 = ORIENTED_EDGE ( 'NONE', *, *, #337, .T. ) ;
#2349 = VERTEX_POINT ( 'NONE', #1724 ) ;
#2350 = ADVANCED_FACE ( 'NONE', ( #1621 ), #1091, .T. ) ;
#2351 = DIRECTION ( 'NONE',  ( -0.5000000000000004441, -7.227234923279544408E-17, -0.8660254037844383745 ) ) ;
#2352 = ADVANCED_FACE ( 'NONE', ( #3211 ), #3970, .F. ) ;
#2353 = DIRECTION ( 'NONE',  ( 0.000000000000000000, 0.000000000000000000, -1.000000000000000000 ) ) ;
#2354 = EDGE_CURVE ( 'NONE', #4391, #2459, #4902, .T. ) ;
#2355 = VECTOR ( 'NONE', #4447, 1000.000000000000000 ) ;
#2356 = CARTESIAN_POINT ( 'NONE',  ( 0.000000000000000000, 16.46930464146743134, 0.000000000000000000 ) ) ;
#2357 = ORIENTED_EDGE ( 'NONE', *, *, #5073, .T. ) ;
#2358 = ORIENTED_EDGE ( 'NONE', *, *, #3718, .T. ) ;
#2359 = EDGE_CURVE ( 'NONE', #609, #3303, #2764, .T. ) ;
#2360 = DIRECTION ( 'NONE',  ( 1.445446984655908142E-16, -1.000000000000000000, 0.000000000000000000 ) ) ;
#2361 = CARTESIAN_POINT ( 'NONE',  ( -13.85640646055104064, 2.599999999999997868, -10.69999999999996021 ) ) ;
#2362 = ORIENTED_EDGE ( 'NONE', *, *, #4548, .T. ) ;
#2363 = CARTESIAN_POINT ( 'NONE',  ( -15.47298721428195201, 2.599999999999997868, 5.200000000000069456 ) ) ;
#2364 = DIRECTION ( 'NONE',  ( 1.000000000000000000, 1.606225440719267353E-16, 0.000000000000000000 ) ) ;
#2365 = ADVANCED_FACE ( 'NONE', ( #4737 ), #1147, .F. ) ;
#2366 = DIRECTION ( 'NONE',  ( 0.000000000000000000, 0.7071067811865452413, 0.7071067811865497932 ) ) ;
#2367 = EDGE_CURVE ( 'NONE', #917, #3941, #1590, .T. ) ;
#2368 = DIRECTION ( 'NONE',  ( 0.000000000000000000, 0.000000000000000000, 1.000000000000000000 ) ) ;
#2369 = DIRECTION ( 'NONE',  ( -1.000000000000000000, -1.445446984655908142E-16, 0.000000000000000000 ) ) ;
#2370 = EDGE_CURVE ( 'NONE', #766, #344, #2037, .T. ) ;
#2371 = ORIENTED_EDGE ( 'NONE', *, *, #1824, .F. ) ;
#2372 = LINE ( 'NONE', #2399, #3685 ) ;
#2373 = CARTESIAN_POINT ( 'NONE',  ( 1.546879258650807583E-15, 3.599999999999992095, 17.69999999999999218 ) ) ;
#2374 = CARTESIAN_POINT ( 'NONE',  ( 13.85640646055109215, 3.600000000000000977, 7.999999999999870326 ) ) ;
#2375 = VERTEX_POINT ( 'NONE', #462 ) ;
#2376 = VERTEX_POINT ( 'NONE', #2482 ) ;
#2377 = LINE ( 'NONE', #3968, #2341 ) ;
#2378 = ORIENTED_EDGE ( 'NONE', *, *, #3902, .T. ) ;
#2379 = CARTESIAN_POINT ( 'NONE',  ( 7.999999999999968914, 5.599999999999995204, -13.85640646055103886 ) ) ;
#2380 = LINE ( 'NONE', #418, #2641 ) ;
#2381 = DIRECTION ( 'NONE',  ( 0.000000000000000000, 0.000000000000000000, 1.000000000000000000 ) ) ;
#2382 = LINE ( 'NONE', #354, #1095 ) ;
#2383 = ORIENTED_EDGE ( 'NONE', *, *, #3221, .T. ) ;
#2384 = ORIENTED_EDGE ( 'NONE', *, *, #1811, .F. ) ;
#2385 = CARTESIAN_POINT ( 'NONE',  ( 16.00000000000000000, 5.599999999999994316, 3.700000000000000178 ) ) ;
#2386 = DIRECTION ( 'NONE',  ( -1.445446984655908142E-16, 1.000000000000000000, -0.000000000000000000 ) ) ;
#2387 = ORIENTED_EDGE ( 'NONE', *, *, #3283, .F. ) ;
#2388 = DIRECTION ( 'NONE',  ( -1.000000000000000000, 0.000000000000000000, 0.000000000000000000 ) ) ;
#2389 = LINE ( 'NONE', #3955, #2165 ) ;
#2390 = CARTESIAN_POINT ( 'NONE',  ( 12.23982570682011328, 1.769201916063700128E-15, 5.199999999999889155 ) ) ;
#2391 = CARTESIAN_POINT ( 'NONE',  ( -16.00000000000000000, 5.599999999999992539, 3.700000000000000178 ) ) ;
#2392 = VERTEX_POINT ( 'NONE', #1552 ) ;
#2393 = PLANE ( 'NONE',  #1084 ) ;
#2394 = FACE_OUTER_BOUND ( 'NONE', #3875, .T. ) ;
#2395 = ADVANCED_FACE ( 'NONE', ( #1979 ), #2872, .F. ) ;
#2396 = VECTOR ( 'NONE', #1482, 1000.000000000000000 ) ;
#2397 = AXIS2_PLACEMENT_3D ( 'NONE', #1754, #968, #1404 ) ;
#2398 = EDGE_LOOP ( 'NONE', ( #2859, #2214, #4757, #1305 ) ) ;
#2399 = CARTESIAN_POINT ( 'NONE',  ( 7.700000000000001066, 5.199999999999997513, 0.000000000000000000 ) ) ;
#2400 = LINE ( 'NONE', #2373, #3371 ) ;
#2401 = AXIS2_PLACEMENT_3D ( 'NONE', #2200, #966, #4160 ) ;
#2402 = ORIENTED_EDGE ( 'NONE', *, *, #1415, .T. ) ;
#2403 = DIRECTION ( 'NONE',  ( -1.000000000000000000, -1.445446984655908142E-16, 0.000000000000000000 ) ) ;
#2404 = ORIENTED_EDGE ( 'NONE', *, *, #2407, .F. ) ;
#2405 = AXIS2_PLACEMENT_3D ( 'NONE', #1997, #4742, #3927 ) ;
#2406 = DIRECTION ( 'NONE',  ( 0.000000000000000000, 0.000000000000000000, -1.000000000000000000 ) ) ;
#2407 = EDGE_CURVE ( 'NONE', #1190, #4997, #4701, .T. ) ;
#2408 = DIRECTION ( 'NONE',  ( -0.000000000000000000, 1.000000000000000000, -0.000000000000000000 ) ) ;
#2409 = CARTESIAN_POINT ( 'NONE',  ( 7.999999999999968914, -7.806255641895631925E-15, -11.60640646055103709 ) ) ;
#2410 = CARTESIAN_POINT ( 'NONE',  ( -2.090321734816830538E-15, 6.000000000000003553, -17.69999999999999929 ) ) ;
#2411 = EDGE_LOOP ( 'NONE', ( #4652, #4595, #1694, #4187, #1688, #3900, #4394, #4128, #2830, #1045, #2896, #3495, #1274, #2505, #4478, #2125 ) ) ;
#2412 = ORIENTED_EDGE ( 'NONE', *, *, #5167, .F. ) ;
#2413 = CIRCLE ( 'NONE', #4331, 20.10000000000000853 ) ;
#2414 = AXIS2_PLACEMENT_3D ( 'NONE', #4830, #1354, #183 ) ;
#2415 = LINE ( 'NONE', #2385, #2491 ) ;
#2416 = DIRECTION ( 'NONE',  ( -1.000000000000000000, 0.000000000000000000, 0.000000000000000000 ) ) ;
#2417 = DIRECTION ( 'NONE',  ( -0.5000000000000079936, -7.227234923279655342E-17, -0.8660254037844339337 ) ) ;
#2418 = VECTOR ( 'NONE', #4624, 1000.000000000000000 ) ;
#2419 = DIRECTION ( 'NONE',  ( 0.000000000000000000, -1.000000000000000000, 0.000000000000000000 ) ) ;
#2420 = CARTESIAN_POINT ( 'NONE',  ( -3.469072763174174315E-16, 2.399999999999997691, 2.001426398207215148E-31 ) ) ;
#2421 = DIRECTION ( 'NONE',  ( -0.000000000000000000, -1.000000000000000000, -0.000000000000000000 ) ) ;
#2422 = PLANE ( 'NONE',  #4268 ) ;
#2423 = ORIENTED_EDGE ( 'NONE', *, *, #2588, .F. ) ;
#2424 = EDGE_CURVE ( 'NONE', #1753, #4540, #3517, .T. ) ;
#2425 = APPROVAL_STATUS ( 'not_yet_approved' ) ;
#2426 = AXIS2_PLACEMENT_3D ( 'NONE', #4531, #1624, #921 ) ;
#2427 = EDGE_LOOP ( 'NONE', ( #469, #1930, #2387, #703 ) ) ;
#2428 = AXIS2_PLACEMENT_3D ( 'NONE', #121, #2943, #1718 ) ;
#2429 = DIRECTION ( 'NONE',  ( -0.000000000000000000, 0.000000000000000000, 1.000000000000000000 ) ) ;
#2430 = DIRECTION ( 'NONE',  ( 0.000000000000000000, 0.000000000000000000, 1.000000000000000000 ) ) ;
#2431 = EDGE_LOOP ( 'NONE', ( #4787, #1020, #928, #2558, #3983 ) ) ;
#2432 = CIRCLE ( 'NONE', #582, 2.250000000000001776 ) ;
#2433 = AXIS2_PLACEMENT_3D ( 'NONE', #4903, #3207, #1616 ) ;
#2434 = EDGE_LOOP ( 'NONE', ( #2270, #4014 ) ) ;
#2435 = EDGE_CURVE ( 'NONE', #2047, #5032, #1177, .T. ) ;
#2436 = CARTESIAN_POINT ( 'NONE',  ( -19.26862735121523684, 16.46930464146742779, -4.100000000000000533 ) ) ;
#2437 = EDGE_LOOP ( 'NONE', ( #1674, #4824, #200, #2025 ) ) ;
#2438 = AXIS2_PLACEMENT_3D ( 'NONE', #3764, #3369, #4980 ) ;
#2439 = EDGE_CURVE ( 'NONE', #5015, #2923, #2806, .T. ) ;
#2440 = EDGE_CURVE ( 'NONE', #2962, #715, #589, .T. ) ;
#2441 = AXIS2_PLACEMENT_3D ( 'NONE', #3769, #2509, #2556 ) ;
#2442 = CARTESIAN_POINT ( 'NONE',  ( 13.85640646055092340, 3.599999999999994760, -6.300000000000170353 ) ) ;
#2443 = LINE ( 'NONE', #29, #3404 ) ;
#2444 = VECTOR ( 'NONE', #2926, 1000.000000000000000 ) ;
#2445 = DIRECTION ( 'NONE',  ( -1.445446984655908142E-16, 1.000000000000000000, -0.000000000000000000 ) ) ;
#2446 = EDGE_LOOP ( 'NONE', ( #166, #3541 ) ) ;
#2447 = CARTESIAN_POINT ( 'NONE',  ( 1.571100361931557643E-15, 5.599999999999994316, 0.000000000000000000 ) ) ;
#2448 = DIRECTION ( 'NONE',  ( 0.6123724356957954695, -0.7071067811865471286, 0.3535533905932728982 ) ) ;
#2449 = PLANE ( 'NONE',  #4631 ) ;
#2450 = ORIENTED_EDGE ( 'NONE', *, *, #4736, .T. ) ;
#2451 = CARTESIAN_POINT ( 'NONE',  ( -13.85640646055104064, 3.599999999999990319, -9.699999999999961986 ) ) ;
#2452 = CARTESIAN_POINT ( 'NONE',  ( -16.00000000000000000, 5.599999999999992539, 3.700000000000000178 ) ) ;
#2453 = AXIS2_PLACEMENT_3D ( 'NONE', #4901, #2192, #1795 ) ;
#2454 = CYLINDRICAL_SURFACE ( 'NONE', #4336, 1.699999999999993960 ) ;
#2455 = LINE ( 'NONE', #1160, #3352 ) ;
#2456 = ORIENTED_EDGE ( 'NONE', *, *, #899, .T. ) ;
#2457 = LINE ( 'NONE', #1268, #424 ) ;
#2458 = DIRECTION ( 'NONE',  ( 0.7071067811865483499, -0.7071067811865466846, 0.000000000000000000 ) ) ;
#2459 = VERTEX_POINT ( 'NONE', #428 ) ;
#2460 = DIRECTION ( 'NONE',  ( -0.5000000000000038858, 0.000000000000000000, -0.8660254037844363761 ) ) ;
#2461 = CARTESIAN_POINT ( 'NONE',  ( -17.08956796801293621, 2.599999999999997424, -7.999999999999961808 ) ) ;
#2462 = DIRECTION ( 'NONE',  ( -0.6123724356957969128, -0.7071067811865457964, -0.3535533905932728982 ) ) ;
#2463 = VERTEX_POINT ( 'NONE', #37 ) ;
#2464 = ORIENTED_EDGE ( 'NONE', *, *, #616, .F. ) ;
#2465 = FACE_OUTER_BOUND ( 'NONE', #4852, .T. ) ;
#2466 = EDGE_LOOP ( 'NONE', ( #3572, #4557, #2371, #308 ) ) ;
#2467 = DIRECTION ( 'NONE',  ( 1.000000000000000000, 0.000000000000000000, 0.000000000000000000 ) ) ;
#2468 = ADVANCED_FACE ( 'NONE', ( #699 ), #4086, .F. ) ;
#2469 = DIRECTION ( 'NONE',  ( 0.000000000000000000, 0.000000000000000000, -1.000000000000000000 ) ) ;
#2470 = VERTEX_POINT ( 'NONE', #5084 ) ;
#2471 = EDGE_CURVE ( 'NONE', #1373, #1087, #4776, .T. ) ;
#2472 = CARTESIAN_POINT ( 'NONE',  ( -19.26862735121523329, 5.999999999999995559, -4.099999999999999645 ) ) ;
#2473 = DIRECTION ( 'NONE',  ( 0.000000000000000000, 0.000000000000000000, 1.000000000000000000 ) ) ;
#2474 = DIRECTION ( 'NONE',  ( 0.000000000000000000, 0.000000000000000000, 1.000000000000000000 ) ) ;
#2475 = CYLINDRICAL_SURFACE ( 'NONE', #327, 3.700000000000000178 ) ;
#2476 = CARTESIAN_POINT ( 'NONE',  ( -17.08956796801289002, 2.599999999999997424, 8.000000000000076383 ) ) ;
#2477 = EDGE_LOOP ( 'NONE', ( #4569, #1000, #2162, #3770 ) ) ;
#2478 = FACE_OUTER_BOUND ( 'NONE', #2570, .T. ) ;
#2479 = ORIENTED_EDGE ( 'NONE', *, *, #408, .T. ) ;
#2480 = FACE_OUTER_BOUND ( 'NONE', #2294, .T. ) ;
#2481 = DIRECTION ( 'NONE',  ( 1.000000000000000000, 2.115516434118054751E-16, 0.000000000000000000 ) ) ;
#2482 = CARTESIAN_POINT ( 'NONE',  ( 1.616580753730949560, 2.600000000000000533, 13.19999999999999929 ) ) ;
#2483 = LINE ( 'NONE', #3655, #4263 ) ;
#2484 = DIRECTION ( 'NONE',  ( 1.445446984655908142E-16, -1.000000000000000000, 0.000000000000000000 ) ) ;
#2485 = VERTEX_POINT ( 'NONE', #750 ) ;
#2486 = AXIS2_PLACEMENT_3D ( 'NONE', #4485, #871, #2473 ) ;
#2487 = EDGE_LOOP ( 'NONE', ( #2696, #2339, #1389 ) ) ;
#2488 = ORIENTED_EDGE ( 'NONE', *, *, #3746, .T. ) ;
#2489 = VECTOR ( 'NONE', #4050, 1000.000000000000000 ) ;
#2490 = CARTESIAN_POINT ( 'NONE',  ( -15.47298721428198931, 2.599999999999997868, -10.79999999999996518 ) ) ;
#2491 = VECTOR ( 'NONE', #4005, 1000.000000000000000 ) ;
#2492 = VERTEX_POINT ( 'NONE', #1993 ) ;
#2493 = PLANE ( 'NONE',  #5122 ) ;
#2495 = EDGE_CURVE ( 'NONE', #4024, #741, #3173, .T. ) ;
#2494 = CARTESIAN_POINT ( 'NONE',  ( -15.47298721428198043, 2.599999999999997868, -5.199999999999964650 ) ) ;
#2496 = AXIS2_PLACEMENT_3D ( 'NONE', #5071, #2275, #2245 ) ;
#2497 = ORIENTED_EDGE ( 'NONE', *, *, #2471, .T. ) ;
#2498 = EDGE_LOOP ( 'NONE', ( #4445, #1378, #2540, #806, #1689, #3054, #3717 ) ) ;
#2499 = CARTESIAN_POINT ( 'NONE',  ( 4.299999999999970512, 2.399999999999999023, -13.85640646055103886 ) ) ;
#2500 = CIRCLE ( 'NONE', #3762, 0.4000000000000010214 ) ;
#2501 = VECTOR ( 'NONE', #3612, 999.9999999999998863 ) ;
#2503 = EDGE_CURVE ( 'NONE', #4745, #3045, #2266, .T. ) ;
#2502 = CARTESIAN_POINT ( 'NONE',  ( 16.00000000000000000, 6.000000000000000000, 4.100000000000008527 ) ) ;
#2504 = CARTESIAN_POINT ( 'NONE',  ( -10.62324495308913086, 2.599999999999998312, -7.999999999999979572 ) ) ;
#2505 = ORIENTED_EDGE ( 'NONE', *, *, #4584, .T. ) ;
#2506 = DIRECTION ( 'NONE',  ( 0.5000000000000039968, 7.227234923279602340E-17, 0.8660254037844363761 ) ) ;
#2507 = ADVANCED_FACE ( 'NONE', ( #1596 ), #1537, .T. ) ;
#2508 = CARTESIAN_POINT ( 'NONE',  ( -8.000000000000067502, 5.599999999999990763, -13.85640646055098379 ) ) ;
#2509 = DIRECTION ( 'NONE',  ( -0.8660254037844387076, -1.251793808535632106E-16, -0.5000000000000001110 ) ) ;
#2510 = CARTESIAN_POINT ( 'NONE',  ( -19.26862735121523329, 2.399999999999995914, 4.100000000000000533 ) ) ;
#2511 = ORIENTED_EDGE ( 'NONE', *, *, #192, .T. ) ;
#2512 = AXIS2_PLACEMENT_3D ( 'NONE', #3278, #2103, #3701 ) ;
#2513 = CONICAL_SURFACE ( 'NONE', #3850, 0.4000000000000062395, 0.7853981633974488341 ) ;
#2514 = ORIENTED_EDGE ( 'NONE', *, *, #3398, .F. ) ;
#2515 = VECTOR ( 'NONE', #3693, 1000.000000000000000 ) ;
#2516 = EDGE_LOOP ( 'NONE', ( #235, #2229, #91, #3667 ) ) ;
#2517 = VECTOR ( 'NONE', #3334, 1000.000000000000000 ) ;
#2518 = CYLINDRICAL_SURFACE ( 'NONE', #1058, 20.10000000000000142 ) ;
#2519 = EDGE_CURVE ( 'NONE', #5097, #2392, #2799, .T. ) ;
#2520 = CARTESIAN_POINT ( 'NONE',  ( -1.882131778961780707E-15, 6.000000000000003553, -14.30000000000000071 ) ) ;
#2521 = ORIENTED_EDGE ( 'NONE', *, *, #2937, .T. ) ;
#2522 = AXIS2_PLACEMENT_3D ( 'NONE', #238, #284, #5106 ) ;
#2523 = AXIS2_PLACEMENT_3D ( 'NONE', #5, #5129, #3126 ) ;
#2524 = CARTESIAN_POINT ( 'NONE',  ( -8.000000000000067502, 5.599999999999990763, -13.85640646055098379 ) ) ;
#2525 = VECTOR ( 'NONE', #1639, 1000.000000000000000 ) ;
#2526 = ORIENTED_EDGE ( 'NONE', *, *, #1242, .T. ) ;
#2527 = DIRECTION ( 'NONE',  ( 1.000000000000000000, 2.115516434118052532E-16, 0.000000000000000000 ) ) ;
#2528 = DIRECTION ( 'NONE',  ( -0.000000000000000000, -1.000000000000000000, -0.000000000000000000 ) ) ;
#2529 = DIRECTION ( 'NONE',  ( 0.000000000000000000, -0.7071067811865467956, 0.7071067811865483499 ) ) ;
#2530 = VECTOR ( 'NONE', #3143, 1000.000000000000000 ) ;
#2531 = EDGE_LOOP ( 'NONE', ( #1967, #1215 ) ) ;
#2532 = CARTESIAN_POINT ( 'NONE',  ( 13.85640646055092340, 3.599999999999994760, -8.000000000000163425 ) ) ;
#2533 = ADVANCED_FACE ( 'NONE', ( #1906 ), #722, .T. ) ;
#2534 = ADVANCED_FACE ( 'NONE', ( #329 ), #3601, .T. ) ;
#2535 = AXIS2_PLACEMENT_3D ( 'NONE', #3713, #123, #3795 ) ;
#2536 = PLANE ( 'NONE',  #562 ) ;
#2537 = FACE_OUTER_BOUND ( 'NONE', #1703, .T. ) ;
#2538 = ORIENTED_EDGE ( 'NONE', *, *, #2198, .T. ) ;
#2539 = CARTESIAN_POINT ( 'NONE',  ( 3.233161507461901341, 2.600000000000000533, 15.99999999999999645 ) ) ;
#2540 = ORIENTED_EDGE ( 'NONE', *, *, #5086, .T. ) ;
#2541 = ORIENTED_EDGE ( 'NONE', *, *, #2640, .T. ) ;
#2542 = DIRECTION ( 'NONE',  ( 1.445446984655908142E-16, -1.000000000000000000, 0.000000000000000000 ) ) ;
#2543 = VERTEX_POINT ( 'NONE', #2410 ) ;
#2544 = FACE_BOUND ( 'NONE', #2744, .T. ) ;
#2545 = FACE_OUTER_BOUND ( 'NONE', #2757, .T. ) ;
#2546 = CARTESIAN_POINT ( 'NONE',  ( 8.000000000000161648, 2.399999999999998579, 13.85640646055092517 ) ) ;
#2547 = DIRECTION ( 'NONE',  ( 0.8660254037844447028, 1.251793808535640981E-16, 0.4999999999999896194 ) ) ;
#2548 = DIRECTION ( 'NONE',  ( -1.445446984655908142E-16, 1.000000000000000000, -0.000000000000000000 ) ) ;
#2549 = VERTEX_POINT ( 'NONE', #1937 ) ;
#2550 = EDGE_LOOP ( 'NONE', ( #773, #4363 ) ) ;
#2551 = CYLINDRICAL_SURFACE ( 'NONE', #475, 0.4000000000000001887 ) ;
#2552 = DIRECTION ( 'NONE',  ( 1.445446984655908142E-16, -1.000000000000000000, 0.000000000000000000 ) ) ;
#2553 = ORIENTED_EDGE ( 'NONE', *, *, #2778, .F. ) ;
#2554 = VECTOR ( 'NONE', #2325, 1000.000000000000000 ) ;
#2555 = LINE ( 'NONE', #4957, #811 ) ;
#2556 = DIRECTION ( 'NONE',  ( -0.5000000000000000000, 0.000000000000000000, 0.8660254037844385966 ) ) ;
#2557 = ADVANCED_FACE ( 'NONE', ( #3533 ), #382, .T. ) ;
#2558 = ORIENTED_EDGE ( 'NONE', *, *, #953, .F. ) ;
#2559 = CARTESIAN_POINT ( 'NONE',  ( 1.616580753730949560, 2.600000000000000533, 13.19999999999999929 ) ) ;
#2560 = ORIENTED_EDGE ( 'NONE', *, *, #156, .F. ) ;
#2561 = ORIENTED_EDGE ( 'NONE', *, *, #4225, .T. ) ;
#2562 = VECTOR ( 'NONE', #620, 1000.000000000000000 ) ;
#2563 = EDGE_CURVE ( 'NONE', #2201, #614, #2382, .T. ) ;
#2564 = VECTOR ( 'NONE', #4051, 1000.000000000000000 ) ;
#2565 = DIRECTION ( 'NONE',  ( 1.445446984655908142E-16, -1.000000000000000000, 0.000000000000000000 ) ) ;
#2566 = VERTEX_POINT ( 'NONE', #5181 ) ;
#2567 = CONICAL_SURFACE ( 'NONE', #3134, 3.700000000000000178, 0.7853981633974504994 ) ;
#2568 = CARTESIAN_POINT ( 'NONE',  ( 6.430019681605154247, 2.399999999999999911, -18.53712078220807058 ) ) ;
#2569 = ORIENTED_EDGE ( 'NONE', *, *, #564, .T. ) ;
#2570 = EDGE_LOOP ( 'NONE', ( #3113, #2619, #3786, #2142 ) ) ;
#2571 = CARTESIAN_POINT ( 'NONE',  ( -20.10000000000000853, 2.399999999999994582, 0.000000000000000000 ) ) ;
#2572 = CIRCLE ( 'NONE', #1144, 3.700000000000000178 ) ;
#2573 = CARTESIAN_POINT ( 'NONE',  ( -13.85640646055104064, 2.599999999999997868, -7.999999999999967137 ) ) ;
#2574 = CARTESIAN_POINT ( 'NONE',  ( 1.616580753730949116, 2.336681775933175527E-16, 18.79999999999999716 ) ) ;
#2575 = EDGE_LOOP ( 'NONE', ( #4564, #2910, #5121, #1118 ) ) ;
#2576 = AXIS2_PLACEMENT_3D ( 'NONE', #2191, #3684, #4148 ) ;
#2577 = DIRECTION ( 'NONE',  ( -1.000000000000000000, -1.445446984655908142E-16, 1.165734175856414367E-14 ) ) ;
#2579 = AXIS2_PLACEMENT_3D ( 'NONE', #2785, #4011, #1265 ) ;
#2578 = CARTESIAN_POINT ( 'NONE',  ( -19.26862735121523329, -10.75174404457250432, -3.700000000000000178 ) ) ;
#2580 = DATE_TIME_ROLE ( 'classification_date' ) ;
#2581 = EDGE_CURVE ( 'NONE', #2201, #4514, #1755, .T. ) ;
#2582 = AXIS2_PLACEMENT_3D ( 'NONE', #3432, #2611, #1431 ) ;
#2583 = EDGE_LOOP ( 'NONE', ( #2087, #2286, #243, #1565, #1250, #2456, #3379 ) ) ;
#2584 = EDGE_LOOP ( 'NONE', ( #3316, #368, #1634, #1403 ) ) ;
#2585 = AXIS2_PLACEMENT_3D ( 'NONE', #1614, #4368, #3175 ) ;
#2586 = CARTESIAN_POINT ( 'NONE',  ( -6.083609520091248335, 5.599999999999992539, 18.73712078220810895 ) ) ;
#2587 = ORIENTED_EDGE ( 'NONE', *, *, #2803, .T. ) ;
#2588 = EDGE_CURVE ( 'NONE', #807, #1453, #414, .T. ) ;
#2589 = FACE_BOUND ( 'NONE', #5144, .T. ) ;
#2590 = ADVANCED_FACE ( 'NONE', ( #776 ), #4911, .F. ) ;
#2591 = ADVANCED_FACE ( 'NONE', ( #4860 ), #2272, .F. ) ;
#2592 = CYLINDRICAL_SURFACE ( 'NONE', #4083, 1.699999999999993960 ) ;
#2593 = CARTESIAN_POINT ( 'NONE',  ( -13.85640646055098379, 2.599999999999997868, 10.70000000000005258 ) ) ;
#2594 = AXIS2_PLACEMENT_3D ( 'NONE', #1309, #525, #2128 ) ;
#2595 = VERTEX_POINT ( 'NONE', #2520 ) ;
#2596 = EDGE_LOOP ( 'NONE', ( #1586, #2730, #3719, #373 ) ) ;
#2597 = DIRECTION ( 'NONE',  ( 1.445446984655908142E-16, -1.000000000000000000, 0.000000000000000000 ) ) ;
#2598 = AXIS2_PLACEMENT_3D ( 'NONE', #4923, #2212, #4092 ) ;
#2599 = DIRECTION ( 'NONE',  ( 1.445446984655908142E-16, -1.000000000000000000, 0.000000000000000000 ) ) ;
#2600 = DIRECTION ( 'NONE',  ( -1.000000000000000000, -1.172110456741085828E-16, 0.000000000000000000 ) ) ;
#2601 = ORIENTED_EDGE ( 'NONE', *, *, #1951, .T. ) ;
#2602 = VECTOR ( 'NONE', #1446, 1000.000000000000000 ) ;
#2603 = CARTESIAN_POINT ( 'NONE',  ( -2.090321734816830538E-15, 3.600000000000006306, -16.00000000000000000 ) ) ;
#2604 = DIRECTION ( 'NONE',  ( -0.4999999999999956146, -7.227234923279474150E-17, 0.8660254037844412611 ) ) ;
#2605 = VECTOR ( 'NONE', #239, 1000.000000000000000 ) ;
#2606 = CARTESIAN_POINT ( 'NONE',  ( 19.26862735121523684, 16.46930464146743489, 4.100000000000000533 ) ) ;
#2607 = LINE ( 'NONE', #4206, #24 ) ;
#2608 = VECTOR ( 'NONE', #2458, 1000.000000000000000 ) ;
#2609 = ORIENTED_EDGE ( 'NONE', *, *, #4878, .F. ) ;
#2610 = DIRECTION ( 'NONE',  ( 1.445446984655908142E-16, -1.000000000000000000, 0.000000000000000000 ) ) ;
#2611 = DIRECTION ( 'NONE',  ( 1.445446984655908142E-16, -1.000000000000000000, 0.000000000000000000 ) ) ;
#2612 = ORIENTED_EDGE ( 'NONE', *, *, #278, .T. ) ;
#2613 = FACE_BOUND ( 'NONE', #3529, .T. ) ;
#2614 = CARTESIAN_POINT ( 'NONE',  ( -13.45273392921777678, 16.46930464146742779, -14.93432120418176012 ) ) ;
#2615 = ADVANCED_FACE ( 'NONE', ( #30 ), #2678, .F. ) ;
#2616 = CARTESIAN_POINT ( 'NONE',  ( 11.20429399400256720, -12.43504200973874418, 12.00640646055088823 ) ) ;
#2617 = VERTEX_POINT ( 'NONE', #4052 ) ;
#2618 = DIRECTION ( 'NONE',  ( 1.445446984655908142E-16, -1.000000000000000000, 0.000000000000000000 ) ) ;
#2619 = ORIENTED_EDGE ( 'NONE', *, *, #4546, .T. ) ;
#2620 = CYLINDRICAL_SURFACE ( 'NONE', #718, 3.699999999999998401 ) ;
#2621 = DIRECTION ( 'NONE',  ( 0.5000000000000079936, 7.227234923279651644E-17, 0.8660254037844339337 ) ) ;
#2622 = VERTEX_POINT ( 'NONE', #4937 ) ;
#2623 = CYLINDRICAL_SURFACE ( 'NONE', #1889, 0.4000000000000001887 ) ;
#2624 = DIRECTION ( 'NONE',  ( 1.445446984655908142E-16, -1.000000000000000000, 0.000000000000000000 ) ) ;
#2625 = ORIENTED_EDGE ( 'NONE', *, *, #4362, .T. ) ;
#2626 = ORIENTED_EDGE ( 'NONE', *, *, #4711, .F. ) ;
#2627 = DIRECTION ( 'NONE',  ( 0.000000000000000000, 0.000000000000000000, -1.000000000000000000 ) ) ;
#2628 = CARTESIAN_POINT ( 'NONE',  ( 6.083609520091636469, 5.599999999999994316, 18.73712078220798816 ) ) ;
#2629 = LINE ( 'NONE', #4236, #4112 ) ;
#2630 = DIRECTION ( 'NONE',  ( 0.000000000000000000, 0.000000000000000000, 1.000000000000000000 ) ) ;
#2631 = ORIENTED_EDGE ( 'NONE', *, *, #901, .T. ) ;
#2632 = DIRECTION ( 'NONE',  ( -1.000000000000000000, -1.172110456741085828E-16, 0.000000000000000000 ) ) ;
#2633 = EDGE_CURVE ( 'NONE', #5026, #817, #1304, .T. ) ;
#2634 = DIRECTION ( 'NONE',  ( 0.000000000000000000, 0.000000000000000000, 1.000000000000000000 ) ) ;
#2635 = DIRECTION ( 'NONE',  ( 1.000000000000000000, 0.000000000000000000, 0.000000000000000000 ) ) ;
#2636 = ORIENTED_EDGE ( 'NONE', *, *, #1415, .F. ) ;
#2637 = CONICAL_SURFACE ( 'NONE', #1808, 0.4000000000000080158, 0.7853981633974492782 ) ;
#2638 = VERTEX_POINT ( 'NONE', #1327 ) ;
#2639 = DIRECTION ( 'NONE',  ( -1.445446984655908142E-16, 1.000000000000000000, -0.000000000000000000 ) ) ;
#2640 = EDGE_CURVE ( 'NONE', #492, #5015, #4002, .T. ) ;
#2641 = VECTOR ( 'NONE', #1679, 1000.000000000000000 ) ;
#2642 = DIRECTION ( 'NONE',  ( -1.000000000000000000, -1.445446984655908142E-16, 0.000000000000000000 ) ) ;
#2643 = CARTESIAN_POINT ( 'NONE',  ( -1.616580753730949560, 2.599999999999999645, -18.79999999999999716 ) ) ;
#2644 = CIRCLE ( 'NONE', #4495, 20.10000000000000853 ) ;
#2645 = AXIS2_PLACEMENT_3D ( 'NONE', #3192, #2027, #3617 ) ;
#2646 = CARTESIAN_POINT ( 'NONE',  ( 17.08956796801282962, 2.470206448843634248E-15, -8.000000000000191847 ) ) ;
#2647 = EDGE_CURVE ( 'NONE', #4212, #4420, #3363, .T. ) ;
#2648 = CARTESIAN_POINT ( 'NONE',  ( -11.20429399400248371, 5.599999999999992539, -12.00640646055096994 ) ) ;
#2649 = EDGE_CURVE ( 'NONE', #4855, #1726, #837, .T. ) ;
#2650 = ORIENTED_EDGE ( 'NONE', *, *, #1765, .T. ) ;
#2651 = VECTOR ( 'NONE', #2683, 1000.000000000000000 ) ;
#2652 = ORIENTED_EDGE ( 'NONE', *, *, #1248, .F. ) ;
#2653 = DIRECTION ( 'NONE',  ( 1.445446984655908142E-16, -1.000000000000000000, 0.000000000000000000 ) ) ;
#2654 = ORIENTED_EDGE ( 'NONE', *, *, #4188, .T. ) ;
#2655 = EDGE_CURVE ( 'NONE', #4540, #1753, #1667, .T. ) ;
#2656 = CIRCLE ( 'NONE', #4170, 2.250000000000000444 ) ;
#2657 = CIRCLE ( 'NONE', #4666, 3.700000000000000178 ) ;
#2658 = LINE ( 'NONE', #345, #3160 ) ;
#2659 = ORIENTED_EDGE ( 'NONE', *, *, #2815, .F. ) ;
#2660 = VECTOR ( 'NONE', #2304, 1000.000000000000000 ) ;
#2661 = ORIENTED_EDGE ( 'NONE', *, *, #4728, .T. ) ;
#2662 = CARTESIAN_POINT ( 'NONE',  ( 8.100000000000001421, 2.399999999999999023, 0.000000000000000000 ) ) ;
#2663 = DIRECTION ( 'NONE',  ( -1.445446984655907896E-16, 1.000000000000000000, 2.465190328815661892E-32 ) ) ;
#2664 = ORIENTED_EDGE ( 'NONE', *, *, #2738, .T. ) ;
#2665 = DIRECTION ( 'NONE',  ( 1.000000000000000000, 1.126443815569355400E-16, 0.000000000000000000 ) ) ;
#2666 = AXIS2_PLACEMENT_3D ( 'NONE', #823, #2429, #3629 ) ;
#2667 = CARTESIAN_POINT ( 'NONE',  ( -19.26862735121523329, 5.999999999999995559, -4.099999999999999645 ) ) ;
#2668 = CARTESIAN_POINT ( 'NONE',  ( 19.65986851570691840, 16.46930464146743489, 4.183248730964467477 ) ) ;
#2669 = AXIS2_PLACEMENT_3D ( 'NONE', #4750, #457, #397 ) ;
#2670 = EDGE_LOOP ( 'NONE', ( #4885, #4987 ) ) ;
#2671 = AXIS2_PLACEMENT_3D ( 'NONE', #2532, #2843, #4846 ) ;
#2672 = AXIS2_PLACEMENT_3D ( 'NONE', #1288, #3812, #2110 ) ;
#2673 = PLANE ( 'NONE',  #1436 ) ;
#2674 = CARTESIAN_POINT ( 'NONE',  ( -15.47298721428192003, -2.236538271250322217E-15, 10.80000000000006999 ) ) ;
#2675 = CARTESIAN_POINT ( 'NONE',  ( 15.47298721428201418, 2.236538271250335628E-15, 5.199999999999857181 ) ) ;
#2676 = AXIS2_PLACEMENT_3D ( 'NONE', #1194, #4019, #47 ) ;
#2677 = ORIENTED_EDGE ( 'NONE', *, *, #1368, .T. ) ;
#2678 = CONICAL_SURFACE ( 'NONE', #4272, 1.699999999999993072, 0.7853981633974507215 ) ;
#2679 = EDGE_CURVE ( 'NONE', #2949, #707, #131, .T. ) ;
#2680 = EDGE_CURVE ( 'NONE', #3792, #4489, #75, .T. ) ;
#2681 = ORIENTED_EDGE ( 'NONE', *, *, #4513, .F. ) ;
#2682 = EDGE_CURVE ( 'NONE', #2318, #2121, #1747, .T. ) ;
#2683 = DIRECTION ( 'NONE',  ( -0.000000000000000000, -1.000000000000000000, -0.000000000000000000 ) ) ;
#2684 = EDGE_LOOP ( 'NONE', ( #3430, #2789 ) ) ;
#2685 = DIRECTION ( 'NONE',  ( 0.2183635302409964174, -0.7071067811865476838, -0.6725454398482596519 ) ) ;
#2686 = AXIS2_PLACEMENT_3D ( 'NONE', #1927, #5147, #1531 ) ;
#2687 = ORIENTED_EDGE ( 'NONE', *, *, #3298, .F. ) ;
#2688 = DIRECTION ( 'NONE',  ( -0.000000000000000000, 1.000000000000000000, -0.000000000000000000 ) ) ;
#2689 = VECTOR ( 'NONE', #2240, 1000.000000000000000 ) ;
#2690 = CARTESIAN_POINT ( 'NONE',  ( -6.083609520091248335, 2.399999999999997691, 18.73712078220810895 ) ) ;
#2691 = DIRECTION ( 'NONE',  ( 1.000000000000000000, 2.115516434118054011E-16, 0.000000000000000000 ) ) ;
#2692 = EDGE_LOOP ( 'NONE', ( #1749, #65, #4433, #5068 ) ) ;
#2693 = ORIENTED_EDGE ( 'NONE', *, *, #4374, .T. ) ;
#2694 = DIRECTION ( 'NONE',  ( 0.6123724356957990222, -0.7071067811865434649, 0.3535533905932740639 ) ) ;
#2695 = DIRECTION ( 'NONE',  ( -1.445446984655908142E-16, 1.000000000000000000, -0.000000000000000000 ) ) ;
#2696 = ORIENTED_EDGE ( 'NONE', *, *, #3894, .T. ) ;
#2697 = CARTESIAN_POINT ( 'NONE',  ( -13.85640646055104064, 3.599999999999990319, -7.999999999999967137 ) ) ;
#2698 = CARTESIAN_POINT ( 'NONE',  ( -19.66862735121523897, 5.599999999999990763, -4.100000000000000533 ) ) ;
#2699 = DIRECTION ( 'NONE',  ( -0.000000000000000000, 1.000000000000000000, -0.000000000000000000 ) ) ;
#2700 = ORIENTED_EDGE ( 'NONE', *, *, #5155, .T. ) ;
#2701 = FACE_OUTER_BOUND ( 'NONE', #2190, .T. ) ;
#2702 = DIRECTION ( 'NONE',  ( -0.4999999999999896194, -7.227234923279391566E-17, 0.8660254037844447028 ) ) ;
#2703 = DIRECTION ( 'NONE',  ( -1.445446984655908142E-16, 1.000000000000000000, -0.000000000000000000 ) ) ;
#2704 = ORIENTED_EDGE ( 'NONE', *, *, #2424, .F. ) ;
#2705 = CARTESIAN_POINT ( 'NONE',  ( -6.083609520091507683, 16.46930464146743134, -18.73712078220803079 ) ) ;
#2706 = EDGE_LOOP ( 'NONE', ( #4046, #2224, #5093, #3356 ) ) ;
#2707 = EDGE_CURVE ( 'NONE', #2180, #1968, #53, .T. ) ;
#2708 = DIRECTION ( 'NONE',  ( 0.8660254037844363761, 1.251793808535628655E-16, -0.5000000000000038858 ) ) ;
#2709 = ORIENTED_EDGE ( 'NONE', *, *, #2972, .T. ) ;
#2710 = ORIENTED_EDGE ( 'NONE', *, *, #5000, .F. ) ;
#2711 = CARTESIAN_POINT ( 'NONE',  ( -19.66862735121523897, 16.46930464146742779, 4.100000000000000533 ) ) ;
#2712 = ADVANCED_FACE ( 'NONE', ( #77 ), #893, .F. ) ;
#2713 = DIRECTION ( 'NONE',  ( -0.6123724356957891413, -0.7071067811865490160, 0.3535533905932802257 ) ) ;
#2714 = ADVANCED_FACE ( 'NONE', ( #4109 ), #3245, .F. ) ;
#2715 = ORIENTED_EDGE ( 'NONE', *, *, #4461, .F. ) ;
#2716 = CARTESIAN_POINT ( 'NONE',  ( 13.85640646055092340, 6.000000000000006217, -9.700000000000160938 ) ) ;
#2717 = CARTESIAN_POINT ( 'NONE',  ( 15.47298721428201418, 2.600000000000001865, 5.199999999999857181 ) ) ;
#2718 = VECTOR ( 'NONE', #615, 1000.000000000000000 ) ;
#2719 = VERTEX_POINT ( 'NONE', #3665 ) ;
#2720 = CIRCLE ( 'NONE', #377, 0.3999999999999993006 ) ;
#2721 = CIRCLE ( 'NONE', #5180, 4.100000000000006750 ) ;
#2722 = DIRECTION ( 'NONE',  ( -0.000000000000000000, -1.000000000000000000, -0.000000000000000000 ) ) ;
#2723 = LINE ( 'NONE', #1188, #4677 ) ;
#2724 = ORIENTED_EDGE ( 'NONE', *, *, #4386, .T. ) ;
#2725 = FACE_OUTER_BOUND ( 'NONE', #1267, .T. ) ;
#2726 = ADVANCED_FACE ( 'NONE', ( #108 ), #494, .F. ) ;
#2727 = LINE ( 'NONE', #3170, #822 ) ;
#2728 = VECTOR ( 'NONE', #4487, 999.9999999999998863 ) ;
#2729 = EDGE_CURVE ( 'NONE', #566, #648, #3273, .T. ) ;
#2730 = ORIENTED_EDGE ( 'NONE', *, *, #693, .F. ) ;
#2731 = ORIENTED_EDGE ( 'NONE', *, *, #3003, .T. ) ;
#2732 = DIRECTION ( 'NONE',  ( 1.000000000000000000, 0.000000000000000000, 0.000000000000000000 ) ) ;
#2733 = EDGE_LOOP ( 'NONE', ( #3808, #3806 ) ) ;
#2734 = AXIS2_PLACEMENT_3D ( 'NONE', #680, #3519, #2291 ) ;
#2735 = VERTEX_POINT ( 'NONE', #3213 ) ;
#2736 = EDGE_LOOP ( 'NONE', ( #204, #5164, #3966 ) ) ;
#2737 = FACE_OUTER_BOUND ( 'NONE', #2293, .T. ) ;
#2738 = EDGE_CURVE ( 'NONE', #1171, #479, #155, .T. ) ;
#2739 = CARTESIAN_POINT ( 'NONE',  ( -7.999999999999870326, -12.43504200973871043, 13.85640646055109215 ) ) ;
#2740 = EDGE_CURVE ( 'NONE', #277, #1161, #203, .T. ) ;
#2741 = DIRECTION ( 'NONE',  ( -0.5000000000000101030, -7.227234923279686156E-17, -0.8660254037844328234 ) ) ;
#2742 = EDGE_CURVE ( 'NONE', #142, #1351, #3383, .T. ) ;
#2743 = CARTESIAN_POINT ( 'NONE',  ( 13.18501783112398762, 16.46930464146743134, 14.63712078220790325 ) ) ;
#2744 = EDGE_LOOP ( 'NONE', ( #2878, #2587 ) ) ;
#2745 = ADVANCED_FACE ( 'NONE', ( #4616 ), #5197, .F. ) ;
#2746 = AXIS2_PLACEMENT_3D ( 'NONE', #3454, #2346, #4235 ) ;
#2747 = CARTESIAN_POINT ( 'NONE',  ( -16.00000000000000000, -1.127570259384924611E-14, -2.250000000000000444 ) ) ;
#2748 = PLANE ( 'NONE',  #427 ) ;
#2749 = ORIENTED_EDGE ( 'NONE', *, *, #1491, .F. ) ;
#2750 = CARTESIAN_POINT ( 'NONE',  ( 1.686736120704029742E-15, 4.799999999999997158, 0.000000000000000000 ) ) ;
#2751 = DIRECTION ( 'NONE',  ( 1.445446984655908142E-16, -1.000000000000000000, -0.000000000000000000 ) ) ;
#2752 = DIRECTION ( 'NONE',  ( 1.445446984655908142E-16, -1.000000000000000000, -0.000000000000000000 ) ) ;
#2753 = CIRCLE ( 'NONE', #4690, 2.700000000000001066 ) ;
#2754 = LINE ( 'NONE', #4843, #4506 ) ;
#2755 = CARTESIAN_POINT ( 'NONE',  ( 4.795706005997541155, 5.599999999999994316, -15.70640646055102962 ) ) ;
#2756 = CIRCLE ( 'NONE', #3006, 0.4000000000000001887 ) ;
#2757 = EDGE_LOOP ( 'NONE', ( #4122, #227, #3329, #223 ) ) ;
#2758 = LINE ( 'NONE', #3959, #3074 ) ;
#2759 = VECTOR ( 'NONE', #2956, 1000.000000000000114 ) ;
#2760 = ORIENTED_EDGE ( 'NONE', *, *, #2276, .T. ) ;
#2761 = CARTESIAN_POINT ( 'NONE',  ( -8.000000000000065725, 2.399999999999996358, -13.85640646055098379 ) ) ;
#2762 = CARTESIAN_POINT ( 'NONE',  ( 12.23982570682000848, 2.600000000000001421, -5.200000000000139622 ) ) ;
#2763 = VECTOR ( 'NONE', #4444, 1000.000000000000000 ) ;
#2764 = CIRCLE ( 'NONE', #5128, 1.700000000000000178 ) ;
#2765 = ORIENTED_EDGE ( 'NONE', *, *, #1076, .T. ) ;
#2766 = ORIENTED_EDGE ( 'NONE', *, *, #1727, .T. ) ;
#2767 = VECTOR ( 'NONE', #3949, 1000.000000000000000 ) ;
#2768 = CARTESIAN_POINT ( 'NONE',  ( 13.18501783112398940, 5.599999999999994316, 14.63712078220790325 ) ) ;
#2769 = ORIENTED_EDGE ( 'NONE', *, *, #4044, .T. ) ;
#2770 = VECTOR ( 'NONE', #3119, 1000.000000000000114 ) ;
#2771 = DIRECTION ( 'NONE',  ( -1.445446984655908142E-16, 1.000000000000000000, -0.000000000000000000 ) ) ;
#2772 = DIRECTION ( 'NONE',  ( -0.5000000000000101030, 0.000000000000000000, -0.8660254037844328234 ) ) ;
#2773 = DIRECTION ( 'NONE',  ( 1.000000000000000000, 2.115516434118054011E-16, 0.000000000000000000 ) ) ;
#2774 = ORIENTED_EDGE ( 'NONE', *, *, #1152, .F. ) ;
#2775 = VERTEX_POINT ( 'NONE', #3004 ) ;
#2776 = VECTOR ( 'NONE', #4151, 1000.000000000000000 ) ;
#2778 = EDGE_CURVE ( 'NONE', #1671, #614, #228, .T. ) ;
#2777 = FACE_OUTER_BOUND ( 'NONE', #1611, .T. ) ;
#2779 = DIRECTION ( 'NONE',  ( 1.445446984655908142E-16, -1.000000000000000000, 0.000000000000000000 ) ) ;
#2780 = EDGE_CURVE ( 'NONE', #3190, #4932, #4664, .T. ) ;
#2781 = EDGE_CURVE ( 'NONE', #2775, #1883, #4990, .T. ) ;
#2782 = ORIENTED_EDGE ( 'NONE', *, *, #3686, .F. ) ;
#2783 = FACE_OUTER_BOUND ( 'NONE', #2900, .T. ) ;
#2784 = DIRECTION ( 'NONE',  ( -0.5000000000000000000, -7.227234923279540710E-17, 0.8660254037844385966 ) ) ;
#2785 = CARTESIAN_POINT ( 'NONE',  ( -7.999999999999872102, 2.399999999999996358, 13.85640646055109215 ) ) ;
#2786 = PLANE ( 'NONE',  #4103 ) ;
#2787 = EDGE_LOOP ( 'NONE', ( #1931, #1094, #1642, #1888 ) ) ;
#2788 = DIRECTION ( 'NONE',  ( -0.5000000000000000000, -7.227234923279540710E-17, 0.8660254037844385966 ) ) ;
#2789 = ORIENTED_EDGE ( 'NONE', *, *, #2083, .T. ) ;
#2790 = EDGE_LOOP ( 'NONE', ( #1111, #3155, #210, #4700 ) ) ;
#2791 = ADVANCED_FACE ( 'NONE', ( #2978 ), #1400, .T. ) ;
#2792 = CARTESIAN_POINT ( 'NONE',  ( 0.000000000000000000, 16.46930464146743134, 0.000000000000000000 ) ) ;
#2793 = LINE ( 'NONE', #2461, #4116 ) ;
#2794 = ORIENTED_EDGE ( 'NONE', *, *, #887, .T. ) ;
#2795 = VERTEX_POINT ( 'NONE', #4585 ) ;
#2796 = CARTESIAN_POINT ( 'NONE',  ( 3.233161507461908002, 2.600000000000000533, -16.00000000000000000 ) ) ;
#2797 = DIRECTION ( 'NONE',  ( 1.445446984655908142E-16, -1.000000000000000000, -0.000000000000000000 ) ) ;
#2798 = LINE ( 'NONE', #1593, #3056 ) ;
#2799 = LINE ( 'NONE', #1122, #2857 ) ;
#2800 = APPROVAL ( #2425, 'UNSPECIFIED' ) ;
#2801 = ORIENTED_EDGE ( 'NONE', *, *, #3611, .F. ) ;
#2802 = VERTEX_POINT ( 'NONE', #640 ) ;
#2803 = EDGE_CURVE ( 'NONE', #3919, #5041, #4171, .T. ) ;
#2804 = CARTESIAN_POINT ( 'NONE',  ( 1.513282482545320607E-15, 5.999999999999998224, 0.000000000000000000 ) ) ;
#2805 = DIRECTION ( 'NONE',  ( 1.000000000000000000, 1.606225440719271544E-16, 0.000000000000000000 ) ) ;
#2806 = LINE ( 'NONE', #4410, #4107 ) ;
#2807 = DIRECTION ( 'NONE',  ( 1.445446984655908882E-16, -1.000000000000000000, 0.000000000000000000 ) ) ;
#2808 = DIRECTION ( 'NONE',  ( 1.445446984655907896E-16, -1.000000000000000000, -2.465190328815661892E-32 ) ) ;
#2809 = CARTESIAN_POINT ( 'NONE',  ( -13.85640646055104064, 3.599999999999990319, -6.299999999999973177 ) ) ;
#2810 = DIRECTION ( 'NONE',  ( -1.000000000000000000, -1.172110456741085335E-16, 0.000000000000000000 ) ) ;
#2811 = ORIENTED_EDGE ( 'NONE', *, *, #2742, .F. ) ;
#2812 = ADVANCED_FACE ( 'NONE', ( #988 ), #2996, .F. ) ;
#2813 = APPLICATION_PROTOCOL_DEFINITION ( 'international standard', 'config_control_design', 1994, #5058 ) ;
#2814 = AXIS2_PLACEMENT_3D ( 'NONE', #1040, #642, #3752 ) ;
#2815 = EDGE_CURVE ( 'NONE', #1519, #2638, #987, .T. ) ;
#2816 = EDGE_CURVE ( 'NONE', #5032, #4855, #3671, .T. ) ;
#2817 = VERTEX_POINT ( 'NONE', #1829 ) ;
#2818 = CARTESIAN_POINT ( 'NONE',  ( -6.430019681605025461, 5.599999999999994316, 18.53712078220811321 ) ) ;
#2819 = FACE_OUTER_BOUND ( 'NONE', #171, .T. ) ;
#2820 = CONICAL_SURFACE ( 'NONE', #3652, 0.4000000000000080158, 0.7853981633974492782 ) ;
#2821 = ORIENTED_EDGE ( 'NONE', *, *, #3287, .F. ) ;
#2822 = PLANE ( 'NONE',  #1251 ) ;
#2823 = CARTESIAN_POINT ( 'NONE',  ( -7.999999999999873879, 5.599999999999990763, 13.85640646055109215 ) ) ;
#2824 = ORIENTED_EDGE ( 'NONE', *, *, #62, .F. ) ;
#2825 = VECTOR ( 'NONE', #2448, 1000.000000000000114 ) ;
#2826 = VECTOR ( 'NONE', #4176, 1000.000000000000000 ) ;
#2827 = CARTESIAN_POINT ( 'NONE',  ( -13.85640646055098379, 2.599999999999997868, 6.300000000000073541 ) ) ;
#2828 = CARTESIAN_POINT ( 'NONE',  ( -4.795706005997433685, 5.599999999999990763, 15.70640646055106160 ) ) ;
#2829 = ORIENTED_EDGE ( 'NONE', *, *, #3884, .F. ) ;
#2830 = ORIENTED_EDGE ( 'NONE', *, *, #1037, .T. ) ;
#2831 = AXIS2_PLACEMENT_3D ( 'NONE', #3840, #2312, #1055 ) ;
#2832 = VECTOR ( 'NONE', #2148, 999.9999999999998863 ) ;
#2833 = DIRECTION ( 'NONE',  ( 1.000000000000000000, 0.000000000000000000, 0.000000000000000000 ) ) ;
#2834 = CARTESIAN_POINT ( 'NONE',  ( 11.55070415551617913, 6.000000000000000000, -11.80640646055104348 ) ) ;
#2835 = ORIENTED_EDGE ( 'NONE', *, *, #2367, .T. ) ;
#2836 = AXIS2_PLACEMENT_3D ( 'NONE', #4243, #3856, #1860 ) ;
#2837 = DIRECTION ( 'NONE',  ( -1.000000000000000000, -1.126443815569355400E-16, 0.000000000000000000 ) ) ;
#2838 = PLANE ( 'NONE',  #2991 ) ;
#2839 = CARTESIAN_POINT ( 'NONE',  ( 13.85640646055092340, 2.600000000000001865, -8.000000000000163425 ) ) ;
#2840 = CARTESIAN_POINT ( 'NONE',  ( 1.546879258650807583E-15, 2.600000000000000089, 17.69999999999999218 ) ) ;
#2841 = VECTOR ( 'NONE', #1592, 1000.000000000000000 ) ;
#2842 = EDGE_LOOP ( 'NONE', ( #4635, #2423, #941, #3100, #1830 ) ) ;
#2843 = DIRECTION ( 'NONE',  ( 0.000000000000000000, -1.000000000000000000, 0.000000000000000000 ) ) ;
#2844 = AXIS2_PLACEMENT_3D ( 'NONE', #1114, #2708, #2460 ) ;
#2845 = FACE_OUTER_BOUND ( 'NONE', #3323, .T. ) ;
#2846 = ORIENTED_EDGE ( 'NONE', *, *, #2707, .F. ) ;
#2847 = PLANE ( 'NONE',  #5131 ) ;
#2848 = EDGE_CURVE ( 'NONE', #1066, #2041, #2082, .T. ) ;
#2849 = VERTEX_POINT ( 'NONE', #3029 ) ;
#2850 = EDGE_CURVE ( 'NONE', #579, #1496, #2657, .T. ) ;
#2851 = CIRCLE ( 'NONE', #3082, 1.699999999999993072 ) ;
#2852 = ORIENTED_EDGE ( 'NONE', *, *, #2816, .F. ) ;
#2853 = CIRCLE ( 'NONE', #3014, 3.700000000000000178 ) ;
#2854 = AXIS2_PLACEMENT_3D ( 'NONE', #4779, #390, #1604 ) ;
#2855 = CARTESIAN_POINT ( 'NONE',  ( -3.233161507461901785, -4.673363551866355985E-16, -15.99999999999999645 ) ) ;
#2856 = CARTESIAN_POINT ( 'NONE',  ( -15.47298721428198043, -2.236538271250330500E-15, -5.199999999999964650 ) ) ;
#2857 = VECTOR ( 'NONE', #1149, 1000.000000000000000 ) ;
#2858 = DIRECTION ( 'NONE',  ( -2.609024107869117476E-15, -3.771206029613986645E-31, -1.000000000000000000 ) ) ;
#2859 = ORIENTED_EDGE ( 'NONE', *, *, #2328, .T. ) ;
#2860 = DIRECTION ( 'NONE',  ( 0.000000000000000000, 0.000000000000000000, 1.000000000000000000 ) ) ;
#2861 = DIRECTION ( 'NONE',  ( -1.000000000000000000, 0.000000000000000000, -0.000000000000000000 ) ) ;
#2862 = VECTOR ( 'NONE', #1036, 1000.000000000000000 ) ;
#2863 = DIRECTION ( 'NONE',  ( 1.022085364695843442E-16, -0.7071067811865497932, -0.7071067811865453523 ) ) ;
#2864 = FACE_OUTER_BOUND ( 'NONE', #3732, .T. ) ;
#2865 = DIRECTION ( 'NONE',  ( -1.445446984655908142E-16, 1.000000000000000000, -0.000000000000000000 ) ) ;
#2866 = EDGE_LOOP ( 'NONE', ( #4132, #1862 ) ) ;
#2867 = CARTESIAN_POINT ( 'NONE',  ( -12.23982570682004578, -1.769201916063690465E-15, 5.200000000000055245 ) ) ;
#2868 = PRODUCT ( 'OutRunnerUpperPlate', 'OutRunnerUpperPlate', '', ( #4996 ) ) ;
#2869 = CARTESIAN_POINT ( 'NONE',  ( 3.233161507461908002, 2.600000000000000533, -16.00000000000000000 ) ) ;
#2870 = CARTESIAN_POINT ( 'NONE',  ( 13.45273392921787803, 5.599999999999994316, 14.93432120418166953 ) ) ;
#2871 = ORIENTED_EDGE ( 'NONE', *, *, #3734, .F. ) ;
#2872 = PLANE ( 'NONE',  #3442 ) ;
#2873 = CARTESIAN_POINT ( 'NONE',  ( -19.65986851570692906, 2.399999999999994582, 4.183248730964470141 ) ) ;
#2874 = ADVANCED_FACE ( 'NONE', ( #1038 ), #3823, .F. ) ;
#2875 = EDGE_CURVE ( 'NONE', #5025, #3030, #157, .T. ) ;
#2876 = ORIENTED_EDGE ( 'NONE', *, *, #929, .F. ) ;
#2877 = DIRECTION ( 'NONE',  ( 1.445446984655908142E-16, -1.000000000000000000, 0.000000000000000000 ) ) ;
#2878 = ORIENTED_EDGE ( 'NONE', *, *, #1698, .T. ) ;
#2879 = DIRECTION ( 'NONE',  ( 1.445446984655908142E-16, -1.000000000000000000, 0.000000000000000000 ) ) ;
#2880 = ADVANCED_FACE ( 'NONE', ( #592 ), #3355, .F. ) ;
#2881 = CARTESIAN_POINT ( 'NONE',  ( 13.85640646055109215, 3.600000000000000977, 7.999999999999870326 ) ) ;
#2882 = ADVANCED_FACE ( 'NONE', ( #2171 ), #3657, .F. ) ;
#2883 = CARTESIAN_POINT ( 'NONE',  ( -6.083609520091505907, 5.599999999999992539, -18.73712078220803079 ) ) ;
#2884 = DIRECTION ( 'NONE',  ( 0.000000000000000000, 0.000000000000000000, 1.000000000000000000 ) ) ;
#2885 = ORIENTED_EDGE ( 'NONE', *, *, #2581, .F. ) ;
#2886 = DIRECTION ( 'NONE',  ( 1.445446984655908389E-16, -1.000000000000000000, 0.000000000000000000 ) ) ;
#2887 = CARTESIAN_POINT ( 'NONE',  ( -10.62324495308908112, 2.599999999999998312, 8.000000000000047962 ) ) ;
#2888 = CARTESIAN_POINT ( 'NONE',  ( 15.47298721428201418, 2.236538271250335628E-15, 5.199999999999857181 ) ) ;
#2889 = EDGE_LOOP ( 'NONE', ( #151, #4918, #1995, #5057 ) ) ;
#2890 = CARTESIAN_POINT ( 'NONE',  ( -12.23982570682004578, -1.769201916063690465E-15, 5.200000000000055245 ) ) ;
#2891 = VECTOR ( 'NONE', #527, 1000.000000000000114 ) ;
#2892 = DIRECTION ( 'NONE',  ( 0.000000000000000000, 0.000000000000000000, -1.000000000000000000 ) ) ;
#2893 = PLANE ( 'NONE',  #2441 ) ;
#2894 = EDGE_CURVE ( 'NONE', #1011, #2459, #1139, .T. ) ;
#2895 = DIRECTION ( 'NONE',  ( -1.445446984655908142E-16, 1.000000000000000000, -0.000000000000000000 ) ) ;
#2896 = ORIENTED_EDGE ( 'NONE', *, *, #4914, .T. ) ;
#2897 = EDGE_CURVE ( 'NONE', #3030, #5097, #1955, .T. ) ;
#2898 = CIRCLE ( 'NONE', #2814, 1.699999999999993072 ) ;
#2899 = ORIENTED_EDGE ( 'NONE', *, *, #2633, .F. ) ;
#2900 = EDGE_LOOP ( 'NONE', ( #3845, #788, #4311, #1260 ) ) ;
#2901 = VECTOR ( 'NONE', #3035, 1000.000000000000000 ) ;
#2902 = DIRECTION ( 'NONE',  ( -1.000000000000000000, -1.126443815569355400E-16, 0.000000000000000000 ) ) ;
#2903 = DIRECTION ( 'NONE',  ( 0.000000000000000000, 0.000000000000000000, 1.000000000000000000 ) ) ;
#2904 = AXIS2_PLACEMENT_3D ( 'NONE', #2939, #4543, #4979 ) ;
#2905 = ORIENTED_EDGE ( 'NONE', *, *, #3993, .T. ) ;
#2906 = EDGE_CURVE ( 'NONE', #2470, #1092, #1585, .T. ) ;
#2907 = LINE ( 'NONE', #4535, #639 ) ;
#2908 = EDGE_CURVE ( 'NONE', #2622, #1190, #2282, .T. ) ;
#2909 = EDGE_CURVE ( 'NONE', #2923, #4196, #3481, .T. ) ;
#2910 = ORIENTED_EDGE ( 'NONE', *, *, #5161, .F. ) ;
#2911 = EDGE_CURVE ( 'NONE', #176, #2976, #3804, .T. ) ;
#2912 = CIRCLE ( 'NONE', #644, 2.699999999999995737 ) ;
#2913 = DIRECTION ( 'NONE',  ( -1.000000000000000000, 0.000000000000000000, -0.000000000000000000 ) ) ;
#2914 = PLANE ( 'NONE',  #2598 ) ;
#2915 = ORIENTED_EDGE ( 'NONE', *, *, #1034, .T. ) ;
#2916 = LINE ( 'NONE', #4604, #726 ) ;
#2917 = CIRCLE ( 'NONE', #409, 2.250000000000001776 ) ;
#2918 = DIRECTION ( 'NONE',  ( 1.000000000000000000, 1.320855438561020938E-16, 0.000000000000000000 ) ) ;
#2919 = PLANE ( 'NONE',  #4797 ) ;
#2920 = VERTEX_POINT ( 'NONE', #4973 ) ;
#2921 = ORIENTED_EDGE ( 'NONE', *, *, #3424, .F. ) ;
#2922 = VECTOR ( 'NONE', #2243, 1000.000000000000000 ) ;
#2923 = VERTEX_POINT ( 'NONE', #4166 ) ;
#2924 = AXIS2_PLACEMENT_3D ( 'NONE', #608, #4605, #4927 ) ;
#2925 = AXIS2_PLACEMENT_3D ( 'NONE', #858, #3571, #4072 ) ;
#2926 = DIRECTION ( 'NONE',  ( -1.000000000000000000, -1.445446984655907896E-16, 9.603429163007602497E-15 ) ) ;
#2927 = ORIENTED_EDGE ( 'NONE', *, *, #4312, .T. ) ;
#2928 = CARTESIAN_POINT ( 'NONE',  ( -11.20429399400230963, -12.43504200973871221, 12.00640646055112271 ) ) ;
#2929 = VECTOR ( 'NONE', #4844, 1000.000000000000227 ) ;
#2930 = CARTESIAN_POINT ( 'NONE',  ( -12.83860766960990318, -12.43504200973871221, 14.83712078220817432 ) ) ;
#2931 = DIRECTION ( 'NONE',  ( 0.000000000000000000, -1.000000000000000000, 0.000000000000000000 ) ) ;
#2932 = LINE ( 'NONE', #4561, #4610 ) ;
#2933 = ORIENTED_EDGE ( 'NONE', *, *, #5170, .T. ) ;
#2934 = DIRECTION ( 'NONE',  ( -0.000000000000000000, -1.000000000000000000, -0.000000000000000000 ) ) ;
#2935 = ORIENTED_EDGE ( 'NONE', *, *, #4754, .F. ) ;
#2936 = CARTESIAN_POINT ( 'NONE',  ( 12.23982570681993920, 2.600000000000001421, -10.80000000000013927 ) ) ;
#2937 = EDGE_CURVE ( 'NONE', #2735, #5032, #598, .T. ) ;
#2938 = EDGE_CURVE ( 'NONE', #1620, #2318, #1459, .T. ) ;
#2939 = CARTESIAN_POINT ( 'NONE',  ( -6.083609520091250111, 16.46930464146743134, 18.73712078220810895 ) ) ;
#2940 = CARTESIAN_POINT ( 'NONE',  ( 16.00000000000000000, 5.599999999999994316, 0.000000000000000000 ) ) ;
#2941 = AXIS2_PLACEMENT_3D ( 'NONE', #2064, #4396, #4369 ) ;
#2942 = EDGE_LOOP ( 'NONE', ( #5201, #1324, #1539, #1321, #2450 ) ) ;
#2943 = DIRECTION ( 'NONE',  ( 1.445446984655908142E-16, -1.000000000000000000, 0.000000000000000000 ) ) ;
#2944 = CONICAL_SURFACE ( 'NONE', #677, 19.69999999999999574, 0.7853981633974482790 ) ;
#2945 = CARTESIAN_POINT ( 'NONE',  ( 15.47298721428201418, 2.600000000000001865, 5.199999999999857181 ) ) ;
#2946 = EDGE_CURVE ( 'NONE', #2595, #2543, #5099, .T. ) ;
#2947 = EDGE_LOOP ( 'NONE', ( #4961, #323, #1507, #4179 ) ) ;
#2948 = LINE ( 'NONE', #2559, #2258 ) ;
#2949 = VERTEX_POINT ( 'NONE', #5056 ) ;
#2950 = EDGE_CURVE ( 'NONE', #1968, #4024, #2721, .T. ) ;
#2951 = ORIENTED_EDGE ( 'NONE', *, *, #2440, .T. ) ;
#2952 = EDGE_LOOP ( 'NONE', ( #3679, #1473, #2383, #4981 ) ) ;
#2953 = DIRECTION ( 'NONE',  ( -0.000000000000000000, 1.000000000000000000, -0.000000000000000000 ) ) ;
#2954 = ORIENTED_EDGE ( 'NONE', *, *, #2950, .T. ) ;
#2955 = CARTESIAN_POINT ( 'NONE',  ( 8.000000000000163425, 2.399999999999999467, 13.85640646055092517 ) ) ;
#2956 = DIRECTION ( 'NONE',  ( -0.5000000000000018874, -7.227234923279567827E-17, -0.8660254037844374864 ) ) ;
#2957 = EDGE_CURVE ( 'NONE', #1832, #295, #1380, .T. ) ;
#2958 = CC_DESIGN_PERSON_AND_ORGANIZATION_ASSIGNMENT ( #1392, #557, ( #3936 ) ) ;
#2959 = CARTESIAN_POINT ( 'NONE',  ( 10.62324495308918593, 2.600000000000001421, 7.999999999999904965 ) ) ;
#2960 = CARTESIAN_POINT ( 'NONE',  ( -1.882131778961781496E-15, 3.600000000000006306, -14.30000000000000782 ) ) ;
#2961 = ORIENTED_EDGE ( 'NONE', *, *, #3974, .F. ) ;
#2962 = VERTEX_POINT ( 'NONE', #618 ) ;
#2963 = CARTESIAN_POINT ( 'NONE',  ( -15.47298721428195201, -4.274618519615157658E-15, 5.200000000000069456 ) ) ;
#2964 = ADVANCED_FACE ( 'NONE', ( #3831 ), #2820, .T. ) ;
#2965 = DIRECTION ( 'NONE',  ( 1.445446984655908142E-16, -1.000000000000000000, -0.000000000000000000 ) ) ;
#2966 = CARTESIAN_POINT ( 'NONE',  ( -19.26862735121523684, 5.599999999999990763, 4.100000000000000533 ) ) ;
#2967 = ORIENTED_EDGE ( 'NONE', *, *, #2042, .F. ) ;
#2968 = EDGE_CURVE ( 'NONE', #3476, #833, #1861, .T. ) ;
#2969 = CARTESIAN_POINT ( 'NONE',  ( 16.00000000000000355, -10.75174404457249899, 3.700000000000000178 ) ) ;
#2970 = CARTESIAN_POINT ( 'NONE',  ( 1.669343938565542336E-15, 2.600000000000000089, 18.69999999999999218 ) ) ;
#2971 = DIRECTION ( 'NONE',  ( 1.445446984655908142E-16, -1.000000000000000000, -0.000000000000000000 ) ) ;
#2972 = EDGE_CURVE ( 'NONE', #3372, #2638, #4650, .T. ) ;
#2973 = EDGE_LOOP ( 'NONE', ( #3401, #78 ) ) ;
#2974 = EDGE_CURVE ( 'NONE', #3792, #3064, #4138, .T. ) ;
#2975 = EDGE_CURVE ( 'NONE', #5154, #2017, #1042, .T. ) ;
#2976 = VERTEX_POINT ( 'NONE', #2205 ) ;
#2977 = EDGE_LOOP ( 'NONE', ( #4976, #234, #946, #3859, #31, #407 ) ) ;
#2978 = FACE_OUTER_BOUND ( 'NONE', #4482, .T. ) ;
#2979 = EDGE_LOOP ( 'NONE', ( #1298, #4833, #2626, #5018 ) ) ;
#2980 = DIRECTION ( 'NONE',  ( -1.000000000000000000, -1.445446984655908142E-16, 0.000000000000000000 ) ) ;
#2981 = DIRECTION ( 'NONE',  ( -1.000000000000000000, -1.445446984655908142E-16, 0.000000000000000000 ) ) ;
#2982 = CIRCLE ( 'NONE', #2315, 2.250000000000000444 ) ;
#2983 = CARTESIAN_POINT ( 'NONE',  ( -4.795706005997651289, 2.399999999999997691, -15.70640646055099943 ) ) ;
#2984 = VERTEX_POINT ( 'NONE', #164 ) ;
#2985 = DIRECTION ( 'NONE',  ( 0.000000000000000000, 0.000000000000000000, -1.000000000000000000 ) ) ;
#2986 = CONICAL_SURFACE ( 'NONE', #481, 1.699999999999993072, 0.7853981633974507215 ) ;
#2987 = DIRECTION ( 'NONE',  ( 1.445446984655908142E-16, -1.000000000000000000, -0.000000000000000000 ) ) ;
#2988 = DIRECTION ( 'NONE',  ( 0.5000000000000000000, 7.227234923279540710E-17, -0.8660254037844385966 ) ) ;
#2989 = CARTESIAN_POINT ( 'NONE',  ( 12.83860766961021582, 5.599999999999994316, 14.83712078220790609 ) ) ;
#2990 = ORIENTED_EDGE ( 'NONE', *, *, #1656, .T. ) ;
#2991 = AXIS2_PLACEMENT_3D ( 'NONE', #2030, #430, #455 ) ;
#2992 = FACE_OUTER_BOUND ( 'NONE', #4930, .T. ) ;
#2993 = DIRECTION ( 'NONE',  ( 1.445446984655908142E-16, -1.000000000000000000, 0.000000000000000000 ) ) ;
#2994 = LINE ( 'NONE', #4150, #292 ) ;
#2995 = DIRECTION ( 'NONE',  ( 1.000000000000000000, 0.000000000000000000, 0.000000000000000000 ) ) ;
#2996 = CONICAL_SURFACE ( 'NONE', #3249, 3.700000000000000178, 0.7853981633974514986 ) ;
#2997 = VERTEX_POINT ( 'NONE', #2568 ) ;
#2998 = ORIENTED_EDGE ( 'NONE', *, *, #721, .T. ) ;
#2999 = EDGE_LOOP ( 'NONE', ( #69, #2158, #1870, #1902 ) ) ;
#3000 = AXIS2_PLACEMENT_3D ( 'NONE', #2628, #2297, #2732 ) ;
#3001 = ADVANCED_FACE ( 'NONE', ( #2254 ), #58, .F. ) ;
#3002 = EDGE_CURVE ( 'NONE', #793, #5154, #544, .T. ) ;
#3003 = EDGE_CURVE ( 'NONE', #902, #751, #208, .T. ) ;
#3004 = CARTESIAN_POINT ( 'NONE',  ( 12.83860766961000799, 2.399999999999999911, -14.83712078220808195 ) ) ;
#3005 = VERTEX_POINT ( 'NONE', #992 ) ;
#3006 = AXIS2_PLACEMENT_3D ( 'NONE', #1654, #2879, #450 ) ;
#3007 = CARTESIAN_POINT ( 'NONE',  ( -8.000000000000067502, 5.599999999999990763, -10.15640646055098451 ) ) ;
#3008 = CARTESIAN_POINT ( 'NONE',  ( 13.18501783112378334, 16.46930464146743134, -14.63712078220808266 ) ) ;
#3009 = CIRCLE ( 'NONE', #2924, 1.699999999999993072 ) ;
#3010 = VERTEX_POINT ( 'NONE', #2593 ) ;
#3011 = VERTEX_POINT ( 'NONE', #4192 ) ;
#3012 = CARTESIAN_POINT ( 'NONE',  ( -12.23982570682009197, 2.599999999999998312, -10.79999999999997584 ) ) ;
#3013 = ORIENTED_EDGE ( 'NONE', *, *, #601, .T. ) ;
#3014 = AXIS2_PLACEMENT_3D ( 'NONE', #4492, #2552, #2600 ) ;
#3015 = DIRECTION ( 'NONE',  ( 1.000000000000000000, 1.445446984655908142E-16, 0.000000000000000000 ) ) ;
#3016 = FACE_BOUND ( 'NONE', #2670, .T. ) ;
#3017 = VERTEX_POINT ( 'NONE', #1806 ) ;
#3018 = CARTESIAN_POINT ( 'NONE',  ( 6.207134586489433836, 16.46930464146743134, 19.11756993514621783 ) ) ;
#3019 = PLANE ( 'NONE',  #2734 ) ;
#3020 = DIRECTION ( 'NONE',  ( 0.4999999999999919509, 0.000000000000000000, -0.8660254037844432595 ) ) ;
#3021 = CALENDAR_DATE ( 2026, 26, 2 ) ;
#3022 = EDGE_LOOP ( 'NONE', ( #1712, #4029, #3613, #1999 ) ) ;
#3023 = ORIENTED_EDGE ( 'NONE', *, *, #1700, .F. ) ;
#3024 = AXIS2_PLACEMENT_3D ( 'NONE', #4412, #1128, #2364 ) ;
#3025 = DIRECTION ( 'NONE',  ( 0.000000000000000000, 0.000000000000000000, 1.000000000000000000 ) ) ;
#3026 = ORIENTED_EDGE ( 'NONE', *, *, #3283, .T. ) ;
#3027 = CARTESIAN_POINT ( 'NONE',  ( -6.207134586489042150, 16.46930464146743134, 19.11756993514634573 ) ) ;
#3028 = ADVANCED_FACE ( 'NONE', ( #5023 ), #1407, .T. ) ;
#3029 = CARTESIAN_POINT ( 'NONE',  ( -19.26862735121523684, 2.399999999999995470, 3.700000000000000178 ) ) ;
#3030 = VERTEX_POINT ( 'NONE', #1121 ) ;
#3031 = EDGE_CURVE ( 'NONE', #2920, #1361, #2380, .T. ) ;
#3032 = LINE ( 'NONE', #2202, #2718 ) ;
#3033 = DIRECTION ( 'NONE',  ( -0.4999999999999918954, 0.000000000000000000, 0.8660254037844432595 ) ) ;
#3034 = DIRECTION ( 'NONE',  ( 1.445446984655908142E-16, -1.000000000000000000, 0.000000000000000000 ) ) ;
#3035 = DIRECTION ( 'NONE',  ( -1.445446984655908142E-16, 1.000000000000000000, -0.000000000000000000 ) ) ;
#3036 = ADVANCED_FACE ( 'NONE', ( #920 ), #51, .F. ) ;
#3037 = ORIENTED_EDGE ( 'NONE', *, *, #4913, .F. ) ;
#3038 = ADVANCED_FACE ( 'NONE', ( #3301 ), #107, .F. ) ;
#3039 = DIRECTION ( 'NONE',  ( 1.000000000000000000, 1.606225440719270558E-16, 0.000000000000000000 ) ) ;
#3040 = DIRECTION ( 'NONE',  ( 1.000000000000000000, 1.294569758191646909E-16, 0.000000000000000000 ) ) ;
#3041 = CARTESIAN_POINT ( 'NONE',  ( 8.100000000000001421, 4.799999999999998046, 9.919639073093559228E-16 ) ) ;
#3042 = CARTESIAN_POINT ( 'NONE',  ( -12.23982570682007776, -1.769201916063695198E-15, -5.199999999999973532 ) ) ;
#3043 = CARTESIAN_POINT ( 'NONE',  ( -16.00000000000000000, 2.399999999999995914, 3.700000000000000178 ) ) ;
#3044 = ORIENTED_EDGE ( 'NONE', *, *, #2435, .T. ) ;
#3045 = VERTEX_POINT ( 'NONE', #1705 ) ;
#3046 = ORIENTED_EDGE ( 'NONE', *, *, #1525, .T. ) ;
#3047 = EDGE_CURVE ( 'NONE', #2017, #3644, #4887, .T. ) ;
#3048 = CARTESIAN_POINT ( 'NONE',  ( 19.26862735121524040, 2.400000000000001243, 4.100000000000000533 ) ) ;
#3049 = CARTESIAN_POINT ( 'NONE',  ( 7.999999999999968914, -7.806255641895631925E-15, -13.85640646055103886 ) ) ;
#3050 = ORIENTED_EDGE ( 'NONE', *, *, #3182, .T. ) ;
#3051 = CARTESIAN_POINT ( 'NONE',  ( 3.233161507461908446, -1.570743893178193630E-15, -16.00000000000000000 ) ) ;
#3052 = AXIS2_PLACEMENT_3D ( 'NONE', #190, #4270, #4248 ) ;
#3053 = DIRECTION ( 'NONE',  ( 0.000000000000000000, 1.000000000000000000, 0.000000000000000000 ) ) ;
#3054 = ORIENTED_EDGE ( 'NONE', *, *, #156, .T. ) ;
#3055 = DIRECTION ( 'NONE',  ( 1.000000000000000000, 0.000000000000000000, 0.000000000000000000 ) ) ;
#3056 = VECTOR ( 'NONE', #4802, 1000.000000000000000 ) ;
#3058 = EDGE_CURVE ( 'NONE', #152, #2795, #3609, .T. ) ;
#3057 = DIRECTION ( 'NONE',  ( -1.445446984655908142E-16, 1.000000000000000000, -0.000000000000000000 ) ) ;
#3059 = CARTESIAN_POINT ( 'NONE',  ( -1.616580753730957332, 2.599999999999999645, 18.79999999999999716 ) ) ;
#3060 = EDGE_CURVE ( 'NONE', #3265, #3530, #4910, .T. ) ;
#3061 = EDGE_CURVE ( 'NONE', #2817, #566, #4507, .T. ) ;
#3062 = DIRECTION ( 'NONE',  ( 0.000000000000000000, 0.000000000000000000, -1.000000000000000000 ) ) ;
#3063 = DIRECTION ( 'NONE',  ( -1.000000000000000000, 0.000000000000000000, 2.168404344971003346E-15 ) ) ;
#3064 = VERTEX_POINT ( 'NONE', #3721 ) ;
#3065 = CONICAL_SURFACE ( 'NONE', #1901, 0.4000000000000062395, 0.7853981633974483900 ) ;
#3066 = DIRECTION ( 'NONE',  ( 0.000000000000000000, -1.000000000000000000, 0.000000000000000000 ) ) ;
#3067 = VERTEX_POINT ( 'NONE', #28 ) ;
#3068 = CARTESIAN_POINT ( 'NONE',  ( -8.000000000000065725, -9.974659986866640793E-15, -11.60640646055098379 ) ) ;
#3069 = CIRCLE ( 'NONE', #3913, 0.4000000000000010214 ) ;
#3070 = DIRECTION ( 'NONE',  ( -0.4732596709874734575, -0.7071067811865463515, -0.5253810843728864421 ) ) ;
#3071 = FACE_OUTER_BOUND ( 'NONE', #5049, .T. ) ;
#3072 = ORIENTED_EDGE ( 'NONE', *, *, #1209, .F. ) ;
#3073 = VECTOR ( 'NONE', #1803, 1000.000000000000114 ) ;
#3074 = VECTOR ( 'NONE', #1976, 1000.000000000000000 ) ;
#3075 = ORIENTED_EDGE ( 'NONE', *, *, #5165, .T. ) ;
#3076 = CARTESIAN_POINT ( 'NONE',  ( -8.000000000000063949, -12.43504200973873708, -13.85640646055098379 ) ) ;
#3077 = ORIENTED_EDGE ( 'NONE', *, *, #2424, .T. ) ;
#3078 = VECTOR ( 'NONE', #2663, 1000.000000000000000 ) ;
#3079 = CIRCLE ( 'NONE', #3772, 1.699999999999993960 ) ;
#3080 = CARTESIAN_POINT ( 'NONE',  ( -6.207134586489305050, 16.46930464146743134, -19.11756993514626402 ) ) ;
#3081 = CARTESIAN_POINT ( 'NONE',  ( -3.758162160105360972E-16, 2.600000000000000089, 0.000000000000000000 ) ) ;
#3082 = AXIS2_PLACEMENT_3D ( 'NONE', #2077, #2931, #4084 ) ;
#3083 = ADVANCED_FACE ( 'NONE', ( #835 ), #2567, .F. ) ;
#3084 = VECTOR ( 'NONE', #4250, 1000.000000000000000 ) ;
#3085 = DIRECTION ( 'NONE',  ( -1.000000000000000000, -1.510331384556921065E-16, 0.000000000000000000 ) ) ;
#3086 = CARTESIAN_POINT ( 'NONE',  ( -10.62324495308908112, -1.535533738470370151E-15, 8.000000000000047962 ) ) ;
#3087 = DIRECTION ( 'NONE',  ( 0.5000000000000003331, 7.227234923279544408E-17, 0.8660254037844384856 ) ) ;
#3088 = ORIENTED_EDGE ( 'NONE', *, *, #3614, .T. ) ;
#3089 = AXIS2_PLACEMENT_3D ( 'NONE', #2743, #4349, #3945 ) ;
#3090 = CARTESIAN_POINT ( 'NONE',  ( -1.616580753730949116, -2.336681775933175527E-16, -18.79999999999999716 ) ) ;
#3091 = ORIENTED_EDGE ( 'NONE', *, *, #410, .F. ) ;
#3092 = DIRECTION ( 'NONE',  ( -0.000000000000000000, 1.000000000000000000, -0.000000000000000000 ) ) ;
#3093 = EDGE_CURVE ( 'NONE', #3557, #2617, #898, .T. ) ;
#3094 = FACE_OUTER_BOUND ( 'NONE', #3636, .T. ) ;
#3095 = VERTEX_POINT ( 'NONE', #2442 ) ;
#3096 = AXIS2_PLACEMENT_3D ( 'NONE', #813, #2419, #1442 ) ;
#3097 = ORIENTED_EDGE ( 'NONE', *, *, #1279, .T. ) ;
#3098 = DIRECTION ( 'NONE',  ( 1.000000000000000000, 1.320855438561020938E-16, 0.000000000000000000 ) ) ;
#3099 = CARTESIAN_POINT ( 'NONE',  ( -8.000000000000067502, 5.599999999999990763, -13.85640646055098379 ) ) ;
#3100 = ORIENTED_EDGE ( 'NONE', *, *, #1628, .F. ) ;
#3101 = ADVANCED_FACE ( 'NONE', ( #4026 ), #2518, .T. ) ;
#3102 = CARTESIAN_POINT ( 'NONE',  ( -15.99999999999999645, -10.75174404457250432, 0.000000000000000000 ) ) ;
#3103 = FACE_BOUND ( 'NONE', #2531, .T. ) ;
#3104 = EDGE_CURVE ( 'NONE', #2802, #4339, #2798, .T. ) ;
#3105 = ORIENTED_EDGE ( 'NONE', *, *, #3641, .F. ) ;
#3106 = EDGE_CURVE ( 'NONE', #2459, #1011, #804, .T. ) ;
#3107 = DIRECTION ( 'NONE',  ( -0.8660254037844340447, -1.251793808535625697E-16, 0.5000000000000081046 ) ) ;
#3108 = LINE ( 'NONE', #3622, #3279 ) ;
#3109 = LINE ( 'NONE', #4636, #72 ) ;
#3110 = DIRECTION ( 'NONE',  ( 0.000000000000000000, 0.000000000000000000, -1.000000000000000000 ) ) ;
#3111 = VERTEX_POINT ( 'NONE', #1533 ) ;
#3112 = DIRECTION ( 'NONE',  ( -1.000000000000000000, 0.000000000000000000, 0.000000000000000000 ) ) ;
#3113 = ORIENTED_EDGE ( 'NONE', *, *, #221, .F. ) ;
#3114 = EDGE_CURVE ( 'NONE', #1156, #3292, #252, .T. ) ;
#3115 = CARTESIAN_POINT ( 'NONE',  ( -6.083609520091248335, 2.399999999999997691, 18.73712078220810895 ) ) ;
#3116 = ORIENTED_EDGE ( 'NONE', *, *, #4209, .T. ) ;
#3117 = EDGE_CURVE ( 'NONE', #3005, #4168, #1508, .T. ) ;
#3118 = DIRECTION ( 'NONE',  ( -1.000000000000000000, -1.445446984655908142E-16, 0.000000000000000000 ) ) ;
#3119 = DIRECTION ( 'NONE',  ( 0.000000000000000000, 0.7071067811865474617, 0.7071067811865474617 ) ) ;
#3120 = EDGE_CURVE ( 'NONE', #4042, #3337, #3409, .T. ) ;
#3121 = ORIENTED_EDGE ( 'NONE', *, *, #1942, .T. ) ;
#3122 = EDGE_CURVE ( 'NONE', #2283, #1726, #3252, .T. ) ;
#3123 = EDGE_LOOP ( 'NONE', ( #331, #147, #4672, #518, #4174, #3988, #4527, #4180, #619 ) ) ;
#3124 = CARTESIAN_POINT ( 'NONE',  ( 6.430019681605153359, 5.599999999999994316, -18.53712078220807058 ) ) ;
#3125 = DIRECTION ( 'NONE',  ( -0.000000000000000000, -1.000000000000000000, -0.000000000000000000 ) ) ;
#3126 = DIRECTION ( 'NONE',  ( 0.000000000000000000, 0.000000000000000000, -1.000000000000000000 ) ) ;
#3127 = ORIENTED_EDGE ( 'NONE', *, *, #5011, .F. ) ;
#3128 = EDGE_LOOP ( 'NONE', ( #633, #3196 ) ) ;
#3129 = CIRCLE ( 'NONE', #4231, 0.4000000000000001887 ) ;
#3130 = CARTESIAN_POINT ( 'NONE',  ( -13.85640646055104064, 6.000000000000001776, -6.299999999999966960 ) ) ;
#3131 = CARTESIAN_POINT ( 'NONE',  ( -11.20429399400248371, 5.599999999999992539, -12.00640646055096994 ) ) ;
#3132 = ORIENTED_EDGE ( 'NONE', *, *, #1146, .T. ) ;
#3133 = DIRECTION ( 'NONE',  ( 0.5000000000000000000, 7.227234923279540710E-17, -0.8660254037844385966 ) ) ;
#3134 = AXIS2_PLACEMENT_3D ( 'NONE', #892, #3187, #1301 ) ;
#3135 = DIRECTION ( 'NONE',  ( 0.000000000000000000, 0.000000000000000000, 1.000000000000000000 ) ) ;
#3136 = DIRECTION ( 'NONE',  ( 1.000000000000000000, 1.606225440719271544E-16, 0.000000000000000000 ) ) ;
#3137 = FACE_OUTER_BOUND ( 'NONE', #4530, .T. ) ;
#3138 = ORIENTED_EDGE ( 'NONE', *, *, #5135, .F. ) ;
#3139 = DIRECTION ( 'NONE',  ( -0.000000000000000000, 1.000000000000000000, -0.000000000000000000 ) ) ;
#3140 = DIRECTION ( 'NONE',  ( -1.445446984655907896E-16, 1.000000000000000000, -0.000000000000000000 ) ) ;
#3141 = ORIENTED_EDGE ( 'NONE', *, *, #791, .T. ) ;
#3142 = DIRECTION ( 'NONE',  ( -1.445446984655908142E-16, 1.000000000000000000, -0.000000000000000000 ) ) ;
#3144 = VECTOR ( 'NONE', #3588, 1000.000000000000000 ) ;
#3143 = DIRECTION ( 'NONE',  ( -0.6916232012284705410, 0.7071067811865481278, -0.1471643554753726546 ) ) ;
#3145 = ORIENTED_EDGE ( 'NONE', *, *, #5145, .T. ) ;
#3146 =( GEOMETRIC_REPRESENTATION_CONTEXT ( 3 ) GLOBAL_UNCERTAINTY_ASSIGNED_CONTEXT ( ( #3705 ) ) GLOBAL_UNIT_ASSIGNED_CONTEXT ( ( #4041, #573, #1636 ) ) REPRESENTATION_CONTEXT ( 'NONE', 'WORKASPACE' ) );
#3147 = CIRCLE ( 'NONE', #2831, 20.10000000000000853 ) ;
#3148 = ORIENTED_EDGE ( 'NONE', *, *, #3394, .F. ) ;
#3149 = DIRECTION ( 'NONE',  ( -0.000000000000000000, 0.000000000000000000, 1.000000000000000000 ) ) ;
#3150 = AXIS2_PLACEMENT_3D ( 'NONE', #3049, #1780, #2630 ) ;
#3151 = EDGE_CURVE ( 'NONE', #1496, #4683, #4490, .T. ) ;
#3152 = DIRECTION ( 'NONE',  ( 0.000000000000000000, 0.000000000000000000, 1.000000000000000000 ) ) ;
#3153 = CARTESIAN_POINT ( 'NONE',  ( 1.513282482545320607E-15, 5.999999999999998224, 0.000000000000000000 ) ) ;
#3154 = ORIENTED_EDGE ( 'NONE', *, *, #2563, .F. ) ;
#3155 = ORIENTED_EDGE ( 'NONE', *, *, #2016, .F. ) ;
#3156 = CARTESIAN_POINT ( 'NONE',  ( 1.338689302795758146E-15, 6.000000000000003553, 14.30000000000000071 ) ) ;
#3157 = DIRECTION ( 'NONE',  ( -1.000000000000000000, -1.126443815569355400E-16, 0.000000000000000000 ) ) ;
#3158 = ORIENTED_EDGE ( 'NONE', *, *, #5172, .F. ) ;
#3159 = DIRECTION ( 'NONE',  ( -1.000000000000000000, -1.070816960479510624E-16, 0.000000000000000000 ) ) ;
#3160 = VECTOR ( 'NONE', #1474, 1000.000000000000000 ) ;
#3161 = CIRCLE ( 'NONE', #319, 1.699999999999994849 ) ;
#3162 = DIRECTION ( 'NONE',  ( 0.000000000000000000, 0.000000000000000000, -1.000000000000000000 ) ) ;
#3163 = LINE ( 'NONE', #4413, #486 ) ;
#3164 = VECTOR ( 'NONE', #4415, 1000.000000000000000 ) ;
#3165 = DIRECTION ( 'NONE',  ( -0.000000000000000000, 1.000000000000000000, -0.000000000000000000 ) ) ;
#3166 = LINE ( 'NONE', #4361, #745 ) ;
#3167 = CIRCLE ( 'NONE', #2433, 1.700000000000000178 ) ;
#3168 = EDGE_LOOP ( 'NONE', ( #1449, #526, #1555, #271 ) ) ;
#3169 = CARTESIAN_POINT ( 'NONE',  ( 1.571100361931558037E-15, 5.599999999999990763, 0.000000000000000000 ) ) ;
#3170 = CARTESIAN_POINT ( 'NONE',  ( 17.08956796801282962, 2.600000000000002309, -8.000000000000191847 ) ) ;
#3171 = AXIS2_PLACEMENT_3D ( 'NONE', #676, #1444, #728 ) ;
#3172 = ORIENTED_EDGE ( 'NONE', *, *, #3194, .F. ) ;
#3173 = CIRCLE ( 'NONE', #931, 4.100000000000006750 ) ;
#3174 = ORIENTED_EDGE ( 'NONE', *, *, #508, .F. ) ;
#3175 = DIRECTION ( 'NONE',  ( -1.000000000000000000, -1.445446984655908142E-16, 0.000000000000000000 ) ) ;
#3176 = DIRECTION ( 'NONE',  ( -0.6123724356957912507, 0.7071067811865476838, 0.3535533905932791710 ) ) ;
#3177 = AXIS2_PLACEMENT_3D ( 'NONE', #5102, #1178, #2773 ) ;
#3178 = ORIENTED_EDGE ( 'NONE', *, *, #1184, .T. ) ;
#3179 = ADVANCED_FACE ( 'NONE', ( #4439 ), #3338, .F. ) ;
#3180 = CARTESIAN_POINT ( 'NONE',  ( -17.08956796801289002, 2.599999999999997424, 8.000000000000076383 ) ) ;
#3181 = ORIENTED_EDGE ( 'NONE', *, *, #3151, .T. ) ;
#3182 = EDGE_CURVE ( 'NONE', #4341, #770, #3895, .T. ) ;
#3183 = DIRECTION ( 'NONE',  ( 1.445446984655908142E-16, -1.000000000000000000, 0.000000000000000000 ) ) ;
#3184 = ORIENTED_EDGE ( 'NONE', *, *, #2975, .T. ) ;
#3185 = VECTOR ( 'NONE', #795, 1000.000000000000000 ) ;
#3186 = CARTESIAN_POINT ( 'NONE',  ( 13.85640646055109215, 6.000000000000006217, 7.999999999999870326 ) ) ;
#3187 = DIRECTION ( 'NONE',  ( 0.000000000000000000, 1.000000000000000000, 0.000000000000000000 ) ) ;
#3188 = CARTESIAN_POINT ( 'NONE',  ( -12.23982570682009197, 2.599999999999998312, -10.79999999999997584 ) ) ;
#3189 = ORIENTED_EDGE ( 'NONE', *, *, #5174, .T. ) ;
#3190 = VERTEX_POINT ( 'NONE', #4869 ) ;
#3191 = AXIS2_PLACEMENT_3D ( 'NONE', #4606, #175, #4574 ) ;
#3192 = CARTESIAN_POINT ( 'NONE',  ( -15.47298721428192003, 2.599999999999997868, 10.80000000000006999 ) ) ;
#3193 = PLANE ( 'NONE',  #4875 ) ;
#3194 = EDGE_CURVE ( 'NONE', #1171, #1855, #846, .T. ) ;
#3195 = ADVANCED_FACE ( 'NONE', ( #952 ), #1261, .F. ) ;
#3196 = ORIENTED_EDGE ( 'NONE', *, *, #3844, .T. ) ;
#3197 = CARTESIAN_POINT ( 'NONE',  ( 8.000000000000161648, 2.399999999999998579, 13.85640646055092517 ) ) ;
#3198 = CARTESIAN_POINT ( 'NONE',  ( -16.00000000000000000, 2.399999999999995026, 2.250000000000000444 ) ) ;
#3199 = DIRECTION ( 'NONE',  ( 1.445446984655908142E-16, -1.000000000000000000, 0.000000000000000000 ) ) ;
#3200 = DIRECTION ( 'NONE',  ( 1.000000000000000000, 1.445446984655908389E-16, -9.769962616701377556E-15 ) ) ;
#3201 = DIRECTION ( 'NONE',  ( -0.5000000000000101030, -7.227234923279686156E-17, -0.8660254037844328234 ) ) ;
#3202 = VERTEX_POINT ( 'NONE', #2499 ) ;
#3203 = CYLINDRICAL_SURFACE ( 'NONE', #4089, 3.700000000000000178 ) ;
#3204 = EDGE_LOOP ( 'NONE', ( #829, #3935, #4991, #3218 ) ) ;
#3205 = LINE ( 'NONE', #767, #316 ) ;
#3206 = FACE_OUTER_BOUND ( 'NONE', #796, .T. ) ;
#3207 = DIRECTION ( 'NONE',  ( -0.000000000000000000, -1.000000000000000000, -0.000000000000000000 ) ) ;
#3208 = ORIENTED_EDGE ( 'NONE', *, *, #3716, .T. ) ;
#3209 = DIRECTION ( 'NONE',  ( -1.445446984655908142E-16, 1.000000000000000000, -0.000000000000000000 ) ) ;
#3210 = EDGE_LOOP ( 'NONE', ( #3438, #2188, #910, #537 ) ) ;
#3211 = FACE_OUTER_BOUND ( 'NONE', #4134, .T. ) ;
#3212 = DIRECTION ( 'NONE',  ( -1.445446984655908142E-16, 1.000000000000000000, -0.000000000000000000 ) ) ;
#3213 = CARTESIAN_POINT ( 'NONE',  ( -6.483609520091248690, 2.399999999999997691, 18.73712078220810895 ) ) ;
#3214 = VERTEX_POINT ( 'NONE', #1234 ) ;
#3215 = ORIENTED_EDGE ( 'NONE', *, *, #864, .T. ) ;
#3216 = CARTESIAN_POINT ( 'NONE',  ( -17.08956796801289002, -2.470206448843642137E-15, 8.000000000000076383 ) ) ;
#3217 = CARTESIAN_POINT ( 'NONE',  ( 11.20429399400256543, 2.399999999999999467, 12.00640646055088823 ) ) ;
#3218 = ORIENTED_EDGE ( 'NONE', *, *, #596, .T. ) ;
#3219 = CARTESIAN_POINT ( 'NONE',  ( 16.00000000000000000, 2.400000000000001243, -3.700000000000000178 ) ) ;
#3220 = DIRECTION ( 'NONE',  ( 0.000000000000000000, 0.000000000000000000, -1.000000000000000000 ) ) ;
#3221 = EDGE_CURVE ( 'NONE', #2962, #1932, #4838, .T. ) ;
#3222 = CARTESIAN_POINT ( 'NONE',  ( -19.26862735121523329, -10.75174404457250432, 3.700000000000000178 ) ) ;
#3223 = EDGE_CURVE ( 'NONE', #1087, #715, #138, .T. ) ;
#3224 = DIRECTION ( 'NONE',  ( -0.000000000000000000, 1.000000000000000000, -0.000000000000000000 ) ) ;
#3225 = CARTESIAN_POINT ( 'NONE',  ( 13.45273392921787625, 5.599999999999994316, 14.93432120418166775 ) ) ;
#3226 = EDGE_LOOP ( 'NONE', ( #2058, #2062, #4709, #2769 ) ) ;
#3227 = CARTESIAN_POINT ( 'NONE',  ( -13.85640646055098379, 2.599999999999997868, 8.000000000000067502 ) ) ;
#3228 = DIRECTION ( 'NONE',  ( 1.445446984655908142E-16, -1.000000000000000000, 0.000000000000000000 ) ) ;
#3229 = AXIS2_PLACEMENT_3D ( 'NONE', #2881, #423, #2026 ) ;
#3230 = VECTOR ( 'NONE', #2965, 1000.000000000000000 ) ;
#3231 = CARTESIAN_POINT ( 'NONE',  ( -2.090321734816830538E-15, 3.600000000000006306, -17.69999999999999218 ) ) ;
#3232 = ORIENTED_EDGE ( 'NONE', *, *, #2170, .T. ) ;
#3233 = DIRECTION ( 'NONE',  ( 1.445446984655908882E-16, -1.000000000000000000, 0.000000000000000000 ) ) ;
#3234 = LINE ( 'NONE', #372, #2530 ) ;
#3235 = VECTOR ( 'NONE', #1064, 1000.000000000000000 ) ;
#3236 = ORIENTED_EDGE ( 'NONE', *, *, #3718, .F. ) ;
#3237 = VECTOR ( 'NONE', #3755, 1000.000000000000114 ) ;
#3238 = LINE ( 'NONE', #2066, #4612 ) ;
#3239 = LINE ( 'NONE', #4427, #1416 ) ;
#3240 = EDGE_LOOP ( 'NONE', ( #3184, #3527, #1098, #1382 ) ) ;
#3241 = AXIS2_PLACEMENT_3D ( 'NONE', #4926, #2993, #4525 ) ;
#3242 = AXIS2_PLACEMENT_3D ( 'NONE', #3496, #3092, #3025 ) ;
#3243 = DIRECTION ( 'NONE',  ( 0.5000000000000001110, 7.227234923279540710E-17, -0.8660254037844385966 ) ) ;
#3244 = CARTESIAN_POINT ( 'NONE',  ( 11.20429399400240023, -12.43504200973872109, -12.00640646055104632 ) ) ;
#3245 = CYLINDRICAL_SURFACE ( 'NONE', #4428, 8.099999999999999645 ) ;
#3246 = ORIENTED_EDGE ( 'NONE', *, *, #929, .T. ) ;
#3247 = CARTESIAN_POINT ( 'NONE',  ( 16.00000000000000000, -6.505213034913026604E-15, -2.249999999999998668 ) ) ;
#3248 = VECTOR ( 'NONE', #1574, 1000.000000000000114 ) ;
#3249 = AXIS2_PLACEMENT_3D ( 'NONE', #3405, #5016, #565 ) ;
#3250 = DIRECTION ( 'NONE',  ( 1.445446984655908142E-16, -1.000000000000000000, 0.000000000000000000 ) ) ;
#3251 = DIRECTION ( 'NONE',  ( 0.000000000000000000, 0.000000000000000000, -1.000000000000000000 ) ) ;
#3252 = LINE ( 'NONE', #1713, #4060 ) ;
#3253 = DIRECTION ( 'NONE',  ( -1.000000000000000000, -1.510331384556921065E-16, 0.000000000000000000 ) ) ;
#3254 = CARTESIAN_POINT ( 'NONE',  ( 15.47298721428184543, 2.600000000000001865, -10.80000000000017657 ) ) ;
#3255 = CARTESIAN_POINT ( 'NONE',  ( -2.090321734816830538E-15, 2.600000000000000089, -16.00000000000000000 ) ) ;
#3256 = VERTEX_POINT ( 'NONE', #38 ) ;
#3257 = VECTOR ( 'NONE', #883, 1000.000000000000000 ) ;
#3258 = DIRECTION ( 'NONE',  ( 1.000000000000000000, 0.000000000000000000, 0.000000000000000000 ) ) ;
#3259 = ADVANCED_FACE ( 'NONE', ( #3281, #3305 ), #1286, .T. ) ;
#3260 = ADVANCED_FACE ( 'NONE', ( #454 ), #2054, .F. ) ;
#3261 = CIRCLE ( 'NONE', #4351, 20.10000000000000142 ) ;
#3262 = DIRECTION ( 'NONE',  ( 1.445446984655908142E-16, -1.000000000000000000, -0.000000000000000000 ) ) ;
#3263 = LINE ( 'NONE', #3990, #262 ) ;
#3264 = DIRECTION ( 'NONE',  ( -0.000000000000000000, 1.000000000000000000, -0.000000000000000000 ) ) ;
#3265 = VERTEX_POINT ( 'NONE', #3219 ) ;
#3266 = CIRCLE ( 'NONE', #4775, 3.699999999999998401 ) ;
#3267 = EDGE_CURVE ( 'NONE', #817, #1575, #3704, .T. ) ;
#3268 = DIRECTION ( 'NONE',  ( 1.000000000000000000, 0.000000000000000000, 0.000000000000000000 ) ) ;
#3269 = VERTEX_POINT ( 'NONE', #972 ) ;
#3270 = AXIS2_PLACEMENT_3D ( 'NONE', #843, #4468, #333 ) ;
#3271 = AXIS2_PLACEMENT_3D ( 'NONE', #2750, #1571, #3159 ) ;
#3272 = DIRECTION ( 'NONE',  ( 0.5000000000000004441, 0.000000000000000000, 0.8660254037844383745 ) ) ;
#3273 = LINE ( 'NONE', #1281, #402 ) ;
#3274 = ORIENTED_EDGE ( 'NONE', *, *, #3182, .F. ) ;
#3275 = DIRECTION ( 'NONE',  ( 1.000000000000000000, 1.294569758191646909E-16, 0.000000000000000000 ) ) ;
#3276 = DIRECTION ( 'NONE',  ( 1.445446984655908142E-16, -1.000000000000000000, 2.311115933264631707E-33 ) ) ;
#3277 = LINE ( 'NONE', #4467, #88 ) ;
#3278 = CARTESIAN_POINT ( 'NONE',  ( 7.999999999999968914, 5.599999999999995204, -13.85640646055103886 ) ) ;
#3279 = VECTOR ( 'NONE', #2722, 1000.000000000000000 ) ;
#3280 = ORIENTED_EDGE ( 'NONE', *, *, #4288, .F. ) ;
#3281 = FACE_BOUND ( 'NONE', #4609, .T. ) ;
#3282 = ADVANCED_FACE ( 'NONE', ( #263 ), #1300, .F. ) ;
#3283 = EDGE_CURVE ( 'NONE', #5092, #1978, #602, .T. ) ;
#3284 = LINE ( 'NONE', #4894, #2235 ) ;
#3285 = LINE ( 'NONE', #4201, #1337 ) ;
#3286 = ORIENTED_EDGE ( 'NONE', *, *, #2119, .F. ) ;
#3287 = EDGE_CURVE ( 'NONE', #132, #4924, #3129, .T. ) ;
#3288 = ADVANCED_FACE ( 'NONE', ( #3469 ), #236, .F. ) ;
#3289 = DIRECTION ( 'NONE',  ( -0.000000000000000000, -1.000000000000000000, -0.000000000000000000 ) ) ;
#3290 = DIRECTION ( 'NONE',  ( 0.000000000000000000, 0.000000000000000000, -1.000000000000000000 ) ) ;
#3291 = LINE ( 'NONE', #4256, #860 ) ;
#3292 = VERTEX_POINT ( 'NONE', #2571 ) ;
#3293 = ADVANCED_FACE ( 'NONE', ( #1384 ), #5087, .F. ) ;
#3294 = LINE ( 'NONE', #4905, #3511 ) ;
#3295 = ORIENTED_EDGE ( 'NONE', *, *, #4459, .T. ) ;
#3296 = ADVANCED_FACE ( 'NONE', ( #1787 ), #4405, .F. ) ;
#3297 = ORIENTED_EDGE ( 'NONE', *, *, #2145, .F. ) ;
#3298 = EDGE_CURVE ( 'NONE', #1126, #1376, #3761, .T. ) ;
#3299 = EDGE_CURVE ( 'NONE', #5025, #2067, #4147, .T. ) ;
#3300 = ORIENTED_EDGE ( 'NONE', *, *, #2894, .F. ) ;
#3301 = FACE_OUTER_BOUND ( 'NONE', #3240, .T. ) ;
#3302 = DIRECTION ( 'NONE',  ( 1.000000000000000000, 0.000000000000000000, -2.775557561562891745E-15 ) ) ;
#3303 = VERTEX_POINT ( 'NONE', #2183 ) ;
#3304 = CARTESIAN_POINT ( 'NONE',  ( -11.55070415551626439, 5.999999999999996447, -11.80640646055096532 ) ) ;
#3305 = FACE_OUTER_BOUND ( 'NONE', #685, .T. ) ;
#3306 = CARTESIAN_POINT ( 'NONE',  ( -13.85640646055104064, 2.599999999999997868, -7.999999999999967137 ) ) ;
#3307 = DIRECTION ( 'NONE',  ( 1.000000000000000000, 0.000000000000000000, 0.000000000000000000 ) ) ;
#3308 = LINE ( 'NONE', #2476, #841 ) ;
#3309 = VERTEX_POINT ( 'NONE', #4999 ) ;
#3310 = DIRECTION ( 'NONE',  ( 1.445446984655908142E-16, -1.000000000000000000, 0.000000000000000000 ) ) ;
#3311 = DIRECTION ( 'NONE',  ( 0.5000000000000002220, 0.000000000000000000, 0.8660254037844384856 ) ) ;
#3312 = LINE ( 'NONE', #2969, #4423 ) ;
#3313 = CARTESIAN_POINT ( 'NONE',  ( -17.08956796801293621, 2.599999999999997424, -7.999999999999961808 ) ) ;
#3314 = DIRECTION ( 'NONE',  ( 0.000000000000000000, 1.000000000000000000, 0.000000000000000000 ) ) ;
#3315 = DIRECTION ( 'NONE',  ( 0.000000000000000000, 0.000000000000000000, 1.000000000000000000 ) ) ;
#3316 = ORIENTED_EDGE ( 'NONE', *, *, #310, .T. ) ;
#3317 = CONICAL_SURFACE ( 'NONE', #800, 19.69999999999999574, 0.7853981633974482790 ) ;
#3318 = CIRCLE ( 'NONE', #3229, 1.699999999999993960 ) ;
#3319 = LINE ( 'NONE', #2539, #4522 ) ;
#3320 = CARTESIAN_POINT ( 'NONE',  ( 1.616580753730949560, 2.600000000000000533, 13.19999999999999929 ) ) ;
#3321 = CARTESIAN_POINT ( 'NONE',  ( -3.469072763174178259E-16, 2.399999999999997691, 0.000000000000000000 ) ) ;
#3322 = ORIENTED_EDGE ( 'NONE', *, *, #5108, .F. ) ;
#3323 = EDGE_LOOP ( 'NONE', ( #4503, #5085, #1785, #109 ) ) ;
#3324 = AXIS2_PLACEMENT_3D ( 'NONE', #4827, #1622, #2902 ) ;
#3325 = CIRCLE ( 'NONE', #1059, 4.100000000000009415 ) ;
#3326 = EDGE_CURVE ( 'NONE', #3017, #3824, #1887, .T. ) ;
#3327 = DIRECTION ( 'NONE',  ( 1.000000000000000000, 0.000000000000000000, 0.000000000000000000 ) ) ;
#3328 = LOCAL_TIME ( 21, 26, 45.00000000000000000, #3450 ) ;
#3329 = ORIENTED_EDGE ( 'NONE', *, *, #1909, .T. ) ;
#3330 = EDGE_CURVE ( 'NONE', #216, #1575, #1834, .T. ) ;
#3331 = DIRECTION ( 'NONE',  ( 0.000000000000000000, -1.000000000000000000, 0.000000000000000000 ) ) ;
#3332 = LINE ( 'NONE', #3639, #4735 ) ;
#3333 = CARTESIAN_POINT ( 'NONE',  ( 0.000000000000000000, 16.46930464146743134, 0.000000000000000000 ) ) ;
#3334 = DIRECTION ( 'NONE',  ( 1.445446984655907896E-16, -1.000000000000000000, 1.067458724959031019E-32 ) ) ;
#3335 = PLANE ( 'NONE',  #4867 ) ;
#3336 = ORIENTED_EDGE ( 'NONE', *, *, #5203, .T. ) ;
#3337 = VERTEX_POINT ( 'NONE', #3440 ) ;
#3338 = PLANE ( 'NONE',  #2225 ) ;
#3339 = DIRECTION ( 'NONE',  ( 1.000000000000000000, 1.606225440719270558E-16, 0.000000000000000000 ) ) ;
#3340 = CARTESIAN_POINT ( 'NONE',  ( 6.207134586489439165, 2.399999999999998579, 19.11756993514622494 ) ) ;
#3341 = EDGE_LOOP ( 'NONE', ( #1538, #4651, #137, #3158 ) ) ;
#3342 = EDGE_CURVE ( 'NONE', #981, #3765, #3647, .T. ) ;
#3343 = CARTESIAN_POINT ( 'NONE',  ( 8.000000000000161648, 5.999999999999999112, 13.85640646055092517 ) ) ;
#3344 = CIRCLE ( 'NONE', #828, 2.250000000000001776 ) ;
#3345 = PLANE ( 'NONE',  #2453 ) ;
#3346 = CIRCLE ( 'NONE', #1913, 0.4000000000000010214 ) ;
#3347 = ORIENTED_EDGE ( 'NONE', *, *, #3815, .F. ) ;
#3348 = AXIS2_PLACEMENT_3D ( 'NONE', #3076, #3435, #4293 ) ;
#3349 = VERTEX_POINT ( 'NONE', #4198 ) ;
#3350 = CIRCLE ( 'NONE', #4765, 1.699999999999993072 ) ;
#3351 = EDGE_LOOP ( 'NONE', ( #4233, #4946, #4727, #3728 ) ) ;
#3352 = VECTOR ( 'NONE', #2865, 1000.000000000000000 ) ;
#3353 = VECTOR ( 'NONE', #2506, 999.9999999999998863 ) ;
#3354 = EDGE_CURVE ( 'NONE', #1932, #3256, #3822, .T. ) ;
#3355 = PLANE ( 'NONE',  #2401 ) ;
#3356 = ORIENTED_EDGE ( 'NONE', *, *, #3846, .T. ) ;
#3357 = CARTESIAN_POINT ( 'NONE',  ( -13.85640646055098379, 3.599999999999983213, 8.000000000000067502 ) ) ;
#3358 = CONICAL_SURFACE ( 'NONE', #2522, 0.4000000000000062395, 0.7853981633974496113 ) ;
#3359 = CARTESIAN_POINT ( 'NONE',  ( -12.23982570682004578, 2.599999999999998312, 5.200000000000055245 ) ) ;
#3360 = CARTESIAN_POINT ( 'NONE',  ( -7.999999999999872102, -9.974659986866640793E-15, 13.85640646055109215 ) ) ;
#3361 = DIRECTION ( 'NONE',  ( 1.445446984655908142E-16, -1.000000000000000000, -1.232595164407830946E-32 ) ) ;
#3362 = DIRECTION ( 'NONE',  ( -0.4999999999999894529, 0.000000000000000000, 0.8660254037844447028 ) ) ;
#3363 = CIRCLE ( 'NONE', #2247, 0.4000000000000001887 ) ;
#3364 = CARTESIAN_POINT ( 'NONE',  ( -6.483609520091249578, 16.46930464146743134, 18.73712078220810895 ) ) ;
#3365 = CALENDAR_DATE ( 2026, 26, 2 ) ;
#3366 = ORIENTED_EDGE ( 'NONE', *, *, #1553, .T. ) ;
#3368 = ADVANCED_FACE ( 'NONE', ( #1070 ), #2637, .T. ) ;
#3367 = CARTESIAN_POINT ( 'NONE',  ( -3.469072763174178259E-16, 2.399999999999997691, 0.000000000000000000 ) ) ;
#3369 = DIRECTION ( 'NONE',  ( 1.445446984655908142E-16, -1.000000000000000000, 0.000000000000000000 ) ) ;
#3370 = EDGE_CURVE ( 'NONE', #863, #4722, #4977, .T. ) ;
#3371 = VECTOR ( 'NONE', #438, 1000.000000000000000 ) ;
#3372 = VERTEX_POINT ( 'NONE', #1441 ) ;
#3373 = CIRCLE ( 'NONE', #4031, 20.09999999999999787 ) ;
#3374 = LINE ( 'NONE', #96, #3917 ) ;
#3375 = CYLINDRICAL_SURFACE ( 'NONE', #1331, 0.4000000000000010214 ) ;
#3376 = CARTESIAN_POINT ( 'NONE',  ( -6.207134586489304162, 5.599999999999990763, -19.11756993514626402 ) ) ;
#3377 = FACE_OUTER_BOUND ( 'NONE', #3996, .T. ) ;
#3378 = DATE_AND_TIME ( #3021, #3328 ) ;
#3379 = ORIENTED_EDGE ( 'NONE', *, *, #1019, .F. ) ;
#3380 = VERTEX_POINT ( 'NONE', #1363 ) ;
#3381 = ORIENTED_EDGE ( 'NONE', *, *, #3681, .T. ) ;
#3382 = ORIENTED_EDGE ( 'NONE', *, *, #2649, .F. ) ;
#3383 = LINE ( 'NONE', #5048, #1241 ) ;
#3384 = VERTEX_POINT ( 'NONE', #2963 ) ;
#3385 = FACE_BOUND ( 'NONE', #980, .T. ) ;
#3386 = CARTESIAN_POINT ( 'NONE',  ( 19.26862735121523684, 5.599999999999995204, -4.100000000000000533 ) ) ;
#3387 = CARTESIAN_POINT ( 'NONE',  ( 0.000000000000000000, 0.000000000000000000, 0.000000000000000000 ) ) ;
#3388 = ORIENTED_EDGE ( 'NONE', *, *, #251, .T. ) ;
#3389 = ORIENTED_EDGE ( 'NONE', *, *, #1719, .T. ) ;
#3390 = CARTESIAN_POINT ( 'NONE',  ( -19.26862735121523329, 2.399999999999995914, -4.100000000000000533 ) ) ;
#3391 = DIRECTION ( 'NONE',  ( -1.445446984655908142E-16, 1.000000000000000000, -0.000000000000000000 ) ) ;
#3392 = CARTESIAN_POINT ( 'NONE',  ( -19.26862735121523684, 5.999999999999995559, -4.100000000000006750 ) ) ;
#3393 = VERTEX_POINT ( 'NONE', #4566 ) ;
#3394 = EDGE_CURVE ( 'NONE', #4085, #817, #212, .T. ) ;
#3395 = EDGE_CURVE ( 'NONE', #1225, #5097, #3724, .T. ) ;
#3396 = LINE ( 'NONE', #5008, #1266 ) ;
#3397 = DIRECTION ( 'NONE',  ( 1.445446984655908142E-16, -1.000000000000000000, 0.000000000000000000 ) ) ;
#3398 = EDGE_CURVE ( 'NONE', #4683, #2775, #3332, .T. ) ;
#3399 = CARTESIAN_POINT ( 'NONE',  ( 15.47298721428191293, 2.600000000000001865, -5.200000000000176925 ) ) ;
#3400 = ORIENTED_EDGE ( 'NONE', *, *, #3003, .F. ) ;
#3401 = ORIENTED_EDGE ( 'NONE', *, *, #2016, .T. ) ;
#3402 = ORIENTED_EDGE ( 'NONE', *, *, #3654, .T. ) ;
#3403 = DIRECTION ( 'NONE',  ( 1.000000000000000000, 1.606225440719274502E-16, 0.000000000000000000 ) ) ;
#3404 = VECTOR ( 'NONE', #4828, 1000.000000000000000 ) ;
#3405 = CARTESIAN_POINT ( 'NONE',  ( -8.000000000000067502, 5.599999999999990763, -13.85640646055098379 ) ) ;
#3406 = EDGE_LOOP ( 'NONE', ( #5004, #4792 ) ) ;
#3407 = CYLINDRICAL_SURFACE ( 'NONE', #139, 2.250000000000000444 ) ;
#3408 = DIRECTION ( 'NONE',  ( 0.000000000000000000, 0.000000000000000000, -1.000000000000000000 ) ) ;
#3409 = CIRCLE ( 'NONE', #1142, 7.699999999999999289 ) ;
#3410 = AXIS2_PLACEMENT_3D ( 'NONE', #2804, #4436, #5156 ) ;
#3411 = DIRECTION ( 'NONE',  ( 0.5000000000000038858, 7.227234923279597410E-17, 0.8660254037844363761 ) ) ;
#3412 = EDGE_LOOP ( 'NONE', ( #5187, #4904, #838, #3460 ) ) ;
#3413 = ORIENTED_EDGE ( 'NONE', *, *, #4994, .F. ) ;
#3414 = DIRECTION ( 'NONE',  ( 1.445446984655908142E-16, -1.000000000000000000, -0.000000000000000000 ) ) ;
#3415 = AXIS2_PLACEMENT_3D ( 'NONE', #662, #2610, #4232 ) ;
#3416 = LINE ( 'NONE', #1124, #148 ) ;
#3417 = FACE_BOUND ( 'NONE', #4778, .T. ) ;
#3418 = ORIENTED_EDGE ( 'NONE', *, *, #1115, .F. ) ;
#3419 = VECTOR ( 'NONE', #1492, 1000.000000000000000 ) ;
#3420 = AXIS2_PLACEMENT_3D ( 'NONE', #4133, #2953, #4237 ) ;
#3421 = LINE ( 'NONE', #653, #1012 ) ;
#3422 = DIRECTION ( 'NONE',  ( -0.6123724356957988002, 0.7071067811865454633, -0.3535533905932704002 ) ) ;
#3423 = DIRECTION ( 'NONE',  ( 1.445446984655910361E-16, -1.000000000000000000, 0.000000000000000000 ) ) ;
#3424 = EDGE_CURVE ( 'NONE', #4751, #5117, #3669, .T. ) ;
#3425 = ORIENTED_EDGE ( 'NONE', *, *, #2084, .T. ) ;
#3426 = EDGE_CURVE ( 'NONE', #1519, #1342, #111, .T. ) ;
#3427 = LINE ( 'NONE', #1030, #3 ) ;
#3428 = ORIENTED_EDGE ( 'NONE', *, *, #2146, .F. ) ;
#3429 = PLANE ( 'NONE',  #2496 ) ;
#3430 = ORIENTED_EDGE ( 'NONE', *, *, #1804, .T. ) ;
#3431 = EDGE_CURVE ( 'NONE', #4246, #574, #3318, .T. ) ;
#3432 = CARTESIAN_POINT ( 'NONE',  ( 19.26862735121523684, 5.599999999999995204, 4.100000000000000533 ) ) ;
#3433 = ORIENTED_EDGE ( 'NONE', *, *, #2707, .T. ) ;
#3434 = FACE_BOUND ( 'NONE', #2977, .T. ) ;
#3435 = DIRECTION ( 'NONE',  ( -1.445446984655907896E-16, 1.000000000000000000, 2.465190328815661892E-32 ) ) ;
#3436 = CARTESIAN_POINT ( 'NONE',  ( -2.090321734816830538E-15, 6.000000000000003553, -16.00000000000000000 ) ) ;
#3437 = VECTOR ( 'NONE', #4375, 1000.000000000000000 ) ;
#3438 = ORIENTED_EDGE ( 'NONE', *, *, #2296, .F. ) ;
#3439 = EDGE_LOOP ( 'NONE', ( #4298, #4464, #270, #5039 ) ) ;
#3440 = CARTESIAN_POINT ( 'NONE',  ( 7.700000000000001066, 5.999999999999999112, 9.429780353434619030E-16 ) ) ;
#3441 = VECTOR ( 'NONE', #2529, 999.9999999999998863 ) ;
#3442 = AXIS2_PLACEMENT_3D ( 'NONE', #3320, #5188, #1969 ) ;
#3443 = DIRECTION ( 'NONE',  ( -0.000000000000000000, 1.000000000000000000, -0.000000000000000000 ) ) ;
#3444 = DIRECTION ( 'NONE',  ( -1.445446984655908142E-16, 1.000000000000000000, -0.000000000000000000 ) ) ;
#3445 = EDGE_CURVE ( 'NONE', #99, #1008, #2228, .T. ) ;
#3446 = FACE_OUTER_BOUND ( 'NONE', #2344, .T. ) ;
#3447 = FACE_OUTER_BOUND ( 'NONE', #3226, .T. ) ;
#3448 = AXIS2_PLACEMENT_3D ( 'NONE', #294, #3499, #5120 ) ;
#3449 = DIRECTION ( 'NONE',  ( -1.000000000000000000, -1.445446984655908142E-16, 0.000000000000000000 ) ) ;
#3450 = COORDINATED_UNIVERSAL_TIME_OFFSET ( 8, 0, .AHEAD. ) ;
#3451 = VERTEX_POINT ( 'NONE', #2174 ) ;
#3452 = VERTEX_POINT ( 'NONE', #1856 ) ;
#3453 = FACE_OUTER_BOUND ( 'NONE', #1833, .T. ) ;
#3454 = CARTESIAN_POINT ( 'NONE',  ( 1.338689302795758146E-15, 6.000000000000003553, 16.00000000000000000 ) ) ;
#3455 = LINE ( 'NONE', #4641, #2862 ) ;
#3456 = ADVANCED_FACE ( 'NONE', ( #2589, #3434, #1782, #3385, #4241, #5079, #4969, #1454, #5052, #2544, #2613, #4992, #205, #4135 ), #542, .F. ) ;
#3457 = CARTESIAN_POINT ( 'NONE',  ( -20.10000000000000142, 16.46930464146742779, 0.000000000000000000 ) ) ;
#3458 = EDGE_CURVE ( 'NONE', #4659, #863, #2151, .T. ) ;
#3459 = DIRECTION ( 'NONE',  ( 1.445446984655908142E-16, -1.000000000000000000, 0.000000000000000000 ) ) ;
#3460 = ORIENTED_EDGE ( 'NONE', *, *, #3058, .F. ) ;
#3461 = EDGE_CURVE ( 'NONE', #3265, #344, #3032, .T. ) ;
#3462 = CARTESIAN_POINT ( 'NONE',  ( 8.100000000000001421, -8.672681907935448852E-16, 0.000000000000000000 ) ) ;
#3463 = EDGE_CURVE ( 'NONE', #1855, #1132, #2898, .T. ) ;
#3464 = CARTESIAN_POINT ( 'NONE',  ( -1.616580753730957332, 2.599999999999999645, 18.79999999999999716 ) ) ;
#3465 = EDGE_CURVE ( 'NONE', #443, #2095, #973, .T. ) ;
#3466 = CYLINDRICAL_SURFACE ( 'NONE', #3348, 3.700000000000000178 ) ;
#3467 = DIRECTION ( 'NONE',  ( 0.000000000000000000, -1.000000000000000000, 0.000000000000000000 ) ) ;
#3468 = VERTEX_POINT ( 'NONE', #3802 ) ;
#3469 = FACE_OUTER_BOUND ( 'NONE', #1800, .T. ) ;
#3470 = DIRECTION ( 'NONE',  ( 1.022085364695843442E-16, -0.7071067811865497932, 0.7071067811865453523 ) ) ;
#3471 = LINE ( 'NONE', #1073, #930 ) ;
#3472 = DIRECTION ( 'NONE',  ( -0.5000000000000079936, -7.227234923279655342E-17, -0.8660254037844339337 ) ) ;
#3473 = CARTESIAN_POINT ( 'NONE',  ( 12.30000000000000071, 2.400000000000000799, 0.000000000000000000 ) ) ;
#3474 = ORIENTED_EDGE ( 'NONE', *, *, #2170, .F. ) ;
#3475 = CARTESIAN_POINT ( 'NONE',  ( 6.483609520091384582, 5.599999999999994316, -18.73712078220806987 ) ) ;
#3476 = VERTEX_POINT ( 'NONE', #990 ) ;
#3477 = CARTESIAN_POINT ( 'NONE',  ( 13.18501783112398940, 5.599999999999994316, 14.63712078220790325 ) ) ;
#3478 = ORIENTED_EDGE ( 'NONE', *, *, #597, .F. ) ;
#3479 = DIRECTION ( 'NONE',  ( -1.000000000000000000, 0.000000000000000000, 0.000000000000000000 ) ) ;
#3480 = ORIENTED_EDGE ( 'NONE', *, *, #3047, .T. ) ;
#3481 = LINE ( 'NONE', #2959, #713 ) ;
#3482 = EDGE_LOOP ( 'NONE', ( #600, #2569 ) ) ;
#3483 = CYLINDRICAL_SURFACE ( 'NONE', #1245, 3.700000000000000178 ) ;
#3484 = ADVANCED_FACE ( 'NONE', ( #4213 ), #4190, .F. ) ;
#3485 = CIRCLE ( 'NONE', #1053, 4.100000000000004974 ) ;
#3486 = ORIENTED_EDGE ( 'NONE', *, *, #1088, .T. ) ;
#3487 = FACE_OUTER_BOUND ( 'NONE', #1069, .T. ) ;
#3488 = FACE_OUTER_BOUND ( 'NONE', #290, .T. ) ;
#3489 = AXIS2_PLACEMENT_3D ( 'NONE', #2049, #3640, #842 ) ;
#3490 = CARTESIAN_POINT ( 'NONE',  ( -1.625704155516168870, 5.999999999999997335, 5.384197804570129975 ) ) ;
#3491 = CARTESIAN_POINT ( 'NONE',  ( 19.26862735121523684, 5.599999999999995204, 4.100000000000000533 ) ) ;
#3492 = DIRECTION ( 'NONE',  ( -0.000000000000000000, -1.000000000000000000, -0.000000000000000000 ) ) ;
#3493 = ORIENTED_EDGE ( 'NONE', *, *, #482, .F. ) ;
#3494 = CARTESIAN_POINT ( 'NONE',  ( -1.616580753730949782, -2.336681775933176513E-16, -13.19999999999999929 ) ) ;
#3495 = ORIENTED_EDGE ( 'NONE', *, *, #449, .T. ) ;
#3496 = CARTESIAN_POINT ( 'NONE',  ( 8.000000000000161648, 2.399999999999998579, 13.85640646055092517 ) ) ;
#3497 = AXIS2_PLACEMENT_3D ( 'NONE', #1607, #4812, #1210 ) ;
#3498 = CARTESIAN_POINT ( 'NONE',  ( 1.513282482545320607E-15, 5.999999999999998224, 0.000000000000000000 ) ) ;
#3499 = DIRECTION ( 'NONE',  ( -1.445446984655908142E-16, 1.000000000000000000, -0.000000000000000000 ) ) ;
#3500 = EDGE_LOOP ( 'NONE', ( #851, #1974 ) ) ;
#3501 = VECTOR ( 'NONE', #1134, 1000.000000000000000 ) ;
#3502 = ORIENTED_EDGE ( 'NONE', *, *, #4225, .F. ) ;
#3503 = ADVANCED_FACE ( 'NONE', ( #4163 ), #3407, .F. ) ;
#3504 = ORIENTED_EDGE ( 'NONE', *, *, #2471, .F. ) ;
#3505 = CARTESIAN_POINT ( 'NONE',  ( -13.85640646055104064, 2.599999999999997868, -7.999999999999967137 ) ) ;
#3506 = CIRCLE ( 'NONE', #2263, 0.4000000000000010214 ) ;
#3507 = LINE ( 'NONE', #1041, #2660 ) ;
#3508 = ADVANCED_FACE ( 'NONE', ( #4096 ), #122, .F. ) ;
#3509 = VECTOR ( 'NONE', #1451, 1000.000000000000000 ) ;
#3510 = EDGE_LOOP ( 'NONE', ( #5098, #3127, #3587, #4696 ) ) ;
#3511 = VECTOR ( 'NONE', #1618, 1000.000000000000000 ) ;
#3512 = CARTESIAN_POINT ( 'NONE',  ( 16.00000000000000000, 5.599999999999994316, 3.700000000000000178 ) ) ;
#3513 = CARTESIAN_POINT ( 'NONE',  ( 1.338689302795758146E-15, 3.599999999999992095, 14.30000000000000782 ) ) ;
#3514 = VECTOR ( 'NONE', #17, 1000.000000000000000 ) ;
#3515 = CIRCLE ( 'NONE', #2182, 2.250000000000000444 ) ;
#3516 = CIRCLE ( 'NONE', #1009, 3.700000000000000178 ) ;
#3517 = CIRCLE ( 'NONE', #3271, 8.099999999999999645 ) ;
#3518 = EDGE_CURVE ( 'NONE', #211, #1597, #3485, .T. ) ;
#3519 = DIRECTION ( 'NONE',  ( 9.603429163007602497E-15, 1.388124772602595213E-30, 1.000000000000000000 ) ) ;
#3520 = ADVANCED_FACE ( 'NONE', ( #4572 ), #2088, .F. ) ;
#3521 = EDGE_LOOP ( 'NONE', ( #5198, #3097, #3577, #318 ) ) ;
#3522 = DIRECTION ( 'NONE',  ( -1.445446984655907896E-16, 1.000000000000000000, 2.465190328815661892E-32 ) ) ;
#3523 = ORIENTED_EDGE ( 'NONE', *, *, #4129, .T. ) ;
#3524 = AXIS2_PLACEMENT_3D ( 'NONE', #1466, #4702, #219 ) ;
#3525 = DIRECTION ( 'NONE',  ( -1.000000000000000000, 0.000000000000000000, 0.000000000000000000 ) ) ;
#3526 = DIRECTION ( 'NONE',  ( 1.445446984655908142E-16, -1.000000000000000000, 0.000000000000000000 ) ) ;
#3527 = ORIENTED_EDGE ( 'NONE', *, *, #4880, .F. ) ;
#3528 = CIRCLE ( 'NONE', #4634, 0.4000000000000001887 ) ;
#3529 = EDGE_LOOP ( 'NONE', ( #611, #3628, #3604, #4806, #385, #1764 ) ) ;
#3530 = VERTEX_POINT ( 'NONE', #4899 ) ;
#3531 = LINE ( 'NONE', #5179, #2841 ) ;
#3532 = DIRECTION ( 'NONE',  ( 1.445446984655908142E-16, -1.000000000000000000, 0.000000000000000000 ) ) ;
#3533 = FACE_OUTER_BOUND ( 'NONE', #1352, .T. ) ;
#3534 = EDGE_LOOP ( 'NONE', ( #2497, #1825 ) ) ;
#3535 = EDGE_LOOP ( 'NONE', ( #4644, #641, #1060, #2693 ) ) ;
#3536 = LINE ( 'NONE', #752, #5186 ) ;
#3537 = LINE ( 'NONE', #3217, #94 ) ;
#3538 = ORIENTED_EDGE ( 'NONE', *, *, #2950, .F. ) ;
#3539 = CARTESIAN_POINT ( 'NONE',  ( 16.00000000000000000, -6.505213034913026604E-15, 0.000000000000000000 ) ) ;
#3540 = CARTESIAN_POINT ( 'NONE',  ( -13.85640646055098379, 2.599999999999997868, 5.300000000000082423 ) ) ;
#3541 = ORIENTED_EDGE ( 'NONE', *, *, #3751, .T. ) ;
#3542 = CARTESIAN_POINT ( 'NONE',  ( -13.85640646055098379, 3.599999999999983213, 8.000000000000067502 ) ) ;
#3543 = EDGE_CURVE ( 'NONE', #2976, #22, #3741, .T. ) ;
#3544 = EDGE_CURVE ( 'NONE', #965, #807, #3710, .T. ) ;
#3545 = VERTEX_POINT ( 'NONE', #2136 ) ;
#3546 = CARTESIAN_POINT ( 'NONE',  ( -8.000000000000065725, 2.399999999999997691, -13.85640646055098379 ) ) ;
#3547 = DIRECTION ( 'NONE',  ( -0.4999999999999957256, 0.000000000000000000, 0.8660254037844411501 ) ) ;
#3548 = ORIENTED_EDGE ( 'NONE', *, *, #2968, .F. ) ;
#3549 = LINE ( 'NONE', #1170, #1082 ) ;
#3550 = ORIENTED_EDGE ( 'NONE', *, *, #3518, .F. ) ;
#3551 = CARTESIAN_POINT ( 'NONE',  ( -1.882131778961781496E-15, 2.600000000000000089, -14.30000000000000782 ) ) ;
#3552 = DIRECTION ( 'NONE',  ( 0.6123724356957969128, -0.7071067811865436870, -0.3535533905932772281 ) ) ;
#3553 = ORIENTED_EDGE ( 'NONE', *, *, #1043, .T. ) ;
#3554 = ORIENTED_EDGE ( 'NONE', *, *, #5073, .F. ) ;
#3555 = CARTESIAN_POINT ( 'NONE',  ( -20.09999999999999432, -6.374795391111989584E-15, 0.000000000000000000 ) ) ;
#3556 = DIRECTION ( 'NONE',  ( -1.000000000000000000, 0.000000000000000000, 0.000000000000000000 ) ) ;
#3557 = VERTEX_POINT ( 'NONE', #1744 ) ;
#3558 = FACE_OUTER_BOUND ( 'NONE', #3818, .T. ) ;
#3559 = VECTOR ( 'NONE', #3783, 1000.000000000000000 ) ;
#3560 = CARTESIAN_POINT ( 'NONE',  ( 19.65986851570693261, 2.400000000000000799, 4.183248730964470141 ) ) ;
#3561 = DIRECTION ( 'NONE',  ( 0.5000000000000101030, 0.000000000000000000, 0.8660254037844328234 ) ) ;
#3562 = EDGE_CURVE ( 'NONE', #1351, #5026, #1345, .T. ) ;
#3563 = PLANE ( 'NONE',  #1567 ) ;
#3564 = LINE ( 'NONE', #2755, #1762 ) ;
#3565 = ORIENTED_EDGE ( 'NONE', *, *, #64, .T. ) ;
#3566 = DIRECTION ( 'NONE',  ( 1.000000000000000000, 1.294569758191646909E-16, 0.000000000000000000 ) ) ;
#3567 = AXIS2_PLACEMENT_3D ( 'NONE', #5088, #1023, #1072 ) ;
#3568 = EDGE_LOOP ( 'NONE', ( #1895, #4555, #1460, #3382 ) ) ;
#3570 = CIRCLE ( 'NONE', #2242, 2.250000000000000444 ) ;
#3569 = CARTESIAN_POINT ( 'NONE',  ( -19.26862735121523329, 2.399999999999995914, -4.100000000000000533 ) ) ;
#3571 = DIRECTION ( 'NONE',  ( -0.000000000000000000, 1.000000000000000000, -0.000000000000000000 ) ) ;
#3572 = ORIENTED_EDGE ( 'NONE', *, *, #4130, .T. ) ;
#3573 = VECTOR ( 'NONE', #3882, 1000.000000000000000 ) ;
#3574 = ORIENTED_EDGE ( 'NONE', *, *, #962, .F. ) ;
#3575 = EDGE_CURVE ( 'NONE', #1150, #3973, #3881, .T. ) ;
#3576 = FACE_OUTER_BOUND ( 'NONE', #2006, .T. ) ;
#3577 = ORIENTED_EDGE ( 'NONE', *, *, #3354, .F. ) ;
#3578 = ADVANCED_FACE ( 'NONE', ( #2992 ), #2623, .T. ) ;
#3579 = EDGE_CURVE ( 'NONE', #3912, #3067, #1027, .T. ) ;
#3580 = CARTESIAN_POINT ( 'NONE',  ( -7.999999999999872102, 2.399999999999996358, 16.10640646055109571 ) ) ;
#3581 = CIRCLE ( 'NONE', #1325, 0.4000000000000001887 ) ;
#3582 = LINE ( 'NONE', #3610, #473 ) ;
#3583 = ORIENTED_EDGE ( 'NONE', *, *, #4882, .T. ) ;
#3584 = ORIENTED_EDGE ( 'NONE', *, *, #4741, .F. ) ;
#3585 = CARTESIAN_POINT ( 'NONE',  ( 1.616580753730956443, 2.600000000000000533, -18.79999999999999716 ) ) ;
#3586 = FACE_OUTER_BOUND ( 'NONE', #3805, .T. ) ;
#3587 = ORIENTED_EDGE ( 'NONE', *, *, #4619, .F. ) ;
#3588 = DIRECTION ( 'NONE',  ( -1.445446984655908142E-16, 1.000000000000000000, -0.000000000000000000 ) ) ;
#3589 = FACE_OUTER_BOUND ( 'NONE', #2947, .T. ) ;
#3590 = FACE_OUTER_BOUND ( 'NONE', #690, .T. ) ;
#3591 = CONICAL_SURFACE ( 'NONE', #4443, 3.700000000000001954, 0.7853981633974504994 ) ;
#3592 = DIRECTION ( 'NONE',  ( -1.445446984655908142E-16, 1.000000000000000000, -0.000000000000000000 ) ) ;
#3593 = CARTESIAN_POINT ( 'NONE',  ( -13.85640646055104064, 3.599999999999990319, -7.999999999999967137 ) ) ;
#3594 = AXIS2_PLACEMENT_3D ( 'NONE', #2374, #769, #1272 ) ;
#3595 = EDGE_LOOP ( 'NONE', ( #3775, #1542, #103 ) ) ;
#3596 = CARTESIAN_POINT ( 'NONE',  ( -4.449295844483871498, 5.999999999999997335, -15.90640646055100582 ) ) ;
#3597 = DIRECTION ( 'NONE',  ( 1.445446984655908142E-16, -1.000000000000000000, 0.000000000000000000 ) ) ;
#3598 = VECTOR ( 'NONE', #4699, 1000.000000000000000 ) ;
#3599 = ORIENTED_EDGE ( 'NONE', *, *, #3751, .F. ) ;
#3600 = CARTESIAN_POINT ( 'NONE',  ( -13.85640646055098379, 2.599999999999997868, 8.000000000000067502 ) ) ;
#3601 = CONICAL_SURFACE ( 'NONE', #256, 19.69999999999999574, 0.7853981633974504994 ) ;
#3602 = DIRECTION ( 'NONE',  ( 0.4999999999999957812, 7.227234923279477848E-17, -0.8660254037844411501 ) ) ;
#3603 = ORIENTED_EDGE ( 'NONE', *, *, #4656, .T. ) ;
#3604 = ORIENTED_EDGE ( 'NONE', *, *, #4388, .F. ) ;
#3605 = DIRECTION ( 'NONE',  ( 0.6123724356957953585, -0.7071067811865475727, 0.3535533905932723431 ) ) ;
#3606 = ORIENTED_EDGE ( 'NONE', *, *, #3458, .F. ) ;
#3607 = AXIS2_PLACEMENT_3D ( 'NONE', #3864, #267, #4678 ) ;
#3608 = DIRECTION ( 'NONE',  ( 0.000000000000000000, 0.000000000000000000, 1.000000000000000000 ) ) ;
#3609 = LINE ( 'NONE', #4479, #2489 ) ;
#3610 = CARTESIAN_POINT ( 'NONE',  ( -11.20429399400231318, 5.599999999999992539, 12.00640646055112271 ) ) ;
#3611 = EDGE_CURVE ( 'NONE', #1907, #2375, #1490, .T. ) ;
#3612 = DIRECTION ( 'NONE',  ( -0.4999999999999980571, -7.227234923279513593E-17, 0.8660254037844398178 ) ) ;
#3613 = ORIENTED_EDGE ( 'NONE', *, *, #1269, .T. ) ;
#3614 = EDGE_CURVE ( 'NONE', #1617, #3111, #3839, .T. ) ;
#3615 = AXIS2_PLACEMENT_3D ( 'NONE', #3817, #1130, #3020 ) ;
#3616 = EDGE_CURVE ( 'NONE', #1925, #492, #700, .T. ) ;
#3617 = DIRECTION ( 'NONE',  ( 0.5000000000000039968, 0.000000000000000000, 0.8660254037844363761 ) ) ;
#3618 = DIRECTION ( 'NONE',  ( 1.000000000000000000, 1.445446984655908142E-16, 0.000000000000000000 ) ) ;
#3619 = VERTEX_POINT ( 'NONE', #679 ) ;
#3620 = EDGE_CURVE ( 'NONE', #4932, #538, #287, .T. ) ;
#3621 = DIRECTION ( 'NONE',  ( 0.000000000000000000, 0.000000000000000000, -1.000000000000000000 ) ) ;
#3622 = CARTESIAN_POINT ( 'NONE',  ( 13.85640646055092340, 2.600000000000001865, -9.700000000000155609 ) ) ;
#3623 = CARTESIAN_POINT ( 'NONE',  ( 19.65986851570691840, 16.46930464146743489, -4.183248730964466588 ) ) ;
#3624 = CARTESIAN_POINT ( 'NONE',  ( -1.616580753730956443, 2.599999999999999645, 13.19999999999999929 ) ) ;
#3625 = ORIENTED_EDGE ( 'NONE', *, *, #2367, .F. ) ;
#3626 = CARTESIAN_POINT ( 'NONE',  ( 3.233161507461908002, 2.600000000000000533, -16.00000000000000000 ) ) ;
#3627 = LINE ( 'NONE', #4818, #2355 ) ;
#3628 = ORIENTED_EDGE ( 'NONE', *, *, #4130, .F. ) ;
#3629 = DIRECTION ( 'NONE',  ( 1.000000000000000000, 0.000000000000000000, 0.000000000000000000 ) ) ;
#3630 = CARTESIAN_POINT ( 'NONE',  ( 8.000000000000161648, -7.806255641895631925E-15, 13.85640646055092517 ) ) ;
#3631 = EDGE_LOOP ( 'NONE', ( #4094, #2309, #2724, #4858 ) ) ;
#3632 = FACE_OUTER_BOUND ( 'NONE', #1566, .T. ) ;
#3633 = VERTEX_POINT ( 'NONE', #4657 ) ;
#3634 = CARTESIAN_POINT ( 'NONE',  ( 11.20429399400256720, -12.43504200973874418, 12.00640646055088823 ) ) ;
#3635 = CARTESIAN_POINT ( 'NONE',  ( 1.571100361931557643E-15, 5.599999999999994316, 0.000000000000000000 ) ) ;
#3636 = EDGE_LOOP ( 'NONE', ( #2631, #2731, #501, #2053 ) ) ;
#3637 = DIRECTION ( 'NONE',  ( -0.4999999999999919509, 0.000000000000000000, 0.8660254037844432595 ) ) ;
#3638 = AXIS2_PLACEMENT_3D ( 'NONE', #3505, #2303, #4242 ) ;
#3639 = CARTESIAN_POINT ( 'NONE',  ( 12.83860766961000976, -12.43504200973872109, -14.83712078220808195 ) ) ;
#3641 = EDGE_CURVE ( 'NONE', #3393, #981, #4881, .T. ) ;
#3640 = DIRECTION ( 'NONE',  ( 1.445446984655908142E-16, -1.000000000000000000, 0.000000000000000000 ) ) ;
#3642 = DIRECTION ( 'NONE',  ( -1.445446984655908142E-16, 1.000000000000000000, -0.000000000000000000 ) ) ;
#3643 = EDGE_CURVE ( 'NONE', #2543, #2595, #4628, .T. ) ;
#3644 = VERTEX_POINT ( 'NONE', #1054 ) ;
#3645 = AXIS2_PLACEMENT_3D ( 'NONE', #1863, #4169, #4219 ) ;
#3646 = DIRECTION ( 'NONE',  ( -1.445446984655908142E-16, 1.000000000000000000, -0.000000000000000000 ) ) ;
#3647 = CIRCLE ( 'NONE', #4921, 20.10000000000000853 ) ;
#3648 = DIRECTION ( 'NONE',  ( 0.4732596709874686836, -0.7071067811865483499, -0.5253810843728879965 ) ) ;
#3649 = FACE_OUTER_BOUND ( 'NONE', #3631, .T. ) ;
#3650 = VERTEX_POINT ( 'NONE', #2698 ) ;
#3651 = DATE_AND_TIME ( #1807, #2345 ) ;
#3652 = AXIS2_PLACEMENT_3D ( 'NONE', #3386, #572, #2635 ) ;
#3653 = ORIENTED_EDGE ( 'NONE', *, *, #1034, .F. ) ;
#3654 = EDGE_CURVE ( 'NONE', #1547, #2492, #2215, .T. ) ;
#3655 = CARTESIAN_POINT ( 'NONE',  ( 7.700000000000001066, 5.999999999999999112, 4.100000000000006750 ) ) ;
#3656 = DIRECTION ( 'NONE',  ( 0.000000000000000000, 0.000000000000000000, 1.000000000000000000 ) ) ;
#3657 = CONICAL_SURFACE ( 'NONE', #3904, 1.699999999999993960, 0.7853981633974511656 ) ;
#3658 = ORIENTED_EDGE ( 'NONE', *, *, #1793, .F. ) ;
#3659 = VECTOR ( 'NONE', #3443, 1000.000000000000000 ) ;
#3660 = FACE_OUTER_BOUND ( 'NONE', #3595, .T. ) ;
#3661 = ORIENTED_EDGE ( 'NONE', *, *, #2742, .T. ) ;
#3662 = AXIS2_PLACEMENT_3D ( 'NONE', #3477, #5094, #1472 ) ;
#3663 = CIRCLE ( 'NONE', #400, 1.700000000000000178 ) ;
#3664 = EDGE_CURVE ( 'NONE', #3824, #2201, #1818, .T. ) ;
#3665 = CARTESIAN_POINT ( 'NONE',  ( -15.47298721428198043, 2.599999999999997868, -5.199999999999964650 ) ) ;
#3666 = EDGE_CURVE ( 'NONE', #4855, #3619, #2311, .T. ) ;
#3667 = ORIENTED_EDGE ( 'NONE', *, *, #1481, .T. ) ;
#3668 = CYLINDRICAL_SURFACE ( 'NONE', #4099, 3.700000000000000178 ) ;
#3669 = LINE ( 'NONE', #4863, #2310 ) ;
#3670 = EDGE_CURVE ( 'NONE', #1903, #5178, #3396, .T. ) ;
#3671 = CIRCLE ( 'NONE', #913, 0.4000000000000001887 ) ;
#3672 = LINE ( 'NONE', #1284, #2728 ) ;
#3673 = CARTESIAN_POINT ( 'NONE',  ( 4.795706005997760535, 2.399999999999999467, 15.70640646055096390 ) ) ;
#3674 = EDGE_LOOP ( 'NONE', ( #4611, #2107, #1366, #743 ) ) ;
#3675 = EDGE_LOOP ( 'NONE', ( #530, #2687, #1791, #738 ) ) ;
#3676 = ADVANCED_FACE ( 'NONE', ( #1867 ), #1693, .F. ) ;
#3677 = DIRECTION ( 'NONE',  ( 0.000000000000000000, 0.000000000000000000, 1.000000000000000000 ) ) ;
#3678 = CARTESIAN_POINT ( 'NONE',  ( 13.18501783112398584, 6.000000000000000000, 14.63712078220789969 ) ) ;
#3679 = ORIENTED_EDGE ( 'NONE', *, *, #1279, .F. ) ;
#3680 = DIRECTION ( 'NONE',  ( 1.000000000000000000, 0.000000000000000000, 0.000000000000000000 ) ) ;
#3681 = EDGE_CURVE ( 'NONE', #3912, #4301, #3421, .T. ) ;
#3682 = ADVANCED_FACE ( 'NONE', ( #3446 ), #5065, .F. ) ;
#3683 = ADVANCED_FACE ( 'NONE', ( #1077 ), #2673, .F. ) ;
#3684 = DIRECTION ( 'NONE',  ( -1.445446984655908142E-16, 1.000000000000000000, -0.000000000000000000 ) ) ;
#3685 = VECTOR ( 'NONE', #2011, 1000.000000000000000 ) ;
#3686 = EDGE_CURVE ( 'NONE', #917, #2802, #3108, .T. ) ;
#3687 = CIRCLE ( 'NONE', #1756, 1.699999999999993960 ) ;
#3688 = DIRECTION ( 'NONE',  ( 0.000000000000000000, 0.000000000000000000, 1.000000000000000000 ) ) ;
#3689 = DIRECTION ( 'NONE',  ( 0.000000000000000000, 0.000000000000000000, 1.000000000000000000 ) ) ;
#3690 = CYLINDRICAL_SURFACE ( 'NONE', #2925, 2.250000000000000444 ) ;
#3691 = VERTEX_POINT ( 'NONE', #4811 ) ;
#3692 = AXIS2_PLACEMENT_3D ( 'NONE', #124, #2771, #4377 ) ;
#3693 = DIRECTION ( 'NONE',  ( -0.000000000000000000, 1.000000000000000000, -0.000000000000000000 ) ) ;
#3694 = EDGE_LOOP ( 'NONE', ( #4947, #5204, #1123, #321, #3723 ) ) ;
#3695 = ORIENTED_EDGE ( 'NONE', *, *, #3543, .F. ) ;
#3696 = AXIS2_PLACEMENT_3D ( 'NONE', #4518, #3731, #4144 ) ;
#3697 = DIRECTION ( 'NONE',  ( 2.775557561562891745E-15, 4.011921308099985886E-31, 1.000000000000000000 ) ) ;
#3698 = ORIENTED_EDGE ( 'NONE', *, *, #3287, .T. ) ;
#3699 = CARTESIAN_POINT ( 'NONE',  ( -16.00000000000000000, 5.999999999999995559, -4.100000000000006750 ) ) ;
#3700 = FACE_BOUND ( 'NONE', #2446, .T. ) ;
#3701 = DIRECTION ( 'NONE',  ( 9.376883653928686624E-16, 0.000000000000000000, -1.000000000000000000 ) ) ;
#3702 = EDGE_LOOP ( 'NONE', ( #3116, #2511, #4719, #120, #189, #1422 ) ) ;
#3703 = EDGE_LOOP ( 'NONE', ( #465, #1844 ) ) ;
#3704 = LINE ( 'NONE', #1312, #2891 ) ;
#3705 = UNCERTAINTY_MEASURE_WITH_UNIT (LENGTH_MEASURE( 1.000000000000000082E-05 ), #4041, 'distance_accuracy_value', 'NONE');
#3706 = CARTESIAN_POINT ( 'NONE',  ( -1.616580753730949560, 2.599999999999999645, -18.79999999999999716 ) ) ;
#3707 = CYLINDRICAL_SURFACE ( 'NONE', #1767, 1.699999999999993960 ) ;
#3708 = EDGE_LOOP ( 'NONE', ( #180, #4304, #2255, #1511 ) ) ;
#3709 = DIRECTION ( 'NONE',  ( -1.445446984655908142E-16, 1.000000000000000000, -0.000000000000000000 ) ) ;
#3710 = LINE ( 'NONE', #4496, #627 ) ;
#3711 = CYLINDRICAL_SURFACE ( 'NONE', #2576, 0.4000000000000001887 ) ;
#3712 = LINE ( 'NONE', #1722, #4920 ) ;
#3713 = CARTESIAN_POINT ( 'NONE',  ( -19.26862735121523684, 5.599999999999990763, -4.100000000000000533 ) ) ;
#3714 = LINE ( 'NONE', #3551, #4870 ) ;
#3715 = CARTESIAN_POINT ( 'NONE',  ( 1.616580753730948672, 2.600000000000000533, 18.79999999999999716 ) ) ;
#3716 = EDGE_CURVE ( 'NONE', #2949, #1549, #2336, .T. ) ;
#3717 = ORIENTED_EDGE ( 'NONE', *, *, #724, .F. ) ;
#3718 = EDGE_CURVE ( 'NONE', #3973, #3111, #3528, .T. ) ;
#3719 = ORIENTED_EDGE ( 'NONE', *, *, #827, .F. ) ;
#3720 = ORIENTED_EDGE ( 'NONE', *, *, #4185, .F. ) ;
#3721 = CARTESIAN_POINT ( 'NONE',  ( 16.00000000000000000, 2.399999999999999911, 2.250000000000001776 ) ) ;
#3722 = DIRECTION ( 'NONE',  ( 0.000000000000000000, -1.000000000000000000, 0.000000000000000000 ) ) ;
#3723 = ORIENTED_EDGE ( 'NONE', *, *, #401, .F. ) ;
#3724 = LINE ( 'NONE', #3699, #4315 ) ;
#3725 = CARTESIAN_POINT ( 'NONE',  ( 10.62324495308918593, 2.600000000000001421, 7.999999999999904965 ) ) ;
#3726 = CARTESIAN_POINT ( 'NONE',  ( -3.233161507461910222, -2.505416603551467785E-15, 16.00000000000000000 ) ) ;
#3727 = VERTEX_POINT ( 'NONE', #1914 ) ;
#3728 = ORIENTED_EDGE ( 'NONE', *, *, #310, .F. ) ;
#3729 = CARTESIAN_POINT ( 'NONE',  ( 11.20429399400239667, 5.599999999999996980, -12.00640646055104632 ) ) ;
#3730 = CARTESIAN_POINT ( 'NONE',  ( -8.000000000000067502, 5.999999999999996447, -13.85640646055098379 ) ) ;
#3731 = DIRECTION ( 'NONE',  ( -0.000000000000000000, 1.000000000000000000, -0.000000000000000000 ) ) ;
#3732 = EDGE_LOOP ( 'NONE', ( #886, #1033, #734, #689 ) ) ;
#3733 = CARTESIAN_POINT ( 'NONE',  ( -8.000000000000065725, 2.399999999999996358, -13.85640646055098379 ) ) ;
#3734 = EDGE_CURVE ( 'NONE', #3309, #1179, #393, .T. ) ;
#3735 = VECTOR ( 'NONE', #2209, 999.9999999999998863 ) ;
#3736 = DIRECTION ( 'NONE',  ( 0.6916232012284740938, 0.7071067811865439090, -0.1471643554753751526 ) ) ;
#3737 = CARTESIAN_POINT ( 'NONE',  ( -1.616580753730956443, 2.599999999999999645, 13.19999999999999929 ) ) ;
#3738 = ADVANCED_FACE ( 'NONE', ( #2783 ), #4886, .F. ) ;
#3739 = ORIENTED_EDGE ( 'NONE', *, *, #877, .F. ) ;
#3740 = VECTOR ( 'NONE', #4314, 1000.000000000000000 ) ;
#3741 = CIRCLE ( 'NONE', #55, 3.700000000000000178 ) ;
#3742 = ORIENTED_EDGE ( 'NONE', *, *, #5145, .F. ) ;
#3743 = VERTEX_POINT ( 'NONE', #4385 ) ;
#3744 = EDGE_CURVE ( 'NONE', #3269, #115, #105, .T. ) ;
#3745 = VECTOR ( 'NONE', #3411, 1000.000000000000114 ) ;
#3746 = EDGE_CURVE ( 'NONE', #1225, #3916, #185, .T. ) ;
#3747 = DIRECTION ( 'NONE',  ( 0.000000000000000000, 0.000000000000000000, -1.000000000000000000 ) ) ;
#3748 = VECTOR ( 'NONE', #1757, 1000.000000000000000 ) ;
#3749 = ORIENTED_EDGE ( 'NONE', *, *, #568, .T. ) ;
#3750 = DIRECTION ( 'NONE',  ( -1.445446984655908142E-16, 1.000000000000000000, -0.000000000000000000 ) ) ;
#3751 = EDGE_CURVE ( 'NONE', #3545, #3011, #1429, .T. ) ;
#3752 = DIRECTION ( 'NONE',  ( 0.000000000000000000, 0.000000000000000000, -1.000000000000000000 ) ) ;
#3753 = DIRECTION ( 'NONE',  ( -1.000000000000000000, 0.000000000000000000, 0.000000000000000000 ) ) ;
#3754 = ADVANCED_FACE ( 'NONE', ( #3954 ), #1270, .T. ) ;
#3755 = DIRECTION ( 'NONE',  ( 0.6123724356957969128, -0.7071067811865436870, -0.3535533905932772281 ) ) ;
#3756 = LINE ( 'NONE', #991, #4093 ) ;
#3757 = VECTOR ( 'NONE', #5009, 1000.000000000000000 ) ;
#3758 = CARTESIAN_POINT ( 'NONE',  ( 16.00000000000000000, 2.399999999999999911, 2.250000000000000444 ) ) ;
#3759 = PERSON_AND_ORGANIZATION_ROLE ( 'design_owner' ) ;
#3760 = ORIENTED_EDGE ( 'NONE', *, *, #2563, .T. ) ;
#3761 = LINE ( 'NONE', #4596, #2061 ) ;
#3762 = AXIS2_PLACEMENT_3D ( 'NONE', #4703, #3911, #311 ) ;
#3763 = LINE ( 'NONE', #169, #1559 ) ;
#3764 = CARTESIAN_POINT ( 'NONE',  ( -3.469072763174178259E-16, 2.399999999999997691, -9.629649721936179265E-32 ) ) ;
#3765 = VERTEX_POINT ( 'NONE', #3560 ) ;
#3766 = CONICAL_SURFACE ( 'NONE', #4942, 1.699999999999993960, 0.7853981633974511656 ) ;
#3767 = DIRECTION ( 'NONE',  ( 0.6123724356957988002, -0.7071067811865465735, 0.3535533905932685683 ) ) ;
#3768 = CARTESIAN_POINT ( 'NONE',  ( -11.20429399400231318, 5.599999999999988987, 12.00640646055112271 ) ) ;
#3769 = CARTESIAN_POINT ( 'NONE',  ( -3.233161507461908890, 2.599999999999999645, 16.00000000000000000 ) ) ;
#3770 = ORIENTED_EDGE ( 'NONE', *, *, #864, .F. ) ;
#3771 = EDGE_LOOP ( 'NONE', ( #1085, #916, #433, #496 ) ) ;
#3772 = AXIS2_PLACEMENT_3D ( 'NONE', #4862, #4465, #869 ) ;
#3773 = EDGE_LOOP ( 'NONE', ( #2998, #590, #3474, #4020 ) ) ;
#3774 = CARTESIAN_POINT ( 'NONE',  ( -13.85640646055098379, 3.599999999999983213, 8.000000000000067502 ) ) ;
#3775 = ORIENTED_EDGE ( 'NONE', *, *, #93, .F. ) ;
#3776 = CIRCLE ( 'NONE', #11, 7.699999999999999289 ) ;
#3777 = AXIS2_PLACEMENT_3D ( 'NONE', #4152, #3796, #2090 ) ;
#3778 = DIRECTION ( 'NONE',  ( -0.000000000000000000, 1.000000000000000000, -0.000000000000000000 ) ) ;
#3779 = CARTESIAN_POINT ( 'NONE',  ( -3.233161507461901785, -4.673363551866355985E-16, -15.99999999999999645 ) ) ;
#3780 = AXIS2_PLACEMENT_3D ( 'NONE', #3153, #1882, #4768 ) ;
#3781 = ADVANCED_FACE ( 'NONE', ( #3589 ), #4840, .T. ) ;
#3782 = EDGE_CURVE ( 'NONE', #5194, #575, #3979, .T. ) ;
#3783 = DIRECTION ( 'NONE',  ( -1.000000000000000000, -1.445446984655908142E-16, 0.000000000000000000 ) ) ;
#3784 = COORDINATED_UNIVERSAL_TIME_OFFSET ( 8, 0, .AHEAD. ) ;
#3785 = ORIENTED_EDGE ( 'NONE', *, *, #1670, .T. ) ;
#3786 = ORIENTED_EDGE ( 'NONE', *, *, #2894, .T. ) ;
#3787 = CARTESIAN_POINT ( 'NONE',  ( -6.083609520091505907, 5.599999999999992539, -18.73712078220803079 ) ) ;
#3788 = CARTESIAN_POINT ( 'NONE',  ( 3.233161507461901785, 4.673363551866355985E-16, 15.99999999999999645 ) ) ;
#3789 = DIRECTION ( 'NONE',  ( 0.000000000000000000, 1.000000000000000000, 0.000000000000000000 ) ) ;
#3790 = AXIS2_PLACEMENT_3D ( 'NONE', #3569, #2484, #4043 ) ;
#3791 = ORIENTED_EDGE ( 'NONE', *, *, #3330, .F. ) ;
#3792 = VERTEX_POINT ( 'NONE', #13 ) ;
#3793 = VECTOR ( 'NONE', #1319, 1000.000000000000000 ) ;
#3794 = DIRECTION ( 'NONE',  ( -0.5000000000000101030, -7.227234923279683691E-17, -0.8660254037844328234 ) ) ;
#3795 = DIRECTION ( 'NONE',  ( 1.000000000000000000, 0.000000000000000000, 0.000000000000000000 ) ) ;
#3796 = DIRECTION ( 'NONE',  ( -0.000000000000000000, -1.000000000000000000, -0.000000000000000000 ) ) ;
#3797 = ORIENTED_EDGE ( 'NONE', *, *, #3899, .F. ) ;
#3798 = ORIENTED_EDGE ( 'NONE', *, *, #2655, .T. ) ;
#3799 = ORIENTED_EDGE ( 'NONE', *, *, #1561, .F. ) ;
#3800 = DIRECTION ( 'NONE',  ( -1.000000000000000000, 0.000000000000000000, 9.769962616701379133E-15 ) ) ;
#3801 = VERTEX_POINT ( 'NONE', #3198 ) ;
#3802 = CARTESIAN_POINT ( 'NONE',  ( 1.616580753730949116, 2.336681775933175527E-16, 18.79999999999999716 ) ) ;
#3803 = CARTESIAN_POINT ( 'NONE',  ( 13.18501783112378511, 2.399999999999999467, -14.63712078220808266 ) ) ;
#3804 = LINE ( 'NONE', #2616, #4240 ) ;
#3805 = EDGE_LOOP ( 'NONE', ( #1398, #2677, #2330, #1532, #1044 ) ) ;
#3806 = ORIENTED_EDGE ( 'NONE', *, *, #2848, .T. ) ;
#3807 = CARTESIAN_POINT ( 'NONE',  ( -13.85640646055104064, 2.599999999999997868, -7.999999999999967137 ) ) ;
#3808 = ORIENTED_EDGE ( 'NONE', *, *, #631, .T. ) ;
#3809 = ADVANCED_FACE ( 'NONE', ( #1208 ), #2111, .F. ) ;
#3810 = EDGE_CURVE ( 'NONE', #2719, #5026, #3903, .T. ) ;
#3811 = DIRECTION ( 'NONE',  ( 0.000000000000000000, 0.000000000000000000, -1.000000000000000000 ) ) ;
#3812 = DIRECTION ( 'NONE',  ( -0.000000000000000000, 1.000000000000000000, -0.000000000000000000 ) ) ;
#3813 = ORIENTED_EDGE ( 'NONE', *, *, #4584, .F. ) ;
#3814 = CARTESIAN_POINT ( 'NONE',  ( 12.23982570682016480, 1.769201916063707425E-15, 10.79999999999988880 ) ) ;
#3815 = EDGE_CURVE ( 'NONE', #3010, #648, #4971, .T. ) ;
#3816 = DIRECTION ( 'NONE',  ( -0.000000000000000000, -1.000000000000000000, -0.000000000000000000 ) ) ;
#3817 = CARTESIAN_POINT ( 'NONE',  ( -4.795706005997431021, -12.43504200973871043, 15.70640646055106160 ) ) ;
#3818 = EDGE_LOOP ( 'NONE', ( #2760, #4159, #4040, #4856 ) ) ;
#3819 = APPROVAL_PERSON_ORGANIZATION ( #2035, #1545, #2156 ) ;
#3820 = DIRECTION ( 'NONE',  ( -0.000000000000000000, 1.000000000000000000, -0.000000000000000000 ) ) ;
#3821 = ORIENTED_EDGE ( 'NONE', *, *, #5142, .T. ) ;
#3822 = CIRCLE ( 'NONE', #4063, 2.699999999999992184 ) ;
#3823 = PLANE ( 'NONE',  #4411 ) ;
#3824 = VERTEX_POINT ( 'NONE', #612 ) ;
#3825 = VECTOR ( 'NONE', #4594, 1000.000000000000114 ) ;
#3826 = CARTESIAN_POINT ( 'NONE',  ( 6.430019681605156023, -12.43504200973872464, -18.53712078220807058 ) ) ;
#3827 = CARTESIAN_POINT ( 'NONE',  ( -6.083609520091507683, 16.46930464146743134, -18.73712078220803079 ) ) ;
#3828 = EDGE_CURVE ( 'NONE', #2392, #3650, #854, .T. ) ;
#3829 = VECTOR ( 'NONE', #4273, 1000.000000000000114 ) ;
#3830 = EDGE_CURVE ( 'NONE', #4751, #2301, #275, .T. ) ;
#3831 = FACE_OUTER_BOUND ( 'NONE', #336, .T. ) ;
#3832 = EDGE_LOOP ( 'NONE', ( #1945, #2821, #3286, #32 ) ) ;
#3833 = EDGE_LOOP ( 'NONE', ( #4938, #2157, #4684, #1809 ) ) ;
#3834 = DIRECTION ( 'NONE',  ( 1.000000000000000000, 0.000000000000000000, 0.000000000000000000 ) ) ;
#3835 = AXIS2_PLACEMENT_3D ( 'NONE', #3197, #1127, #1207 ) ;
#3836 = CARTESIAN_POINT ( 'NONE',  ( -8.000000000000065725, -9.974659986866640793E-15, -16.10640646055098202 ) ) ;
#3837 = DIRECTION ( 'NONE',  ( 1.445446984655908142E-16, -1.000000000000000000, 0.000000000000000000 ) ) ;
#3838 = VECTOR ( 'NONE', #1664, 1000.000000000000000 ) ;
#3839 = LINE ( 'NONE', #3018, #2602 ) ;
#3840 = CARTESIAN_POINT ( 'NONE',  ( -3.469072763174174315E-16, 2.399999999999997691, 0.000000000000000000 ) ) ;
#3841 = CARTESIAN_POINT ( 'NONE',  ( 2.380550673338865492E-15, -3.469446951953614189E-15, 0.000000000000000000 ) ) ;
#3842 = APPROVAL_STATUS ( 'not_yet_approved' ) ;
#3843 = ADVANCED_FACE ( 'NONE', ( #3071 ), #4730, .F. ) ;
#3844 = EDGE_CURVE ( 'NONE', #2289, #4339, #517, .T. ) ;
#3845 = ORIENTED_EDGE ( 'NONE', *, *, #5006, .F. ) ;
#3846 = EDGE_CURVE ( 'NONE', #3005, #2997, #1138, .T. ) ;
#3847 = CARTESIAN_POINT ( 'NONE',  ( 16.00000000000000000, 2.400000000000001243, 0.000000000000000000 ) ) ;
#3848 = LINE ( 'NONE', #1897, #4864 ) ;
#3849 = CARTESIAN_POINT ( 'NONE',  ( 13.85640646055092340, 2.600000000000001865, -8.000000000000163425 ) ) ;
#3850 = AXIS2_PLACEMENT_3D ( 'NONE', #3872, #3526, #4261 ) ;
#3851 = AXIS2_PLACEMENT_3D ( 'NONE', #552, #3310, #1643 ) ;
#3852 = DIRECTION ( 'NONE',  ( -0.4999999999999979461, -7.227234923279512360E-17, 0.8660254037844397068 ) ) ;
#3853 = EDGE_LOOP ( 'NONE', ( #312, #1141, #1273, #4761 ) ) ;
#3854 = AXIS2_PLACEMENT_3D ( 'NONE', #4560, #4136, #2102 ) ;
#3855 = FACE_OUTER_BOUND ( 'NONE', #2498, .T. ) ;
#3856 = DIRECTION ( 'NONE',  ( 1.445446984655908142E-16, -1.000000000000000000, 0.000000000000000000 ) ) ;
#3857 = CARTESIAN_POINT ( 'NONE',  ( -13.85640646055104064, 3.599999999999990319, -7.999999999999967137 ) ) ;
#3858 = AXIS2_PLACEMENT_3D ( 'NONE', #1024, #2779, #3618 ) ;
#3859 = ORIENTED_EDGE ( 'NONE', *, *, #1663, .F. ) ;
#3860 = ORIENTED_EDGE ( 'NONE', *, *, #896, .F. ) ;
#3861 = CARTESIAN_POINT ( 'NONE',  ( -10.62324495308908112, 2.599999999999998312, 8.000000000000047962 ) ) ;
#3862 = DIRECTION ( 'NONE',  ( -1.445446984655908142E-16, 1.000000000000000000, -0.000000000000000000 ) ) ;
#3863 = LINE ( 'NONE', #2668, #1687 ) ;
#3864 = CARTESIAN_POINT ( 'NONE',  ( -15.47298721428198043, 2.599999999999997868, -5.199999999999964650 ) ) ;
#3865 = LINE ( 'NONE', #1028, #154 ) ;
#3866 = PLANE ( 'NONE',  #3615 ) ;
#3867 = ORIENTED_EDGE ( 'NONE', *, *, #631, .F. ) ;
#3868 = CYLINDRICAL_SURFACE ( 'NONE', #1168, 8.099999999999999645 ) ;
#3869 = ORIENTED_EDGE ( 'NONE', *, *, #5108, .T. ) ;
#3870 = DIRECTION ( 'NONE',  ( 1.000000000000000000, 1.445446984655908142E-16, 0.000000000000000000 ) ) ;
#3871 = EDGE_CURVE ( 'NONE', #609, #4246, #3455, .T. ) ;
#3872 = CARTESIAN_POINT ( 'NONE',  ( -13.18501783112368209, 5.599999999999990763, 14.63712078220817681 ) ) ;
#3873 = EDGE_CURVE ( 'NONE', #587, #826, #2629, .T. ) ;
#3874 = VERTEX_POINT ( 'NONE', #248 ) ;
#3875 = EDGE_LOOP ( 'NONE', ( #2715, #5138, #5149, #1196 ) ) ;
#3876 = DIRECTION ( 'NONE',  ( 0.000000000000000000, 1.000000000000000000, 0.000000000000000000 ) ) ;
#3877 = EDGE_LOOP ( 'NONE', ( #2514, #2013, #384, #621 ) ) ;
#3878 = DIRECTION ( 'NONE',  ( -0.000000000000000000, 1.000000000000000000, 2.465190328815661892E-32 ) ) ;
#3879 = DIRECTION ( 'NONE',  ( 1.000000000000000000, 1.445446984655908142E-16, 0.000000000000000000 ) ) ;
#3880 = ORIENTED_EDGE ( 'NONE', *, *, #512, .T. ) ;
#3881 = LINE ( 'NONE', #5112, #4578 ) ;
#3882 = DIRECTION ( 'NONE',  ( -1.000000000000000000, -1.445446984655908142E-16, 0.000000000000000000 ) ) ;
#3883 = VERTEX_POINT ( 'NONE', #1850 ) ;
#3884 = EDGE_CURVE ( 'NONE', #1008, #99, #4791, .T. ) ;
#3885 = LINE ( 'NONE', #4303, #172 ) ;
#3886 = EDGE_CURVE ( 'NONE', #2067, #1620, #4460, .T. ) ;
#3887 = ORIENTED_EDGE ( 'NONE', *, *, #2519, .T. ) ;
#3888 = CARTESIAN_POINT ( 'NONE',  ( 15.47298721428184543, 2.600000000000001865, -10.80000000000017657 ) ) ;
#3889 = EDGE_CURVE ( 'NONE', #2096, #2301, #3234, .T. ) ;
#3890 = CARTESIAN_POINT ( 'NONE',  ( 11.20429399400256365, 5.599999999999994316, 12.00640646055088823 ) ) ;
#3891 = VERTEX_POINT ( 'NONE', #2869 ) ;
#3892 = EDGE_LOOP ( 'NONE', ( #3978, #1522, #4879, #3172 ) ) ;
#3893 = PLANE ( 'NONE',  #4141 ) ;
#3894 = EDGE_CURVE ( 'NONE', #2349, #1150, #3263, .T. ) ;
#3895 = CIRCLE ( 'NONE', #1221, 4.100000000000009415 ) ;
#3896 = LINE ( 'NONE', #5126, #3073 ) ;
#3897 = ADVANCED_FACE ( 'NONE', ( #1581 ), #1271, .F. ) ;
#3898 = CONICAL_SURFACE ( 'NONE', #1303, 0.4000000000000062395, 0.7853981633974497223 ) ;
#3899 = EDGE_CURVE ( 'NONE', #3919, #115, #406, .T. ) ;
#3900 = ORIENTED_EDGE ( 'NONE', *, *, #2682, .T. ) ;
#3901 = ADVANCED_FACE ( 'NONE', ( #884 ), #19, .F. ) ;
#3902 = EDGE_CURVE ( 'NONE', #304, #3743, #4854, .T. ) ;
#3903 = LINE ( 'NONE', #2197, #4367 ) ;
#3904 = AXIS2_PLACEMENT_3D ( 'NONE', #3774, #1900, #4716 ) ;
#3905 = FACE_OUTER_BOUND ( 'NONE', #2516, .T. ) ;
#3906 = DIRECTION ( 'NONE',  ( -1.445446984655908142E-16, 1.000000000000000000, -0.000000000000000000 ) ) ;
#3907 = CIRCLE ( 'NONE', #4501, 0.3999999999999993006 ) ;
#3908 = EDGE_LOOP ( 'NONE', ( #3366, #125, #4630, #314 ) ) ;
#3909 = FACE_OUTER_BOUND ( 'NONE', #4965, .T. ) ;
#3910 = DIRECTION ( 'NONE',  ( -0.000000000000000000, 1.000000000000000000, -0.000000000000000000 ) ) ;
#3911 = DIRECTION ( 'NONE',  ( 1.445446984655908142E-16, -1.000000000000000000, 0.000000000000000000 ) ) ;
#3912 = VERTEX_POINT ( 'NONE', #2762 ) ;
#3913 = AXIS2_PLACEMENT_3D ( 'NONE', #3491, #1915, #5113 ) ;
#3914 = ORIENTED_EDGE ( 'NONE', *, *, #4708, .T. ) ;
#3915 = DIRECTION ( 'NONE',  ( -1.000000000000000000, 0.000000000000000000, 0.000000000000000000 ) ) ;
#3916 = VERTEX_POINT ( 'NONE', #1672 ) ;
#3917 = VECTOR ( 'NONE', #938, 1000.000000000000114 ) ;
#3918 = DIRECTION ( 'NONE',  ( -1.445446984655908142E-16, 1.000000000000000000, -0.000000000000000000 ) ) ;
#3919 = VERTEX_POINT ( 'NONE', #3964 ) ;
#3920 = ORIENTED_EDGE ( 'NONE', *, *, #3267, .F. ) ;
#3921 = ORIENTED_EDGE ( 'NONE', *, *, #3031, .T. ) ;
#3922 = DIRECTION ( 'NONE',  ( -0.000000000000000000, -1.000000000000000000, -0.000000000000000000 ) ) ;
#3923 = DIRECTION ( 'NONE',  ( 0.4999999999999919509, 7.227234923279424846E-17, -0.8660254037844432595 ) ) ;
#3924 = CIRCLE ( 'NONE', #79, 19.69999999999999574 ) ;
#3925 = EDGE_LOOP ( 'NONE', ( #4732, #3246, #1413 ) ) ;
#3926 = CIRCLE ( 'NONE', #1835, 0.4000000000000001887 ) ;
#3928 = EDGE_CURVE ( 'NONE', #1132, #1450, #2400, .T. ) ;
#3927 = DIRECTION ( 'NONE',  ( -1.000000000000000000, 0.000000000000000000, 0.000000000000000000 ) ) ;
#3929 = CARTESIAN_POINT ( 'NONE',  ( -11.20429399400230963, -12.43504200973871221, 12.00640646055112271 ) ) ;
#3930 = ADVANCED_FACE ( 'NONE', ( #2012 ), #71, .F. ) ;
#3931 = VECTOR ( 'NONE', #5177, 1000.000000000000000 ) ;
#3932 = ORIENTED_EDGE ( 'NONE', *, *, #4223, .T. ) ;
#3933 = VECTOR ( 'NONE', #1233, 1000.000000000000114 ) ;
#3934 = DIRECTION ( 'NONE',  ( 0.5000000000000039968, 7.227234923279599875E-17, 0.8660254037844363761 ) ) ;
#3935 = ORIENTED_EDGE ( 'NONE', *, *, #3993, .F. ) ;
#3936 = PRODUCT_DEFINITION_FORMATION_WITH_SPECIFIED_SOURCE ( 'ANY', '', #2868, .NOT_KNOWN. ) ;
#3937 = CARTESIAN_POINT ( 'NONE',  ( -12.23982570682001736, 2.599999999999998312, 10.80000000000005578 ) ) ;
#3938 = DIRECTION ( 'NONE',  ( 1.445446984655908142E-16, -1.000000000000000000, 0.000000000000000000 ) ) ;
#3939 = AXIS2_PLACEMENT_3D ( 'NONE', #2237, #2290, #3085 ) ;
#3940 = CARTESIAN_POINT ( 'NONE',  ( 4.299999999999968736, 5.599999999999995204, -13.85640646055103886 ) ) ;
#3941 = VERTEX_POINT ( 'NONE', #1981 ) ;
#3942 = ORIENTED_EDGE ( 'NONE', *, *, #2740, .F. ) ;
#3943 = LINE ( 'NONE', #1957, #3437 ) ;
#3944 = VERTEX_POINT ( 'NONE', #1219 ) ;
#3945 = DIRECTION ( 'NONE',  ( -1.000000000000000000, 0.000000000000000000, 0.000000000000000000 ) ) ;
#3946 = APPROVAL ( #3842, 'UNSPECIFIED' ) ;
#3947 = ORIENTED_EDGE ( 'NONE', *, *, #2897, .T. ) ;
#3948 = LINE ( 'NONE', #1657, #4161 ) ;
#3949 = DIRECTION ( 'NONE',  ( 1.445446984655908142E-16, -1.000000000000000000, -0.000000000000000000 ) ) ;
#3950 = ORIENTED_EDGE ( 'NONE', *, *, #2239, .F. ) ;
#3951 = EDGE_CURVE ( 'NONE', #1453, #344, #824, .T. ) ;
#3952 = EDGE_CURVE ( 'NONE', #4805, #3064, #4539, .T. ) ;
#3953 = DIRECTION ( 'NONE',  ( 1.000000000000000000, 1.445446984655908142E-16, -4.607425552194398854E-15 ) ) ;
#3954 = FACE_OUTER_BOUND ( 'NONE', #994, .T. ) ;
#3955 = CARTESIAN_POINT ( 'NONE',  ( 5.475704155516225136, 5.999999999999999112, 1.284197804570087253 ) ) ;
#3956 = DIRECTION ( 'NONE',  ( 1.000000000000000000, 0.000000000000000000, -0.000000000000000000 ) ) ;
#3957 = ORIENTED_EDGE ( 'NONE', *, *, #2198, .F. ) ;
#3958 = CARTESIAN_POINT ( 'NONE',  ( 16.00000000000000000, 2.400000000000001243, 3.700000000000000178 ) ) ;
#3959 = CARTESIAN_POINT ( 'NONE',  ( 12.23982570682016480, 2.600000000000001421, 10.79999999999988880 ) ) ;
#3960 = ORIENTED_EDGE ( 'NONE', *, *, #100, .T. ) ;
#3961 = ADVANCED_FACE ( 'NONE', ( #3206 ), #2847, .F. ) ;
#3962 = ADVANCED_FACE ( 'NONE', ( #857, #2819 ), #4422, .T. ) ;
#3963 = CARTESIAN_POINT ( 'NONE',  ( 16.00000000000000000, 5.599999999999994316, -3.700000000000000178 ) ) ;
#3964 = CARTESIAN_POINT ( 'NONE',  ( 7.999999999999968914, -7.806255641895631925E-15, -16.10640646055103886 ) ) ;
#3965 = CARTESIAN_POINT ( 'NONE',  ( -15.47298721428192003, -2.236538271250322217E-15, 10.80000000000006999 ) ) ;
#3966 = ORIENTED_EDGE ( 'NONE', *, *, #1051, .F. ) ;
#3967 = ORIENTED_EDGE ( 'NONE', *, *, #1804, .F. ) ;
#3968 = CARTESIAN_POINT ( 'NONE',  ( -12.23982570682009197, -1.769201916063696578E-15, -10.79999999999997584 ) ) ;
#3969 = ORIENTED_EDGE ( 'NONE', *, *, #4023, .F. ) ;
#3970 = PLANE ( 'NONE',  #1768 ) ;
#3971 = CARTESIAN_POINT ( 'NONE',  ( -1.616580753730956443, 2.599999999999999645, 13.19999999999999929 ) ) ;
#3972 = VERTEX_POINT ( 'NONE', #2039 ) ;
#3973 = VERTEX_POINT ( 'NONE', #5169 ) ;
#3974 = EDGE_CURVE ( 'NONE', #4085, #216, #2793, .T. ) ;
#3975 = CARTESIAN_POINT ( 'NONE',  ( 8.000000000000161648, 2.399999999999998579, 16.10640646055092873 ) ) ;
#3976 = AXIS2_PLACEMENT_3D ( 'NONE', #691, #2688, #1857 ) ;
#3977 = CARTESIAN_POINT ( 'NONE',  ( 4.795706005997543819, -12.43504200973872464, -15.70640646055102962 ) ) ;
#3978 = ORIENTED_EDGE ( 'NONE', *, *, #4708, .F. ) ;
#3979 = LINE ( 'NONE', #1606, #4279 ) ;
#3980 = DIRECTION ( 'NONE',  ( 0.000000000000000000, 0.000000000000000000, 1.000000000000000000 ) ) ;
#3981 = CARTESIAN_POINT ( 'NONE',  ( 4.449295844483760476, 5.999999999999998224, -15.90640646055103247 ) ) ;
#3982 = CARTESIAN_POINT ( 'NONE',  ( -10.62324495308908112, 2.599999999999998312, 8.000000000000047962 ) ) ;
#3983 = ORIENTED_EDGE ( 'NONE', *, *, #2495, .F. ) ;
#3984 = LINE ( 'NONE', #3626, #1684 ) ;
#3985 = CARTESIAN_POINT ( 'NONE',  ( -6.083609520091505907, 2.399999999999997691, -18.73712078220803079 ) ) ;
#3986 = AXIS2_PLACEMENT_3D ( 'NONE', #2210, #2232, #3811 ) ;
#3987 = DIRECTION ( 'NONE',  ( 0.000000000000000000, 0.000000000000000000, 1.000000000000000000 ) ) ;
#3988 = ORIENTED_EDGE ( 'NONE', *, *, #4548, .F. ) ;
#3989 = DIRECTION ( 'NONE',  ( -1.000000000000000000, 0.000000000000000000, 0.000000000000000000 ) ) ;
#3990 = CARTESIAN_POINT ( 'NONE',  ( 6.430019681605410931, 5.599999999999994316, 18.53712078220798176 ) ) ;
#3991 = EDGE_CURVE ( 'NONE', #3309, #4073, #4697, .T. ) ;
#3992 = ORIENTED_EDGE ( 'NONE', *, *, #1859, .T. ) ;
#3993 = EDGE_CURVE ( 'NONE', #492, #3190, #4126, .T. ) ;
#3994 = ADVANCED_FACE ( 'NONE', ( #4928 ), #2893, .F. ) ;
#3995 = AXIS2_PLACEMENT_3D ( 'NONE', #1467, #701, #4680 ) ;
#3996 = EDGE_LOOP ( 'NONE', ( #355, #1409, #1383, #3599 ) ) ;
#3997 = VECTOR ( 'NONE', #1229, 1000.000000000000000 ) ;
#3998 = EDGE_LOOP ( 'NONE', ( #488, #4162, #4964, #4450 ) ) ;
#3999 = CARTESIAN_POINT ( 'NONE',  ( 10.62324495308902073, 2.600000000000001421, -8.000000000000120792 ) ) ;
#4000 = CIRCLE ( 'NONE', #5033, 0.4000000000000001887 ) ;
#4001 = DIRECTION ( 'NONE',  ( 0.000000000000000000, 0.000000000000000000, -1.000000000000000000 ) ) ;
#4002 = LINE ( 'NONE', #1706, #2444 ) ;
#4003 = ORIENTED_EDGE ( 'NONE', *, *, #3952, .F. ) ;
#4004 = ORIENTED_EDGE ( 'NONE', *, *, #4129, .F. ) ;
#4005 = DIRECTION ( 'NONE',  ( 1.000000000000000000, 1.445446984655908142E-16, 0.000000000000000000 ) ) ;
#4006 = DIRECTION ( 'NONE',  ( 0.5000000000000101030, 0.000000000000000000, 0.8660254037844328234 ) ) ;
#4007 = DIRECTION ( 'NONE',  ( 0.000000000000000000, -1.000000000000000000, 0.000000000000000000 ) ) ;
#4008 = DIRECTION ( 'NONE',  ( 8.659560562354939021E-17, -0.7071067811865472397, 0.7071067811865479058 ) ) ;
#4009 = PLANE ( 'NONE',  #3497 ) ;
#4010 = AXIS2_PLACEMENT_3D ( 'NONE', #1249, #3149, #772 ) ;
#4011 = DIRECTION ( 'NONE',  ( -0.000000000000000000, 1.000000000000000000, -0.000000000000000000 ) ) ;
#4012 = LINE ( 'NONE', #432, #1175 ) ;
#4013 = VECTOR ( 'NONE', #1673, 1000.000000000000000 ) ;
#4014 = ORIENTED_EDGE ( 'NONE', *, *, #2271, .F. ) ;
#4015 = CARTESIAN_POINT ( 'NONE',  ( 1.571100361931557840E-15, 5.599999999999992539, 0.000000000000000000 ) ) ;
#4016 = VECTOR ( 'NONE', #1365, 1000.000000000000000 ) ;
#4017 = FACE_OUTER_BOUND ( 'NONE', #3892, .T. ) ;
#4018 = ORIENTED_EDGE ( 'NONE', *, *, #1760, .T. ) ;
#4019 = DIRECTION ( 'NONE',  ( 1.445446984655908142E-16, -1.000000000000000000, -1.232595164407830946E-32 ) ) ;
#4020 = ORIENTED_EDGE ( 'NONE', *, *, #4090, .T. ) ;
#4021 = DIRECTION ( 'NONE',  ( 0.8660254037844398178, 1.251793808535634078E-16, 0.4999999999999980571 ) ) ;
#4022 = DIRECTION ( 'NONE',  ( -0.6123724356957934711, 0.7071067811865454633, 0.3535533905932796150 ) ) ;
#4023 = EDGE_CURVE ( 'NONE', #2324, #2470, #514, .T. ) ;
#4024 = VERTEX_POINT ( 'NONE', #1347 ) ;
#4025 = AXIS2_PLACEMENT_3D ( 'NONE', #2002, #4723, #3220 ) ;
#4026 = FACE_OUTER_BOUND ( 'NONE', #4475, .T. ) ;
#4027 = DIRECTION ( 'NONE',  ( -0.000000000000000000, -1.000000000000000000, -0.000000000000000000 ) ) ;
#4028 = CARTESIAN_POINT ( 'NONE',  ( 1.338689302795758146E-15, 3.599999999999992095, 16.00000000000000000 ) ) ;
#4029 = ORIENTED_EDGE ( 'NONE', *, *, #1811, .T. ) ;
#4030 = DIRECTION ( 'NONE',  ( -1.000000000000000000, -1.445446984655908142E-16, 0.000000000000000000 ) ) ;
#4031 = AXIS2_PLACEMENT_3D ( 'NONE', #3841, #241, #3449 ) ;
#4032 = ADVANCED_FACE ( 'NONE', ( #911, #1371 ), #3345, .T. ) ;
#4033 = DIRECTION ( 'NONE',  ( 1.445446984655908142E-16, -1.000000000000000000, 0.000000000000000000 ) ) ;
#4034 = CARTESIAN_POINT ( 'NONE',  ( 7.999999999999972466, -12.43504200973872287, -13.85640646055103886 ) ) ;
#4035 = ADVANCED_FACE ( 'NONE', ( #4498 ), #2919, .F. ) ;
#4036 = DIRECTION ( 'NONE',  ( 0.000000000000000000, -0.7071067811865455743, -0.7071067811865495711 ) ) ;
#4037 = CARTESIAN_POINT ( 'NONE',  ( -3.233161507461902229, 2.599999999999999645, -15.99999999999999645 ) ) ;
#4038 = CARTESIAN_POINT ( 'NONE',  ( -4.449295844483650342, 5.999999999999997335, 15.90640646055106089 ) ) ;
#4039 = CARTESIAN_POINT ( 'NONE',  ( -15.47298721428198931, -2.236538271250332472E-15, -10.79999999999996518 ) ) ;
#4040 = ORIENTED_EDGE ( 'NONE', *, *, #2909, .F. ) ;
#4041 =( LENGTH_UNIT ( ) NAMED_UNIT ( * ) SI_UNIT ( .MILLI., .METRE. ) );
#4042 = VERTEX_POINT ( 'NONE', #4100 ) ;
#4043 = DIRECTION ( 'NONE',  ( -1.000000000000000000, 0.000000000000000000, 0.000000000000000000 ) ) ;
#4044 = EDGE_CURVE ( 'NONE', #2485, #4194, #940, .T. ) ;
#4045 = CARTESIAN_POINT ( 'NONE',  ( 6.207134586489173600, 5.599999999999994316, -19.11756993514630665 ) ) ;
#4046 = ORIENTED_EDGE ( 'NONE', *, *, #217, .T. ) ;
#4047 = EDGE_CURVE ( 'NONE', #2392, #5025, #5010, .T. ) ;
#4048 = FACE_OUTER_BOUND ( 'NONE', #3439, .T. ) ;
#4049 = EDGE_LOOP ( 'NONE', ( #4167, #3791, #2961, #951 ) ) ;
#4050 = DIRECTION ( 'NONE',  ( 0.000000000000000000, -0.7071067811865472397, -0.7071067811865479058 ) ) ;
#4051 = DIRECTION ( 'NONE',  ( -1.445446984655908142E-16, 1.000000000000000000, 0.000000000000000000 ) ) ;
#4052 = CARTESIAN_POINT ( 'NONE',  ( 7.700000000000001066, 5.199999999999997513, 0.000000000000000000 ) ) ;
#4053 = ORIENTED_EDGE ( 'NONE', *, *, #3664, .T. ) ;
#4054 = CARTESIAN_POINT ( 'NONE',  ( -13.85640646055098379, 3.599999999999983213, 9.700000000000063238 ) ) ;
#4055 = EDGE_CURVE ( 'NONE', #3650, #2318, #179, .T. ) ;
#4056 = LINE ( 'NONE', #3304, #3237 ) ;
#4057 = DIRECTION ( 'NONE',  ( -0.5000000000000101030, -7.227234923279684924E-17, -0.8660254037844328234 ) ) ;
#4058 = ADVANCED_FACE ( 'NONE', ( #2537 ), #845, .T. ) ;
#4059 = ADVANCED_FACE ( 'NONE', ( #2092 ), #1776, .F. ) ;
#4060 = VECTOR ( 'NONE', #905, 1000.000000000000000 ) ;
#4061 = ORIENTED_EDGE ( 'NONE', *, *, #3426, .F. ) ;
#4062 = DIRECTION ( 'NONE',  ( -1.000000000000000000, 0.000000000000000000, 1.154631945610162802E-14 ) ) ;
#4063 = AXIS2_PLACEMENT_3D ( 'NONE', #3807, #2639, #3039 ) ;
#4064 = FACE_OUTER_BOUND ( 'NONE', #2466, .T. ) ;
#4065 = DIRECTION ( 'NONE',  ( -0.6123724356957989112, 0.7071067811865460184, -0.3535533905932691234 ) ) ;
#4066 = ORIENTED_EDGE ( 'NONE', *, *, #339, .F. ) ;
#4067 = CARTESIAN_POINT ( 'NONE',  ( 19.26862735121523684, 5.599999999999995204, -4.100000000000000533 ) ) ;
#4068 = VECTOR ( 'NONE', #1877, 1000.000000000000000 ) ;
#4069 = CARTESIAN_POINT ( 'NONE',  ( 16.00000000000000000, 5.599999999999994316, -3.700000000000000178 ) ) ;
#4070 = LINE ( 'NONE', #794, #4098 ) ;
#4071 = DIRECTION ( 'NONE',  ( 0.000000000000000000, -0.7071067811865460184, 0.7071067811865490160 ) ) ;
#4072 = DIRECTION ( 'NONE',  ( 0.000000000000000000, 0.000000000000000000, 1.000000000000000000 ) ) ;
#4073 = VERTEX_POINT ( 'NONE', #556 ) ;
#4074 = VECTOR ( 'NONE', #5062, 999.9999999999998863 ) ;
#4075 = ORIENTED_EDGE ( 'NONE', *, *, #4223, .F. ) ;
#4076 = ORIENTED_EDGE ( 'NONE', *, *, #1339, .T. ) ;
#4077 = AXIS2_PLACEMENT_3D ( 'NONE', #2317, #1924, #3525 ) ;
#4078 = ORIENTED_EDGE ( 'NONE', *, *, #3681, .F. ) ;
#4079 = VECTOR ( 'NONE', #2752, 1000.000000000000000 ) ;
#4080 = DIRECTION ( 'NONE',  ( -1.000000000000000000, 0.000000000000000000, 2.609024107869117476E-15 ) ) ;
#4081 = ORIENTED_EDGE ( 'NONE', *, *, #493, .T. ) ;
#4082 = DIRECTION ( 'NONE',  ( -1.000000000000000000, 0.000000000000000000, -8.673617379884030739E-15 ) ) ;
#4083 = AXIS2_PLACEMENT_3D ( 'NONE', #4191, #2204, #3408 ) ;
#4084 = DIRECTION ( 'NONE',  ( 0.000000000000000000, 0.000000000000000000, -1.000000000000000000 ) ) ;
#4085 = VERTEX_POINT ( 'NONE', #3313 ) ;
#4086 = CYLINDRICAL_SURFACE ( 'NONE', #1929, 1.699999999999993072 ) ;
#4087 = VERTEX_POINT ( 'NONE', #3737 ) ;
#4088 = CARTESIAN_POINT ( 'NONE',  ( -16.00000000000000000, 5.599999999999992539, -3.700000000000000178 ) ) ;
#4089 = AXIS2_PLACEMENT_3D ( 'NONE', #1946, #343, #789 ) ;
#4090 = EDGE_CURVE ( 'NONE', #4196, #1938, #1293, .T. ) ;
#4091 = CARTESIAN_POINT ( 'NONE',  ( -16.00000000000000000, 5.599999999999992539, 3.700000000000000178 ) ) ;
#4092 = DIRECTION ( 'NONE',  ( -1.000000000000000000, -1.445446984655908142E-16, 0.000000000000000000 ) ) ;
#4093 = VECTOR ( 'NONE', #499, 1000.000000000000000 ) ;
#4094 = ORIENTED_EDGE ( 'NONE', *, *, #2946, .F. ) ;
#4095 = AXIS2_PLACEMENT_3D ( 'NONE', #3546, #638, #5146 ) ;
#4096 = FACE_OUTER_BOUND ( 'NONE', #3568, .T. ) ;
#4097 = CARTESIAN_POINT ( 'NONE',  ( -3.233161507461902229, 2.599999999999999645, -15.99999999999999645 ) ) ;
#4098 = VECTOR ( 'NONE', #3262, 1000.000000000000000 ) ;
#4099 = AXIS2_PLACEMENT_3D ( 'NONE', #110, #1682, #4890 ) ;
#4100 = CARTESIAN_POINT ( 'NONE',  ( -7.699999999999997513, 5.999999999999997335, 0.000000000000000000 ) ) ;
#4101 = DIRECTION ( 'NONE',  ( -1.000000000000000000, 0.000000000000000000, -1.084202172485501594E-14 ) ) ;
#4102 = ORIENTED_EDGE ( 'NONE', *, *, #251, .F. ) ;
#4103 = AXIS2_PLACEMENT_3D ( 'NONE', #787, #4470, #2369 ) ;
#4104 = ORIENTED_EDGE ( 'NONE', *, *, #415, .F. ) ;
#4105 = ORIENTED_EDGE ( 'NONE', *, *, #4808, .T. ) ;
#4106 = CIRCLE ( 'NONE', #4780, 0.4000000000000010214 ) ;
#4107 = VECTOR ( 'NONE', #2417, 1000.000000000000227 ) ;
#4108 = CARTESIAN_POINT ( 'NONE',  ( 16.00000000000000000, 2.400000000000001243, -3.700000000000000178 ) ) ;
#4109 = FACE_OUTER_BOUND ( 'NONE', #4520, .T. ) ;
#4110 = ORIENTED_EDGE ( 'NONE', *, *, #4355, .F. ) ;
#4111 = DIRECTION ( 'NONE',  ( -1.445446984655908142E-16, 1.000000000000000000, 0.000000000000000000 ) ) ;
#4112 = VECTOR ( 'NONE', #2249, 1000.000000000000000 ) ;
#4113 = DIRECTION ( 'NONE',  ( 0.000000000000000000, 1.000000000000000000, 0.000000000000000000 ) ) ;
#4114 = FACE_OUTER_BOUND ( 'NONE', #976, .T. ) ;
#4115 = CC_DESIGN_PERSON_AND_ORGANIZATION_ASSIGNMENT ( #2218, #1056, ( #1131 ) ) ;
#4116 = VECTOR ( 'NONE', #463, 1000.000000000000114 ) ;
#4117 = ORIENTED_EDGE ( 'NONE', *, *, #1209, .T. ) ;
#4118 = CARTESIAN_POINT ( 'NONE',  ( -13.85640646055104064, 2.599999999999997868, -6.299999999999973177 ) ) ;
#4119 = EDGE_CURVE ( 'NONE', #2349, #3973, #2189, .T. ) ;
#4120 = DIRECTION ( 'NONE',  ( 0.000000000000000000, 0.000000000000000000, -1.000000000000000000 ) ) ;
#4121 = CARTESIAN_POINT ( 'NONE',  ( 13.85640646055109215, 2.600000000000001865, 7.999999999999870326 ) ) ;
#4122 = ORIENTED_EDGE ( 'NONE', *, *, #1916, .F. ) ;
#4123 = DIRECTION ( 'NONE',  ( 0.000000000000000000, 0.000000000000000000, 1.000000000000000000 ) ) ;
#4124 = ADVANCED_FACE ( 'NONE', ( #3377 ), #1858, .F. ) ;
#4125 = CARTESIAN_POINT ( 'NONE',  ( -11.20429399400248016, -12.43504200973873886, -12.00640646055096994 ) ) ;
#4126 = LINE ( 'NONE', #4550, #1105 ) ;
#4127 = ADVANCED_FACE ( 'NONE', ( #1006 ), #2944, .T. ) ;
#4128 = ORIENTED_EDGE ( 'NONE', *, *, #554, .T. ) ;
#4129 = EDGE_CURVE ( 'NONE', #3633, #4238, #2607, .T. ) ;
#4130 = EDGE_CURVE ( 'NONE', #1376, #4975, #3291, .T. ) ;
#4131 = ORIENTED_EDGE ( 'NONE', *, *, #899, .F. ) ;
#4132 = ORIENTED_EDGE ( 'NONE', *, *, #4188, .F. ) ;
#4133 = CARTESIAN_POINT ( 'NONE',  ( -16.00000000000000000, -1.127570259384924611E-14, 0.000000000000000000 ) ) ;
#4134 = EDGE_LOOP ( 'NONE', ( #2402, #3138, #1526, #868 ) ) ;
#4135 = FACE_BOUND ( 'NONE', #2684, .T. ) ;
#4136 = DIRECTION ( 'NONE',  ( 0.000000000000000000, 1.000000000000000000, 0.000000000000000000 ) ) ;
#4137 = DIRECTION ( 'NONE',  ( -1.445446984655908142E-16, 1.000000000000000000, -0.000000000000000000 ) ) ;
#4138 = LINE ( 'NONE', #3758, #1386 ) ;
#4139 = LINE ( 'NONE', #1216, #757 ) ;
#4140 = ORIENTED_EDGE ( 'NONE', *, *, #225, .F. ) ;
#4141 = AXIS2_PLACEMENT_3D ( 'NONE', #746, #1119, #1145 ) ;
#4142 = ORIENTED_EDGE ( 'NONE', *, *, #68, .F. ) ;
#4143 = LINE ( 'NONE', #3706, #3230 ) ;
#4144 = DIRECTION ( 'NONE',  ( 0.000000000000000000, 0.000000000000000000, 1.000000000000000000 ) ) ;
#4145 = ORIENTED_EDGE ( 'NONE', *, *, #3326, .T. ) ;
#4146 = PLANE ( 'NONE',  #4266 ) ;
#4147 = CIRCLE ( 'NONE', #546, 0.4000000000000010214 ) ;
#4148 = DIRECTION ( 'NONE',  ( -1.000000000000000000, 0.000000000000000000, 0.000000000000000000 ) ) ;
#4149 = ADVANCED_FACE ( 'NONE', ( #655 ), #3866, .F. ) ;
#4150 = CARTESIAN_POINT ( 'NONE',  ( -4.449295844483871498, 5.999999999999997335, -15.90640646055100582 ) ) ;
#4151 = DIRECTION ( 'NONE',  ( 1.445446984655908142E-16, -1.000000000000000000, -0.000000000000000000 ) ) ;
#4152 = CARTESIAN_POINT ( 'NONE',  ( 13.85640646055092340, 6.000000000000006217, -8.000000000000163425 ) ) ;
#4153 = VERTEX_POINT ( 'NONE', #2269 ) ;
#4154 = DIRECTION ( 'NONE',  ( 1.445446984655908142E-16, -1.000000000000000000, -0.000000000000000000 ) ) ;
#4155 = EDGE_LOOP ( 'NONE', ( #2664, #3914 ) ) ;
#4156 = ORIENTED_EDGE ( 'NONE', *, *, #2937, .F. ) ;
#4157 = EDGE_CURVE ( 'NONE', #4734, #579, #1353, .T. ) ;
#4158 = EDGE_CURVE ( 'NONE', #3380, #5154, #4725, .T. ) ;
#4159 = ORIENTED_EDGE ( 'NONE', *, *, #4090, .F. ) ;
#4160 = DIRECTION ( 'NONE',  ( -0.5000000000000101030, 0.000000000000000000, -0.8660254037844328234 ) ) ;
#4161 = VECTOR ( 'NONE', #1182, 1000.000000000000000 ) ;
#4162 = ORIENTED_EDGE ( 'NONE', *, *, #2211, .F. ) ;
#4163 = FACE_OUTER_BOUND ( 'NONE', #4329, .T. ) ;
#4164 = ADVANCED_FACE ( 'NONE', ( #1820 ), #4466, .T. ) ;
#4165 = VECTOR ( 'NONE', #1356, 1000.000000000000114 ) ;
#4166 = CARTESIAN_POINT ( 'NONE',  ( 10.62324495308918593, 2.600000000000001421, 7.999999999999904965 ) ) ;
#4167 = ORIENTED_EDGE ( 'NONE', *, *, #3267, .T. ) ;
#4168 = VERTEX_POINT ( 'NONE', #1892 ) ;
#4169 = DIRECTION ( 'NONE',  ( 0.8660254037844398178, 1.251793808535634078E-16, 0.4999999999999980016 ) ) ;
#4170 = AXIS2_PLACEMENT_3D ( 'NONE', #4469, #3224, #4871 ) ;
#4171 = CIRCLE ( 'NONE', #3150, 2.250000000000000444 ) ;
#4172 = DIRECTION ( 'NONE',  ( -1.445446984655908142E-16, 1.000000000000000000, -0.000000000000000000 ) ) ;
#4173 = CARTESIAN_POINT ( 'NONE',  ( 1.513282482545320607E-15, 5.999999999999998224, 0.000000000000000000 ) ) ;
#4174 = ORIENTED_EDGE ( 'NONE', *, *, #870, .F. ) ;
#4175 = ORIENTED_EDGE ( 'NONE', *, *, #4591, .F. ) ;
#4176 = DIRECTION ( 'NONE',  ( 0.5000000000000101030, 7.227234923279688622E-17, 0.8660254037844328234 ) ) ;
#4177 = DIRECTION ( 'NONE',  ( 1.000000000000000000, 0.000000000000000000, 0.000000000000000000 ) ) ;
#4178 = DATE_AND_TIME ( #1372, #585 ) ;
#4179 = ORIENTED_EDGE ( 'NONE', *, *, #2938, .F. ) ;
#4180 = ORIENTED_EDGE ( 'NONE', *, *, #4547, .T. ) ;
#4181 = AXIS2_PLACEMENT_3D ( 'NONE', #3169, #313, #364 ) ;
#4182 = ORIENTED_EDGE ( 'NONE', *, *, #2740, .T. ) ;
#4183 = VECTOR ( 'NONE', #2068, 1000.000000000000114 ) ;
#4184 = CIRCLE ( 'NONE', #3594, 1.699999999999993960 ) ;
#4185 = EDGE_CURVE ( 'NONE', #4489, #4805, #1420, .T. ) ;
#4186 = DIRECTION ( 'NONE',  ( 1.000000000000000000, 1.445446984655908142E-16, 0.000000000000000000 ) ) ;
#4187 = ORIENTED_EDGE ( 'NONE', *, *, #870, .T. ) ;
#4188 = EDGE_CURVE ( 'NONE', #1156, #1613, #3373, .T. ) ;
#4189 = VECTOR ( 'NONE', #2695, 1000.000000000000000 ) ;
#4190 = PLANE ( 'NONE',  #2397 ) ;
#4191 = CARTESIAN_POINT ( 'NONE',  ( 13.85640646055109215, 2.600000000000001865, 7.999999999999870326 ) ) ;
#4192 = CARTESIAN_POINT ( 'NONE',  ( 13.85640646055109215, 2.600000000000001865, 5.299999999999872813 ) ) ;
#4193 = PERSON_AND_ORGANIZATION ( #2135, #1151 ) ;
#4194 = VERTEX_POINT ( 'NONE', #2675 ) ;
#4195 = ADVANCED_FACE ( 'NONE', ( #4280 ), #681, .F. ) ;
#4196 = VERTEX_POINT ( 'NONE', #4815 ) ;
#4197 = VECTOR ( 'NONE', #1890, 999.9999999999998863 ) ;
#4198 = CARTESIAN_POINT ( 'NONE',  ( 12.30000000000000071, 5.599999999999994316, 0.000000000000000000 ) ) ;
#4199 = CARTESIAN_POINT ( 'NONE',  ( 1.338689302795758146E-15, 2.600000000000000089, 16.00000000000000000 ) ) ;
#4200 = PLANE ( 'NONE',  #569 ) ;
#4201 = CARTESIAN_POINT ( 'NONE',  ( -15.47298721428198931, 2.599999999999997868, -10.79999999999996518 ) ) ;
#4202 = ORIENTED_EDGE ( 'NONE', *, *, #4362, .F. ) ;
#4203 = DIRECTION ( 'NONE',  ( 0.7071067811865486830, -0.7071067811865464625, 0.000000000000000000 ) ) ;
#4204 = CARTESIAN_POINT ( 'NONE',  ( 15.47298721428191293, 2.600000000000001865, -5.200000000000176925 ) ) ;
#4205 = CARTESIAN_POINT ( 'NONE',  ( -19.26862735121523684, 16.46930464146742779, 4.100000000000000533 ) ) ;
#4206 = CARTESIAN_POINT ( 'NONE',  ( -12.23982570682001736, -1.769201916063686323E-15, 10.80000000000005578 ) ) ;
#4207 = LINE ( 'NONE', #5042, #1743 ) ;
#4208 = ORIENTED_EDGE ( 'NONE', *, *, #1445, .T. ) ;
#4209 = EDGE_CURVE ( 'NONE', #2470, #1039, #3308, .T. ) ;
#4210 = EDGE_CURVE ( 'NONE', #2817, #3214, #3167, .T. ) ;
#4211 = CARTESIAN_POINT ( 'NONE',  ( -19.26862735121523684, 5.599999999999990763, 3.700000000000000178 ) ) ;
#4212 = VERTEX_POINT ( 'NONE', #4045 ) ;
#4213 = FACE_OUTER_BOUND ( 'NONE', #3833, .T. ) ;
#4214 = EDGE_CURVE ( 'NONE', #3111, #1150, #1983, .T. ) ;
#4215 = FACE_OUTER_BOUND ( 'NONE', #519, .T. ) ;
#4216 = CARTESIAN_POINT ( 'NONE',  ( 7.999999999999968914, 5.999999999999999112, -13.85640646055103886 ) ) ;
#4217 = ORIENTED_EDGE ( 'NONE', *, *, #3461, .T. ) ;
#4218 = ORIENTED_EDGE ( 'NONE', *, *, #2781, .F. ) ;
#4219 = DIRECTION ( 'NONE',  ( 0.4999999999999979461, 0.000000000000000000, -0.8660254037844397068 ) ) ;
#4220 = ORIENTED_EDGE ( 'NONE', *, *, #2271, .T. ) ;
#4221 = ADVANCED_FACE ( 'NONE', ( #4822 ), #3690, .F. ) ;
#4223 = EDGE_CURVE ( 'NONE', #1968, #1496, #439, .T. ) ;
#4222 = LINE ( 'NONE', #214, #4671 ) ;
#4224 = CARTESIAN_POINT ( 'NONE',  ( 4.300000000000165024, -12.43504200973874596, 13.85640646055092517 ) ) ;
#4225 = EDGE_CURVE ( 'NONE', #1348, #3801, #3515, .T. ) ;
#4226 = EDGE_CURVE ( 'NONE', #574, #4246, #4184, .T. ) ;
#4227 = CARTESIAN_POINT ( 'NONE',  ( 6.083609520091376233, 16.46930464146743134, -18.73712078220806987 ) ) ;
#4228 = LINE ( 'NONE', #4300, #818 ) ;
#4229 = VERTEX_POINT ( 'NONE', #2870 ) ;
#4230 = ORIENTED_EDGE ( 'NONE', *, *, #1670, .F. ) ;
#4231 = AXIS2_PLACEMENT_3D ( 'NONE', #3787, #2618, #3055 ) ;
#4232 = DIRECTION ( 'NONE',  ( -1.000000000000000000, -1.510331384556921065E-16, 1.776356839400250465E-15 ) ) ;
#4233 = ORIENTED_EDGE ( 'NONE', *, *, #68, .T. ) ;
#4234 = VECTOR ( 'NONE', #52, 1000.000000000000000 ) ;
#4235 = DIRECTION ( 'NONE',  ( 0.000000000000000000, 0.000000000000000000, -1.000000000000000000 ) ) ;
#4236 = CARTESIAN_POINT ( 'NONE',  ( 3.233161507461901341, 2.600000000000000533, 15.99999999999999645 ) ) ;
#4237 = DIRECTION ( 'NONE',  ( 0.000000000000000000, 0.000000000000000000, 1.000000000000000000 ) ) ;
#4238 = VERTEX_POINT ( 'NONE', #3965 ) ;
#4239 = PLANE ( 'NONE',  #1840 ) ;
#4240 = VECTOR ( 'NONE', #233, 1000.000000000000000 ) ;
#4241 = FACE_BOUND ( 'NONE', #2244, .T. ) ;
#4242 = DIRECTION ( 'NONE',  ( 0.000000000000000000, 0.000000000000000000, -1.000000000000000000 ) ) ;
#4243 = CARTESIAN_POINT ( 'NONE',  ( -13.18501783112388814, 5.599999999999990763, -14.63712078220799206 ) ) ;
#4244 = AXIS2_PLACEMENT_3D ( 'NONE', #1047, #3470, #3015 ) ;
#4245 = CARTESIAN_POINT ( 'NONE',  ( -1.616580753730949782, -2.336681775933176513E-16, -13.19999999999999929 ) ) ;
#4246 = VERTEX_POINT ( 'NONE', #1582 ) ;
#4247 = EDGE_LOOP ( 'NONE', ( #1748, #3388, #1711, #2852 ) ) ;
#4248 = DIRECTION ( 'NONE',  ( 0.5000000000000001110, 0.000000000000000000, -0.8660254037844385966 ) ) ;
#4249 = CARTESIAN_POINT ( 'NONE',  ( 15.47298721428184543, 2.236538271250311568E-15, -10.80000000000017657 ) ) ;
#4250 = DIRECTION ( 'NONE',  ( -1.445446984655907896E-16, 1.000000000000000000, -0.000000000000000000 ) ) ;
#4251 = CIRCLE ( 'NONE', #986, 2.249999999999998668 ) ;
#4252 = AXIS2_PLACEMENT_3D ( 'NONE', #2124, #3697, #3302 ) ;
#4253 = ADVANCED_FACE ( 'NONE', ( #1195 ), #4608, .F. ) ;
#4254 = DIRECTION ( 'NONE',  ( -0.5000000000000039968, -7.227234923279599875E-17, -0.8660254037844363761 ) ) ;
#4255 = DIRECTION ( 'NONE',  ( 0.5000000000000038858, 7.227234923279597410E-17, 0.8660254037844363761 ) ) ;
#4256 = CARTESIAN_POINT ( 'NONE',  ( 1.616580753730956888, 2.336681775933186867E-16, -18.79999999999999716 ) ) ;
#4257 = AXIS2_PLACEMENT_3D ( 'NONE', #1456, #3053, #5055 ) ;
#4258 = ORIENTED_EDGE ( 'NONE', *, *, #3830, .T. ) ;
#4259 = EDGE_LOOP ( 'NONE', ( #3402, #3742, #1653, #5109 ) ) ;
#4260 = CARTESIAN_POINT ( 'NONE',  ( 1.338689302795758146E-15, 3.599999999999992095, 16.00000000000000000 ) ) ;
#4261 = DIRECTION ( 'NONE',  ( 1.000000000000000000, 0.000000000000000000, 0.000000000000000000 ) ) ;
#4262 = EDGE_LOOP ( 'NONE', ( #694, #876, #3969, #1328 ) ) ;
#4263 = VECTOR ( 'NONE', #4820, 1000.000000000000000 ) ;
#4264 = VERTEX_POINT ( 'NONE', #2867 ) ;
#4265 = CIRCLE ( 'NONE', #934, 2.699999999999985523 ) ;
#4266 = AXIS2_PLACEMENT_3D ( 'NONE', #4953, #852, #4873 ) ;
#4267 = DIRECTION ( 'NONE',  ( -1.000000000000000000, 0.000000000000000000, 0.000000000000000000 ) ) ;
#4268 = AXIS2_PLACEMENT_3D ( 'NONE', #3982, #90, #2005 ) ;
#4269 = ORIENTED_EDGE ( 'NONE', *, *, #1242, .F. ) ;
#4270 = DIRECTION ( 'NONE',  ( 0.8660254037844385966, 1.251793808535632106E-16, 0.5000000000000001110 ) ) ;
#4271 = VECTOR ( 'NONE', #4984, 999.9999999999998863 ) ;
#4272 = AXIS2_PLACEMENT_3D ( 'NONE', #4028, #3722, #1254 ) ;
#4273 = DIRECTION ( 'NONE',  ( -0.6916232012284712072, -0.7071067811865472397, -0.1471643554753727934 ) ) ;
#4274 = CARTESIAN_POINT ( 'NONE',  ( 1.616580753730956443, 2.600000000000000533, -18.79999999999999716 ) ) ;
#4275 = ORIENTED_EDGE ( 'NONE', *, *, #4707, .T. ) ;
#4276 = ADVANCED_FACE ( 'NONE', ( #4446 ), #4146, .F. ) ;
#4277 = CARTESIAN_POINT ( 'NONE',  ( -1.616580753730949560, 2.599999999999999645, -18.79999999999999716 ) ) ;
#4278 = DIRECTION ( 'NONE',  ( 1.445446984655908142E-16, -1.000000000000000000, -0.000000000000000000 ) ) ;
#4279 = VECTOR ( 'NONE', #4008, 1000.000000000000000 ) ;
#4280 = FACE_OUTER_BOUND ( 'NONE', #4912, .T. ) ;
#4281 = ORIENTED_EDGE ( 'NONE', *, *, #367, .F. ) ;
#4282 = CARTESIAN_POINT ( 'NONE',  ( -11.20429399400231141, 2.399999999999995914, 12.00640646055112271 ) ) ;
#4283 = ORIENTED_EDGE ( 'NONE', *, *, #4882, .F. ) ;
#4284 = AXIS2_PLACEMENT_3D ( 'NONE', #269, #1494, #3110 ) ;
#4285 = CARTESIAN_POINT ( 'NONE',  ( -6.483609520091508038, 16.46930464146743134, -18.73712078220803079 ) ) ;
#4286 = LINE ( 'NONE', #293, #1165 ) ;
#4287 = DIRECTION ( 'NONE',  ( 0.000000000000000000, 0.000000000000000000, -1.000000000000000000 ) ) ;
#4288 = EDGE_CURVE ( 'NONE', #3095, #2802, #4958, .T. ) ;
#4289 = ORIENTED_EDGE ( 'NONE', *, *, #4591, .T. ) ;
#4290 = EDGE_CURVE ( 'NONE', #1549, #1031, #2457, .T. ) ;
#4291 = ORIENTED_EDGE ( 'NONE', *, *, #4898, .F. ) ;
#4292 = CARTESIAN_POINT ( 'NONE',  ( 19.66862735121524608, 5.599999999999995204, 4.100000000000000533 ) ) ;
#4293 = DIRECTION ( 'NONE',  ( -1.000000000000000000, 0.000000000000000000, 0.000000000000000000 ) ) ;
#4294 = ORIENTED_EDGE ( 'NONE', *, *, #3223, .F. ) ;
#4295 = ORIENTED_EDGE ( 'NONE', *, *, #1093, .T. ) ;
#4296 = DIRECTION ( 'NONE',  ( -1.000000000000000000, 0.000000000000000000, 0.000000000000000000 ) ) ;
#4297 = CARTESIAN_POINT ( 'NONE',  ( 2.380550673338865098E-15, 0.000000000000000000, 0.000000000000000000 ) ) ;
#4298 = ORIENTED_EDGE ( 'NONE', *, *, #1306, .F. ) ;
#4299 = DIRECTION ( 'NONE',  ( -1.000000000000000000, -1.445446984655908142E-16, 2.775557561562891351E-15 ) ) ;
#4300 = CARTESIAN_POINT ( 'NONE',  ( -6.430019681605281257, -12.43504200973873708, -18.53712078220802795 ) ) ;
#4301 = VERTEX_POINT ( 'NONE', #4472 ) ;
#4302 = CARTESIAN_POINT ( 'NONE',  ( -1.616580753730956443, 2.599999999999999645, 13.19999999999999929 ) ) ;
#4303 = CARTESIAN_POINT ( 'NONE',  ( 17.08956796801299305, 2.470206448843657125E-15, 7.999999999999841904 ) ) ;
#4304 = ORIENTED_EDGE ( 'NONE', *, *, #5000, .T. ) ;
#4305 = FACE_OUTER_BOUND ( 'NONE', #1956, .T. ) ;
#4306 = ORIENTED_EDGE ( 'NONE', *, *, #2114, .T. ) ;
#4307 = DIRECTION ( 'NONE',  ( -0.5000000000000003331, -7.227234923279544408E-17, -0.8660254037844384856 ) ) ;
#4308 = ORIENTED_EDGE ( 'NONE', *, *, #2334, .T. ) ;
#4309 = AXIS2_PLACEMENT_3D ( 'NONE', #4629, #673, #2985 ) ;
#4310 = CARTESIAN_POINT ( 'NONE',  ( 4.795706005997543819, -12.43504200973872464, -15.70640646055102962 ) ) ;
#4311 = ORIENTED_EDGE ( 'NONE', *, *, #3104, .T. ) ;
#4312 = EDGE_CURVE ( 'NONE', #4264, #4722, #1695, .T. ) ;
#4313 = ADVANCED_FACE ( 'NONE', ( #2480 ), #2134, .F. ) ;
#4314 = DIRECTION ( 'NONE',  ( -1.445446984655908142E-16, 1.000000000000000000, -0.000000000000000000 ) ) ;
#4315 = VECTOR ( 'NONE', #2076, 1000.000000000000000 ) ;
#4316 = ADVANCED_FACE ( 'NONE', ( #459 ), #4692, .T. ) ;
#4317 = CARTESIAN_POINT ( 'NONE',  ( 4.795706005997759647, 5.599999999999994316, 15.70640646055096390 ) ) ;
#4318 = AXIS2_PLACEMENT_3D ( 'NONE', #3008, #4625, #1017 ) ;
#4319 = VECTOR ( 'NONE', #1789, 1000.000000000000000 ) ;
#4320 = ORIENTED_EDGE ( 'NONE', *, *, #2738, .F. ) ;
#4321 = EDGE_CURVE ( 'NONE', #918, #766, #4772, .T. ) ;
#4322 = LINE ( 'NONE', #5184, #2825 ) ;
#4323 = LINE ( 'NONE', #2233, #5051 ) ;
#4324 = CIRCLE ( 'NONE', #3410, 19.69999999999999574 ) ;
#4325 = ORIENTED_EDGE ( 'NONE', *, *, #1401, .F. ) ;
#4326 = VECTOR ( 'NONE', #1113, 1000.000000000000000 ) ;
#4327 = CARTESIAN_POINT ( 'NONE',  ( 7.999999999999968914, 2.399999999999998579, -13.85640646055103886 ) ) ;
#4328 = LINE ( 'NONE', #5191, #4079 ) ;
#4329 = EDGE_LOOP ( 'NONE', ( #3720, #778, #1332, #714 ) ) ;
#4330 = DIRECTION ( 'NONE',  ( 4.496403249731883200E-15, 6.252793486240408931E-31, 1.000000000000000000 ) ) ;
#4331 = AXIS2_PLACEMENT_3D ( 'NONE', #2420, #338, #3253 ) ;
#4332 = AXIS2_PLACEMENT_3D ( 'NONE', #2046, #420, #2903 ) ;
#4333 = DIRECTION ( 'NONE',  ( 0.000000000000000000, -1.000000000000000000, 0.000000000000000000 ) ) ;
#4334 = ORIENTED_EDGE ( 'NONE', *, *, #1949, .F. ) ;
#4335 = PLANE ( 'NONE',  #229 ) ;
#4336 = AXIS2_PLACEMENT_3D ( 'NONE', #815, #2421, #2031 ) ;
#4337 = AXIS2_PLACEMENT_3D ( 'NONE', #3635, #945, #2023 ) ;
#4338 = LINE ( 'NONE', #4729, #2091 ) ;
#4339 = VERTEX_POINT ( 'NONE', #531 ) ;
#4340 = VECTOR ( 'NONE', #1137, 1000.000000000000000 ) ;
#4341 = VERTEX_POINT ( 'NONE', #4897 ) ;
#4342 = ORIENTED_EDGE ( 'NONE', *, *, #3342, .T. ) ;
#4343 = CARTESIAN_POINT ( 'NONE',  ( 1.513282482545320804E-15, 5.999999999999996447, 0.000000000000000000 ) ) ;
#4344 = CARTESIAN_POINT ( 'NONE',  ( -4.795706005997431909, 2.399999999999997691, 15.70640646055106160 ) ) ;
#4345 = CIRCLE ( 'NONE', #4095, 3.700000000000000178 ) ;
#4346 = EDGE_CURVE ( 'NONE', #1613, #981, #1343, .T. ) ;
#4347 = EDGE_CURVE ( 'NONE', #1083, #277, #4955, .T. ) ;
#4348 = FACE_OUTER_BOUND ( 'NONE', #1893, .T. ) ;
#4349 = DIRECTION ( 'NONE',  ( -1.445446984655908142E-16, 1.000000000000000000, -0.000000000000000000 ) ) ;
#4350 = EDGE_LOOP ( 'NONE', ( #3280, #1477, #1987, #474 ) ) ;
#4351 = AXIS2_PLACEMENT_3D ( 'NONE', #2447, #4968, #3275 ) ;
#4352 = CARTESIAN_POINT ( 'NONE',  ( -7.999999999999872102, 2.399999999999997691, 13.85640646055109215 ) ) ;
#4353 = FACE_OUTER_BOUND ( 'NONE', #4627, .T. ) ;
#4354 = CONICAL_SURFACE ( 'NONE', #1683, 0.4000000000000062395, 0.7853981633974483900 ) ;
#4355 = EDGE_CURVE ( 'NONE', #4751, #4989, #242, .T. ) ;
#4356 = EDGE_CURVE ( 'NONE', #4416, #1549, #3238, .T. ) ;
#4357 = VECTOR ( 'NONE', #1103, 1000.000000000000000 ) ;
#4358 = DIRECTION ( 'NONE',  ( 1.000000000000000000, 2.115516434118054011E-16, 0.000000000000000000 ) ) ;
#4359 = LINE ( 'NONE', #1573, #1320 ) ;
#4360 = CARTESIAN_POINT ( 'NONE',  ( -4.795706005997432797, 2.399999999999997691, 15.70640646055106160 ) ) ;
#4361 = CARTESIAN_POINT ( 'NONE',  ( -12.83860766960990674, 5.599999999999991651, 14.83712078220817432 ) ) ;
#4362 = EDGE_CURVE ( 'NONE', #587, #4832, #3319, .T. ) ;
#4363 = ORIENTED_EDGE ( 'NONE', *, *, #3884, .T. ) ;
#4364 = CARTESIAN_POINT ( 'NONE',  ( -12.23982570682004578, 2.599999999999998312, 5.200000000000055245 ) ) ;
#4365 = VERTEX_POINT ( 'NONE', #1349 ) ;
#4366 = DIRECTION ( 'NONE',  ( 0.000000000000000000, 0.000000000000000000, -1.000000000000000000 ) ) ;
#4367 = VECTOR ( 'NONE', #202, 1000.000000000000000 ) ;
#4368 = DIRECTION ( 'NONE',  ( -1.445446984655908142E-16, 1.000000000000000000, 0.000000000000000000 ) ) ;
#4369 = DIRECTION ( 'NONE',  ( 0.000000000000000000, 0.000000000000000000, 1.000000000000000000 ) ) ;
#4370 = ORIENTED_EDGE ( 'NONE', *, *, #4185, .T. ) ;
#4371 = VECTOR ( 'NONE', #2751, 1000.000000000000000 ) ;
#4372 = DIRECTION ( 'NONE',  ( -1.445446984655908142E-16, 1.000000000000000000, -0.000000000000000000 ) ) ;
#4373 = ORIENTED_EDGE ( 'NONE', *, *, #1185, .T. ) ;
#4374 = EDGE_CURVE ( 'NONE', #2376, #964, #2948, .T. ) ;
#4375 = DIRECTION ( 'NONE',  ( -1.445446984655908142E-16, 1.000000000000000000, 0.000000000000000000 ) ) ;
#4376 = ORIENTED_EDGE ( 'NONE', *, *, #3426, .T. ) ;
#4377 = DIRECTION ( 'NONE',  ( 1.000000000000000000, 1.606225440719267353E-16, 0.000000000000000000 ) ) ;
#4378 = DIRECTION ( 'NONE',  ( -1.000000000000000000, 0.000000000000000000, 0.000000000000000000 ) ) ;
#4379 = ORIENTED_EDGE ( 'NONE', *, *, #564, .F. ) ;
#4380 = ORIENTED_EDGE ( 'NONE', *, *, #4214, .F. ) ;
#4381 = CYLINDRICAL_SURFACE ( 'NONE', #2405, 0.3999999999999993006 ) ;
#4382 = DIRECTION ( 'NONE',  ( -0.8660254037844328234, -1.251793808535623478E-16, 0.5000000000000101030 ) ) ;
#4383 = ORIENTED_EDGE ( 'NONE', *, *, #2647, .T. ) ;
#4384 = EDGE_CURVE ( 'NONE', #4997, #964, #3427, .T. ) ;
#4385 = CARTESIAN_POINT ( 'NONE',  ( -1.616580753730949560, 2.599999999999999645, -18.79999999999999716 ) ) ;
#4386 = EDGE_CURVE ( 'NONE', #5194, #152, #3350, .T. ) ;
#4387 = DIRECTION ( 'NONE',  ( -0.8660254037844385966, -1.251793808535632106E-16, -0.5000000000000001110 ) ) ;
#4388 = EDGE_CURVE ( 'NONE', #3644, #1376, #1396, .T. ) ;
#4389 = PLANE ( 'NONE',  #309 ) ;
#4390 = DIRECTION ( 'NONE',  ( -0.4999999999999980016, -7.227234923279512360E-17, 0.8660254037844397068 ) ) ;
#4391 = VERTEX_POINT ( 'NONE', #684 ) ;
#4392 = DIRECTION ( 'NONE',  ( 0.000000000000000000, 0.000000000000000000, -1.000000000000000000 ) ) ;
#4393 = ORIENTED_EDGE ( 'NONE', *, *, #100, .F. ) ;
#4394 = ORIENTED_EDGE ( 'NONE', *, *, #2144, .T. ) ;
#4395 = DIRECTION ( 'NONE',  ( -1.445446984655908142E-16, 1.000000000000000000, -0.000000000000000000 ) ) ;
#4396 = DIRECTION ( 'NONE',  ( 0.000000000000000000, 1.000000000000000000, 0.000000000000000000 ) ) ;
#4397 = ORIENTED_EDGE ( 'NONE', *, *, #2850, .F. ) ;
#4398 = DIRECTION ( 'NONE',  ( 0.000000000000000000, 0.000000000000000000, 1.000000000000000000 ) ) ;
#4399 = ORIENTED_EDGE ( 'NONE', *, *, #706, .T. ) ;
#4400 = DIRECTION ( 'NONE',  ( 1.000000000000000000, 0.000000000000000000, 0.000000000000000000 ) ) ;
#4401 = DIRECTION ( 'NONE',  ( 1.000000000000000000, 1.445446984655908142E-16, 0.000000000000000000 ) ) ;
#4402 = CARTESIAN_POINT ( 'NONE',  ( 19.26862735121523684, 16.46930464146743489, -4.100000000000000533 ) ) ;
#4403 = ORIENTED_EDGE ( 'NONE', *, *, #1252, .F. ) ;
#4404 = ORIENTED_EDGE ( 'NONE', *, *, #101, .T. ) ;
#4405 = CONICAL_SURFACE ( 'NONE', #4309, 1.699999999999993960, 0.7853981633974506105 ) ;
#4406 = DIRECTION ( 'NONE',  ( -0.4999999999999919509, -7.227234923279423614E-17, 0.8660254037844432595 ) ) ;
#4407 = CONICAL_SURFACE ( 'NONE', #626, 19.69999999999999574, 0.7853981633974482790 ) ;
#4408 = CARTESIAN_POINT ( 'NONE',  ( -8.099999999999997868, -1.170812057571285625E-15, 0.000000000000000000 ) ) ;
#4409 = VECTOR ( 'NONE', #3414, 1000.000000000000000 ) ;
#4410 = CARTESIAN_POINT ( 'NONE',  ( 12.23982570682016480, 2.600000000000001421, 10.79999999999988880 ) ) ;
#4411 = AXIS2_PLACEMENT_3D ( 'NONE', #4556, #1854, #3800 ) ;
#4412 = CARTESIAN_POINT ( 'NONE',  ( 13.85640646055109215, 2.600000000000001865, 7.999999999999870326 ) ) ;
#4413 = CARTESIAN_POINT ( 'NONE',  ( -7.699999999999997513, 5.199999999999995737, 9.429780353434619030E-16 ) ) ;
#4414 = FACE_OUTER_BOUND ( 'NONE', #2999, .T. ) ;
#4415 = DIRECTION ( 'NONE',  ( 1.000000000000000000, 1.445446984655908142E-16, 0.000000000000000000 ) ) ;
#4416 = VERTEX_POINT ( 'NONE', #1920 ) ;
#4417 = CALENDAR_DATE ( 2026, 26, 2 ) ;
#4418 = ADVANCED_FACE ( 'NONE', ( #2273 ), #3868, .F. ) ;
#4419 = AXIS2_PLACEMENT_3D ( 'NONE', #696, #283, #2642 ) ;
#4420 = VERTEX_POINT ( 'NONE', #3475 ) ;
#4421 = PLANE ( 'NONE',  #2666 ) ;
#4423 = VECTOR ( 'NONE', #2115, 1000.000000000000000 ) ;
#4422 = PLANE ( 'NONE',  #2676 ) ;
#4424 = ORIENTED_EDGE ( 'NONE', *, *, #887, .F. ) ;
#4425 = AXIS2_PLACEMENT_3D ( 'NONE', #394, #5160, #733 ) ;
#4426 = CARTESIAN_POINT ( 'NONE',  ( 11.20429399400240023, -12.43504200973872109, -12.00640646055104632 ) ) ;
#4427 = CARTESIAN_POINT ( 'NONE',  ( -1.616580753730950226, 2.599999999999999645, -13.19999999999999929 ) ) ;
#4428 = AXIS2_PLACEMENT_3D ( 'NONE', #1680, #4888, #1730 ) ;
#4429 = ORIENTED_EDGE ( 'NONE', *, *, #3952, .T. ) ;
#4430 = DIRECTION ( 'NONE',  ( -0.4999999999999979461, 0.000000000000000000, 0.8660254037844397068 ) ) ;
#4431 = FACE_OUTER_BOUND ( 'NONE', #4247, .T. ) ;
#4432 = CARTESIAN_POINT ( 'NONE',  ( -15.47298721428198043, -2.236538271250330500E-15, -5.199999999999964650 ) ) ;
#4433 = ORIENTED_EDGE ( 'NONE', *, *, #3734, .T. ) ;
#4434 = VERTEX_POINT ( 'NONE', #4282 ) ;
#4435 = CIRCLE ( 'NONE', #2169, 19.69999999999999574 ) ;
#4436 = DIRECTION ( 'NONE',  ( -1.445446984655908142E-16, 1.000000000000000000, -0.000000000000000000 ) ) ;
#4437 = FACE_OUTER_BOUND ( 'NONE', #2706, .T. ) ;
#4438 = AXIS2_PLACEMENT_3D ( 'NONE', #489, #2094, #102 ) ;
#4439 = FACE_OUTER_BOUND ( 'NONE', #1362, .T. ) ;
#4440 = EDGE_CURVE ( 'NONE', #3451, #3190, #3885, .T. ) ;
#4441 = CARTESIAN_POINT ( 'NONE',  ( 12.23982570682000848, 2.600000000000001421, -5.200000000000139622 ) ) ;
#4442 = CC_DESIGN_PERSON_AND_ORGANIZATION_ASSIGNMENT ( #4193, #3759, ( #2868 ) ) ;
#4443 = AXIS2_PLACEMENT_3D ( 'NONE', #2823, #1675, #4398 ) ;
#4444 = DIRECTION ( 'NONE',  ( -0.000000000000000000, -1.000000000000000000, -0.000000000000000000 ) ) ;
#4445 = ORIENTED_EDGE ( 'NONE', *, *, #1143, .F. ) ;
#4446 = FACE_OUTER_BOUND ( 'NONE', #2427, .T. ) ;
#4447 = DIRECTION ( 'NONE',  ( 1.445446984655908142E-16, -1.000000000000000000, -0.000000000000000000 ) ) ;
#4448 = AXIS2_PLACEMENT_3D ( 'NONE', #4297, #1886, #4721 ) ;
#4449 = VECTOR ( 'NONE', #2797, 1000.000000000000000 ) ;
#4450 = ORIENTED_EDGE ( 'NONE', *, *, #3326, .F. ) ;
#4451 = VECTOR ( 'NONE', #2971, 1000.000000000000000 ) ;
#4452 = CARTESIAN_POINT ( 'NONE',  ( 16.00000000000000000, 6.000000000000000000, -4.100000000000008527 ) ) ;
#4453 = AXIS2_PLACEMENT_3D ( 'NONE', #2356, #1201, #4804 ) ;
#4454 = EDGE_LOOP ( 'NONE', ( #3661, #1075, #1106, #3189 ) ) ;
#4455 = ORIENTED_EDGE ( 'NONE', *, *, #877, .T. ) ;
#4456 = DIRECTION ( 'NONE',  ( 0.6123724356957982451, 0.7071067811865482389, 0.3535533905932657373 ) ) ;
#4457 = ORIENTED_EDGE ( 'NONE', *, *, #693, .T. ) ;
#4458 = EDGE_CURVE ( 'NONE', #2638, #2920, #3261, .T. ) ;
#4459 = EDGE_CURVE ( 'NONE', #715, #2962, #3161, .T. ) ;
#4460 = CIRCLE ( 'NONE', #3790, 0.4000000000000010214 ) ;
#4461 = EDGE_CURVE ( 'NONE', #4515, #566, #3687, .T. ) ;
#4462 = CARTESIAN_POINT ( 'NONE',  ( 3.233161507461908002, 2.600000000000000533, -16.00000000000000000 ) ) ;
#4463 = DIRECTION ( 'NONE',  ( 0.000000000000000000, -0.7071067811865455743, -0.7071067811865495711 ) ) ;
#4464 = ORIENTED_EDGE ( 'NONE', *, *, #3299, .F. ) ;
#4465 = DIRECTION ( 'NONE',  ( 0.000000000000000000, -1.000000000000000000, 0.000000000000000000 ) ) ;
#4466 = CONICAL_SURFACE ( 'NONE', #441, 19.69999999999999574, 0.7853981633974504994 ) ;
#4467 = CARTESIAN_POINT ( 'NONE',  ( -13.85640646055104064, 3.599999999999990319, -6.299999999999973177 ) ) ;
#4468 = DIRECTION ( 'NONE',  ( 1.445446984655908882E-16, -1.000000000000000000, 0.000000000000000000 ) ) ;
#4469 = CARTESIAN_POINT ( 'NONE',  ( -16.00000000000000000, -1.127570259384924611E-14, 0.000000000000000000 ) ) ;
#4470 = DIRECTION ( 'NONE',  ( 1.022085364695839744E-16, -0.7071067811865472397, -0.7071067811865479058 ) ) ;
#4471 = ORIENTED_EDGE ( 'NONE', *, *, #3815, .T. ) ;
#4472 = CARTESIAN_POINT ( 'NONE',  ( 10.62324495308902073, 2.600000000000001421, -8.000000000000120792 ) ) ;
#4473 = PLANE ( 'NONE',  #2585 ) ;
#4474 = CARTESIAN_POINT ( 'NONE',  ( 7.999999999999968914, 2.399999999999998579, -16.10640646055103886 ) ) ;
#4475 = EDGE_LOOP ( 'NONE', ( #2654, #389, #4342, #2650, #3121, #2195, #490, #3088, #4289, #723, #2766, #2709, #1577, #3921, #2362, #4502 ) ) ;
#4476 = CARTESIAN_POINT ( 'NONE',  ( -19.66862735121523897, 16.46930464146742779, -4.100000000000000533 ) ) ;
#4477 = ORIENTED_EDGE ( 'NONE', *, *, #225, .T. ) ;
#4478 = ORIENTED_EDGE ( 'NONE', *, *, #553, .T. ) ;
#4479 = CARTESIAN_POINT ( 'NONE',  ( -2.090321734816830538E-15, 3.600000000000006306, -17.69999999999999218 ) ) ;
#4480 = ADVANCED_FACE ( 'NONE', ( #541 ), #2493, .F. ) ;
#4481 = DIRECTION ( 'NONE',  ( -1.000000000000000000, -1.070816960479510624E-16, 0.000000000000000000 ) ) ;
#4482 = EDGE_LOOP ( 'NONE', ( #4258, #4208, #4110 ) ) ;
#4483 = EDGE_CURVE ( 'NONE', #1613, #1156, #2098, .T. ) ;
#4484 = CARTESIAN_POINT ( 'NONE',  ( 6.083609520091378009, 2.399999999999999467, -18.73712078220806987 ) ) ;
#4485 = CARTESIAN_POINT ( 'NONE',  ( -8.000000000000065725, -9.974659986866640793E-15, -13.85640646055098379 ) ) ;
#4486 = EDGE_CURVE ( 'NONE', #3874, #3452, #2756, .T. ) ;
#4487 = DIRECTION ( 'NONE',  ( 0.4999999999999980571, 7.227234923279513593E-17, -0.8660254037844398178 ) ) ;
#4488 = CARTESIAN_POINT ( 'NONE',  ( 2.380550673338865098E-15, 0.000000000000000000, 0.000000000000000000 ) ) ;
#4489 = VERTEX_POINT ( 'NONE', #3247 ) ;
#4490 = LINE ( 'NONE', #3729, #5003 ) ;
#4491 = DIRECTION ( 'NONE',  ( -1.000000000000000000, 0.000000000000000000, 0.000000000000000000 ) ) ;
#4492 = CARTESIAN_POINT ( 'NONE',  ( 7.999999999999970690, 2.399999999999999467, -13.85640646055103886 ) ) ;
#4493 = ORIENTED_EDGE ( 'NONE', *, *, #1553, .F. ) ;
#4494 = VECTOR ( 'NONE', #969, 1000.000000000000114 ) ;
#4495 = AXIS2_PLACEMENT_3D ( 'NONE', #3367, #1287, #2085 ) ;
#4496 = CARTESIAN_POINT ( 'NONE',  ( 16.00000000000000000, 5.599999999999994316, 3.700000000000000178 ) ) ;
#4497 = CC_DESIGN_SECURITY_CLASSIFICATION ( #1131, ( #3936 ) ) ;
#4498 = FACE_OUTER_BOUND ( 'NONE', #5059, .T. ) ;
#4499 = CARTESIAN_POINT ( 'NONE',  ( -15.47298721428192003, 2.599999999999997868, 10.80000000000006999 ) ) ;
#4500 = ORIENTED_EDGE ( 'NONE', *, *, #4656, .F. ) ;
#4501 = AXIS2_PLACEMENT_3D ( 'NONE', #5001, #2599, #1692 ) ;
#4502 = ORIENTED_EDGE ( 'NONE', *, *, #3114, .F. ) ;
#4503 = ORIENTED_EDGE ( 'NONE', *, *, #3620, .T. ) ;
#4504 = VECTOR ( 'NONE', #4111, 1000.000000000000000 ) ;
#4505 = APPROVAL_PERSON_ORGANIZATION ( #209, #2800, #4563 ) ;
#4506 = VECTOR ( 'NONE', #3165, 1000.000000000000000 ) ;
#4507 = LINE ( 'NONE', #2827, #381 ) ;
#4508 = DIRECTION ( 'NONE',  ( -0.5000000000000018874, -7.227234923279567827E-17, -0.8660254037844374864 ) ) ;
#4509 = ORIENTED_EDGE ( 'NONE', *, *, #1649, .F. ) ;
#4510 = LINE ( 'NONE', #923, #3144 ) ;
#4511 = DIRECTION ( 'NONE',  ( 1.445446984655908142E-16, -1.000000000000000000, 0.000000000000000000 ) ) ;
#4512 = CARTESIAN_POINT ( 'NONE',  ( -16.00000000000000000, -1.127570259384924611E-14, 2.250000000000000444 ) ) ;
#4513 = EDGE_CURVE ( 'NONE', #566, #4515, #3079, .T. ) ;
#4514 = VERTEX_POINT ( 'NONE', #2472 ) ;
#4515 = VERTEX_POINT ( 'NONE', #4054 ) ;
#4517 = ADVANCED_FACE ( 'NONE', ( #470 ), #3668, .F. ) ;
#4516 = CARTESIAN_POINT ( 'NONE',  ( 1.616580753730948672, 2.600000000000000533, 18.79999999999999716 ) ) ;
#4518 = CARTESIAN_POINT ( 'NONE',  ( -16.00000000000000000, 2.399999999999995026, 0.000000000000000000 ) ) ;
#4519 = EDGE_CURVE ( 'NONE', #4365, #2997, #3926, .T. ) ;
#4520 = EDGE_LOOP ( 'NONE', ( #1140, #3967, #5070, #3798 ) ) ;
#4521 = DIRECTION ( 'NONE',  ( -0.000000000000000000, 1.000000000000000000, 2.465190328815661892E-32 ) ) ;
#4522 = VECTOR ( 'NONE', #149, 1000.000000000000000 ) ;
#4523 = AXIS2_PLACEMENT_3D ( 'NONE', #163, #3361, #1357 ) ;
#4524 = CARTESIAN_POINT ( 'NONE',  ( -1.616580753730957332, 2.599999999999999645, 18.79999999999999716 ) ) ;
#4525 = DIRECTION ( 'NONE',  ( -1.000000000000000000, -1.172110456741085828E-16, 0.000000000000000000 ) ) ;
#4526 = DIRECTION ( 'NONE',  ( 1.165734175856414367E-14, 1.685006949401994335E-30, 1.000000000000000000 ) ) ;
#4527 = ORIENTED_EDGE ( 'NONE', *, *, #2278, .T. ) ;
#4528 = AXIS2_PLACEMENT_3D ( 'NONE', #3081, #3837, #3879 ) ;
#4529 = AXIS2_PLACEMENT_3D ( 'NONE', #5153, #281, #1513 ) ;
#4530 = EDGE_LOOP ( 'NONE', ( #4018, #3400, #3037, #2464 ) ) ;
#4531 = CARTESIAN_POINT ( 'NONE',  ( -15.47298721428195201, 2.599999999999997868, 5.200000000000069456 ) ) ;
#4532 = ORIENTED_EDGE ( 'NONE', *, *, #1859, .F. ) ;
#4533 = LINE ( 'NONE', #5020, #1478 ) ;
#4534 = AXIS2_PLACEMENT_3D ( 'NONE', #5075, #768, #2430 ) ;
#4535 = CARTESIAN_POINT ( 'NONE',  ( -1.625704155516285221, 5.999999999999997335, -5.384197804570024282 ) ) ;
#4536 = FACE_OUTER_BOUND ( 'NONE', #4259, .T. ) ;
#4537 = CARTESIAN_POINT ( 'NONE',  ( -13.45273392921756894, 16.46930464146742779, 14.93432120418194664 ) ) ;
#4538 = DATE_TIME_ROLE ( 'creation_date' ) ;
#4539 = CIRCLE ( 'NONE', #4710, 2.250000000000001776 ) ;
#4540 = VERTEX_POINT ( 'NONE', #497 ) ;
#4541 = DIRECTION ( 'NONE',  ( -0.000000000000000000, -1.000000000000000000, -0.000000000000000000 ) ) ;
#4542 = ADVANCED_FACE ( 'NONE', ( #5050, #4645 ), #4239, .T. ) ;
#4543 = DIRECTION ( 'NONE',  ( -1.445446984655908142E-16, 1.000000000000000000, -0.000000000000000000 ) ) ;
#4544 = DIRECTION ( 'NONE',  ( 0.000000000000000000, 0.000000000000000000, -1.000000000000000000 ) ) ;
#4545 = ORIENTED_EDGE ( 'NONE', *, *, #1458, .T. ) ;
#4546 = EDGE_CURVE ( 'NONE', #695, #1011, #4588, .T. ) ;
#4547 = EDGE_CURVE ( 'NONE', #3691, #2849, #1495, .T. ) ;
#4548 = EDGE_CURVE ( 'NONE', #1361, #3292, #2176, .T. ) ;
#4549 = DIRECTION ( 'NONE',  ( -1.445446984655908142E-16, 1.000000000000000000, -0.000000000000000000 ) ) ;
#4550 = CARTESIAN_POINT ( 'NONE',  ( 15.47298721428206569, 2.600000000000001865, 10.79999999999985860 ) ) ;
#4551 = APPROVAL_ROLE ( '' ) ;
#4552 = CARTESIAN_POINT ( 'NONE',  ( 1.513282482545320607E-15, 5.999999999999998224, 0.000000000000000000 ) ) ;
#4553 = ORIENTED_EDGE ( 'NONE', *, *, #4055, .F. ) ;
#4554 = ORIENTED_EDGE ( 'NONE', *, *, #2052, .F. ) ;
#4555 = ORIENTED_EDGE ( 'NONE', *, *, #1088, .F. ) ;
#4556 = CARTESIAN_POINT ( 'NONE',  ( 12.23982570682011328, 2.600000000000001421, 5.199999999999889155 ) ) ;
#4557 = ORIENTED_EDGE ( 'NONE', *, *, #1341, .F. ) ;
#4558 = DIRECTION ( 'NONE',  ( -1.445446984655908142E-16, 1.000000000000000000, 0.000000000000000000 ) ) ;
#4559 = FACE_OUTER_BOUND ( 'NONE', #2736, .T. ) ;
#4560 = CARTESIAN_POINT ( 'NONE',  ( 8.000000000000161648, 5.599999999999995204, 13.85640646055092517 ) ) ;
#4561 = CARTESIAN_POINT ( 'NONE',  ( -12.23982570682001736, 2.599999999999998312, 10.80000000000005578 ) ) ;
#4562 = DIRECTION ( 'NONE',  ( -0.000000000000000000, 1.000000000000000000, -0.000000000000000000 ) ) ;
#4563 = APPROVAL_ROLE ( '' ) ;
#4564 = ORIENTED_EDGE ( 'NONE', *, *, #101, .F. ) ;
#4565 = ORIENTED_EDGE ( 'NONE', *, *, #482, .T. ) ;
#4566 = CARTESIAN_POINT ( 'NONE',  ( 19.65986851570693261, 2.400000000000000799, -4.183248730964469253 ) ) ;
#4567 = CARTESIAN_POINT ( 'NONE',  ( 1.616580753730955999, 2.336681775933185388E-16, -13.19999999999999929 ) ) ;
#4568 = LINE ( 'NONE', #2574, #1423 ) ;
#4569 = ORIENTED_EDGE ( 'NONE', *, *, #2803, .F. ) ;
#4570 = ORIENTED_EDGE ( 'NONE', *, *, #2138, .F. ) ;
#4571 = AXIS2_PLACEMENT_3D ( 'NONE', #2159, #1691, #1660 ) ;
#4572 = FACE_OUTER_BOUND ( 'NONE', #3674, .T. ) ;
#4573 = DIRECTION ( 'NONE',  ( -1.000000000000000000, 0.000000000000000000, 0.000000000000000000 ) ) ;
#4574 = DIRECTION ( 'NONE',  ( 0.000000000000000000, 0.000000000000000000, -1.000000000000000000 ) ) ;
#4575 = EDGE_CURVE ( 'NONE', #1061, #4924, #3294, .T. ) ;
#4576 = ORIENTED_EDGE ( 'NONE', *, *, #3562, .T. ) ;
#4577 = ADVANCED_FACE ( 'NONE', ( #1223 ), #2822, .F. ) ;
#4578 = VECTOR ( 'NONE', #4203, 999.9999999999998863 ) ;
#4579 = AXIS2_PLACEMENT_3D ( 'NONE', #3306, #2528, #4120 ) ;
#4580 = ORIENTED_EDGE ( 'NONE', *, *, #3395, .F. ) ;
#4581 = VERTEX_POINT ( 'NONE', #3958 ) ;
#4582 = AXIS2_PLACEMENT_3D ( 'NONE', #865, #2123, #4430 ) ;
#4583 = VECTOR ( 'NONE', #1487, 1000.000000000000114 ) ;
#4584 = EDGE_CURVE ( 'NONE', #5178, #2375, #742, .T. ) ;
#4585 = CARTESIAN_POINT ( 'NONE',  ( -2.090321734816830538E-15, 2.600000000000000089, -18.70000000000000284 ) ) ;
#4586 = AXIS2_PLACEMENT_3D ( 'NONE', #1874, #610, #1528 ) ;
#4587 = EDGE_LOOP ( 'NONE', ( #45, #1529, #1876 ) ) ;
#4588 = LINE ( 'NONE', #5019, #2515 ) ;
#4589 = DIRECTION ( 'NONE',  ( -1.445446984655908142E-16, 1.000000000000000000, 0.000000000000000000 ) ) ;
#4590 = CARTESIAN_POINT ( 'NONE',  ( 4.449295844483982521, 5.999999999999998224, 15.90640646055097029 ) ) ;
#4591 = EDGE_CURVE ( 'NONE', #3111, #2047, #1917, .T. ) ;
#4592 = CARTESIAN_POINT ( 'NONE',  ( -2.090321734816830538E-15, 2.600000000000000089, -16.00000000000000000 ) ) ;
#4593 = VECTOR ( 'NONE', #2577, 1000.000000000000000 ) ;
#4594 = DIRECTION ( 'NONE',  ( -0.5000000000000038858, -7.227234923279597410E-17, -0.8660254037844363761 ) ) ;
#4595 = ORIENTED_EDGE ( 'NONE', *, *, #4483, .T. ) ;
#4596 = CARTESIAN_POINT ( 'NONE',  ( 1.616580753730956443, 2.600000000000000533, -18.79999999999999716 ) ) ;
#4597 = DIRECTION ( 'NONE',  ( -1.000000000000000000, -1.445446984655908142E-16, 0.000000000000000000 ) ) ;
#4598 = DIRECTION ( 'NONE',  ( 0.000000000000000000, 0.000000000000000000, -1.000000000000000000 ) ) ;
#4599 = ORIENTED_EDGE ( 'NONE', *, *, #3782, .F. ) ;
#4600 = CIRCLE ( 'NONE', #2331, 0.3999999999999993006 ) ;
#4601 = ADVANCED_FACE ( 'NONE', ( #2725 ), #5195, .F. ) ;
#4602 = EDGE_CURVE ( 'NONE', #344, #3349, #1678, .T. ) ;
#4603 = DIRECTION ( 'NONE',  ( -1.000000000000000000, 0.000000000000000000, 0.000000000000000000 ) ) ;
#4604 = CARTESIAN_POINT ( 'NONE',  ( -19.65986851570691840, 5.599999999999991651, 4.183248730964468365 ) ) ;
#4605 = DIRECTION ( 'NONE',  ( 0.000000000000000000, -1.000000000000000000, 0.000000000000000000 ) ) ;
#4606 = CARTESIAN_POINT ( 'NONE',  ( 13.85640646055109215, 3.600000000000000977, 7.999999999999870326 ) ) ;
#4607 = EDGE_CURVE ( 'NONE', #2492, #3067, #2007, .T. ) ;
#4608 = PLANE ( 'NONE',  #1334 ) ;
#4609 = EDGE_LOOP ( 'NONE', ( #971, #282 ) ) ;
#4610 = VECTOR ( 'NONE', #926, 1000.000000000000000 ) ;
#4611 = ORIENTED_EDGE ( 'NONE', *, *, #339, .T. ) ;
#4612 = VECTOR ( 'NONE', #1374, 1000.000000000000114 ) ;
#4613 = EDGE_LOOP ( 'NONE', ( #201, #1918, #2661, #1109, #2378, #2143 ) ) ;
#4614 = MANIFOLD_SOLID_BREP ( 'Chamfer2', #4674 ) ;
#4615 = VECTOR ( 'NONE', #4022, 1000.000000000000227 ) ;
#4616 = FACE_OUTER_BOUND ( 'NONE', #2320, .T. ) ;
#4617 = ORIENTED_EDGE ( 'NONE', *, *, #415, .T. ) ;
#4618 = AXIS2_PLACEMENT_3D ( 'NONE', #57, #426, #2028 ) ;
#4619 = EDGE_CURVE ( 'NONE', #3891, #48, #3984, .T. ) ;
#4620 = DIRECTION ( 'NONE',  ( 1.445446984655908142E-16, -1.000000000000000000, -0.000000000000000000 ) ) ;
#4621 = EDGE_CURVE ( 'NONE', #648, #3010, #4265, .T. ) ;
#4622 = VECTOR ( 'NONE', #1792, 1000.000000000000000 ) ;
#4623 = ADVANCED_FACE ( 'NONE', ( #2701 ), #1163, .F. ) ;
#4624 = DIRECTION ( 'NONE',  ( 0.000000000000000000, 0.7071067811865452413, 0.7071067811865497932 ) ) ;
#4625 = DIRECTION ( 'NONE',  ( -1.445446984655908142E-16, 1.000000000000000000, -0.000000000000000000 ) ) ;
#4626 = ORIENTED_EDGE ( 'NONE', *, *, #3058, .T. ) ;
#4627 = EDGE_LOOP ( 'NONE', ( #3075, #3821, #2526, #1408 ) ) ;
#4628 = CIRCLE ( 'NONE', #3524, 1.700000000000000178 ) ;
#4629 = CARTESIAN_POINT ( 'NONE',  ( 13.85640646055109215, 3.600000000000000977, 7.999999999999870326 ) ) ;
#4630 = ORIENTED_EDGE ( 'NONE', *, *, #2911, .F. ) ;
#4631 = AXIS2_PLACEMENT_3D ( 'NONE', #3977, #1569, #387 ) ;
#4632 = CARTESIAN_POINT ( 'NONE',  ( 4.449295844483760476, 5.999999999999998224, -15.90640646055103247 ) ) ;
#4633 = PLANE ( 'NONE',  #3858 ) ;
#4634 = AXIS2_PLACEMENT_3D ( 'NONE', #759, #4783, #847 ) ;
#4635 = ORIENTED_EDGE ( 'NONE', *, *, #3951, .F. ) ;
#4636 = CARTESIAN_POINT ( 'NONE',  ( -11.20429399400231318, 5.599999999999989875, 12.00640646055112271 ) ) ;
#4637 = ORIENTED_EDGE ( 'NONE', *, *, #4880, .T. ) ;
#4638 = VERTEX_POINT ( 'NONE', #3596 ) ;
#4639 = CARTESIAN_POINT ( 'NONE',  ( 7.999999999999968914, 2.399999999999998579, -16.10640646055103886 ) ) ;
#4640 = CARTESIAN_POINT ( 'NONE',  ( 16.00000000000000000, 2.399999999999999911, -2.250000000000001776 ) ) ;
#4641 = CARTESIAN_POINT ( 'NONE',  ( 13.85640646055109215, 2.600000000000001865, 6.299999999999876366 ) ) ;
#4642 = DIRECTION ( 'NONE',  ( 0.000000000000000000, 0.000000000000000000, 1.000000000000000000 ) ) ;
#4643 = CARTESIAN_POINT ( 'NONE',  ( 7.999999999999968914, 5.599999999999995204, -13.85640646055103886 ) ) ;
#4644 = ORIENTED_EDGE ( 'NONE', *, *, #1048, .T. ) ;
#4645 = FACE_OUTER_BOUND ( 'NONE', #2583, .T. ) ;
#4646 = DIRECTION ( 'NONE',  ( 0.5000000000000039968, 7.227234923279602340E-17, 0.8660254037844363761 ) ) ;
#4647 = CARTESIAN_POINT ( 'NONE',  ( 13.85640646055109215, 3.600000000000000977, 9.699999999999864286 ) ) ;
#4648 = ADVANCED_FACE ( 'NONE', ( #704 ), #4777, .T. ) ;
#4649 = ADVANCED_FACE ( 'NONE', ( #1612 ), #2393, .F. ) ;
#4650 = LINE ( 'NONE', #4537, #2155 ) ;
#4651 = ORIENTED_EDGE ( 'NONE', *, *, #2130, .T. ) ;
#4652 = ORIENTED_EDGE ( 'NONE', *, *, #4346, .F. ) ;
#4653 = CARTESIAN_POINT ( 'NONE',  ( -15.47298721428198931, 2.599999999999997868, -10.79999999999996518 ) ) ;
#4654 = FACE_BOUND ( 'NONE', #1912, .T. ) ;
#4655 = FACE_BOUND ( 'NONE', #1534, .T. ) ;
#4656 = EDGE_CURVE ( 'NONE', #5171, #3633, #2340, .T. ) ;
#4657 = CARTESIAN_POINT ( 'NONE',  ( -12.23982570682001736, -1.769201916063686323E-15, 10.80000000000005578 ) ) ;
#4658 = DIRECTION ( 'NONE',  ( 0.000000000000000000, 0.000000000000000000, -1.000000000000000000 ) ) ;
#4659 = VERTEX_POINT ( 'NONE', #4364 ) ;
#4660 = DIRECTION ( 'NONE',  ( 1.000000000000000000, 1.445446984655908142E-16, -0.000000000000000000 ) ) ;
#4661 = AXIS2_PLACEMENT_3D ( 'NONE', #4919, #2886, #1630 ) ;
#4662 = ORIENTED_EDGE ( 'NONE', *, *, #2503, .F. ) ;
#4663 = DIRECTION ( 'NONE',  ( -1.000000000000000000, 0.000000000000000000, 0.000000000000000000 ) ) ;
#4664 = LINE ( 'NONE', #1377, #4936 ) ;
#4665 = ORIENTED_EDGE ( 'NONE', *, *, #5086, .F. ) ;
#4666 = AXIS2_PLACEMENT_3D ( 'NONE', #4643, #539, #3747 ) ;
#4667 = VECTOR ( 'NONE', #4597, 1000.000000000000000 ) ;
#4668 = ADVANCED_FACE ( 'NONE', ( #765 ), #3203, .F. ) ;
#4669 = CARTESIAN_POINT ( 'NONE',  ( 13.85640646055092340, 3.599999999999994760, -6.300000000000170353 ) ) ;
#4670 = CARTESIAN_POINT ( 'NONE',  ( 8.000000000000165201, -12.43504200973874596, 13.85640646055092517 ) ) ;
#4671 = VECTOR ( 'NONE', #4720, 1000.000000000000114 ) ;
#4672 = ORIENTED_EDGE ( 'NONE', *, *, #3299, .T. ) ;
#4673 = DIRECTION ( 'NONE',  ( 1.445446984655908142E-16, -1.000000000000000000, 0.000000000000000000 ) ) ;
#4674 = CLOSED_SHELL ( 'NONE', ( #2812, #1852, #4679, #2327, #2964, #2791, #3809, #3296, #2615, #5159, #1493, #891, #3781, #1433, #2236, #4195, #2213, #130, #755, #825, #182, #658, #4978, #2184, #4221, #2199, #1986, #2591, #1576, #495, #1881, #3101, #250, #3282, #4418, #2714, #2745, #4853, #1864, #2507, #3456, #1050, #1911, #4907, #625, #3503, #659, #3683, #622, #3038, #629, #5014, #1851, #2468, #2533, #1430, #3676, #4517, #1984, #4577, #4835, #2120, #341, #4831, #4542, #1013, #1393, #780, #1026, #2365, #4149, #4480, #4944, #4668, #5046, #1884, #1704, #4601, #4313, #4059, #3897, #117, #2712, #3036, #3682, #2726, #3293, #4276, #3259, #3961, #1181, #4649, #1527, #3195, #2590, #4032, #3520, #4253, #3288, #2395, #4623, #3994, #1425, #453, #1848, #395, #2874, #194, #159, #1278, #2048, #2880, #3179, #2040, #536, #4035, #3962, #4945, #3930, #5013, #1600, #3843, #3578, #3028, #128, #59, #4756, #1326, #890, #1101, #2557, #322, #3001, #2882, #1, #4124, #3738, #5078, #36, #1524, #4316, #3368, #4909, #3754, #1302, #273, #510, #1421, #1214, #3901, #2352, #3484, #1117, #4058, #4986, #4127, #5045, #1206, #3508, #705, #1308, #1211, #168, #477, #4767, #4648, #2534, #4164, #2350, #5136, #904, #3260, #3083 ) ) ;
#4675 = CARTESIAN_POINT ( 'NONE',  ( -15.47298721428195201, 2.599999999999997868, 5.200000000000069456 ) ) ;
#4676 = LINE ( 'NONE', #4224, #3084 ) ;
#4677 = VECTOR ( 'NONE', #2784, 1000.000000000000227 ) ;
#4678 = DIRECTION ( 'NONE',  ( 0.5000000000000018874, 0.000000000000000000, 0.8660254037844374864 ) ) ;
#4679 = ADVANCED_FACE ( 'NONE', ( #399 ), #1162, .T. ) ;
#4680 = DIRECTION ( 'NONE',  ( -0.5000000000000079936, 0.000000000000000000, -0.8660254037844340447 ) ) ;
#4681 = EDGE_CURVE ( 'NONE', #2566, #4855, #739, .T. ) ;
#4682 = VECTOR ( 'NONE', #3140, 1000.000000000000000 ) ;
#4683 = VERTEX_POINT ( 'NONE', #317 ) ;
#4684 = ORIENTED_EDGE ( 'NONE', *, *, #1107, .F. ) ;
#4685 = CARTESIAN_POINT ( 'NONE',  ( 13.85640646055109215, 2.600000000000001865, 9.699999999999864286 ) ) ;
#4686 = VECTOR ( 'NONE', #4687, 1000.000000000000000 ) ;
#4687 = DIRECTION ( 'NONE',  ( 0.000000000000000000, -0.7071067811865457964, -0.7071067811865492381 ) ) ;
#4688 = DIRECTION ( 'NONE',  ( -0.000000000000000000, -1.000000000000000000, -0.000000000000000000 ) ) ;
#4689 = ORIENTED_EDGE ( 'NONE', *, *, #4913, .T. ) ;
#4690 = AXIS2_PLACEMENT_3D ( 'NONE', #4592, #4943, #81 ) ;
#4691 = DIRECTION ( 'NONE',  ( -1.445446984655908142E-16, 1.000000000000000000, -0.000000000000000000 ) ) ;
#4692 = CONICAL_SURFACE ( 'NONE', #834, 0.4000000000000080158, 0.7853981633974492782 ) ;
#4693 = ORIENTED_EDGE ( 'NONE', *, *, #1184, .F. ) ;
#4694 = FACE_BOUND ( 'NONE', #880, .T. ) ;
#4695 = DIRECTION ( 'NONE',  ( -0.000000000000000000, 1.000000000000000000, -0.000000000000000000 ) ) ;
#4696 = ORIENTED_EDGE ( 'NONE', *, *, #1341, .T. ) ;
#4697 = CIRCLE ( 'NONE', #1344, 2.250000000000001776 ) ;
#4698 = DIRECTION ( 'NONE',  ( -1.445446984655907896E-16, 1.000000000000000000, 2.465190328815661892E-32 ) ) ;
#4699 = DIRECTION ( 'NONE',  ( 1.445446984655908142E-16, -1.000000000000000000, -0.000000000000000000 ) ) ;
#4700 = ORIENTED_EDGE ( 'NONE', *, *, #3106, .T. ) ;
#4701 = LINE ( 'NONE', #1520, #2185 ) ;
#4702 = DIRECTION ( 'NONE',  ( -0.000000000000000000, -1.000000000000000000, -0.000000000000000000 ) ) ;
#4703 = CARTESIAN_POINT ( 'NONE',  ( 19.26862735121523684, 5.599999999999995204, -4.100000000000000533 ) ) ;
#4704 = VECTOR ( 'NONE', #3910, 1000.000000000000000 ) ;
#4705 = ORIENTED_EDGE ( 'NONE', *, *, #3974, .T. ) ;
#4706 = DIRECTION ( 'NONE',  ( 0.5000000000000101030, 7.227234923279683691E-17, 0.8660254037844328234 ) ) ;
#4707 = EDGE_CURVE ( 'NONE', #4998, #2622, #4338, .T. ) ;
#4708 = EDGE_CURVE ( 'NONE', #479, #1171, #5034, .T. ) ;
#4709 = ORIENTED_EDGE ( 'NONE', *, *, #1733, .F. ) ;
#4710 = AXIS2_PLACEMENT_3D ( 'NONE', #5199, #1246, #1615 ) ;
#4711 = EDGE_CURVE ( 'NONE', #2976, #1597, #5074, .T. ) ;
#4712 = FACE_OUTER_BOUND ( 'NONE', #2274, .T. ) ;
#4713 = ORIENTED_EDGE ( 'NONE', *, *, #1280, .T. ) ;
#4714 = PLANE ( 'NONE',  #2844 ) ;
#4715 = ORIENTED_EDGE ( 'NONE', *, *, #2633, .T. ) ;
#4716 = DIRECTION ( 'NONE',  ( 0.000000000000000000, 0.000000000000000000, -1.000000000000000000 ) ) ;
#4717 = ORIENTED_EDGE ( 'NONE', *, *, #4849, .F. ) ;
#4718 = DIRECTION ( 'NONE',  ( 0.000000000000000000, 0.000000000000000000, -1.000000000000000000 ) ) ;
#4719 = ORIENTED_EDGE ( 'NONE', *, *, #3458, .T. ) ;
#4720 = DIRECTION ( 'NONE',  ( -0.5000000000000038858, -7.227234923279597410E-17, -0.8660254037844363761 ) ) ;
#4721 = DIRECTION ( 'NONE',  ( -1.000000000000000000, -1.445446984655908142E-16, 0.000000000000000000 ) ) ;
#4722 = VERTEX_POINT ( 'NONE', #712 ) ;
#4723 = DIRECTION ( 'NONE',  ( 0.000000000000000000, -1.000000000000000000, 0.000000000000000000 ) ) ;
#4724 = PLANE ( 'NONE',  #3995 ) ;
#4725 = LINE ( 'NONE', #1468, #1518 ) ;
#4726 = EDGE_LOOP ( 'NONE', ( #5148, #3960, #1180, #1736 ) ) ;
#4727 = ORIENTED_EDGE ( 'NONE', *, *, #1628, .T. ) ;
#4728 = EDGE_CURVE ( 'NONE', #48, #3380, #4286, .T. ) ;
#4729 = CARTESIAN_POINT ( 'NONE',  ( -1.616580753730957332, 2.599999999999999645, 18.79999999999999716 ) ) ;
#4730 = CYLINDRICAL_SURFACE ( 'NONE', #1778, 1.699999999999993072 ) ;
#4731 = EDGE_CURVE ( 'NONE', #3530, #766, #2658, .T. ) ;
#4732 = ORIENTED_EDGE ( 'NONE', *, *, #4817, .F. ) ;
#4733 = DIRECTION ( 'NONE',  ( 0.000000000000000000, 0.000000000000000000, 1.000000000000000000 ) ) ;
#4734 = VERTEX_POINT ( 'NONE', #3940 ) ;
#4735 = VECTOR ( 'NONE', #1655, 1000.000000000000000 ) ;
#4736 = EDGE_CURVE ( 'NONE', #295, #2065, #4345, .T. ) ;
#4737 = FACE_OUTER_BOUND ( 'NONE', #254, .T. ) ;
#4738 = DIRECTION ( 'NONE',  ( -1.000000000000000000, 0.000000000000000000, 4.336808689942025625E-15 ) ) ;
#4739 = VECTOR ( 'NONE', #1359, 1000.000000000000000 ) ;
#4740 = ORIENTED_EDGE ( 'NONE', *, *, #301, .T. ) ;
#4741 = EDGE_CURVE ( 'NONE', #2201, #2121, #1952, .T. ) ;
#4742 = DIRECTION ( 'NONE',  ( -1.445446984655908142E-16, 1.000000000000000000, -0.000000000000000000 ) ) ;
#4743 = LINE ( 'NONE', #1155, #2767 ) ;
#4744 = VECTOR ( 'NONE', #3878, 1000.000000000000000 ) ;
#4745 = VERTEX_POINT ( 'NONE', #5168 ) ;
#4746 = CIRCLE ( 'NONE', #3662, 0.3999999999999993006 ) ;
#4747 = CARTESIAN_POINT ( 'NONE',  ( -16.00000000000000000, 5.999999999999995559, 0.000000000000000000 ) ) ;
#4748 = CARTESIAN_POINT ( 'NONE',  ( 13.85640646055109215, 3.600000000000000977, 9.699999999999864286 ) ) ;
#4749 = CARTESIAN_POINT ( 'NONE',  ( -4.795706005997652177, 5.599999999999990763, -15.70640646055099943 ) ) ;
#4750 = CARTESIAN_POINT ( 'NONE',  ( -13.85640646055098379, 6.000000000000001776, 8.000000000000067502 ) ) ;
#4751 = VERTEX_POINT ( 'NONE', #1875 ) ;
#4752 = CARTESIAN_POINT ( 'NONE',  ( 16.00000000000000000, 5.599999999999994316, 0.000000000000000000 ) ) ;
#4753 = VECTOR ( 'NONE', #5192, 1000.000000000000114 ) ;
#4754 = EDGE_CURVE ( 'NONE', #5117, #3765, #3346, .T. ) ;
#4755 = VECTOR ( 'NONE', #2073, 1000.000000000000114 ) ;
#4756 = ADVANCED_FACE ( 'NONE', ( #1926 ), #2248, .T. ) ;
#4757 = ORIENTED_EDGE ( 'NONE', *, *, #1669, .F. ) ;
#4758 = ORIENTED_EDGE ( 'NONE', *, *, #3370, .F. ) ;
#4759 = CARTESIAN_POINT ( 'NONE',  ( -3.233161507461902229, 2.599999999999999645, -15.99999999999999645 ) ) ;
#4760 = ORIENTED_EDGE ( 'NONE', *, *, #791, .F. ) ;
#4761 = ORIENTED_EDGE ( 'NONE', *, *, #4513, .T. ) ;
#4762 = DIRECTION ( 'NONE',  ( 1.000000000000000000, 1.320855438561021185E-16, 0.000000000000000000 ) ) ;
#4763 = ORIENTED_EDGE ( 'NONE', *, *, #2503, .T. ) ;
#4764 = DIRECTION ( 'NONE',  ( 0.000000000000000000, 0.000000000000000000, 1.000000000000000000 ) ) ;
#4765 = AXIS2_PLACEMENT_3D ( 'NONE', #657, #3066, #1497 ) ;
#4766 = DIRECTION ( 'NONE',  ( 1.445446984655908142E-16, -1.000000000000000000, 0.000000000000000000 ) ) ;
#4767 = ADVANCED_FACE ( 'NONE', ( #1089 ), #2513, .T. ) ;
#4768 = DIRECTION ( 'NONE',  ( 1.000000000000000000, 1.320855438561020938E-16, 0.000000000000000000 ) ) ;
#4769 = ORIENTED_EDGE ( 'NONE', *, *, #2173, .T. ) ;
#4770 = EDGE_LOOP ( 'NONE', ( #1410, #1018, #558, #1603 ) ) ;
#4771 = EDGE_CURVE ( 'NONE', #2047, #458, #1849, .T. ) ;
#4772 = CIRCLE ( 'NONE', #5043, 0.4000000000000010214 ) ;
#4773 = CARTESIAN_POINT ( 'NONE',  ( -6.083609520091504130, 5.999999999999997335, -18.73712078220802368 ) ) ;
#4774 = CARTESIAN_POINT ( 'NONE',  ( -7.999999999999872102, -9.974659986866640793E-15, 13.85640646055109215 ) ) ;
#4775 = AXIS2_PLACEMENT_3D ( 'NONE', #2508, #958, #3290 ) ;
#4776 = CIRCLE ( 'NONE', #2523, 1.700000000000000178 ) ;
#4777 = CONICAL_SURFACE ( 'NONE', #1591, 0.4000000000000062395, 0.7853981633974488341 ) ;
#4778 = EDGE_LOOP ( 'NONE', ( #3425, #1375 ) ) ;
#4779 = CARTESIAN_POINT ( 'NONE',  ( -6.083609520091248335, 5.599999999999992539, 18.73712078220810895 ) ) ;
#4780 = AXIS2_PLACEMENT_3D ( 'NONE', #2966, #604, #3307 ) ;
#4781 = DIRECTION ( 'NONE',  ( -0.4999999999999919509, -7.227234923279423614E-17, 0.8660254037844432595 ) ) ;
#4782 = AXIS2_PLACEMENT_3D ( 'NONE', #2697, #4007, #3621 ) ;
#4783 = DIRECTION ( 'NONE',  ( 1.445446984655908142E-16, -1.000000000000000000, 0.000000000000000000 ) ) ;
#4784 = PLANE ( 'NONE',  #5110 ) ;
#4785 = DIRECTION ( 'NONE',  ( 0.6123724356957924719, -0.7071067811865481278, -0.3535533905932761733 ) ) ;
#4786 = DIRECTION ( 'NONE',  ( 0.000000000000000000, 0.000000000000000000, -1.000000000000000000 ) ) ;
#4787 = ORIENTED_EDGE ( 'NONE', *, *, #2173, .F. ) ;
#4788 = DIRECTION ( 'NONE',  ( 0.000000000000000000, 0.000000000000000000, -1.000000000000000000 ) ) ;
#4789 = DIRECTION ( 'NONE',  ( 0.000000000000000000, 0.000000000000000000, -1.000000000000000000 ) ) ;
#4790 = ORIENTED_EDGE ( 'NONE', *, *, #2206, .F. ) ;
#4791 = CIRCLE ( 'NONE', #4534, 2.250000000000000444 ) ;
#4792 = ORIENTED_EDGE ( 'NONE', *, *, #2265, .T. ) ;
#4793 = AXIS2_PLACEMENT_3D ( 'NONE', #4837, #2386, #2805 ) ;
#4794 = CYLINDRICAL_SURFACE ( 'NONE', #4954, 7.699999999999999289 ) ;
#4795 = DIRECTION ( 'NONE',  ( -0.8660254037844411501, -1.251793808535635311E-16, -0.4999999999999957256 ) ) ;
#4796 = ORIENTED_EDGE ( 'NONE', *, *, #645, .T. ) ;
#4797 = AXIS2_PLACEMENT_3D ( 'NONE', #3399, #4526, #4959 ) ;
#4798 = CARTESIAN_POINT ( 'NONE',  ( 1.513282482545320607E-15, 5.999999999999998224, 0.000000000000000000 ) ) ;
#4799 = ORIENTED_EDGE ( 'NONE', *, *, #181, .F. ) ;
#4800 = CARTESIAN_POINT ( 'NONE',  ( -4.795706005997433685, 5.599999999999990763, 15.70640646055106160 ) ) ;
#4801 = FACE_OUTER_BOUND ( 'NONE', #970, .T. ) ;
#4802 = DIRECTION ( 'NONE',  ( 0.000000000000000000, -0.7071067811865445751, -0.7071067811865504593 ) ) ;
#4803 = CARTESIAN_POINT ( 'NONE',  ( -6.083609520091248335, 5.599999999999992539, 18.73712078220810895 ) ) ;
#4804 = DIRECTION ( 'NONE',  ( -1.000000000000000000, -1.726093010922195961E-16, 0.000000000000000000 ) ) ;
#4805 = VERTEX_POINT ( 'NONE', #4640 ) ;
#4806 = ORIENTED_EDGE ( 'NONE', *, *, #3047, .F. ) ;
#4808 = EDGE_CURVE ( 'NONE', #1855, #4153, #2277, .T. ) ;
#4807 = CARTESIAN_POINT ( 'NONE',  ( 5.475704155516160299, 5.999999999999999112, -1.284197804570084145 ) ) ;
#4809 = CARTESIAN_POINT ( 'NONE',  ( 1.628918241317793495E-15, 5.199999999999996625, 0.000000000000000000 ) ) ;
#4810 = EDGE_CURVE ( 'NONE', #2923, #538, #3848, .T. ) ;
#4811 = CARTESIAN_POINT ( 'NONE',  ( -19.66862735121523542, 2.399999999999995914, 4.100000000000000533 ) ) ;
#4812 = DIRECTION ( 'NONE',  ( -1.445446984655908142E-16, 1.000000000000000000, 0.000000000000000000 ) ) ;
#4813 = CARTESIAN_POINT ( 'NONE',  ( -7.999999999999872102, -9.974659986866640793E-15, 11.60640646055109215 ) ) ;
#4814 = DIRECTION ( 'NONE',  ( 0.000000000000000000, -1.000000000000000000, 0.000000000000000000 ) ) ;
#4815 = CARTESIAN_POINT ( 'NONE',  ( 12.23982570682011328, 2.600000000000001421, 5.199999999999889155 ) ) ;
#4816 = ORIENTED_EDGE ( 'NONE', *, *, #4711, .T. ) ;
#4817 = EDGE_CURVE ( 'NONE', #2549, #4212, #274, .T. ) ;
#4818 = CARTESIAN_POINT ( 'NONE',  ( -10.62324495308913086, 2.599999999999998312, -7.999999999999979572 ) ) ;
#4819 = EDGE_LOOP ( 'NONE', ( #2659, #4889, #599 ) ) ;
#4820 = DIRECTION ( 'NONE',  ( -1.000000000000000000, -1.445446984655908142E-16, 0.000000000000000000 ) ) ;
#4821 = CARTESIAN_POINT ( 'NONE',  ( -7.999999999999872102, 2.399999999999996358, 13.85640646055109215 ) ) ;
#4822 = FACE_OUTER_BOUND ( 'NONE', #2477, .T. ) ;
#4823 = ORIENTED_EDGE ( 'NONE', *, *, #413, .F. ) ;
#4824 = ORIENTED_EDGE ( 'NONE', *, *, #2649, .T. ) ;
#4825 = PLANE ( 'NONE',  #4010 ) ;
#4826 = ORIENTED_EDGE ( 'NONE', *, *, #2972, .F. ) ;
#4827 = CARTESIAN_POINT ( 'NONE',  ( 1.628918241317793495E-15, 5.199999999999996625, 0.000000000000000000 ) ) ;
#4828 = DIRECTION ( 'NONE',  ( 1.445446984655907896E-16, -1.000000000000000000, -2.465190328815661892E-32 ) ) ;
#4829 = EDGE_CURVE ( 'NONE', #1535, #2301, #4435, .T. ) ;
#4830 = CARTESIAN_POINT ( 'NONE',  ( 1.338689302795758146E-15, 6.000000000000003553, 16.00000000000000000 ) ) ;
#4831 = ADVANCED_FACE ( 'NONE', ( #3094 ), #4714, .F. ) ;
#4832 = VERTEX_POINT ( 'NONE', #856 ) ;
#4833 = ORIENTED_EDGE ( 'NONE', *, *, #278, .F. ) ;
#4834 = AXIS2_PLACEMENT_3D ( 'NONE', #996, #2597, #1046 ) ;
#4835 = ADVANCED_FACE ( 'NONE', ( #70, #1580 ), #4473, .T. ) ;
#4836 = LINE ( 'NONE', #1154, #1313 ) ;
#4837 = CARTESIAN_POINT ( 'NONE',  ( 1.338689302795758146E-15, 2.600000000000000089, 16.00000000000000000 ) ) ;
#4838 = LINE ( 'NONE', #2451, #2306 ) ;
#4839 = AXIS2_PLACEMENT_3D ( 'NONE', #1227, #1647, #3272 ) ;
#4840 = CYLINDRICAL_SURFACE ( 'NONE', #1853, 0.4000000000000010214 ) ;
#4841 = CIRCLE ( 'NONE', #3986, 3.700000000000000178 ) ;
#4842 = DIRECTION ( 'NONE',  ( -0.000000000000000000, 1.000000000000000000, -0.000000000000000000 ) ) ;
#4843 = CARTESIAN_POINT ( 'NONE',  ( 8.000000000000161648, 2.399999999999998579, 11.60640646055092517 ) ) ;
#4844 = DIRECTION ( 'NONE',  ( -0.4732596709874749563, 0.7071067811865486830, -0.5253810843728818902 ) ) ;
#4845 = ORIENTED_EDGE ( 'NONE', *, *, #3463, .F. ) ;
#4846 = DIRECTION ( 'NONE',  ( 0.000000000000000000, 0.000000000000000000, -1.000000000000000000 ) ) ;
#4847 = EDGE_CURVE ( 'NONE', #826, #3468, #3205, .T. ) ;
#4848 = AXIS2_PLACEMENT_3D ( 'NONE', #1443, #306, #3040 ) ;
#4849 = EDGE_CURVE ( 'NONE', #99, #1873, #2063, .T. ) ;
#4850 = EDGE_CURVE ( 'NONE', #2549, #1061, #3924, .T. ) ;
#4851 = DIRECTION ( 'NONE',  ( 1.445446984655908142E-16, -1.000000000000000000, 0.000000000000000000 ) ) ;
#4852 = EDGE_LOOP ( 'NONE', ( #1231, #3274, #3174, #3297 ) ) ;
#4853 = ADVANCED_FACE ( 'NONE', ( #1980 ), #4794, .F. ) ;
#4854 = LINE ( 'NONE', #4759, #2281 ) ;
#4855 = VERTEX_POINT ( 'NONE', #2818 ) ;
#4856 = ORIENTED_EDGE ( 'NONE', *, *, #4810, .T. ) ;
#4857 = CYLINDRICAL_SURFACE ( 'NONE', #1921, 0.4000000000000010214 ) ;
#4858 = ORIENTED_EDGE ( 'NONE', *, *, #1112, .F. ) ;
#4859 = CARTESIAN_POINT ( 'NONE',  ( -13.18501783112368209, 2.399999999999995914, 14.63712078220817681 ) ) ;
#4860 = FACE_OUTER_BOUND ( 'NONE', #3412, .T. ) ;
#4861 = ORIENTED_EDGE ( 'NONE', *, *, #1107, .T. ) ;
#4862 = CARTESIAN_POINT ( 'NONE',  ( -13.85640646055098379, 3.599999999999983213, 8.000000000000067502 ) ) ;
#4863 = CARTESIAN_POINT ( 'NONE',  ( 19.26862735121524040, -10.75174404457249899, 3.700000000000000178 ) ) ;
#4864 = VECTOR ( 'NONE', #247, 1000.000000000000000 ) ;
#4865 = LINE ( 'NONE', #1540, #1738 ) ;
#4866 = CARTESIAN_POINT ( 'NONE',  ( 11.20429399400239845, 2.399999999999999467, -12.00640646055104632 ) ) ;
#4867 = AXIS2_PLACEMENT_3D ( 'NONE', #1758, #1358, #3362 ) ;
#4868 = AXIS2_PLACEMENT_3D ( 'NONE', #4015, #1975, #3566 ) ;
#4869 = CARTESIAN_POINT ( 'NONE',  ( 15.47298721428206569, 2.236538271250343122E-15, 10.79999999999985860 ) ) ;
#4870 = VECTOR ( 'NONE', #1173, 1000.000000000000000 ) ;
#4871 = DIRECTION ( 'NONE',  ( 0.000000000000000000, 0.000000000000000000, 1.000000000000000000 ) ) ;
#4872 = ORIENTED_EDGE ( 'NONE', *, *, #827, .T. ) ;
#4873 = DIRECTION ( 'NONE',  ( -0.5000000000000019984, 0.000000000000000000, -0.8660254037844375974 ) ) ;
#4874 = DIRECTION ( 'NONE',  ( 0.000000000000000000, -0.7071067811865459074, -0.7071067811865491270 ) ) ;
#4875 = AXIS2_PLACEMENT_3D ( 'NONE', #1541, #3251, #2861 ) ;
#4876 = CARTESIAN_POINT ( 'NONE',  ( -17.08956796801289002, 2.599999999999997424, 8.000000000000076383 ) ) ;
#4877 = DIRECTION ( 'NONE',  ( 0.000000000000000000, 0.000000000000000000, 1.000000000000000000 ) ) ;
#4878 = EDGE_CURVE ( 'NONE', #2301, #807, #2483, .T. ) ;
#4879 = ORIENTED_EDGE ( 'NONE', *, *, #1263, .T. ) ;
#4880 = EDGE_CURVE ( 'NONE', #304, #2017, #4070, .T. ) ;
#4881 = CIRCLE ( 'NONE', #3939, 20.10000000000000853 ) ;
#4882 = EDGE_CURVE ( 'NONE', #3727, #1873, #1839, .T. ) ;
#4883 = DIRECTION ( 'NONE',  ( -1.000000000000000000, 0.000000000000000000, 0.000000000000000000 ) ) ;
#4884 = AXIS2_PLACEMENT_3D ( 'NONE', #365, #3228, #3258 ) ;
#4885 = ORIENTED_EDGE ( 'NONE', *, *, #3120, .F. ) ;
#4886 = CONICAL_SURFACE ( 'NONE', #4025, 1.699999999999993072, 0.7853981633974524978 ) ;
#4887 = LINE ( 'NONE', #2855, #2071 ) ;
#4888 = DIRECTION ( 'NONE',  ( -1.445446984655908142E-16, 1.000000000000000000, -0.000000000000000000 ) ) ;
#4889 = ORIENTED_EDGE ( 'NONE', *, *, #1491, .T. ) ;
#4890 = DIRECTION ( 'NONE',  ( -1.000000000000000000, 0.000000000000000000, 0.000000000000000000 ) ) ;
#4891 = LINE ( 'NONE', #2153, #2517 ) ;
#4892 = EDGE_LOOP ( 'NONE', ( #507, #1796, #4295, #5183 ) ) ;
#4893 = CARTESIAN_POINT ( 'NONE',  ( 1.338689302795758146E-15, 2.600000000000000089, 14.30000000000000782 ) ) ;
#4894 = CARTESIAN_POINT ( 'NONE',  ( -4.795706005997649513, -12.43504200973873708, -15.70640646055099943 ) ) ;
#4895 = CARTESIAN_POINT ( 'NONE',  ( -12.23982570682009552, -3.807282164428528074E-15, -10.79999999999997584 ) ) ;
#4896 = ORIENTED_EDGE ( 'NONE', *, *, #5107, .T. ) ;
#4897 = CARTESIAN_POINT ( 'NONE',  ( -11.55070415551609919, 5.999999999999996447, 11.80640646055111986 ) ) ;
#4898 = EDGE_CURVE ( 'NONE', #2617, #1753, #2372, .T. ) ;
#4899 = CARTESIAN_POINT ( 'NONE',  ( 19.26862735121523684, 2.400000000000001688, -3.700000000000000178 ) ) ;
#4900 = DIRECTION ( 'NONE',  ( 0.7071067811865483499, -0.7071067811865466846, 0.000000000000000000 ) ) ;
#4901 = CARTESIAN_POINT ( 'NONE',  ( -3.758162160105360479E-16, 2.600000000000000089, 6.409494854920721138E-32 ) ) ;
#4902 = LINE ( 'NONE', #3580, #1506 ) ;
#4903 = CARTESIAN_POINT ( 'NONE',  ( -13.85640646055098379, 6.000000000000001776, 8.000000000000067502 ) ) ;
#4904 = ORIENTED_EDGE ( 'NONE', *, *, #3782, .T. ) ;
#4905 = CARTESIAN_POINT ( 'NONE',  ( -6.083609520091504130, 5.999999999999997335, -18.73712078220802368 ) ) ;
#4906 = ORIENTED_EDGE ( 'NONE', *, *, #1765, .F. ) ;
#4907 = ADVANCED_FACE ( 'NONE', ( #1218 ), #4421, .F. ) ;
#4908 = ORIENTED_EDGE ( 'NONE', *, *, #3544, .T. ) ;
#4909 = ADVANCED_FACE ( 'NONE', ( #46 ), #3317, .T. ) ;
#4910 = LINE ( 'NONE', #4108, #143 ) ;
#4911 = PLANE ( 'NONE',  #2426 ) ;
#4912 = EDGE_LOOP ( 'NONE', ( #523, #4617, #1448, #2782 ) ) ;
#4913 = EDGE_CURVE ( 'NONE', #4638, #902, #2994, .T. ) ;
#4914 = EDGE_CURVE ( 'NONE', #4212, #4365, #3712, .T. ) ;
#4915 = DIRECTION ( 'NONE',  ( 0.4999999999999919509, 7.227234923279423614E-17, -0.8660254037844432595 ) ) ;
#4916 = DIRECTION ( 'NONE',  ( 0.4999999999999895639, 0.000000000000000000, -0.8660254037844445918 ) ) ;
#4917 = CARTESIAN_POINT ( 'NONE',  ( -2.090321734816830538E-15, 2.600000000000000089, -16.00000000000000000 ) ) ;
#4918 = ORIENTED_EDGE ( 'NONE', *, *, #2370, .T. ) ;
#4919 = CARTESIAN_POINT ( 'NONE',  ( -3.758162160105360972E-16, 2.600000000000000089, 0.000000000000000000 ) ) ;
#4920 = VECTOR ( 'NONE', #939, 1000.000000000000000 ) ;
#4921 = AXIS2_PLACEMENT_3D ( 'NONE', #1021, #4673, #2257 ) ;
#4922 = CARTESIAN_POINT ( 'NONE',  ( -3.233161507461908890, 2.599999999999999645, 16.00000000000000000 ) ) ;
#4923 = CARTESIAN_POINT ( 'NONE',  ( 8.100000000000001421, 2.399999999999999023, 0.000000000000000000 ) ) ;
#4924 = VERTEX_POINT ( 'NONE', #3376 ) ;
#4925 = DIRECTION ( 'NONE',  ( 1.000000000000000000, 0.000000000000000000, -0.000000000000000000 ) ) ;
#4926 = CARTESIAN_POINT ( 'NONE',  ( 8.000000000000163425, 2.399999999999999467, 13.85640646055092517 ) ) ;
#4927 = DIRECTION ( 'NONE',  ( 0.000000000000000000, 0.000000000000000000, -1.000000000000000000 ) ) ;
#4928 = FACE_OUTER_BOUND ( 'NONE', #2596, .T. ) ;
#4929 = EDGE_CURVE ( 'NONE', #3214, #4515, #1079, .T. ) ;
#4930 = EDGE_LOOP ( 'NONE', ( #1702, #4383, #2933, #1316, #5130 ) ) ;
#4931 = VECTOR ( 'NONE', #3057, 1000.000000000000000 ) ;
#4932 = VERTEX_POINT ( 'NONE', #5150 ) ;
#4933 = VERTEX_POINT ( 'NONE', #3124 ) ;
#4934 = CIRCLE ( 'NONE', #5017, 0.4000000000000001887 ) ;
#4935 = AXIS2_PLACEMENT_3D ( 'NONE', #268, #2624, #3063 ) ;
#4936 = VECTOR ( 'NONE', #5076, 1000.000000000000000 ) ;
#4937 = CARTESIAN_POINT ( 'NONE',  ( -3.233161507461908890, 2.599999999999999645, 16.00000000000000000 ) ) ;
#4938 = ORIENTED_EDGE ( 'NONE', *, *, #953, .T. ) ;
#4939 = DIRECTION ( 'NONE',  ( 0.000000000000000000, 0.000000000000000000, -1.000000000000000000 ) ) ;
#4940 = DIRECTION ( 'NONE',  ( 1.445446984655908142E-16, -1.000000000000000000, 0.000000000000000000 ) ) ;
#4941 = LINE ( 'NONE', #2494, #2759 ) ;
#4942 = AXIS2_PLACEMENT_3D ( 'NONE', #3542, #4333, #4789 ) ;
#4943 = DIRECTION ( 'NONE',  ( -1.445446984655908142E-16, 1.000000000000000000, -0.000000000000000000 ) ) ;
#4944 = ADVANCED_FACE ( 'NONE', ( #4694, #3855 ), #3893, .T. ) ;
#4945 = ADVANCED_FACE ( 'NONE', ( #5125 ), #1435, .F. ) ;
#4946 = ORIENTED_EDGE ( 'NONE', *, *, #181, .T. ) ;
#4947 = ORIENTED_EDGE ( 'NONE', *, *, #553, .F. ) ;
#4948 = DIRECTION ( 'NONE',  ( -1.154631945610162802E-14, -1.668959264169594269E-30, -1.000000000000000000 ) ) ;
#4949 = VECTOR ( 'NONE', #3070, 1000.000000000000114 ) ;
#4950 = DIRECTION ( 'NONE',  ( 1.445446984655908142E-16, -1.000000000000000000, 0.000000000000000000 ) ) ;
#4951 = CARTESIAN_POINT ( 'NONE',  ( -12.23982570682007776, 2.599999999999998312, -5.199999999999973532 ) ) ;
#4952 = ORIENTED_EDGE ( 'NONE', *, *, #1964, .T. ) ;
#4953 = CARTESIAN_POINT ( 'NONE',  ( -12.23982570682009197, 2.599999999999998312, -10.79999999999997584 ) ) ;
#4954 = AXIS2_PLACEMENT_3D ( 'NONE', #2792, #4395, #3989 ) ;
#4955 = CIRCLE ( 'NONE', #2428, 0.4000000000000010214 ) ;
#4956 = CIRCLE ( 'NONE', #2669, 1.700000000000000178 ) ;
#4957 = CARTESIAN_POINT ( 'NONE',  ( -15.47298721428195201, -2.236538271250326950E-15, 5.200000000000069456 ) ) ;
#4958 = CIRCLE ( 'NONE', #2671, 1.699999999999993072 ) ;
#4959 = DIRECTION ( 'NONE',  ( 1.000000000000000000, 0.000000000000000000, -1.165734175856414367E-14 ) ) ;
#4960 = DIRECTION ( 'NONE',  ( -1.445446984655908142E-16, 1.000000000000000000, 0.000000000000000000 ) ) ;
#4961 = ORIENTED_EDGE ( 'NONE', *, *, #3886, .F. ) ;
#4962 = VECTOR ( 'NONE', #2187, 1000.000000000000114 ) ;
#4963 = AXIS2_PLACEMENT_3D ( 'NONE', #2379, #3314, #3608 ) ;
#4964 = ORIENTED_EDGE ( 'NONE', *, *, #1197, .F. ) ;
#4965 = EDGE_LOOP ( 'NONE', ( #783, #4399, #4220, #2871 ) ) ;
#4966 = CARTESIAN_POINT ( 'NONE',  ( 11.20429399400239845, 2.399999999999999467, -12.00640646055104632 ) ) ;
#4967 = ORIENTED_EDGE ( 'NONE', *, *, #1143, .T. ) ;
#4968 = DIRECTION ( 'NONE',  ( 1.445446984655910361E-16, -1.000000000000000000, 0.000000000000000000 ) ) ;
#4969 = FACE_BOUND ( 'NONE', #2973, .T. ) ;
#4970 = CARTESIAN_POINT ( 'NONE',  ( -6.207134586489040373, 5.599999999999991651, 19.11756993514634573 ) ) ;
#4971 = CIRCLE ( 'NONE', #5060, 2.699999999999985523 ) ;
#4972 = PLANE ( 'NONE',  #4523 ) ;
#4973 = CARTESIAN_POINT ( 'NONE',  ( -19.65986851570691840, 5.599999999999990763, 4.183248730964468365 ) ) ;
#4974 = COORDINATED_UNIVERSAL_TIME_OFFSET ( 8, 0, .AHEAD. ) ;
#4975 = VERTEX_POINT ( 'NONE', #3051 ) ;
#4976 = ORIENTED_EDGE ( 'NONE', *, *, #3620, .F. ) ;
#4977 = LINE ( 'NONE', #3861, #708 ) ;
#4978 = ADVANCED_FACE ( 'NONE', ( #1096 ), #2284, .F. ) ;
#4979 = DIRECTION ( 'NONE',  ( -1.000000000000000000, 0.000000000000000000, 0.000000000000000000 ) ) ;
#4980 = DIRECTION ( 'NONE',  ( -1.000000000000000000, -1.510331384556921065E-16, 0.000000000000000000 ) ) ;
#4981 = ORIENTED_EDGE ( 'NONE', *, *, #872, .F. ) ;
#4982 = CARTESIAN_POINT ( 'NONE',  ( 15.47298721428191293, 2.600000000000001865, -5.200000000000176925 ) ) ;
#4983 = LINE ( 'NONE', #1370, #660 ) ;
#4984 = DIRECTION ( 'NONE',  ( -0.5000000000000039968, -7.227234923279599875E-17, -0.8660254037844363761 ) ) ;
#4985 = COORDINATED_UNIVERSAL_TIME_OFFSET ( 8, 0, .AHEAD. ) ;
#4986 = ADVANCED_FACE ( 'NONE', ( #2737 ), #4407, .T. ) ;
#4987 = ORIENTED_EDGE ( 'NONE', *, *, #1909, .F. ) ;
#4988 = ORIENTED_EDGE ( 'NONE', *, *, #3611, .T. ) ;
#4989 = VERTEX_POINT ( 'NONE', #4292 ) ;
#4990 = LINE ( 'NONE', #4966, #563 ) ;
#4991 = ORIENTED_EDGE ( 'NONE', *, *, #3616, .F. ) ;
#4992 = FACE_BOUND ( 'NONE', #3482, .T. ) ;
#4993 = PLANE ( 'NONE',  #391 ) ;
#4994 = EDGE_CURVE ( 'NONE', #1373, #2962, #351, .T. ) ;
#4995 = DIRECTION ( 'NONE',  ( 0.000000000000000000, 0.000000000000000000, -1.000000000000000000 ) ) ;
#4996 = MECHANICAL_CONTEXT ( 'NONE', #5058, 'mechanical' ) ;
#4997 = VERTEX_POINT ( 'NONE', #257 ) ;
#4998 = VERTEX_POINT ( 'NONE', #3464 ) ;
#4999 = CARTESIAN_POINT ( 'NONE',  ( 8.000000000000161648, -7.806255641895631925E-15, 16.10640646055092873 ) ) ;
#5000 = EDGE_CURVE ( 'NONE', #3691, #1083, #5080, .T. ) ;
#5001 = CARTESIAN_POINT ( 'NONE',  ( -13.18501783112388814, 2.399999999999995914, -14.63712078220799206 ) ) ;
#5002 = DIRECTION ( 'NONE',  ( -1.000000000000000000, -1.445446984655907896E-16, 0.000000000000000000 ) ) ;
#5003 = VECTOR ( 'NONE', #1737, 1000.000000000000114 ) ;
#5004 = ORIENTED_EDGE ( 'NONE', *, *, #3991, .T. ) ;
#5005 = CC_DESIGN_APPROVAL ( #1545, ( #3936 ) ) ;
#5006 = EDGE_CURVE ( 'NONE', #3095, #2289, #1455, .T. ) ;
#5007 = AXIS2_PLACEMENT_3D ( 'NONE', #2955, #160, #2632 ) ;
#5008 = CARTESIAN_POINT ( 'NONE',  ( 13.45273392921767019, 16.46930464146743489, -14.93432120418185605 ) ) ;
#5009 = DIRECTION ( 'NONE',  ( 0.5000000000000101030, 7.227234923279686156E-17, 0.8660254037844328234 ) ) ;
#5010 = LINE ( 'NONE', #2578, #2776 ) ;
#5011 = EDGE_CURVE ( 'NONE', #48, #793, #650, .T. ) ;
#5012 = ORIENTED_EDGE ( 'NONE', *, *, #1816, .F. ) ;
#5013 = ADVANCED_FACE ( 'NONE', ( #2259 ), #997, .F. ) ;
#5014 = ADVANCED_FACE ( 'NONE', ( #445 ), #2045, .F. ) ;
#5015 = VERTEX_POINT ( 'NONE', #353 ) ;
#5016 = DIRECTION ( 'NONE',  ( 0.000000000000000000, 1.000000000000000000, 0.000000000000000000 ) ) ;
#5017 = AXIS2_PLACEMENT_3D ( 'NONE', #3115, #4851, #1243 ) ;
#5018 = ORIENTED_EDGE ( 'NONE', *, *, #334, .F. ) ;
#5019 = CARTESIAN_POINT ( 'NONE',  ( -7.999999999999872102, 2.399999999999996358, 11.60640646055109215 ) ) ;
#5020 = CARTESIAN_POINT ( 'NONE',  ( 10.62324495308902073, 2.600000000000001421, -8.000000000000120792 ) ) ;
#5021 = LINE ( 'NONE', #3007, #2418 ) ;
#5022 = VECTOR ( 'NONE', #2366, 1000.000000000000000 ) ;
#5023 = FACE_OUTER_BOUND ( 'NONE', #3877, .T. ) ;
#5024 = PERSON_AND_ORGANIZATION ( #2135, #1151 ) ;
#5025 = VERTEX_POINT ( 'NONE', #4 ) ;
#5026 = VERTEX_POINT ( 'NONE', #2856 ) ;
#5027 = CARTESIAN_POINT ( 'NONE',  ( 1.628918241317793495E-15, 5.199999999999996625, 0.000000000000000000 ) ) ;
#5028 = ORIENTED_EDGE ( 'NONE', *, *, #862, .T. ) ;
#5029 = AXIS2_PLACEMENT_3D ( 'NONE', #3099, #3876, #4718 ) ;
#5030 = DIRECTION ( 'NONE',  ( 0.4732596709874679619, 0.7071067811865472397, -0.5253810843728901059 ) ) ;
#5031 = FACE_BOUND ( 'NONE', #3703, .T. ) ;
#5032 = VERTEX_POINT ( 'NONE', #1960 ) ;
#5033 = AXIS2_PLACEMENT_3D ( 'NONE', #2690, #1831, #2285 ) ;
#5034 = CIRCLE ( 'NONE', #2746, 1.700000000000000178 ) ;
#5035 = DIRECTION ( 'NONE',  ( 1.445446984655908142E-16, -1.000000000000000000, -0.000000000000000000 ) ) ;
#5036 = CYLINDRICAL_SURFACE ( 'NONE', #1240, 2.250000000000000444 ) ;
#5037 = DIRECTION ( 'NONE',  ( 1.000000000000000000, 1.320855438561020938E-16, 0.000000000000000000 ) ) ;
#5038 = APPROVAL_DATE_TIME ( #4178, #3946 ) ;
#5039 = ORIENTED_EDGE ( 'NONE', *, *, #3828, .T. ) ;
#5040 = AXIS2_PLACEMENT_3D ( 'NONE', #4488, #4137, #2981 ) ;
#5041 = VERTEX_POINT ( 'NONE', #2409 ) ;
#5042 = CARTESIAN_POINT ( 'NONE',  ( -13.85640646055098379, 3.599999999999983213, 9.700000000000063238 ) ) ;
#5043 = AXIS2_PLACEMENT_3D ( 'NONE', #4067, #480, #3680 ) ;
#5044 = ORIENTED_EDGE ( 'NONE', *, *, #1599, .T. ) ;
#5045 = ADVANCED_FACE ( 'NONE', ( #4431 ), #3898, .T. ) ;
#5046 = ADVANCED_FACE ( 'NONE', ( #1176 ), #1648, .F. ) ;
#5047 = CIRCLE ( 'NONE', #5124, 0.4000000000000001887 ) ;
#5048 = CARTESIAN_POINT ( 'NONE',  ( -10.62324495308913086, -1.535533738470377842E-15, -7.999999999999979572 ) ) ;
#5049 = EDGE_LOOP ( 'NONE', ( #4104, #3625, #1941, #1717 ) ) ;
#5050 = FACE_BOUND ( 'NONE', #1821, .T. ) ;
#5051 = VECTOR ( 'NONE', #3906, 1000.000000000000000 ) ;
#5052 = FACE_BOUND ( 'NONE', #2550, .T. ) ;
#5053 = DIRECTION ( 'NONE',  ( -0.8660254037844433705, -1.251793808535639009E-16, -0.4999999999999919509 ) ) ;
#5054 = CARTESIAN_POINT ( 'NONE',  ( -13.85640646055104064, 2.599999999999997868, -9.699999999999961986 ) ) ;
#5055 = DIRECTION ( 'NONE',  ( 0.000000000000000000, 0.000000000000000000, -1.000000000000000000 ) ) ;
#5056 = CARTESIAN_POINT ( 'NONE',  ( 12.23982570681993920, 2.600000000000001421, -10.80000000000013927 ) ) ;
#5057 = ORIENTED_EDGE ( 'NONE', *, *, #3060, .T. ) ;
#5058 = APPLICATION_CONTEXT ( 'configuration controlled 3d designs of mechanical parts and assemblies' ) ;
#5059 = EDGE_LOOP ( 'NONE', ( #2208, #922, #2101, #3145 ) ) ;
#5060 = AXIS2_PLACEMENT_3D ( 'NONE', #1798, #1828, #3403 ) ;
#5061 = DIRECTION ( 'NONE',  ( 1.445446984655907896E-16, -1.000000000000000000, -2.465190328815661892E-32 ) ) ;
#5062 = DIRECTION ( 'NONE',  ( 0.7071067811865486830, -0.7071067811865464625, 0.000000000000000000 ) ) ;
#5063 = DIRECTION ( 'NONE',  ( 1.445446984655908142E-16, -1.000000000000000000, -0.000000000000000000 ) ) ;
#5064 = AXIS2_PLACEMENT_3D ( 'NONE', #1391, #1723, #3689 ) ;
#5065 = PLANE ( 'NONE',  #3607 ) ;
#5066 = CARTESIAN_POINT ( 'NONE',  ( 4.795706005997759647, 2.399999999999999467, 15.70640646055096390 ) ) ;
#5067 = SHAPE_DEFINITION_REPRESENTATION ( #1277, #683 ) ;
#5068 = ORIENTED_EDGE ( 'NONE', *, *, #1264, .T. ) ;
#5069 = CC_DESIGN_DATE_AND_TIME_ASSIGNMENT ( #820, #4538, ( #1805 ) ) ;
#5070 = ORIENTED_EDGE ( 'NONE', *, *, #1816, .T. ) ;
#5071 = CARTESIAN_POINT ( 'NONE',  ( 16.00000000000000000, 5.599999999999994316, 3.700000000000000178 ) ) ;
#5072 = ORIENTED_EDGE ( 'NONE', *, *, #3744, .T. ) ;
#5073 = EDGE_CURVE ( 'NONE', #4087, #2376, #1936, .T. ) ;
#5074 = LINE ( 'NONE', #3890, #3509 ) ;
#5075 = CARTESIAN_POINT ( 'NONE',  ( -8.000000000000065725, -9.974659986866640793E-15, -13.85640646055098379 ) ) ;
#5076 = DIRECTION ( 'NONE',  ( -1.000000000000000000, -1.445446984655907896E-16, 9.603429163007602497E-15 ) ) ;
#5077 = ORIENTED_EDGE ( 'NONE', *, *, #3928, .T. ) ;
#5078 = ADVANCED_FACE ( 'NONE', ( #775 ), #1052, .F. ) ;
#5079 = FACE_BOUND ( 'NONE', #3406, .T. ) ;
#5080 = LINE ( 'NONE', #2711, #3740 ) ;
#5081 = CARTESIAN_POINT ( 'NONE',  ( -13.45273392921777500, 5.599999999999990763, -14.93432120418176012 ) ) ;
#5082 = DIRECTION ( 'NONE',  ( 1.000000000000000000, 2.115516434118054011E-16, 0.000000000000000000 ) ) ;
#5083 = EDGE_CURVE ( 'NONE', #1883, #1496, #1253, .T. ) ;
#5084 = CARTESIAN_POINT ( 'NONE',  ( -17.08956796801289002, 2.599999999999997424, 8.000000000000076383 ) ) ;
#5085 = ORIENTED_EDGE ( 'NONE', *, *, #4810, .F. ) ;
#5086 = EDGE_CURVE ( 'NONE', #1342, #3372, #2720, .T. ) ;
#5087 = PLANE ( 'NONE',  #3645 ) ;
#5088 = CARTESIAN_POINT ( 'NONE',  ( 13.85640646055092340, 6.000000000000006217, -8.000000000000163425 ) ) ;
#5089 = FACE_OUTER_BOUND ( 'NONE', #3925, .T. ) ;
#5090 = CARTESIAN_POINT ( 'NONE',  ( 17.08956796801299305, 2.600000000000002309, 7.999999999999841904 ) ) ;
#5091 = CARTESIAN_POINT ( 'NONE',  ( 1.546879258650808371E-15, 6.000000000000003553, 17.69999999999999929 ) ) ;
#5092 = VERTEX_POINT ( 'NONE', #3188 ) ;
#5093 = ORIENTED_EDGE ( 'NONE', *, *, #3117, .F. ) ;
#5094 = DIRECTION ( 'NONE',  ( 1.445446984655908142E-16, -1.000000000000000000, 0.000000000000000000 ) ) ;
#5095 = AXIS2_PLACEMENT_3D ( 'NONE', #4462, #866, #803 ) ;
#5096 = CARTESIAN_POINT ( 'NONE',  ( -6.430019681605022797, -12.43504200973871043, 18.53712078220811321 ) ) ;
#5097 = VERTEX_POINT ( 'NONE', #836 ) ;
#5098 = ORIENTED_EDGE ( 'NONE', *, *, #534, .T. ) ;
#5099 = CIRCLE ( 'NONE', #1982, 1.700000000000000178 ) ;
#5100 = DIRECTION ( 'NONE',  ( -1.445446984655907896E-16, 1.000000000000000000, -0.000000000000000000 ) ) ;
#5101 = CIRCLE ( 'NONE', #4848, 20.10000000000000142 ) ;
#5102 = CARTESIAN_POINT ( 'NONE',  ( 16.00000000000000000, 6.000000000000000000, 0.000000000000000000 ) ) ;
#5103 = EDGE_LOOP ( 'NONE', ( #3992, #4896, #4376, #4796 ) ) ;
#5105 = EDGE_CURVE ( 'NONE', #4683, #5178, #1729, .T. ) ;
#5104 = PLANE ( 'NONE',  #4244 ) ;
#5106 = DIRECTION ( 'NONE',  ( 1.000000000000000000, 0.000000000000000000, 0.000000000000000000 ) ) ;
#5107 = EDGE_CURVE ( 'NONE', #348, #1519, #3582, .T. ) ;
#5108 = EDGE_CURVE ( 'NONE', #1039, #3384, #2443, .T. ) ;
#5109 = ORIENTED_EDGE ( 'NONE', *, *, #1793, .T. ) ;
#5110 = AXIS2_PLACEMENT_3D ( 'NONE', #4037, #4387, #2055 ) ;
#5111 = VECTOR ( 'NONE', #1799, 1000.000000000000000 ) ;
#5112 = CARTESIAN_POINT ( 'NONE',  ( 6.483609520091643041, 5.599999999999994316, 18.73712078220798816 ) ) ;
#5113 = DIRECTION ( 'NONE',  ( 1.000000000000000000, 0.000000000000000000, 0.000000000000000000 ) ) ;
#5115 = VECTOR ( 'NONE', #3648, 1000.000000000000114 ) ;
#5114 = DIRECTION ( 'NONE',  ( 0.000000000000000000, 0.000000000000000000, -1.000000000000000000 ) ) ;
#5116 = ORIENTED_EDGE ( 'NONE', *, *, #2328, .F. ) ;
#5117 = VERTEX_POINT ( 'NONE', #1228 ) ;
#5118 = DIRECTION ( 'NONE',  ( -1.445446984655908142E-16, 1.000000000000000000, -0.000000000000000000 ) ) ;
#5119 = DIRECTION ( 'NONE',  ( -1.445446984655908142E-16, 1.000000000000000000, -0.000000000000000000 ) ) ;
#5120 = DIRECTION ( 'NONE',  ( 1.000000000000000000, 1.606225440719268339E-16, 0.000000000000000000 ) ) ;
#5121 = ORIENTED_EDGE ( 'NONE', *, *, #446, .F. ) ;
#5122 = AXIS2_PLACEMENT_3D ( 'NONE', #2928, #947, #3637 ) ;
#5123 = ORIENTED_EDGE ( 'NONE', *, *, #2778, .T. ) ;
#5124 = AXIS2_PLACEMENT_3D ( 'NONE', #948, #112, #1685 ) ;
#5125 = FACE_OUTER_BOUND ( 'NONE', #467, .T. ) ;
#5126 = CARTESIAN_POINT ( 'NONE',  ( 7.999999999999968914, 5.599999999999995204, -10.15640646055103780 ) ) ;
#5127 = AXIS2_PLACEMENT_3D ( 'NONE', #2940, #3789, #4544 ) ;
#5128 = AXIS2_PLACEMENT_3D ( 'NONE', #719, #3125, #2353 ) ;
#5129 = DIRECTION ( 'NONE',  ( -0.000000000000000000, -1.000000000000000000, -0.000000000000000000 ) ) ;
#5130 = ORIENTED_EDGE ( 'NONE', *, *, #4519, .F. ) ;
#5131 = AXIS2_PLACEMENT_3D ( 'NONE', #4876, #4795, #3547 ) ;
#5132 = CARTESIAN_POINT ( 'NONE',  ( -7.999999999999872102, 2.399999999999996358, 11.60640646055109215 ) ) ;
#5133 = DIRECTION ( 'NONE',  ( -0.6123724356957902515, -0.7071067811865482389, 0.3535533905932795595 ) ) ;
#5134 = ORIENTED_EDGE ( 'NONE', *, *, #2359, .F. ) ;
#5135 = EDGE_CURVE ( 'NONE', #1150, #211, #5152, .T. ) ;
#5136 = ADVANCED_FACE ( 'NONE', ( #4348 ), #5166, .T. ) ;
#5137 = CARTESIAN_POINT ( 'NONE',  ( 16.00000000000000000, 2.399999999999999911, 0.000000000000000000 ) ) ;
#5138 = ORIENTED_EDGE ( 'NONE', *, *, #62, .T. ) ;
#5139 = DIRECTION ( 'NONE',  ( 1.000000000000000000, 0.000000000000000000, 0.000000000000000000 ) ) ;
#5140 = LINE ( 'NONE', #18, #3501 ) ;
#5141 = EDGE_LOOP ( 'NONE', ( #3947, #3887, #2129, #1681 ) ) ;
#5142 = EDGE_CURVE ( 'NONE', #737, #2349, #1894, .T. ) ;
#5143 = DIRECTION ( 'NONE',  ( 8.659560562354957510E-17, -0.7071067811865455743, 0.7071067811865495711 ) ) ;
#5144 = EDGE_LOOP ( 'NONE', ( #1922, #915, #756, #2194, #2335, #1558 ) ) ;
#5145 = EDGE_CURVE ( 'NONE', #421, #2492, #5140, .T. ) ;
#5146 = DIRECTION ( 'NONE',  ( -1.000000000000000000, -1.172110456741085828E-16, 0.000000000000000000 ) ) ;
#5147 = DIRECTION ( 'NONE',  ( 1.445446984655908142E-16, -1.000000000000000000, 0.000000000000000000 ) ) ;
#5148 = ORIENTED_EDGE ( 'NONE', *, *, #2280, .F. ) ;
#5149 = ORIENTED_EDGE ( 'NONE', *, *, #4621, .F. ) ;
#5150 = CARTESIAN_POINT ( 'NONE',  ( 12.23982570682016480, -2.688783323011231834E-16, 10.79999999999988880 ) ) ;
#5151 = CARTESIAN_POINT ( 'NONE',  ( 8.000000000000161648, -7.806255641895631925E-15, 13.85640646055092517 ) ) ;
#5152 = LINE ( 'NONE', #1148, #1136 ) ;
#5153 = CARTESIAN_POINT ( 'NONE',  ( 13.18501783112398940, 2.399999999999999467, 14.63712078220790325 ) ) ;
#5154 = VERTEX_POINT ( 'NONE', #3494 ) ;
#5155 = EDGE_CURVE ( 'NONE', #1116, #421, #2727, .T. ) ;
#5156 = DIRECTION ( 'NONE',  ( 1.000000000000000000, 1.320855438561020938E-16, 0.000000000000000000 ) ) ;
#5157 = LINE ( 'NONE', #3131, #3933 ) ;
#5158 = ORIENTED_EDGE ( 'NONE', *, *, #1525, .F. ) ;
#5159 = ADVANCED_FACE ( 'NONE', ( #2394 ), #3766, .F. ) ;
#5160 = DIRECTION ( 'NONE',  ( -1.445446984655908142E-16, 1.000000000000000000, -0.000000000000000000 ) ) ;
#5161 = EDGE_CURVE ( 'NONE', #1832, #3874, #3581, .T. ) ;
#5162 = ORIENTED_EDGE ( 'NONE', *, *, #3579, .T. ) ;
#5163 = DIRECTION ( 'NONE',  ( 1.445446984655907896E-16, -1.000000000000000000, -2.465190328815661892E-32 ) ) ;
#5164 = ORIENTED_EDGE ( 'NONE', *, *, #5105, .F. ) ;
#5165 = EDGE_CURVE ( 'NONE', #443, #737, #1548, .T. ) ;
#5166 = CONICAL_SURFACE ( 'NONE', #369, 0.4000000000000080158, 0.7853981633974499443 ) ;
#5167 = EDGE_CURVE ( 'NONE', #5015, #4932, #2758, .T. ) ;
#5168 = CARTESIAN_POINT ( 'NONE',  ( 13.45273392921788336, 2.399999999999999467, 14.93432120418167486 ) ) ;
#5169 = CARTESIAN_POINT ( 'NONE',  ( 6.483609520091643041, 5.599999999999994316, 18.73712078220798816 ) ) ;
#5170 = EDGE_CURVE ( 'NONE', #4420, #4933, #1935, .T. ) ;
#5171 = VERTEX_POINT ( 'NONE', #1381 ) ;
#5172 = EDGE_CURVE ( 'NONE', #4246, #3011, #4139, .T. ) ;
#5173 = VECTOR ( 'NONE', #4541, 1000.000000000000000 ) ;
#5174 = EDGE_CURVE ( 'NONE', #1978, #142, #3627, .T. ) ;
#5175 = CARTESIAN_POINT ( 'NONE',  ( -15.99999999999999645, -10.75174404457250432, -3.700000000000000178 ) ) ;
#5176 = EDGE_LOOP ( 'NONE', ( #2829, #1948, #3583, #4717 ) ) ;
#5177 = DIRECTION ( 'NONE',  ( 1.445446984655908142E-16, -1.000000000000000000, -0.000000000000000000 ) ) ;
#5178 = VERTEX_POINT ( 'NONE', #993 ) ;
#5179 = CARTESIAN_POINT ( 'NONE',  ( 16.00000000000000000, 2.400000000000001243, 3.700000000000000178 ) ) ;
#5180 = AXIS2_PLACEMENT_3D ( 'NONE', #4216, #1438, #5082 ) ;
#5181 = CARTESIAN_POINT ( 'NONE',  ( -6.430019681605025461, 2.399999999999997247, 18.53712078220811321 ) ) ;
#5182 = CIRCLE ( 'NONE', #383, 2.699999999999992184 ) ;
#5183 = ORIENTED_EDGE ( 'NONE', *, *, #3120, .T. ) ;
#5184 = CARTESIAN_POINT ( 'NONE',  ( 6.083609520091372680, 5.999999999999999112, -18.73712078220807342 ) ) ;
#5185 = DIRECTION ( 'NONE',  ( 1.445446984655908142E-16, -1.000000000000000000, 0.000000000000000000 ) ) ;
#5186 = VECTOR ( 'NONE', #2360, 1000.000000000000000 ) ;
#5187 = ORIENTED_EDGE ( 'NONE', *, *, #4386, .F. ) ;
#5188 = DIRECTION ( 'NONE',  ( 0.8660254037844383745, 1.251793808535631860E-16, -0.5000000000000004441 ) ) ;
#5189 = CIRCLE ( 'NONE', #302, 2.250000000000001776 ) ;
#5190 = CARTESIAN_POINT ( 'NONE',  ( -19.26862735121523684, 16.46930464146742779, -4.100000000000000533 ) ) ;
#5191 = CARTESIAN_POINT ( 'NONE',  ( 17.08956796801299305, 2.600000000000002309, 7.999999999999841904 ) ) ;
#5192 = DIRECTION ( 'NONE',  ( 0.4999999999999919509, 7.227234923279423614E-17, -0.8660254037844432595 ) ) ;
#5193 = CARTESIAN_POINT ( 'NONE',  ( -16.00000000000000000, 2.399999999999995914, 0.000000000000000000 ) ) ;
#5194 = VERTEX_POINT ( 'NONE', #2960 ) ;
#5195 = CYLINDRICAL_SURFACE ( 'NONE', #2338, 2.250000000000000444 ) ;
#5196 = CIRCLE ( 'NONE', #2081, 2.699999999999990408 ) ;
#5197 = CONICAL_SURFACE ( 'NONE', #1996, 7.699999999999999289, 0.7853981633974492782 ) ;
#5198 = ORIENTED_EDGE ( 'NONE', *, *, #4459, .F. ) ;
#5199 = CARTESIAN_POINT ( 'NONE',  ( 16.00000000000000000, 2.399999999999999911, 0.000000000000000000 ) ) ;
#5200 = CARTESIAN_POINT ( 'NONE',  ( -16.00000000000000000, 2.399999999999995026, 0.000000000000000000 ) ) ;
#5201 = ORIENTED_EDGE ( 'NONE', *, *, #2138, .T. ) ;
#5202 = CARTESIAN_POINT ( 'NONE',  ( -3.758162160105360972E-16, 2.600000000000000089, 0.000000000000000000 ) ) ;
#5203 = EDGE_CURVE ( 'NONE', #1907, #918, #2060, .T. ) ;
#5204 = ORIENTED_EDGE ( 'NONE', *, *, #370, .T. ) ;
ENDSEC;
END-ISO-10303-21;
