ISO-10303-21;
HEADER;
FILE_DESCRIPTION (( 'STEP AP203' ),
    '1' );
FILE_NAME ('OutRunnerLowerPlate.STEP',
    '2026-02-26T13:26:25',
    ( '' ),
    ( '' ),
    'SwSTEP 2.0',
    'SolidWorks 2024',
    '' );
FILE_SCHEMA (( 'CONFIG_CONTROL_DESIGN' ));
ENDSEC;

DATA;
#1 = DIRECTION ( 'NONE',  ( -0.000000000000000000, 1.000000000000000000, -0.000000000000000000 ) ) ;
#2 = VERTEX_POINT ( 'NONE', #1803 ) ;
#3 = CARTESIAN_POINT ( 'NONE',  ( 13.85640646055101222, 6.000000000000000000, -6.200000000000010836 ) ) ;
#4 = CALENDAR_DATE ( 2026, 26, 2 ) ;
#5 = FACE_OUTER_BOUND ( 'NONE', #1827, .T. ) ;
#6 = VERTEX_POINT ( 'NONE', #986 ) ;
#7 = CARTESIAN_POINT ( 'NONE',  ( 0.000000000000000000, 6.000000000000000000, -20.10000000000000142 ) ) ;
#8 = ORIENTED_EDGE ( 'NONE', *, *, #320, .T. ) ;
#9 = FACE_OUTER_BOUND ( 'NONE', #2211, .T. ) ;
#10 = CARTESIAN_POINT ( 'NONE',  ( -3.063701236695603505E-15, 6.000000000000000000, -14.20000000000000462 ) ) ;
#11 = EDGE_CURVE ( 'NONE', #995, #333, #2644, .T. ) ;
#12 = AXIS2_PLACEMENT_3D ( 'NONE', #2428, #1174, #1163 ) ;
#13 = VERTEX_POINT ( 'NONE', #597 ) ;
#14 = CARTESIAN_POINT ( 'NONE',  ( -5.199999999999887379, 0.000000000000000000, 12.23982570682011151 ) ) ;
#15 = EDGE_CURVE ( 'NONE', #2151, #2429, #178, .T. ) ;
#16 = ORIENTED_EDGE ( 'NONE', *, *, #1776, .T. ) ;
#17 = AXIS2_PLACEMENT_3D ( 'NONE', #1365, #2562, #2608 ) ;
#18 = LINE ( 'NONE', #1677, #2278 ) ;
#19 = VECTOR ( 'NONE', #2460, 1000.000000000000000 ) ;
#20 = APPROVAL_ROLE ( '' ) ;
#21 = DIRECTION ( 'NONE',  ( -0.000000000000000000, -1.000000000000000000, -0.000000000000000000 ) ) ;
#22 = VECTOR ( 'NONE', #1854, 1000.000000000000000 ) ;
#23 = ADVANCED_FACE ( 'NONE', ( #2221, #953 ), #754, .T. ) ;
#24 = ORIENTED_EDGE ( 'NONE', *, *, #832, .F. ) ;
#25 = DIRECTION ( 'NONE',  ( 8.659560562354937789E-17, 0.7071067811865470176, -0.7071067811865479058 ) ) ;
#26 = ORIENTED_EDGE ( 'NONE', *, *, #2030, .F. ) ;
#27 = CARTESIAN_POINT ( 'NONE',  ( -10.79999999999985860, 0.000000000000000000, 15.47298721428206569 ) ) ;
#28 = DIRECTION ( 'NONE',  ( 0.000000000000000000, 0.000000000000000000, 1.000000000000000000 ) ) ;
#29 = CARTESIAN_POINT ( 'NONE',  ( 5.200000000000140510, 2.600000000000000089, 12.23982570682000315 ) ) ;
#30 = ORIENTED_EDGE ( 'NONE', *, *, #2057, .T. ) ;
#31 = CC_DESIGN_DATE_AND_TIME_ASSIGNMENT ( #1678, #2494, ( #2015 ) ) ;
#32 = CARTESIAN_POINT ( 'NONE',  ( 5.199999999999971756, 2.600000000000000089, -12.23982570682007598 ) ) ;
#33 = EDGE_LOOP ( 'NONE', ( #524, #2524, #286, #471, #2629, #154 ) ) ;
#34 = VECTOR ( 'NONE', #2411, 1000.000000000000000 ) ;
#35 = PERSON_AND_ORGANIZATION ( #510, #1885 ) ;
#36 = VECTOR ( 'NONE', #1168, 1000.000000000000000 ) ;
#37 = VECTOR ( 'NONE', #1021, 1000.000000000000000 ) ;
#38 = ORIENTED_EDGE ( 'NONE', *, *, #1833, .F. ) ;
#39 = ADVANCED_FACE ( 'NONE', ( #1604 ), #367, .F. ) ;
#40 = CARTESIAN_POINT ( 'NONE',  ( 10.79999999999997407, 2.600000000000000089, -12.23982570682009197 ) ) ;
#41 = ORIENTED_EDGE ( 'NONE', *, *, #1979, .F. ) ;
#42 = CARTESIAN_POINT ( 'NONE',  ( -10.80000000000005933, 2.600000000000000089, -12.23982570682001914 ) ) ;
#43 = FACE_BOUND ( 'NONE', #1450, .T. ) ;
#44 = DIRECTION ( 'NONE',  ( 0.8660254037844397068, 0.000000000000000000, 0.4999999999999979461 ) ) ;
#45 = ADVANCED_FACE ( 'NONE', ( #2208 ), #343, .F. ) ;
#46 = CARTESIAN_POINT ( 'NONE',  ( 13.85640646055102110, 6.000000000000000000, 11.35999999999999943 ) ) ;
#47 = ORIENTED_EDGE ( 'NONE', *, *, #227, .F. ) ;
#48 = FACE_BOUND ( 'NONE', #1196, .T. ) ;
#49 = ORIENTED_EDGE ( 'NONE', *, *, #964, .F. ) ;
#50 = PRODUCT_DEFINITION ( 'UNKNOWN', '', #2103, #116 ) ;
#51 = EDGE_LOOP ( 'NONE', ( #1095, #448, #788, #2084 ) ) ;
#52 = EDGE_CURVE ( 'NONE', #1863, #506, #2037, .T. ) ;
#53 = CARTESIAN_POINT ( 'NONE',  ( 1.714505518806294638E-15, 6.000000000000000000, 17.80000000000000071 ) ) ;
#54 = ORIENTED_EDGE ( 'NONE', *, *, #1722, .F. ) ;
#55 = CARTESIAN_POINT ( 'NONE',  ( -13.85640646055102643, 6.000000000000000000, -7.999999999999998224 ) ) ;
#56 = CARTESIAN_POINT ( 'NONE',  ( 1.714505518806294638E-15, 6.000000000000000000, 16.00000000000000000 ) ) ;
#57 = FACE_OUTER_BOUND ( 'NONE', #1259, .T. ) ;
#58 = CARTESIAN_POINT ( 'NONE',  ( 16.00000000000000000, 6.000000000000000000, 1.600000000000000977 ) ) ;
#59 = EDGE_CURVE ( 'NONE', #1025, #2176, #1783, .T. ) ;
#60 = DIRECTION ( 'NONE',  ( -0.8660254037844340447, 0.000000000000000000, 0.5000000000000078826 ) ) ;
#61 = AXIS2_PLACEMENT_3D ( 'NONE', #893, #2526, #2153 ) ;
#62 = ORIENTED_EDGE ( 'NONE', *, *, #1768, .T. ) ;
#63 = AXIS2_PLACEMENT_3D ( 'NONE', #1547, #2611, #2006 ) ;
#64 = CC_DESIGN_PERSON_AND_ORGANIZATION_ASSIGNMENT ( #244, #663, ( #50 ) ) ;
#65 = ORIENTED_EDGE ( 'NONE', *, *, #919, .F. ) ;
#66 = CIRCLE ( 'NONE', #678, 1.799999999999997824 ) ;
#67 = CARTESIAN_POINT ( 'NONE',  ( 18.79999999999999716, 2.600000000000000089, -1.616580753730952669 ) ) ;
#68 = ORIENTED_EDGE ( 'NONE', *, *, #533, .T. ) ;
#69 = DIRECTION ( 'NONE',  ( 0.000000000000000000, 0.000000000000000000, 1.000000000000000000 ) ) ;
#70 = AXIS2_PLACEMENT_3D ( 'NONE', #901, #2242, #390 ) ;
#71 = CARTESIAN_POINT ( 'NONE',  ( -16.00000000000000000, 2.600000000000000089, -3.233161507461906226 ) ) ;
#72 = DIRECTION ( 'NONE',  ( 0.000000000000000000, 0.000000000000000000, -1.000000000000000000 ) ) ;
#73 = FACE_OUTER_BOUND ( 'NONE', #878, .T. ) ;
#74 = AXIS2_PLACEMENT_3D ( 'NONE', #207, #1821, #2645 ) ;
#75 = EDGE_CURVE ( 'NONE', #361, #1125, #2410, .T. ) ;
#76 = ORIENTED_EDGE ( 'NONE', *, *, #1953, .T. ) ;
#77 = DIRECTION ( 'NONE',  ( 8.659560562354937789E-17, 0.7071067811865471286, -0.7071067811865479058 ) ) ;
#78 = DIRECTION ( 'NONE',  ( 0.8660254037844387076, 0.000000000000000000, -0.4999999999999997780 ) ) ;
#79 = EDGE_CURVE ( 'NONE', #1543, #1020, #1209, .T. ) ;
#80 = VERTEX_POINT ( 'NONE', #561 ) ;
#81 = VECTOR ( 'NONE', #2570, 1000.000000000000000 ) ;
#82 = ORIENTED_EDGE ( 'NONE', *, *, #2635, .T. ) ;
#83 = CARTESIAN_POINT ( 'NONE',  ( 8.000000000000161648, 2.599999999999998757, 13.85640646055092517 ) ) ;
#84 = ORIENTED_EDGE ( 'NONE', *, *, #1800, .T. ) ;
#85 = VECTOR ( 'NONE', #807, 1000.000000000000114 ) ;
#86 = LINE ( 'NONE', #263, #81 ) ;
#87 = FACE_OUTER_BOUND ( 'NONE', #745, .T. ) ;
#88 = DIRECTION ( 'NONE',  ( -0.000000000000000000, -1.000000000000000000, -0.000000000000000000 ) ) ;
#89 = PLANE ( 'NONE',  #668 ) ;
#90 = CARTESIAN_POINT ( 'NONE',  ( 16.00000000000000000, 2.599999999999998757, 1.599999999999986766 ) ) ;
#91 = ORIENTED_EDGE ( 'NONE', *, *, #497, .F. ) ;
#92 = VERTEX_POINT ( 'NONE', #802 ) ;
#93 = CARTESIAN_POINT ( 'NONE',  ( -3.063701236695603505E-15, 0.000000000000000000, -16.00000000000000355 ) ) ;
#94 = VERTEX_POINT ( 'NONE', #1374 ) ;
#95 = DIRECTION ( 'NONE',  ( -0.000000000000000000, -1.000000000000000000, -0.000000000000000000 ) ) ;
#96 = DIRECTION ( 'NONE',  ( 0.000000000000000000, 0.000000000000000000, 1.000000000000000000 ) ) ;
#97 = CARTESIAN_POINT ( 'NONE',  ( -18.79999999999999716, 0.000000000000000000, 1.616580753730952669 ) ) ;
#98 = DIRECTION ( 'NONE',  ( -0.000000000000000000, -1.000000000000000000, -0.000000000000000000 ) ) ;
#99 = CYLINDRICAL_SURFACE ( 'NONE', #1188, 1.599999999999992095 ) ;
#100 = EDGE_CURVE ( 'NONE', #864, #1691, #1385, .T. ) ;
#101 = ORIENTED_EDGE ( 'NONE', *, *, #2179, .T. ) ;
#102 = CIRCLE ( 'NONE', #2009, 1.599999999999986766 ) ;
#103 = AXIS2_PLACEMENT_3D ( 'NONE', #593, #1870, #2652 ) ;
#104 = ORIENTED_EDGE ( 'NONE', *, *, #1201, .F. ) ;
#105 = APPROVAL_PERSON_ORGANIZATION ( #1270, #547, #2323 ) ;
#106 = DIRECTION ( 'NONE',  ( -0.000000000000000000, 1.000000000000000000, -0.000000000000000000 ) ) ;
#107 = ADVANCED_FACE ( 'NONE', ( #2618 ), #648, .F. ) ;
#108 = CARTESIAN_POINT ( 'NONE',  ( 13.85640646055101222, 6.000000000000000000, -9.800000000000009592 ) ) ;
#109 = CARTESIAN_POINT ( 'NONE',  ( 18.79999999999999716, 2.600000000000000089, -1.616580753730952669 ) ) ;
#110 = VECTOR ( 'NONE', #2314, 1000.000000000000000 ) ;
#111 = CARTESIAN_POINT ( 'NONE',  ( -13.85640646055102643, 6.000000000000000000, -11.35999999999999943 ) ) ;
#112 = CARTESIAN_POINT ( 'NONE',  ( -18.79999999999999716, 0.000000000000000000, -1.616580753730956443 ) ) ;
#113 = CARTESIAN_POINT ( 'NONE',  ( 0.000000000000000000, 0.000000000000000000, 2.700000000000000178 ) ) ;
#114 = VECTOR ( 'NONE', #562, 1000.000000000000000 ) ;
#115 = LINE ( 'NONE', #2575, #730 ) ;
#116 = DESIGN_CONTEXT ( 'detailed design', #1949, 'design' ) ;
#117 = VERTEX_POINT ( 'NONE', #396 ) ;
#118 = EDGE_LOOP ( 'NONE', ( #2362, #1274, #2305, #1865 ) ) ;
#119 = PLANE ( 'NONE',  #1054 ) ;
#120 = EDGE_CURVE ( 'NONE', #418, #13, #1177, .T. ) ;
#121 = CARTESIAN_POINT ( 'NONE',  ( 0.000000000000000000, 0.000000000000000000, 0.000000000000000000 ) ) ;
#122 = VECTOR ( 'NONE', #2186, 1000.000000000000000 ) ;
#123 = DIRECTION ( 'NONE',  ( -0.000000000000000000, 1.000000000000000000, -0.000000000000000000 ) ) ;
#124 = DIRECTION ( 'NONE',  ( -0.000000000000000000, 1.000000000000000000, -0.000000000000000000 ) ) ;
#125 = LINE ( 'NONE', #2196, #2528 ) ;
#126 = AXIS2_PLACEMENT_3D ( 'NONE', #1589, #1628, #2419 ) ;
#127 = ORIENTED_EDGE ( 'NONE', *, *, #1931, .T. ) ;
#128 = LINE ( 'NONE', #1773, #34 ) ;
#129 = EDGE_CURVE ( 'NONE', #1749, #1592, #906, .T. ) ;
#130 = DIRECTION ( 'NONE',  ( -0.8660254037844373753, 0.000000000000000000, 0.5000000000000022204 ) ) ;
#131 = ORIENTED_EDGE ( 'NONE', *, *, #789, .T. ) ;
#132 = EDGE_CURVE ( 'NONE', #1388, #2429, #2470, .T. ) ;
#133 = ORIENTED_EDGE ( 'NONE', *, *, #1642, .F. ) ;
#134 = CYLINDRICAL_SURFACE ( 'NONE', #63, 1.799999999999999600 ) ;
#135 = ORIENTED_EDGE ( 'NONE', *, *, #2057, .F. ) ;
#136 = DIRECTION ( 'NONE',  ( 0.000000000000000000, 0.000000000000000000, 1.000000000000000000 ) ) ;
#137 = DIRECTION ( 'NONE',  ( 0.8660254037844388186, 0.000000000000000000, 0.4999999999999997780 ) ) ;
#138 = DIRECTION ( 'NONE',  ( -0.000000000000000000, -1.000000000000000000, -0.000000000000000000 ) ) ;
#139 = AXIS2_PLACEMENT_3D ( 'NONE', #2299, #433, #204 ) ;
#140 = ORIENTED_EDGE ( 'NONE', *, *, #483, .T. ) ;
#141 = EDGE_CURVE ( 'NONE', #1033, #94, #1668, .T. ) ;
#142 = ORIENTED_EDGE ( 'NONE', *, *, #1523, .T. ) ;
#143 = FACE_OUTER_BOUND ( 'NONE', #374, .T. ) ;
#144 = VECTOR ( 'NONE', #1052, 1000.000000000000000 ) ;
#145 = CARTESIAN_POINT ( 'NONE',  ( 13.85640646055101222, 6.000000000000000000, -8.000000000000010658 ) ) ;
#146 = VECTOR ( 'NONE', #1771, 1000.000000000000000 ) ;
#147 = ORIENTED_EDGE ( 'NONE', *, *, #1768, .F. ) ;
#148 = CARTESIAN_POINT ( 'NONE',  ( -13.85640646055102110, 0.000000000000000000, 6.200000000000005507 ) ) ;
#149 = DIRECTION ( 'NONE',  ( -0.8660254037844387076, 0.000000000000000000, 0.4999999999999997780 ) ) ;
#150 = VECTOR ( 'NONE', #1386, 1000.000000000000000 ) ;
#151 = CARTESIAN_POINT ( 'NONE',  ( -10.79999999999988702, 2.600000000000000089, 12.23982570682016480 ) ) ;
#152 = VECTOR ( 'NONE', #1437, 1000.000000000000000 ) ;
#153 = DIRECTION ( 'NONE',  ( -0.000000000000000000, -1.000000000000000000, -0.000000000000000000 ) ) ;
#154 = ORIENTED_EDGE ( 'NONE', *, *, #1486, .T. ) ;
#155 = EDGE_CURVE ( 'NONE', #1441, #2497, #774, .T. ) ;
#156 = ORIENTED_EDGE ( 'NONE', *, *, #437, .F. ) ;
#157 = EDGE_CURVE ( 'NONE', #1814, #2189, #2500, .T. ) ;
#158 = EDGE_LOOP ( 'NONE', ( #963, #391, #606, #1724 ) ) ;
#159 = LINE ( 'NONE', #1008, #515 ) ;
#160 = EDGE_CURVE ( 'NONE', #506, #1621, #1470, .T. ) ;
#161 = ORIENTED_EDGE ( 'NONE', *, *, #705, .F. ) ;
#162 = CARTESIAN_POINT ( 'NONE',  ( -8.000000000000047962, 2.600000000000000089, -10.62324495308907757 ) ) ;
#163 = EDGE_LOOP ( 'NONE', ( #930, #1956, #2320, #2374, #2312, #494 ) ) ;
#164 = VECTOR ( 'NONE', #2038, 1000.000000000000114 ) ;
#165 = CARTESIAN_POINT ( 'NONE',  ( 16.00000000000000000, 2.600000000000000089, -1.599999999999993872 ) ) ;
#166 = DIRECTION ( 'NONE',  ( 0.8660254037844338226, 0.000000000000000000, -0.5000000000000082157 ) ) ;
#167 = LINE ( 'NONE', #1618, #459 ) ;
#168 = CIRCLE ( 'NONE', #2384, 1.799999999999999600 ) ;
#169 = ORIENTED_EDGE ( 'NONE', *, *, #2457, .F. ) ;
#170 = ORIENTED_EDGE ( 'NONE', *, *, #290, .T. ) ;
#171 = VECTOR ( 'NONE', #1215, 1000.000000000000114 ) ;
#172 = EDGE_CURVE ( 'NONE', #1994, #1719, #1856, .T. ) ;
#173 = CARTESIAN_POINT ( 'NONE',  ( 13.85640646055101222, 6.000000000000000000, -8.000000000000010658 ) ) ;
#174 = LINE ( 'NONE', #1435, #1972 ) ;
#175 = CARTESIAN_POINT ( 'NONE',  ( 0.000000000000000000, 2.600000000000000089, 0.000000000000000000 ) ) ;
#176 = ORIENTED_EDGE ( 'NONE', *, *, #1786, .T. ) ;
#177 = FACE_OUTER_BOUND ( 'NONE', #348, .T. ) ;
#178 = LINE ( 'NONE', #768, #1380 ) ;
#179 = CARTESIAN_POINT ( 'NONE',  ( 7.999999999999958256, 0.000000000000000000, -17.08956796801293621 ) ) ;
#180 = ORIENTED_EDGE ( 'NONE', *, *, #523, .T. ) ;
#181 = ADVANCED_FACE ( 'NONE', ( #221, #2301 ), #435, .T. ) ;
#182 = FACE_OUTER_BOUND ( 'NONE', #1416, .T. ) ;
#183 = DIRECTION ( 'NONE',  ( 2.053912595556539600E-15, 0.000000000000000000, 1.000000000000000000 ) ) ;
#184 = VERTEX_POINT ( 'NONE', #1057 ) ;
#185 = CARTESIAN_POINT ( 'NONE',  ( -16.00000000000000000, 0.000000000000000000, 3.233161507461903561 ) ) ;
#186 = DIRECTION ( 'NONE',  ( 0.000000000000000000, 0.000000000000000000, -1.000000000000000000 ) ) ;
#187 = EDGE_CURVE ( 'NONE', #2289, #1395, #1892, .T. ) ;
#188 = VECTOR ( 'NONE', #98, 1000.000000000000000 ) ;
#189 = ORIENTED_EDGE ( 'NONE', *, *, #274, .F. ) ;
#190 = DIRECTION ( 'NONE',  ( -0.8660254037844397068, 0.000000000000000000, -0.4999999999999979461 ) ) ;
#191 = PLANE ( 'NONE',  #690 ) ;
#192 = VECTOR ( 'NONE', #2020, 1000.000000000000000 ) ;
#193 = CYLINDRICAL_SURFACE ( 'NONE', #1146, 20.10000000000000142 ) ;
#194 = CARTESIAN_POINT ( 'NONE',  ( 8.000000000000191847, 2.600000000000000089, 17.08956796801282962 ) ) ;
#195 = CC_DESIGN_APPROVAL ( #1559, ( #2015 ) ) ;
#196 = VERTEX_POINT ( 'NONE', #1687 ) ;
#197 = VECTOR ( 'NONE', #1222, 1000.000000000000000 ) ;
#198 = ORIENTED_EDGE ( 'NONE', *, *, #341, .F. ) ;
#199 = VECTOR ( 'NONE', #130, 1000.000000000000114 ) ;
#200 = CARTESIAN_POINT ( 'NONE',  ( -18.79999999999999716, 2.600000000000000089, -1.616580753730956443 ) ) ;
#201 = APPROVAL_STATUS ( 'not_yet_approved' ) ;
#202 = CARTESIAN_POINT ( 'NONE',  ( -5.200000000000071232, 2.600000000000000089, -15.47298721428195023 ) ) ;
#203 = ORIENTED_EDGE ( 'NONE', *, *, #2162, .F. ) ;
#204 = DIRECTION ( 'NONE',  ( -0.8660254037844330455, 0.000000000000000000, 0.5000000000000095479 ) ) ;
#205 = DIRECTION ( 'NONE',  ( -0.000000000000000000, -1.000000000000000000, -0.000000000000000000 ) ) ;
#206 = DIRECTION ( 'NONE',  ( 0.000000000000000000, 0.000000000000000000, 1.000000000000000000 ) ) ;
#207 = CARTESIAN_POINT ( 'NONE',  ( 0.000000000000000000, 0.000000000000000000, 0.000000000000000000 ) ) ;
#208 = ORIENTED_EDGE ( 'NONE', *, *, #1654, .F. ) ;
#209 = CARTESIAN_POINT ( 'NONE',  ( 1.714505518806294638E-15, 0.000000000000000000, 16.00000000000000000 ) ) ;
#210 = AXIS2_PLACEMENT_3D ( 'NONE', #209, #225, #1505 ) ;
#211 = ORIENTED_EDGE ( 'NONE', *, *, #772, .F. ) ;
#212 = VECTOR ( 'NONE', #382, 1000.000000000000000 ) ;
#213 = CARTESIAN_POINT ( 'NONE',  ( 18.79999999999999716, 2.600000000000000089, 1.616580753730956443 ) ) ;
#214 = CARTESIAN_POINT ( 'NONE',  ( -7.999999999999840128, 2.600000000000000089, 17.08956796801299305 ) ) ;
#215 = PERSON_AND_ORGANIZATION ( #510, #1885 ) ;
#216 = DIRECTION ( 'NONE',  ( -0.000000000000000000, -1.000000000000000000, -0.000000000000000000 ) ) ;
#217 = ADVANCED_FACE ( 'NONE', ( #2516 ), #191, .F. ) ;
#218 = VERTEX_POINT ( 'NONE', #669 ) ;
#219 = PLANE ( 'NONE',  #1501 ) ;
#220 = EDGE_LOOP ( 'NONE', ( #2614, #65, #2451, #2610 ) ) ;
#221 = FACE_BOUND ( 'NONE', #267, .T. ) ;
#222 = FACE_BOUND ( 'NONE', #2291, .T. ) ;
#223 = CARTESIAN_POINT ( 'NONE',  ( -16.00000000000000000, 2.600000000000000089, -3.233161507461906226 ) ) ;
#224 = ORIENTED_EDGE ( 'NONE', *, *, #643, .F. ) ;
#225 = DIRECTION ( 'NONE',  ( -0.000000000000000000, 1.000000000000000000, -0.000000000000000000 ) ) ;
#226 = ORIENTED_EDGE ( 'NONE', *, *, #2346, .T. ) ;
#227 = EDGE_CURVE ( 'NONE', #269, #344, #168, .T. ) ;
#228 = CARTESIAN_POINT ( 'NONE',  ( 5.199999999999971756, 2.600000000000000089, -12.23982570682007598 ) ) ;
#229 = PERSON_AND_ORGANIZATION ( #510, #1885 ) ;
#230 = CARTESIAN_POINT ( 'NONE',  ( 13.19999999999999574, 0.000000000000000000, 1.616580753730952891 ) ) ;
#231 = VERTEX_POINT ( 'NONE', #250 ) ;
#232 = DIRECTION ( 'NONE',  ( 1.000000000000000000, 0.000000000000000000, -1.149080830487037177E-14 ) ) ;
#233 = VERTEX_POINT ( 'NONE', #1071 ) ;
#234 = DIRECTION ( 'NONE',  ( 0.000000000000000000, 0.000000000000000000, 1.000000000000000000 ) ) ;
#235 = DIRECTION ( 'NONE',  ( 0.000000000000000000, -0.000000000000000000, 1.000000000000000000 ) ) ;
#236 = DIRECTION ( 'NONE',  ( -0.000000000000000000, 1.000000000000000000, -0.000000000000000000 ) ) ;
#237 = AXIS2_PLACEMENT_3D ( 'NONE', #298, #1509, #1124 ) ;
#238 = EDGE_LOOP ( 'NONE', ( #2019, #765, #1419, #2459 ) ) ;
#239 = DIRECTION ( 'NONE',  ( 0.000000000000000000, -1.000000000000000000, 0.000000000000000000 ) ) ;
#240 = ORIENTED_EDGE ( 'NONE', *, *, #2564, .T. ) ;
#241 = EDGE_CURVE ( 'NONE', #310, #333, #1161, .T. ) ;
#242 = EDGE_CURVE ( 'NONE', #1805, #1283, #384, .T. ) ;
#243 = DIRECTION ( 'NONE',  ( 0.000000000000000000, 0.000000000000000000, -1.000000000000000000 ) ) ;
#244 = PERSON_AND_ORGANIZATION ( #510, #1885 ) ;
#245 = CIRCLE ( 'NONE', #70, 3.360000000000000320 ) ;
#246 = ADVANCED_FACE ( 'NONE', ( #1741 ), #2593, .F. ) ;
#247 = ORIENTED_EDGE ( 'NONE', *, *, #472, .T. ) ;
#248 = LINE ( 'NONE', #67, #2472 ) ;
#249 = EDGE_LOOP ( 'NONE', ( #1104, #8, #257, #1626 ) ) ;
#250 = CARTESIAN_POINT ( 'NONE',  ( -10.80000000000005933, 0.000000000000000000, -12.23982570682001914 ) ) ;
#251 = FACE_BOUND ( 'NONE', #1436, .T. ) ;
#252 = FACE_OUTER_BOUND ( 'NONE', #1458, .T. ) ;
#253 = DIRECTION ( 'NONE',  ( -1.000000000000000000, 0.000000000000000000, 1.193489751472043439E-14 ) ) ;
#254 = ORIENTED_EDGE ( 'NONE', *, *, #2439, .T. ) ;
#255 = DIRECTION ( 'NONE',  ( 0.000000000000000000, 0.000000000000000000, 1.000000000000000000 ) ) ;
#256 = ADVANCED_FACE ( 'NONE', ( #2544 ), #1753, .F. ) ;
#257 = ORIENTED_EDGE ( 'NONE', *, *, #1172, .T. ) ;
#258 = EDGE_CURVE ( 'NONE', #729, #92, #1944, .T. ) ;
#259 = VECTOR ( 'NONE', #2250, 1000.000000000000000 ) ;
#260 = ORIENTED_EDGE ( 'NONE', *, *, #805, .F. ) ;
#261 = LINE ( 'NONE', #1903, #1934 ) ;
#262 = EDGE_LOOP ( 'NONE', ( #2490, #1288 ) ) ;
#263 = CARTESIAN_POINT ( 'NONE',  ( -7.999999999999901412, 2.600000000000000089, 10.62324495308918415 ) ) ;
#264 = FACE_BOUND ( 'NONE', #468, .T. ) ;
#265 = LINE ( 'NONE', #827, #1158 ) ;
#266 = DIRECTION ( 'NONE',  ( -0.8660254037844394848, 0.000000000000000000, -0.4999999999999983902 ) ) ;
#267 = EDGE_LOOP ( 'NONE', ( #646, #1533 ) ) ;
#268 = FACE_OUTER_BOUND ( 'NONE', #476, .T. ) ;
#269 = VERTEX_POINT ( 'NONE', #1347 ) ;
#270 = ORIENTED_EDGE ( 'NONE', *, *, #2391, .T. ) ;
#271 = LINE ( 'NONE', #1573, #1582 ) ;
#272 = VERTEX_POINT ( 'NONE', #1525 ) ;
#273 = EDGE_CURVE ( 'NONE', #272, #2627, #1767, .T. ) ;
#274 = EDGE_CURVE ( 'NONE', #2397, #491, #2339, .T. ) ;
#275 = CARTESIAN_POINT ( 'NONE',  ( -2.843264812849079923E-15, 0.000000000000000000, -17.80000000000000426 ) ) ;
#276 = CARTESIAN_POINT ( 'NONE',  ( -8.000000000000065725, 2.600000000000000089, -13.85640646055098379 ) ) ;
#277 = CARTESIAN_POINT ( 'NONE',  ( 8.000000000000161648, 2.599999999999998757, 12.25640646055093796 ) ) ;
#278 = ORIENTED_EDGE ( 'NONE', *, *, #507, .F. ) ;
#279 = DIRECTION ( 'NONE',  ( -0.000000000000000000, -1.000000000000000000, -0.000000000000000000 ) ) ;
#280 = ORIENTED_EDGE ( 'NONE', *, *, #2635, .F. ) ;
#281 = CIRCLE ( 'NONE', #1792, 1.799999999999997824 ) ;
#282 = AXIS2_PLACEMENT_3D ( 'NONE', #791, #2209, #1169 ) ;
#283 = ORIENTED_EDGE ( 'NONE', *, *, #1147, .F. ) ;
#284 = AXIS2_PLACEMENT_3D ( 'NONE', #2184, #1538, #1550 ) ;
#285 = DIRECTION ( 'NONE',  ( -0.000000000000000000, -1.000000000000000000, -0.000000000000000000 ) ) ;
#286 = ORIENTED_EDGE ( 'NONE', *, *, #1737, .T. ) ;
#287 = CARTESIAN_POINT ( 'NONE',  ( -2.843264812849079923E-15, 4.440000000000001279, -17.80000000000000426 ) ) ;
#288 = DIRECTION ( 'NONE',  ( -0.000000000000000000, -1.000000000000000000, -0.000000000000000000 ) ) ;
#289 = EDGE_CURVE ( 'NONE', #80, #1698, #1713, .T. ) ;
#290 = EDGE_CURVE ( 'NONE', #1366, #2579, #1251, .T. ) ;
#291 = CARTESIAN_POINT ( 'NONE',  ( 8.000000000000161648, 6.000000000000000000, 13.85640646055092517 ) ) ;
#292 = CARTESIAN_POINT ( 'NONE',  ( -13.19999999999999751, 2.600000000000000089, 1.616580753730951114 ) ) ;
#293 = CARTESIAN_POINT ( 'NONE',  ( -16.00000000000000000, 2.600000000000000089, 1.599999999999992983 ) ) ;
#294 = EDGE_LOOP ( 'NONE', ( #2435, #2533, #933, #1402 ) ) ;
#295 = CIRCLE ( 'NONE', #2239, 3.360000000000000320 ) ;
#296 = ORIENTED_EDGE ( 'NONE', *, *, #2491, .F. ) ;
#297 = AXIS2_PLACEMENT_3D ( 'NONE', #1933, #1527, #740 ) ;
#298 = CARTESIAN_POINT ( 'NONE',  ( -7.999999999999872102, 2.600000000000000089, 13.85640646055109215 ) ) ;
#299 = VERTEX_POINT ( 'NONE', #896 ) ;
#300 = CIRCLE ( 'NONE', #650, 3.360000000000000320 ) ;
#301 = ADVANCED_FACE ( 'NONE', ( #1727 ), #2144, .F. ) ;
#302 = DIRECTION ( 'NONE',  ( 0.8660254037844365982, 0.000000000000000000, -0.5000000000000035527 ) ) ;
#303 = PLANE ( 'NONE',  #631 ) ;
#304 = DIRECTION ( 'NONE',  ( -0.000000000000000000, -1.000000000000000000, -0.000000000000000000 ) ) ;
#305 = PLANE ( 'NONE',  #798 ) ;
#306 = DIRECTION ( 'NONE',  ( -0.5000000000000039968, 0.000000000000000000, -0.8660254037844363761 ) ) ;
#307 = CARTESIAN_POINT ( 'NONE',  ( -10.79999999999985860, 2.600000000000000089, 15.47298721428206569 ) ) ;
#308 = VERTEX_POINT ( 'NONE', #2558 ) ;
#309 = EDGE_CURVE ( 'NONE', #455, #2413, #1970, .T. ) ;
#310 = VERTEX_POINT ( 'NONE', #2352 ) ;
#311 = DIRECTION ( 'NONE',  ( -0.000000000000000000, 1.000000000000000000, -0.000000000000000000 ) ) ;
#312 = DIRECTION ( 'NONE',  ( 0.000000000000000000, 0.000000000000000000, 1.000000000000000000 ) ) ;
#313 = DIRECTION ( 'NONE',  ( -0.000000000000000000, 1.000000000000000000, -0.000000000000000000 ) ) ;
#314 = CARTESIAN_POINT ( 'NONE',  ( -13.85640646055102643, 6.000000000000000000, -7.999999999999998224 ) ) ;
#315 = VECTOR ( 'NONE', #1502, 1000.000000000000000 ) ;
#316 = CARTESIAN_POINT ( 'NONE',  ( -7.999999999999901412, 0.000000000000000000, 10.62324495308918415 ) ) ;
#317 = CARTESIAN_POINT ( 'NONE',  ( 8.000000000000161648, 6.000000000000000000, 15.45640646055092482 ) ) ;
#318 = ORIENTED_EDGE ( 'NONE', *, *, #720, .F. ) ;
#319 = AXIS2_PLACEMENT_3D ( 'NONE', #913, #1112, #927 ) ;
#320 = EDGE_CURVE ( 'NONE', #1366, #2054, #1562, .T. ) ;
#321 = VECTOR ( 'NONE', #2192, 1000.000000000000000 ) ;
#322 = EDGE_LOOP ( 'NONE', ( #653, #2194 ) ) ;
#323 = CYLINDRICAL_SURFACE ( 'NONE', #759, 1.799999999999999600 ) ;
#324 = EDGE_CURVE ( 'NONE', #310, #1356, #1316, .T. ) ;
#325 = DIRECTION ( 'NONE',  ( 0.000000000000000000, 0.000000000000000000, -1.000000000000000000 ) ) ;
#326 = DIRECTION ( 'NONE',  ( 0.000000000000000000, 0.000000000000000000, -1.000000000000000000 ) ) ;
#327 = VECTOR ( 'NONE', #1760, 999.9999999999998863 ) ;
#328 = CARTESIAN_POINT ( 'NONE',  ( 8.000000000000191847, 0.000000000000000000, 17.08956796801282962 ) ) ;
#329 = CARTESIAN_POINT ( 'NONE',  ( -5.199999999999887379, 2.600000000000000089, 12.23982570682011151 ) ) ;
#330 = PLANE ( 'NONE',  #1828 ) ;
#331 = AXIS2_PLACEMENT_3D ( 'NONE', #145, #970, #364 ) ;
#332 = DIRECTION ( 'NONE',  ( -0.000000000000000000, -1.000000000000000000, -0.000000000000000000 ) ) ;
#333 = VERTEX_POINT ( 'NONE', #287 ) ;
#334 = EDGE_CURVE ( 'NONE', #1326, #1887, #86, .T. ) ;
#335 = VERTEX_POINT ( 'NONE', #1084 ) ;
#336 = CYLINDRICAL_SURFACE ( 'NONE', #12, 1.799999999999999600 ) ;
#337 = AXIS2_PLACEMENT_3D ( 'NONE', #1530, #2386, #2177 ) ;
#338 = AXIS2_PLACEMENT_3D ( 'NONE', #1292, #1671, #642 ) ;
#339 = VERTEX_POINT ( 'NONE', #706 ) ;
#340 = DIRECTION ( 'NONE',  ( 1.000000000000000000, 0.000000000000000000, -4.884981308350689567E-15 ) ) ;
#341 = EDGE_CURVE ( 'NONE', #1719, #1994, #1595, .T. ) ;
#342 = LINE ( 'NONE', #1997, #1355 ) ;
#343 = CONICAL_SURFACE ( 'NONE', #2201, 3.359999999999998543, 0.7853981633974482790 ) ;
#344 = VERTEX_POINT ( 'NONE', #1333 ) ;
#345 = ORIENTED_EDGE ( 'NONE', *, *, #157, .T. ) ;
#346 = ORIENTED_EDGE ( 'NONE', *, *, #1683, .F. ) ;
#347 = CARTESIAN_POINT ( 'NONE',  ( 13.85640646055101222, 4.440000000000001279, -8.000000000000010658 ) ) ;
#348 = EDGE_LOOP ( 'NONE', ( #2633, #1791, #842, #2139 ) ) ;
#349 = ADVANCED_FACE ( 'NONE', ( #978 ), #2042, .F. ) ;
#350 = DIRECTION ( 'NONE',  ( 0.000000000000000000, 0.000000000000000000, -1.000000000000000000 ) ) ;
#351 = VECTOR ( 'NONE', #532, 1000.000000000000000 ) ;
#352 = ADVANCED_FACE ( 'NONE', ( #821 ), #1022, .F. ) ;
#353 = CARTESIAN_POINT ( 'NONE',  ( 13.85640646055101222, 6.000000000000000000, -8.000000000000010658 ) ) ;
#354 = DIRECTION ( 'NONE',  ( -0.000000000000000000, 1.000000000000000000, -0.000000000000000000 ) ) ;
#355 = DIRECTION ( 'NONE',  ( 9.159339953157541458E-15, 0.000000000000000000, 1.000000000000000000 ) ) ;
#356 = VECTOR ( 'NONE', #2443, 1000.000000000000000 ) ;
#357 = VERTEX_POINT ( 'NONE', #786 ) ;
#358 = ORIENTED_EDGE ( 'NONE', *, *, #688, .T. ) ;
#359 = ADVANCED_FACE ( 'NONE', ( #182 ), #1297, .F. ) ;
#360 = CARTESIAN_POINT ( 'NONE',  ( 7.999999999999968914, 6.000000000000000000, -13.85640646055103886 ) ) ;
#361 = VERTEX_POINT ( 'NONE', #402 ) ;
#362 = DIRECTION ( 'NONE',  ( -0.000000000000000000, 1.000000000000000000, -0.000000000000000000 ) ) ;
#363 = AXIS2_PLACEMENT_3D ( 'NONE', #856, #2337, #2311 ) ;
#364 = DIRECTION ( 'NONE',  ( 0.000000000000000000, 0.000000000000000000, 1.000000000000000000 ) ) ;
#365 = ORIENTED_EDGE ( 'NONE', *, *, #1681, .T. ) ;
#366 = DIRECTION ( 'NONE',  ( 0.4999999999999923950, 0.000000000000000000, -0.8660254037844431485 ) ) ;
#367 = PLANE ( 'NONE',  #982 ) ;
#368 = AXIS2_PLACEMENT_3D ( 'NONE', #2051, #815, #2024 ) ;
#369 = CARTESIAN_POINT ( 'NONE',  ( -16.00000000000000000, 0.000000000000000000, 3.233161507461903561 ) ) ;
#370 = VECTOR ( 'NONE', #1026, 1000.000000000000000 ) ;
#371 = PLANE ( 'NONE',  #499 ) ;
#372 = EDGE_LOOP ( 'NONE', ( #2556, #946, #406, #385 ) ) ;
#373 = AXIS2_PLACEMENT_3D ( 'NONE', #2052, #2630, #2223 ) ;
#374 = EDGE_LOOP ( 'NONE', ( #1252, #1520, #2357, #2128 ) ) ;
#375 = LINE ( 'NONE', #1358, #2123 ) ;
#376 = ORIENTED_EDGE ( 'NONE', *, *, #2543, .T. ) ;
#377 = CARTESIAN_POINT ( 'NONE',  ( 13.85640646055101222, 6.000000000000000000, -4.640000000000012115 ) ) ;
#378 = FACE_OUTER_BOUND ( 'NONE', #1619, .T. ) ;
#379 = EDGE_CURVE ( 'NONE', #1890, #2651, #375, .T. ) ;
#380 = VECTOR ( 'NONE', #2504, 1000.000000000000114 ) ;
#381 = AXIS2_PLACEMENT_3D ( 'NONE', #1306, #627, #2530 ) ;
#382 = DIRECTION ( 'NONE',  ( -0.000000000000000000, -1.000000000000000000, -0.000000000000000000 ) ) ;
#383 = LINE ( 'NONE', #1210, #164 ) ;
#384 = CIRCLE ( 'NONE', #511, 20.10000000000000142 ) ;
#385 = ORIENTED_EDGE ( 'NONE', *, *, #274, .T. ) ;
#386 = LINE ( 'NONE', #806, #37 ) ;
#387 = EDGE_LOOP ( 'NONE', ( #2503, #47, #1964, #394 ) ) ;
#388 = CARTESIAN_POINT ( 'NONE',  ( -5.199999999999887379, 2.600000000000000089, 12.23982570682011151 ) ) ;
#389 = EDGE_CURVE ( 'NONE', #1508, #218, #1442, .T. ) ;
#390 = DIRECTION ( 'NONE',  ( 0.000000000000000000, 0.000000000000000000, 1.000000000000000000 ) ) ;
#391 = ORIENTED_EDGE ( 'NONE', *, *, #1325, .F. ) ;
#392 = CARTESIAN_POINT ( 'NONE',  ( 1.714505518806294638E-15, 6.000000000000000000, 16.00000000000000000 ) ) ;
#393 = CARTESIAN_POINT ( 'NONE',  ( -16.00000000000000000, 2.599999999999998757, 0.000000000000000000 ) ) ;
#394 = ORIENTED_EDGE ( 'NONE', *, *, #172, .T. ) ;
#395 = DIRECTION ( 'NONE',  ( 0.4999999999999980016, 0.000000000000000000, -0.8660254037844398178 ) ) ;
#396 = CARTESIAN_POINT ( 'NONE',  ( 13.85640646055102110, 6.000000000000000000, 4.639999999999999680 ) ) ;
#397 = CARTESIAN_POINT ( 'NONE',  ( -16.00000000000000000, 2.599999999999998757, -1.599999999999986766 ) ) ;
#398 = EDGE_LOOP ( 'NONE', ( #2385, #2539, #1978, #983 ) ) ;
#399 = AXIS2_PLACEMENT_3D ( 'NONE', #2174, #1790, #1975 ) ;
#400 = ORIENTED_EDGE ( 'NONE', *, *, #1718, .F. ) ;
#401 = AXIS2_PLACEMENT_3D ( 'NONE', #2332, #2355, #1321 ) ;
#402 = CARTESIAN_POINT ( 'NONE',  ( 7.999999999999968914, 6.000000000000000000, -12.25640646055103922 ) ) ;
#403 = EDGE_CURVE ( 'NONE', #308, #1033, #2676, .T. ) ;
#404 = FACE_BOUND ( 'NONE', #1447, .T. ) ;
#405 = DIRECTION ( 'NONE',  ( 0.8660254037844387076, 0.000000000000000000, -0.4999999999999997780 ) ) ;
#406 = ORIENTED_EDGE ( 'NONE', *, *, #720, .T. ) ;
#407 = CARTESIAN_POINT ( 'NONE',  ( 16.00000000000000000, 2.600000000000000089, -3.233161507461903561 ) ) ;
#408 = VECTOR ( 'NONE', #997, 1000.000000000000000 ) ;
#409 = DIRECTION ( 'NONE',  ( 0.000000000000000000, 0.000000000000000000, 1.000000000000000000 ) ) ;
#410 = ORIENTED_EDGE ( 'NONE', *, *, #2253, .F. ) ;
#411 = ADVANCED_FACE ( 'NONE', ( #1151 ), #1609, .F. ) ;
#412 = AXIS2_PLACEMENT_3D ( 'NONE', #572, #803, #2448 ) ;
#413 = CARTESIAN_POINT ( 'NONE',  ( -10.79999999999988702, 2.600000000000000089, 12.23982570682016480 ) ) ;
#414 = DIRECTION ( 'NONE',  ( 0.000000000000000000, 0.000000000000000000, -1.000000000000000000 ) ) ;
#415 = DIRECTION ( 'NONE',  ( 0.000000000000000000, 1.000000000000000000, 0.000000000000000000 ) ) ;
#416 = ORIENTED_EDGE ( 'NONE', *, *, #719, .F. ) ;
#417 = DIRECTION ( 'NONE',  ( -1.000000000000000000, 0.000000000000000000, -5.365409281204141229E-16 ) ) ;
#418 = VERTEX_POINT ( 'NONE', #2183 ) ;
#419 = CARTESIAN_POINT ( 'NONE',  ( -13.85640646055102643, 6.000000000000000000, -7.999999999999998224 ) ) ;
#420 = FACE_BOUND ( 'NONE', #2001, .T. ) ;
#421 = EDGE_CURVE ( 'NONE', #1890, #1508, #833, .T. ) ;
#422 = CARTESIAN_POINT ( 'NONE',  ( 7.999999999999958256, 2.600000000000000089, -17.08956796801293621 ) ) ;
#423 = ORIENTED_EDGE ( 'NONE', *, *, #100, .F. ) ;
#424 = CARTESIAN_POINT ( 'NONE',  ( 13.19999999999999574, 2.600000000000000089, 1.616580753730952891 ) ) ;
#425 = VECTOR ( 'NONE', #516, 1000.000000000000114 ) ;
#426 = CIRCLE ( 'NONE', #2075, 1.799999999999999600 ) ;
#427 = ORIENTED_EDGE ( 'NONE', *, *, #258, .F. ) ;
#428 = VECTOR ( 'NONE', #2072, 1000.000000000000000 ) ;
#429 = CARTESIAN_POINT ( 'NONE',  ( 5.199999999999971756, 0.000000000000000000, -12.23982570682007598 ) ) ;
#430 = PERSON_AND_ORGANIZATION_ROLE ( 'design_owner' ) ;
#431 = PLANE ( 'NONE',  #2011 ) ;
#432 = ORIENTED_EDGE ( 'NONE', *, *, #831, .F. ) ;
#433 = DIRECTION ( 'NONE',  ( -0.5000000000000096589, 0.000000000000000000, -0.8660254037844331565 ) ) ;
#434 = VERTEX_POINT ( 'NONE', #2018 ) ;
#435 = PLANE ( 'NONE',  #1343 ) ;
#436 = CARTESIAN_POINT ( 'NONE',  ( 7.999999999999968914, 6.000000000000000000, -13.85640646055103886 ) ) ;
#437 = EDGE_CURVE ( 'NONE', #2601, #839, #159, .T. ) ;
#438 = FACE_OUTER_BOUND ( 'NONE', #2104, .T. ) ;
#439 = EDGE_CURVE ( 'NONE', #339, #1125, #1813, .T. ) ;
#440 = ORIENTED_EDGE ( 'NONE', *, *, #1285, .T. ) ;
#441 = CARTESIAN_POINT ( 'NONE',  ( 13.85640646055101222, 6.000000000000000000, -11.36000000000000831 ) ) ;
#442 = ORIENTED_EDGE ( 'NONE', *, *, #1492, .T. ) ;
#443 = ADVANCED_FACE ( 'NONE', ( #2438 ), #2228, .F. ) ;
#444 = DIRECTION ( 'NONE',  ( 0.000000000000000000, 0.7071067811865471286, 0.7071067811865479058 ) ) ;
#445 = APPLICATION_PROTOCOL_DEFINITION ( 'international standard', 'config_control_design', 1994, #1949 ) ;
#446 = ORIENTED_EDGE ( 'NONE', *, *, #141, .F. ) ;
#447 = LINE ( 'NONE', #53, #712 ) ;
#448 = ORIENTED_EDGE ( 'NONE', *, *, #2537, .F. ) ;
#449 = DIRECTION ( 'NONE',  ( -0.000000000000000000, 1.000000000000000000, -0.000000000000000000 ) ) ;
#450 = CARTESIAN_POINT ( 'NONE',  ( 18.79999999999999716, 2.600000000000000089, 1.616580753730956443 ) ) ;
#451 = LINE ( 'NONE', #1277, #1596 ) ;
#452 = CARTESIAN_POINT ( 'NONE',  ( 5.199999999999971756, 0.000000000000000000, -12.23982570682007598 ) ) ;
#453 = EDGE_CURVE ( 'NONE', #1607, #1395, #1406, .T. ) ;
#454 = CIRCLE ( 'NONE', #2100, 2.700000000000000178 ) ;
#455 = VERTEX_POINT ( 'NONE', #2465 ) ;
#456 = LINE ( 'NONE', #1674, #1514 ) ;
#457 = ORIENTED_EDGE ( 'NONE', *, *, #722, .F. ) ;
#458 = DATE_TIME_ROLE ( 'creation_date' ) ;
#459 = VECTOR ( 'NONE', #153, 1000.000000000000000 ) ;
#460 = ORIENTED_EDGE ( 'NONE', *, *, #15, .T. ) ;
#461 = CYLINDRICAL_SURFACE ( 'NONE', #1184, 1.599999999999992983 ) ;
#462 = ORIENTED_EDGE ( 'NONE', *, *, #2255, .F. ) ;
#463 = DIRECTION ( 'NONE',  ( 0.000000000000000000, 0.7071067811865470176, 0.7071067811865479058 ) ) ;
#464 = LINE ( 'NONE', #1438, #971 ) ;
#465 = DIRECTION ( 'NONE',  ( -0.000000000000000000, 1.000000000000000000, -0.000000000000000000 ) ) ;
#466 = APPROVAL ( #1901, 'UNSPECIFIED' ) ;
#467 = CARTESIAN_POINT ( 'NONE',  ( 1.714505518806294638E-15, 6.000000000000000000, 16.00000000000000000 ) ) ;
#468 = EDGE_LOOP ( 'NONE', ( #1212, #1344 ) ) ;
#469 = DIRECTION ( 'NONE',  ( -0.000000000000000000, -1.000000000000000000, -0.000000000000000000 ) ) ;
#470 = CIRCLE ( 'NONE', #732, 3.359999999999998543 ) ;
#471 = ORIENTED_EDGE ( 'NONE', *, *, #2255, .T. ) ;
#472 = EDGE_CURVE ( 'NONE', #1326, #308, #1240, .T. ) ;
#473 = AXIS2_PLACEMENT_3D ( 'NONE', #1957, #2364, #2124 ) ;
#474 = ORIENTED_EDGE ( 'NONE', *, *, #129, .F. ) ;
#475 = CARTESIAN_POINT ( 'NONE',  ( 8.000000000000161648, 2.599999999999998757, 15.45640646055091239 ) ) ;
#476 = EDGE_LOOP ( 'NONE', ( #133, #2178, #571, #711 ) ) ;
#477 = DIRECTION ( 'NONE',  ( -0.000000000000000000, -1.000000000000000000, -0.000000000000000000 ) ) ;
#478 = LINE ( 'NONE', #1152, #587 ) ;
#479 = PLANE ( 'NONE',  #381 ) ;
#480 = DIRECTION ( 'NONE',  ( 0.8660254037844409281, 0.000000000000000000, 0.4999999999999960587 ) ) ;
#481 = CARTESIAN_POINT ( 'NONE',  ( 8.000000000000120792, 2.600000000000000089, 10.62324495308901895 ) ) ;
#482 = EDGE_LOOP ( 'NONE', ( #1332, #1392, #1787, #704, #675, #169 ) ) ;
#483 = EDGE_CURVE ( 'NONE', #1477, #639, #992, .T. ) ;
#484 = EDGE_LOOP ( 'NONE', ( #176, #1221, #462, #1390 ) ) ;
#485 = DIRECTION ( 'NONE',  ( -0.8660254037844328234, 0.000000000000000000, 0.5000000000000101030 ) ) ;
#486 = EDGE_LOOP ( 'NONE', ( #2224, #2200, #2016, #966 ) ) ;
#487 = DIRECTION ( 'NONE',  ( -0.000000000000000000, 1.000000000000000000, -0.000000000000000000 ) ) ;
#488 = DIRECTION ( 'NONE',  ( 0.000000000000000000, 0.000000000000000000, 1.000000000000000000 ) ) ;
#489 = CARTESIAN_POINT ( 'NONE',  ( -13.85640646055102643, 0.000000000000000000, -7.999999999999998224 ) ) ;
#490 = LINE ( 'NONE', #452, #1708 ) ;
#491 = VERTEX_POINT ( 'NONE', #2029 ) ;
#492 = DIRECTION ( 'NONE',  ( 0.000000000000000000, 0.000000000000000000, -1.000000000000000000 ) ) ;
#493 = VECTOR ( 'NONE', #1564, 1000.000000000000000 ) ;
#494 = ORIENTED_EDGE ( 'NONE', *, *, #1113, .F. ) ;
#495 = AXIS2_PLACEMENT_3D ( 'NONE', #1884, #21, #2511 ) ;
#496 = LOCAL_TIME ( 21, 26, 25.00000000000000000, #2276 ) ;
#497 = EDGE_CURVE ( 'NONE', #595, #972, #1208, .T. ) ;
#498 = EDGE_LOOP ( 'NONE', ( #400, #16, #1175, #1162 ) ) ;
#499 = AXIS2_PLACEMENT_3D ( 'NONE', #769, #2013, #355 ) ;
#500 = CARTESIAN_POINT ( 'NONE',  ( 8.000000000000120792, 2.600000000000000089, 10.62324495308901895 ) ) ;
#501 = ORIENTED_EDGE ( 'NONE', *, *, #2444, .F. ) ;
#502 = CARTESIAN_POINT ( 'NONE',  ( 13.85640646055102110, 6.000000000000000000, 6.200000000000001954 ) ) ;
#503 = CARTESIAN_POINT ( 'NONE',  ( 1.714505518806294638E-15, 4.440000000000001279, 16.00000000000000000 ) ) ;
#504 = CARTESIAN_POINT ( 'NONE',  ( -13.85640646055102643, 6.000000000000000000, -9.799999999999997158 ) ) ;
#505 = CARTESIAN_POINT ( 'NONE',  ( -8.000000000000076383, 0.000000000000000000, -17.08956796801289002 ) ) ;
#506 = VERTEX_POINT ( 'NONE', #795 ) ;
#507 = EDGE_CURVE ( 'NONE', #1265, #1655, #778, .T. ) ;
#508 = LINE ( 'NONE', #1341, #327 ) ;
#509 = ORIENTED_EDGE ( 'NONE', *, *, #962, .T. ) ;
#510 = PERSON ( 'UNSPECIFIED', 'UNSPECIFIED', 'UNSPECIFIED', ('UNSPECIFIED'), ('UNSPECIFIED'), ('UNSPECIFIED') ) ;
#511 = AXIS2_PLACEMENT_3D ( 'NONE', #2668, #1109, #2155 ) ;
#512 = ORIENTED_EDGE ( 'NONE', *, *, #1833, .T. ) ;
#513 = CARTESIAN_POINT ( 'NONE',  ( 10.79999999999996518, 0.000000000000000000, -15.47298721428199109 ) ) ;
#514 = ORIENTED_EDGE ( 'NONE', *, *, #2238, .F. ) ;
#515 = VECTOR ( 'NONE', #1840, 999.9999999999998863 ) ;
#516 = DIRECTION ( 'NONE',  ( 0.8660254037844375974, 0.000000000000000000, -0.5000000000000017764 ) ) ;
#517 = CARTESIAN_POINT ( 'NONE',  ( 10.79999999999997407, 0.000000000000000000, -12.23982570682009197 ) ) ;
#518 = CARTESIAN_POINT ( 'NONE',  ( 5.200000000000140510, 0.000000000000000000, 12.23982570682000315 ) ) ;
#519 = CARTESIAN_POINT ( 'NONE',  ( 3.306546357697853733E-16, 0.000000000000000000, -2.700000000000000178 ) ) ;
#520 = EDGE_LOOP ( 'NONE', ( #2647, #870, #1785, #776 ) ) ;
#521 = ADVANCED_FACE ( 'NONE', ( #2673 ), #2474, .F. ) ;
#522 = LINE ( 'NONE', #1352, #1203 ) ;
#523 = EDGE_CURVE ( 'NONE', #2434, #1695, #386, .T. ) ;
#524 = ORIENTED_EDGE ( 'NONE', *, *, #604, .T. ) ;
#525 = ADVANCED_FACE ( 'NONE', ( #614 ), #600, .F. ) ;
#526 = ORIENTED_EDGE ( 'NONE', *, *, #141, .T. ) ;
#527 = CARTESIAN_POINT ( 'NONE',  ( 10.79999999999997407, 2.600000000000000089, -12.23982570682009197 ) ) ;
#528 = DIRECTION ( 'NONE',  ( -0.000000000000000000, 1.000000000000000000, -0.000000000000000000 ) ) ;
#529 = PLANE ( 'NONE',  #1453 ) ;
#530 = CARTESIAN_POINT ( 'NONE',  ( 8.000000000000161648, 2.600000000000000089, 12.25640646055093086 ) ) ;
#531 = CARTESIAN_POINT ( 'NONE',  ( -8.000000000000047962, 2.600000000000000089, -10.62324495308907757 ) ) ;
#532 = DIRECTION ( 'NONE',  ( -0.000000000000000000, -1.000000000000000000, -0.000000000000000000 ) ) ;
#533 = EDGE_CURVE ( 'NONE', #361, #6, #1474, .T. ) ;
#534 = ORIENTED_EDGE ( 'NONE', *, *, #664, .T. ) ;
#535 = DIRECTION ( 'NONE',  ( 0.000000000000000000, 0.000000000000000000, 1.000000000000000000 ) ) ;
#536 = VERTEX_POINT ( 'NONE', #2213 ) ;
#537 = AXIS2_PLACEMENT_3D ( 'NONE', #393, #1612, #2033 ) ;
#538 = EDGE_CURVE ( 'NONE', #1839, #1356, #300, .T. ) ;
#539 = CARTESIAN_POINT ( 'NONE',  ( 10.80000000000014282, 2.600000000000000089, 12.23982570681994098 ) ) ;
#540 = VECTOR ( 'NONE', #279, 1000.000000000000000 ) ;
#541 = LINE ( 'NONE', #911, #2053 ) ;
#542 =( NAMED_UNIT ( * ) PLANE_ANGLE_UNIT ( ) SI_UNIT ( $, .RADIAN. ) );
#543 = CARTESIAN_POINT ( 'NONE',  ( -18.79999999999999716, 2.600000000000000089, -1.616580753730956443 ) ) ;
#544 = CIRCLE ( 'NONE', #74, 20.10000000000000142 ) ;
#545 = CARTESIAN_POINT ( 'NONE',  ( 7.999999999999968914, 2.600000000000000089, -12.25640646055104632 ) ) ;
#546 = CARTESIAN_POINT ( 'NONE',  ( 18.79999999999999716, 2.600000000000000089, -1.616580753730952669 ) ) ;
#547 = APPROVAL ( #201, 'UNSPECIFIED' ) ;
#548 = CARTESIAN_POINT ( 'NONE',  ( 10.79999999999997407, 2.600000000000000089, -12.23982570682009197 ) ) ;
#549 = ORIENTED_EDGE ( 'NONE', *, *, #2537, .T. ) ;
#550 = VERTEX_POINT ( 'NONE', #14 ) ;
#551 = ADVANCED_FACE ( 'NONE', ( #1077 ), #2375, .F. ) ;
#552 = PRODUCT_DEFINITION_SHAPE ( 'NONE', 'NONE',  #50 ) ;
#553 = ADVANCED_FACE ( 'NONE', ( #48, #647 ), #848, .T. ) ;
#554 = CARTESIAN_POINT ( 'NONE',  ( 13.85640646055101222, 6.000000000000000000, -8.000000000000010658 ) ) ;
#555 = VECTOR ( 'NONE', #2287, 1000.000000000000227 ) ;
#556 = VECTOR ( 'NONE', #1864, 1000.000000000000000 ) ;
#557 = ORIENTED_EDGE ( 'NONE', *, *, #2179, .F. ) ;
#558 = CYLINDRICAL_SURFACE ( 'NONE', #613, 1.599999999999992983 ) ;
#559 = EDGE_CURVE ( 'NONE', #1299, #2335, #2290, .T. ) ;
#560 = VECTOR ( 'NONE', #205, 1000.000000000000000 ) ;
#561 = CARTESIAN_POINT ( 'NONE',  ( 5.200000000000178701, 0.000000000000000000, 15.47298721428191293 ) ) ;
#562 = DIRECTION ( 'NONE',  ( -0.000000000000000000, -1.000000000000000000, -0.000000000000000000 ) ) ;
#563 = ORIENTED_EDGE ( 'NONE', *, *, #2430, .T. ) ;
#564 = ORIENTED_EDGE ( 'NONE', *, *, #1654, .T. ) ;
#565 = ORIENTED_EDGE ( 'NONE', *, *, #2087, .T. ) ;
#566 = VECTOR ( 'NONE', #485, 1000.000000000000000 ) ;
#567 = VERTEX_POINT ( 'NONE', #1457 ) ;
#568 = DIRECTION ( 'NONE',  ( -0.4999999999999998890, 0.000000000000000000, -0.8660254037844387076 ) ) ;
#569 = EDGE_LOOP ( 'NONE', ( #2589, #427, #135, #2554, #260, #2293 ) ) ;
#570 = CARTESIAN_POINT ( 'NONE',  ( 5.200000000000140510, 0.000000000000000000, 12.23982570682000315 ) ) ;
#571 = ORIENTED_EDGE ( 'NONE', *, *, #2243, .T. ) ;
#572 = CARTESIAN_POINT ( 'NONE',  ( -8.000000000000065725, 6.000000000000000000, -13.85640646055098379 ) ) ;
#573 = ORIENTED_EDGE ( 'NONE', *, *, #885, .F. ) ;
#574 = DIRECTION ( 'NONE',  ( -0.000000000000000000, -1.000000000000000000, -0.000000000000000000 ) ) ;
#575 = ADVANCED_FACE ( 'NONE', ( #1705 ), #1281, .F. ) ;
#576 = EDGE_LOOP ( 'NONE', ( #2137, #170 ) ) ;
#577 = LINE ( 'NONE', #2295, #1367 ) ;
#578 = EDGE_CURVE ( 'NONE', #1695, #1751, #1897, .T. ) ;
#579 = CIRCLE ( 'NONE', #363, 1.799999999999999600 ) ;
#580 = LOCAL_TIME ( 21, 26, 25.00000000000000000, #2294 ) ;
#581 = VERTEX_POINT ( 'NONE', #32 ) ;
#582 = LINE ( 'NONE', #2078, #890 ) ;
#583 = DIRECTION ( 'NONE',  ( 0.8660254037844328234, 0.000000000000000000, -0.5000000000000101030 ) ) ;
#584 = VECTOR ( 'NONE', #1131, 1000.000000000000000 ) ;
#585 = LINE ( 'NONE', #1804, #1721 ) ;
#586 = VERTEX_POINT ( 'NONE', #424 ) ;
#587 = VECTOR ( 'NONE', #1563, 1000.000000000000000 ) ;
#588 = EDGE_CURVE ( 'NONE', #1351, #665, #1463, .T. ) ;
#589 = DIRECTION ( 'NONE',  ( -0.000000000000000000, 1.000000000000000000, -0.000000000000000000 ) ) ;
#590 = DIRECTION ( 'NONE',  ( -0.8660254037844432595, 0.000000000000000000, -0.4999999999999919509 ) ) ;
#591 = ORIENTED_EDGE ( 'NONE', *, *, #637, .T. ) ;
#592 = FACE_OUTER_BOUND ( 'NONE', #1910, .T. ) ;
#593 = CARTESIAN_POINT ( 'NONE',  ( -8.000000000000065725, 2.599999999999998757, -13.85640646055098379 ) ) ;
#594 = FACE_OUTER_BOUND ( 'NONE', #1548, .T. ) ;
#595 = VERTEX_POINT ( 'NONE', #1656 ) ;
#596 = CARTESIAN_POINT ( 'NONE',  ( 10.80000000000014282, 2.600000000000000089, 12.23982570681994098 ) ) ;
#597 = CARTESIAN_POINT ( 'NONE',  ( -7.999999999999872102, 2.599999999999998757, 12.25640646055110494 ) ) ;
#598 = FACE_OUTER_BOUND ( 'NONE', #2359, .T. ) ;
#599 = AXIS2_PLACEMENT_3D ( 'NONE', #419, #1275, #2050 ) ;
#600 = PLANE ( 'NONE',  #1951 ) ;
#601 = ORIENTED_EDGE ( 'NONE', *, *, #923, .F. ) ;
#602 = DIRECTION ( 'NONE',  ( -0.000000000000000000, -1.000000000000000000, -0.000000000000000000 ) ) ;
#603 = FACE_BOUND ( 'NONE', #770, .T. ) ;
#604 = EDGE_CURVE ( 'NONE', #928, #1643, #862, .T. ) ;
#605 = LINE ( 'NONE', #809, #192 ) ;
#606 = ORIENTED_EDGE ( 'NONE', *, *, #2165, .F. ) ;
#607 = AXIS2_PLACEMENT_3D ( 'NONE', #1725, #1534, #1069 ) ;
#608 = CARTESIAN_POINT ( 'NONE',  ( 5.200000000000178701, 2.600000000000000089, 15.47298721428191293 ) ) ;
#609 = DIRECTION ( 'NONE',  ( 0.000000000000000000, 0.000000000000000000, -1.000000000000000000 ) ) ;
#610 = FACE_OUTER_BOUND ( 'NONE', #1186, .T. ) ;
#611 = EDGE_CURVE ( 'NONE', #455, #1477, #2156, .T. ) ;
#612 = EDGE_LOOP ( 'NONE', ( #2281, #1464 ) ) ;
#613 = AXIS2_PLACEMENT_3D ( 'NONE', #1384, #2207, #350 ) ;
#614 = FACE_OUTER_BOUND ( 'NONE', #1491, .T. ) ;
#615 = DIRECTION ( 'NONE',  ( 0.4999999999999998890, -0.000000000000000000, 0.8660254037844387076 ) ) ;
#616 = FACE_BOUND ( 'NONE', #2576, .T. ) ;
#617 = ORIENTED_EDGE ( 'NONE', *, *, #2049, .F. ) ;
#618 = CARTESIAN_POINT ( 'NONE',  ( 16.00000000000000000, 0.000000000000000000, 3.233161507461905781 ) ) ;
#619 = EDGE_CURVE ( 'NONE', #1621, #2602, #1490, .T. ) ;
#620 = CIRCLE ( 'NONE', #1182, 1.799999999999997824 ) ;
#621 = ORIENTED_EDGE ( 'NONE', *, *, #1172, .F. ) ;
#622 = VECTOR ( 'NONE', #1661, 1000.000000000000000 ) ;
#623 = PLANE ( 'NONE',  #1145 ) ;
#624 = CARTESIAN_POINT ( 'NONE',  ( 5.200000000000140510, 2.600000000000000089, 12.23982570682000315 ) ) ;
#625 = AXIS2_PLACEMENT_3D ( 'NONE', #314, #751, #1781 ) ;
#626 = FACE_BOUND ( 'NONE', #1712, .T. ) ;
#627 = DIRECTION ( 'NONE',  ( 1.000000000000000000, -0.000000000000000000, 5.365409281204141229E-16 ) ) ;
#628 = EDGE_LOOP ( 'NONE', ( #1155, #1795, #1157, #2631 ) ) ;
#629 = AXIS2_PLACEMENT_3D ( 'NONE', #1665, #395, #190 ) ;
#630 = DIRECTION ( 'NONE',  ( 0.000000000000000000, 0.000000000000000000, 1.000000000000000000 ) ) ;
#631 = AXIS2_PLACEMENT_3D ( 'NONE', #1127, #1958, #924 ) ;
#632 = EDGE_LOOP ( 'NONE', ( #882, #1180 ) ) ;
#633 = FACE_BOUND ( 'NONE', #1666, .T. ) ;
#634 = EDGE_LOOP ( 'NONE', ( #41, #2646 ) ) ;
#635 = LINE ( 'NONE', #1204, #408 ) ;
#636 = EDGE_CURVE ( 'NONE', #2335, #2289, #1048, .T. ) ;
#637 = EDGE_CURVE ( 'NONE', #2143, #1093, #1296, .T. ) ;
#638 = FACE_OUTER_BOUND ( 'NONE', #2648, .T. ) ;
#639 = VERTEX_POINT ( 'NONE', #2318 ) ;
#640 = DIRECTION ( 'NONE',  ( 0.8660254037844330455, 0.000000000000000000, -0.5000000000000096589 ) ) ;
#641 = DIRECTION ( 'NONE',  ( 0.000000000000000000, 0.000000000000000000, -1.000000000000000000 ) ) ;
#642 = DIRECTION ( 'NONE',  ( 0.000000000000000000, 0.000000000000000000, 1.000000000000000000 ) ) ;
#643 = EDGE_CURVE ( 'NONE', #839, #92, #456, .T. ) ;
#644 = CIRCLE ( 'NONE', #2507, 1.799999999999999600 ) ;
#645 = AXIS2_PLACEMENT_3D ( 'NONE', #1250, #658, #2126 ) ;
#646 = ORIENTED_EDGE ( 'NONE', *, *, #2205, .F. ) ;
#647 = FACE_OUTER_BOUND ( 'NONE', #2212, .T. ) ;
#648 = CONICAL_SURFACE ( 'NONE', #126, 3.360000000000000320, 0.7853981633974488341 ) ;
#649 = EDGE_LOOP ( 'NONE', ( #1254, #1902, #2069, #1806 ) ) ;
#650 = AXIS2_PLACEMENT_3D ( 'NONE', #2334, #1, #630 ) ;
#651 = CARTESIAN_POINT ( 'NONE',  ( -13.19999999999999574, 2.600000000000000089, -1.616580753730952891 ) ) ;
#652 = FACE_OUTER_BOUND ( 'NONE', #1759, .T. ) ;
#653 = ORIENTED_EDGE ( 'NONE', *, *, #1285, .F. ) ;
#654 = ADVANCED_FACE ( 'NONE', ( #268 ), #2115, .F. ) ;
#655 = DIRECTION ( 'NONE',  ( -0.000000000000000000, -1.000000000000000000, -0.000000000000000000 ) ) ;
#656 = EDGE_LOOP ( 'NONE', ( #2086, #1410, #1819, #1047 ) ) ;
#657 = DIRECTION ( 'NONE',  ( -1.000000000000000000, 0.000000000000000000, 4.440892098500625373E-15 ) ) ;
#658 = DIRECTION ( 'NONE',  ( -0.000000000000000000, 1.000000000000000000, -0.000000000000000000 ) ) ;
#659 = ORIENTED_EDGE ( 'NONE', *, *, #2175, .F. ) ;
#660 = CARTESIAN_POINT ( 'NONE',  ( 8.000000000000191847, 2.600000000000000089, 17.08956796801282962 ) ) ;
#661 = ORIENTED_EDGE ( 'NONE', *, *, #1599, .F. ) ;
#662 = CONICAL_SURFACE ( 'NONE', #1223, 3.360000000000002096, 0.7853981633974489451 ) ;
#663 = PERSON_AND_ORGANIZATION_ROLE ( 'creator' ) ;
#664 = EDGE_CURVE ( 'NONE', #2413, #972, #686, .T. ) ;
#665 = VERTEX_POINT ( 'NONE', #1266 ) ;
#666 = DIRECTION ( 'NONE',  ( -0.000000000000000000, 1.000000000000000000, -0.000000000000000000 ) ) ;
#667 = ORIENTED_EDGE ( 'NONE', *, *, #1199, .T. ) ;
#668 = AXIS2_PLACEMENT_3D ( 'NONE', #2316, #306, #1307 ) ;
#669 = CARTESIAN_POINT ( 'NONE',  ( -16.00000000000000000, 0.000000000000000000, -3.233161507461905781 ) ) ;
#670 = LINE ( 'NONE', #1861, #110 ) ;
#671 = DIRECTION ( 'NONE',  ( 0.000000000000000000, 0.000000000000000000, -1.000000000000000000 ) ) ;
#672 = DIRECTION ( 'NONE',  ( 0.000000000000000000, 0.000000000000000000, 1.000000000000000000 ) ) ;
#673 = AXIS2_PLACEMENT_3D ( 'NONE', #93, #311, #958 ) ;
#674 = EDGE_CURVE ( 'NONE', #2189, #2, #2345, .T. ) ;
#675 = ORIENTED_EDGE ( 'NONE', *, *, #2551, .F. ) ;
#676 = DIRECTION ( 'NONE',  ( 0.000000000000000000, 0.000000000000000000, 1.000000000000000000 ) ) ;
#677 = EDGE_LOOP ( 'NONE', ( #621, #2338, #1342, #54 ) ) ;
#678 = AXIS2_PLACEMENT_3D ( 'NONE', #1894, #1917, #28 ) ;
#679 = PERSON_AND_ORGANIZATION_ROLE ( 'design_supplier' ) ;
#680 = EDGE_LOOP ( 'NONE', ( #980, #2661, #254, #318 ) ) ;
#681 = LINE ( 'NONE', #1914, #1667 ) ;
#682 = VERTEX_POINT ( 'NONE', #2098 ) ;
#683 = DIRECTION ( 'NONE',  ( 0.4999999999999901745, 0.000000000000000000, -0.8660254037844442587 ) ) ;
#684 = CARTESIAN_POINT ( 'NONE',  ( 13.85640646055101222, 4.440000000000001279, -8.000000000000010658 ) ) ;
#685 = LINE ( 'NONE', #505, #752 ) ;
#686 = LINE ( 'NONE', #441, #380 ) ;
#687 = ORIENTED_EDGE ( 'NONE', *, *, #2243, .F. ) ;
#688 = EDGE_CURVE ( 'NONE', #506, #876, #115, .T. ) ;
#689 = AXIS2_PLACEMENT_3D ( 'NONE', #1720, #2549, #255 ) ;
#690 = AXIS2_PLACEMENT_3D ( 'NONE', #42, #657, #1484 ) ;
#691 = VERTEX_POINT ( 'NONE', #90 ) ;
#692 = CARTESIAN_POINT ( 'NONE',  ( 1.714505518806294638E-15, 0.000000000000000000, 16.00000000000000000 ) ) ;
#693 = ORIENTED_EDGE ( 'NONE', *, *, #1459, .F. ) ;
#694 = DIRECTION ( 'NONE',  ( 0.8660254037844363761, 0.000000000000000000, -0.5000000000000039968 ) ) ;
#695 = DIRECTION ( 'NONE',  ( -0.000000000000000000, 1.000000000000000000, -0.000000000000000000 ) ) ;
#696 = DIRECTION ( 'NONE',  ( -0.000000000000000000, 1.000000000000000000, -0.000000000000000000 ) ) ;
#697 = CARTESIAN_POINT ( 'NONE',  ( 5.200000000000178701, 2.600000000000000089, 15.47298721428191293 ) ) ;
#698 = EDGE_LOOP ( 'NONE', ( #1748, #1088, #1005, #147 ) ) ;
#699 = DIRECTION ( 'NONE',  ( 1.000000000000000000, 0.000000000000000000, -2.164934898019055254E-15 ) ) ;
#700 = EDGE_CURVE ( 'NONE', #196, #682, #1809, .T. ) ;
#701 = ORIENTED_EDGE ( 'NONE', *, *, #611, .T. ) ;
#702 = ORIENTED_EDGE ( 'NONE', *, *, #964, .T. ) ;
#703 = CARTESIAN_POINT ( 'NONE',  ( 18.79999999999999716, 0.000000000000000000, 1.616580753730956443 ) ) ;
#704 = ORIENTED_EDGE ( 'NONE', *, *, #2477, .F. ) ;
#705 = EDGE_CURVE ( 'NONE', #333, #310, #644, .T. ) ;
#706 = CARTESIAN_POINT ( 'NONE',  ( 7.999999999999968914, 2.599999999999998757, -15.45640646055102430 ) ) ;
#707 = FACE_OUTER_BOUND ( 'NONE', #1532, .T. ) ;
#708 = CARTESIAN_POINT ( 'NONE',  ( -13.85640646055102110, 4.440000000000001279, 9.800000000000002487 ) ) ;
#709 = DIRECTION ( 'NONE',  ( -0.000000000000000000, 1.000000000000000000, -0.000000000000000000 ) ) ;
#710 = CARTESIAN_POINT ( 'NONE',  ( -13.85640646055102110, 4.440000000000001279, 8.000000000000003553 ) ) ;
#711 = ORIENTED_EDGE ( 'NONE', *, *, #129, .T. ) ;
#712 = VECTOR ( 'NONE', #666, 1000.000000000000000 ) ;
#713 = CC_DESIGN_APPROVAL ( #466, ( #2103 ) ) ;
#714 = VECTOR ( 'NONE', #166, 1000.000000000000114 ) ;
#715 = ORIENTED_EDGE ( 'NONE', *, *, #1681, .F. ) ;
#716 = AXIS2_PLACEMENT_3D ( 'NONE', #1728, #695, #488 ) ;
#717 = CARTESIAN_POINT ( 'NONE',  ( 7.999999999999958256, 0.000000000000000000, -17.08956796801293621 ) ) ;
#718 = ORIENTED_EDGE ( 'NONE', *, *, #1383, .T. ) ;
#719 = EDGE_CURVE ( 'NONE', #581, #1206, #954, .T. ) ;
#720 = EDGE_CURVE ( 'NONE', #196, #2397, #522, .T. ) ;
#721 = CARTESIAN_POINT ( 'NONE',  ( 5.199999999999964650, 2.600000000000000089, -15.47298721428198398 ) ) ;
#722 = EDGE_CURVE ( 'NONE', #818, #2064, #1074, .T. ) ;
#723 = LINE ( 'NONE', #2145, #2063 ) ;
#724 = CARTESIAN_POINT ( 'NONE',  ( 7.999999999999974243, 2.600000000000000089, -10.62324495308913086 ) ) ;
#725 = CARTESIAN_POINT ( 'NONE',  ( 8.000000000000161648, 2.600000000000000089, 15.45640646055091949 ) ) ;
#726 = VERTEX_POINT ( 'NONE', #1989 ) ;
#727 = CARTESIAN_POINT ( 'NONE',  ( -10.79999999999985860, 2.600000000000000089, 15.47298721428206569 ) ) ;
#728 = EDGE_CURVE ( 'NONE', #2422, #1657, #128, .T. ) ;
#729 = VERTEX_POINT ( 'NONE', #2600 ) ;
#730 = VECTOR ( 'NONE', #1937, 1000.000000000000000 ) ;
#731 = VECTOR ( 'NONE', #60, 1000.000000000000114 ) ;
#732 = AXIS2_PLACEMENT_3D ( 'NONE', #2471, #1224, #1413 ) ;
#733 = VECTOR ( 'NONE', #463, 1000.000000000000114 ) ;
#734 = ADVANCED_FACE ( 'NONE', ( #2138 ), #1784, .F. ) ;
#735 = VERTEX_POINT ( 'NONE', #317 ) ;
#736 = CARTESIAN_POINT ( 'NONE',  ( -10.79999999999985860, 0.000000000000000000, 15.47298721428206569 ) ) ;
#737 = CARTESIAN_POINT ( 'NONE',  ( -3.063701236695603505E-15, 6.000000000000000000, -12.64000000000000412 ) ) ;
#738 = CARTESIAN_POINT ( 'NONE',  ( 16.00000000000000000, 6.000000000000000000, -1.600000000000000755 ) ) ;
#739 = ADVANCED_FACE ( 'NONE', ( #1142 ), #99, .F. ) ;
#740 = DIRECTION ( 'NONE',  ( 0.000000000000000000, 0.000000000000000000, 1.000000000000000000 ) ) ;
#741 = PLANE ( 'NONE',  #2324 ) ;
#742 = CARTESIAN_POINT ( 'NONE',  ( 13.19999999999999574, 2.600000000000000089, 1.616580753730952891 ) ) ;
#743 = CARTESIAN_POINT ( 'NONE',  ( 10.79999999999996518, 2.600000000000000089, -15.47298721428199109 ) ) ;
#744 = EDGE_LOOP ( 'NONE', ( #1481, #1101, #2441, #440 ) ) ;
#745 = EDGE_LOOP ( 'NONE', ( #2636, #2043, #1557, #2218 ) ) ;
#746 = LINE ( 'NONE', #1778, #2486 ) ;
#747 = CC_DESIGN_PERSON_AND_ORGANIZATION_ASSIGNMENT ( #215, #1869, ( #2015 ) ) ;
#748 = AXIS2_PLACEMENT_3D ( 'NONE', #753, #1577, #1397 ) ;
#749 = LINE ( 'NONE', #1574, #891 ) ;
#750 = DIRECTION ( 'NONE',  ( -0.000000000000000000, 1.000000000000000000, -0.000000000000000000 ) ) ;
#751 = DIRECTION ( 'NONE',  ( -0.000000000000000000, 1.000000000000000000, -0.000000000000000000 ) ) ;
#752 = VECTOR ( 'NONE', #480, 1000.000000000000114 ) ;
#753 = CARTESIAN_POINT ( 'NONE',  ( 8.000000000000161648, 2.599999999999998757, 13.85640646055092517 ) ) ;
#754 = PLANE ( 'NONE',  #1422 ) ;
#755 = DIRECTION ( 'NONE',  ( 0.000000000000000000, 0.000000000000000000, 1.000000000000000000 ) ) ;
#756 = ORIENTED_EDGE ( 'NONE', *, *, #403, .T. ) ;
#757 = EDGE_CURVE ( 'NONE', #2497, #1441, #1060, .T. ) ;
#758 = EDGE_CURVE ( 'NONE', #691, #2176, #2326, .T. ) ;
#759 = AXIS2_PLACEMENT_3D ( 'NONE', #2376, #106, #2416 ) ;
#760 = CIRCLE ( 'NONE', #1445, 2.700000000000000178 ) ;
#761 = EDGE_LOOP ( 'NONE', ( #718, #1851 ) ) ;
#762 = FACE_OUTER_BOUND ( 'NONE', #1053, .T. ) ;
#763 = CIRCLE ( 'NONE', #2105, 1.599999999999998979 ) ;
#764 = CONICAL_SURFACE ( 'NONE', #282, 3.360000000000000320, 0.7853981633974489451 ) ;
#765 = ORIENTED_EDGE ( 'NONE', *, *, #722, .T. ) ;
#766 = DIRECTION ( 'NONE',  ( 0.8660254037844340447, 0.000000000000000000, -0.5000000000000078826 ) ) ;
#767 = CARTESIAN_POINT ( 'NONE',  ( 0.000000000000000000, 6.000000000000000000, 2.700000000000000178 ) ) ;
#768 = CARTESIAN_POINT ( 'NONE',  ( 18.79999999999999716, 0.000000000000000000, 1.616580753730956443 ) ) ;
#769 = CARTESIAN_POINT ( 'NONE',  ( -10.79999999999985860, 2.600000000000000089, 15.47298721428206569 ) ) ;
#770 = EDGE_LOOP ( 'NONE', ( #2373, #701 ) ) ;
#771 = ORIENTED_EDGE ( 'NONE', *, *, #772, .T. ) ;
#772 = EDGE_CURVE ( 'NONE', #2377, #357, #2398, .T. ) ;
#773 = DIRECTION ( 'NONE',  ( 0.000000000000000000, 0.000000000000000000, 1.000000000000000000 ) ) ;
#774 = CIRCLE ( 'NONE', #1558, 3.360000000000000320 ) ;
#775 = AXIS2_PLACEMENT_3D ( 'NONE', #2394, #1575, #2585 ) ;
#776 = ORIENTED_EDGE ( 'NONE', *, *, #497, .T. ) ;
#777 = DIRECTION ( 'NONE',  ( 8.659560562354937789E-17, 0.7071067811865470176, -0.7071067811865479058 ) ) ;
#778 = CIRCLE ( 'NONE', #2634, 1.799999999999999600 ) ;
#779 = DIRECTION ( 'NONE',  ( 0.000000000000000000, -1.000000000000000000, 0.000000000000000000 ) ) ;
#780 = LINE ( 'NONE', #2000, #2062 ) ;
#781 = DIRECTION ( 'NONE',  ( 0.8660254037844384856, 0.000000000000000000, 0.5000000000000002220 ) ) ;
#782 = EDGE_LOOP ( 'NONE', ( #2417, #2542, #2581, #2298 ) ) ;
#783 = EDGE_CURVE ( 'NONE', #1655, #1265, #2660, .T. ) ;
#784 = ORIENTED_EDGE ( 'NONE', *, *, #1001, .T. ) ;
#785 = AXIS2_PLACEMENT_3D ( 'NONE', #83, #2142, #1301 ) ;
#786 = CARTESIAN_POINT ( 'NONE',  ( -16.00000000000000000, 2.599999999999998757, 1.599999999999986766 ) ) ;
#787 = CARTESIAN_POINT ( 'NONE',  ( -7.999999999999840128, 2.600000000000000089, 17.08956796801299305 ) ) ;
#788 = ORIENTED_EDGE ( 'NONE', *, *, #1613, .T. ) ;
#789 = EDGE_CURVE ( 'NONE', #1265, #2497, #2188, .T. ) ;
#790 = CARTESIAN_POINT ( 'NONE',  ( 13.85640646055101222, 0.000000000000000000, -8.000000000000010658 ) ) ;
#791 = CARTESIAN_POINT ( 'NONE',  ( -3.063701236695603505E-15, 6.000000000000000000, -16.00000000000000355 ) ) ;
#792 = FACE_OUTER_BOUND ( 'NONE', #1976, .T. ) ;
#793 = ORIENTED_EDGE ( 'NONE', *, *, #1911, .F. ) ;
#794 = VECTOR ( 'NONE', #1551, 1000.000000000000000 ) ;
#795 = CARTESIAN_POINT ( 'NONE',  ( -16.00000000000000000, 2.600000000000000089, 3.233161507461903561 ) ) ;
#796 = CARTESIAN_POINT ( 'NONE',  ( 0.000000000000000000, 6.000000000000000000, 0.000000000000000000 ) ) ;
#797 = VECTOR ( 'NONE', #1843, 1000.000000000000114 ) ;
#798 = AXIS2_PLACEMENT_3D ( 'NONE', #1960, #340, #1166 ) ;
#799 = ORIENTED_EDGE ( 'NONE', *, *, #1258, .F. ) ;
#800 = DIRECTION ( 'NONE',  ( -0.8660254037844444808, 0.000000000000000000, -0.4999999999999900635 ) ) ;
#801 = ADVANCED_FACE ( 'NONE', ( #1115 ), #1156, .F. ) ;
#802 = CARTESIAN_POINT ( 'NONE',  ( -8.000000000000076383, 0.000000000000000000, -17.08956796801289002 ) ) ;
#803 = DIRECTION ( 'NONE',  ( -0.000000000000000000, -1.000000000000000000, -0.000000000000000000 ) ) ;
#804 = CIRCLE ( 'NONE', #412, 1.599999999999998979 ) ;
#805 = EDGE_CURVE ( 'NONE', #335, #567, #508, .T. ) ;
#806 = CARTESIAN_POINT ( 'NONE',  ( -5.200000000000071232, 2.600000000000000089, -15.47298721428195023 ) ) ;
#807 = DIRECTION ( 'NONE',  ( 0.8660254037844430375, 0.000000000000000000, 0.4999999999999923950 ) ) ;
#808 = CARTESIAN_POINT ( 'NONE',  ( -8.000000000000065725, 2.600000000000000089, -12.25640646055099126 ) ) ;
#809 = CARTESIAN_POINT ( 'NONE',  ( 5.200000000000178701, 2.600000000000000089, 15.47298721428191293 ) ) ;
#810 = EDGE_CURVE ( 'NONE', #819, #2289, #2164, .T. ) ;
#811 = ORIENTED_EDGE ( 'NONE', *, *, #932, .F. ) ;
#812 = VECTOR ( 'NONE', #44, 1000.000000000000114 ) ;
#813 = DIRECTION ( 'NONE',  ( -0.8660254037844384856, 0.000000000000000000, -0.5000000000000002220 ) ) ;
#814 = DIRECTION ( 'NONE',  ( -0.8660254037844340447, 0.000000000000000000, 0.5000000000000078826 ) ) ;
#815 = DIRECTION ( 'NONE',  ( -0.000000000000000000, -1.000000000000000000, -0.000000000000000000 ) ) ;
#816 = DIRECTION ( 'NONE',  ( 0.000000000000000000, 0.000000000000000000, 1.000000000000000000 ) ) ;
#817 = AXIS2_PLACEMENT_3D ( 'NONE', #1037, #528, #1852 ) ;
#818 = VERTEX_POINT ( 'NONE', #2588 ) ;
#819 = VERTEX_POINT ( 'NONE', #727 ) ;
#820 = EDGE_CURVE ( 'NONE', #1388, #586, #1556, .T. ) ;
#821 = FACE_OUTER_BOUND ( 'NONE', #1611, .T. ) ;
#822 = CARTESIAN_POINT ( 'NONE',  ( 8.000000000000161648, 2.600000000000000089, 13.85640646055092517 ) ) ;
#823 = LINE ( 'NONE', #981, #1925 ) ;
#824 = ORIENTED_EDGE ( 'NONE', *, *, #1663, .F. ) ;
#825 = PLANE ( 'NONE',  #1716 ) ;
#826 = CARTESIAN_POINT ( 'NONE',  ( -5.199999999999857181, 2.600000000000000089, 15.47298721428201773 ) ) ;
#827 = CARTESIAN_POINT ( 'NONE',  ( 2.461540066286179870E-15, 0.000000000000000000, 20.10000000000000142 ) ) ;
#828 = EDGE_LOOP ( 'NONE', ( #824, #715, #1693, #1468 ) ) ;
#829 = DIRECTION ( 'NONE',  ( -0.000000000000000000, -1.000000000000000000, -0.000000000000000000 ) ) ;
#830 = ORIENTED_EDGE ( 'NONE', *, *, #1029, .T. ) ;
#831 = EDGE_CURVE ( 'NONE', #344, #269, #1234, .T. ) ;
#832 = EDGE_CURVE ( 'NONE', #1311, #1407, #1428, .T. ) ;
#833 = LINE ( 'NONE', #200, #171 ) ;
#834 = FACE_BOUND ( 'NONE', #569, .T. ) ;
#835 = CALENDAR_DATE ( 2026, 26, 2 ) ;
#836 = LINE ( 'NONE', #162, #1319 ) ;
#837 = AXIS2_PLACEMENT_3D ( 'NONE', #276, #1099, #1959 ) ;
#838 = ADVANCED_FACE ( 'NONE', ( #1640 ), #764, .F. ) ;
#839 = VERTEX_POINT ( 'NONE', #1400 ) ;
#840 = VECTOR ( 'NONE', #2187, 1000.000000000000114 ) ;
#841 = DIRECTION ( 'NONE',  ( -0.8660254037844409281, 0.000000000000000000, -0.4999999999999960587 ) ) ;
#842 = ORIENTED_EDGE ( 'NONE', *, *, #157, .F. ) ;
#843 = DIRECTION ( 'NONE',  ( -0.000000000000000000, -1.000000000000000000, -0.000000000000000000 ) ) ;
#844 = CIRCLE ( 'NONE', #2360, 1.599999999999998979 ) ;
#845 = PLANE ( 'NONE',  #2370 ) ;
#846 = DIRECTION ( 'NONE',  ( -0.000000000000000000, 1.000000000000000000, -0.000000000000000000 ) ) ;
#847 = ORIENTED_EDGE ( 'NONE', *, *, #619, .F. ) ;
#848 = PLANE ( 'NONE',  #1339 ) ;
#849 = VECTOR ( 'NONE', #2286, 1000.000000000000000 ) ;
#850 = ORIENTED_EDGE ( 'NONE', *, *, #533, .F. ) ;
#851 = ADVANCED_FACE ( 'NONE', ( #2012 ), #2584, .F. ) ;
#852 = FACE_OUTER_BOUND ( 'NONE', #761, .T. ) ;
#853 = COORDINATED_UNIVERSAL_TIME_OFFSET ( 8, 0, .AHEAD. ) ;
#854 = CARTESIAN_POINT ( 'NONE',  ( -13.85640646055102110, 0.000000000000000000, 8.000000000000003553 ) ) ;
#855 = EDGE_LOOP ( 'NONE', ( #270, #617, #861, #1706 ) ) ;
#856 = CARTESIAN_POINT ( 'NONE',  ( -3.063701236695603505E-15, 0.000000000000000000, -16.00000000000000355 ) ) ;
#857 = ORIENTED_EDGE ( 'NONE', *, *, #2162, .T. ) ;
#858 = DIRECTION ( 'NONE',  ( -9.159339953157541458E-15, 0.000000000000000000, -1.000000000000000000 ) ) ;
#859 = FACE_OUTER_BOUND ( 'NONE', #628, .T. ) ;
#860 = CARTESIAN_POINT ( 'NONE',  ( 16.00000000000000000, 2.600000000000000089, 0.000000000000000000 ) ) ;
#861 = ORIENTED_EDGE ( 'NONE', *, *, #2346, .F. ) ;
#862 = LINE ( 'NONE', #2129, #903 ) ;
#863 = VECTOR ( 'NONE', #487, 1000.000000000000000 ) ;
#864 = VERTEX_POINT ( 'NONE', #546 ) ;
#865 = AXIS2_PLACEMENT_3D ( 'NONE', #1225, #1631, #325 ) ;
#866 = EDGE_CURVE ( 'NONE', #819, #1607, #780, .T. ) ;
#867 = PERSON_AND_ORGANIZATION ( #510, #1885 ) ;
#868 = ORIENTED_EDGE ( 'NONE', *, *, #1597, .F. ) ;
#869 = FACE_OUTER_BOUND ( 'NONE', #2426, .T. ) ;
#870 = ORIENTED_EDGE ( 'NONE', *, *, #1443, .F. ) ;
#871 = CARTESIAN_POINT ( 'NONE',  ( -3.063701236695603505E-15, 4.440000000000001279, -16.00000000000000355 ) ) ;
#872 = CARTESIAN_POINT ( 'NONE',  ( 0.000000000000000000, 6.000000000000000000, 0.000000000000000000 ) ) ;
#873 = EDGE_CURVE ( 'NONE', #1581, #269, #2251, .T. ) ;
#874 = CARTESIAN_POINT ( 'NONE',  ( 7.999999999999974243, 0.000000000000000000, -10.62324495308913086 ) ) ;
#875 = CARTESIAN_POINT ( 'NONE',  ( -8.000000000000047962, 2.600000000000000089, -10.62324495308907757 ) ) ;
#876 = VERTEX_POINT ( 'NONE', #369 ) ;
#877 = CARTESIAN_POINT ( 'NONE',  ( -5.200000000000055245, 2.600000000000000089, -12.23982570682004045 ) ) ;
#878 = EDGE_LOOP ( 'NONE', ( #1726, #2002, #1193, #1246 ) ) ;
#879 = APPROVAL_DATE_TIME ( #1912, #1559 ) ;
#880 = ORIENTED_EDGE ( 'NONE', *, *, #636, .F. ) ;
#881 = DIRECTION ( 'NONE',  ( -0.000000000000000000, 1.000000000000000000, -0.000000000000000000 ) ) ;
#882 = ORIENTED_EDGE ( 'NONE', *, *, #1472, .F. ) ;
#883 = DIRECTION ( 'NONE',  ( -0.000000000000000000, 1.000000000000000000, -0.000000000000000000 ) ) ;
#884 = FACE_BOUND ( 'NONE', #322, .T. ) ;
#885 = EDGE_CURVE ( 'NONE', #418, #1239, #1888, .T. ) ;
#886 = FACE_OUTER_BOUND ( 'NONE', #2091, .T. ) ;
#887 = CARTESIAN_POINT ( 'NONE',  ( 5.200000000000140510, 2.600000000000000089, 12.23982570682000315 ) ) ;
#888 = DIRECTION ( 'NONE',  ( 0.000000000000000000, 0.000000000000000000, -1.000000000000000000 ) ) ;
#889 = EDGE_LOOP ( 'NONE', ( #1904, #376 ) ) ;
#890 = VECTOR ( 'NONE', #2498, 1000.000000000000114 ) ;
#891 = VECTOR ( 'NONE', #2404, 1000.000000000000000 ) ;
#892 = ORIENTED_EDGE ( 'NONE', *, *, #643, .T. ) ;
#893 = CARTESIAN_POINT ( 'NONE',  ( 16.00000000000000000, 2.600000000000000089, 0.000000000000000000 ) ) ;
#894 = ORIENTED_EDGE ( 'NONE', *, *, #2081, .F. ) ;
#895 = EDGE_CURVE ( 'NONE', #1607, #1326, #1178, .T. ) ;
#896 = CARTESIAN_POINT ( 'NONE',  ( 8.000000000000161648, 6.000000000000000000, 12.25640646055092731 ) ) ;
#897 = CARTESIAN_POINT ( 'NONE',  ( -18.79999999999999716, 2.600000000000000089, 1.616580753730952669 ) ) ;
#898 = LINE ( 'NONE', #2146, #794 ) ;
#899 = DIRECTION ( 'NONE',  ( 1.193489751472043439E-14, 0.000000000000000000, 1.000000000000000000 ) ) ;
#900 = CARTESIAN_POINT ( 'NONE',  ( 0.000000000000000000, 6.000000000000000000, 0.000000000000000000 ) ) ;
#901 = CARTESIAN_POINT ( 'NONE',  ( -3.063701236695603505E-15, 6.000000000000000000, -16.00000000000000355 ) ) ;
#902 = ORIENTED_EDGE ( 'NONE', *, *, #2450, .F. ) ;
#903 = VECTOR ( 'NONE', #2070, 1000.000000000000000 ) ;
#904 = AXIS2_PLACEMENT_3D ( 'NONE', #2382, #949, #2172 ) ;
#905 = ADVANCED_FACE ( 'NONE', ( #987 ), #193, .T. ) ;
#906 = CIRCLE ( 'NONE', #2161, 1.799999999999999600 ) ;
#907 = ORIENTED_EDGE ( 'NONE', *, *, #2461, .F. ) ;
#908 = DIRECTION ( 'NONE',  ( 0.000000000000000000, 0.000000000000000000, 1.000000000000000000 ) ) ;
#909 = ORIENTED_EDGE ( 'NONE', *, *, #1007, .F. ) ;
#910 = DIRECTION ( 'NONE',  ( 0.000000000000000000, 0.000000000000000000, -1.000000000000000000 ) ) ;
#911 = CARTESIAN_POINT ( 'NONE',  ( -10.80000000000007354, 2.600000000000000089, -15.47298721428191826 ) ) ;
#912 = PRODUCT_RELATED_PRODUCT_CATEGORY ( 'detail', '', ( #1807 ) ) ;
#913 = CARTESIAN_POINT ( 'NONE',  ( -7.999999999999872102, 2.599999999999998757, 13.85640646055109215 ) ) ;
#914 = CIRCLE ( 'NONE', #785, 1.599999999999986766 ) ;
#915 = ORIENTED_EDGE ( 'NONE', *, *, #2288, .F. ) ;
#916 = CARTESIAN_POINT ( 'NONE',  ( 7.999999999999968914, 2.600000000000000089, -13.85640646055103886 ) ) ;
#917 = ORIENTED_EDGE ( 'NONE', *, *, #1599, .T. ) ;
#918 = ADVANCED_FACE ( 'NONE', ( #1028 ), #2683, .F. ) ;
#919 = EDGE_CURVE ( 'NONE', #1295, #1942, #66, .T. ) ;
#920 = ORIENTED_EDGE ( 'NONE', *, *, #2477, .T. ) ;
#921 = FACE_OUTER_BOUND ( 'NONE', #656, .T. ) ;
#922 = ORIENTED_EDGE ( 'NONE', *, *, #187, .T. ) ;
#923 = EDGE_CURVE ( 'NONE', #6, #361, #763, .T. ) ;
#924 = DIRECTION ( 'NONE',  ( 0.8660254037844387076, 0.000000000000000000, 0.4999999999999997224 ) ) ;
#925 = CARTESIAN_POINT ( 'NONE',  ( 16.00000000000000000, 2.599999999999998757, 0.000000000000000000 ) ) ;
#926 = DIRECTION ( 'NONE',  ( -0.000000000000000000, -1.000000000000000000, -0.000000000000000000 ) ) ;
#927 = DIRECTION ( 'NONE',  ( 0.000000000000000000, 0.000000000000000000, -1.000000000000000000 ) ) ;
#928 = VERTEX_POINT ( 'NONE', #1652 ) ;
#929 = DIRECTION ( 'NONE',  ( -0.000000000000000000, 1.000000000000000000, -0.000000000000000000 ) ) ;
#930 = ORIENTED_EDGE ( 'NONE', *, *, #2336, .F. ) ;
#931 = CIRCLE ( 'NONE', #673, 1.799999999999999600 ) ;
#932 = EDGE_CURVE ( 'NONE', #1896, #1863, #670, .T. ) ;
#933 = ORIENTED_EDGE ( 'NONE', *, *, #1211, .F. ) ;
#934 = AXIS2_PLACEMENT_3D ( 'NONE', #2247, #948, #1779 ) ;
#935 = LINE ( 'NONE', #539, #2446 ) ;
#936 = DIRECTION ( 'NONE',  ( -0.000000000000000000, 1.000000000000000000, -0.000000000000000000 ) ) ;
#937 = DIRECTION ( 'NONE',  ( 0.000000000000000000, 0.000000000000000000, -1.000000000000000000 ) ) ;
#938 = CARTESIAN_POINT ( 'NONE',  ( -16.00000000000000000, 6.000000000000000000, 0.000000000000000000 ) ) ;
#939 = CARTESIAN_POINT ( 'NONE',  ( -13.19999999999999574, 2.600000000000000089, -1.616580753730952891 ) ) ;
#940 = ORIENTED_EDGE ( 'NONE', *, *, #2205, .T. ) ;
#941 = DIRECTION ( 'NONE',  ( -0.000000000000000000, 1.000000000000000000, -0.000000000000000000 ) ) ;
#942 = ORIENTED_EDGE ( 'NONE', *, *, #1519, .T. ) ;
#943 = CC_DESIGN_PERSON_AND_ORGANIZATION_ASSIGNMENT ( #867, #679, ( #2103 ) ) ;
#944 = VECTOR ( 'NONE', #469, 1000.000000000000000 ) ;
#945 = AXIS2_PLACEMENT_3D ( 'NONE', #1549, #477, #910 ) ;
#946 = ORIENTED_EDGE ( 'NONE', *, *, #700, .F. ) ;
#947 = DIRECTION ( 'NONE',  ( 0.5000000000000022204, -0.000000000000000000, 0.8660254037844373753 ) ) ;
#948 = DIRECTION ( 'NONE',  ( -0.000000000000000000, 1.000000000000000000, -0.000000000000000000 ) ) ;
#949 = DIRECTION ( 'NONE',  ( 0.000000000000000000, -1.000000000000000000, -0.000000000000000000 ) ) ;
#951 = EDGE_CURVE ( 'NONE', #726, #1388, #1263, .T. ) ;
#950 = LINE ( 'NONE', #329, #146 ) ;
#952 = DIRECTION ( 'NONE',  ( -0.000000000000000000, -1.000000000000000000, -0.000000000000000000 ) ) ;
#953 = FACE_OUTER_BOUND ( 'NONE', #2007, .T. ) ;
#954 = LINE ( 'NONE', #2356, #2379 ) ;
#955 = UNCERTAINTY_MEASURE_WITH_UNIT (LENGTH_MEASURE( 1.000000000000000082E-05 ), #1011, 'distance_accuracy_value', 'NONE');
#956 = ORIENTED_EDGE ( 'NONE', *, *, #52, .T. ) ;
#957 = EDGE_LOOP ( 'NONE', ( #1261, #2550, #959, #1068 ) ) ;
#958 = DIRECTION ( 'NONE',  ( 0.000000000000000000, 0.000000000000000000, 1.000000000000000000 ) ) ;
#959 = ORIENTED_EDGE ( 'NONE', *, *, #604, .F. ) ;
#960 = DIRECTION ( 'NONE',  ( -0.000000000000000000, -1.000000000000000000, -0.000000000000000000 ) ) ;
#961 = FACE_OUTER_BOUND ( 'NONE', #2284, .T. ) ;
#962 = EDGE_CURVE ( 'NONE', #2602, #2651, #1045, .T. ) ;
#963 = ORIENTED_EDGE ( 'NONE', *, *, #728, .T. ) ;
#964 = EDGE_CURVE ( 'NONE', #726, #2151, #464, .T. ) ;
#965 = DIRECTION ( 'NONE',  ( -9.159339953157541458E-15, 0.000000000000000000, -1.000000000000000000 ) ) ;
#966 = ORIENTED_EDGE ( 'NONE', *, *, #1472, .T. ) ;
#967 = VECTOR ( 'NONE', #1371, 1000.000000000000114 ) ;
#968 = ORIENTED_EDGE ( 'NONE', *, *, #1519, .F. ) ;
#969 = DIRECTION ( 'NONE',  ( 1.149080830487037019E-14, 0.000000000000000000, 1.000000000000000000 ) ) ;
#970 = DIRECTION ( 'NONE',  ( -0.000000000000000000, 1.000000000000000000, -0.000000000000000000 ) ) ;
#971 = VECTOR ( 'NONE', #1291, 1000.000000000000000 ) ;
#972 = VERTEX_POINT ( 'NONE', #2080 ) ;
#973 = CARTESIAN_POINT ( 'NONE',  ( 0.000000000000000000, 0.000000000000000000, 0.000000000000000000 ) ) ;
#974 = EDGE_CURVE ( 'NONE', #2047, #2130, #2280, .T. ) ;
#975 = ORIENTED_EDGE ( 'NONE', *, *, #1059, .T. ) ;
#976 = CARTESIAN_POINT ( 'NONE',  ( -5.199999999999857181, 0.000000000000000000, 15.47298721428201773 ) ) ;
#977 = ORIENTED_EDGE ( 'NONE', *, *, #1597, .T. ) ;
#978 = FACE_OUTER_BOUND ( 'NONE', #2021, .T. ) ;
#979 = EDGE_CURVE ( 'NONE', #2064, #1283, #1471, .T. ) ;
#980 = ORIENTED_EDGE ( 'NONE', *, *, #1354, .F. ) ;
#981 = CARTESIAN_POINT ( 'NONE',  ( -13.19999999999999574, 0.000000000000000000, -1.616580753730952891 ) ) ;
#982 = AXIS2_PLACEMENT_3D ( 'NONE', #2445, #1427, #2607 ) ;
#983 = ORIENTED_EDGE ( 'NONE', *, *, #483, .F. ) ;
#984 = DIRECTION ( 'NONE',  ( 0.000000000000000000, 1.000000000000000000, 0.000000000000000000 ) ) ;
#985 = VECTOR ( 'NONE', #2663, 1000.000000000000000 ) ;
#986 = CARTESIAN_POINT ( 'NONE',  ( 7.999999999999968914, 6.000000000000000000, -15.45640646055103673 ) ) ;
#987 = FACE_OUTER_BOUND ( 'NONE', #238, .T. ) ;
#988 = CARTESIAN_POINT ( 'NONE',  ( 18.79999999999999716, 0.000000000000000000, -1.616580753730952669 ) ) ;
#989 = ORIENTED_EDGE ( 'NONE', *, *, #1694, .T. ) ;
#990 = CARTESIAN_POINT ( 'NONE',  ( 10.80000000000018012, 2.600000000000000089, 15.47298721428184365 ) ) ;
#991 = VERTEX_POINT ( 'NONE', #2125 ) ;
#992 = LINE ( 'NONE', #3, #428 ) ;
#993 = ADVANCED_FACE ( 'NONE', ( #2110, #1905, #626, #884, #2266, #264, #251, #1670, #1085, #43, #420, #222, #1875, #9 ), #845, .T. ) ;
#994 = ADVANCED_FACE ( 'NONE', ( #859 ), #2517, .F. ) ;
#995 = VERTEX_POINT ( 'NONE', #275 ) ;
#996 = ADVANCED_FACE ( 'NONE', ( #1305 ), #529, .F. ) ;
#997 = DIRECTION ( 'NONE',  ( -0.8660254037844408170, 0.000000000000000000, -0.4999999999999961697 ) ) ;
#998 = DIRECTION ( 'NONE',  ( -0.000000000000000000, -1.000000000000000000, -0.000000000000000000 ) ) ;
#999 = ORIENTED_EDGE ( 'NONE', *, *, #805, .T. ) ;
#1000 = DIRECTION ( 'NONE',  ( -1.149080830487037177E-14, 0.000000000000000000, -1.000000000000000000 ) ) ;
#1001 = EDGE_CURVE ( 'NONE', #1592, #1749, #1763, .T. ) ;
#1002 = CARTESIAN_POINT ( 'NONE',  ( 0.000000000000000000, 2.600000000000000089, 0.000000000000000000 ) ) ;
#1003 = VECTOR ( 'NONE', #2136, 1000.000000000000000 ) ;
#1004 = LINE ( 'NONE', #194, #114 ) ;
#1005 = ORIENTED_EDGE ( 'NONE', *, *, #974, .T. ) ;
#1006 = VECTOR ( 'NONE', #1730, 1000.000000000000114 ) ;
#1007 = EDGE_CURVE ( 'NONE', #550, #1299, #2559, .T. ) ;
#1008 = CARTESIAN_POINT ( 'NONE',  ( -10.80000000000007354, 2.600000000000000089, -15.47298721428191826 ) ) ;
#1009 = DIRECTION ( 'NONE',  ( -0.000000000000000000, -1.000000000000000000, -0.000000000000000000 ) ) ;
#1010 = ORIENTED_EDGE ( 'NONE', *, *, #951, .T. ) ;
#1011 =( LENGTH_UNIT ( ) NAMED_UNIT ( * ) SI_UNIT ( .MILLI., .METRE. ) );
#1012 = DIRECTION ( 'NONE',  ( -0.000000000000000000, -1.000000000000000000, -0.000000000000000000 ) ) ;
#1013 =( GEOMETRIC_REPRESENTATION_CONTEXT ( 3 ) GLOBAL_UNCERTAINTY_ASSIGNED_CONTEXT ( ( #955 ) ) GLOBAL_UNIT_ASSIGNED_CONTEXT ( ( #1011, #542, #1789 ) ) REPRESENTATION_CONTEXT ( 'NONE', 'WORKASPACE' ) );
#1014 = VERTEX_POINT ( 'NONE', #2134 ) ;
#1015 = PLANE ( 'NONE',  #139 ) ;
#1016 = DIRECTION ( 'NONE',  ( 0.000000000000000000, 0.000000000000000000, 1.000000000000000000 ) ) ;
#1017 = CARTESIAN_POINT ( 'NONE',  ( 0.000000000000000000, 0.000000000000000000, 0.000000000000000000 ) ) ;
#1018 = DIRECTION ( 'NONE',  ( 0.8660254037844394848, 0.000000000000000000, 0.4999999999999984457 ) ) ;
#1019 = AXIS2_PLACEMENT_3D ( 'NONE', #1714, #683, #1511 ) ;
#1020 = VERTEX_POINT ( 'NONE', #2171 ) ;
#1021 = DIRECTION ( 'NONE',  ( 4.884981308350688778E-15, 0.000000000000000000, 1.000000000000000000 ) ) ;
#1022 = CYLINDRICAL_SURFACE ( 'NONE', #2598, 2.700000000000000178 ) ;
#1023 = COORDINATED_UNIVERSAL_TIME_OFFSET ( 8, 0, .AHEAD. ) ;
#1024 = CARTESIAN_POINT ( 'NONE',  ( 13.85640646055102110, 4.440000000000001279, 9.799999999999997158 ) ) ;
#1025 = VERTEX_POINT ( 'NONE', #738 ) ;
#1026 = DIRECTION ( 'NONE',  ( -0.000000000000000000, -1.000000000000000000, -0.000000000000000000 ) ) ;
#1027 = CARTESIAN_POINT ( 'NONE',  ( 1.714505518806294638E-15, 4.440000000000001279, 16.00000000000000000 ) ) ;
#1028 = FACE_OUTER_BOUND ( 'NONE', #372, .T. ) ;
#1029 = EDGE_CURVE ( 'NONE', #344, #1719, #478, .T. ) ;
#1030 = LINE ( 'NONE', #422, #812 ) ;
#1031 = VECTOR ( 'NONE', #1399, 1000.000000000000000 ) ;
#1032 = ADVANCED_FACE ( 'NONE', ( #1526 ), #2393, .F. ) ;
#1033 = VERTEX_POINT ( 'NONE', #1359 ) ;
#1034 = DIRECTION ( 'NONE',  ( -0.8660254037844444808, 0.000000000000000000, -0.4999999999999900635 ) ) ;
#1035 = ORIENTED_EDGE ( 'NONE', *, *, #1911, .T. ) ;
#1036 = ADVANCED_FACE ( 'NONE', ( #2380 ), #1930, .F. ) ;
#1037 = CARTESIAN_POINT ( 'NONE',  ( -13.85640646055102643, 6.000000000000000000, -7.999999999999998224 ) ) ;
#1038 = LINE ( 'NONE', #2479, #2190 ) ;
#1039 = APPROVAL_DATE_TIME ( #2102, #547 ) ;
#1040 = DIRECTION ( 'NONE',  ( -0.000000000000000000, -1.000000000000000000, -0.000000000000000000 ) ) ;
#1041 = AXIS2_PLACEMENT_3D ( 'NONE', #692, #881, #1094 ) ;
#1042 = ORIENTED_EDGE ( 'NONE', *, *, #1396, .T. ) ;
#1043 = CARTESIAN_POINT ( 'NONE',  ( 13.85640646055102110, 4.440000000000001279, 6.200000000000001954 ) ) ;
#1044 = ORIENTED_EDGE ( 'NONE', *, *, #59, .F. ) ;
#1045 = LINE ( 'NONE', #1235, #2274 ) ;
#1046 = DIRECTION ( 'NONE',  ( -0.000000000000000000, -1.000000000000000000, -0.000000000000000000 ) ) ;
#1047 = ORIENTED_EDGE ( 'NONE', *, *, #2214, .T. ) ;
#1048 = LINE ( 'NONE', #1692, #1731 ) ;
#1049 = EDGE_LOOP ( 'NONE', ( #2271, #423, #1952, #857 ) ) ;
#1050 = DIRECTION ( 'NONE',  ( 4.884981308350688778E-15, 0.000000000000000000, 1.000000000000000000 ) ) ;
#1051 = DATE_AND_TIME ( #1493, #1322 ) ;
#1052 = DIRECTION ( 'NONE',  ( 5.365409281204141229E-16, 0.000000000000000000, -1.000000000000000000 ) ) ;
#1053 = EDGE_LOOP ( 'NONE', ( #868, #1183, #2181, #2014 ) ) ;
#1054 = AXIS2_PLACEMENT_3D ( 'NONE', #527, #947, #1381 ) ;
#1055 = LINE ( 'NONE', #2667, #370 ) ;
#1056 = ORIENTED_EDGE ( 'NONE', *, *, #1965, .T. ) ;
#1057 = CARTESIAN_POINT ( 'NONE',  ( -10.80000000000005933, 2.600000000000000089, -12.23982570682001914 ) ) ;
#1058 = CARTESIAN_POINT ( 'NONE',  ( 0.000000000000000000, 2.600000000000000089, 0.000000000000000000 ) ) ;
#1059 = EDGE_CURVE ( 'NONE', #1508, #1896, #1348, .T. ) ;
#1060 = CIRCLE ( 'NONE', #1327, 3.360000000000000320 ) ;
#1061 = ORIENTED_EDGE ( 'NONE', *, *, #2175, .T. ) ;
#1062 = CARTESIAN_POINT ( 'NONE',  ( -5.199999999999857181, 0.000000000000000000, 15.47298721428201773 ) ) ;
#1063 = VECTOR ( 'NONE', #2366, 1000.000000000000114 ) ;
#1064 = ORIENTED_EDGE ( 'NONE', *, *, #172, .F. ) ;
#1065 = CYLINDRICAL_SURFACE ( 'NONE', #2147, 1.599999999999993872 ) ;
#1066 = APPROVAL_DATE_TIME ( #1660, #466 ) ;
#1067 = ADVANCED_FACE ( 'NONE', ( #2571 ), #1983, .T. ) ;
#1068 = ORIENTED_EDGE ( 'NONE', *, *, #1102, .T. ) ;
#1069 = DIRECTION ( 'NONE',  ( 0.000000000000000000, 0.000000000000000000, -1.000000000000000000 ) ) ;
#1070 = ORIENTED_EDGE ( 'NONE', *, *, #1383, .F. ) ;
#1071 = CARTESIAN_POINT ( 'NONE',  ( 7.999999999999974243, 2.600000000000000089, -10.62324495308913086 ) ) ;
#1072 = LINE ( 'NONE', #29, #2158 ) ;
#1073 = LINE ( 'NONE', #2547, #188 ) ;
#1074 = CIRCLE ( 'NONE', #2199, 20.10000000000000142 ) ;
#1075 = VECTOR ( 'NONE', #1862, 1000.000000000000000 ) ;
#1076 = ORIENTED_EDGE ( 'NONE', *, *, #2262, .F. ) ;
#1077 = FACE_OUTER_BOUND ( 'NONE', #677, .T. ) ;
#1078 = VECTOR ( 'NONE', #858, 1000.000000000000000 ) ;
#1079 = ORIENTED_EDGE ( 'NONE', *, *, #1857, .F. ) ;
#1080 = PERSON_AND_ORGANIZATION ( #510, #1885 ) ;
#1081 = EDGE_LOOP ( 'NONE', ( #1144, #104, #1738, #1921 ) ) ;
#1082 = DIRECTION ( 'NONE',  ( -0.000000000000000000, -1.000000000000000000, -0.000000000000000000 ) ) ;
#1083 = EDGE_LOOP ( 'NONE', ( #1035, #280, #2522, #2481 ) ) ;
#1084 = CARTESIAN_POINT ( 'NONE',  ( -5.200000000000055245, 0.000000000000000000, -12.23982570682004045 ) ) ;
#1085 = FACE_BOUND ( 'NONE', #2317, .T. ) ;
#1086 = DIRECTION ( 'NONE',  ( 0.000000000000000000, 0.000000000000000000, -1.000000000000000000 ) ) ;
#1087 = ADVANCED_FACE ( 'NONE', ( #707 ), #2545, .F. ) ;
#1088 = ORIENTED_EDGE ( 'NONE', *, *, #2191, .T. ) ;
#1089 = DIRECTION ( 'NONE',  ( 0.000000000000000000, 0.000000000000000000, 1.000000000000000000 ) ) ;
#1090 = ORIENTED_EDGE ( 'NONE', *, *, #1211, .T. ) ;
#1091 = CIRCLE ( 'NONE', #2263, 2.700000000000000178 ) ;
#1092 = ADVANCED_FACE ( 'NONE', ( #2341 ), #2622, .F. ) ;
#1093 = VERTEX_POINT ( 'NONE', #1318 ) ;
#1094 = DIRECTION ( 'NONE',  ( 0.000000000000000000, 0.000000000000000000, 1.000000000000000000 ) ) ;
#1095 = ORIENTED_EDGE ( 'NONE', *, *, #1776, .F. ) ;
#1096 = DIRECTION ( 'NONE',  ( 0.000000000000000000, 0.000000000000000000, 1.000000000000000000 ) ) ;
#1097 = DIRECTION ( 'NONE',  ( 9.048317650695025804E-15, 0.000000000000000000, 1.000000000000000000 ) ) ;
#1098 = AXIS2_PLACEMENT_3D ( 'NONE', #1462, #1040, #1257 ) ;
#1099 = DIRECTION ( 'NONE',  ( -0.000000000000000000, -1.000000000000000000, -0.000000000000000000 ) ) ;
#1100 = CARTESIAN_POINT ( 'NONE',  ( 1.714505518806294638E-15, 6.000000000000000000, 19.36000000000000298 ) ) ;
#1101 = ORIENTED_EDGE ( 'NONE', *, *, #241, .F. ) ;
#1102 = EDGE_CURVE ( 'NONE', #928, #2264, #723, .T. ) ;
#1103 = CARTESIAN_POINT ( 'NONE',  ( -13.85640646055102110, 6.000000000000000000, 4.640000000000003233 ) ) ;
#1104 = ORIENTED_EDGE ( 'NONE', *, *, #290, .F. ) ;
#1105 = AXIS2_PLACEMENT_3D ( 'NONE', #1269, #2101, #243 ) ;
#1106 = ORIENTED_EDGE ( 'NONE', *, *, #1899, .F. ) ;
#1107 = CARTESIAN_POINT ( 'NONE',  ( 8.000000000000191847, 2.600000000000000089, 17.08956796801282962 ) ) ;
#1108 = ORIENTED_EDGE ( 'NONE', *, *, #2640, .T. ) ;
#1109 = DIRECTION ( 'NONE',  ( -0.000000000000000000, -1.000000000000000000, -0.000000000000000000 ) ) ;
#1110 = LINE ( 'NONE', #517, #1938 ) ;
#1111 = CYLINDRICAL_SURFACE ( 'NONE', #297, 1.799999999999997824 ) ;
#1112 = DIRECTION ( 'NONE',  ( -0.000000000000000000, -1.000000000000000000, -0.000000000000000000 ) ) ;
#1113 = EDGE_CURVE ( 'NONE', #434, #1644, #1110, .T. ) ;
#1114 = ORIENTED_EDGE ( 'NONE', *, *, #75, .T. ) ;
#1115 = FACE_OUTER_BOUND ( 'NONE', #1535, .T. ) ;
#1116 = ADVANCED_FACE ( 'NONE', ( #87 ), #303, .F. ) ;
#1117 = VECTOR ( 'NONE', #1906, 1000.000000000000114 ) ;
#1118 = ORIENTED_EDGE ( 'NONE', *, *, #437, .T. ) ;
#1119 = VECTOR ( 'NONE', #149, 1000.000000000000114 ) ;
#1120 = AXIS2_PLACEMENT_3D ( 'NONE', #1349, #88, #2354 ) ;
#1121 = EDGE_CURVE ( 'NONE', #117, #1913, #1237, .T. ) ;
#1122 = AXIS2_PLACEMENT_3D ( 'NONE', #388, #2257, #2241 ) ;
#1123 = ORIENTED_EDGE ( 'NONE', *, *, #1268, .T. ) ;
#1124 = DIRECTION ( 'NONE',  ( 0.000000000000000000, 0.000000000000000000, -1.000000000000000000 ) ) ;
#1125 = VERTEX_POINT ( 'NONE', #2217 ) ;
#1126 = DIRECTION ( 'NONE',  ( -1.193489751472043596E-14, 0.000000000000000000, -1.000000000000000000 ) ) ;
#1127 = CARTESIAN_POINT ( 'NONE',  ( 16.00000000000000000, 2.600000000000000089, 3.233161507461906226 ) ) ;
#1128 = CARTESIAN_POINT ( 'NONE',  ( 18.79999999999999716, 0.000000000000000000, -1.616580753730952669 ) ) ;
#1129 = PLANE ( 'NONE',  #2225 ) ;
#1130 = LINE ( 'NONE', #1100, #1006 ) ;
#1131 = DIRECTION ( 'NONE',  ( -0.000000000000000000, -1.000000000000000000, -0.000000000000000000 ) ) ;
#1132 = EDGE_LOOP ( 'NONE', ( #1507, #2666 ) ) ;
#1133 = ADVANCED_FACE ( 'NONE', ( #594 ), #1893, .F. ) ;
#1134 = ORIENTED_EDGE ( 'NONE', *, *, #1431, .F. ) ;
#1135 = DIRECTION ( 'NONE',  ( -0.000000000000000000, 1.000000000000000000, -0.000000000000000000 ) ) ;
#1136 = CARTESIAN_POINT ( 'NONE',  ( 1.714505518806294638E-15, 6.000000000000000000, 16.00000000000000000 ) ) ;
#1137 = DIRECTION ( 'NONE',  ( 1.000000000000000000, 0.000000000000000000, 0.000000000000000000 ) ) ;
#1138 = CARTESIAN_POINT ( 'NONE',  ( 7.999999999999974243, 0.000000000000000000, -10.62324495308913086 ) ) ;
#1139 = CARTESIAN_POINT ( 'NONE',  ( 13.85640646055102110, 0.000000000000000000, 9.799999999999997158 ) ) ;
#1140 = CARTESIAN_POINT ( 'NONE',  ( -13.19999999999999574, 0.000000000000000000, -1.616580753730952891 ) ) ;
#1141 = VECTOR ( 'NONE', #2160, 999.9999999999998863 ) ;
#1142 = FACE_OUTER_BOUND ( 'NONE', #1675, .T. ) ;
#1143 = ADVANCED_FACE ( 'NONE', ( #2613, #2626 ), #1189, .T. ) ;
#1144 = ORIENTED_EDGE ( 'NONE', *, *, #1231, .T. ) ;
#1145 = AXIS2_PLACEMENT_3D ( 'NONE', #2283, #1616, #1452 ) ;
#1146 = AXIS2_PLACEMENT_3D ( 'NONE', #1017, #2620, #1605 ) ;
#1147 = EDGE_CURVE ( 'NONE', #1863, #2399, #1816, .T. ) ;
#1148 = EDGE_LOOP ( 'NONE', ( #1967, #915, #1340, #1310 ) ) ;
#1149 = AXIS2_PLACEMENT_3D ( 'NONE', #121, #95, #1334 ) ;
#1150 = CARTESIAN_POINT ( 'NONE',  ( 0.000000000000000000, 0.000000000000000000, 0.000000000000000000 ) ) ;
#1151 = FACE_OUTER_BOUND ( 'NONE', #2206, .T. ) ;
#1152 = CARTESIAN_POINT ( 'NONE',  ( -13.85640646055102643, 6.000000000000000000, -11.35999999999999943 ) ) ;
#1153 = CARTESIAN_POINT ( 'NONE',  ( 16.00000000000000000, 2.600000000000000089, -3.233161507461903561 ) ) ;
#1154 = CARTESIAN_POINT ( 'NONE',  ( -7.999999999999901412, 2.600000000000000089, 10.62324495308918415 ) ) ;
#1155 = ORIENTED_EDGE ( 'NONE', *, *, #2081, .T. ) ;
#1156 = PLANE ( 'NONE',  #1451 ) ;
#1157 = ORIENTED_EDGE ( 'NONE', *, *, #637, .F. ) ;
#1158 = VECTOR ( 'NONE', #1653, 1000.000000000000000 ) ;
#1159 = VECTOR ( 'NONE', #1034, 999.9999999999998863 ) ;
#1160 = CONICAL_SURFACE ( 'NONE', #338, 3.360000000000000320, 0.7853981633974489451 ) ;
#1161 = CIRCLE ( 'NONE', #1686, 1.799999999999999600 ) ;
#1162 = ORIENTED_EDGE ( 'NONE', *, *, #1613, .F. ) ;
#1163 = DIRECTION ( 'NONE',  ( 0.000000000000000000, 0.000000000000000000, 1.000000000000000000 ) ) ;
#1164 = EDGE_CURVE ( 'NONE', #2054, #117, #1614, .T. ) ;
#1165 = ORIENTED_EDGE ( 'NONE', *, *, #1965, .F. ) ;
#1166 = DIRECTION ( 'NONE',  ( -4.884981308350689567E-15, 0.000000000000000000, -1.000000000000000000 ) ) ;
#1167 = DIRECTION ( 'NONE',  ( 0.000000000000000000, 0.000000000000000000, 1.000000000000000000 ) ) ;
#1168 = DIRECTION ( 'NONE',  ( -0.000000000000000000, -1.000000000000000000, -0.000000000000000000 ) ) ;
#1169 = DIRECTION ( 'NONE',  ( 0.000000000000000000, 0.000000000000000000, 1.000000000000000000 ) ) ;
#1170 = EDGE_LOOP ( 'NONE', ( #693, #1173, #1405, #2487, #1682, #1165 ) ) ;
#1171 = ORIENTED_EDGE ( 'NONE', *, *, #820, .T. ) ;
#1172 = EDGE_CURVE ( 'NONE', #2054, #2505, #1844, .T. ) ;
#1173 = ORIENTED_EDGE ( 'NONE', *, *, #962, .F. ) ;
#1174 = DIRECTION ( 'NONE',  ( -0.000000000000000000, 1.000000000000000000, -0.000000000000000000 ) ) ;
#1175 = ORIENTED_EDGE ( 'NONE', *, *, #2167, .T. ) ;
#1176 = FACE_OUTER_BOUND ( 'NONE', #855, .T. ) ;
#1177 = LINE ( 'NONE', #1233, #560 ) ;
#1178 = LINE ( 'NONE', #151, #714 ) ;
#1179 = CARTESIAN_POINT ( 'NONE',  ( -16.00000000000000000, 6.000000000000000000, -1.599999999999998979 ) ) ;
#1180 = ORIENTED_EDGE ( 'NONE', *, *, #1121, .F. ) ;
#1181 = EDGE_CURVE ( 'NONE', #1621, #1890, #749, .T. ) ;
#1182 = AXIS2_PLACEMENT_3D ( 'NONE', #2159, #750, #1984 ) ;
#1183 = ORIENTED_EDGE ( 'NONE', *, *, #1663, .T. ) ;
#1184 = AXIS2_PLACEMENT_3D ( 'NONE', #2361, #285, #1331 ) ;
#1185 = CC_DESIGN_SECURITY_CLASSIFICATION ( #2015, ( #2103 ) ) ;
#1186 = EDGE_LOOP ( 'NONE', ( #2244, #416, #1939, #2347 ) ) ;
#1187 = CARTESIAN_POINT ( 'NONE',  ( 13.85640646055102110, 6.000000000000000000, 8.000000000000000000 ) ) ;
#1188 = AXIS2_PLACEMENT_3D ( 'NONE', #916, #1746, #1567 ) ;
#1189 = PLANE ( 'NONE',  #2452 ) ;
#1190 = VECTOR ( 'NONE', #998, 1000.000000000000000 ) ;
#1191 = EDGE_LOOP ( 'NONE', ( #1745, #224, #156, #1522 ) ) ;
#1192 = CARTESIAN_POINT ( 'NONE',  ( 13.19999999999999751, 0.000000000000000000, -1.616580753730951114 ) ) ;
#1193 = ORIENTED_EDGE ( 'NONE', *, *, #2442, .F. ) ;
#1194 = DIRECTION ( 'NONE',  ( 0.000000000000000000, 0.000000000000000000, 1.000000000000000000 ) ) ;
#1195 = CARTESIAN_POINT ( 'NONE',  ( -3.063701236695603505E-15, 6.000000000000000000, -12.64000000000000412 ) ) ;
#1196 = EDGE_LOOP ( 'NONE', ( #189, #2119 ) ) ;
#1197 = ADVANCED_FACE ( 'NONE', ( #2193 ), #1065, .F. ) ;
#1198 = EDGE_CURVE ( 'NONE', #1896, #1940, #1216, .T. ) ;
#1199 = EDGE_CURVE ( 'NONE', #1280, #1664, #1646, .T. ) ;
#1200 = DIRECTION ( 'NONE',  ( 0.000000000000000000, 0.000000000000000000, -1.000000000000000000 ) ) ;
#1201 = EDGE_CURVE ( 'NONE', #1695, #335, #2088, .T. ) ;
#1202 = ORIENTED_EDGE ( 'NONE', *, *, #341, .T. ) ;
#1203 = VECTOR ( 'NONE', #1309, 1000.000000000000000 ) ;
#1204 = CARTESIAN_POINT ( 'NONE',  ( -8.000000000000047962, 0.000000000000000000, -10.62324495308907757 ) ) ;
#1205 = AXIS2_PLACEMENT_3D ( 'NONE', #55, #883, #1537 ) ;
#1206 = VERTEX_POINT ( 'NONE', #429 ) ;
#1207 = CARTESIAN_POINT ( 'NONE',  ( -5.200000000000071232, 0.000000000000000000, -15.47298721428195023 ) ) ;
#1208 = CIRCLE ( 'NONE', #2297, 3.359999999999998543 ) ;
#1209 = LINE ( 'NONE', #1835, #259 ) ;
#1210 = CARTESIAN_POINT ( 'NONE',  ( -10.79999999999988702, 0.000000000000000000, 12.23982570682016480 ) ) ;
#1211 = EDGE_CURVE ( 'NONE', #586, #1280, #2059, .T. ) ;
#1212 = ORIENTED_EDGE ( 'NONE', *, *, #155, .F. ) ;
#1213 = DIRECTION ( 'NONE',  ( -0.000000000000000000, -1.000000000000000000, -0.000000000000000000 ) ) ;
#1214 = VERTEX_POINT ( 'NONE', #2275 ) ;
#1215 = DIRECTION ( 'NONE',  ( 0.8660254037844387076, 0.000000000000000000, -0.4999999999999998890 ) ) ;
#1216 = LINE ( 'NONE', #651, #2109 ) ;
#1217 = ORIENTED_EDGE ( 'NONE', *, *, #2525, .T. ) ;
#1218 = CARTESIAN_POINT ( 'NONE',  ( -8.000000000000047962, 2.600000000000000089, -10.62324495308907757 ) ) ;
#1219 = DIRECTION ( 'NONE',  ( 0.8660254037844375974, 0.000000000000000000, -0.5000000000000017764 ) ) ;
#1220 = CARTESIAN_POINT ( 'NONE',  ( -13.19999999999999751, 2.600000000000000089, 1.616580753730951114 ) ) ;
#1221 = ORIENTED_EDGE ( 'NONE', *, *, #2363, .F. ) ;
#1222 = DIRECTION ( 'NONE',  ( -0.000000000000000000, -1.000000000000000000, -0.000000000000000000 ) ) ;
#1223 = AXIS2_PLACEMENT_3D ( 'NONE', #467, #2369, #2127 ) ;
#1224 = DIRECTION ( 'NONE',  ( -0.000000000000000000, 1.000000000000000000, -0.000000000000000000 ) ) ;
#1225 = CARTESIAN_POINT ( 'NONE',  ( 7.999999999999968914, 2.599999999999998757, -13.85640646055103886 ) ) ;
#1226 = DIRECTION ( 'NONE',  ( -0.000000000000000000, -1.000000000000000000, -0.000000000000000000 ) ) ;
#1227 = DIRECTION ( 'NONE',  ( -0.000000000000000000, -1.000000000000000000, -0.000000000000000000 ) ) ;
#1228 = AXIS2_PLACEMENT_3D ( 'NONE', #347, #362, #1788 ) ;
#1229 = ADVANCED_FACE ( 'NONE', ( #1241 ), #1882, .F. ) ;
#1230 = ORIENTED_EDGE ( 'NONE', *, *, #1642, .T. ) ;
#1231 = EDGE_CURVE ( 'NONE', #2122, #335, #18, .T. ) ;
#1232 = LINE ( 'NONE', #2048, #19 ) ;
#1233 = CARTESIAN_POINT ( 'NONE',  ( -7.999999999999872102, 2.600000000000000089, 12.25640646055109784 ) ) ;
#1234 = CIRCLE ( 'NONE', #2540, 1.799999999999999600 ) ;
#1235 = CARTESIAN_POINT ( 'NONE',  ( -18.79999999999999716, 0.000000000000000000, 1.616580753730952669 ) ) ;
#1236 = CARTESIAN_POINT ( 'NONE',  ( 16.00000000000000000, 2.600000000000000089, 3.233161507461906226 ) ) ;
#1237 = CIRCLE ( 'NONE', #2587, 3.360000000000000320 ) ;
#1238 = EDGE_LOOP ( 'NONE', ( #1593, #1313, #1123, #1376 ) ) ;
#1239 = VERTEX_POINT ( 'NONE', #2073 ) ;
#1240 = LINE ( 'NONE', #2058, #85 ) ;
#1241 = FACE_OUTER_BOUND ( 'NONE', #484, .T. ) ;
#1242 = DIRECTION ( 'NONE',  ( 0.000000000000000000, 0.000000000000000000, 1.000000000000000000 ) ) ;
#1243 = ORIENTED_EDGE ( 'NONE', *, *, #2569, .T. ) ;
#1244 = EDGE_CURVE ( 'NONE', #682, #491, #2677, .T. ) ;
#1245 = DIRECTION ( 'NONE',  ( -5.365409281204141229E-16, 0.000000000000000000, 1.000000000000000000 ) ) ;
#1246 = ORIENTED_EDGE ( 'NONE', *, *, #2096, .T. ) ;
#1247 = VECTOR ( 'NONE', #936, 1000.000000000000000 ) ;
#1248 = VECTOR ( 'NONE', #313, 1000.000000000000000 ) ;
#1249 = CARTESIAN_POINT ( 'NONE',  ( -8.000000000000065725, 2.600000000000000089, -13.85640646055098379 ) ) ;
#1250 = CARTESIAN_POINT ( 'NONE',  ( 1.714505518806294638E-15, 6.000000000000000000, 16.00000000000000000 ) ) ;
#1251 = CIRCLE ( 'NONE', #2421, 1.799999999999997824 ) ;
#1252 = ORIENTED_EDGE ( 'NONE', *, *, #1459, .T. ) ;
#1253 = CARTESIAN_POINT ( 'NONE',  ( 8.000000000000161648, 2.600000000000000089, 13.85640646055092517 ) ) ;
#1254 = ORIENTED_EDGE ( 'NONE', *, *, #2543, .F. ) ;
#1255 = CARTESIAN_POINT ( 'NONE',  ( -13.85640646055102110, 4.440000000000001279, 6.200000000000003730 ) ) ;
#1256 = CARTESIAN_POINT ( 'NONE',  ( 0.000000000000000000, 0.000000000000000000, 0.000000000000000000 ) ) ;
#1257 = DIRECTION ( 'NONE',  ( 0.000000000000000000, 0.000000000000000000, -1.000000000000000000 ) ) ;
#1258 = EDGE_CURVE ( 'NONE', #94, #819, #1632, .T. ) ;
#1259 = EDGE_LOOP ( 'NONE', ( #2415, #283, #811, #2256 ) ) ;
#1260 = LINE ( 'NONE', #1425, #1842 ) ;
#1261 = ORIENTED_EDGE ( 'NONE', *, *, #2336, .T. ) ;
#1262 = CARTESIAN_POINT ( 'NONE',  ( 0.000000000000000000, 2.600000000000000089, 0.000000000000000000 ) ) ;
#1263 = LINE ( 'NONE', #450, #1369 ) ;
#1264 = DIRECTION ( 'NONE',  ( 0.000000000000000000, 0.000000000000000000, 1.000000000000000000 ) ) ;
#1265 = VERTEX_POINT ( 'NONE', #1255 ) ;
#1266 = CARTESIAN_POINT ( 'NONE',  ( 1.934941942652818023E-15, 0.000000000000000000, 14.20000000000000107 ) ) ;
#1267 = ORIENTED_EDGE ( 'NONE', *, *, #810, .T. ) ;
#1268 = EDGE_CURVE ( 'NONE', #1655, #1441, #1038, .T. ) ;
#1269 = CARTESIAN_POINT ( 'NONE',  ( 0.000000000000000000, 0.000000000000000000, 0.000000000000000000 ) ) ;
#1270 = PERSON_AND_ORGANIZATION ( #510, #1885 ) ;
#1271 = ORIENTED_EDGE ( 'NONE', *, *, #439, .T. ) ;
#1272 = AXIS2_PLACEMENT_3D ( 'NONE', #2625, #568, #1394 ) ;
#1273 = CARTESIAN_POINT ( 'NONE',  ( 16.00000000000000000, 2.600000000000000089, -3.233161507461903561 ) ) ;
#1274 = ORIENTED_EDGE ( 'NONE', *, *, #1752, .F. ) ;
#1275 = DIRECTION ( 'NONE',  ( -0.000000000000000000, 1.000000000000000000, -0.000000000000000000 ) ) ;
#1276 = DIRECTION ( 'NONE',  ( -0.8660254037844387076, 0.000000000000000000, 0.4999999999999998890 ) ) ;
#1277 = CARTESIAN_POINT ( 'NONE',  ( -8.000000000000076383, 2.600000000000000089, -17.08956796801289002 ) ) ;
#1278 = DIRECTION ( 'NONE',  ( -2.053912595556539600E-15, 0.000000000000000000, -1.000000000000000000 ) ) ;
#1279 = AXIS2_PLACEMENT_3D ( 'NONE', #1249, #1485, #641 ) ;
#1280 = VERTEX_POINT ( 'NONE', #1418 ) ;
#1281 = CYLINDRICAL_SURFACE ( 'NONE', #2674, 1.599999999999993872 ) ;
#1282 = VECTOR ( 'NONE', #1735, 1000.000000000000000 ) ;
#1283 = VERTEX_POINT ( 'NONE', #1478 ) ;
#1284 = ADVANCED_FACE ( 'NONE', ( #616, #2466, #603, #1433, #404, #852, #1446, #1868, #2492, #834, #1659, #633, #1460, #2292 ), #2306, .T. ) ;
#1285 = EDGE_CURVE ( 'NONE', #1356, #1839, #245, .T. ) ;
#1286 = DIRECTION ( 'NONE',  ( 1.000000000000000000, 0.000000000000000000, 0.000000000000000000 ) ) ;
#1287 = EDGE_CURVE ( 'NONE', #1643, #233, #1990, .T. ) ;
#1288 = ORIENTED_EDGE ( 'NONE', *, *, #974, .F. ) ;
#1289 = CARTESIAN_POINT ( 'NONE',  ( 5.199999999999964650, 0.000000000000000000, -15.47298721428198398 ) ) ;
#1290 = EDGE_LOOP ( 'NONE', ( #661, #2039 ) ) ;
#1291 = DIRECTION ( 'NONE',  ( -0.000000000000000000, -1.000000000000000000, -0.000000000000000000 ) ) ;
#1292 = CARTESIAN_POINT ( 'NONE',  ( -3.063701236695603505E-15, 6.000000000000000000, -16.00000000000000355 ) ) ;
#1293 = DIRECTION ( 'NONE',  ( 0.000000000000000000, 0.000000000000000000, 1.000000000000000000 ) ) ;
#1294 = AXIS2_PLACEMENT_3D ( 'NONE', #1476, #2304, #676 ) ;
#1295 = VERTEX_POINT ( 'NONE', #2252 ) ;
#1296 = LINE ( 'NONE', #660, #1159 ) ;
#1297 = CONICAL_SURFACE ( 'NONE', #817, 3.360000000000000320, 0.7853981633974488341 ) ;
#1298 = ADVANCED_FACE ( 'NONE', ( #598 ), #371, .F. ) ;
#1299 = VERTEX_POINT ( 'NONE', #976 ) ;
#1300 = EDGE_LOOP ( 'NONE', ( #1872, #410 ) ) ;
#1301 = DIRECTION ( 'NONE',  ( 0.000000000000000000, 0.000000000000000000, -1.000000000000000000 ) ) ;
#1302 = ORIENTED_EDGE ( 'NONE', *, *, #334, .F. ) ;
#1303 = EDGE_CURVE ( 'NONE', #2627, #1412, #167, .T. ) ;
#1304 = DIRECTION ( 'NONE',  ( -0.000000000000000000, 1.000000000000000000, -0.000000000000000000 ) ) ;
#1305 = FACE_OUTER_BOUND ( 'NONE', #2412, .T. ) ;
#1306 = CARTESIAN_POINT ( 'NONE',  ( -13.19999999999999574, 2.600000000000000089, -1.616580753730952891 ) ) ;
#1307 = DIRECTION ( 'NONE',  ( -0.8660254037844363761, 0.000000000000000000, 0.5000000000000039968 ) ) ;
#1308 = ORIENTED_EDGE ( 'NONE', *, *, #421, .T. ) ;
#1309 = DIRECTION ( 'NONE',  ( -0.000000000000000000, -1.000000000000000000, -0.000000000000000000 ) ) ;
#1310 = ORIENTED_EDGE ( 'NONE', *, *, #241, .T. ) ;
#1311 = VERTEX_POINT ( 'NONE', #1179 ) ;
#1312 = CYLINDRICAL_SURFACE ( 'NONE', #61, 1.599999999999993872 ) ;
#1313 = ORIENTED_EDGE ( 'NONE', *, *, #783, .F. ) ;
#1314 = ADVANCED_FACE ( 'NONE', ( #1401 ), #1387, .F. ) ;
#1315 = AXIS2_PLACEMENT_3D ( 'NONE', #489, #123, #96 ) ;
#1316 = LINE ( 'NONE', #737, #733 ) ;
#1317 = EDGE_CURVE ( 'NONE', #2515, #1691, #585, .T. ) ;
#1318 = CARTESIAN_POINT ( 'NONE',  ( 5.200000000000178701, 2.600000000000000089, 15.47298721428191293 ) ) ;
#1319 = VECTOR ( 'NONE', #1012, 1000.000000000000000 ) ;
#1320 = CARTESIAN_POINT ( 'NONE',  ( -5.200000000000055245, 2.600000000000000089, -12.23982570682004045 ) ) ;
#1321 = DIRECTION ( 'NONE',  ( 0.000000000000000000, 0.000000000000000000, -1.000000000000000000 ) ) ;
#1322 = LOCAL_TIME ( 21, 26, 25.00000000000000000, #853 ) ;
#1323 = ORIENTED_EDGE ( 'NONE', *, *, #923, .T. ) ;
#1324 = DIRECTION ( 'NONE',  ( -2.164934898019055254E-15, 0.000000000000000000, -1.000000000000000000 ) ) ;
#1325 = EDGE_CURVE ( 'NONE', #2143, #1657, #1004, .T. ) ;
#1326 = VERTEX_POINT ( 'NONE', #2462 ) ;
#1327 = AXIS2_PLACEMENT_3D ( 'NONE', #2150, #1962, #1977 ) ;
#1328 = VECTOR ( 'NONE', #1097, 1000.000000000000000 ) ;
#1329 = CIRCLE ( 'NONE', #607, 1.599999999999986766 ) ;
#1330 = ORIENTED_EDGE ( 'NONE', *, *, #2253, .T. ) ;
#1331 = DIRECTION ( 'NONE',  ( 0.000000000000000000, 0.000000000000000000, -1.000000000000000000 ) ) ;
#1332 = ORIENTED_EDGE ( 'NONE', *, *, #15, .F. ) ;
#1333 = CARTESIAN_POINT ( 'NONE',  ( -13.85640646055102643, 4.440000000000001279, -9.799999999999997158 ) ) ;
#1334 = DIRECTION ( 'NONE',  ( 0.000000000000000000, 0.000000000000000000, -1.000000000000000000 ) ) ;
#1335 = ADVANCED_FACE ( 'NONE', ( #610 ), #2025, .F. ) ;
#1336 = CARTESIAN_POINT ( 'NONE',  ( 10.79999999999997407, 2.600000000000000089, -12.23982570682009197 ) ) ;
#1337 = VECTOR ( 'NONE', #25, 1000.000000000000114 ) ;
#1338 = CARTESIAN_POINT ( 'NONE',  ( -13.85640646055102643, 6.000000000000000000, -4.639999999999997904 ) ) ;
#1339 = AXIS2_PLACEMENT_3D ( 'NONE', #1909, #239, #2521 ) ;
#1340 = ORIENTED_EDGE ( 'NONE', *, *, #1545, .T. ) ;
#1341 = CARTESIAN_POINT ( 'NONE',  ( -5.200000000000055245, 0.000000000000000000, -12.23982570682004045 ) ) ;
#1342 = ORIENTED_EDGE ( 'NONE', *, *, #1121, .T. ) ;
#1343 = AXIS2_PLACEMENT_3D ( 'NONE', #1262, #2094, #1639 ) ;
#1344 = ORIENTED_EDGE ( 'NONE', *, *, #757, .F. ) ;
#1345 = CARTESIAN_POINT ( 'NONE',  ( -3.063701236695603505E-15, 0.000000000000000000, -14.20000000000000462 ) ) ;
#1346 = EDGE_CURVE ( 'NONE', #1691, #2151, #2432, .T. ) ;
#1347 = CARTESIAN_POINT ( 'NONE',  ( -13.85640646055102643, 4.440000000000001279, -6.199999999999999289 ) ) ;
#1348 = LINE ( 'NONE', #71, #1063 ) ;
#1349 = CARTESIAN_POINT ( 'NONE',  ( 16.00000000000000000, 6.000000000000000000, 0.000000000000000000 ) ) ;
#1350 = FACE_OUTER_BOUND ( 'NONE', #828, .T. ) ;
#1351 = VERTEX_POINT ( 'NONE', #1630 ) ;
#1352 = CARTESIAN_POINT ( 'NONE',  ( -8.000000000000065725, 2.600000000000000089, -15.45640646055097811 ) ) ;
#1353 = ORIENTED_EDGE ( 'NONE', *, *, #1881, .T. ) ;
#1354 = EDGE_CURVE ( 'NONE', #682, #196, #804, .T. ) ;
#1355 = VECTOR ( 'NONE', #777, 1000.000000000000114 ) ;
#1356 = VERTEX_POINT ( 'NONE', #1195 ) ;
#1357 = CARTESIAN_POINT ( 'NONE',  ( -7.999999999999840128, 0.000000000000000000, 17.08956796801299305 ) ) ;
#1358 = CARTESIAN_POINT ( 'NONE',  ( -18.79999999999999716, 2.600000000000000089, -1.616580753730956443 ) ) ;
#1359 = CARTESIAN_POINT ( 'NONE',  ( -5.199999999999857181, 2.600000000000000089, 15.47298721428201773 ) ) ;
#1360 = CARTESIAN_POINT ( 'NONE',  ( -10.79999999999988702, 2.600000000000000089, 12.23982570682016480 ) ) ;
#1361 = DIRECTION ( 'NONE',  ( -0.4999999999999960587, 0.000000000000000000, 0.8660254037844409281 ) ) ;
#1362 = FACE_OUTER_BOUND ( 'NONE', #1083, .T. ) ;
#1363 = CIRCLE ( 'NONE', #2319, 1.599999999999998979 ) ;
#1364 = ORIENTED_EDGE ( 'NONE', *, *, #1569, .T. ) ;
#1365 = CARTESIAN_POINT ( 'NONE',  ( 16.00000000000000000, 2.599999999999998757, 0.000000000000000000 ) ) ;
#1366 = VERTEX_POINT ( 'NONE', #2420 ) ;
#1367 = VECTOR ( 'NONE', #1219, 1000.000000000000114 ) ;
#1368 = APPROVAL_PERSON_ORGANIZATION ( #1080, #1559, #2118 ) ;
#1369 = VECTOR ( 'NONE', #1276, 1000.000000000000114 ) ;
#1370 = VECTOR ( 'NONE', #2508, 1000.000000000000000 ) ;
#1371 = DIRECTION ( 'NONE',  ( 0.8660254037844397068, 0.000000000000000000, 0.4999999999999979461 ) ) ;
#1372 = CYLINDRICAL_SURFACE ( 'NONE', #837, 1.599999999999993872 ) ;
#1373 = CARTESIAN_POINT ( 'NONE',  ( 13.85640646055102110, 6.000000000000000000, 11.35999999999999943 ) ) ;
#1374 = CARTESIAN_POINT ( 'NONE',  ( -7.999999999999840128, 2.600000000000000089, 17.08956796801299305 ) ) ;
#1375 = ORIENTED_EDGE ( 'NONE', *, *, #2165, .T. ) ;
#1376 = ORIENTED_EDGE ( 'NONE', *, *, #155, .T. ) ;
#1377 = ADVANCED_FACE ( 'NONE', ( #792 ), #2329, .F. ) ;
#1378 = CIRCLE ( 'NONE', #1466, 2.700000000000000178 ) ;
#1379 = CIRCLE ( 'NONE', #2675, 20.10000000000000142 ) ;
#1380 = VECTOR ( 'NONE', #1988, 1000.000000000000114 ) ;
#1381 = DIRECTION ( 'NONE',  ( 0.8660254037844373753, 0.000000000000000000, -0.5000000000000022204 ) ) ;
#1382 = ORIENTED_EDGE ( 'NONE', *, *, #2149, .T. ) ;
#1383 = EDGE_CURVE ( 'NONE', #1283, #1805, #544, .T. ) ;
#1384 = CARTESIAN_POINT ( 'NONE',  ( -16.00000000000000000, 2.600000000000000089, 0.000000000000000000 ) ) ;
#1385 = LINE ( 'NONE', #1999, #2557 ) ;
#1386 = DIRECTION ( 'NONE',  ( -0.000000000000000000, -1.000000000000000000, -0.000000000000000000 ) ) ;
#1387 = PLANE ( 'NONE',  #373 ) ;
#1388 = VERTEX_POINT ( 'NONE', #1236 ) ;
#1389 = VECTOR ( 'NONE', #1941, 1000.000000000000000 ) ;
#1390 = ORIENTED_EDGE ( 'NONE', *, *, #719, .T. ) ;
#1391 = DIRECTION ( 'NONE',  ( -0.4999999999999919509, 0.000000000000000000, 0.8660254037844433705 ) ) ;
#1392 = ORIENTED_EDGE ( 'NONE', *, *, #1346, .F. ) ;
#1393 = ORIENTED_EDGE ( 'NONE', *, *, #2262, .T. ) ;
#1394 = DIRECTION ( 'NONE',  ( -0.8660254037844387076, 0.000000000000000000, 0.4999999999999998890 ) ) ;
#1395 = VERTEX_POINT ( 'NONE', #1849 ) ;
#1396 = EDGE_CURVE ( 'NONE', #972, #595, #470, .T. ) ;
#1397 = DIRECTION ( 'NONE',  ( 0.000000000000000000, 0.000000000000000000, -1.000000000000000000 ) ) ;
#1398 = ADVANCED_FACE ( 'NONE', ( #1429 ), #1836, .F. ) ;
#1399 = DIRECTION ( 'NONE',  ( -0.000000000000000000, 1.000000000000000000, -0.000000000000000000 ) ) ;
#1400 = CARTESIAN_POINT ( 'NONE',  ( -8.000000000000076383, 2.600000000000000089, -17.08956796801289002 ) ) ;
#1401 = FACE_OUTER_BOUND ( 'NONE', #2685, .T. ) ;
#1402 = ORIENTED_EDGE ( 'NONE', *, *, #1943, .T. ) ;
#1403 = EDGE_LOOP ( 'NONE', ( #1243, #847, #1568, #358 ) ) ;
#1404 = AXIS2_PLACEMENT_3D ( 'NONE', #2044, #1408, #186 ) ;
#1405 = ORIENTED_EDGE ( 'NONE', *, *, #2569, .F. ) ;
#1406 = LINE ( 'NONE', #413, #985 ) ;
#1407 = VERTEX_POINT ( 'NONE', #397 ) ;
#1408 = DIRECTION ( 'NONE',  ( -0.000000000000000000, -1.000000000000000000, -0.000000000000000000 ) ) ;
#1409 = VECTOR ( 'NONE', #1423, 999.9999999999998863 ) ;
#1410 = ORIENTED_EDGE ( 'NONE', *, *, #1676, .F. ) ;
#1411 = CARTESIAN_POINT ( 'NONE',  ( 1.714505518806294638E-15, 6.000000000000000000, 19.36000000000000298 ) ) ;
#1412 = VERTEX_POINT ( 'NONE', #179 ) ;
#1413 = DIRECTION ( 'NONE',  ( 0.000000000000000000, 0.000000000000000000, 1.000000000000000000 ) ) ;
#1414 = ORIENTED_EDGE ( 'NONE', *, *, #1545, .F. ) ;
#1415 = ORIENTED_EDGE ( 'NONE', *, *, #895, .T. ) ;
#1416 = EDGE_LOOP ( 'NONE', ( #432, #830, #1202, #1560 ) ) ;
#1417 = DIRECTION ( 'NONE',  ( 0.000000000000000000, 0.000000000000000000, 1.000000000000000000 ) ) ;
#1418 = CARTESIAN_POINT ( 'NONE',  ( 13.19999999999999751, 2.600000000000000089, -1.616580753730951114 ) ) ;
#1419 = ORIENTED_EDGE ( 'NONE', *, *, #979, .T. ) ;
#1420 = CYLINDRICAL_SURFACE ( 'NONE', #625, 1.799999999999999600 ) ;
#1421 = CARTESIAN_POINT ( 'NONE',  ( 10.80000000000014282, 0.000000000000000000, 12.23982570681994098 ) ) ;
#1422 = AXIS2_PLACEMENT_3D ( 'NONE', #1002, #779, #583 ) ;
#1423 = DIRECTION ( 'NONE',  ( 8.659560562354942719E-17, 0.7071067811865467956, -0.7071067811865483499 ) ) ;
#1424 = ORIENTED_EDGE ( 'NONE', *, *, #895, .F. ) ;
#1425 = CARTESIAN_POINT ( 'NONE',  ( 8.000000000000191847, 0.000000000000000000, 17.08956796801282962 ) ) ;
#1426 = EDGE_CURVE ( 'NONE', #1395, #1887, #383, .T. ) ;
#1427 = DIRECTION ( 'NONE',  ( 0.4999999999999998335, -0.000000000000000000, 0.8660254037844388186 ) ) ;
#1428 = LINE ( 'NONE', #2447, #150 ) ;
#1429 = FACE_OUTER_BOUND ( 'NONE', #649, .T. ) ;
#1430 = ORIENTED_EDGE ( 'NONE', *, *, #1201, .T. ) ;
#1431 = EDGE_CURVE ( 'NONE', #1214, #1992, #1378, .T. ) ;
#1432 = CARTESIAN_POINT ( 'NONE',  ( -16.00000000000000000, 2.600000000000000089, -3.233161507461906226 ) ) ;
#1433 = FACE_BOUND ( 'NONE', #1132, .T. ) ;
#1434 = DIRECTION ( 'NONE',  ( -0.000000000000000000, 1.000000000000000000, -0.000000000000000000 ) ) ;
#1435 = CARTESIAN_POINT ( 'NONE',  ( 16.00000000000000000, 0.000000000000000000, 3.233161507461906226 ) ) ;
#1436 = EDGE_LOOP ( 'NONE', ( #549, #1823 ) ) ;
#1437 = DIRECTION ( 'NONE',  ( -0.000000000000000000, -1.000000000000000000, -0.000000000000000000 ) ) ;
#1438 = CARTESIAN_POINT ( 'NONE',  ( 18.79999999999999716, 2.600000000000000089, 1.616580753730956443 ) ) ;
#1439 = DIRECTION ( 'NONE',  ( -0.000000000000000000, 1.000000000000000000, -0.000000000000000000 ) ) ;
#1440 = VERTEX_POINT ( 'NONE', #1794 ) ;
#1441 = VERTEX_POINT ( 'NONE', #1591 ) ;
#1442 = LINE ( 'NONE', #1432, #1690 ) ;
#1443 = EDGE_CURVE ( 'NONE', #639, #2413, #2120, .T. ) ;
#1444 = EDGE_CURVE ( 'NONE', #1644, #1206, #2135, .T. ) ;
#1445 = AXIS2_PLACEMENT_3D ( 'NONE', #796, #415, #1242 ) ;
#1446 = FACE_BOUND ( 'NONE', #1608, .T. ) ;
#1447 = EDGE_LOOP ( 'NONE', ( #365, #977 ) ) ;
#1448 = MECHANICAL_CONTEXT ( 'NONE', #1583, 'mechanical' ) ;
#1449 = DIRECTION ( 'NONE',  ( -5.365409281204141229E-16, 0.000000000000000000, 1.000000000000000000 ) ) ;
#1450 = EDGE_LOOP ( 'NONE', ( #1483, #1908 ) ) ;
#1451 = AXIS2_PLACEMENT_3D ( 'NONE', #1733, #1950, #2371 ) ;
#1452 = DIRECTION ( 'NONE',  ( -0.8660254037844375974, 0.000000000000000000, 0.5000000000000017764 ) ) ;
#1453 = AXIS2_PLACEMENT_3D ( 'NONE', #109, #1137, #326 ) ;
#1454 = DIRECTION ( 'NONE',  ( -0.000000000000000000, 1.000000000000000000, -0.000000000000000000 ) ) ;
#1455 = CYLINDRICAL_SURFACE ( 'NONE', #1987, 1.599999999999993872 ) ;
#1456 = ORIENTED_EDGE ( 'NONE', *, *, #1486, .F. ) ;
#1457 = CARTESIAN_POINT ( 'NONE',  ( -8.000000000000047962, 0.000000000000000000, -10.62324495308907757 ) ) ;
#1458 = EDGE_LOOP ( 'NONE', ( #161, #127, #2624, #1703 ) ) ;
#1459 = EDGE_CURVE ( 'NONE', #2651, #218, #2684, .T. ) ;
#1460 = FACE_BOUND ( 'NONE', #2269, .T. ) ;
#1461 = COORDINATED_UNIVERSAL_TIME_OFFSET ( 8, 0, .AHEAD. ) ;
#1462 = CARTESIAN_POINT ( 'NONE',  ( 8.000000000000161648, 6.000000000000000000, 13.85640646055092517 ) ) ;
#1463 = CIRCLE ( 'NONE', #210, 1.799999999999999600 ) ;
#1464 = ORIENTED_EDGE ( 'NONE', *, *, #758, .F. ) ;
#1465 = AXIS2_PLACEMENT_3D ( 'NONE', #1922, #2085, #1089 ) ;
#1466 = AXIS2_PLACEMENT_3D ( 'NONE', #2068, #2670, #1641 ) ;
#1467 = DIRECTION ( 'NONE',  ( -0.000000000000000000, 1.000000000000000000, -0.000000000000000000 ) ) ;
#1468 = ORIENTED_EDGE ( 'NONE', *, *, #227, .T. ) ;
#1469 = AXIS2_PLACEMENT_3D ( 'NONE', #1058, #1895, #2546 ) ;
#1470 = LINE ( 'NONE', #1860, #2464 ) ;
#1471 = LINE ( 'NONE', #2484, #849 ) ;
#1472 = EDGE_CURVE ( 'NONE', #1913, #117, #295, .T. ) ;
#1473 = DIRECTION ( 'NONE',  ( -0.000000000000000000, -1.000000000000000000, -0.000000000000000000 ) ) ;
#1474 = CIRCLE ( 'NONE', #2512, 1.599999999999998979 ) ;
#1475 = ORIENTED_EDGE ( 'NONE', *, *, #2491, .T. ) ;
#1476 = CARTESIAN_POINT ( 'NONE',  ( 13.85640646055101222, 0.000000000000000000, -8.000000000000010658 ) ) ;
#1477 = VERTEX_POINT ( 'NONE', #2082 ) ;
#1478 = CARTESIAN_POINT ( 'NONE',  ( 0.000000000000000000, 0.000000000000000000, -20.10000000000000142 ) ) ;
#1479 = DIRECTION ( 'NONE',  ( 0.000000000000000000, 0.000000000000000000, 1.000000000000000000 ) ) ;
#1480 = LINE ( 'NONE', #230, #144 ) ;
#1481 = ORIENTED_EDGE ( 'NONE', *, *, #1931, .F. ) ;
#1482 = LINE ( 'NONE', #40, #2358 ) ;
#1483 = ORIENTED_EDGE ( 'NONE', *, *, #700, .T. ) ;
#1484 = DIRECTION ( 'NONE',  ( 4.440892098500625373E-15, 0.000000000000000000, 1.000000000000000000 ) ) ;
#1485 = DIRECTION ( 'NONE',  ( -0.000000000000000000, -1.000000000000000000, -0.000000000000000000 ) ) ;
#1486 = EDGE_CURVE ( 'NONE', #2627, #928, #1030, .T. ) ;
#1487 = CARTESIAN_POINT ( 'NONE',  ( -7.999999999999872102, 2.600000000000000089, 15.45640646055108647 ) ) ;
#1488 = ADVANCED_FACE ( 'NONE', ( #57 ), #479, .F. ) ;
#1489 = ORIENTED_EDGE ( 'NONE', *, *, #2351, .T. ) ;
#1490 = LINE ( 'NONE', #1516, #944 ) ;
#1491 = EDGE_LOOP ( 'NONE', ( #1879, #2328, #799, #1475 ) ) ;
#1492 = EDGE_CURVE ( 'NONE', #2130, #2047, #1810, .T. ) ;
#1493 = CALENDAR_DATE ( 2026, 26, 2 ) ;
#1494 = CIRCLE ( 'NONE', #319, 1.599999999999986766 ) ;
#1495 = ORIENTED_EDGE ( 'NONE', *, *, #1059, .F. ) ;
#1496 = CIRCLE ( 'NONE', #1228, 1.799999999999999600 ) ;
#1497 = DIRECTION ( 'NONE',  ( -4.440892098500625373E-15, 0.000000000000000000, -1.000000000000000000 ) ) ;
#1498 = ADVANCED_FACE ( 'NONE', ( #886 ), #1455, .F. ) ;
#1499 = LOCAL_TIME ( 21, 26, 25.00000000000000000, #1461 ) ;
#1500 = DIRECTION ( 'NONE',  ( -0.000000000000000000, -1.000000000000000000, -0.000000000000000000 ) ) ;
#1501 = AXIS2_PLACEMENT_3D ( 'NONE', #2092, #2655, #841 ) ;
#1502 = DIRECTION ( 'NONE',  ( -0.000000000000000000, -1.000000000000000000, -0.000000000000000000 ) ) ;
#1503 = VECTOR ( 'NONE', #77, 1000.000000000000000 ) ;
#1504 = ORIENTED_EDGE ( 'NONE', *, *, #559, .T. ) ;
#1505 = DIRECTION ( 'NONE',  ( 0.000000000000000000, 0.000000000000000000, 1.000000000000000000 ) ) ;
#1506 = AXIS2_PLACEMENT_3D ( 'NONE', #2267, #1439, #409 ) ;
#1507 = ORIENTED_EDGE ( 'NONE', *, *, #2288, .T. ) ;
#1508 = VERTEX_POINT ( 'NONE', #223 ) ;
#1509 = DIRECTION ( 'NONE',  ( -0.000000000000000000, -1.000000000000000000, -0.000000000000000000 ) ) ;
#1510 = ORIENTED_EDGE ( 'NONE', *, *, #1199, .F. ) ;
#1511 = DIRECTION ( 'NONE',  ( -0.8660254037844442587, 0.000000000000000000, -0.4999999999999901745 ) ) ;
#1512 = CARTESIAN_POINT ( 'NONE',  ( -18.79999999999999716, 0.000000000000000000, -1.616580753730956443 ) ) ;
#1513 = FACE_OUTER_BOUND ( 'NONE', #1191, .T. ) ;
#1514 = VECTOR ( 'NONE', #2488, 1000.000000000000000 ) ;
#1515 = ORIENTED_EDGE ( 'NONE', *, *, #951, .F. ) ;
#1516 = CARTESIAN_POINT ( 'NONE',  ( -18.79999999999999716, 2.600000000000000089, 1.616580753730952669 ) ) ;
#1517 = ORIENTED_EDGE ( 'NONE', *, *, #2532, .F. ) ;
#1518 = EDGE_CURVE ( 'NONE', #1814, #1698, #1072, .T. ) ;
#1519 = EDGE_CURVE ( 'NONE', #1239, #536, #2315, .T. ) ;
#1520 = ORIENTED_EDGE ( 'NONE', *, *, #389, .F. ) ;
#1521 = FACE_OUTER_BOUND ( 'NONE', #2303, .T. ) ;
#1522 = ORIENTED_EDGE ( 'NONE', *, *, #1683, .T. ) ;
#1523 = EDGE_CURVE ( 'NONE', #818, #1805, #265, .T. ) ;
#1524 = CIRCLE ( 'NONE', #1041, 1.799999999999999600 ) ;
#1525 = CARTESIAN_POINT ( 'NONE',  ( 5.199999999999964650, 2.600000000000000089, -15.47298721428198398 ) ) ;
#1526 = FACE_OUTER_BOUND ( 'NONE', #1685, .T. ) ;
#1527 = DIRECTION ( 'NONE',  ( -0.000000000000000000, 1.000000000000000000, -0.000000000000000000 ) ) ;
#1528 = CARTESIAN_POINT ( 'NONE',  ( 16.00000000000000000, 2.600000000000000089, 1.599999999999993872 ) ) ;
#1529 = ORIENTED_EDGE ( 'NONE', *, *, #1258, .T. ) ;
#1530 = CARTESIAN_POINT ( 'NONE',  ( -8.000000000000065725, 6.000000000000000000, -13.85640646055098379 ) ) ;
#1531 = VECTOR ( 'NONE', #952, 1000.000000000000000 ) ;
#1532 = EDGE_LOOP ( 'NONE', ( #1649, #1898, #1764, #2679 ) ) ;
#1533 = ORIENTED_EDGE ( 'NONE', *, *, #1747, .F. ) ;
#1534 = DIRECTION ( 'NONE',  ( -0.000000000000000000, -1.000000000000000000, -0.000000000000000000 ) ) ;
#1535 = EDGE_LOOP ( 'NONE', ( #1877, #1302, #1424, #1586 ) ) ;
#1536 = CIRCLE ( 'NONE', #1315, 1.799999999999999600 ) ;
#1537 = DIRECTION ( 'NONE',  ( 0.000000000000000000, 0.000000000000000000, 1.000000000000000000 ) ) ;
#1538 = DIRECTION ( 'NONE',  ( -0.000000000000000000, -1.000000000000000000, -0.000000000000000000 ) ) ;
#1539 = CIRCLE ( 'NONE', #103, 1.599999999999986766 ) ;
#1540 = LINE ( 'NONE', #530, #122 ) ;
#1541 = FACE_OUTER_BOUND ( 'NONE', #698, .T. ) ;
#1542 = CARTESIAN_POINT ( 'NONE',  ( -3.063701236695603505E-15, 4.440000000000001279, -16.00000000000000355 ) ) ;
#1543 = VERTEX_POINT ( 'NONE', #1701 ) ;
#1544 = AXIS2_PLACEMENT_3D ( 'NONE', #228, #1900, #183 ) ;
#1545 = EDGE_CURVE ( 'NONE', #2259, #310, #1876, .T. ) ;
#1546 = ORIENTED_EDGE ( 'NONE', *, *, #1966, .F. ) ;
#1547 = CARTESIAN_POINT ( 'NONE',  ( 13.85640646055101222, 6.000000000000000000, -8.000000000000010658 ) ) ;
#1548 = EDGE_LOOP ( 'NONE', ( #2168, #534, #1042, #907 ) ) ;
#1549 = CARTESIAN_POINT ( 'NONE',  ( -8.000000000000065725, 2.599999999999998757, -13.85640646055098379 ) ) ;
#1550 = DIRECTION ( 'NONE',  ( 0.000000000000000000, 0.000000000000000000, -1.000000000000000000 ) ) ;
#1551 = DIRECTION ( 'NONE',  ( -0.000000000000000000, -1.000000000000000000, -0.000000000000000000 ) ) ;
#1552 = CARTESIAN_POINT ( 'NONE',  ( -16.00000000000000000, 2.600000000000000089, 3.233161507461903561 ) ) ;
#1553 = LINE ( 'NONE', #2615, #2180 ) ;
#1554 = ORIENTED_EDGE ( 'NONE', *, *, #79, .F. ) ;
#1555 = ADVANCED_FACE ( 'NONE', ( #252 ), #1160, .F. ) ;
#1556 = LINE ( 'NONE', #1848, #2619 ) ;
#1557 = ORIENTED_EDGE ( 'NONE', *, *, #820, .F. ) ;
#1558 = AXIS2_PLACEMENT_3D ( 'NONE', #2529, #2483, #1651 ) ;
#1559 = APPROVAL ( #2060, 'UNSPECIFIED' ) ;
#1560 = ORIENTED_EDGE ( 'NONE', *, *, #1866, .F. ) ;
#1561 = DIRECTION ( 'NONE',  ( -0.000000000000000000, 1.000000000000000000, -0.000000000000000000 ) ) ;
#1562 = LINE ( 'NONE', #502, #863 ) ;
#1563 = DIRECTION ( 'NONE',  ( 8.659560562354937789E-17, 0.7071067811865471286, -0.7071067811865479058 ) ) ;
#1564 = DIRECTION ( 'NONE',  ( -0.000000000000000000, -1.000000000000000000, -0.000000000000000000 ) ) ;
#1565 = CARTESIAN_POINT ( 'NONE',  ( -5.199999999999857181, 2.600000000000000089, 15.47298721428201773 ) ) ;
#1566 = LINE ( 'NONE', #2396, #351 ) ;
#1567 = DIRECTION ( 'NONE',  ( 0.000000000000000000, 0.000000000000000000, -1.000000000000000000 ) ) ;
#1568 = ORIENTED_EDGE ( 'NONE', *, *, #160, .F. ) ;
#1569 = EDGE_CURVE ( 'NONE', #2064, #818, #1379, .T. ) ;
#1570 = VECTOR ( 'NONE', #2220, 1000.000000000000114 ) ;
#1571 = CIRCLE ( 'NONE', #1704, 1.799999999999997824 ) ;
#1572 = EDGE_LOOP ( 'NONE', ( #2642, #1832, #2475, #1217 ) ) ;
#1573 = CARTESIAN_POINT ( 'NONE',  ( 5.199999999999971756, 2.600000000000000089, -12.23982570682007598 ) ) ;
#1574 = CARTESIAN_POINT ( 'NONE',  ( -18.79999999999999716, 2.600000000000000089, 1.616580753730952669 ) ) ;
#1575 = DIRECTION ( 'NONE',  ( -0.000000000000000000, -1.000000000000000000, -0.000000000000000000 ) ) ;
#1576 = DIRECTION ( 'NONE',  ( 0.000000000000000000, 0.000000000000000000, -1.000000000000000000 ) ) ;
#1577 = DIRECTION ( 'NONE',  ( -0.000000000000000000, -1.000000000000000000, -0.000000000000000000 ) ) ;
#1578 = ADVANCED_FACE ( 'NONE', ( #2302, #438 ), #2095, .T. ) ;
#1579 = CARTESIAN_POINT ( 'NONE',  ( -2.843264812849079923E-15, 6.000000000000000000, -17.80000000000000426 ) ) ;
#1580 = DIRECTION ( 'NONE',  ( -0.000000000000000000, -1.000000000000000000, -0.000000000000000000 ) ) ;
#1581 = VERTEX_POINT ( 'NONE', #1688 ) ;
#1582 = VECTOR ( 'NONE', #2592, 1000.000000000000000 ) ;
#1583 = APPLICATION_CONTEXT ( 'configuration controlled 3d designs of mechanical parts and assemblies' ) ;
#1584 = EDGE_CURVE ( 'NONE', #839, #2434, #451, .T. ) ;
#1585 = FACE_OUTER_BOUND ( 'NONE', #398, .T. ) ;
#1586 = ORIENTED_EDGE ( 'NONE', *, *, #453, .T. ) ;
#1587 = FACE_OUTER_BOUND ( 'NONE', #1403, .T. ) ;
#1588 = DIRECTION ( 'NONE',  ( 0.8660254037844430375, 0.000000000000000000, 0.4999999999999923950 ) ) ;
#1589 = CARTESIAN_POINT ( 'NONE',  ( -13.85640646055102643, 6.000000000000000000, -7.999999999999998224 ) ) ;
#1590 = CARTESIAN_POINT ( 'NONE',  ( -13.85640646055102643, 4.440000000000001279, -7.999999999999998224 ) ) ;
#1591 = CARTESIAN_POINT ( 'NONE',  ( -13.85640646055102110, 6.000000000000000000, 11.36000000000000298 ) ) ;
#1592 = VERTEX_POINT ( 'NONE', #1715 ) ;
#1593 = ORIENTED_EDGE ( 'NONE', *, *, #789, .F. ) ;
#1594 = CARTESIAN_POINT ( 'NONE',  ( -7.999999999999840128, 2.600000000000000089, 17.08956796801299305 ) ) ;
#1595 = CIRCLE ( 'NONE', #1205, 3.360000000000000320 ) ;
#1596 = VECTOR ( 'NONE', #2111, 1000.000000000000114 ) ;
#1597 = EDGE_CURVE ( 'NONE', #2389, #1581, #426, .T. ) ;
#1598 = AXIS2_PLACEMENT_3D ( 'NONE', #990, #2237, #2055 ) ;
#1599 = EDGE_CURVE ( 'NONE', #1407, #357, #2296, .T. ) ;
#1600 = CARTESIAN_POINT ( 'NONE',  ( -16.00000000000000000, 6.000000000000000000, 1.599999999999998979 ) ) ;
#1601 = ORIENTED_EDGE ( 'NONE', *, *, #758, .T. ) ;
#1602 = LINE ( 'NONE', #742, #1531 ) ;
#1603 = ADVANCED_FACE ( 'NONE', ( #1946, #1729 ), #2604, .T. ) ;
#1604 = FACE_OUTER_BOUND ( 'NONE', #782, .T. ) ;
#1605 = DIRECTION ( 'NONE',  ( 0.000000000000000000, 0.000000000000000000, -1.000000000000000000 ) ) ;
#1606 = CARTESIAN_POINT ( 'NONE',  ( 7.999999999999974243, 2.600000000000000089, -10.62324495308913086 ) ) ;
#1607 = VERTEX_POINT ( 'NONE', #1360 ) ;
#1608 = EDGE_LOOP ( 'NONE', ( #2350, #1393 ) ) ;
#1609 = PLANE ( 'NONE',  #1122 ) ;
#1610 = ADVANCED_BREP_SHAPE_REPRESENTATION ( 'OutRunnerLowerPlate', ( #2632, #1758 ), #1013 ) ;
#1611 = EDGE_LOOP ( 'NONE', ( #1076, #2027, #2449, #1106 ) ) ;
#1612 = DIRECTION ( 'NONE',  ( -0.000000000000000000, -1.000000000000000000, -0.000000000000000000 ) ) ;
#1613 = EDGE_CURVE ( 'NONE', #299, #1740, #1540, .T. ) ;
#1614 = LINE ( 'NONE', #1831, #1409 ) ;
#1615 = ORIENTED_EDGE ( 'NONE', *, *, #832, .T. ) ;
#1616 = DIRECTION ( 'NONE',  ( -0.5000000000000017764, 0.000000000000000000, -0.8660254037844375974 ) ) ;
#1617 = DIRECTION ( 'NONE',  ( -0.000000000000000000, 1.000000000000000000, -0.000000000000000000 ) ) ;
#1618 = CARTESIAN_POINT ( 'NONE',  ( 7.999999999999958256, 2.600000000000000089, -17.08956796801293621 ) ) ;
#1619 = EDGE_LOOP ( 'NONE', ( #1489, #2656, #1456, #1923 ) ) ;
#1620 = CIRCLE ( 'NONE', #2538, 1.599999999999986766 ) ;
#1621 = VERTEX_POINT ( 'NONE', #2595 ) ;
#1622 = CARTESIAN_POINT ( 'NONE',  ( -13.85640646055102110, 4.440000000000001279, 8.000000000000003553 ) ) ;
#1623 = ADVANCED_FACE ( 'NONE', ( #2560 ), #1111, .F. ) ;
#1624 = LINE ( 'NONE', #2074, #2270 ) ;
#1625 = AXIS2_PLACEMENT_3D ( 'NONE', #1606, #2621, #1018 ) ;
#1626 = ORIENTED_EDGE ( 'NONE', *, *, #2149, .F. ) ;
#1627 = CARTESIAN_POINT ( 'NONE',  ( -5.199999999999857181, 2.600000000000000089, 15.47298721428201773 ) ) ;
#1628 = DIRECTION ( 'NONE',  ( -0.000000000000000000, 1.000000000000000000, -0.000000000000000000 ) ) ;
#1629 = DIRECTION ( 'NONE',  ( -0.8660254037844388186, 0.000000000000000000, -0.4999999999999997780 ) ) ;
#1630 = CARTESIAN_POINT ( 'NONE',  ( 1.714505518806294638E-15, 0.000000000000000000, 17.80000000000000071 ) ) ;
#1631 = DIRECTION ( 'NONE',  ( -0.000000000000000000, -1.000000000000000000, -0.000000000000000000 ) ) ;
#1632 = LINE ( 'NONE', #214, #2662 ) ;
#1633 = DIRECTION ( 'NONE',  ( 0.8660254037844384856, 0.000000000000000000, 0.5000000000000002220 ) ) ;
#1634 = DIRECTION ( 'NONE',  ( 0.8660254037844384856, 0.000000000000000000, 0.5000000000000002220 ) ) ;
#1635 = VECTOR ( 'NONE', #696, 1000.000000000000000 ) ;
#1636 = VECTOR ( 'NONE', #814, 1000.000000000000114 ) ;
#1637 = ORIENTED_EDGE ( 'NONE', *, *, #1443, .T. ) ;
#1638 = LINE ( 'NONE', #608, #152 ) ;
#1639 = DIRECTION ( 'NONE',  ( 0.8660254037844432595, 0.000000000000000000, 0.4999999999999919509 ) ) ;
#1640 = FACE_OUTER_BOUND ( 'NONE', #744, .T. ) ;
#1641 = DIRECTION ( 'NONE',  ( 0.000000000000000000, 0.000000000000000000, 1.000000000000000000 ) ) ;
#1642 = EDGE_CURVE ( 'NONE', #665, #1592, #1743, .T. ) ;
#1643 = VERTEX_POINT ( 'NONE', #1336 ) ;
#1644 = VERTEX_POINT ( 'NONE', #1138 ) ;
#1645 = DIRECTION ( 'NONE',  ( -0.000000000000000000, 1.000000000000000000, -0.000000000000000000 ) ) ;
#1646 = LINE ( 'NONE', #2258, #1669 ) ;
#1647 = ORIENTED_EDGE ( 'NONE', *, *, #1584, .F. ) ;
#1648 = CARTESIAN_POINT ( 'NONE',  ( 10.80000000000018012, 0.000000000000000000, 15.47298721428184365 ) ) ;
#1649 = ORIENTED_EDGE ( 'NONE', *, *, #79, .T. ) ;
#1650 = LINE ( 'NONE', #1889, #356 ) ;
#1651 = DIRECTION ( 'NONE',  ( 0.000000000000000000, 0.000000000000000000, 1.000000000000000000 ) ) ;
#1652 = CARTESIAN_POINT ( 'NONE',  ( 10.79999999999996518, 2.600000000000000089, -15.47298721428199109 ) ) ;
#1653 = DIRECTION ( 'NONE',  ( -0.000000000000000000, -1.000000000000000000, -0.000000000000000000 ) ) ;
#1654 = EDGE_CURVE ( 'NONE', #1025, #1798, #1948, .T. ) ;
#1655 = VERTEX_POINT ( 'NONE', #708 ) ;
#1656 = CARTESIAN_POINT ( 'NONE',  ( 13.85640646055101222, 6.000000000000000000, -4.640000000000012115 ) ) ;
#1657 = VERTEX_POINT ( 'NONE', #328 ) ;
#1658 = CIRCLE ( 'NONE', #495, 1.599999999999998979 ) ;
#1659 = FACE_BOUND ( 'NONE', #1170, .T. ) ;
#1660 = DATE_AND_TIME ( #2260, #1499 ) ;
#1661 = DIRECTION ( 'NONE',  ( 1.149080830487037019E-14, 0.000000000000000000, 1.000000000000000000 ) ) ;
#1662 = APPROVAL_PERSON_ORGANIZATION ( #229, #466, #20 ) ;
#1663 = EDGE_CURVE ( 'NONE', #2389, #344, #2406, .T. ) ;
#1664 = VERTEX_POINT ( 'NONE', #1153 ) ;
#1665 = CARTESIAN_POINT ( 'NONE',  ( 7.999999999999958256, 2.600000000000000089, -17.08956796801293621 ) ) ;
#1666 = EDGE_LOOP ( 'NONE', ( #1927, #880, #2574, #909, #793, #2468 ) ) ;
#1667 = VECTOR ( 'NONE', #1497, 1000.000000000000000 ) ;
#1668 = LINE ( 'NONE', #826, #1636 ) ;
#1669 = VECTOR ( 'NONE', #78, 1000.000000000000114 ) ;
#1670 = FACE_BOUND ( 'NONE', #1723, .T. ) ;
#1671 = DIRECTION ( 'NONE',  ( -0.000000000000000000, 1.000000000000000000, -0.000000000000000000 ) ) ;
#1672 = ORIENTED_EDGE ( 'NONE', *, *, #588, .T. ) ;
#1673 = CC_DESIGN_DATE_AND_TIME_ASSIGNMENT ( #1051, #458, ( #50 ) ) ;
#1674 = CARTESIAN_POINT ( 'NONE',  ( -8.000000000000076383, 2.600000000000000089, -17.08956796801289002 ) ) ;
#1675 = EDGE_LOOP ( 'NONE', ( #2005, #601, #1108, #1271 ) ) ;
#1676 = EDGE_CURVE ( 'NONE', #233, #1644, #2367, .T. ) ;
#1677 = CARTESIAN_POINT ( 'NONE',  ( -5.200000000000071232, 0.000000000000000000, -15.47298721428195023 ) ) ;
#1678 = DATE_AND_TIME ( #835, #496 ) ;
#1679 = DIRECTION ( 'NONE',  ( -0.000000000000000000, 1.000000000000000000, -0.000000000000000000 ) ) ;
#1680 = EDGE_CURVE ( 'NONE', #2579, #1366, #620, .T. ) ;
#1681 = EDGE_CURVE ( 'NONE', #1581, #2389, #1536, .T. ) ;
#1682 = ORIENTED_EDGE ( 'NONE', *, *, #2518, .F. ) ;
#1683 = EDGE_CURVE ( 'NONE', #2601, #729, #541, .T. ) ;
#1684 = LINE ( 'NONE', #1273, #2682 ) ;
#1685 = EDGE_LOOP ( 'NONE', ( #509, #2568, #2536, #2117 ) ) ;
#1686 = AXIS2_PLACEMENT_3D ( 'NONE', #871, #1699, #1016 ) ;
#1687 = CARTESIAN_POINT ( 'NONE',  ( -8.000000000000065725, 6.000000000000000000, -15.45640646055098344 ) ) ;
#1688 = CARTESIAN_POINT ( 'NONE',  ( -13.85640646055102643, 0.000000000000000000, -6.199999999999999289 ) ) ;
#1689 = ADVANCED_FACE ( 'NONE', ( #1780 ), #1372, .F. ) ;
#1690 = VECTOR ( 'NONE', #2273, 1000.000000000000000 ) ;
#1691 = VERTEX_POINT ( 'NONE', #1128 ) ;
#1692 = CARTESIAN_POINT ( 'NONE',  ( -7.999999999999840128, 0.000000000000000000, 17.08956796801299305 ) ) ;
#1693 = ORIENTED_EDGE ( 'NONE', *, *, #873, .T. ) ;
#1694 = EDGE_CURVE ( 'NONE', #2176, #691, #102, .T. ) ;
#1695 = VERTEX_POINT ( 'NONE', #1320 ) ;
#1696 = EDGE_CURVE ( 'NONE', #2189, #1543, #898, .T. ) ;
#1697 = CYLINDRICAL_SURFACE ( 'NONE', #237, 1.599999999999993872 ) ;
#1698 = VERTEX_POINT ( 'NONE', #518 ) ;
#1699 = DIRECTION ( 'NONE',  ( -0.000000000000000000, 1.000000000000000000, -0.000000000000000000 ) ) ;
#1700 = CARTESIAN_POINT ( 'NONE',  ( 8.000000000000191847, 2.600000000000000089, 17.08956796801282962 ) ) ;
#1701 = CARTESIAN_POINT ( 'NONE',  ( 8.000000000000120792, 0.000000000000000000, 10.62324495308901895 ) ) ;
#1702 = LINE ( 'NONE', #725, #2535 ) ;
#1703 = ORIENTED_EDGE ( 'NONE', *, *, #324, .F. ) ;
#1704 = AXIS2_PLACEMENT_3D ( 'NONE', #2561, #709, #1293 ) ;
#1705 = FACE_OUTER_BOUND ( 'NONE', #51, .T. ) ;
#1706 = ORIENTED_EDGE ( 'NONE', *, *, #2163, .T. ) ;
#1707 = SHAPE_DEFINITION_REPRESENTATION ( #552, #1610 ) ;
#1708 = VECTOR ( 'NONE', #1278, 1000.000000000000000 ) ;
#1709 = ORIENTED_EDGE ( 'NONE', *, *, #1752, .T. ) ;
#1710 = AXIS2_PLACEMENT_3D ( 'NONE', #1968, #1561, #773 ) ;
#1711 = DIRECTION ( 'NONE',  ( -0.000000000000000000, 1.000000000000000000, -0.000000000000000000 ) ) ;
#1712 = EDGE_LOOP ( 'NONE', ( #91, #2097 ) ) ;
#1713 = LINE ( 'NONE', #2133, #2240 ) ;
#1714 = CARTESIAN_POINT ( 'NONE',  ( 8.000000000000120792, 2.600000000000000089, 10.62324495308901895 ) ) ;
#1715 = CARTESIAN_POINT ( 'NONE',  ( 1.934941942652818023E-15, 4.440000000000001279, 14.20000000000000107 ) ) ;
#1716 = AXIS2_PLACEMENT_3D ( 'NONE', #2482, #417, #1245 ) ;
#1717 = CARTESIAN_POINT ( 'NONE',  ( -2.652219912182092555E-15, 6.000000000000000000, -19.36000000000000298 ) ) ;
#1718 = EDGE_CURVE ( 'NONE', #735, #299, #1363, .T. ) ;
#1719 = VERTEX_POINT ( 'NONE', #111 ) ;
#1720 = CARTESIAN_POINT ( 'NONE',  ( 1.714505518806294638E-15, 6.000000000000000000, 16.00000000000000000 ) ) ;
#1721 = VECTOR ( 'NONE', #781, 1000.000000000000114 ) ;
#1722 = EDGE_CURVE ( 'NONE', #2505, #1913, #1770, .T. ) ;
#1723 = EDGE_LOOP ( 'NONE', ( #2148, #240 ) ) ;
#1724 = ORIENTED_EDGE ( 'NONE', *, *, #2049, .T. ) ;
#1725 = CARTESIAN_POINT ( 'NONE',  ( -7.999999999999872102, 2.599999999999998757, 13.85640646055109215 ) ) ;
#1726 = ORIENTED_EDGE ( 'NONE', *, *, #289, .T. ) ;
#1727 = FACE_OUTER_BOUND ( 'NONE', #1148, .T. ) ;
#1728 = CARTESIAN_POINT ( 'NONE',  ( -13.85640646055102110, 6.000000000000000000, 8.000000000000003553 ) ) ;
#1729 = FACE_OUTER_BOUND ( 'NONE', #33, .T. ) ;
#1730 = DIRECTION ( 'NONE',  ( 0.000000000000000000, 0.7071067811865470176, 0.7071067811865479058 ) ) ;
#1731 = VECTOR ( 'NONE', #1878, 1000.000000000000000 ) ;
#1732 = ORIENTED_EDGE ( 'NONE', *, *, #1584, .T. ) ;
#1733 = CARTESIAN_POINT ( 'NONE',  ( -10.79999999999988702, 2.600000000000000089, 12.23982570682016480 ) ) ;
#1734 = VECTOR ( 'NONE', #640, 1000.000000000000114 ) ;
#1735 = DIRECTION ( 'NONE',  ( -0.000000000000000000, -1.000000000000000000, -0.000000000000000000 ) ) ;
#1736 = ORIENTED_EDGE ( 'NONE', *, *, #578, .T. ) ;
#1737 = EDGE_CURVE ( 'NONE', #233, #581, #1744, .T. ) ;
#1738 = ORIENTED_EDGE ( 'NONE', *, *, #523, .F. ) ;
#1739 = CARTESIAN_POINT ( 'NONE',  ( 2.125986843319805391E-15, 6.000000000000000000, 12.64000000000000057 ) ) ;
#1740 = VERTEX_POINT ( 'NONE', #277 ) ;
#1741 = FACE_OUTER_BOUND ( 'NONE', #2215, .T. ) ;
#1742 = DIRECTION ( 'NONE',  ( -0.000000000000000000, 1.000000000000000000, -0.000000000000000000 ) ) ;
#1743 = LINE ( 'NONE', #2572, #1248 ) ;
#1744 = LINE ( 'NONE', #1935, #2653 ) ;
#1745 = ORIENTED_EDGE ( 'NONE', *, *, #258, .T. ) ;
#1746 = DIRECTION ( 'NONE',  ( -0.000000000000000000, -1.000000000000000000, -0.000000000000000000 ) ) ;
#1747 = EDGE_CURVE ( 'NONE', #536, #13, #1494, .T. ) ;
#1748 = ORIENTED_EDGE ( 'NONE', *, *, #1001, .F. ) ;
#1749 = VERTEX_POINT ( 'NONE', #1757 ) ;
#1750 = LINE ( 'NONE', #2182, #321 ) ;
#1751 = VERTEX_POINT ( 'NONE', #875 ) ;
#1752 = EDGE_CURVE ( 'NONE', #184, #231, #1073, .T. ) ;
#1753 = CYLINDRICAL_SURFACE ( 'NONE', #2076, 1.799999999999999600 ) ;
#1754 = CARTESIAN_POINT ( 'NONE',  ( 13.85640646055102110, 6.000000000000000000, 8.000000000000000000 ) ) ;
#1755 = DIRECTION ( 'NONE',  ( -0.000000000000000000, -1.000000000000000000, -0.000000000000000000 ) ) ;
#1756 = DIRECTION ( 'NONE',  ( -0.8660254037844408170, 0.000000000000000000, -0.4999999999999961697 ) ) ;
#1757 = CARTESIAN_POINT ( 'NONE',  ( 1.714505518806294638E-15, 4.440000000000001279, 17.80000000000000071 ) ) ;
#1758 = AXIS2_PLACEMENT_3D ( 'NONE', #1256, #1479, #1286 ) ;
#1759 = EDGE_LOOP ( 'NONE', ( #1504, #296, #446, #565 ) ) ;
#1760 = DIRECTION ( 'NONE',  ( -0.8660254037844365982, 0.000000000000000000, 0.5000000000000035527 ) ) ;
#1761 = ORIENTED_EDGE ( 'NONE', *, *, #2643, .T. ) ;
#1762 = AXIS2_PLACEMENT_3D ( 'NONE', #2222, #354, #1194 ) ;
#1763 = CIRCLE ( 'NONE', #2414, 1.799999999999999600 ) ;
#1764 = ORIENTED_EDGE ( 'NONE', *, *, #674, .F. ) ;
#1765 = LINE ( 'NONE', #717, #967 ) ;
#1766 = ADVANCED_FACE ( 'NONE', ( #1513 ), #89, .F. ) ;
#1767 = LINE ( 'NONE', #721, #425 ) ;
#1768 = EDGE_CURVE ( 'NONE', #1749, #2130, #1130, .T. ) ;
#1769 = DIRECTION ( 'NONE',  ( -0.4999999999999900635, 0.000000000000000000, 0.8660254037844444808 ) ) ;
#1770 = LINE ( 'NONE', #46, #1141 ) ;
#1771 = DIRECTION ( 'NONE',  ( -0.000000000000000000, -1.000000000000000000, -0.000000000000000000 ) ) ;
#1772 = ORIENTED_EDGE ( 'NONE', *, *, #705, .T. ) ;
#1773 = CARTESIAN_POINT ( 'NONE',  ( 10.80000000000018012, 0.000000000000000000, 15.47298721428184365 ) ) ;
#1774 = ORIENTED_EDGE ( 'NONE', *, *, #309, .F. ) ;
#1775 = AXIS2_PLACEMENT_3D ( 'NONE', #213, #615, #2392 ) ;
#1776 = EDGE_CURVE ( 'NONE', #735, #2132, #1702, .T. ) ;
#1777 = EDGE_LOOP ( 'NONE', ( #2236, #1134 ) ) ;
#1778 = CARTESIAN_POINT ( 'NONE',  ( 10.79999999999996518, 0.000000000000000000, -15.47298721428199109 ) ) ;
#1779 = DIRECTION ( 'NONE',  ( 0.000000000000000000, 0.000000000000000000, 1.000000000000000000 ) ) ;
#1780 = FACE_OUTER_BOUND ( 'NONE', #680, .T. ) ;
#1781 = DIRECTION ( 'NONE',  ( 0.000000000000000000, 0.000000000000000000, 1.000000000000000000 ) ) ;
#1782 = LINE ( 'NONE', #2606, #1871 ) ;
#1783 = LINE ( 'NONE', #165, #36 ) ;
#1784 = PLANE ( 'NONE',  #2553 ) ;
#1785 = ORIENTED_EDGE ( 'NONE', *, *, #2461, .T. ) ;
#1786 = EDGE_CURVE ( 'NONE', #1206, #2248, #490, .T. ) ;
#1787 = ORIENTED_EDGE ( 'NONE', *, *, #1317, .F. ) ;
#1788 = DIRECTION ( 'NONE',  ( 0.000000000000000000, 0.000000000000000000, 1.000000000000000000 ) ) ;
#1789 =( NAMED_UNIT ( * ) SI_UNIT ( $, .STERADIAN. ) SOLID_ANGLE_UNIT ( ) );
#1790 = DIRECTION ( 'NONE',  ( -0.4999999999999998335, 0.000000000000000000, -0.8660254037844388186 ) ) ;
#1791 = ORIENTED_EDGE ( 'NONE', *, *, #1696, .F. ) ;
#1792 = AXIS2_PLACEMENT_3D ( 'NONE', #854, #1679, #2090 ) ;
#1793 = DIRECTION ( 'NONE',  ( -0.000000000000000000, 1.000000000000000000, -0.000000000000000000 ) ) ;
#1794 = CARTESIAN_POINT ( 'NONE',  ( 3.306546357697853733E-16, 0.000000000000000000, -2.700000000000000178 ) ) ;
#1795 = ORIENTED_EDGE ( 'NONE', *, *, #2096, .F. ) ;
#1796 = AXIS2_PLACEMENT_3D ( 'NONE', #392, #124, #136 ) ;
#1797 = ADVANCED_FACE ( 'NONE', ( #1961 ), #2531, .F. ) ;
#1798 = VERTEX_POINT ( 'NONE', #58 ) ;
#1799 = ADVANCED_FACE ( 'NONE', ( #73 ), #2113, .F. ) ;
#1800 = EDGE_CURVE ( 'NONE', #2505, #2054, #1571, .T. ) ;
#1801 = PLANE ( 'NONE',  #1272 ) ;
#1802 = EDGE_LOOP ( 'NONE', ( #850, #1114, #1330, #2433 ) ) ;
#1803 = CARTESIAN_POINT ( 'NONE',  ( 10.80000000000014282, 2.600000000000000089, 12.23982570681994098 ) ) ;
#1804 = CARTESIAN_POINT ( 'NONE',  ( 16.00000000000000000, 0.000000000000000000, -3.233161507461903561 ) ) ;
#1805 = VERTEX_POINT ( 'NONE', #1907 ) ;
#1806 = ORIENTED_EDGE ( 'NONE', *, *, #2022, .F. ) ;
#1807 = PRODUCT ( 'OutRunnerLowerPlate', 'OutRunnerLowerPlate', '', ( #1448 ) ) ;
#1808 = DIRECTION ( 'NONE',  ( 0.8660254037844432595, 0.000000000000000000, 0.4999999999999918954 ) ) ;
#1809 = CIRCLE ( 'NONE', #337, 1.599999999999998979 ) ;
#1810 = CIRCLE ( 'NONE', #645, 3.360000000000002096 ) ;
#1811 = CLOSED_SHELL ( 'NONE', ( #1880, #256, #551, #1623, #1133, #2282, #1555, #2365, #359, #2279, #1377, #1398, #1197, #1036, #1996, #1689, #443, #1498, #352, #1067, #1284, #993, #905, #2310, #349, #996, #2010, #1969, #2112, #1116, #1578, #2204, #734, #2083, #2040, #1229, #1335, #2308, #1603, #2067, #1766, #217, #2669, #246, #2590, #553, #2381, #1032, #2577, #39, #1488, #1314, #1143, #1298, #525, #2565, #411, #1963, #801, #181, #994, #521, #1998, #1087, #2003, #1799, #23, #739, #918, #2219, #2226, #575, #1797, #1092, #2638, #107, #301, #838, #2372, #45, #2400, #851, #654, #2623 ) ) ;
#1812 = CARTESIAN_POINT ( 'NONE',  ( -5.199999999999887379, 2.600000000000000089, 12.23982570682011151 ) ) ;
#1813 = CIRCLE ( 'NONE', #865, 1.599999999999986766 ) ;
#1814 = VERTEX_POINT ( 'NONE', #887 ) ;
#1815 = DIRECTION ( 'NONE',  ( -0.000000000000000000, 1.000000000000000000, -0.000000000000000000 ) ) ;
#1816 = LINE ( 'NONE', #1220, #1190 ) ;
#1817 = EDGE_LOOP ( 'NONE', ( #514, #2152, #1772, #1414 ) ) ;
#1818 = PLANE ( 'NONE',  #399 ) ;
#1819 = ORIENTED_EDGE ( 'NONE', *, *, #1287, .F. ) ;
#1820 = CARTESIAN_POINT ( 'NONE',  ( -13.85640646055102643, 6.000000000000000000, -6.199999999999999289 ) ) ;
#1821 = DIRECTION ( 'NONE',  ( -0.000000000000000000, -1.000000000000000000, -0.000000000000000000 ) ) ;
#1822 = ORIENTED_EDGE ( 'NONE', *, *, #389, .T. ) ;
#1823 = ORIENTED_EDGE ( 'NONE', *, *, #1718, .T. ) ;
#1824 = CC_DESIGN_PERSON_AND_ORGANIZATION_ASSIGNMENT ( #2307, #430, ( #1807 ) ) ;
#1825 = ORIENTED_EDGE ( 'NONE', *, *, #979, .F. ) ;
#1826 = DIRECTION ( 'NONE',  ( -0.000000000000000000, 1.000000000000000000, -0.000000000000000000 ) ) ;
#1827 = EDGE_LOOP ( 'NONE', ( #1850, #2107, #1382, #84 ) ) ;
#1828 = AXIS2_PLACEMENT_3D ( 'NONE', #1154, #366, #1986 ) ;
#1829 = CARTESIAN_POINT ( 'NONE',  ( -13.19999999999999751, 0.000000000000000000, 1.616580753730951114 ) ) ;
#1830 = VECTOR ( 'NONE', #2597, 1000.000000000000000 ) ;
#1831 = CARTESIAN_POINT ( 'NONE',  ( 13.85640646055102110, 6.000000000000000000, 4.639999999999999680 ) ) ;
#1832 = ORIENTED_EDGE ( 'NONE', *, *, #1886, .F. ) ;
#1833 = EDGE_CURVE ( 'NONE', #1798, #691, #1947, .T. ) ;
#1834 = CARTESIAN_POINT ( 'NONE',  ( 2.125986843319805391E-15, 6.000000000000000000, 12.64000000000000057 ) ) ;
#1835 = CARTESIAN_POINT ( 'NONE',  ( 8.000000000000120792, 0.000000000000000000, 10.62324495308901895 ) ) ;
#1836 = CYLINDRICAL_SURFACE ( 'NONE', #2552, 1.799999999999999600 ) ;
#1837 = ORIENTED_EDGE ( 'NONE', *, *, #1346, .T. ) ;
#1838 = AXIS2_PLACEMENT_3D ( 'NONE', #554, #1135, #2403 ) ;
#1839 = VERTEX_POINT ( 'NONE', #1717 ) ;
#1840 = DIRECTION ( 'NONE',  ( 0.8660254037844363761, 0.000000000000000000, -0.5000000000000039968 ) ) ;
#1841 = CARTESIAN_POINT ( 'NONE',  ( -5.200000000000055245, 2.600000000000000089, -12.23982570682004045 ) ) ;
#1842 = VECTOR ( 'NONE', #800, 999.9999999999998863 ) ;
#1843 = DIRECTION ( 'NONE',  ( 0.000000000000000000, 0.7071067811865474617, 0.7071067811865474617 ) ) ;
#1844 = CIRCLE ( 'NONE', #934, 1.799999999999997824 ) ;
#1845 = ORIENTED_EDGE ( 'NONE', *, *, #674, .T. ) ;
#1846 = FACE_OUTER_BOUND ( 'NONE', #2229, .T. ) ;
#1847 = CARTESIAN_POINT ( 'NONE',  ( 16.00000000000000000, 2.600000000000000089, 3.233161507461906226 ) ) ;
#1848 = CARTESIAN_POINT ( 'NONE',  ( 16.00000000000000000, 2.600000000000000089, 3.233161507461906226 ) ) ;
#1849 = CARTESIAN_POINT ( 'NONE',  ( -10.79999999999988702, 0.000000000000000000, 12.23982570682016657 ) ) ;
#1850 = ORIENTED_EDGE ( 'NONE', *, *, #320, .F. ) ;
#1851 = ORIENTED_EDGE ( 'NONE', *, *, #242, .T. ) ;
#1852 = DIRECTION ( 'NONE',  ( 0.000000000000000000, 0.000000000000000000, 1.000000000000000000 ) ) ;
#1853 = AXIS2_PLACEMENT_3D ( 'NONE', #684, #2342, #2485 ) ;
#1854 = DIRECTION ( 'NONE',  ( 5.365409281204141229E-16, 0.000000000000000000, -1.000000000000000000 ) ) ;
#1855 = CARTESIAN_POINT ( 'NONE',  ( 16.00000000000000000, 0.000000000000000000, -3.233161507461903561 ) ) ;
#1856 = CIRCLE ( 'NONE', #599, 3.360000000000000320 ) ;
#1857 = EDGE_CURVE ( 'NONE', #1798, #1025, #2401, .T. ) ;
#1858 = EDGE_LOOP ( 'NONE', ( #1064, #198 ) ) ;
#1859 = FACE_OUTER_BOUND ( 'NONE', #294, .T. ) ;
#1860 = CARTESIAN_POINT ( 'NONE',  ( -16.00000000000000000, 2.600000000000000089, 3.233161507461903561 ) ) ;
#1861 = CARTESIAN_POINT ( 'NONE',  ( -13.19999999999999574, 2.600000000000000089, -1.616580753730952891 ) ) ;
#1862 = DIRECTION ( 'NONE',  ( -0.000000000000000000, -1.000000000000000000, -0.000000000000000000 ) ) ;
#1863 = VERTEX_POINT ( 'NONE', #292 ) ;
#1864 = DIRECTION ( 'NONE',  ( 0.8660254037844443697, 0.000000000000000000, 0.4999999999999901745 ) ) ;
#1865 = ORIENTED_EDGE ( 'NONE', *, *, #2450, .T. ) ;
#1866 = EDGE_CURVE ( 'NONE', #269, #1994, #2573, .T. ) ;
#1867 = CARTESIAN_POINT ( 'NONE',  ( 7.999999999999968914, 2.600000000000000089, -13.85640646055103886 ) ) ;
#1868 = FACE_BOUND ( 'NONE', #482, .T. ) ;
#1869 = PERSON_AND_ORGANIZATION_ROLE ( 'classification_officer' ) ;
#1870 = DIRECTION ( 'NONE',  ( -0.000000000000000000, -1.000000000000000000, -0.000000000000000000 ) ) ;
#1871 = VECTOR ( 'NONE', #137, 1000.000000000000114 ) ;
#1872 = ORIENTED_EDGE ( 'NONE', *, *, #439, .F. ) ;
#1873 = DIRECTION ( 'NONE',  ( 0.5000000000000003331, 0.000000000000000000, -0.8660254037844385966 ) ) ;
#1874 = ORIENTED_EDGE ( 'NONE', *, *, #866, .T. ) ;
#1875 = FACE_BOUND ( 'NONE', #1777, .T. ) ;
#1876 = LINE ( 'NONE', #10, #2197 ) ;
#1877 = ORIENTED_EDGE ( 'NONE', *, *, #1426, .T. ) ;
#1878 = DIRECTION ( 'NONE',  ( -0.8660254037844432595, 0.000000000000000000, -0.4999999999999919509 ) ) ;
#1879 = ORIENTED_EDGE ( 'NONE', *, *, #636, .T. ) ;
#1880 = ADVANCED_FACE ( 'NONE', ( #1541 ), #662, .F. ) ;
#1881 = EDGE_CURVE ( 'NONE', #92, #2122, #685, .T. ) ;
#1882 = PLANE ( 'NONE',  #1544 ) ;
#1883 = SECURITY_CLASSIFICATION_LEVEL ( 'unclassified' ) ;
#1884 = CARTESIAN_POINT ( 'NONE',  ( -7.999999999999872102, 6.000000000000000000, 13.85640646055109215 ) ) ;
#1885 = ORGANIZATION ( 'UNSPECIFIED', 'UNSPECIFIED', '' ) ;
#1886 = EDGE_CURVE ( 'NONE', #1014, #1440, #1091, .T. ) ;
#1887 = VERTEX_POINT ( 'NONE', #316 ) ;
#1888 = CIRCLE ( 'NONE', #368, 1.599999999999998979 ) ;
#1889 = CARTESIAN_POINT ( 'NONE',  ( -13.85640646055102110, 6.000000000000000000, 9.800000000000002487 ) ) ;
#1890 = VERTEX_POINT ( 'NONE', #543 ) ;
#1891 = AXIS2_PLACEMENT_3D ( 'NONE', #790, #1467, #2469 ) ;
#1892 = LINE ( 'NONE', #27, #1078 ) ;
#1893 = CONICAL_SURFACE ( 'NONE', #331, 3.359999999999998543, 0.7853981633974482790 ) ;
#1894 = CARTESIAN_POINT ( 'NONE',  ( -13.85640646055102110, 0.000000000000000000, 8.000000000000003553 ) ) ;
#1895 = DIRECTION ( 'NONE',  ( 0.000000000000000000, -1.000000000000000000, 0.000000000000000000 ) ) ;
#1896 = VERTEX_POINT ( 'NONE', #939 ) ;
#1897 = LINE ( 'NONE', #877, #2071 ) ;
#1898 = ORIENTED_EDGE ( 'NONE', *, *, #2163, .F. ) ;
#1899 = EDGE_CURVE ( 'NONE', #1014, #1992, #2628, .T. ) ;
#1900 = DIRECTION ( 'NONE',  ( -1.000000000000000000, 0.000000000000000000, 2.053912595556539600E-15 ) ) ;
#1901 = APPROVAL_STATUS ( 'not_yet_approved' ) ;
#1902 = ORIENTED_EDGE ( 'NONE', *, *, #1916, .T. ) ;
#1903 = CARTESIAN_POINT ( 'NONE',  ( 13.85640646055102110, 6.000000000000000000, 9.799999999999997158 ) ) ;
#1904 = ORIENTED_EDGE ( 'NONE', *, *, #919, .T. ) ;
#1905 = FACE_BOUND ( 'NONE', #632, .T. ) ;
#1906 = DIRECTION ( 'NONE',  ( 0.8660254037844387076, 0.000000000000000000, -0.4999999999999998890 ) ) ;
#1907 = CARTESIAN_POINT ( 'NONE',  ( 2.461540066286179870E-15, 0.000000000000000000, 20.10000000000000142 ) ) ;
#1908 = ORIENTED_EDGE ( 'NONE', *, *, #1354, .T. ) ;
#1909 = CARTESIAN_POINT ( 'NONE',  ( 0.000000000000000000, 2.600000000000000089, 0.000000000000000000 ) ) ;
#1910 = EDGE_LOOP ( 'NONE', ( #2402, #474, #62, #442 ) ) ;
#1911 = EDGE_CURVE ( 'NONE', #1887, #550, #1553, .T. ) ;
#1912 = DATE_AND_TIME ( #2509, #2272 ) ;
#1913 = VERTEX_POINT ( 'NONE', #1373 ) ;
#1914 = CARTESIAN_POINT ( 'NONE',  ( -10.80000000000005933, 2.600000000000000089, -12.23982570682001914 ) ) ;
#1915 = ORIENTED_EDGE ( 'NONE', *, *, #403, .F. ) ;
#1916 = EDGE_CURVE ( 'NONE', #1942, #1265, #125, .T. ) ;
#1917 = DIRECTION ( 'NONE',  ( -0.000000000000000000, 1.000000000000000000, -0.000000000000000000 ) ) ;
#1918 = DIRECTION ( 'NONE',  ( 0.000000000000000000, 0.000000000000000000, 1.000000000000000000 ) ) ;
#1919 = CIRCLE ( 'NONE', #748, 1.599999999999986766 ) ;
#1920 = CARTESIAN_POINT ( 'NONE',  ( -13.85640646055102110, 6.000000000000000000, 8.000000000000003553 ) ) ;
#1921 = ORIENTED_EDGE ( 'NONE', *, *, #2532, .T. ) ;
#1922 = CARTESIAN_POINT ( 'NONE',  ( 13.85640646055102110, 6.000000000000000000, 8.000000000000000000 ) ) ;
#1923 = ORIENTED_EDGE ( 'NONE', *, *, #1303, .T. ) ;
#1924 = VERTEX_POINT ( 'NONE', #1192 ) ;
#1925 = VECTOR ( 'NONE', #1449, 1000.000000000000000 ) ;
#1926 = CARTESIAN_POINT ( 'NONE',  ( 10.80000000000014282, 2.600000000000000089, 12.23982570681994098 ) ) ;
#1927 = ORIENTED_EDGE ( 'NONE', *, *, #187, .F. ) ;
#1928 = DIRECTION ( 'NONE',  ( 0.5000000000000035527, -0.000000000000000000, 0.8660254037844365982 ) ) ;
#1929 = VECTOR ( 'NONE', #1434, 1000.000000000000000 ) ;
#1930 = CYLINDRICAL_SURFACE ( 'NONE', #284, 1.599999999999993872 ) ;
#1931 = EDGE_CURVE ( 'NONE', #333, #1839, #342, .T. ) ;
#1932 = VECTOR ( 'NONE', #1793, 1000.000000000000000 ) ;
#1933 = CARTESIAN_POINT ( 'NONE',  ( 13.85640646055102110, 6.000000000000000000, 8.000000000000000000 ) ) ;
#1934 = VECTOR ( 'NONE', #1711, 1000.000000000000000 ) ;
#1935 = CARTESIAN_POINT ( 'NONE',  ( 7.999999999999974243, 2.600000000000000089, -10.62324495308913086 ) ) ;
#1936 = AXIS2_PLACEMENT_3D ( 'NONE', #710, #929, #535 ) ;
#1937 = DIRECTION ( 'NONE',  ( -0.000000000000000000, -1.000000000000000000, -0.000000000000000000 ) ) ;
#1938 = VECTOR ( 'NONE', #2157, 1000.000000000000114 ) ;
#1939 = ORIENTED_EDGE ( 'NONE', *, *, #1737, .F. ) ;
#1940 = VERTEX_POINT ( 'NONE', #1140 ) ;
#1941 = DIRECTION ( 'NONE',  ( -0.000000000000000000, -1.000000000000000000, -0.000000000000000000 ) ) ;
#1942 = VERTEX_POINT ( 'NONE', #148 ) ;
#1943 = EDGE_CURVE ( 'NONE', #586, #2041, #1602, .T. ) ;
#1944 = LINE ( 'NONE', #2170, #2424 ) ;
#1945 = DIRECTION ( 'NONE',  ( 0.000000000000000000, 0.000000000000000000, 1.000000000000000000 ) ) ;
#1946 = FACE_BOUND ( 'NONE', #1300, .T. ) ;
#1947 = LINE ( 'NONE', #1528, #315 ) ;
#1948 = CIRCLE ( 'NONE', #1120, 1.600000000000000755 ) ;
#1949 = APPLICATION_CONTEXT ( 'configuration controlled 3d designs of mechanical parts and assemblies' ) ;
#1950 = DIRECTION ( 'NONE',  ( -0.5000000000000083267, 0.000000000000000000, -0.8660254037844339337 ) ) ;
#1951 = AXIS2_PLACEMENT_3D ( 'NONE', #1594, #1391, #1808 ) ;
#1952 = ORIENTED_EDGE ( 'NONE', *, *, #2476, .F. ) ;
#1953 = EDGE_CURVE ( 'NONE', #1280, #1924, #1566, .T. ) ;
#1954 = ORIENTED_EDGE ( 'NONE', *, *, #2476, .T. ) ;
#1955 = FACE_OUTER_BOUND ( 'NONE', #1817, .T. ) ;
#1956 = ORIENTED_EDGE ( 'NONE', *, *, #2351, .F. ) ;
#1957 = CARTESIAN_POINT ( 'NONE',  ( -3.063701236695603505E-15, 6.000000000000000000, -16.00000000000000355 ) ) ;
#1958 = DIRECTION ( 'NONE',  ( -0.4999999999999997780, 0.000000000000000000, 0.8660254037844388186 ) ) ;
#1959 = DIRECTION ( 'NONE',  ( 0.000000000000000000, 0.000000000000000000, -1.000000000000000000 ) ) ;
#1960 = CARTESIAN_POINT ( 'NONE',  ( -5.200000000000071232, 2.600000000000000089, -15.47298721428195023 ) ) ;
#1961 = FACE_OUTER_BOUND ( 'NONE', #220, .T. ) ;
#1962 = DIRECTION ( 'NONE',  ( -0.000000000000000000, 1.000000000000000000, -0.000000000000000000 ) ) ;
#1963 = ADVANCED_FACE ( 'NONE', ( #1362 ), #330, .F. ) ;
#1964 = ORIENTED_EDGE ( 'NONE', *, *, #1866, .T. ) ;
#1965 = EDGE_CURVE ( 'NONE', #218, #1940, #1782, .T. ) ;
#1966 = EDGE_CURVE ( 'NONE', #1698, #1543, #2431, .T. ) ;
#1967 = ORIENTED_EDGE ( 'NONE', *, *, #11, .F. ) ;
#1968 = CARTESIAN_POINT ( 'NONE',  ( 0.000000000000000000, 0.000000000000000000, 0.000000000000000000 ) ) ;
#1969 = ADVANCED_FACE ( 'NONE', ( #961 ), #1818, .F. ) ;
#1970 = LINE ( 'NONE', #108, #1247 ) ;
#1971 = DIRECTION ( 'NONE',  ( 0.8660254037844443697, 0.000000000000000000, 0.4999999999999900080 ) ) ;
#1972 = VECTOR ( 'NONE', #2678, 1000.000000000000114 ) ;
#1973 = DIRECTION ( 'NONE',  ( -0.000000000000000000, -1.000000000000000000, -0.000000000000000000 ) ) ;
#1974 = LINE ( 'NONE', #2605, #2658 ) ;
#1975 = DIRECTION ( 'NONE',  ( -0.8660254037844387076, 0.000000000000000000, 0.4999999999999997780 ) ) ;
#1976 = EDGE_LOOP ( 'NONE', ( #278, #131, #2499, #2672 ) ) ;
#1977 = DIRECTION ( 'NONE',  ( 0.000000000000000000, 0.000000000000000000, 1.000000000000000000 ) ) ;
#1978 = ORIENTED_EDGE ( 'NONE', *, *, #2321, .T. ) ;
#1979 = EDGE_CURVE ( 'NONE', #1740, #2132, #1919, .T. ) ;
#1980 = VECTOR ( 'NONE', #2657, 1000.000000000000000 ) ;
#1981 = ORIENTED_EDGE ( 'NONE', *, *, #932, .T. ) ;
#1982 = CYLINDRICAL_SURFACE ( 'NONE', #1838, 1.799999999999999600 ) ;
#1983 = CYLINDRICAL_SURFACE ( 'NONE', #1149, 20.10000000000000142 ) ;
#1984 = DIRECTION ( 'NONE',  ( 0.000000000000000000, 0.000000000000000000, 1.000000000000000000 ) ) ;
#1985 = LINE ( 'NONE', #185, #840 ) ;
#1986 = DIRECTION ( 'NONE',  ( -0.8660254037844430375, 0.000000000000000000, -0.4999999999999923395 ) ) ;
#1987 = AXIS2_PLACEMENT_3D ( 'NONE', #860, #1500, #671 ) ;
#1988 = DIRECTION ( 'NONE',  ( -0.8660254037844387076, 0.000000000000000000, 0.4999999999999998890 ) ) ;
#1989 = CARTESIAN_POINT ( 'NONE',  ( 18.79999999999999716, 2.600000000000000089, 1.616580753730956443 ) ) ;
#1990 = LINE ( 'NONE', #548, #199 ) ;
#1991 = ORIENTED_EDGE ( 'NONE', *, *, #289, .F. ) ;
#1992 = VERTEX_POINT ( 'NONE', #767 ) ;
#1993 = FACE_OUTER_BOUND ( 'NONE', #2035, .T. ) ;
#1994 = VERTEX_POINT ( 'NONE', #2408 ) ;
#1996 = ADVANCED_FACE ( 'NONE', ( #2418 ), #558, .F. ) ;
#1995 = CARTESIAN_POINT ( 'NONE',  ( 7.999999999999958256, 2.600000000000000089, -17.08956796801293621 ) ) ;
#1997 = CARTESIAN_POINT ( 'NONE',  ( -2.652219912182092555E-15, 6.000000000000000000, -19.36000000000000298 ) ) ;
#1998 = ADVANCED_FACE ( 'NONE', ( #1176 ), #2680, .F. ) ;
#1999 = CARTESIAN_POINT ( 'NONE',  ( 18.79999999999999716, 2.600000000000000089, -1.616580753730952669 ) ) ;
#2000 = CARTESIAN_POINT ( 'NONE',  ( -10.79999999999985860, 2.600000000000000089, 15.47298721428206569 ) ) ;
#2001 = EDGE_LOOP ( 'NONE', ( #1323, #68 ) ) ;
#2002 = ORIENTED_EDGE ( 'NONE', *, *, #1518, .F. ) ;
#2003 = ADVANCED_FACE ( 'NONE', ( #177 ), #1015, .F. ) ;
#2004 = AXIS2_PLACEMENT_3D ( 'NONE', #596, #232, #1000 ) ;
#2005 = ORIENTED_EDGE ( 'NONE', *, *, #75, .F. ) ;
#2006 = DIRECTION ( 'NONE',  ( 0.000000000000000000, 0.000000000000000000, 1.000000000000000000 ) ) ;
#2007 = EDGE_LOOP ( 'NONE', ( #591, #2300, #345, #1845, #226, #1375 ) ) ;
#2008 = DIRECTION ( 'NONE',  ( -0.000000000000000000, 1.000000000000000000, -0.000000000000000000 ) ) ;
#2009 = AXIS2_PLACEMENT_3D ( 'NONE', #925, #1755, #72 ) ;
#2010 = ADVANCED_FACE ( 'NONE', ( #2265 ), #2036, .F. ) ;
#2011 = AXIS2_PLACEMENT_3D ( 'NONE', #1565, #2395, #766 ) ;
#2012 = FACE_OUTER_BOUND ( 'NONE', #486, .T. ) ;
#2013 = DIRECTION ( 'NONE',  ( -1.000000000000000000, 0.000000000000000000, 9.159339953157541458E-15 ) ) ;
#2014 = ORIENTED_EDGE ( 'NONE', *, *, #873, .F. ) ;
#2015 = SECURITY_CLASSIFICATION ( '', '', #1883 ) ;
#2016 = ORIENTED_EDGE ( 'NONE', *, *, #1722, .T. ) ;
#2017 = AXIS2_PLACEMENT_3D ( 'NONE', #56, #1454, #206 ) ;
#2018 = CARTESIAN_POINT ( 'NONE',  ( 10.79999999999997407, 0.000000000000000000, -12.23982570682009197 ) ) ;
#2019 = ORIENTED_EDGE ( 'NONE', *, *, #1523, .F. ) ;
#2020 = DIRECTION ( 'NONE',  ( -1.193489751472043596E-14, 0.000000000000000000, -1.000000000000000000 ) ) ;
#2021 = EDGE_LOOP ( 'NONE', ( #460, #2463, #1515, #702 ) ) ;
#2022 = EDGE_CURVE ( 'NONE', #1295, #1655, #1650, .T. ) ;
#2023 = DIRECTION ( 'NONE',  ( -0.000000000000000000, 1.000000000000000000, -0.000000000000000000 ) ) ;
#2024 = DIRECTION ( 'NONE',  ( 0.000000000000000000, 0.000000000000000000, -1.000000000000000000 ) ) ;
#2025 = PLANE ( 'NONE',  #1625 ) ;
#2026 = ORIENTED_EDGE ( 'NONE', *, *, #1198, .F. ) ;
#2027 = ORIENTED_EDGE ( 'NONE', *, *, #2616, .T. ) ;
#2028 = AXIS2_PLACEMENT_3D ( 'NONE', #2340, #1928, #302 ) ;
#2029 = CARTESIAN_POINT ( 'NONE',  ( -8.000000000000065725, 2.599999999999998757, -12.25640646055099836 ) ) ;
#2030 = EDGE_CURVE ( 'NONE', #1477, #455, #2368, .T. ) ;
#2031 = VECTOR ( 'NONE', #2637, 1000.000000000000000 ) ;
#2032 = ORIENTED_EDGE ( 'NONE', *, *, #100, .T. ) ;
#2033 = DIRECTION ( 'NONE',  ( 0.000000000000000000, 0.000000000000000000, -1.000000000000000000 ) ) ;
#2034 = DIRECTION ( 'NONE',  ( 0.000000000000000000, 0.000000000000000000, 1.000000000000000000 ) ) ;
#2035 = EDGE_LOOP ( 'NONE', ( #1774, #26, #140, #1637 ) ) ;
#2036 = PLANE ( 'NONE',  #2437 ) ;
#2037 = LINE ( 'NONE', #2198, #1119 ) ;
#2038 = DIRECTION ( 'NONE',  ( 0.8660254037844338226, 0.000000000000000000, -0.5000000000000082157 ) ) ;
#2039 = ORIENTED_EDGE ( 'NONE', *, *, #2425, .F. ) ;
#2040 = ADVANCED_FACE ( 'NONE', ( #1846 ), #623, .F. ) ;
#2041 = VERTEX_POINT ( 'NONE', #2249 ) ;
#2042 = PLANE ( 'NONE',  #1775 ) ;
#2043 = ORIENTED_EDGE ( 'NONE', *, *, #1943, .F. ) ;
#2044 = CARTESIAN_POINT ( 'NONE',  ( -16.00000000000000000, 6.000000000000000000, 0.000000000000000000 ) ) ;
#2045 = AXIS2_PLACEMENT_3D ( 'NONE', #1920, #2586, #672 ) ;
#2046 = DIRECTION ( 'NONE',  ( 0.000000000000000000, -1.000000000000000000, 0.000000000000000000 ) ) ;
#2047 = VERTEX_POINT ( 'NONE', #1834 ) ;
#2048 = CARTESIAN_POINT ( 'NONE',  ( -10.80000000000005933, 0.000000000000000000, -12.23982570682001914 ) ) ;
#2049 = EDGE_CURVE ( 'NONE', #991, #2422, #1055, .T. ) ;
#2050 = DIRECTION ( 'NONE',  ( 0.000000000000000000, 0.000000000000000000, 1.000000000000000000 ) ) ;
#2051 = CARTESIAN_POINT ( 'NONE',  ( -7.999999999999872102, 6.000000000000000000, 13.85640646055109215 ) ) ;
#2052 = CARTESIAN_POINT ( 'NONE',  ( -16.00000000000000000, 2.600000000000000089, -3.233161507461906226 ) ) ;
#2053 = VECTOR ( 'NONE', #304, 1000.000000000000000 ) ;
#2054 = VERTEX_POINT ( 'NONE', #1043 ) ;
#2055 = DIRECTION ( 'NONE',  ( 0.8660254037844328234, 0.000000000000000000, -0.5000000000000101030 ) ) ;
#2056 = VECTOR ( 'NONE', #1634, 1000.000000000000114 ) ;
#2057 = EDGE_CURVE ( 'NONE', #231, #729, #1232, .T. ) ;
#2058 = CARTESIAN_POINT ( 'NONE',  ( -7.999999999999901412, 2.600000000000000089, 10.62324495308918415 ) ) ;
#2059 = LINE ( 'NONE', #2664, #22 ) ;
#2060 = APPROVAL_STATUS ( 'not_yet_approved' ) ;
#2061 = CARTESIAN_POINT ( 'NONE',  ( -13.85640646055102110, 6.000000000000000000, 4.640000000000003233 ) ) ;
#2062 = VECTOR ( 'NONE', #965, 1000.000000000000000 ) ;
#2063 = VECTOR ( 'NONE', #288, 1000.000000000000000 ) ;
#2064 = VERTEX_POINT ( 'NONE', #7 ) ;
#2065 = PLANE ( 'NONE',  #629 ) ;
#2066 = DIRECTION ( 'NONE',  ( -0.000000000000000000, -1.000000000000000000, -0.000000000000000000 ) ) ;
#2067 = ADVANCED_FACE ( 'NONE', ( #638 ), #219, .F. ) ;
#2068 = CARTESIAN_POINT ( 'NONE',  ( 0.000000000000000000, 6.000000000000000000, 0.000000000000000000 ) ) ;
#2069 = ORIENTED_EDGE ( 'NONE', *, *, #507, .T. ) ;
#2070 = DIRECTION ( 'NONE',  ( 2.164934898019055254E-15, 0.000000000000000000, 1.000000000000000000 ) ) ;
#2071 = VECTOR ( 'NONE', #2534, 999.9999999999998863 ) ;
#2072 = DIRECTION ( 'NONE',  ( -0.000000000000000000, 1.000000000000000000, -0.000000000000000000 ) ) ;
#2073 = CARTESIAN_POINT ( 'NONE',  ( -7.999999999999872102, 6.000000000000000000, 15.45640646055109180 ) ) ;
#2074 = CARTESIAN_POINT ( 'NONE',  ( -5.200000000000071232, 2.600000000000000089, -15.47298721428195023 ) ) ;
#2075 = AXIS2_PLACEMENT_3D ( 'NONE', #2331, #465, #1918 ) ;
#2076 = AXIS2_PLACEMENT_3D ( 'NONE', #1136, #2582, #1096 ) ;
#2077 = EDGE_LOOP ( 'NONE', ( #659, #1230, #784, #687 ) ) ;
#2078 = CARTESIAN_POINT ( 'NONE',  ( -13.19999999999999751, 0.000000000000000000, 1.616580753730951114 ) ) ;
#2079 = ORIENTED_EDGE ( 'NONE', *, *, #1857, .T. ) ;
#2080 = CARTESIAN_POINT ( 'NONE',  ( 13.85640646055101222, 6.000000000000000000, -11.36000000000000831 ) ) ;
#2081 = EDGE_CURVE ( 'NONE', #1657, #80, #1260, .T. ) ;
#2082 = CARTESIAN_POINT ( 'NONE',  ( 13.85640646055101222, 0.000000000000000000, -6.200000000000010836 ) ) ;
#2083 = ADVANCED_FACE ( 'NONE', ( #378 ), #2065, .F. ) ;
#2084 = ORIENTED_EDGE ( 'NONE', *, *, #1979, .T. ) ;
#2085 = DIRECTION ( 'NONE',  ( -0.000000000000000000, 1.000000000000000000, -0.000000000000000000 ) ) ;
#2086 = ORIENTED_EDGE ( 'NONE', *, *, #1113, .T. ) ;
#2087 = EDGE_CURVE ( 'NONE', #1033, #1299, #2232, .T. ) ;
#2088 = LINE ( 'NONE', #1841, #1282 ) ;
#2089 = PERSON_AND_ORGANIZATION_ROLE ( 'creator' ) ;
#2090 = DIRECTION ( 'NONE',  ( 0.000000000000000000, 0.000000000000000000, 1.000000000000000000 ) ) ;
#2091 = EDGE_LOOP ( 'NONE', ( #1079, #512, #1601, #1044 ) ) ;
#2092 = CARTESIAN_POINT ( 'NONE',  ( -8.000000000000076383, 2.600000000000000089, -17.08956796801289002 ) ) ;
#2093 = ORIENTED_EDGE ( 'NONE', *, *, #2564, .F. ) ;
#2094 = DIRECTION ( 'NONE',  ( 0.000000000000000000, -1.000000000000000000, 0.000000000000000000 ) ) ;
#2095 = PLANE ( 'NONE',  #1469 ) ;
#2096 = EDGE_CURVE ( 'NONE', #1093, #80, #1638, .T. ) ;
#2097 = ORIENTED_EDGE ( 'NONE', *, *, #1396, .F. ) ;
#2098 = CARTESIAN_POINT ( 'NONE',  ( -8.000000000000065725, 6.000000000000000000, -12.25640646055098593 ) ) ;
#2099 = EDGE_LOOP ( 'NONE', ( #1364, #142, #1070, #1825 ) ) ;
#2100 = AXIS2_PLACEMENT_3D ( 'NONE', #1150, #2169, #2603 ) ;
#2101 = DIRECTION ( 'NONE',  ( 0.000000000000000000, -1.000000000000000000, -0.000000000000000000 ) ) ;
#2102 = DATE_AND_TIME ( #4, #580 ) ;
#2103 = PRODUCT_DEFINITION_FORMATION_WITH_SPECIFIED_SOURCE ( 'ANY', '', #1807, .NOT_KNOWN. ) ;
#2104 = EDGE_LOOP ( 'NONE', ( #1010, #1171, #1090, #667, #1954, #101 ) ) ;
#2105 = AXIS2_PLACEMENT_3D ( 'NONE', #436, #2066, #2330 ) ;
#2106 = CARTESIAN_POINT ( 'NONE',  ( 10.80000000000018012, 2.600000000000000089, 15.47298721428184365 ) ) ;
#2107 = ORIENTED_EDGE ( 'NONE', *, *, #1680, .F. ) ;
#2108 = DIRECTION ( 'NONE',  ( 0.000000000000000000, 0.000000000000000000, 1.000000000000000000 ) ) ;
#2109 = VECTOR ( 'NONE', #1226, 1000.000000000000000 ) ;
#2110 = FACE_BOUND ( 'NONE', #262, .T. ) ;
#2111 = DIRECTION ( 'NONE',  ( 0.8660254037844409281, 0.000000000000000000, 0.4999999999999960587 ) ) ;
#2112 = ADVANCED_FACE ( 'NONE', ( #1859 ), #825, .F. ) ;
#2113 = PLANE ( 'NONE',  #2649 ) ;
#2114 = ORIENTED_EDGE ( 'NONE', *, *, #2671, .T. ) ;
#2115 = CYLINDRICAL_SURFACE ( 'NONE', #689, 1.799999999999999600 ) ;
#2116 = EDGE_CURVE ( 'NONE', #2399, #876, #582, .T. ) ;
#2117 = ORIENTED_EDGE ( 'NONE', *, *, #619, .T. ) ;
#2118 = APPROVAL_ROLE ( '' ) ;
#2119 = ORIENTED_EDGE ( 'NONE', *, *, #2439, .F. ) ;
#2120 = CIRCLE ( 'NONE', #1853, 1.799999999999999600 ) ;
#2121 = CARTESIAN_POINT ( 'NONE',  ( 7.999999999999968914, 2.599999999999998757, -13.85640646055103886 ) ) ;
#2122 = VERTEX_POINT ( 'NONE', #1207 ) ;
#2123 = VECTOR ( 'NONE', #602, 1000.000000000000000 ) ;
#2124 = DIRECTION ( 'NONE',  ( 0.000000000000000000, 0.000000000000000000, 1.000000000000000000 ) ) ;
#2125 = CARTESIAN_POINT ( 'NONE',  ( 10.80000000000018012, 2.600000000000000089, 15.47298721428184365 ) ) ;
#2126 = DIRECTION ( 'NONE',  ( 0.000000000000000000, 0.000000000000000000, 1.000000000000000000 ) ) ;
#2127 = DIRECTION ( 'NONE',  ( 0.000000000000000000, 0.000000000000000000, 1.000000000000000000 ) ) ;
#2128 = ORIENTED_EDGE ( 'NONE', *, *, #379, .T. ) ;
#2129 = CARTESIAN_POINT ( 'NONE',  ( 10.79999999999996518, 2.600000000000000089, -15.47298721428199109 ) ) ;
#2130 = VERTEX_POINT ( 'NONE', #1411 ) ;
#2131 = DIRECTION ( 'NONE',  ( 0.000000000000000000, 0.000000000000000000, -1.000000000000000000 ) ) ;
#2132 = VERTEX_POINT ( 'NONE', #475 ) ;
#2133 = CARTESIAN_POINT ( 'NONE',  ( 5.200000000000178701, 0.000000000000000000, 15.47298721428191293 ) ) ;
#2134 = CARTESIAN_POINT ( 'NONE',  ( 0.000000000000000000, 0.000000000000000000, 2.700000000000000178 ) ) ;
#2135 = LINE ( 'NONE', #874, #555 ) ;
#2136 = DIRECTION ( 'NONE',  ( 0.000000000000000000, 0.7071067811865471286, 0.7071067811865479058 ) ) ;
#2137 = ORIENTED_EDGE ( 'NONE', *, *, #1680, .T. ) ;
#2138 = FACE_OUTER_BOUND ( 'NONE', #957, .T. ) ;
#2139 = ORIENTED_EDGE ( 'NONE', *, *, #1518, .T. ) ;
#2140 = EDGE_CURVE ( 'NONE', #184, #2601, #681, .T. ) ;
#2141 = ORIENTED_EDGE ( 'NONE', *, *, #1303, .F. ) ;
#2142 = DIRECTION ( 'NONE',  ( -0.000000000000000000, -1.000000000000000000, -0.000000000000000000 ) ) ;
#2143 = VERTEX_POINT ( 'NONE', #1107 ) ;
#2144 = CYLINDRICAL_SURFACE ( 'NONE', #473, 1.799999999999999600 ) ;
#2145 = CARTESIAN_POINT ( 'NONE',  ( 10.79999999999996518, 2.600000000000000089, -15.47298721428199109 ) ) ;
#2146 = CARTESIAN_POINT ( 'NONE',  ( 8.000000000000120792, 2.600000000000000089, 10.62324495308901895 ) ) ;
#2147 = AXIS2_PLACEMENT_3D ( 'NONE', #822, #1009, #414 ) ;
#2148 = ORIENTED_EDGE ( 'NONE', *, *, #885, .T. ) ;
#2149 = EDGE_CURVE ( 'NONE', #2579, #2505, #261, .T. ) ;
#2150 = CARTESIAN_POINT ( 'NONE',  ( -13.85640646055102110, 6.000000000000000000, 8.000000000000003553 ) ) ;
#2151 = VERTEX_POINT ( 'NONE', #703 ) ;
#2152 = ORIENTED_EDGE ( 'NONE', *, *, #11, .T. ) ;
#2153 = DIRECTION ( 'NONE',  ( 0.000000000000000000, 0.000000000000000000, -1.000000000000000000 ) ) ;
#2154 = EDGE_LOOP ( 'NONE', ( #2325, #771, #2659, #24 ) ) ;
#2155 = DIRECTION ( 'NONE',  ( 0.000000000000000000, 0.000000000000000000, -1.000000000000000000 ) ) ;
#2156 = CIRCLE ( 'NONE', #1294, 1.799999999999999600 ) ;
#2157 = DIRECTION ( 'NONE',  ( -0.8660254037844373753, 0.000000000000000000, 0.5000000000000022204 ) ) ;
#2158 = VECTOR ( 'NONE', #1046, 1000.000000000000000 ) ;
#2159 = CARTESIAN_POINT ( 'NONE',  ( 13.85640646055102110, 0.000000000000000000, 8.000000000000000000 ) ) ;
#2160 = DIRECTION ( 'NONE',  ( 0.000000000000000000, 0.7071067811865467956, 0.7071067811865483499 ) ) ;
#2161 = AXIS2_PLACEMENT_3D ( 'NONE', #1027, #2681, #234 ) ;
#2162 = EDGE_CURVE ( 'NONE', #1664, #2515, #1684, .T. ) ;
#2163 = EDGE_CURVE ( 'NONE', #2, #1020, #2327, .T. ) ;
#2164 = LINE ( 'NONE', #307, #584 ) ;
#2165 = EDGE_CURVE ( 'NONE', #991, #2143, #2514, .T. ) ;
#2166 = EDGE_LOOP ( 'NONE', ( #2093, #942, #2654, #2513 ) ) ;
#2167 = EDGE_CURVE ( 'NONE', #2132, #1740, #914, .T. ) ;
#2168 = ORIENTED_EDGE ( 'NONE', *, *, #2321, .F. ) ;
#2169 = DIRECTION ( 'NONE',  ( 0.000000000000000000, 1.000000000000000000, 0.000000000000000000 ) ) ;
#2170 = CARTESIAN_POINT ( 'NONE',  ( -10.80000000000007354, 0.000000000000000000, -15.47298721428191826 ) ) ;
#2171 = CARTESIAN_POINT ( 'NONE',  ( 10.80000000000014282, 0.000000000000000000, 12.23982570681994098 ) ) ;
#2172 = DIRECTION ( 'NONE',  ( -0.8660254037844397068, 0.000000000000000000, -0.4999999999999979461 ) ) ;
#2173 = LINE ( 'NONE', #519, #1929 ) ;
#2174 = CARTESIAN_POINT ( 'NONE',  ( 13.19999999999999751, 2.600000000000000089, -1.616580753730951114 ) ) ;
#2175 = EDGE_CURVE ( 'NONE', #665, #1351, #1524, .T. ) ;
#2176 = VERTEX_POINT ( 'NONE', #2567 ) ;
#2177 = DIRECTION ( 'NONE',  ( 0.000000000000000000, 0.000000000000000000, -1.000000000000000000 ) ) ;
#2178 = ORIENTED_EDGE ( 'NONE', *, *, #588, .F. ) ;
#2179 = EDGE_CURVE ( 'NONE', #864, #726, #248, .T. ) ;
#2180 = VECTOR ( 'NONE', #1588, 1000.000000000000114 ) ;
#2181 = ORIENTED_EDGE ( 'NONE', *, *, #831, .T. ) ;
#2182 = CARTESIAN_POINT ( 'NONE',  ( 5.199999999999964650, 2.600000000000000089, -15.47298721428198398 ) ) ;
#2183 = CARTESIAN_POINT ( 'NONE',  ( -7.999999999999872102, 6.000000000000000000, 12.25640646055109251 ) ) ;
#2184 = CARTESIAN_POINT ( 'NONE',  ( -7.999999999999872102, 2.600000000000000089, 13.85640646055109215 ) ) ;
#2185 = AXIS2_PLACEMENT_3D ( 'NONE', #1187, #1815, #2467 ) ;
#2186 = DIRECTION ( 'NONE',  ( -0.000000000000000000, -1.000000000000000000, -0.000000000000000000 ) ) ;
#2187 = DIRECTION ( 'NONE',  ( -0.8660254037844384856, 0.000000000000000000, -0.5000000000000002220 ) ) ;
#2188 = LINE ( 'NONE', #1103, #1503 ) ;
#2189 = VERTEX_POINT ( 'NONE', #500 ) ;
#2190 = VECTOR ( 'NONE', #444, 1000.000000000000000 ) ;
#2191 = EDGE_CURVE ( 'NONE', #1592, #2047, #2541, .T. ) ;
#2192 = DIRECTION ( 'NONE',  ( -0.000000000000000000, -1.000000000000000000, -0.000000000000000000 ) ) ;
#2193 = FACE_OUTER_BOUND ( 'NONE', #498, .T. ) ;
#2194 = ORIENTED_EDGE ( 'NONE', *, *, #538, .F. ) ;
#2195 = FACE_OUTER_BOUND ( 'NONE', #1081, .T. ) ;
#2196 = CARTESIAN_POINT ( 'NONE',  ( -13.85640646055102110, 6.000000000000000000, 6.200000000000004619 ) ) ;
#2197 = VECTOR ( 'NONE', #846, 1000.000000000000000 ) ;
#2198 = CARTESIAN_POINT ( 'NONE',  ( -13.19999999999999751, 2.600000000000000089, 1.616580753730951114 ) ) ;
#2199 = AXIS2_PLACEMENT_3D ( 'NONE', #900, #332, #492 ) ;
#2200 = ORIENTED_EDGE ( 'NONE', *, *, #1800, .F. ) ;
#2201 = AXIS2_PLACEMENT_3D ( 'NONE', #353, #2023, #2233 ) ;
#2202 = EDGE_LOOP ( 'NONE', ( #30, #346, #2493, #1709 ) ) ;
#2203 = FACE_OUTER_BOUND ( 'NONE', #1572, .T. ) ;
#2204 = ADVANCED_FACE ( 'NONE', ( #1521 ), #1312, .F. ) ;
#2205 = EDGE_CURVE ( 'NONE', #13, #536, #1329, .T. ) ;
#2206 = EDGE_LOOP ( 'NONE', ( #2599, #2344, #1915, #82 ) ) ;
#2207 = DIRECTION ( 'NONE',  ( -0.000000000000000000, -1.000000000000000000, -0.000000000000000000 ) ) ;
#2208 = FACE_OUTER_BOUND ( 'NONE', #520, .T. ) ;
#2209 = DIRECTION ( 'NONE',  ( -0.000000000000000000, 1.000000000000000000, -0.000000000000000000 ) ) ;
#2210 = CARTESIAN_POINT ( 'NONE',  ( -13.85640646055102110, 6.000000000000000000, 8.000000000000003553 ) ) ;
#2211 = EDGE_LOOP ( 'NONE', ( #2231, #457 ) ) ;
#2212 = EDGE_LOOP ( 'NONE', ( #1732, #180, #1736, #2114, #2348, #1118 ) ) ;
#2213 = CARTESIAN_POINT ( 'NONE',  ( -7.999999999999872102, 2.599999999999998757, 15.45640646055107936 ) ) ;
#2214 = EDGE_CURVE ( 'NONE', #1643, #434, #1482, .T. ) ;
#2215 = EDGE_LOOP ( 'NONE', ( #999, #902, #2427, #1430 ) ) ;
#2216 = CARTESIAN_POINT ( 'NONE',  ( -13.85640646055102643, 0.000000000000000000, -9.799999999999997158 ) ) ;
#2217 = CARTESIAN_POINT ( 'NONE',  ( 7.999999999999968914, 2.599999999999998757, -12.25640646055105165 ) ) ;
#2218 = ORIENTED_EDGE ( 'NONE', *, *, #132, .T. ) ;
#2219 = ADVANCED_FACE ( 'NONE', ( #2555 ), #461, .F. ) ;
#2220 = DIRECTION ( 'NONE',  ( 0.8660254037844330455, 0.000000000000000000, -0.5000000000000096589 ) ) ;
#2221 = FACE_BOUND ( 'NONE', #634, .T. ) ;
#2222 = CARTESIAN_POINT ( 'NONE',  ( 13.85640646055102110, 6.000000000000000000, 8.000000000000000000 ) ) ;
#2223 = DIRECTION ( 'NONE',  ( -0.8660254037844387076, 0.000000000000000000, -0.4999999999999997224 ) ) ;
#2224 = ORIENTED_EDGE ( 'NONE', *, *, #1164, .F. ) ;
#2225 = AXIS2_PLACEMENT_3D ( 'NONE', #1552, #2455, #1633 ) ;
#2226 = ADVANCED_FACE ( 'NONE', ( #869 ), #1697, .F. ) ;
#2227 = AXIS2_PLACEMENT_3D ( 'NONE', #897, #2353, #312 ) ;
#2228 = CYLINDRICAL_SURFACE ( 'NONE', #2387, 1.599999999999992095 ) ;
#2229 = EDGE_LOOP ( 'NONE', ( #563, #2141, #2388, #2591 ) ) ;
#2230 = CARTESIAN_POINT ( 'NONE',  ( 13.19999999999999751, 0.000000000000000000, -1.616580753730951114 ) ) ;
#2231 = ORIENTED_EDGE ( 'NONE', *, *, #1569, .F. ) ;
#2232 = LINE ( 'NONE', #1627, #197 ) ;
#2233 = DIRECTION ( 'NONE',  ( 0.000000000000000000, 0.000000000000000000, 1.000000000000000000 ) ) ;
#2234 = DIRECTION ( 'NONE',  ( 0.000000000000000000, 0.000000000000000000, 1.000000000000000000 ) ) ;
#2235 = DIRECTION ( 'NONE',  ( -0.000000000000000000, 1.000000000000000000, -0.000000000000000000 ) ) ;
#2236 = ORIENTED_EDGE ( 'NONE', *, *, #2525, .F. ) ;
#2237 = DIRECTION ( 'NONE',  ( 0.5000000000000101030, -0.000000000000000000, 0.8660254037844328234 ) ) ;
#2238 = EDGE_CURVE ( 'NONE', #995, #2259, #579, .T. ) ;
#2239 = AXIS2_PLACEMENT_3D ( 'NONE', #2519, #236, #1264 ) ;
#2240 = VECTOR ( 'NONE', #1126, 1000.000000000000000 ) ;
#2241 = DIRECTION ( 'NONE',  ( -9.048317650695025804E-15, 0.000000000000000000, -1.000000000000000000 ) ) ;
#2242 = DIRECTION ( 'NONE',  ( -0.000000000000000000, 1.000000000000000000, -0.000000000000000000 ) ) ;
#2243 = EDGE_CURVE ( 'NONE', #1351, #1749, #447, .T. ) ;
#2244 = ORIENTED_EDGE ( 'NONE', *, *, #1444, .T. ) ;
#2245 = DIRECTION ( 'NONE',  ( 0.8660254037844409281, 0.000000000000000000, 0.4999999999999960587 ) ) ;
#2246 = CYLINDRICAL_SURFACE ( 'NONE', #2185, 1.799999999999997824 ) ;
#2247 = CARTESIAN_POINT ( 'NONE',  ( 13.85640646055102110, 4.440000000000001279, 8.000000000000000000 ) ) ;
#2248 = VERTEX_POINT ( 'NONE', #1289 ) ;
#2249 = CARTESIAN_POINT ( 'NONE',  ( 13.19999999999999574, 0.000000000000000000, 1.616580753730952891 ) ) ;
#2250 = DIRECTION ( 'NONE',  ( 0.8660254037844443697, 0.000000000000000000, 0.4999999999999901745 ) ) ;
#2251 = LINE ( 'NONE', #1820, #1932 ) ;
#2252 = CARTESIAN_POINT ( 'NONE',  ( -13.85640646055102110, 0.000000000000000000, 9.800000000000000711 ) ) ;
#2253 = EDGE_CURVE ( 'NONE', #1125, #339, #1620, .T. ) ;
#2254 = DIRECTION ( 'NONE',  ( 0.000000000000000000, 0.000000000000000000, -1.000000000000000000 ) ) ;
#2255 = EDGE_CURVE ( 'NONE', #581, #272, #271, .T. ) ;
#2256 = ORIENTED_EDGE ( 'NONE', *, *, #1198, .T. ) ;
#2257 = DIRECTION ( 'NONE',  ( 1.000000000000000000, 0.000000000000000000, -9.048317650695025804E-15 ) ) ;
#2258 = CARTESIAN_POINT ( 'NONE',  ( 13.19999999999999751, 2.600000000000000089, -1.616580753730951114 ) ) ;
#2259 = VERTEX_POINT ( 'NONE', #1345 ) ;
#2260 = CALENDAR_DATE ( 2026, 26, 2 ) ;
#2261 = LINE ( 'NONE', #2230, #2322 ) ;
#2262 = EDGE_CURVE ( 'NONE', #1440, #1014, #454, .T. ) ;
#2263 = AXIS2_PLACEMENT_3D ( 'NONE', #973, #984, #1167 ) ;
#2264 = VERTEX_POINT ( 'NONE', #513 ) ;
#2265 = FACE_OUTER_BOUND ( 'NONE', #1049, .T. ) ;
#2266 = FACE_BOUND ( 'NONE', #1858, .T. ) ;
#2267 = CARTESIAN_POINT ( 'NONE',  ( -13.85640646055102110, 6.000000000000000000, 8.000000000000003553 ) ) ;
#2268 = CIRCLE ( 'NONE', #1098, 1.599999999999998979 ) ;
#2269 = EDGE_LOOP ( 'NONE', ( #894, #2309, #2333, #1554, #1546, #1991 ) ) ;
#2270 = VECTOR ( 'NONE', #216, 1000.000000000000000 ) ;
#2271 = ORIENTED_EDGE ( 'NONE', *, *, #1317, .T. ) ;
#2272 = LOCAL_TIME ( 21, 26, 25.00000000000000000, #1023 ) ;
#2273 = DIRECTION ( 'NONE',  ( -0.000000000000000000, -1.000000000000000000, -0.000000000000000000 ) ) ;
#2274 = VECTOR ( 'NONE', #609, 1000.000000000000000 ) ;
#2275 = CARTESIAN_POINT ( 'NONE',  ( 3.306546357697853733E-16, 6.000000000000000000, -2.700000000000000178 ) ) ;
#2276 = COORDINATED_UNIVERSAL_TIME_OFFSET ( 8, 0, .AHEAD. ) ;
#2277 = LINE ( 'NONE', #377, #797 ) ;
#2278 = VECTOR ( 'NONE', #1050, 1000.000000000000000 ) ;
#2279 = ADVANCED_FACE ( 'NONE', ( #762 ), #323, .F. ) ;
#2280 = CIRCLE ( 'NONE', #2017, 3.360000000000002096 ) ;
#2281 = ORIENTED_EDGE ( 'NONE', *, *, #1694, .F. ) ;
#2282 = ADVANCED_FACE ( 'NONE', ( #1585 ), #1982, .F. ) ;
#2283 = CARTESIAN_POINT ( 'NONE',  ( 5.199999999999964650, 2.600000000000000089, -15.47298721428198398 ) ) ;
#2284 = EDGE_LOOP ( 'NONE', ( #920, #203, #1510, #76 ) ) ;
#2285 = DIRECTION ( 'NONE',  ( -0.8660254037844384856, 0.000000000000000000, -0.5000000000000002220 ) ) ;
#2286 = DIRECTION ( 'NONE',  ( -0.000000000000000000, -1.000000000000000000, -0.000000000000000000 ) ) ;
#2287 = DIRECTION ( 'NONE',  ( -0.8660254037844394848, 0.000000000000000000, -0.4999999999999983902 ) ) ;
#2288 = EDGE_CURVE ( 'NONE', #2259, #995, #931, .T. ) ;
#2289 = VERTEX_POINT ( 'NONE', #736 ) ;
#2290 = LINE ( 'NONE', #1062, #731 ) ;
#2291 = EDGE_LOOP ( 'NONE', ( #564, #2079 ) ) ;
#2292 = FACE_BOUND ( 'NONE', #889, .T. ) ;
#2293 = ORIENTED_EDGE ( 'NONE', *, *, #1231, .F. ) ;
#2294 = COORDINATED_UNIVERSAL_TIME_OFFSET ( 8, 0, .AHEAD. ) ;
#2295 = CARTESIAN_POINT ( 'NONE',  ( 5.199999999999964650, 0.000000000000000000, -15.47298721428198398 ) ) ;
#2296 = CIRCLE ( 'NONE', #775, 1.599999999999986766 ) ;
#2297 = AXIS2_PLACEMENT_3D ( 'NONE', #173, #1826, #2650 ) ;
#2298 = ORIENTED_EDGE ( 'NONE', *, *, #1147, .T. ) ;
#2299 = CARTESIAN_POINT ( 'NONE',  ( 5.200000000000140510, 2.600000000000000089, 12.23982570682000315 ) ) ;
#2300 = ORIENTED_EDGE ( 'NONE', *, *, #2442, .T. ) ;
#2301 = FACE_OUTER_BOUND ( 'NONE', #2548, .T. ) ;
#2302 = FACE_BOUND ( 'NONE', #612, .T. ) ;
#2303 = EDGE_LOOP ( 'NONE', ( #38, #208, #2639, #989 ) ) ;
#2304 = DIRECTION ( 'NONE',  ( -0.000000000000000000, 1.000000000000000000, -0.000000000000000000 ) ) ;
#2305 = ORIENTED_EDGE ( 'NONE', *, *, #2671, .F. ) ;
#2306 = PLANE ( 'NONE',  #1105 ) ;
#2307 = PERSON_AND_ORGANIZATION ( #510, #1885 ) ;
#2308 = ADVANCED_FACE ( 'NONE', ( #921 ), #119, .F. ) ;
#2309 = ORIENTED_EDGE ( 'NONE', *, *, #728, .F. ) ;
#2310 = ADVANCED_FACE ( 'NONE', ( #2203 ), #2580, .F. ) ;
#2311 = DIRECTION ( 'NONE',  ( 0.000000000000000000, 0.000000000000000000, 1.000000000000000000 ) ) ;
#2312 = ORIENTED_EDGE ( 'NONE', *, *, #1444, .F. ) ;
#2313 = CARTESIAN_POINT ( 'NONE',  ( -13.85640646055102643, 4.440000000000001279, -7.999999999999998224 ) ) ;
#2314 = DIRECTION ( 'NONE',  ( -5.365409281204141229E-16, 0.000000000000000000, 1.000000000000000000 ) ) ;
#2315 = LINE ( 'NONE', #1487, #1075 ) ;
#2316 = CARTESIAN_POINT ( 'NONE',  ( -10.80000000000007354, 2.600000000000000089, -15.47298721428191826 ) ) ;
#2317 = EDGE_LOOP ( 'NONE', ( #2473, #1761 ) ) ;
#2318 = CARTESIAN_POINT ( 'NONE',  ( 13.85640646055101222, 4.440000000000001279, -6.200000000000010836 ) ) ;
#2319 = AXIS2_PLACEMENT_3D ( 'NONE', #291, #1973, #937 ) ;
#2320 = ORIENTED_EDGE ( 'NONE', *, *, #2430, .F. ) ;
#2321 = EDGE_CURVE ( 'NONE', #2413, #639, #1496, .T. ) ;
#2322 = VECTOR ( 'NONE', #405, 1000.000000000000114 ) ;
#2323 = APPROVAL_ROLE ( '' ) ;
#2324 = AXIS2_PLACEMENT_3D ( 'NONE', #531, #1361, #2245 ) ;
#2325 = ORIENTED_EDGE ( 'NONE', *, *, #2643, .F. ) ;
#2326 = CIRCLE ( 'NONE', #17, 1.599999999999986766 ) ;
#2327 = LINE ( 'NONE', #1926, #1389 ) ;
#2328 = ORIENTED_EDGE ( 'NONE', *, *, #810, .F. ) ;
#2329 = CONICAL_SURFACE ( 'NONE', #1506, 3.360000000000000320, 0.7853981633974488341 ) ;
#2330 = DIRECTION ( 'NONE',  ( 0.000000000000000000, 0.000000000000000000, -1.000000000000000000 ) ) ;
#2331 = CARTESIAN_POINT ( 'NONE',  ( -13.85640646055102643, 0.000000000000000000, -7.999999999999998224 ) ) ;
#2332 = CARTESIAN_POINT ( 'NONE',  ( 16.00000000000000000, 6.000000000000000000, 0.000000000000000000 ) ) ;
#2333 = ORIENTED_EDGE ( 'NONE', *, *, #2391, .F. ) ;
#2334 = CARTESIAN_POINT ( 'NONE',  ( -3.063701236695603505E-15, 6.000000000000000000, -16.00000000000000355 ) ) ;
#2335 = VERTEX_POINT ( 'NONE', #1357 ) ;
#2336 = EDGE_CURVE ( 'NONE', #2264, #434, #746, .T. ) ;
#2337 = DIRECTION ( 'NONE',  ( -0.000000000000000000, 1.000000000000000000, -0.000000000000000000 ) ) ;
#2338 = ORIENTED_EDGE ( 'NONE', *, *, #1164, .T. ) ;
#2339 = CIRCLE ( 'NONE', #945, 1.599999999999986766 ) ;
#2340 = CARTESIAN_POINT ( 'NONE',  ( -5.200000000000055245, 2.600000000000000089, -12.23982570682004045 ) ) ;
#2341 = FACE_OUTER_BOUND ( 'NONE', #1238, .T. ) ;
#2342 = DIRECTION ( 'NONE',  ( -0.000000000000000000, 1.000000000000000000, -0.000000000000000000 ) ) ;
#2343 = DIRECTION ( 'NONE',  ( -0.000000000000000000, -1.000000000000000000, -0.000000000000000000 ) ) ;
#2344 = ORIENTED_EDGE ( 'NONE', *, *, #2087, .F. ) ;
#2345 = LINE ( 'NONE', #481, #556 ) ;
#2346 = EDGE_CURVE ( 'NONE', #2, #991, #935, .T. ) ;
#2347 = ORIENTED_EDGE ( 'NONE', *, *, #1676, .T. ) ;
#2348 = ORIENTED_EDGE ( 'NONE', *, *, #2140, .T. ) ;
#2349 = DIRECTION ( 'NONE',  ( -0.000000000000000000, -1.000000000000000000, -0.000000000000000000 ) ) ;
#2350 = ORIENTED_EDGE ( 'NONE', *, *, #1886, .T. ) ;
#2351 = EDGE_CURVE ( 'NONE', #1412, #2264, #1765, .T. ) ;
#2352 = CARTESIAN_POINT ( 'NONE',  ( -3.063701236695603505E-15, 4.440000000000001279, -14.20000000000000462 ) ) ;
#2353 = DIRECTION ( 'NONE',  ( -1.000000000000000000, 0.000000000000000000, 0.000000000000000000 ) ) ;
#2354 = DIRECTION ( 'NONE',  ( 0.000000000000000000, 0.000000000000000000, -1.000000000000000000 ) ) ;
#2355 = DIRECTION ( 'NONE',  ( -0.000000000000000000, -1.000000000000000000, -0.000000000000000000 ) ) ;
#2356 = CARTESIAN_POINT ( 'NONE',  ( 5.199999999999971756, 2.600000000000000089, -12.23982570682007598 ) ) ;
#2357 = ORIENTED_EDGE ( 'NONE', *, *, #421, .F. ) ;
#2358 = VECTOR ( 'NONE', #655, 1000.000000000000000 ) ;
#2359 = EDGE_LOOP ( 'NONE', ( #922, #2454, #2527, #1267 ) ) ;
#2360 = AXIS2_PLACEMENT_3D ( 'NONE', #938, #960, #1576 ) ;
#2361 = CARTESIAN_POINT ( 'NONE',  ( -16.00000000000000000, 2.600000000000000089, 0.000000000000000000 ) ) ;
#2362 = ORIENTED_EDGE ( 'NONE', *, *, #2506, .T. ) ;
#2363 = EDGE_CURVE ( 'NONE', #272, #2248, #1750, .T. ) ;
#2364 = DIRECTION ( 'NONE',  ( -0.000000000000000000, 1.000000000000000000, -0.000000000000000000 ) ) ;
#2365 = ADVANCED_FACE ( 'NONE', ( #1955 ), #336, .F. ) ;
#2366 = DIRECTION ( 'NONE',  ( 0.8660254037844388186, 0.000000000000000000, 0.4999999999999997780 ) ) ;
#2367 = LINE ( 'NONE', #724, #493 ) ;
#2368 = CIRCLE ( 'NONE', #1891, 1.799999999999999600 ) ;
#2369 = DIRECTION ( 'NONE',  ( -0.000000000000000000, 1.000000000000000000, -0.000000000000000000 ) ) ;
#2370 = AXIS2_PLACEMENT_3D ( 'NONE', #872, #2501, #235 ) ;
#2371 = DIRECTION ( 'NONE',  ( -0.8660254037844338226, 0.000000000000000000, 0.5000000000000082157 ) ) ;
#2372 = ADVANCED_FACE ( 'NONE', ( #1993 ), #134, .F. ) ;
#2373 = ORIENTED_EDGE ( 'NONE', *, *, #2030, .T. ) ;
#2374 = ORIENTED_EDGE ( 'NONE', *, *, #1786, .F. ) ;
#2375 = CONICAL_SURFACE ( 'NONE', #1465, 3.360000000000000320, 0.7853981633974492782 ) ;
#2376 = CARTESIAN_POINT ( 'NONE',  ( -13.85640646055102643, 6.000000000000000000, -7.999999999999998224 ) ) ;
#2377 = VERTEX_POINT ( 'NONE', #1600 ) ;
#2378 = CARTESIAN_POINT ( 'NONE',  ( 13.85640646055102110, 0.000000000000000000, 8.000000000000000000 ) ) ;
#2379 = VECTOR ( 'NONE', #1580, 1000.000000000000000 ) ;
#2380 = FACE_OUTER_BOUND ( 'NONE', #2166, .T. ) ;
#2381 = ADVANCED_FACE ( 'NONE', ( #143 ), #1801, .F. ) ;
#2382 = CARTESIAN_POINT ( 'NONE',  ( 0.000000000000000000, 2.600000000000000089, 0.000000000000000000 ) ) ;
#2383 = CARTESIAN_POINT ( 'NONE',  ( -10.80000000000007354, 2.600000000000000089, -15.47298721428191826 ) ) ;
#2384 = AXIS2_PLACEMENT_3D ( 'NONE', #2313, #449, #2108 ) ;
#2385 = ORIENTED_EDGE ( 'NONE', *, *, #611, .F. ) ;
#2386 = DIRECTION ( 'NONE',  ( -0.000000000000000000, -1.000000000000000000, -0.000000000000000000 ) ) ;
#2387 = AXIS2_PLACEMENT_3D ( 'NONE', #1867, #574, #1200 ) ;
#2388 = ORIENTED_EDGE ( 'NONE', *, *, #273, .F. ) ;
#2389 = VERTEX_POINT ( 'NONE', #2216 ) ;
#2390 = DIRECTION ( 'NONE',  ( 2.164934898019055254E-15, 0.000000000000000000, 1.000000000000000000 ) ) ;
#2391 = EDGE_CURVE ( 'NONE', #1020, #2422, #2641, .T. ) ;
#2392 = DIRECTION ( 'NONE',  ( 0.8660254037844387076, 0.000000000000000000, -0.4999999999999998890 ) ) ;
#2393 = PLANE ( 'NONE',  #2227 ) ;
#2394 = CARTESIAN_POINT ( 'NONE',  ( -16.00000000000000000, 2.599999999999998757, 0.000000000000000000 ) ) ;
#2395 = DIRECTION ( 'NONE',  ( 0.5000000000000079936, -0.000000000000000000, 0.8660254037844341557 ) ) ;
#2396 = CARTESIAN_POINT ( 'NONE',  ( 13.19999999999999751, 2.600000000000000089, -1.616580753730951114 ) ) ;
#2397 = VERTEX_POINT ( 'NONE', #2495 ) ;
#2398 = LINE ( 'NONE', #293, #540 ) ;
#2399 = VERTEX_POINT ( 'NONE', #1829 ) ;
#2400 = ADVANCED_FACE ( 'NONE', ( #5 ), #2246, .F. ) ;
#2401 = CIRCLE ( 'NONE', #401, 1.600000000000000755 ) ;
#2402 = ORIENTED_EDGE ( 'NONE', *, *, #2191, .F. ) ;
#2403 = DIRECTION ( 'NONE',  ( 0.000000000000000000, 0.000000000000000000, 1.000000000000000000 ) ) ;
#2404 = DIRECTION ( 'NONE',  ( 0.000000000000000000, 0.000000000000000000, -1.000000000000000000 ) ) ;
#2405 = VECTOR ( 'NONE', #1227, 1000.000000000000000 ) ;
#2406 = LINE ( 'NONE', #504, #1635 ) ;
#2407 = LINE ( 'NONE', #1218, #2617 ) ;
#2408 = CARTESIAN_POINT ( 'NONE',  ( -13.85640646055102643, 6.000000000000000000, -4.639999999999997904 ) ) ;
#2409 = CC_DESIGN_APPROVAL ( #547, ( #50 ) ) ;
#2410 = LINE ( 'NONE', #545, #212 ) ;
#2411 = DIRECTION ( 'NONE',  ( -0.8660254037844328234, 0.000000000000000000, 0.5000000000000101030 ) ) ;
#2412 = EDGE_LOOP ( 'NONE', ( #1837, #49, #557, #2032 ) ) ;
#2413 = VERTEX_POINT ( 'NONE', #2456 ) ;
#2414 = AXIS2_PLACEMENT_3D ( 'NONE', #503, #1742, #1945 ) ;
#2415 = ORIENTED_EDGE ( 'NONE', *, *, #2518, .T. ) ;
#2416 = DIRECTION ( 'NONE',  ( 0.000000000000000000, 0.000000000000000000, 1.000000000000000000 ) ) ;
#2417 = ORIENTED_EDGE ( 'NONE', *, *, #2116, .T. ) ;
#2418 = FACE_OUTER_BOUND ( 'NONE', #2154, .T. ) ;
#2419 = DIRECTION ( 'NONE',  ( 0.000000000000000000, 0.000000000000000000, 1.000000000000000000 ) ) ;
#2420 = CARTESIAN_POINT ( 'NONE',  ( 13.85640646055102110, 0.000000000000000000, 6.200000000000001954 ) ) ;
#2421 = AXIS2_PLACEMENT_3D ( 'NONE', #2378, #1304, #69 ) ;
#2422 = VERTEX_POINT ( 'NONE', #1648 ) ;
#2423 = ORIENTED_EDGE ( 'NONE', *, *, #1181, .T. ) ;
#2424 = VECTOR ( 'NONE', #694, 999.9999999999998863 ) ;
#2425 = EDGE_CURVE ( 'NONE', #357, #1407, #2612, .T. ) ;
#2426 = EDGE_LOOP ( 'NONE', ( #968, #573, #2609, #940 ) ) ;
#2427 = ORIENTED_EDGE ( 'NONE', *, *, #578, .F. ) ;
#2428 = CARTESIAN_POINT ( 'NONE',  ( -3.063701236695603505E-15, 6.000000000000000000, -16.00000000000000355 ) ) ;
#2429 = VERTEX_POINT ( 'NONE', #618 ) ;
#2430 = EDGE_CURVE ( 'NONE', #2248, #1412, #577, .T. ) ;
#2431 = LINE ( 'NONE', #570, #1570 ) ;
#2432 = LINE ( 'NONE', #988, #1980 ) ;
#2433 = ORIENTED_EDGE ( 'NONE', *, *, #2640, .F. ) ;
#2434 = VERTEX_POINT ( 'NONE', #202 ) ;
#2435 = ORIENTED_EDGE ( 'NONE', *, *, #2551, .T. ) ;
#2436 = CC_DESIGN_PERSON_AND_ORGANIZATION_ASSIGNMENT ( #35, #2089, ( #2103 ) ) ;
#2437 = AXIS2_PLACEMENT_3D ( 'NONE', #407, #1873, #813 ) ;
#2438 = FACE_OUTER_BOUND ( 'NONE', #1802, .T. ) ;
#2439 = EDGE_CURVE ( 'NONE', #491, #2397, #1539, .T. ) ;
#2440 = LINE ( 'NONE', #2665, #2056 ) ;
#2441 = ORIENTED_EDGE ( 'NONE', *, *, #324, .T. ) ;
#2442 = EDGE_CURVE ( 'NONE', #1093, #1814, #605, .T. ) ;
#2443 = DIRECTION ( 'NONE',  ( -0.000000000000000000, 1.000000000000000000, -0.000000000000000000 ) ) ;
#2444 = EDGE_CURVE ( 'NONE', #1311, #2377, #2578, .T. ) ;
#2445 = CARTESIAN_POINT ( 'NONE',  ( -13.19999999999999751, 2.600000000000000089, 1.616580753730951114 ) ) ;
#2446 = VECTOR ( 'NONE', #969, 1000.000000000000000 ) ;
#2447 = CARTESIAN_POINT ( 'NONE',  ( -16.00000000000000000, 2.600000000000000089, -1.599999999999992983 ) ) ;
#2448 = DIRECTION ( 'NONE',  ( 0.000000000000000000, 0.000000000000000000, -1.000000000000000000 ) ) ;
#2449 = ORIENTED_EDGE ( 'NONE', *, *, #1431, .T. ) ;
#2450 = EDGE_CURVE ( 'NONE', #1751, #567, #836, .T. ) ;
#2451 = ORIENTED_EDGE ( 'NONE', *, *, #2022, .T. ) ;
#2452 = AXIS2_PLACEMENT_3D ( 'NONE', #175, #2046, #2458 ) ;
#2453 = DIRECTION ( 'NONE',  ( 0.000000000000000000, 0.000000000000000000, 1.000000000000000000 ) ) ;
#2454 = ORIENTED_EDGE ( 'NONE', *, *, #453, .F. ) ;
#2455 = DIRECTION ( 'NONE',  ( -0.5000000000000003331, 0.000000000000000000, 0.8660254037844385966 ) ) ;
#2456 = CARTESIAN_POINT ( 'NONE',  ( 13.85640646055101222, 4.440000000000001279, -9.800000000000009592 ) ) ;
#2457 = EDGE_CURVE ( 'NONE', #2429, #2041, #174, .T. ) ;
#2458 = DIRECTION ( 'NONE',  ( -0.000000000000000000, 0.000000000000000000, 1.000000000000000000 ) ) ;
#2459 = ORIENTED_EDGE ( 'NONE', *, *, #242, .F. ) ;
#2460 = DIRECTION ( 'NONE',  ( -4.440892098500625373E-15, 0.000000000000000000, -1.000000000000000000 ) ) ;
#2461 = EDGE_CURVE ( 'NONE', #639, #595, #2277, .T. ) ;
#2462 = CARTESIAN_POINT ( 'NONE',  ( -7.999999999999901412, 2.600000000000000089, 10.62324495308918415 ) ) ;
#2463 = ORIENTED_EDGE ( 'NONE', *, *, #132, .F. ) ;
#2464 = VECTOR ( 'NONE', #2285, 1000.000000000000114 ) ;
#2465 = CARTESIAN_POINT ( 'NONE',  ( 13.85640646055101222, 0.000000000000000000, -9.800000000000009592 ) ) ;
#2466 = FACE_BOUND ( 'NONE', #576, .T. ) ;
#2467 = DIRECTION ( 'NONE',  ( 0.000000000000000000, 0.000000000000000000, 1.000000000000000000 ) ) ;
#2468 = ORIENTED_EDGE ( 'NONE', *, *, #1426, .F. ) ;
#2469 = DIRECTION ( 'NONE',  ( 0.000000000000000000, 0.000000000000000000, 1.000000000000000000 ) ) ;
#2470 = LINE ( 'NONE', #1847, #2510 ) ;
#2471 = CARTESIAN_POINT ( 'NONE',  ( 13.85640646055101222, 6.000000000000000000, -8.000000000000010658 ) ) ;
#2472 = VECTOR ( 'NONE', #908, 1000.000000000000000 ) ;
#2473 = ORIENTED_EDGE ( 'NONE', *, *, #2444, .T. ) ;
#2474 = PLANE ( 'NONE',  #1598 ) ;
#2475 = ORIENTED_EDGE ( 'NONE', *, *, #1899, .T. ) ;
#2476 = EDGE_CURVE ( 'NONE', #1664, #864, #2440, .T. ) ;
#2477 = EDGE_CURVE ( 'NONE', #1924, #2515, #2261, .T. ) ;
#2478 = CARTESIAN_POINT ( 'NONE',  ( 0.000000000000000000, 0.000000000000000000, 0.000000000000000000 ) ) ;
#2479 = CARTESIAN_POINT ( 'NONE',  ( -13.85640646055102110, 6.000000000000000000, 11.36000000000000298 ) ) ;
#2480 = LINE ( 'NONE', #787, #2405 ) ;
#2481 = ORIENTED_EDGE ( 'NONE', *, *, #334, .T. ) ;
#2482 = CARTESIAN_POINT ( 'NONE',  ( 13.19999999999999574, 2.600000000000000089, 1.616580753730952891 ) ) ;
#2483 = DIRECTION ( 'NONE',  ( -0.000000000000000000, 1.000000000000000000, -0.000000000000000000 ) ) ;
#2484 = CARTESIAN_POINT ( 'NONE',  ( 0.000000000000000000, 0.000000000000000000, -20.10000000000000142 ) ) ;
#2485 = DIRECTION ( 'NONE',  ( 0.000000000000000000, 0.000000000000000000, 1.000000000000000000 ) ) ;
#2486 = VECTOR ( 'NONE', #2390, 1000.000000000000000 ) ;
#2487 = ORIENTED_EDGE ( 'NONE', *, *, #2116, .F. ) ;
#2488 = DIRECTION ( 'NONE',  ( -0.000000000000000000, -1.000000000000000000, -0.000000000000000000 ) ) ;
#2489 = CONICAL_SURFACE ( 'NONE', #1796, 3.360000000000002096, 0.7853981633974489451 ) ;
#2490 = ORIENTED_EDGE ( 'NONE', *, *, #1492, .F. ) ;
#2491 = EDGE_CURVE ( 'NONE', #94, #2335, #2480, .T. ) ;
#2492 = FACE_BOUND ( 'NONE', #163, .T. ) ;
#2493 = ORIENTED_EDGE ( 'NONE', *, *, #2140, .F. ) ;
#2494 = DATE_TIME_ROLE ( 'classification_date' ) ;
#2495 = CARTESIAN_POINT ( 'NONE',  ( -8.000000000000065725, 2.599999999999998757, -15.45640646055097100 ) ) ;
#2496 = AXIS2_PLACEMENT_3D ( 'NONE', #1700, #1769, #1971 ) ;
#2497 = VERTEX_POINT ( 'NONE', #2061 ) ;
#2498 = DIRECTION ( 'NONE',  ( -0.8660254037844387076, 0.000000000000000000, 0.4999999999999997780 ) ) ;
#2499 = ORIENTED_EDGE ( 'NONE', *, *, #757, .T. ) ;
#2500 = LINE ( 'NONE', #624, #1734 ) ;
#2501 = DIRECTION ( 'NONE',  ( 0.000000000000000000, 1.000000000000000000, 0.000000000000000000 ) ) ;
#2502 = CARTESIAN_POINT ( 'NONE',  ( 0.000000000000000000, 6.000000000000000000, 0.000000000000000000 ) ) ;
#2503 = ORIENTED_EDGE ( 'NONE', *, *, #1029, .F. ) ;
#2504 = DIRECTION ( 'NONE',  ( 8.659560562354932858E-17, 0.7071067811865474617, -0.7071067811865474617 ) ) ;
#2505 = VERTEX_POINT ( 'NONE', #1024 ) ;
#2506 = EDGE_CURVE ( 'NONE', #567, #231, #635, .T. ) ;
#2507 = AXIS2_PLACEMENT_3D ( 'NONE', #1542, #941, #755 ) ;
#2508 = DIRECTION ( 'NONE',  ( -0.000000000000000000, -1.000000000000000000, -0.000000000000000000 ) ) ;
#2509 = CALENDAR_DATE ( 2026, 26, 2 ) ;
#2510 = VECTOR ( 'NONE', #843, 1000.000000000000000 ) ;
#2511 = DIRECTION ( 'NONE',  ( 0.000000000000000000, 0.000000000000000000, -1.000000000000000000 ) ) ;
#2512 = AXIS2_PLACEMENT_3D ( 'NONE', #360, #1213, #2254 ) ;
#2513 = ORIENTED_EDGE ( 'NONE', *, *, #120, .F. ) ;
#2514 = LINE ( 'NONE', #2106, #566 ) ;
#2515 = VERTEX_POINT ( 'NONE', #1855 ) ;
#2516 = FACE_OUTER_BOUND ( 'NONE', #2202, .T. ) ;
#2517 = PLANE ( 'NONE',  #2496 ) ;
#2518 = EDGE_CURVE ( 'NONE', #1940, #2399, #823, .T. ) ;
#2519 = CARTESIAN_POINT ( 'NONE',  ( 13.85640646055102110, 6.000000000000000000, 8.000000000000000000 ) ) ;
#2520 = EDGE_LOOP ( 'NONE', ( #211, #501, #1615, #917 ) ) ;
#2521 = DIRECTION ( 'NONE',  ( -0.8660254037844363761, 0.000000000000000000, 0.5000000000000039968 ) ) ;
#2522 = ORIENTED_EDGE ( 'NONE', *, *, #472, .F. ) ;
#2523 = APPLICATION_PROTOCOL_DEFINITION ( 'international standard', 'config_control_design', 1994, #1583 ) ;
#2524 = ORIENTED_EDGE ( 'NONE', *, *, #1287, .T. ) ;
#2525 = EDGE_CURVE ( 'NONE', #1992, #1214, #760, .T. ) ;
#2526 = DIRECTION ( 'NONE',  ( -0.000000000000000000, -1.000000000000000000, -0.000000000000000000 ) ) ;
#2527 = ORIENTED_EDGE ( 'NONE', *, *, #866, .F. ) ;
#2528 = VECTOR ( 'NONE', #2008, 1000.000000000000000 ) ;
#2529 = CARTESIAN_POINT ( 'NONE',  ( -13.85640646055102110, 6.000000000000000000, 8.000000000000003553 ) ) ;
#2530 = DIRECTION ( 'NONE',  ( 5.365409281204141229E-16, 0.000000000000000000, -1.000000000000000000 ) ) ;
#2531 = CYLINDRICAL_SURFACE ( 'NONE', #2045, 1.799999999999999600 ) ;
#2532 = EDGE_CURVE ( 'NONE', #2434, #2122, #1624, .T. ) ;
#2533 = ORIENTED_EDGE ( 'NONE', *, *, #1953, .F. ) ;
#2534 = DIRECTION ( 'NONE',  ( -0.8660254037844365982, 0.000000000000000000, 0.5000000000000035527 ) ) ;
#2535 = VECTOR ( 'NONE', #2343, 1000.000000000000000 ) ;
#2536 = ORIENTED_EDGE ( 'NONE', *, *, #1181, .F. ) ;
#2537 = EDGE_CURVE ( 'NONE', #299, #735, #2268, .T. ) ;
#2538 = AXIS2_PLACEMENT_3D ( 'NONE', #2121, #1082, #2131 ) ;
#2539 = ORIENTED_EDGE ( 'NONE', *, *, #309, .T. ) ;
#2540 = AXIS2_PLACEMENT_3D ( 'NONE', #1590, #1617, #2234 ) ;
#2541 = LINE ( 'NONE', #1739, #1337 ) ;
#2542 = ORIENTED_EDGE ( 'NONE', *, *, #688, .F. ) ;
#2543 = EDGE_CURVE ( 'NONE', #1942, #1295, #281, .T. ) ;
#2544 = FACE_OUTER_BOUND ( 'NONE', #2077, .T. ) ;
#2545 = PLANE ( 'NONE',  #1019 ) ;
#2546 = DIRECTION ( 'NONE',  ( 0.000000000000000000, -0.000000000000000000, -1.000000000000000000 ) ) ;
#2547 = CARTESIAN_POINT ( 'NONE',  ( -10.80000000000005933, 2.600000000000000089, -12.23982570682001914 ) ) ;
#2548 = EDGE_LOOP ( 'NONE', ( #1874, #1415, #247, #756, #526, #1529 ) ) ;
#2549 = DIRECTION ( 'NONE',  ( -0.000000000000000000, 1.000000000000000000, -0.000000000000000000 ) ) ;
#2550 = ORIENTED_EDGE ( 'NONE', *, *, #2214, .F. ) ;
#2551 = EDGE_CURVE ( 'NONE', #2041, #1924, #1480, .T. ) ;
#2552 = AXIS2_PLACEMENT_3D ( 'NONE', #2210, #2235, #816 ) ;
#2553 = AXIS2_PLACEMENT_3D ( 'NONE', #743, #699, #1324 ) ;
#2554 = ORIENTED_EDGE ( 'NONE', *, *, #2506, .F. ) ;
#2555 = FACE_OUTER_BOUND ( 'NONE', #2520, .T. ) ;
#2556 = ORIENTED_EDGE ( 'NONE', *, *, #1244, .F. ) ;
#2557 = VECTOR ( 'NONE', #138, 1000.000000000000000 ) ;
#2558 = CARTESIAN_POINT ( 'NONE',  ( -5.199999999999887379, 2.600000000000000089, 12.23982570682011151 ) ) ;
#2559 = LINE ( 'NONE', #2594, #1328 ) ;
#2560 = FACE_OUTER_BOUND ( 'NONE', #249, .T. ) ;
#2561 = CARTESIAN_POINT ( 'NONE',  ( 13.85640646055102110, 4.440000000000001279, 8.000000000000000000 ) ) ;
#2562 = DIRECTION ( 'NONE',  ( -0.000000000000000000, -1.000000000000000000, -0.000000000000000000 ) ) ;
#2563 = EDGE_LOOP ( 'NONE', ( #1308, #975, #1981, #956, #2566, #2423 ) ) ;
#2564 = EDGE_CURVE ( 'NONE', #1239, #418, #1658, .T. ) ;
#2565 = ADVANCED_FACE ( 'NONE', ( #652 ), #431, .F. ) ;
#2566 = ORIENTED_EDGE ( 'NONE', *, *, #160, .T. ) ;
#2567 = CARTESIAN_POINT ( 'NONE',  ( 16.00000000000000000, 2.599999999999998757, -1.599999999999986766 ) ) ;
#2568 = ORIENTED_EDGE ( 'NONE', *, *, #379, .F. ) ;
#2569 = EDGE_CURVE ( 'NONE', #876, #2602, #1985, .T. ) ;
#2570 = DIRECTION ( 'NONE',  ( -0.000000000000000000, -1.000000000000000000, -0.000000000000000000 ) ) ;
#2571 = FACE_OUTER_BOUND ( 'NONE', #2099, .T. ) ;
#2572 = CARTESIAN_POINT ( 'NONE',  ( 1.934941942652818023E-15, 6.000000000000000000, 14.20000000000000107 ) ) ;
#2573 = LINE ( 'NONE', #1338, #1003 ) ;
#2574 = ORIENTED_EDGE ( 'NONE', *, *, #559, .F. ) ;
#2575 = CARTESIAN_POINT ( 'NONE',  ( -16.00000000000000000, 2.600000000000000089, 3.233161507461903561 ) ) ;
#2576 = EDGE_LOOP ( 'NONE', ( #1672, #1061 ) ) ;
#2577 = ADVANCED_FACE ( 'NONE', ( #1587 ), #1129, .F. ) ;
#2578 = CIRCLE ( 'NONE', #1404, 1.599999999999998979 ) ;
#2579 = VERTEX_POINT ( 'NONE', #1139 ) ;
#2580 = CYLINDRICAL_SURFACE ( 'NONE', #1710, 2.700000000000000178 ) ;
#2581 = ORIENTED_EDGE ( 'NONE', *, *, #52, .F. ) ;
#2582 = DIRECTION ( 'NONE',  ( -0.000000000000000000, 1.000000000000000000, -0.000000000000000000 ) ) ;
#2583 = DIRECTION ( 'NONE',  ( -0.000000000000000000, 1.000000000000000000, -0.000000000000000000 ) ) ;
#2584 = CONICAL_SURFACE ( 'NONE', #1762, 3.360000000000000320, 0.7853981633974492782 ) ;
#2585 = DIRECTION ( 'NONE',  ( 0.000000000000000000, 0.000000000000000000, -1.000000000000000000 ) ) ;
#2586 = DIRECTION ( 'NONE',  ( -0.000000000000000000, 1.000000000000000000, -0.000000000000000000 ) ) ;
#2587 = AXIS2_PLACEMENT_3D ( 'NONE', #1754, #2583, #2034 ) ;
#2588 = CARTESIAN_POINT ( 'NONE',  ( 2.461540066286179870E-15, 6.000000000000000000, 20.10000000000000142 ) ) ;
#2589 = ORIENTED_EDGE ( 'NONE', *, *, #1881, .F. ) ;
#2590 = ADVANCED_FACE ( 'NONE', ( #2195 ), #305, .F. ) ;
#2591 = ORIENTED_EDGE ( 'NONE', *, *, #2363, .T. ) ;
#2592 = DIRECTION ( 'NONE',  ( -2.053912595556539600E-15, 0.000000000000000000, -1.000000000000000000 ) ) ;
#2593 = PLANE ( 'NONE',  #2028 ) ;
#2594 = CARTESIAN_POINT ( 'NONE',  ( -5.199999999999887379, 0.000000000000000000, 12.23982570682011151 ) ) ;
#2595 = CARTESIAN_POINT ( 'NONE',  ( -18.79999999999999716, 2.600000000000000089, 1.616580753730952669 ) ) ;
#2596 = FACE_OUTER_BOUND ( 'NONE', #118, .T. ) ;
#2597 = DIRECTION ( 'NONE',  ( -0.000000000000000000, 1.000000000000000000, -0.000000000000000000 ) ) ;
#2598 = AXIS2_PLACEMENT_3D ( 'NONE', #2478, #1645, #2453 ) ;
#2599 = ORIENTED_EDGE ( 'NONE', *, *, #1007, .T. ) ;
#2600 = CARTESIAN_POINT ( 'NONE',  ( -10.80000000000007354, 0.000000000000000000, -15.47298721428191826 ) ) ;
#2601 = VERTEX_POINT ( 'NONE', #2383 ) ;
#2602 = VERTEX_POINT ( 'NONE', #97 ) ;
#2603 = DIRECTION ( 'NONE',  ( 0.000000000000000000, 0.000000000000000000, 1.000000000000000000 ) ) ;
#2604 = PLANE ( 'NONE',  #904 ) ;
#2605 = CARTESIAN_POINT ( 'NONE',  ( 7.999999999999968914, 2.600000000000000089, -15.45640646055102962 ) ) ;
#2606 = CARTESIAN_POINT ( 'NONE',  ( -16.00000000000000000, 0.000000000000000000, -3.233161507461906226 ) ) ;
#2607 = DIRECTION ( 'NONE',  ( 0.8660254037844387076, 0.000000000000000000, -0.4999999999999997780 ) ) ;
#2608 = DIRECTION ( 'NONE',  ( 0.000000000000000000, 0.000000000000000000, -1.000000000000000000 ) ) ;
#2609 = ORIENTED_EDGE ( 'NONE', *, *, #120, .T. ) ;
#2610 = ORIENTED_EDGE ( 'NONE', *, *, #783, .T. ) ;
#2611 = DIRECTION ( 'NONE',  ( -0.000000000000000000, 1.000000000000000000, -0.000000000000000000 ) ) ;
#2612 = CIRCLE ( 'NONE', #537, 1.599999999999986766 ) ;
#2613 = FACE_BOUND ( 'NONE', #1290, .T. ) ;
#2614 = ORIENTED_EDGE ( 'NONE', *, *, #1916, .F. ) ;
#2615 = CARTESIAN_POINT ( 'NONE',  ( -7.999999999999901412, 0.000000000000000000, 10.62324495308918415 ) ) ;
#2616 = EDGE_CURVE ( 'NONE', #1440, #1214, #2173, .T. ) ;
#2617 = VECTOR ( 'NONE', #1756, 1000.000000000000000 ) ;
#2618 = FACE_OUTER_BOUND ( 'NONE', #387, .T. ) ;
#2619 = VECTOR ( 'NONE', #1629, 1000.000000000000114 ) ;
#2620 = DIRECTION ( 'NONE',  ( -0.000000000000000000, -1.000000000000000000, -0.000000000000000000 ) ) ;
#2621 = DIRECTION ( 'NONE',  ( -0.4999999999999985012, 0.000000000000000000, 0.8660254037844395958 ) ) ;
#2622 = CONICAL_SURFACE ( 'NONE', #716, 3.360000000000000320, 0.7853981633974488341 ) ;
#2623 = ADVANCED_FACE ( 'NONE', ( #592 ), #2489, .F. ) ;
#2624 = ORIENTED_EDGE ( 'NONE', *, *, #538, .T. ) ;
#2625 = CARTESIAN_POINT ( 'NONE',  ( -18.79999999999999716, 2.600000000000000089, -1.616580753730956443 ) ) ;
#2626 = FACE_OUTER_BOUND ( 'NONE', #2563, .T. ) ;
#2627 = VERTEX_POINT ( 'NONE', #1995 ) ;
#2628 = LINE ( 'NONE', #113, #1830 ) ;
#2629 = ORIENTED_EDGE ( 'NONE', *, *, #273, .T. ) ;
#2630 = DIRECTION ( 'NONE',  ( 0.4999999999999997780, 0.000000000000000000, -0.8660254037844388186 ) ) ;
#2631 = ORIENTED_EDGE ( 'NONE', *, *, #1325, .T. ) ;
#2632 = MANIFOLD_SOLID_BREP ( 'CSK for M3 Hex Socket Countersunk Cap Screw1', #1811 ) ;
#2633 = ORIENTED_EDGE ( 'NONE', *, *, #1966, .T. ) ;
#2634 = AXIS2_PLACEMENT_3D ( 'NONE', #1622, #589, #1417 ) ;
#2635 = EDGE_CURVE ( 'NONE', #308, #550, #950, .T. ) ;
#2636 = ORIENTED_EDGE ( 'NONE', *, *, #2457, .T. ) ;
#2637 = DIRECTION ( 'NONE',  ( 9.048317650695025804E-15, 0.000000000000000000, 1.000000000000000000 ) ) ;
#2638 = ADVANCED_FACE ( 'NONE', ( #1350 ), #1420, .F. ) ;
#2639 = ORIENTED_EDGE ( 'NONE', *, *, #59, .T. ) ;
#2640 = EDGE_CURVE ( 'NONE', #6, #339, #1974, .T. ) ;
#2641 = LINE ( 'NONE', #1421, #622 ) ;
#2642 = ORIENTED_EDGE ( 'NONE', *, *, #2616, .F. ) ;
#2643 = EDGE_CURVE ( 'NONE', #2377, #1311, #844, .T. ) ;
#2644 = LINE ( 'NONE', #1579, #1031 ) ;
#2645 = DIRECTION ( 'NONE',  ( 0.000000000000000000, 0.000000000000000000, -1.000000000000000000 ) ) ;
#2646 = ORIENTED_EDGE ( 'NONE', *, *, #2167, .F. ) ;
#2647 = ORIENTED_EDGE ( 'NONE', *, *, #664, .F. ) ;
#2648 = EDGE_LOOP ( 'NONE', ( #1353, #1517, #1647, #892 ) ) ;
#2649 = AXIS2_PLACEMENT_3D ( 'NONE', #697, #253, #899 ) ;
#2650 = DIRECTION ( 'NONE',  ( 0.000000000000000000, 0.000000000000000000, 1.000000000000000000 ) ) ;
#2651 = VERTEX_POINT ( 'NONE', #112 ) ;
#2652 = DIRECTION ( 'NONE',  ( 0.000000000000000000, 0.000000000000000000, -1.000000000000000000 ) ) ;
#2653 = VECTOR ( 'NONE', #266, 1000.000000000000227 ) ;
#2654 = ORIENTED_EDGE ( 'NONE', *, *, #1747, .T. ) ;
#2655 = DIRECTION ( 'NONE',  ( 0.4999999999999960587, 0.000000000000000000, -0.8660254037844409281 ) ) ;
#2656 = ORIENTED_EDGE ( 'NONE', *, *, #1102, .F. ) ;
#2657 = DIRECTION ( 'NONE',  ( 0.000000000000000000, 0.000000000000000000, 1.000000000000000000 ) ) ;
#2658 = VECTOR ( 'NONE', #926, 1000.000000000000000 ) ;
#2659 = ORIENTED_EDGE ( 'NONE', *, *, #2425, .T. ) ;
#2660 = CIRCLE ( 'NONE', #1936, 1.799999999999999600 ) ;
#2661 = ORIENTED_EDGE ( 'NONE', *, *, #1244, .T. ) ;
#2662 = VECTOR ( 'NONE', #590, 1000.000000000000000 ) ;
#2663 = DIRECTION ( 'NONE',  ( -0.000000000000000000, -1.000000000000000000, -0.000000000000000000 ) ) ;
#2664 = CARTESIAN_POINT ( 'NONE',  ( 13.19999999999999574, 2.600000000000000089, 1.616580753730952891 ) ) ;
#2665 = CARTESIAN_POINT ( 'NONE',  ( 16.00000000000000000, 2.600000000000000089, -3.233161507461903561 ) ) ;
#2666 = ORIENTED_EDGE ( 'NONE', *, *, #2238, .T. ) ;
#2667 = CARTESIAN_POINT ( 'NONE',  ( 10.80000000000018012, 2.600000000000000089, 15.47298721428184365 ) ) ;
#2668 = CARTESIAN_POINT ( 'NONE',  ( 0.000000000000000000, 0.000000000000000000, 0.000000000000000000 ) ) ;
#2669 = ADVANCED_FACE ( 'NONE', ( #2596 ), #741, .F. ) ;
#2670 = DIRECTION ( 'NONE',  ( 0.000000000000000000, 1.000000000000000000, 0.000000000000000000 ) ) ;
#2671 = EDGE_CURVE ( 'NONE', #1751, #184, #2407, .T. ) ;
#2672 = ORIENTED_EDGE ( 'NONE', *, *, #1268, .F. ) ;
#2673 = FACE_OUTER_BOUND ( 'NONE', #158, .T. ) ;
#2674 = AXIS2_PLACEMENT_3D ( 'NONE', #1253, #829, #888 ) ;
#2675 = AXIS2_PLACEMENT_3D ( 'NONE', #2502, #1473, #1086 ) ;
#2676 = LINE ( 'NONE', #1812, #2031 ) ;
#2677 = LINE ( 'NONE', #808, #1370 ) ;
#2678 = DIRECTION ( 'NONE',  ( -0.8660254037844388186, 0.000000000000000000, -0.4999999999999997780 ) ) ;
#2679 = ORIENTED_EDGE ( 'NONE', *, *, #1696, .T. ) ;
#2680 = PLANE ( 'NONE',  #2004 ) ;
#2681 = DIRECTION ( 'NONE',  ( -0.000000000000000000, 1.000000000000000000, -0.000000000000000000 ) ) ;
#2682 = VECTOR ( 'NONE', #2349, 1000.000000000000000 ) ;
#2683 = CYLINDRICAL_SURFACE ( 'NONE', #1279, 1.599999999999993872 ) ;
#2684 = LINE ( 'NONE', #1512, #1117 ) ;
#2685 = EDGE_LOOP ( 'NONE', ( #1056, #2026, #1495, #1822 ) ) ;
ENDSEC;
END-ISO-10303-21;
