ISO-10303-21;
HEADER;
FILE_DESCRIPTION (( 'STEP AP203' ),
    '1' );
FILE_NAME ('InRunnerUpperPlate.STEP',
    '2026-02-26T13:23:50',
    ( '' ),
    ( '' ),
    'SwSTEP 2.0',
    'SolidWorks 2024',
    '' );
FILE_SCHEMA (( 'CONFIG_CONTROL_DESIGN' ));
ENDSEC;

DATA;
#1 = AXIS2_PLACEMENT_3D ( 'NONE', #14, #2207, #993 ) ;
#2 = ORIENTED_EDGE ( 'NONE', *, *, #1092, .F. ) ;
#3 = DIRECTION ( 'NONE',  ( -1.397133453249160499E-16, 1.000000000000000000, -0.000000000000000000 ) ) ;
#4 = APPROVAL_PERSON_ORGANIZATION ( #2709, #1378, #1466 ) ;
#5 = CIRCLE ( 'NONE', #1647, 1.699999999999996625 ) ;
#6 = CARTESIAN_POINT ( 'NONE',  ( -16.09807621135311351, 5.200000000000007283, 21.88268590217998977 ) ) ;
#7 = DIRECTION ( 'NONE',  ( -1.397133453249159513E-16, 1.000000000000000000, -0.000000000000000000 ) ) ;
#8 = VERTEX_POINT ( 'NONE', #1460 ) ;
#9 = VERTEX_POINT ( 'NONE', #700 ) ;
#10 = CARTESIAN_POINT ( 'NONE',  ( 16.09807621135356825, 2.599999999999998312, 21.88268590217965581 ) ) ;
#11 = ORIENTED_EDGE ( 'NONE', *, *, #406, .T. ) ;
#12 = CARTESIAN_POINT ( 'NONE',  ( 27.00000000000000000, 5.200000000000011724, 3.000000000000000000 ) ) ;
#13 = VERTEX_POINT ( 'NONE', #1615 ) ;
#14 = CARTESIAN_POINT ( 'NONE',  ( -17.64652704754906765, 5.200000000000006395, -23.76468142349311918 ) ) ;
#15 = EDGE_CURVE ( 'NONE', #394, #3086, #1217, .T. ) ;
#16 = CARTESIAN_POINT ( 'NONE',  ( -13.50000000000011191, 5.599999999999994316, -23.38268590217978726 ) ) ;
#17 = DIRECTION ( 'NONE',  ( -1.397133453249160006E-16, 1.000000000000000000, 2.366029043244536636E-32 ) ) ;
#18 = CARTESIAN_POINT ( 'NONE',  ( 10.90192378864697353, 5.200000000000009948, 24.88268590217971621 ) ) ;
#19 = ORIENTED_EDGE ( 'NONE', *, *, #954, .F. ) ;
#20 = FACE_OUTER_BOUND ( 'NONE', #1135, .T. ) ;
#21 = CARTESIAN_POINT ( 'NONE',  ( 27.00000000000000000, 5.599999999999999645, -1.699999999999993072 ) ) ;
#22 = DIRECTION ( 'NONE',  ( -1.397133453249159759E-16, 1.000000000000000000, 4.930380657631323784E-32 ) ) ;
#23 = ORIENTED_EDGE ( 'NONE', *, *, #1188, .T. ) ;
#24 = FACE_OUTER_BOUND ( 'NONE', #1087, .T. ) ;
#25 = ORIENTED_EDGE ( 'NONE', *, *, #564, .F. ) ;
#26 = CARTESIAN_POINT ( 'NONE',  ( -29.40408134936372875, 5.200000000000004619, 3.400000000000000355 ) ) ;
#27 = DIRECTION ( 'NONE',  ( 1.397133453249159759E-16, -1.000000000000000000, 1.298570318285507396E-32 ) ) ;
#28 = EDGE_CURVE ( 'NONE', #2057, #394, #1538, .T. ) ;
#29 = FACE_OUTER_BOUND ( 'NONE', #1581, .T. ) ;
#30 = DIRECTION ( 'NONE',  ( -1.000000000000000000, -1.445602896647339163E-16, 0.000000000000000000 ) ) ;
#31 = FACE_OUTER_BOUND ( 'NONE', #916, .T. ) ;
#32 = APPROVAL_ROLE ( '' ) ;
#33 = EDGE_CURVE ( 'NONE', #1689, #1637, #720, .T. ) ;
#34 = EDGE_LOOP ( 'NONE', ( #2424, #344, #172, #1286, #2607 ) ) ;
#35 = CARTESIAN_POINT ( 'NONE',  ( -21.69999999999999929, 5.599999999999993427, 0.000000000000000000 ) ) ;
#36 = CARTESIAN_POINT ( 'NONE',  ( -11.75755430181490446, 5.599999999999994316, -27.16468142349315684 ) ) ;
#37 = DIRECTION ( 'NONE',  ( -1.397133453249159759E-16, 1.000000000000000000, -4.930380657631323784E-32 ) ) ;
#38 = EDGE_LOOP ( 'NONE', ( #476, #1317, #117, #2767 ) ) ;
#39 = ORIENTED_EDGE ( 'NONE', *, *, #366, .T. ) ;
#40 = CARTESIAN_POINT ( 'NONE',  ( -27.00000000000000000, 2.599999999999992095, 0.000000000000000000 ) ) ;
#41 = CIRCLE ( 'NONE', #1802, 0.4000000000000010214 ) ;
#42 = ORIENTED_EDGE ( 'NONE', *, *, #119, .T. ) ;
#43 = CARTESIAN_POINT ( 'NONE',  ( -11.91644017075834938, 5.200000000000006395, -27.53177171299982362 ) ) ;
#44 = VECTOR ( 'NONE', #814, 1000.000000000000114 ) ;
#45 = ORIENTED_EDGE ( 'NONE', *, *, #740, .F. ) ;
#46 = ORIENTED_EDGE ( 'NONE', *, *, #507, .T. ) ;
#47 = CARTESIAN_POINT ( 'NONE',  ( -27.00000000000000000, -1.561251128379126385E-14, 0.000000000000000000 ) ) ;
#48 = AXIS2_PLACEMENT_3D ( 'NONE', #2131, #2629, #2156 ) ;
#49 = ADVANCED_FACE ( 'NONE', ( #384 ), #1978, .F. ) ;
#50 = ORIENTED_EDGE ( 'NONE', *, *, #794, .T. ) ;
#51 = VECTOR ( 'NONE', #2373, 1000.000000000000000 ) ;
#52 = AXIS2_PLACEMENT_3D ( 'NONE', #90, #1302, #322 ) ;
#53 = CARTESIAN_POINT ( 'NONE',  ( 1.192444356114094955E-15, 5.599999999999996092, 0.000000000000000000 ) ) ;
#54 = ADVANCED_FACE ( 'NONE', ( #2220 ), #181, .F. ) ;
#55 = DIRECTION ( 'NONE',  ( 1.397133453249159513E-16, -1.000000000000000000, 0.000000000000000000 ) ) ;
#56 = VECTOR ( 'NONE', #2510, 1000.000000000000000 ) ;
#57 = CIRCLE ( 'NONE', #1345, 1.699999999999993072 ) ;
#58 = ORIENTED_EDGE ( 'NONE', *, *, #1427, .F. ) ;
#59 = ORIENTED_EDGE ( 'NONE', *, *, #2056, .F. ) ;
#60 = CARTESIAN_POINT ( 'NONE',  ( 16.09807621135326272, 2.599999999999998312, -21.88268590217988319 ) ) ;
#61 = VECTOR ( 'NONE', #1437, 1000.000000000000000 ) ;
#62 = EDGE_CURVE ( 'NONE', #2159, #2111, #978, .T. ) ;
#63 = ORIENTED_EDGE ( 'NONE', *, *, #951, .F. ) ;
#64 = DIRECTION ( 'NONE',  ( 1.397133453249160006E-16, -1.000000000000000000, -0.000000000000000000 ) ) ;
#65 = CARTESIAN_POINT ( 'NONE',  ( -10.90192378864645484, 5.200000000000007283, 24.88268590217994358 ) ) ;
#66 = ORIENTED_EDGE ( 'NONE', *, *, #1670, .F. ) ;
#67 = LINE ( 'NONE', #2987, #1430 ) ;
#68 = EDGE_CURVE ( 'NONE', #971, #1784, #2564, .T. ) ;
#69 = DIRECTION ( 'NONE',  ( -1.397133453249160499E-16, 1.000000000000000000, -0.000000000000000000 ) ) ;
#70 = ORIENTED_EDGE ( 'NONE', *, *, #2310, .T. ) ;
#71 = DIRECTION ( 'NONE',  ( -1.397133453249159513E-16, 1.000000000000000000, -0.000000000000000000 ) ) ;
#72 = VERTEX_POINT ( 'NONE', #795 ) ;
#73 = CARTESIAN_POINT ( 'NONE',  ( 17.64652704754890067, 14.13493525146762586, -23.76468142349324708 ) ) ;
#74 = EDGE_CURVE ( 'NONE', #2052, #1192, #3191, .T. ) ;
#75 = DIRECTION ( 'NONE',  ( -0.000000000000000000, 1.000000000000000000, -0.000000000000000000 ) ) ;
#76 = ORIENTED_EDGE ( 'NONE', *, *, #2902, .F. ) ;
#77 = DIRECTION ( 'NONE',  ( 1.397133453249159759E-16, -1.000000000000000000, 4.930380657631323784E-32 ) ) ;
#78 = VERTEX_POINT ( 'NONE', #2529 ) ;
#79 = PLANE ( 'NONE',  #715 ) ;
#80 = CARTESIAN_POINT ( 'NONE',  ( -27.00000000000000000, 5.599999999999992539, 0.000000000000000000 ) ) ;
#81 = ORIENTED_EDGE ( 'NONE', *, *, #537, .F. ) ;
#82 = CARTESIAN_POINT ( 'NONE',  ( 11.75755430181508920, 2.599999999999998312, 27.16468142349306802 ) ) ;
#83 = DIRECTION ( 'NONE',  ( 1.000000000000000000, 1.397133453249159513E-16, 0.000000000000000000 ) ) ;
#84 = EDGE_CURVE ( 'NONE', #626, #2771, #397, .T. ) ;
#85 = EDGE_LOOP ( 'NONE', ( #2927, #3162, #267, #850 ) ) ;
#86 = DIRECTION ( 'NONE',  ( 1.000000000000000000, 0.000000000000000000, 0.000000000000000000 ) ) ;
#87 = ORIENTED_EDGE ( 'NONE', *, *, #2970, .F. ) ;
#88 = EDGE_CURVE ( 'NONE', #403, #1104, #1567, .T. ) ;
#89 = ORIENTED_EDGE ( 'NONE', *, *, #760, .F. ) ;
#90 = CARTESIAN_POINT ( 'NONE',  ( 27.00000000000000000, 5.599999999999999645, 0.000000000000000000 ) ) ;
#91 = FACE_OUTER_BOUND ( 'NONE', #175, .T. ) ;
#92 = VECTOR ( 'NONE', #1924, 1000.000000000000227 ) ;
#93 = EDGE_CURVE ( 'NONE', #1902, #2837, #447, .T. ) ;
#94 = ORIENTED_EDGE ( 'NONE', *, *, #1473, .T. ) ;
#95 = DIRECTION ( 'NONE',  ( -1.000000000000000000, -1.397133453249159513E-16, 0.000000000000000000 ) ) ;
#96 = AXIS2_PLACEMENT_3D ( 'NONE', #2856, #2324, #2790 ) ;
#97 = DIRECTION ( 'NONE',  ( -1.397133453249159513E-16, 1.000000000000000000, -0.000000000000000000 ) ) ;
#98 = AXIS2_PLACEMENT_3D ( 'NONE', #1934, #1134, #1394 ) ;
#99 = CIRCLE ( 'NONE', #1648, 2.999999999999998668 ) ;
#100 = ORIENTED_EDGE ( 'NONE', *, *, #2970, .T. ) ;
#101 = FACE_BOUND ( 'NONE', #1467, .T. ) ;
#102 = CARTESIAN_POINT ( 'NONE',  ( 11.75755430181508743, 14.13493525146762586, 27.16468142349306802 ) ) ;
#103 = AXIS2_PLACEMENT_3D ( 'NONE', #2673, #448, #1872 ) ;
#104 = ORIENTED_EDGE ( 'NONE', *, *, #1150, .F. ) ;
#105 = CONICAL_SURFACE ( 'NONE', #103, 0.3999999999999906408, 0.7853981633974520538 ) ;
#106 = VECTOR ( 'NONE', #1863, 1000.000000000000000 ) ;
#107 = DIRECTION ( 'NONE',  ( -0.6123724356957904735, -0.7071067811865504593, 0.3535533905932752297 ) ) ;
#108 = ORIENTED_EDGE ( 'NONE', *, *, #1542, .T. ) ;
#109 = ORIENTED_EDGE ( 'NONE', *, *, #2604, .F. ) ;
#110 = LINE ( 'NONE', #2096, #719 ) ;
#111 = ORIENTED_EDGE ( 'NONE', *, *, #747, .F. ) ;
#112 = DIRECTION ( 'NONE',  ( 1.000000000000000000, 1.465138070926356977E-16, 2.664535259100375303E-15 ) ) ;
#113 = DIRECTION ( 'NONE',  ( -1.000000000000000000, 0.000000000000000000, 0.000000000000000000 ) ) ;
#114 = ORIENTED_EDGE ( 'NONE', *, *, #2028, .T. ) ;
#115 = CARTESIAN_POINT ( 'NONE',  ( -29.40408134936372875, 5.599999999999992539, -3.399999999999990585 ) ) ;
#116 = CARTESIAN_POINT ( 'NONE',  ( -29.80143380003080722, 2.599999999999992095, -3.445945945945946498 ) ) ;
#117 = ORIENTED_EDGE ( 'NONE', *, *, #288, .T. ) ;
#118 = DIRECTION ( 'NONE',  ( 1.397133453249159513E-16, -1.000000000000000000, 0.000000000000000000 ) ) ;
#119 = EDGE_CURVE ( 'NONE', #1447, #1950, #41, .T. ) ;
#120 = EDGE_LOOP ( 'NONE', ( #3037, #2670, #1970, #2085 ) ) ;
#121 = DIRECTION ( 'NONE',  ( 0.4999999999999920064, 6.985667266245685397E-17, -0.8660254037844432595 ) ) ;
#122 = DIRECTION ( 'NONE',  ( -1.000000000000000000, 2.495101248257323063E-17, 0.000000000000000000 ) ) ;
#123 = EDGE_CURVE ( 'NONE', #1281, #1877, #2938, .T. ) ;
#124 = EDGE_CURVE ( 'NONE', #232, #1027, #2011, .T. ) ;
#125 = VERTEX_POINT ( 'NONE', #2734 ) ;
#126 = LINE ( 'NONE', #1369, #663 ) ;
#127 = ADVANCED_FACE ( 'NONE', ( #2802 ), #2420, .F. ) ;
#128 = EDGE_LOOP ( 'NONE', ( #2037, #1472, #2108, #111 ) ) ;
#129 = CARTESIAN_POINT ( 'NONE',  ( 10.90192378864662714, 2.599999999999998312, -24.88268590217986898 ) ) ;
#130 = EDGE_CURVE ( 'NONE', #2837, #2239, #2007, .T. ) ;
#131 = DIRECTION ( 'NONE',  ( 3.469446951953615372E-15, 0.000000000000000000, -1.000000000000000000 ) ) ;
#132 = ORIENTED_EDGE ( 'NONE', *, *, #857, .F. ) ;
#133 = LINE ( 'NONE', #149, #1587 ) ;
#134 = ORIENTED_EDGE ( 'NONE', *, *, #800, .F. ) ;
#135 = DIRECTION ( 'NONE',  ( 1.000000000000000000, 1.445602896647339163E-16, 0.000000000000000000 ) ) ;
#136 = DIRECTION ( 'NONE',  ( -0.4999999999999919509, 9.480768514503235258E-17, 0.8660254037844432595 ) ) ;
#137 = AXIS2_PLACEMENT_3D ( 'NONE', #2576, #2333, #1088 ) ;
#138 = CARTESIAN_POINT ( 'NONE',  ( -17.64652704754907475, 5.599999999999994316, -23.76468142349312984 ) ) ;
#139 = AXIS2_PLACEMENT_3D ( 'NONE', #617, #1565, #2103 ) ;
#140 = DIRECTION ( 'NONE',  ( 0.5000000000000101030, 6.985667266245940544E-17, 0.8660254037844328234 ) ) ;
#141 = VERTEX_POINT ( 'NONE', #2783 ) ;
#142 = CONICAL_SURFACE ( 'NONE', #2999, 0.3999999999999906408, 0.7853981633974523868 ) ;
#143 = CARTESIAN_POINT ( 'NONE',  ( 11.91644017075853412, 14.13493525146762586, 27.53177171299973480 ) ) ;
#144 = ADVANCED_FACE ( 'NONE', ( #2772 ), #532, .F. ) ;
#145 = CIRCLE ( 'NONE', #2947, 0.3999999999999993006 ) ;
#147 = CONICAL_SURFACE ( 'NONE', #2484, 21.69999999999999929, 0.7853981633974504994 ) ;
#146 = DIRECTION ( 'NONE',  ( -1.000000000000000000, 0.000000000000000000, 0.000000000000000000 ) ) ;
#148 = VERTEX_POINT ( 'NONE', #2309 ) ;
#149 = CARTESIAN_POINT ( 'NONE',  ( 11.75755430181471439, 5.599999999999996980, -27.16468142349324566 ) ) ;
#150 = CIRCLE ( 'NONE', #776, 0.3999999999999993006 ) ;
#151 = CONICAL_SURFACE ( 'NONE', #198, 29.60000000000000853, 0.7853981633974526089 ) ;
#152 = VECTOR ( 'NONE', #1798, 1000.000000000000000 ) ;
#153 = VECTOR ( 'NONE', #587, 1000.000000000000000 ) ;
#154 = ORIENTED_EDGE ( 'NONE', *, *, #1814, .F. ) ;
#155 = CARTESIAN_POINT ( 'NONE',  ( -30.00000000000000000, 14.13493525146762053, 0.000000000000000000 ) ) ;
#156 = DIRECTION ( 'NONE',  ( 0.5000000000000039968, -9.480768514503060229E-17, 0.8660254037844363761 ) ) ;
#157 = VECTOR ( 'NONE', #966, 1000.000000000000114 ) ;
#158 = LINE ( 'NONE', #138, #2544 ) ;
#159 = PLANE ( 'NONE',  #3212 ) ;
#160 = VERTEX_POINT ( 'NONE', #43 ) ;
#161 = DIRECTION ( 'NONE',  ( 1.000000000000000000, 0.000000000000000000, 0.000000000000000000 ) ) ;
#162 = PLANE ( 'NONE',  #1967 ) ;
#163 = VERTEX_POINT ( 'NONE', #546 ) ;
#164 = PLANE ( 'NONE',  #2940 ) ;
#165 = EDGE_CURVE ( 'NONE', #731, #2111, #559, .T. ) ;
#166 = ORIENTED_EDGE ( 'NONE', *, *, #1113, .T. ) ;
#167 = CARTESIAN_POINT ( 'NONE',  ( 10.90192378864662714, 5.200000000000009948, -24.88268590217986898 ) ) ;
#168 = CARTESIAN_POINT ( 'NONE',  ( 13.50000000000027178, 2.599999999999998312, 23.38268590217968423 ) ) ;
#169 = EDGE_CURVE ( 'NONE', #810, #1851, #2580, .T. ) ;
#170 = LINE ( 'NONE', #686, #777 ) ;
#171 = DIRECTION ( 'NONE',  ( 1.000000000000000000, 1.445602896647339656E-16, 0.000000000000000000 ) ) ;
#172 = ORIENTED_EDGE ( 'NONE', *, *, #895, .T. ) ;
#173 = DIRECTION ( 'NONE',  ( 1.000000000000000000, 1.465138070926356977E-16, 0.000000000000000000 ) ) ;
#174 = LINE ( 'NONE', #1177, #1438 ) ;
#175 = EDGE_LOOP ( 'NONE', ( #2863, #1019, #2179, #2592 ) ) ;
#176 = DIRECTION ( 'NONE',  ( -1.000000000000000000, -2.551063935260020845E-16, 0.000000000000000000 ) ) ;
#177 = EDGE_CURVE ( 'NONE', #1331, #1611, #2256, .T. ) ;
#178 = EDGE_CURVE ( 'NONE', #716, #2599, #2756, .T. ) ;
#179 = ORIENTED_EDGE ( 'NONE', *, *, #2259, .F. ) ;
#180 = FACE_OUTER_BOUND ( 'NONE', #2622, .T. ) ;
#181 = PLANE ( 'NONE',  #2113 ) ;
#182 = CARTESIAN_POINT ( 'NONE',  ( 27.00000000000000000, 2.600000000000000089, -3.000000000000000000 ) ) ;
#183 = EDGE_CURVE ( 'NONE', #374, #3012, #1015, .T. ) ;
#184 = DIRECTION ( 'NONE',  ( 1.397133453249159759E-16, -1.000000000000000000, 4.930380657631323784E-32 ) ) ;
#185 = AXIS2_PLACEMENT_3D ( 'NONE', #3133, #1149, #1936 ) ;
#186 = EDGE_CURVE ( 'NONE', #1873, #1515, #1550, .T. ) ;
#187 = LINE ( 'NONE', #644, #1972 ) ;
#188 = EDGE_LOOP ( 'NONE', ( #2737, #2016, #66, #677 ) ) ;
#189 = DIRECTION ( 'NONE',  ( -1.397133453249159513E-16, 1.000000000000000000, -0.000000000000000000 ) ) ;
#190 = FACE_OUTER_BOUND ( 'NONE', #2252, .T. ) ;
#191 = CIRCLE ( 'NONE', #404, 0.4000000000000010214 ) ;
#192 = ORIENTED_EDGE ( 'NONE', *, *, #697, .F. ) ;
#193 = DIRECTION ( 'NONE',  ( 0.5000000000000039968, 6.985667266245864123E-17, 0.8660254037844363761 ) ) ;
#194 = AXIS2_PLACEMENT_3D ( 'NONE', #2969, #1719, #1462 ) ;
#195 = ORIENTED_EDGE ( 'NONE', *, *, #1820, .F. ) ;
#196 = DIRECTION ( 'NONE',  ( -0.6123724356957908066, 0.7071067811865464625, 0.3535533905932823906 ) ) ;
#197 = AXIS2_PLACEMENT_3D ( 'NONE', #692, #2635, #679 ) ;
#198 = AXIS2_PLACEMENT_3D ( 'NONE', #2643, #1882, #2615 ) ;
#199 = ORIENTED_EDGE ( 'NONE', *, *, #1410, .F. ) ;
#200 = DIRECTION ( 'NONE',  ( -0.4999999999999979461, -7.228014483236695816E-17, 0.8660254037844397068 ) ) ;
#201 = AXIS2_PLACEMENT_3D ( 'NONE', #3011, #7, #1510 ) ;
#202 = AXIS2_PLACEMENT_3D ( 'NONE', #628, #898, #3136 ) ;
#203 = AXIS2_PLACEMENT_3D ( 'NONE', #1586, #3073, #1348 ) ;
#204 = CARTESIAN_POINT ( 'NONE',  ( -29.40408134936372875, 5.200000000000004619, 3.400000000000000355 ) ) ;
#205 = CARTESIAN_POINT ( 'NONE',  ( 27.00000000000000000, -7.806255641895631925E-15, 0.000000000000000000 ) ) ;
#206 = DIRECTION ( 'NONE',  ( 0.5000000000000101030, 6.985667266245939311E-17, 0.8660254037844328234 ) ) ;
#207 = EDGE_CURVE ( 'NONE', #1493, #2497, #346, .T. ) ;
#208 = EDGE_LOOP ( 'NONE', ( #1310, #2120, #2962 ) ) ;
#209 = DIRECTION ( 'NONE',  ( 1.000000000000000000, 0.000000000000000000, 0.000000000000000000 ) ) ;
#210 = DIRECTION ( 'NONE',  ( -0.000000000000000000, 1.000000000000000000, 4.930380657631323784E-32 ) ) ;
#211 = DIRECTION ( 'NONE',  ( -1.397133453249159513E-16, 1.000000000000000000, -0.000000000000000000 ) ) ;
#212 = EDGE_LOOP ( 'NONE', ( #1005, #3071, #1706, #2521 ) ) ;
#213 = DIRECTION ( 'NONE',  ( 0.7071067811865505703, -0.7071067811865444641, 0.000000000000000000 ) ) ;
#214 = ORIENTED_EDGE ( 'NONE', *, *, #1410, .T. ) ;
#215 = DIRECTION ( 'NONE',  ( -1.397133453249159513E-16, 1.000000000000000000, -0.000000000000000000 ) ) ;
#216 = DIRECTION ( 'NONE',  ( -1.000000000000000000, -1.445602896647339656E-16, 0.000000000000000000 ) ) ;
#217 = FACE_OUTER_BOUND ( 'NONE', #630, .T. ) ;
#218 = ADVANCED_FACE ( 'NONE', ( #1362 ), #1845, .F. ) ;
#219 = FACE_OUTER_BOUND ( 'NONE', #545, .T. ) ;
#220 = EDGE_LOOP ( 'NONE', ( #1579, #269, #1600, #1297, #1049, #1434, #2613, #63, #2911, #2408, #244, #1722, #429, #2491, #2714, #1314 ) ) ;
#221 = EDGE_CURVE ( 'NONE', #323, #2403, #3076, .T. ) ;
#222 = DIRECTION ( 'NONE',  ( -1.397133453249159513E-16, 1.000000000000000000, -0.000000000000000000 ) ) ;
#223 = APPROVAL_DATE_TIME ( #1012, #1453 ) ;
#224 = ORIENTED_EDGE ( 'NONE', *, *, #1542, .F. ) ;
#225 = LINE ( 'NONE', #2146, #354 ) ;
#226 = ADVANCED_FACE ( 'NONE', ( #851 ), #301, .F. ) ;
#227 = CARTESIAN_POINT ( 'NONE',  ( -16.44448637286721038, 5.599999999999994316, -21.68268590217976666 ) ) ;
#228 = ADVANCED_FACE ( 'NONE', ( #1577 ), #2362, .F. ) ;
#229 = ORIENTED_EDGE ( 'NONE', *, *, #2604, .T. ) ;
#230 = CARTESIAN_POINT ( 'NONE',  ( -11.75755430181452610, 5.599999999999994316, 27.16468142349330961 ) ) ;
#231 = CC_DESIGN_PERSON_AND_ORGANIZATION_ASSIGNMENT ( #1982, #2694, ( #1617 ) ) ;
#232 = VERTEX_POINT ( 'NONE', #1591 ) ;
#233 = FACE_OUTER_BOUND ( 'NONE', #455, .T. ) ;
#234 = ORIENTED_EDGE ( 'NONE', *, *, #2569, .T. ) ;
#235 = CARTESIAN_POINT ( 'NONE',  ( 13.49999999999994671, 5.599999999999997868, -19.98268590217988105 ) ) ;
#236 = PRODUCT ( 'InRunnerUpperPlate', 'InRunnerUpperPlate', '', ( #2246 ) ) ;
#237 = DIRECTION ( 'NONE',  ( 0.7071067811865513475, -0.7071067811865436870, 0.000000000000000000 ) ) ;
#238 = CYLINDRICAL_SURFACE ( 'NONE', #924, 3.000000000000000888 ) ;
#239 = CARTESIAN_POINT ( 'NONE',  ( -29.40408134936372875, 5.200000000000004619, 3.000000000000000000 ) ) ;
#240 = ORIENTED_EDGE ( 'NONE', *, *, #1017, .T. ) ;
#241 = DIRECTION ( 'NONE',  ( -1.000000000000000000, 0.000000000000000000, -0.000000000000000000 ) ) ;
#242 = DIRECTION ( 'NONE',  ( -0.4999999999999979461, -2.345210304699469480E-16, 0.8660254037844397068 ) ) ;
#243 = FACE_BOUND ( 'NONE', #1677, .T. ) ;
#244 = ORIENTED_EDGE ( 'NONE', *, *, #994, .T. ) ;
#245 = EDGE_LOOP ( 'NONE', ( #2445, #3195, #2531, #3118 ) ) ;
#246 = EDGE_CURVE ( 'NONE', #664, #1303, #1957, .T. ) ;
#247 = AXIS2_PLACEMENT_3D ( 'NONE', #365, #2593, #1350 ) ;
#248 = DIRECTION ( 'NONE',  ( -1.000000000000000000, -1.397133453249159513E-16, 0.000000000000000000 ) ) ;
#249 = CIRCLE ( 'NONE', #1168, 29.99999999999999645 ) ;
#250 = ORIENTED_EDGE ( 'NONE', *, *, #980, .T. ) ;
#251 = DIRECTION ( 'NONE',  ( 1.000000000000000000, 1.465138070926356977E-16, 0.000000000000000000 ) ) ;
#252 = EDGE_CURVE ( 'NONE', #645, #3048, #133, .T. ) ;
#253 = ORIENTED_EDGE ( 'NONE', *, *, #2726, .F. ) ;
#254 = DIRECTION ( 'NONE',  ( -1.000000000000000000, -2.551063935260020845E-16, 0.000000000000000000 ) ) ;
#255 = AXIS2_PLACEMENT_3D ( 'NONE', #1014, #2508, #1790 ) ;
#256 = CIRCLE ( 'NONE', #1975, 2.999999999999999112 ) ;
#257 = CARTESIAN_POINT ( 'NONE',  ( 10.90192378864662714, 5.200000000000009948, -24.88268590217986898 ) ) ;
#258 = CONICAL_SURFACE ( 'NONE', #2900, 2.999999999999999112, 0.7853981633974418397 ) ;
#259 = CIRCLE ( 'NONE', #1768, 30.00000000000000000 ) ;
#260 = CYLINDRICAL_SURFACE ( 'NONE', #517, 1.699999999999993072 ) ;
#261 = AXIS2_PLACEMENT_3D ( 'NONE', #2760, #2046, #1075 ) ;
#262 = EDGE_LOOP ( 'NONE', ( #3058, #824, #1059, #1686 ) ) ;
#263 = DIRECTION ( 'NONE',  ( 1.397133453249159513E-16, -1.000000000000000000, 0.000000000000000000 ) ) ;
#264 = LINE ( 'NONE', #2249, #1444 ) ;
#265 = LINE ( 'NONE', #2959, #977 ) ;
#266 = EDGE_LOOP ( 'NONE', ( #2618, #2443, #1458 ) ) ;
#267 = ORIENTED_EDGE ( 'NONE', *, *, #598, .F. ) ;
#268 = CYLINDRICAL_SURFACE ( 'NONE', #3198, 0.4000000000000010214 ) ;
#269 = ORIENTED_EDGE ( 'NONE', *, *, #564, .T. ) ;
#270 = DIRECTION ( 'NONE',  ( 0.000000000000000000, 0.000000000000000000, 1.000000000000000000 ) ) ;
#271 = DIRECTION ( 'NONE',  ( -1.397133453249159759E-16, 1.000000000000000000, -4.930380657631323784E-32 ) ) ;
#272 = CARTESIAN_POINT ( 'NONE',  ( 1.192444356114094955E-15, 5.599999999999995204, 0.000000000000000000 ) ) ;
#273 = EDGE_CURVE ( 'NONE', #1497, #1829, #2118, .T. ) ;
#274 = LINE ( 'NONE', #1256, #1652 ) ;
#275 = FACE_OUTER_BOUND ( 'NONE', #1405, .T. ) ;
#276 = APPROVAL_DATE_TIME ( #2506, #1378 ) ;
#277 = VERTEX_POINT ( 'NONE', #3122 ) ;
#278 = CARTESIAN_POINT ( 'NONE',  ( -12.10396446332829967, 5.200000000000006395, 26.96468142349331387 ) ) ;
#279 = CARTESIAN_POINT ( 'NONE',  ( 27.00000000000000000, 5.599999999999999645, 0.000000000000000000 ) ) ;
#280 = FACE_OUTER_BOUND ( 'NONE', #3063, .T. ) ;
#281 = ORIENTED_EDGE ( 'NONE', *, *, #902, .T. ) ;
#282 = ORIENTED_EDGE ( 'NONE', *, *, #1273, .F. ) ;
#283 = CARTESIAN_POINT ( 'NONE',  ( 17.30011688603512354, 5.200000000000011724, -23.96468142349324637 ) ) ;
#284 = ORIENTED_EDGE ( 'NONE', *, *, #68, .T. ) ;
#285 = DIRECTION ( 'NONE',  ( 0.000000000000000000, 0.000000000000000000, -1.000000000000000000 ) ) ;
#286 = ADVANCED_FACE ( 'NONE', ( #2612 ), #2836, .T. ) ;
#287 = CARTESIAN_POINT ( 'NONE',  ( -17.64652704754873724, 5.200000000000006395, 23.76468142349336432 ) ) ;
#288 = EDGE_CURVE ( 'NONE', #1781, #1445, #605, .T. ) ;
#289 = ORIENTED_EDGE ( 'NONE', *, *, #2630, .T. ) ;
#290 = EDGE_CURVE ( 'NONE', #2816, #78, #2121, .T. ) ;
#291 = DIRECTION ( 'NONE',  ( -1.397133453249159513E-16, 1.000000000000000000, -0.000000000000000000 ) ) ;
#292 = PERSON_AND_ORGANIZATION_ROLE ( 'classification_officer' ) ;
#293 = EDGE_LOOP ( 'NONE', ( #585, #3171, #316, #3121, #3020, #2578, #1755, #707 ) ) ;
#294 = DIRECTION ( 'NONE',  ( 1.000000000000000000, 0.000000000000000000, 0.000000000000000000 ) ) ;
#295 = EDGE_CURVE ( 'NONE', #2539, #1877, #3104, .T. ) ;
#296 = CYLINDRICAL_SURFACE ( 'NONE', #2231, 1.699999999999993072 ) ;
#297 = CARTESIAN_POINT ( 'NONE',  ( -29.40408134936372875, 5.200000000000004619, -3.000000000000000000 ) ) ;
#298 = ORIENTED_EDGE ( 'NONE', *, *, #1235, .F. ) ;
#299 = ORIENTED_EDGE ( 'NONE', *, *, #2832, .F. ) ;
#300 = DIRECTION ( 'NONE',  ( 1.397133453249159513E-16, -1.000000000000000000, 0.000000000000000000 ) ) ;
#301 = CONICAL_SURFACE ( 'NONE', #2163, 2.999999999999999112, 0.7853981633974418397 ) ;
#302 = ORIENTED_EDGE ( 'NONE', *, *, #1593, .F. ) ;
#303 = CARTESIAN_POINT ( 'NONE',  ( 21.69999999999999929, 5.599999999999998757, -3.399999999999990585 ) ) ;
#304 = CIRCLE ( 'NONE', #2374, 0.4000000000000010214 ) ;
#305 = AXIS2_PLACEMENT_3D ( 'NONE', #1278, #2763, #1525 ) ;
#306 = DIRECTION ( 'NONE',  ( 0.000000000000000000, 0.000000000000000000, 1.000000000000000000 ) ) ;
#307 = AXIS2_PLACEMENT_3D ( 'NONE', #2821, #339, #594 ) ;
#308 = VERTEX_POINT ( 'NONE', #393 ) ;
#309 = VECTOR ( 'NONE', #1319, 1000.000000000000000 ) ;
#310 = VECTOR ( 'NONE', #417, 1000.000000000000000 ) ;
#311 = DIRECTION ( 'NONE',  ( 0.000000000000000000, 0.000000000000000000, -1.000000000000000000 ) ) ;
#312 = CARTESIAN_POINT ( 'NONE',  ( 29.40408134936372875, 5.200000000000013500, 3.400000000000000355 ) ) ;
#313 = CIRCLE ( 'NONE', #201, 22.09999999999999787 ) ;
#314 = EDGE_CURVE ( 'NONE', #141, #2312, #3085, .T. ) ;
#315 = VECTOR ( 'NONE', #1595, 1000.000000000000000 ) ;
#316 = ORIENTED_EDGE ( 'NONE', *, *, #804, .T. ) ;
#317 = DIRECTION ( 'NONE',  ( -1.397133453249159513E-16, 1.000000000000000000, -0.000000000000000000 ) ) ;
#318 = CIRCLE ( 'NONE', #2132, 0.3999999999999993006 ) ;
#319 = VERTEX_POINT ( 'NONE', #2637 ) ;
#320 = DIRECTION ( 'NONE',  ( 0.000000000000000000, -0.7071067811865360264, 0.7071067811865591191 ) ) ;
#321 = VERTEX_POINT ( 'NONE', #410 ) ;
#322 = DIRECTION ( 'NONE',  ( 1.000000000000000000, 2.551063935260005068E-16, 0.000000000000000000 ) ) ;
#323 = VERTEX_POINT ( 'NONE', #883 ) ;
#324 = CARTESIAN_POINT ( 'NONE',  ( -29.80408134936372733, 2.599999999999992983, 3.400000000000000355 ) ) ;
#325 = EDGE_CURVE ( 'NONE', #1672, #2239, #1116, .T. ) ;
#326 = CARTESIAN_POINT ( 'NONE',  ( 29.80143380003080722, 5.200000000000011724, 3.445945945945946054 ) ) ;
#327 = ORIENTED_EDGE ( 'NONE', *, *, #2530, .T. ) ;
#328 = DIRECTION ( 'NONE',  ( 1.397133453249160499E-16, -1.000000000000000000, -0.000000000000000000 ) ) ;
#329 = EDGE_CURVE ( 'NONE', #1955, #163, #2067, .T. ) ;
#330 = EDGE_CURVE ( 'NONE', #1331, #2460, #2736, .T. ) ;
#331 = ORIENTED_EDGE ( 'NONE', *, *, #2569, .F. ) ;
#332 = CARTESIAN_POINT ( 'NONE',  ( 12.10396446332848619, 5.200000000000009948, -26.96468142349323927 ) ) ;
#333 = DIRECTION ( 'NONE',  ( 1.397133453249160499E-16, -1.000000000000000000, -0.000000000000000000 ) ) ;
#334 = ORIENTED_EDGE ( 'NONE', *, *, #800, .T. ) ;
#335 = CC_DESIGN_DATE_AND_TIME_ASSIGNMENT ( #2262, #2279, ( #1617 ) ) ;
#336 = CARTESIAN_POINT ( 'NONE',  ( 12.10396446332886100, 5.200000000000009948, 26.96468142349306163 ) ) ;
#337 = CARTESIAN_POINT ( 'NONE',  ( -27.00000000000000000, 5.199999999999989519, 0.000000000000000000 ) ) ;
#338 = ORIENTED_EDGE ( 'NONE', *, *, #602, .T. ) ;
#339 = DIRECTION ( 'NONE',  ( 0.000000000000000000, 1.000000000000000000, 0.000000000000000000 ) ) ;
#340 = CARTESIAN_POINT ( 'NONE',  ( 2.480513627133158039, 5.599999999999996092, 11.09637563106131530 ) ) ;
#341 = ORIENTED_EDGE ( 'NONE', *, *, #2965, .T. ) ;
#342 = CARTESIAN_POINT ( 'NONE',  ( -16.09807621135311351, 2.599999999999993872, 21.88268590217998977 ) ) ;
#343 = DIRECTION ( 'NONE',  ( -1.000000000000000000, 0.000000000000000000, 0.000000000000000000 ) ) ;
#344 = ORIENTED_EDGE ( 'NONE', *, *, #329, .T. ) ;
#345 = DIRECTION ( 'NONE',  ( -1.000000000000000000, -2.551063935260020845E-16, 0.000000000000000000 ) ) ;
#346 = CIRCLE ( 'NONE', #1484, 1.699999999999996625 ) ;
#347 = ORIENTED_EDGE ( 'NONE', *, *, #588, .F. ) ;
#348 = DIRECTION ( 'NONE',  ( 1.000000000000000000, 2.551063935260018380E-16, 0.000000000000000000 ) ) ;
#349 = AXIS2_PLACEMENT_3D ( 'NONE', #2253, #752, #2825 ) ;
#350 = CC_DESIGN_PERSON_AND_ORGANIZATION_ASSIGNMENT ( #1485, #2761, ( #1870 ) ) ;
#351 = AXIS2_PLACEMENT_3D ( 'NONE', #1494, #2730, #2768 ) ;
#352 = ORIENTED_EDGE ( 'NONE', *, *, #2352, .F. ) ;
#353 = LINE ( 'NONE', #3069, #974 ) ;
#354 = VECTOR ( 'NONE', #2934, 1000.000000000000000 ) ;
#355 = LINE ( 'NONE', #2523, #2026 ) ;
#356 = AXIS2_PLACEMENT_3D ( 'NONE', #636, #391, #2392 ) ;
#357 = VECTOR ( 'NONE', #237, 1000.000000000000000 ) ;
#358 = ORIENTED_EDGE ( 'NONE', *, *, #1852, .T. ) ;
#359 = DIRECTION ( 'NONE',  ( 1.397133453249159513E-16, -1.000000000000000000, 0.000000000000000000 ) ) ;
#360 = CARTESIAN_POINT ( 'NONE',  ( -27.00000000000000000, 5.200000000000004619, -3.000000000000000000 ) ) ;
#361 = VECTOR ( 'NONE', #2063, 1000.000000000000000 ) ;
#362 = ADVANCED_FACE ( 'NONE', ( #1830 ), #590, .F. ) ;
#363 = ORIENTED_EDGE ( 'NONE', *, *, #3015, .F. ) ;
#364 = AXIS2_PLACEMENT_3D ( 'NONE', #1010, #1840, #1100 ) ;
#365 = CARTESIAN_POINT ( 'NONE',  ( 11.75755430181471084, 2.599999999999998312, -27.16468142349323500 ) ) ;
#366 = EDGE_CURVE ( 'NONE', #680, #3200, #2093, .T. ) ;
#367 = ORIENTED_EDGE ( 'NONE', *, *, #899, .F. ) ;
#368 = CARTESIAN_POINT ( 'NONE',  ( -29.80143380003080722, 5.200000000000003730, 3.445945945945946054 ) ) ;
#369 = CARTESIAN_POINT ( 'NONE',  ( 17.88499362927286995, 5.200000000000010836, 24.08582576705371281 ) ) ;
#370 = EDGE_CURVE ( 'NONE', #9, #489, #764, .T. ) ;
#371 = EDGE_CURVE ( 'NONE', #534, #1239, #2371, .T. ) ;
#372 = ORIENTED_EDGE ( 'NONE', *, *, #2054, .F. ) ;
#373 = DIRECTION ( 'NONE',  ( 1.397133453249159513E-16, -1.000000000000000000, 0.000000000000000000 ) ) ;
#374 = VERTEX_POINT ( 'NONE', #2202 ) ;
#375 = LINE ( 'NONE', #1130, #655 ) ;
#376 = DIRECTION ( 'NONE',  ( 0.000000000000000000, -0.7071067811865444641, 0.7071067811865505703 ) ) ;
#377 = CARTESIAN_POINT ( 'NONE',  ( -16.09807621135311351, 5.200000000000007283, 21.88268590217998977 ) ) ;
#378 = ORIENTED_EDGE ( 'NONE', *, *, #1398, .T. ) ;
#379 = DIRECTION ( 'NONE',  ( 1.000000000000000000, 0.000000000000000000, 0.000000000000000000 ) ) ;
#380 = VERTEX_POINT ( 'NONE', #2910 ) ;
#381 = DIRECTION ( 'NONE',  ( 0.000000000000000000, 0.000000000000000000, 1.000000000000000000 ) ) ;
#382 = CARTESIAN_POINT ( 'NONE',  ( 17.88499362927287351, 14.13493525146762586, 24.08582576705371991 ) ) ;
#383 = EDGE_CURVE ( 'NONE', #13, #772, #912, .T. ) ;
#384 = FACE_OUTER_BOUND ( 'NONE', #999, .T. ) ;
#385 = DIRECTION ( 'NONE',  ( -0.000000000000000000, 0.000000000000000000, 1.000000000000000000 ) ) ;
#386 = CARTESIAN_POINT ( 'NONE',  ( -11.91644017075835116, 14.13493525146762231, -27.53177171299982362 ) ) ;
#387 = CARTESIAN_POINT ( 'NONE',  ( 17.64652704754923107, 2.599999999999998312, 23.76468142349299839 ) ) ;
#388 = ORIENTED_EDGE ( 'NONE', *, *, #457, .T. ) ;
#389 = CARTESIAN_POINT ( 'NONE',  ( 1.192444356114094955E-15, 5.599999999999996092, 0.000000000000000000 ) ) ;
#390 = CC_DESIGN_PERSON_AND_ORGANIZATION_ASSIGNMENT ( #998, #1450, ( #236 ) ) ;
#391 = DIRECTION ( 'NONE',  ( -1.397133453249159513E-16, 1.000000000000000000, -0.000000000000000000 ) ) ;
#392 = ORIENTED_EDGE ( 'NONE', *, *, #130, .T. ) ;
#393 = CARTESIAN_POINT ( 'NONE',  ( 17.30011688603545750, 5.200000000000010836, 23.96468142349300123 ) ) ;
#394 = VERTEX_POINT ( 'NONE', #1409 ) ;
#395 = DIRECTION ( 'NONE',  ( -1.397133453249159513E-16, 1.000000000000000000, -0.000000000000000000 ) ) ;
#396 = CARTESIAN_POINT ( 'NONE',  ( 12.10396446332848619, 2.599999999999998312, -26.96468142349323927 ) ) ;
#397 = CIRCLE ( 'NONE', #3043, 1.699999999999996625 ) ;
#398 = EDGE_CURVE ( 'NONE', #1948, #2254, #439, .T. ) ;
#399 = VECTOR ( 'NONE', #2458, 1000.000000000000114 ) ;
#400 = PLANE ( 'NONE',  #48 ) ;
#401 = CIRCLE ( 'NONE', #508, 0.3999999999999993006 ) ;
#402 = DIRECTION ( 'NONE',  ( -1.397133453249160499E-16, 1.000000000000000000, 0.000000000000000000 ) ) ;
#403 = VERTEX_POINT ( 'NONE', #428 ) ;
#404 = AXIS2_PLACEMENT_3D ( 'NONE', #1723, #1508, #2778 ) ;
#405 = DIRECTION ( 'NONE',  ( 1.000000000000000000, 1.397133453249159513E-16, 0.000000000000000000 ) ) ;
#406 = EDGE_CURVE ( 'NONE', #148, #2095, #2787, .T. ) ;
#408 = CIRCLE ( 'NONE', #1178, 1.699999999999993072 ) ;
#407 = LINE ( 'NONE', #425, #2289 ) ;
#409 = EDGE_LOOP ( 'NONE', ( #838, #1619, #761, #3079 ) ) ;
#410 = CARTESIAN_POINT ( 'NONE',  ( 29.40408134936372875, 2.600000000000000533, 3.000000000000000000 ) ) ;
#411 = VECTOR ( 'NONE', #2283, 1000.000000000000114 ) ;
#412 = CONICAL_SURFACE ( 'NONE', #2027, 0.3999999999999906408, 0.7853981633974523868 ) ;
#413 = AXIS2_PLACEMENT_3D ( 'NONE', #205, #2433, #1189 ) ;
#414 = AXIS2_PLACEMENT_3D ( 'NONE', #3110, #910, #1412 ) ;
#415 = ORIENTED_EDGE ( 'NONE', *, *, #2360, .F. ) ;
#416 = CYLINDRICAL_SURFACE ( 'NONE', #1661, 0.3999999999999993006 ) ;
#417 = DIRECTION ( 'NONE',  ( -1.397133453249160006E-16, 1.000000000000000000, -2.597140636571013149E-32 ) ) ;
#418 = APPROVAL_PERSON_ORGANIZATION ( #2971, #1453, #32 ) ;
#419 = VECTOR ( 'NONE', #2509, 999.9999999999998863 ) ;
#420 = DIRECTION ( 'NONE',  ( 0.000000000000000000, 0.000000000000000000, -1.000000000000000000 ) ) ;
#421 = FACE_OUTER_BOUND ( 'NONE', #3165, .T. ) ;
#422 = ORIENTED_EDGE ( 'NONE', *, *, #2530, .F. ) ;
#423 = LINE ( 'NONE', #690, #1961 ) ;
#424 = EDGE_CURVE ( 'NONE', #2665, #1784, #665, .T. ) ;
#425 = CARTESIAN_POINT ( 'NONE',  ( -16.09807621135342259, 2.599999999999993872, -21.88268590217977305 ) ) ;
#426 = ORIENTED_EDGE ( 'NONE', *, *, #1274, .T. ) ;
#427 = EDGE_CURVE ( 'NONE', #2837, #1902, #3045, .T. ) ;
#428 = CARTESIAN_POINT ( 'NONE',  ( 17.64652704754890777, 5.599999999999997868, -23.76468142349325419 ) ) ;
#429 = ORIENTED_EDGE ( 'NONE', *, *, #2360, .T. ) ;
#430 = DIRECTION ( 'NONE',  ( 1.397133453249159513E-16, -1.000000000000000000, 0.000000000000000000 ) ) ;
#431 = CARTESIAN_POINT ( 'NONE',  ( 2.480513627132859611, 5.599999999999996092, -11.09637563106112879 ) ) ;
#432 = EDGE_CURVE ( 'NONE', #716, #1445, #2395, .T. ) ;
#433 = CARTESIAN_POINT ( 'NONE',  ( 27.00000000000000000, 2.600000000000000089, -3.000000000000000000 ) ) ;
#434 = DIRECTION ( 'NONE',  ( -0.4999999999999980571, -6.985667266245770446E-17, 0.8660254037844398178 ) ) ;
#435 = ORIENTED_EDGE ( 'NONE', *, *, #693, .T. ) ;
#436 = DIRECTION ( 'NONE',  ( 1.397133453249159513E-16, -1.000000000000000000, 0.000000000000000000 ) ) ;
#437 = DIRECTION ( 'NONE',  ( -0.6123724356958002435, -0.7071067811865420216, -0.3535533905932748411 ) ) ;
#438 = ORIENTED_EDGE ( 'NONE', *, *, #657, .T. ) ;
#439 = LINE ( 'NONE', #681, #399 ) ;
#440 = ORIENTED_EDGE ( 'NONE', *, *, #2310, .F. ) ;
#441 = LINE ( 'NONE', #943, #3205 ) ;
#442 = VERTEX_POINT ( 'NONE', #2164 ) ;
#443 = DIRECTION ( 'NONE',  ( 1.397133453249159513E-16, -1.000000000000000000, 0.000000000000000000 ) ) ;
#444 = EDGE_CURVE ( 'NONE', #1163, #928, #2149, .T. ) ;
#445 = DIRECTION ( 'NONE',  ( -1.397133453249159513E-16, 1.000000000000000000, 0.000000000000000000 ) ) ;
#446 = DIRECTION ( 'NONE',  ( 1.397133453249160006E-16, -1.000000000000000000, -0.000000000000000000 ) ) ;
#447 = CIRCLE ( 'NONE', #2277, 1.700000000000000178 ) ;
#448 = DIRECTION ( 'NONE',  ( 1.397133453249159513E-16, -1.000000000000000000, 0.000000000000000000 ) ) ;
#449 = ORIENTED_EDGE ( 'NONE', *, *, #1464, .F. ) ;
#450 = DIRECTION ( 'NONE',  ( 1.000000000000000000, 0.000000000000000000, 0.000000000000000000 ) ) ;
#451 = DIRECTION ( 'NONE',  ( -1.397133453249159513E-16, 1.000000000000000000, -0.000000000000000000 ) ) ;
#452 = CARTESIAN_POINT ( 'NONE',  ( -27.00000000000000000, 5.200000000000004619, 3.000000000000000000 ) ) ;
#453 = APPLICATION_CONTEXT ( 'configuration controlled 3d designs of mechanical parts and assemblies' ) ;
#454 = AXIS2_PLACEMENT_3D ( 'NONE', #1436, #2438, #1900 ) ;
#455 = EDGE_LOOP ( 'NONE', ( #3180, #440, #1197, #471 ) ) ;
#456 = LINE ( 'NONE', #478, #92 ) ;
#457 = EDGE_CURVE ( 'NONE', #1192, #2895, #2407, .T. ) ;
#458 = CIRCLE ( 'NONE', #2023, 1.699999999999993072 ) ;
#459 = VERTEX_POINT ( 'NONE', #1421 ) ;
#460 = CYLINDRICAL_SURFACE ( 'NONE', #1559, 21.69999999999999929 ) ;
#461 = VECTOR ( 'NONE', #862, 1000.000000000000000 ) ;
#462 = AXIS2_PLACEMENT_3D ( 'NONE', #1568, #841, #1815 ) ;
#463 = DIRECTION ( 'NONE',  ( 0.5000000000000039968, 6.985667266245853030E-17, 0.8660254037844363761 ) ) ;
#464 = ADVANCED_FACE ( 'NONE', ( #696, #2421 ), #164, .T. ) ;
#465 = LINE ( 'NONE', #1770, #2696 ) ;
#466 = CIRCLE ( 'NONE', #1292, 0.4000000000000010214 ) ;
#467 = VECTOR ( 'NONE', #885, 1000.000000000000114 ) ;
#468 = ADVANCED_FACE ( 'NONE', ( #2666 ), #1161, .F. ) ;
#469 = DIRECTION ( 'NONE',  ( -1.397133453249159513E-16, 1.000000000000000000, -0.000000000000000000 ) ) ;
#470 = PLANE ( 'NONE',  #1916 ) ;
#471 = ORIENTED_EDGE ( 'NONE', *, *, #1820, .T. ) ;
#472 = CARTESIAN_POINT ( 'NONE',  ( -29.40408134936372875, 5.200000000000004619, 3.000000000000000000 ) ) ;
#473 = EDGE_CURVE ( 'NONE', #2636, #527, #456, .T. ) ;
#474 = CARTESIAN_POINT ( 'NONE',  ( 13.50000000000027178, 5.599999999999997868, 25.08268590217967997 ) ) ;
#475 = FACE_OUTER_BOUND ( 'NONE', #220, .T. ) ;
#476 = ORIENTED_EDGE ( 'NONE', *, *, #119, .F. ) ;
#477 = ORIENTED_EDGE ( 'NONE', *, *, #1949, .T. ) ;
#478 = CARTESIAN_POINT ( 'NONE',  ( 16.09807621135326272, 5.200000000000010836, -21.88268590217988319 ) ) ;
#479 = ORIENTED_EDGE ( 'NONE', *, *, #1305, .F. ) ;
#480 = DIRECTION ( 'NONE',  ( 1.397133453249159513E-16, -1.000000000000000000, 0.000000000000000000 ) ) ;
#481 = ORIENTED_EDGE ( 'NONE', *, *, #951, .T. ) ;
#482 = DIRECTION ( 'NONE',  ( 1.000000000000000000, 1.465138070926356977E-16, 0.000000000000000000 ) ) ;
#483 = DIRECTION ( 'NONE',  ( 1.000000000000000000, 1.465138070926356977E-16, 0.000000000000000000 ) ) ;
#484 = EDGE_CURVE ( 'NONE', #1623, #9, #1442, .T. ) ;
#485 = VERTEX_POINT ( 'NONE', #1198 ) ;
#486 = PLANE ( 'NONE',  #3096 ) ;
#487 = LINE ( 'NONE', #21, #2957 ) ;
#488 = CARTESIAN_POINT ( 'NONE',  ( -3.632546978447809556E-16, 2.599999999999996536, 1.409780719291456644E-31 ) ) ;
#489 = VERTEX_POINT ( 'NONE', #1951 ) ;
#490 = ORIENTED_EDGE ( 'NONE', *, *, #2219, .F. ) ;
#491 = DIRECTION ( 'NONE',  ( -1.397133453249159513E-16, 1.000000000000000000, 0.000000000000000000 ) ) ;
#492 = ORIENTED_EDGE ( 'NONE', *, *, #1190, .F. ) ;
#493 = DIRECTION ( 'NONE',  ( -1.000000000000000000, 0.000000000000000000, 0.000000000000000000 ) ) ;
#494 = ORIENTED_EDGE ( 'NONE', *, *, #688, .F. ) ;
#495 = DIRECTION ( 'NONE',  ( 1.397133453249159513E-16, -1.000000000000000000, 0.000000000000000000 ) ) ;
#496 = DIRECTION ( 'NONE',  ( 0.000000000000000000, 0.000000000000000000, 1.000000000000000000 ) ) ;
#497 = EDGE_CURVE ( 'NONE', #1447, #1781, #714, .T. ) ;
#498 = CARTESIAN_POINT ( 'NONE',  ( -13.50000000000011191, 5.599999999999994316, -23.38268590217978726 ) ) ;
#499 = ORIENTED_EDGE ( 'NONE', *, *, #165, .T. ) ;
#500 = DIRECTION ( 'NONE',  ( 1.397133453249159513E-16, -1.000000000000000000, 0.000000000000000000 ) ) ;
#501 = LINE ( 'NONE', #1947, #2854 ) ;
#502 = LINE ( 'NONE', #1986, #2797 ) ;
#503 = VERTEX_POINT ( 'NONE', #1457 ) ;
#504 = VERTEX_POINT ( 'NONE', #230 ) ;
#505 = AXIS2_PLACEMENT_3D ( 'NONE', #3167, #1729, #176 ) ;
#506 = FACE_OUTER_BOUND ( 'NONE', #797, .T. ) ;
#507 = EDGE_CURVE ( 'NONE', #1529, #1528, #1283, .T. ) ;
#508 = AXIS2_PLACEMENT_3D ( 'NONE', #82, #1347, #891 ) ;
#509 = ADVANCED_FACE ( 'NONE', ( #769 ), #3014, .F. ) ;
#510 = EDGE_LOOP ( 'NONE', ( #1351, #358, #2874, #734 ) ) ;
#511 = DIRECTION ( 'NONE',  ( 0.000000000000000000, 1.000000000000000000, 0.000000000000000000 ) ) ;
#512 = CARTESIAN_POINT ( 'NONE',  ( 17.64652704754890777, 5.599999999999997868, -23.76468142349325419 ) ) ;
#513 = FACE_OUTER_BOUND ( 'NONE', #212, .T. ) ;
#514 = AXIS2_PLACEMENT_3D ( 'NONE', #2540, #1035, #2038 ) ;
#515 = CIRCLE ( 'NONE', #2174, 3.000000000000000000 ) ;
#516 = LINE ( 'NONE', #2010, #1238 ) ;
#517 = AXIS2_PLACEMENT_3D ( 'NONE', #1506, #2693, #2465 ) ;
#518 = AXIS2_PLACEMENT_3D ( 'NONE', #3126, #3154, #2154 ) ;
#519 = CARTESIAN_POINT ( 'NONE',  ( -27.00000000000000000, 2.599999999999992095, -3.000000000000000000 ) ) ;
#520 = DIRECTION ( 'NONE',  ( -1.000000000000000000, 0.000000000000000000, 0.000000000000000000 ) ) ;
#521 = ORIENTED_EDGE ( 'NONE', *, *, #1073, .F. ) ;
#522 = CARTESIAN_POINT ( 'NONE',  ( 1.192444356114094955E-15, 5.599999999999996092, 0.000000000000000000 ) ) ;
#523 = CARTESIAN_POINT ( 'NONE',  ( -13.49999999999978506, 5.200000000000007283, 23.38268590217996490 ) ) ;
#524 = CARTESIAN_POINT ( 'NONE',  ( 22.10000000000000142, -5.518677140334178534E-16, 0.000000000000000000 ) ) ;
#525 = VERTEX_POINT ( 'NONE', #2796 ) ;
#526 = ADVANCED_FACE ( 'NONE', ( #1284 ), #1329, .F. ) ;
#527 = VERTEX_POINT ( 'NONE', #283 ) ;
#528 = CARTESIAN_POINT ( 'NONE',  ( -13.49999999999978506, 2.599999999999993872, 21.68268590217997271 ) ) ;
#529 = EDGE_CURVE ( 'NONE', #1789, #987, #803, .T. ) ;
#530 = VERTEX_POINT ( 'NONE', #1006 ) ;
#531 = CARTESIAN_POINT ( 'NONE',  ( -22.10000000000000142, 4.799999999999993605, 0.000000000000000000 ) ) ;
#532 = CYLINDRICAL_SURFACE ( 'NONE', #1904, 1.699999999999993072 ) ;
#533 = DIRECTION ( 'NONE',  ( 1.397133453249160006E-16, -1.000000000000000000, 2.597140636571013149E-32 ) ) ;
#534 = VERTEX_POINT ( 'NONE', #528 ) ;
#535 = ORIENTED_EDGE ( 'NONE', *, *, #1520, .T. ) ;
#536 = CARTESIAN_POINT ( 'NONE',  ( -29.80143380003080722, 5.200000000000004619, -3.445945945945946054 ) ) ;
#537 = EDGE_CURVE ( 'NONE', #125, #2636, #2513, .T. ) ;
#538 = PERSON_AND_ORGANIZATION_ROLE ( 'design_supplier' ) ;
#539 = ORIENTED_EDGE ( 'NONE', *, *, #1694, .F. ) ;
#540 = LINE ( 'NONE', #2956, #3050 ) ;
#541 = CARTESIAN_POINT ( 'NONE',  ( 30.00000000000000000, 7.219534077938637081E-16, 3.673940397442059178E-15 ) ) ;
#542 = ORIENTED_EDGE ( 'NONE', *, *, #507, .F. ) ;
#543 = ORIENTED_EDGE ( 'NONE', *, *, #1711, .T. ) ;
#544 = CARTESIAN_POINT ( 'NONE',  ( 1.974839089933624578E-15, -3.469446951953614189E-15, 0.000000000000000000 ) ) ;
#545 = EDGE_LOOP ( 'NONE', ( #2214, #2724, #2501 ) ) ;
#546 = CARTESIAN_POINT ( 'NONE',  ( 29.80408134936371667, 5.200000000000013500, -3.400000000000000355 ) ) ;
#547 = DIRECTION ( 'NONE',  ( -1.397133453249159513E-16, 1.000000000000000000, -0.000000000000000000 ) ) ;
#548 = LINE ( 'NONE', #1537, #152 ) ;
#549 = DATE_AND_TIME ( #1336, #2439 ) ;
#550 = EDGE_LOOP ( 'NONE', ( #2228, #298, #2922, #1892 ) ) ;
#551 = DIRECTION ( 'NONE',  ( -1.397133453249159513E-16, 1.000000000000000000, -0.000000000000000000 ) ) ;
#552 = DIRECTION ( 'NONE',  ( 1.000000000000000000, 0.000000000000000000, 0.000000000000000000 ) ) ;
#553 = ORIENTED_EDGE ( 'NONE', *, *, #1610, .T. ) ;
#554 = ORIENTED_EDGE ( 'NONE', *, *, #2965, .F. ) ;
#555 = CARTESIAN_POINT ( 'NONE',  ( 13.49999999999994671, 5.599999999999997868, -23.38268590217987608 ) ) ;
#556 = VECTOR ( 'NONE', #491, 1000.000000000000000 ) ;
#557 = ORIENTED_EDGE ( 'NONE', *, *, #1788, .T. ) ;
#558 = LINE ( 'NONE', #2058, #2295 ) ;
#559 = LINE ( 'NONE', #1747, #3196 ) ;
#560 = CIRCLE ( 'NONE', #305, 3.399999999999993250 ) ;
#561 = EDGE_CURVE ( 'NONE', #884, #2437, #304, .T. ) ;
#562 = CARTESIAN_POINT ( 'NONE',  ( -13.50000000000011191, 5.599999999999994316, -21.68268590217979153 ) ) ;
#563 = CIRCLE ( 'NONE', #2898, 30.00000000000000000 ) ;
#564 = EDGE_CURVE ( 'NONE', #2539, #1576, #965, .T. ) ;
#565 = ORIENTED_EDGE ( 'NONE', *, *, #2773, .T. ) ;
#566 = CONICAL_SURFACE ( 'NONE', #98, 29.60000000000000853, 0.7853981633974526089 ) ;
#567 = AXIS2_PLACEMENT_3D ( 'NONE', #592, #1316, #2353 ) ;
#568 = DIRECTION ( 'NONE',  ( -1.397133453249159513E-16, 1.000000000000000000, -0.000000000000000000 ) ) ;
#569 = EDGE_CURVE ( 'NONE', #321, #1281, #2738, .T. ) ;
#570 = DIRECTION ( 'NONE',  ( 0.000000000000000000, 0.000000000000000000, -1.000000000000000000 ) ) ;
#571 = VECTOR ( 'NONE', #1885, 1000.000000000000114 ) ;
#572 = CIRCLE ( 'NONE', #981, 0.3999999999999993006 ) ;
#573 = VERTEX_POINT ( 'NONE', #2270 ) ;
#574 = FACE_OUTER_BOUND ( 'NONE', #2235, .T. ) ;
#575 = VECTOR ( 'NONE', #691, 1000.000000000000114 ) ;
#576 = ORIENTED_EDGE ( 'NONE', *, *, #2320, .F. ) ;
#577 = CARTESIAN_POINT ( 'NONE',  ( -27.00000000000000000, 5.199999999999989519, 0.000000000000000000 ) ) ;
#578 = EDGE_LOOP ( 'NONE', ( #3166, #199, #282, #2462 ) ) ;
#579 = CARTESIAN_POINT ( 'NONE',  ( 29.80143380003080722, 14.13493525146762764, 3.445945945945946054 ) ) ;
#580 = DIRECTION ( 'NONE',  ( 0.000000000000000000, 1.000000000000000000, 0.000000000000000000 ) ) ;
#581 = ORIENTED_EDGE ( 'NONE', *, *, #2400, .F. ) ;
#582 = DIRECTION ( 'NONE',  ( -0.4999999999999979461, -6.985667266245765516E-17, 0.8660254037844397068 ) ) ;
#583 = EDGE_CURVE ( 'NONE', #1576, #2539, #249, .T. ) ;
#584 = DIRECTION ( 'NONE',  ( 0.000000000000000000, 1.000000000000000000, 0.000000000000000000 ) ) ;
#585 = ORIENTED_EDGE ( 'NONE', *, *, #1960, .T. ) ;
#586 = CARTESIAN_POINT ( 'NONE',  ( -29.40408134936372875, 14.13493525146762053, 3.400000000000000355 ) ) ;
#587 = DIRECTION ( 'NONE',  ( 1.000000000000000000, -2.495101248257323063E-17, 0.000000000000000000 ) ) ;
#588 = EDGE_CURVE ( 'NONE', #485, #2814, #2536, .T. ) ;
#589 = ORIENTED_EDGE ( 'NONE', *, *, #529, .F. ) ;
#590 = PLANE ( 'NONE',  #137 ) ;
#591 = VERTEX_POINT ( 'NONE', #2025 ) ;
#592 = CARTESIAN_POINT ( 'NONE',  ( 16.09807621135326272, 5.200000000000010836, -21.88268590217988319 ) ) ;
#593 = VERTEX_POINT ( 'NONE', #1782 ) ;
#594 = DIRECTION ( 'NONE',  ( 0.000000000000000000, 0.000000000000000000, 1.000000000000000000 ) ) ;
#595 = ADVANCED_FACE ( 'NONE', ( #24 ), #1989, .T. ) ;
#596 = DIRECTION ( 'NONE',  ( -1.397133453249159513E-16, 1.000000000000000000, -0.000000000000000000 ) ) ;
#597 = ORIENTED_EDGE ( 'NONE', *, *, #1325, .F. ) ;
#598 = EDGE_CURVE ( 'NONE', #141, #1529, #2839, .T. ) ;
#599 = CARTESIAN_POINT ( 'NONE',  ( -29.40408134936372875, 2.599999999999992983, 3.400000000000000355 ) ) ;
#600 = DIRECTION ( 'NONE',  ( 0.000000000000000000, 1.000000000000000000, 0.000000000000000000 ) ) ;
#601 = EDGE_LOOP ( 'NONE', ( #2877, #1983, #2355, #2148, #1832 ) ) ;
#602 = EDGE_CURVE ( 'NONE', #1829, #2159, #2788, .T. ) ;
#603 = DIRECTION ( 'NONE',  ( 0.4999999999999919509, -9.480768514503235258E-17, -0.8660254037844432595 ) ) ;
#604 = EDGE_CURVE ( 'NONE', #786, #745, #1428, .T. ) ;
#605 = CIRCLE ( 'NONE', #3144, 0.4000000000000010214 ) ;
#606 = ORIENTED_EDGE ( 'NONE', *, *, #1717, .T. ) ;
#607 = DIRECTION ( 'NONE',  ( 1.000000000000000000, 0.000000000000000000, 0.000000000000000000 ) ) ;
#608 = CARTESIAN_POINT ( 'NONE',  ( 21.69999999999999929, 5.199999999999999289, 0.000000000000000000 ) ) ;
#609 = AXIS2_PLACEMENT_3D ( 'NONE', #1042, #2305, #2041 ) ;
#610 = VECTOR ( 'NONE', #1999, 1000.000000000000000 ) ;
#611 = EDGE_LOOP ( 'NONE', ( #1792, #2268, #1114, #2414 ) ) ;
#612 = CARTESIAN_POINT ( 'NONE',  ( -17.88499362927270653, 5.200000000000006395, -24.08582576705383715 ) ) ;
#613 = AXIS2_PLACEMENT_3D ( 'NONE', #811, #702, #2430 ) ;
#614 = VECTOR ( 'NONE', #1658, 1000.000000000000114 ) ;
#615 = AXIS2_PLACEMENT_3D ( 'NONE', #2296, #1291, #1072 ) ;
#616 = ORIENTED_EDGE ( 'NONE', *, *, #1960, .F. ) ;
#617 = CARTESIAN_POINT ( 'NONE',  ( 0.000000000000000000, 14.13493525146762408, 0.000000000000000000 ) ) ;
#618 = CARTESIAN_POINT ( 'NONE',  ( -29.80143380003080722, 2.599999999999992095, 3.445945945945946498 ) ) ;
#619 = CIRCLE ( 'NONE', #2435, 1.699999999999993072 ) ;
#620 = AXIS2_PLACEMENT_3D ( 'NONE', #2351, #395, #3151 ) ;
#621 = ORIENTED_EDGE ( 'NONE', *, *, #473, .F. ) ;
#622 = LOCAL_TIME ( 21, 23, 50.00000000000000000, #1260 ) ;
#623 = AXIS2_PLACEMENT_3D ( 'NONE', #1994, #2500, #1748 ) ;
#624 = DIRECTION ( 'NONE',  ( 0.5000000000000039968, 0.000000000000000000, 0.8660254037844363761 ) ) ;
#625 = ADVANCED_FACE ( 'NONE', ( #2236 ), #268, .T. ) ;
#626 = VERTEX_POINT ( 'NONE', #3038 ) ;
#627 = PLANE ( 'NONE',  #2494 ) ;
#628 = CARTESIAN_POINT ( 'NONE',  ( -13.49999999999978506, -1.387778780781445676E-14, 23.38268590217996490 ) ) ;
#629 = EDGE_CURVE ( 'NONE', #489, #1623, #2978, .T. ) ;
#630 = EDGE_LOOP ( 'NONE', ( #2315, #2846, #1604, #1451 ) ) ;
#631 = CARTESIAN_POINT ( 'NONE',  ( 11.75755430181471084, 5.200000000000009948, -27.16468142349323500 ) ) ;
#632 = CARTESIAN_POINT ( 'NONE',  ( -13.50000000000011191, 2.599999999999993872, -23.38268590217978726 ) ) ;
#633 = ORIENTED_EDGE ( 'NONE', *, *, #697, .T. ) ;
#634 = CYLINDRICAL_SURFACE ( 'NONE', #139, 30.00000000000000000 ) ;
#635 = DIRECTION ( 'NONE',  ( -1.734723475976807686E-15, 0.000000000000000000, -1.000000000000000000 ) ) ;
#636 = CARTESIAN_POINT ( 'NONE',  ( 29.40408134936372875, 14.13493525146762764, -3.400000000000000355 ) ) ;
#637 = ORIENTED_EDGE ( 'NONE', *, *, #583, .F. ) ;
#638 = DIRECTION ( 'NONE',  ( 1.397133453249159513E-16, -1.000000000000000000, 0.000000000000000000 ) ) ;
#639 = ORIENTED_EDGE ( 'NONE', *, *, #1398, .F. ) ;
#640 = DIRECTION ( 'NONE',  ( 0.6123724356957936932, -0.7071067811865467956, -0.3535533905932769505 ) ) ;
#641 = DIRECTION ( 'NONE',  ( 1.397133453249159513E-16, -1.000000000000000000, 0.000000000000000000 ) ) ;
#642 = ADVANCED_FACE ( 'NONE', ( #506 ), #2170, .T. ) ;
#643 = DIRECTION ( 'NONE',  ( 1.397133453249160992E-16, -1.000000000000000000, 0.000000000000000000 ) ) ;
#644 = CARTESIAN_POINT ( 'NONE',  ( -13.49999999999978506, 5.599999999999994316, 21.68268590217997271 ) ) ;
#645 = VERTEX_POINT ( 'NONE', #1084 ) ;
#646 = CARTESIAN_POINT ( 'NONE',  ( 29.80143380003080722, 2.600000000000000533, -3.445945945945946498 ) ) ;
#647 = ORIENTED_EDGE ( 'NONE', *, *, #2265, .F. ) ;
#648 = DIRECTION ( 'NONE',  ( 0.5000000000000039968, 6.985667266245853030E-17, 0.8660254037844363761 ) ) ;
#649 = ORIENTED_EDGE ( 'NONE', *, *, #3114, .T. ) ;
#650 = CARTESIAN_POINT ( 'NONE',  ( -10.90192378864680300, 5.200000000000006395, -24.88268590217979792 ) ) ;
#651 = LINE ( 'NONE', #1665, #1128 ) ;
#652 = ADVANCED_FACE ( 'NONE', ( #2560, #101 ), #1839, .T. ) ;
#653 = AXIS2_PLACEMENT_3D ( 'NONE', #2680, #2702, #923 ) ;
#654 = FACE_BOUND ( 'NONE', #1208, .T. ) ;
#655 = VECTOR ( 'NONE', #1308, 1000.000000000000000 ) ;
#656 = DIRECTION ( 'NONE',  ( 1.000000000000000000, 1.445602896647339163E-16, 0.000000000000000000 ) ) ;
#657 = EDGE_CURVE ( 'NONE', #319, #1474, #401, .T. ) ;
#658 = DIRECTION ( 'NONE',  ( -1.397133453249160252E-16, 1.000000000000000000, 4.930380657631323784E-32 ) ) ;
#659 = EDGE_LOOP ( 'NONE', ( #3023, #1938, #2304, #2528 ) ) ;
#660 = CARTESIAN_POINT ( 'NONE',  ( -29.80408134936372733, 5.200000000000004619, 3.400000000000000355 ) ) ;
#661 = AXIS2_PLACEMENT_3D ( 'NONE', #754, #3184, #1253 ) ;
#663 = VECTOR ( 'NONE', #1602, 1000.000000000000000 ) ;
#662 = CARTESIAN_POINT ( 'NONE',  ( -17.64652704754873014, 5.599999999999994316, 23.76468142349336787 ) ) ;
#664 = VERTEX_POINT ( 'NONE', #2572 ) ;
#665 = LINE ( 'NONE', #3197, #2634 ) ;
#666 = ADVANCED_FACE ( 'NONE', ( #1853 ), #1887, .F. ) ;
#667 = AXIS2_PLACEMENT_3D ( 'NONE', #2050, #3036, #2793 ) ;
#668 = CIRCLE ( 'NONE', #2290, 1.699999999999996625 ) ;
#669 = CONICAL_SURFACE ( 'NONE', #2176, 3.000000000000000000, 0.7853981633974375098 ) ;
#670 = VECTOR ( 'NONE', #897, 1000.000000000000114 ) ;
#671 = ORIENTED_EDGE ( 'NONE', *, *, #3103, .F. ) ;
#672 = DIRECTION ( 'NONE',  ( -0.5000000000000039968, -6.985667266245853030E-17, -0.8660254037844363761 ) ) ;
#673 = CARTESIAN_POINT ( 'NONE',  ( 10.90192378864697353, 2.599999999999998312, 24.88268590217971621 ) ) ;
#674 = CONICAL_SURFACE ( 'NONE', #2553, 0.3999999999999906408, 0.7853981633974530530 ) ;
#675 = DIRECTION ( 'NONE',  ( 1.000000000000000000, 0.000000000000000000, 0.000000000000000000 ) ) ;
#676 = CARTESIAN_POINT ( 'NONE',  ( 13.50000000000027178, 5.599999999999997868, 23.38268590217968423 ) ) ;
#677 = ORIENTED_EDGE ( 'NONE', *, *, #2667, .F. ) ;
#678 = CARTESIAN_POINT ( 'NONE',  ( 10.90192378864697353, 2.599999999999998312, 24.88268590217971621 ) ) ;
#679 = DIRECTION ( 'NONE',  ( 0.5000000000000036637, 0.000000000000000000, 0.8660254037844364872 ) ) ;
#680 = VERTEX_POINT ( 'NONE', #1826 ) ;
#681 = CARTESIAN_POINT ( 'NONE',  ( -21.69999999999999929, 5.199999999999993960, 2.657483554149756738E-15 ) ) ;
#682 = EDGE_LOOP ( 'NONE', ( #958, #2682, #3090, #2137, #481, #1200, #606 ) ) ;
#683 = FACE_OUTER_BOUND ( 'NONE', #659, .T. ) ;
#684 = ORIENTED_EDGE ( 'NONE', *, *, #3098, .T. ) ;
#685 = DIRECTION ( 'NONE',  ( 0.6123724356958026860, 0.7071067811865410224, 0.3535533905932727872 ) ) ;
#686 = CARTESIAN_POINT ( 'NONE',  ( -11.75755430181490624, 5.599999999999994316, -27.16468142349314263 ) ) ;
#687 = DIRECTION ( 'NONE',  ( 1.000000000000000000, 0.000000000000000000, 0.000000000000000000 ) ) ;
#688 = EDGE_CURVE ( 'NONE', #277, #308, #2997, .T. ) ;
#689 = ORIENTED_EDGE ( 'NONE', *, *, #1311, .F. ) ;
#690 = CARTESIAN_POINT ( 'NONE',  ( 27.00000000000000000, 2.600000000000000089, 3.000000000000000000 ) ) ;
#691 = DIRECTION ( 'NONE',  ( -0.2808731884115666100, -0.7071067811865426878, -0.6489300825447433807 ) ) ;
#692 = CARTESIAN_POINT ( 'NONE',  ( -13.50000000000011191, 2.599999999999993872, -23.38268590217978726 ) ) ;
#693 = EDGE_CURVE ( 'NONE', #1771, #2716, #2278, .T. ) ;
#694 = ADVANCED_FACE ( 'NONE', ( #574 ), #634, .T. ) ;
#695 = ORIENTED_EDGE ( 'NONE', *, *, #2284, .F. ) ;
#696 = FACE_OUTER_BOUND ( 'NONE', #682, .T. ) ;
#697 = EDGE_CURVE ( 'NONE', #1899, #1163, #1488, .T. ) ;
#698 = ORIENTED_EDGE ( 'NONE', *, *, #1834, .F. ) ;
#699 = DIRECTION ( 'NONE',  ( 1.397133453249159513E-16, -1.000000000000000000, 0.000000000000000000 ) ) ;
#700 = CARTESIAN_POINT ( 'NONE',  ( 12.15755430181507890, 5.200000000000009948, 27.16468142349306802 ) ) ;
#701 = CARTESIAN_POINT ( 'NONE',  ( 1.248329694244059413E-15, 5.200000000000009948, 0.000000000000000000 ) ) ;
#702 = DIRECTION ( 'NONE',  ( 1.397133453249160252E-16, -1.000000000000000000, -4.930380657631323784E-32 ) ) ;
#703 = VECTOR ( 'NONE', #755, 1000.000000000000000 ) ;
#704 = DIRECTION ( 'NONE',  ( 1.397133453249159513E-16, -1.000000000000000000, 0.000000000000000000 ) ) ;
#705 = AXIS2_PLACEMENT_3D ( 'NONE', #2878, #1138, #624 ) ;
#706 = DIRECTION ( 'NONE',  ( 0.000000000000000000, 0.000000000000000000, 1.000000000000000000 ) ) ;
#707 = ORIENTED_EDGE ( 'NONE', *, *, #1735, .T. ) ;
#708 = LINE ( 'NONE', #1390, #770 ) ;
#709 = VECTOR ( 'NONE', #2811, 1000.000000000000114 ) ;
#710 = CARTESIAN_POINT ( 'NONE',  ( -10.90192378864645484, 2.599999999999993872, 24.88268590217994358 ) ) ;
#711 = LINE ( 'NONE', #733, #1387 ) ;
#712 = AXIS2_PLACEMENT_3D ( 'NONE', #1540, #1965, #2300 ) ;
#713 = VERTEX_POINT ( 'NONE', #2608 ) ;
#714 = LINE ( 'NONE', #972, #2681 ) ;
#715 = AXIS2_PLACEMENT_3D ( 'NONE', #2356, #827, #582 ) ;
#716 = VERTEX_POINT ( 'NONE', #115 ) ;
#717 = CARTESIAN_POINT ( 'NONE',  ( -27.00000000000000000, 2.599999999999992095, -3.000000000000000000 ) ) ;
#718 = VECTOR ( 'NONE', #211, 1000.000000000000000 ) ;
#719 = VECTOR ( 'NONE', #122, 1000.000000000000000 ) ;
#720 = LINE ( 'NONE', #1368, #1320 ) ;
#721 = CYLINDRICAL_SURFACE ( 'NONE', #623, 1.699999999999993072 ) ;
#722 = EDGE_CURVE ( 'NONE', #374, #1117, #375, .T. ) ;
#723 = AXIS2_PLACEMENT_3D ( 'NONE', #2469, #1227, #2232 ) ;
#724 = AXIS2_PLACEMENT_3D ( 'NONE', #1352, #1118, #121 ) ;
#725 = AXIS2_PLACEMENT_3D ( 'NONE', #3175, #2857, #520 ) ;
#726 = AXIS2_PLACEMENT_3D ( 'NONE', #2656, #215, #2425 ) ;
#727 = DIRECTION ( 'NONE',  ( 1.000000000000000000, 1.445602896647339163E-16, 0.000000000000000000 ) ) ;
#728 = ADVANCED_FACE ( 'NONE', ( #2316 ), #1322, .F. ) ;
#729 = CC_DESIGN_DATE_AND_TIME_ASSIGNMENT ( #2776, #2098, ( #2648 ) ) ;
#730 =( NAMED_UNIT ( * ) PLANE_ANGLE_UNIT ( ) SI_UNIT ( $, .RADIAN. ) );
#731 = VERTEX_POINT ( 'NONE', #129 ) ;
#732 = FACE_OUTER_BOUND ( 'NONE', #2507, .T. ) ;
#733 = CARTESIAN_POINT ( 'NONE',  ( -17.30011688603496012, 5.200000000000006395, 23.96468142349336361 ) ) ;
#734 = ORIENTED_EDGE ( 'NONE', *, *, #1859, .F. ) ;
#735 = EDGE_LOOP ( 'NONE', ( #1380, #1395, #415, #1687 ) ) ;
#736 = CARTESIAN_POINT ( 'NONE',  ( -27.00000000000000000, 2.599999999999992095, 3.000000000000000000 ) ) ;
#737 = ORIENTED_EDGE ( 'NONE', *, *, #747, .T. ) ;
#738 = CARTESIAN_POINT ( 'NONE',  ( -11.75755430181489736, 5.200000000000006395, -27.16468142349314618 ) ) ;
#739 = ORIENTED_EDGE ( 'NONE', *, *, #1017, .F. ) ;
#740 = EDGE_CURVE ( 'NONE', #308, #1265, #2135, .T. ) ;
#741 = CARTESIAN_POINT ( 'NONE',  ( 13.49999999999994671, 2.599999999999998312, -23.38268590217987608 ) ) ;
#742 = DIRECTION ( 'NONE',  ( -1.000000000000000000, -2.551063935260020845E-16, 0.000000000000000000 ) ) ;
#743 = DIRECTION ( 'NONE',  ( 0.000000000000000000, 0.000000000000000000, 1.000000000000000000 ) ) ;
#744 = ADVANCED_FACE ( 'NONE', ( #2071 ), #3055, .T. ) ;
#745 = VERTEX_POINT ( 'NONE', #2329 ) ;
#746 = CARTESIAN_POINT ( 'NONE',  ( 29.40408134936372875, 5.599999999999999645, -3.399999999999990585 ) ) ;
#747 = EDGE_CURVE ( 'NONE', #308, #2453, #2115, .T. ) ;
#748 = CARTESIAN_POINT ( 'NONE',  ( -13.49999999999978506, 5.599999999999994316, 25.08268590217996064 ) ) ;
#749 = CARTESIAN_POINT ( 'NONE',  ( 13.49999999999994671, 2.599999999999998312, -23.38268590217987608 ) ) ;
#750 = ORIENTED_EDGE ( 'NONE', *, *, #2872, .F. ) ;
#751 = ORIENTED_EDGE ( 'NONE', *, *, #561, .T. ) ;
#752 = DIRECTION ( 'NONE',  ( 1.397133453249160992E-16, -1.000000000000000000, 0.000000000000000000 ) ) ;
#753 = ORIENTED_EDGE ( 'NONE', *, *, #2317, .F. ) ;
#754 = CARTESIAN_POINT ( 'NONE',  ( 27.00000000000000000, 5.200000000000004619, 0.000000000000000000 ) ) ;
#755 = DIRECTION ( 'NONE',  ( 0.000000000000000000, -0.7071067811865444641, 0.7071067811865505703 ) ) ;
#756 = CYLINDRICAL_SURFACE ( 'NONE', #3108, 2.999999999999999112 ) ;
#757 = ORIENTED_EDGE ( 'NONE', *, *, #2372, .F. ) ;
#758 = CYLINDRICAL_SURFACE ( 'NONE', #3053, 22.10000000000000142 ) ;
#759 = ADVANCED_FACE ( 'NONE', ( #2619 ), #1225, .T. ) ;
#760 = EDGE_CURVE ( 'NONE', #323, #949, #1874, .T. ) ;
#761 = ORIENTED_EDGE ( 'NONE', *, *, #290, .F. ) ;
#762 = DIRECTION ( 'NONE',  ( -1.397133453249160006E-16, 1.000000000000000000, 0.000000000000000000 ) ) ;
#763 = EDGE_CURVE ( 'NONE', #1474, #489, #2370, .T. ) ;
#764 = CIRCLE ( 'NONE', #185, 0.3999999999999993006 ) ;
#765 = FACE_OUTER_BOUND ( 'NONE', #1953, .T. ) ;
#766 = FACE_BOUND ( 'NONE', #1095, .T. ) ;
#767 = EDGE_LOOP ( 'NONE', ( #863, #2274, #3024, #2357 ) ) ;
#768 = VECTOR ( 'NONE', #2184, 1000.000000000000000 ) ;
#769 = FACE_OUTER_BOUND ( 'NONE', #2840, .T. ) ;
#770 = VECTOR ( 'NONE', #2918, 1000.000000000000000 ) ;
#771 = EDGE_CURVE ( 'NONE', #2254, #3086, #2328, .T. ) ;
#772 = VERTEX_POINT ( 'NONE', #678 ) ;
#773 = CARTESIAN_POINT ( 'NONE',  ( 27.00000000000000000, -7.806255641895631925E-15, 0.000000000000000000 ) ) ;
#774 = DIRECTION ( 'NONE',  ( -1.397133453249159759E-16, 1.000000000000000000, -4.930380657631323784E-32 ) ) ;
#775 = VECTOR ( 'NONE', #2698, 1000.000000000000000 ) ;
#776 = AXIS2_PLACEMENT_3D ( 'NONE', #2871, #3116, #1631 ) ;
#777 = VECTOR ( 'NONE', #1884, 1000.000000000000000 ) ;
#778 = ORIENTED_EDGE ( 'NONE', *, *, #1169, .T. ) ;
#779 = DIRECTION ( 'NONE',  ( -1.397133453249159759E-16, 1.000000000000000000, 4.930380657631323784E-32 ) ) ;
#780 = VECTOR ( 'NONE', #434, 999.9999999999998863 ) ;
#781 = AXIS2_PLACEMENT_3D ( 'NONE', #2142, #2127, #1941 ) ;
#782 = ORIENTED_EDGE ( 'NONE', *, *, #763, .T. ) ;
#783 = DIRECTION ( 'NONE',  ( -1.397133453249160006E-16, 1.000000000000000000, 4.930380657631323784E-32 ) ) ;
#784 = DIRECTION ( 'NONE',  ( 0.5000000000000101030, 6.985667266245939311E-17, 0.8660254037844328234 ) ) ;
#785 = AXIS2_PLACEMENT_3D ( 'NONE', #701, #1218, #1448 ) ;
#786 = VERTEX_POINT ( 'NONE', #1654 ) ;
#787 = LINE ( 'NONE', #2264, #610 ) ;
#788 = DIRECTION ( 'NONE',  ( -0.000000000000000000, 1.000000000000000000, 4.930380657631323784E-32 ) ) ;
#789 = EDGE_LOOP ( 'NONE', ( #1363, #23, #347, #422 ) ) ;
#790 = EDGE_LOOP ( 'NONE', ( #597, #2348, #684, #805 ) ) ;
#791 = DIRECTION ( 'NONE',  ( -1.397133453249159513E-16, 1.000000000000000000, -0.000000000000000000 ) ) ;
#792 = EDGE_CURVE ( 'NONE', #2497, #1493, #2945, .T. ) ;
#793 = ORIENTED_EDGE ( 'NONE', *, *, #1092, .T. ) ;
#794 = EDGE_CURVE ( 'NONE', #1584, #319, #2651, .T. ) ;
#795 = CARTESIAN_POINT ( 'NONE',  ( -16.44448637286688353, 5.599999999999994316, 21.68268590218000114 ) ) ;
#796 = CARTESIAN_POINT ( 'NONE',  ( 10.50000000000027356, 2.599999999999997868, 23.38268590217968423 ) ) ;
#797 = EDGE_LOOP ( 'NONE', ( #1004, #521, #539, #1223 ) ) ;
#798 = DIRECTION ( 'NONE',  ( 1.000000000000000000, 1.465138070926356977E-16, -8.881784197001252323E-16 ) ) ;
#799 = CARTESIAN_POINT ( 'NONE',  ( 1.248329694244061385E-15, 5.199999999999996625, 0.000000000000000000 ) ) ;
#800 = EDGE_CURVE ( 'NONE', #2816, #884, #2590, .T. ) ;
#801 = EDGE_LOOP ( 'NONE', ( #2140, #1707 ) ) ;
#802 = ORIENTED_EDGE ( 'NONE', *, *, #3137, .F. ) ;
#803 = LINE ( 'NONE', #10, #1695 ) ;
#804 = EDGE_CURVE ( 'NONE', #1090, #321, #423, .T. ) ;
#805 = ORIENTED_EDGE ( 'NONE', *, *, #366, .F. ) ;
#806 = DIRECTION ( 'NONE',  ( -1.000000000000000000, 0.000000000000000000, 0.000000000000000000 ) ) ;
#807 = EDGE_CURVE ( 'NONE', #1212, #2585, #2686, .T. ) ;
#808 = DIRECTION ( 'NONE',  ( -1.000000000000000000, 0.000000000000000000, 0.000000000000000000 ) ) ;
#809 = EDGE_CURVE ( 'NONE', #876, #2460, #3177, .T. ) ;
#810 = VERTEX_POINT ( 'NONE', #2675 ) ;
#811 = CARTESIAN_POINT ( 'NONE',  ( -17.64652704754873724, 2.599999999999994760, 23.76468142349336432 ) ) ;
#812 = PLANE ( 'NONE',  #667 ) ;
#813 = ORIENTED_EDGE ( 'NONE', *, *, #2561, .F. ) ;
#814 = DIRECTION ( 'NONE',  ( -0.2808731884115701627, 0.7071067811865504593, -0.6489300825447333887 ) ) ;
#815 = AXIS2_PLACEMENT_3D ( 'NONE', #1903, #1674, #2893 ) ;
#816 = ORIENTED_EDGE ( 'NONE', *, *, #1477, .F. ) ;
#817 = DIRECTION ( 'NONE',  ( 0.6123724356957888082, -0.7071067811865530128, 0.3535533905932726761 ) ) ;
#818 = VECTOR ( 'NONE', #1573, 1000.000000000000000 ) ;
#819 = VECTOR ( 'NONE', #1452, 1000.000000000000000 ) ;
#820 = ADVANCED_FACE ( 'NONE', ( #1146 ), #142, .T. ) ;
#821 = DIRECTION ( 'NONE',  ( -1.000000000000000000, -2.551063935260020845E-16, 0.000000000000000000 ) ) ;
#822 = CIRCLE ( 'NONE', #919, 21.69999999999999929 ) ;
#823 = CIRCLE ( 'NONE', #194, 0.4000000000000010214 ) ;
#824 = ORIENTED_EDGE ( 'NONE', *, *, #457, .F. ) ;
#825 = AXIS2_PLACEMENT_3D ( 'NONE', #488, #22, #2456 ) ;
#826 = CIRCLE ( 'NONE', #52, 3.400000000000007017 ) ;
#827 = DIRECTION ( 'NONE',  ( -1.397133453249160006E-16, 1.000000000000000000, -6.162975822039155825E-32 ) ) ;
#828 = FACE_OUTER_BOUND ( 'NONE', #2624, .T. ) ;
#829 = AXIS2_PLACEMENT_3D ( 'NONE', #676, #1403, #1667 ) ;
#830 = CIRCLE ( 'NONE', #2550, 2.999999999999999112 ) ;
#831 = ORIENTED_EDGE ( 'NONE', *, *, #84, .T. ) ;
#832 = CARTESIAN_POINT ( 'NONE',  ( 17.64652704754923107, 5.200000000000011724, 23.76468142349299839 ) ) ;
#833 = LOCAL_TIME ( 21, 23, 50.00000000000000000, #948 ) ;
#834 = FACE_OUTER_BOUND ( 'NONE', #1044, .T. ) ;
#835 = CIRCLE ( 'NONE', #1551, 21.69999999999999929 ) ;
#836 = ORIENTED_EDGE ( 'NONE', *, *, #809, .F. ) ;
#837 = DIRECTION ( 'NONE',  ( 1.000000000000000000, 0.000000000000000000, 0.000000000000000000 ) ) ;
#838 = ORIENTED_EDGE ( 'NONE', *, *, #2019, .T. ) ;
#839 = EDGE_CURVE ( 'NONE', #971, #1955, #225, .T. ) ;
#840 = ORIENTED_EDGE ( 'NONE', *, *, #1094, .T. ) ;
#841 = DIRECTION ( 'NONE',  ( -1.397133453249159513E-16, 1.000000000000000000, -0.000000000000000000 ) ) ;
#842 = DIRECTION ( 'NONE',  ( -1.397133453249159513E-16, 1.000000000000000000, -0.000000000000000000 ) ) ;
#843 = ORIENTED_EDGE ( 'NONE', *, *, #325, .F. ) ;
#844 = CARTESIAN_POINT ( 'NONE',  ( 1.248329694244061385E-15, 5.199999999999996625, 0.000000000000000000 ) ) ;
#845 = EDGE_CURVE ( 'NONE', #971, #403, #2122, .T. ) ;
#846 = VERTEX_POINT ( 'NONE', #646 ) ;
#847 = DIRECTION ( 'NONE',  ( -0.4999999999999920064, 0.000000000000000000, 0.8660254037844432595 ) ) ;
#848 = CARTESIAN_POINT ( 'NONE',  ( 13.50000000000027178, -9.540979117872439019E-15, 25.08268590217968708 ) ) ;
#849 = CYLINDRICAL_SURFACE ( 'NONE', #1495, 2.999999999999999112 ) ;
#850 = ORIENTED_EDGE ( 'NONE', *, *, #314, .T. ) ;
#851 = FACE_OUTER_BOUND ( 'NONE', #2200, .T. ) ;
#852 = ORIENTED_EDGE ( 'NONE', *, *, #1113, .F. ) ;
#853 = CARTESIAN_POINT ( 'NONE',  ( 13.49999999999994671, 2.599999999999998312, -23.38268590217987608 ) ) ;
#854 = EDGE_LOOP ( 'NONE', ( #840, #1848, #1173, #2166, #543, #1041, #1512 ) ) ;
#855 = FACE_OUTER_BOUND ( 'NONE', #1357, .T. ) ;
#856 = EDGE_CURVE ( 'NONE', #3200, #1771, #964, .T. ) ;
#857 = EDGE_CURVE ( 'NONE', #3075, #1529, #3130, .T. ) ;
#858 = EDGE_LOOP ( 'NONE', ( #2906, #621, #2960, #1062 ) ) ;
#859 = DIRECTION ( 'NONE',  ( -1.397133453249160499E-16, 1.000000000000000000, 0.000000000000000000 ) ) ;
#860 = DIRECTION ( 'NONE',  ( -1.397133453249159759E-16, 1.000000000000000000, 4.930380657631323784E-32 ) ) ;
#861 = EDGE_CURVE ( 'NONE', #1955, #846, #1933, .T. ) ;
#862 = DIRECTION ( 'NONE',  ( -1.397133453249159513E-16, 1.000000000000000000, -0.000000000000000000 ) ) ;
#863 = ORIENTED_EDGE ( 'NONE', *, *, #183, .F. ) ;
#864 = CARTESIAN_POINT ( 'NONE',  ( -10.55551362713303831, 5.599999999999994316, -25.08268590217979366 ) ) ;
#865 = AXIS2_PLACEMENT_3D ( 'NONE', #1269, #2499, #1254 ) ;
#866 = EDGE_CURVE ( 'NONE', #1873, #971, #2211, .T. ) ;
#867 = ORIENTED_EDGE ( 'NONE', *, *, #1717, .F. ) ;
#868 = CARTESIAN_POINT ( 'NONE',  ( -30.00000000000000000, 2.599999999999992095, 0.000000000000000000 ) ) ;
#869 = DIRECTION ( 'NONE',  ( 9.879225390150630812E-17, -0.7071067811865504593, 0.7071067811865445751 ) ) ;
#870 = AXIS2_PLACEMENT_3D ( 'NONE', #342, #1358, #847 ) ;
#871 = AXIS2_PLACEMENT_3D ( 'NONE', #1683, #2662, #1193 ) ;
#872 = ORIENTED_EDGE ( 'NONE', *, *, #2297, .F. ) ;
#873 = FACE_OUTER_BOUND ( 'NONE', #2483, .T. ) ;
#874 = CONICAL_SURFACE ( 'NONE', #2798, 2.999999999999999112, 0.7853981633974460586 ) ;
#875 = VECTOR ( 'NONE', #2601, 1000.000000000000000 ) ;
#876 = VERTEX_POINT ( 'NONE', #905 ) ;
#877 = CARTESIAN_POINT ( 'NONE',  ( 29.40408134936372875, 5.200000000000013500, 3.400000000000000355 ) ) ;
#878 = CARTESIAN_POINT ( 'NONE',  ( 10.90192378864662714, 2.599999999999998312, -24.88268590217986898 ) ) ;
#879 = VECTOR ( 'NONE', #3186, 1000.000000000000000 ) ;
#880 = CARTESIAN_POINT ( 'NONE',  ( -17.64652704754905699, 5.599999999999994316, -23.76468142349312629 ) ) ;
#881 = ORIENTED_EDGE ( 'NONE', *, *, #598, .T. ) ;
#882 = VECTOR ( 'NONE', #1210, 1000.000000000000114 ) ;
#883 = CARTESIAN_POINT ( 'NONE',  ( -12.10396446332829967, 2.599999999999994316, 26.96468142349331387 ) ) ;
#884 = VERTEX_POINT ( 'NONE', #2404 ) ;
#885 = DIRECTION ( 'NONE',  ( 0.000000000000000000, 0.7071067811865360264, 0.7071067811865591191 ) ) ;
#886 = LINE ( 'NONE', #2867, #3209 ) ;
#887 = DIRECTION ( 'NONE',  ( -1.000000000000000000, -2.551063935260020845E-16, 0.000000000000000000 ) ) ;
#888 = CARTESIAN_POINT ( 'NONE',  ( -27.00000000000000000, 5.599999999999992539, -3.399999999999994138 ) ) ;
#889 = CYLINDRICAL_SURFACE ( 'NONE', #1503, 2.999999999999999112 ) ;
#890 = ORIENTED_EDGE ( 'NONE', *, *, #1578, .T. ) ;
#891 = DIRECTION ( 'NONE',  ( -1.000000000000000000, 0.000000000000000000, 0.000000000000000000 ) ) ;
#892 = DIRECTION ( 'NONE',  ( 0.000000000000000000, 1.000000000000000000, 0.000000000000000000 ) ) ;
#893 = ORIENTED_EDGE ( 'NONE', *, *, #497, .F. ) ;
#894 = DIRECTION ( 'NONE',  ( 0.000000000000000000, 0.000000000000000000, 1.000000000000000000 ) ) ;
#895 = EDGE_CURVE ( 'NONE', #163, #1784, #2377, .T. ) ;
#896 = VERTEX_POINT ( 'NONE', #935 ) ;
#897 = DIRECTION ( 'NONE',  ( 0.7024265309694627257, 0.7071067811865437980, -0.08122172486602151353 ) ) ;
#898 = DIRECTION ( 'NONE',  ( -0.000000000000000000, 1.000000000000000000, 4.930380657631323784E-32 ) ) ;
#899 = EDGE_CURVE ( 'NONE', #1607, #591, #708, .T. ) ;
#900 = EDGE_CURVE ( 'NONE', #489, #1607, #2586, .T. ) ;
#901 = LINE ( 'NONE', #3115, #1435 ) ;
#902 = EDGE_CURVE ( 'NONE', #2716, #72, #1702, .T. ) ;
#903 = DIRECTION ( 'NONE',  ( -1.000000000000000000, -2.551063935260020845E-16, 0.000000000000000000 ) ) ;
#904 = EDGE_LOOP ( 'NONE', ( #2917, #2263 ) ) ;
#905 = CARTESIAN_POINT ( 'NONE',  ( -17.88499362927237257, 2.599999999999993872, 24.08582576705408940 ) ) ;
#906 = LINE ( 'NONE', #2417, #2848 ) ;
#907 = ORIENTED_EDGE ( 'NONE', *, *, #1229, .T. ) ;
#908 = CARTESIAN_POINT ( 'NONE',  ( -29.40408134936372875, 2.599999999999991651, 3.000000000000000000 ) ) ;
#909 = ORIENTED_EDGE ( 'NONE', *, *, #130, .F. ) ;
#910 = DIRECTION ( 'NONE',  ( 1.397133453249159513E-16, -1.000000000000000000, 0.000000000000000000 ) ) ;
#911 = CARTESIAN_POINT ( 'NONE',  ( -16.09807621135342259, 5.200000000000006395, -21.88268590217977305 ) ) ;
#912 = CIRCLE ( 'NONE', #962, 2.999999999999999556 ) ;
#913 = CARTESIAN_POINT ( 'NONE',  ( 1.248329694244059807E-15, 5.200000000000006395, 0.000000000000000000 ) ) ;
#914 = AXIS2_PLACEMENT_3D ( 'NONE', #1806, #2546, #248 ) ;
#915 = DIRECTION ( 'NONE',  ( 1.000000000000000000, 0.000000000000000000, 0.000000000000000000 ) ) ;
#916 = EDGE_LOOP ( 'NONE', ( #100, #737, #1179, #589 ) ) ;
#917 = AXIS2_PLACEMENT_3D ( 'NONE', #2066, #1341, #1356 ) ;
#918 = DIRECTION ( 'NONE',  ( -0.000000000000000000, 1.000000000000000000, -0.000000000000000000 ) ) ;
#919 = AXIS2_PLACEMENT_3D ( 'NONE', #799, #596, #1562 ) ;
#921 = VECTOR ( 'NONE', #3207, 1000.000000000000227 ) ;
#920 = LINE ( 'NONE', #1636, #2383 ) ;
#922 = ORIENTED_EDGE ( 'NONE', *, *, #1464, .T. ) ;
#923 = DIRECTION ( 'NONE',  ( 0.000000000000000000, 0.000000000000000000, 1.000000000000000000 ) ) ;
#924 = AXIS2_PLACEMENT_3D ( 'NONE', #2722, #783, #2209 ) ;
#925 = CONICAL_SURFACE ( 'NONE', #2750, 0.3999999999999906408, 0.7853981633974523868 ) ;
#926 = LOCAL_TIME ( 21, 23, 50.00000000000000000, #1944 ) ;
#927 = AXIS2_PLACEMENT_3D ( 'NONE', #1626, #2614, #381 ) ;
#928 = VERTEX_POINT ( 'NONE', #660 ) ;
#929 = DIRECTION ( 'NONE',  ( 1.000000000000000000, 0.000000000000000000, 0.000000000000000000 ) ) ;
#930 = ORIENTED_EDGE ( 'NONE', *, *, #186, .T. ) ;
#931 = FACE_BOUND ( 'NONE', #1148, .T. ) ;
#932 = LINE ( 'NONE', #433, #1596 ) ;
#933 = CARTESIAN_POINT ( 'NONE',  ( 17.64652704754890067, 5.200000000000011724, -23.76468142349324708 ) ) ;
#934 = EDGE_LOOP ( 'NONE', ( #2318, #2275, #341, #1998 ) ) ;
#935 = CARTESIAN_POINT ( 'NONE',  ( -16.09807621135311351, 2.599999999999993872, 21.88268590217998977 ) ) ;
#936 = ADVANCED_FACE ( 'NONE', ( #732 ), #1487, .F. ) ;
#937 = CYLINDRICAL_SURFACE ( 'NONE', #2690, 0.3999999999999993006 ) ;
#938 = ORIENTED_EDGE ( 'NONE', *, *, #186, .F. ) ;
#939 = EDGE_CURVE ( 'NONE', #716, #2895, #787, .T. ) ;
#940 = ORIENTED_EDGE ( 'NONE', *, *, #124, .F. ) ;
#941 = DIRECTION ( 'NONE',  ( -0.7024265309694626147, -0.7071067811865437980, -0.08122172486602226293 ) ) ;
#942 = ORIENTED_EDGE ( 'NONE', *, *, #2872, .T. ) ;
#943 = CARTESIAN_POINT ( 'NONE',  ( 10.90192378864697353, 5.199999999999982414, 24.88268590217971621 ) ) ;
#944 = ORIENTED_EDGE ( 'NONE', *, *, #1229, .F. ) ;
#945 = FACE_OUTER_BOUND ( 'NONE', #2069, .T. ) ;
#946 = FACE_OUTER_BOUND ( 'NONE', #2886, .T. ) ;
#947 = CARTESIAN_POINT ( 'NONE',  ( -29.40408134936372875, 2.599999999999992095, -3.000000000000000000 ) ) ;
#948 = COORDINATED_UNIVERSAL_TIME_OFFSET ( 8, 0, .AHEAD. ) ;
#949 = VERTEX_POINT ( 'NONE', #278 ) ;
#950 = DIRECTION ( 'NONE',  ( -1.397133453249159513E-16, 1.000000000000000000, -0.000000000000000000 ) ) ;
#951 = EDGE_CURVE ( 'NONE', #3012, #2758, #1592, .T. ) ;
#952 = FACE_OUTER_BOUND ( 'NONE', #790, .T. ) ;
#953 = ORIENTED_EDGE ( 'NONE', *, *, #1427, .T. ) ;
#954 = EDGE_CURVE ( 'NONE', #2895, #1781, #191, .T. ) ;
#955 = CARTESIAN_POINT ( 'NONE',  ( -13.50000000000011191, 2.599999999999993872, -23.38268590217978726 ) ) ;
#956 = ORIENTED_EDGE ( 'NONE', *, *, #1299, .T. ) ;
#957 = CARTESIAN_POINT ( 'NONE',  ( 16.09807621135356825, 5.200000000000010836, 21.88268590217965581 ) ) ;
#958 = ORIENTED_EDGE ( 'NONE', *, *, #2769, .T. ) ;
#959 = CARTESIAN_POINT ( 'NONE',  ( 17.30011688603512354, 2.599999999999998312, -23.96468142349324637 ) ) ;
#960 = EDGE_CURVE ( 'NONE', #1497, #2636, #2248, .T. ) ;
#961 = CARTESIAN_POINT ( 'NONE',  ( -29.80408134936372733, 2.599999999999992983, -3.400000000000000355 ) ) ;
#962 = AXIS2_PLACEMENT_3D ( 'NONE', #2216, #3181, #1213 ) ;
#963 = ORIENTED_EDGE ( 'NONE', *, *, #1477, .T. ) ;
#964 = LINE ( 'NONE', #472, #1645 ) ;
#965 = CIRCLE ( 'NONE', #914, 29.99999999999999645 ) ;
#966 = DIRECTION ( 'NONE',  ( -0.6123724356958027970, 0.7071067811865451302, -0.3535533905932640719 ) ) ;
#967 = DIRECTION ( 'NONE',  ( -1.000000000000000000, -1.397133453249159513E-16, 0.000000000000000000 ) ) ;
#968 = ADVANCED_FACE ( 'NONE', ( #20 ), #486, .F. ) ;
#969 = VERTEX_POINT ( 'NONE', #2973 ) ;
#970 = AXIS2_PLACEMENT_3D ( 'NONE', #985, #1984, #798 ) ;
#971 = VERTEX_POINT ( 'NONE', #746 ) ;
#972 = CARTESIAN_POINT ( 'NONE',  ( -29.80408134936372733, 14.13493525146762053, -3.400000000000000355 ) ) ;
#973 = CONICAL_SURFACE ( 'NONE', #2440, 29.60000000000000853, 0.7853981633974526089 ) ;
#974 = VECTOR ( 'NONE', #1096, 1000.000000000000000 ) ;
#975 = ORIENTED_EDGE ( 'NONE', *, *, #1656, .T. ) ;
#976 = CARTESIAN_POINT ( 'NONE',  ( 13.50000000000027178, 2.599999999999998312, 21.68268590217969205 ) ) ;
#977 = VECTOR ( 'NONE', #2213, 1000.000000000000000 ) ;
#978 = LINE ( 'NONE', #2964, #1324 ) ;
#979 = DIRECTION ( 'NONE',  ( -1.000000000000000000, 0.000000000000000000, 0.000000000000000000 ) ) ;
#980 = EDGE_CURVE ( 'NONE', #645, #969, #2482, .T. ) ;
#981 = AXIS2_PLACEMENT_3D ( 'NONE', #2379, #430, #929 ) ;
#982 = AXIS2_PLACEMENT_3D ( 'NONE', #2926, #2669, #493 ) ;
#983 = FACE_OUTER_BOUND ( 'NONE', #1247, .T. ) ;
#984 = ORIENTED_EDGE ( 'NONE', *, *, #2189, .T. ) ;
#985 = CARTESIAN_POINT ( 'NONE',  ( 1.192444356114094955E-15, 5.599999999999996092, 0.000000000000000000 ) ) ;
#986 = DIRECTION ( 'NONE',  ( -1.000000000000000000, -1.199117610122216824E-16, 0.000000000000000000 ) ) ;
#987 = VERTEX_POINT ( 'NONE', #1000 ) ;
#988 = ORIENTED_EDGE ( 'NONE', *, *, #1609, .T. ) ;
#989 = DIRECTION ( 'NONE',  ( 1.397133453249159513E-16, -1.000000000000000000, -0.000000000000000000 ) ) ;
#990 = ORIENTED_EDGE ( 'NONE', *, *, #2828, .T. ) ;
#991 = DIRECTION ( 'NONE',  ( 1.000000000000000000, 1.397133453249159513E-16, 0.000000000000000000 ) ) ;
#992 = DIRECTION ( 'NONE',  ( 0.000000000000000000, 1.000000000000000000, 0.000000000000000000 ) ) ;
#993 = DIRECTION ( 'NONE',  ( 1.000000000000000000, 0.000000000000000000, 0.000000000000000000 ) ) ;
#994 = EDGE_CURVE ( 'NONE', #3048, #664, #67, .T. ) ;
#995 = EDGE_CURVE ( 'NONE', #3124, #2102, #2639, .T. ) ;
#996 = DIRECTION ( 'NONE',  ( 1.397133453249159513E-16, -1.000000000000000000, -0.000000000000000000 ) ) ;
#997 = DIRECTION ( 'NONE',  ( 1.000000000000000000, 0.000000000000000000, 0.000000000000000000 ) ) ;
#998 = PERSON_AND_ORGANIZATION ( #2291, #1974 ) ;
#999 = EDGE_LOOP ( 'NONE', ( #109, #2795, #499, #984 ) ) ;
#1000 = CARTESIAN_POINT ( 'NONE',  ( 16.09807621135356825, 2.599999999999998312, 21.88268590217965581 ) ) ;
#1001 = EDGE_CURVE ( 'NONE', #8, #2247, #2171, .T. ) ;
#1002 = DIRECTION ( 'NONE',  ( -0.4999999999999919509, -6.985667266245684164E-17, 0.8660254037844432595 ) ) ;
#1003 = FACE_BOUND ( 'NONE', #1102, .T. ) ;
#1004 = ORIENTED_EDGE ( 'NONE', *, *, #629, .T. ) ;
#1005 = ORIENTED_EDGE ( 'NONE', *, *, #839, .T. ) ;
#1006 = CARTESIAN_POINT ( 'NONE',  ( 17.88499362927253600, 2.599999999999999201, -24.08582576705396860 ) ) ;
#1007 = EDGE_LOOP ( 'NONE', ( #2321, #616, #907, #1408 ) ) ;
#1008 = DIRECTION ( 'NONE',  ( -1.397133453249159513E-16, 1.000000000000000000, -0.000000000000000000 ) ) ;
#1009 = CARTESIAN_POINT ( 'NONE',  ( -29.40408134936372875, 2.599999999999992983, -3.400000000000000355 ) ) ;
#1010 = CARTESIAN_POINT ( 'NONE',  ( 17.64652704754923107, 14.13493525146762586, 23.76468142349299839 ) ) ;
#1011 = DIRECTION ( 'NONE',  ( -1.000000000000000000, -1.569885498621544728E-16, 0.000000000000000000 ) ) ;
#1012 = DATE_AND_TIME ( #2015, #833 ) ;
#1013 = ORIENTED_EDGE ( 'NONE', *, *, #2301, .T. ) ;
#1014 = CARTESIAN_POINT ( 'NONE',  ( 13.50000000000027178, 2.599999999999998312, 23.38268590217968423 ) ) ;
#1015 = CIRCLE ( 'NONE', #2992, 0.3999999999999993006 ) ;
#1016 = DIRECTION ( 'NONE',  ( 0.000000000000000000, 0.000000000000000000, -1.000000000000000000 ) ) ;
#1017 = EDGE_CURVE ( 'NONE', #987, #13, #2428, .T. ) ;
#1018 = LINE ( 'NONE', #1455, #56 ) ;
#1019 = ORIENTED_EDGE ( 'NONE', *, *, #2284, .T. ) ;
#1020 = ORIENTED_EDGE ( 'NONE', *, *, #2785, .T. ) ;
#1021 = AXIS2_PLACEMENT_3D ( 'NONE', #1267, #989, #1547 ) ;
#1022 = DIRECTION ( 'NONE',  ( -1.000000000000000000, -2.551063935260020845E-16, 0.000000000000000000 ) ) ;
#1023 = VECTOR ( 'NONE', #2712, 1000.000000000000114 ) ;
#1024 = ORIENTED_EDGE ( 'NONE', *, *, #1555, .F. ) ;
#1025 = CARTESIAN_POINT ( 'NONE',  ( -17.30011688603496012, 2.599999999999993872, 23.96468142349336361 ) ) ;
#1026 = AXIS2_PLACEMENT_3D ( 'NONE', #1108, #2112, #2556 ) ;
#1027 = VERTEX_POINT ( 'NONE', #35 ) ;
#1028 = VECTOR ( 'NONE', #2080, 1000.000000000000114 ) ;
#1029 = DIRECTION ( 'NONE',  ( -0.000000000000000000, 1.000000000000000000, -0.000000000000000000 ) ) ;
#1030 = AXIS2_PLACEMENT_3D ( 'NONE', #3188, #704, #1698 ) ;
#1031 = AXIS2_PLACEMENT_3D ( 'NONE', #102, #2330, #1112 ) ;
#1032 = CC_DESIGN_APPROVAL ( #2792, ( #2648 ) ) ;
#1033 = VECTOR ( 'NONE', #210, 1000.000000000000000 ) ;
#1034 = EDGE_LOOP ( 'NONE', ( #1157, #3041, #2701, #671 ) ) ;
#1035 = DIRECTION ( 'NONE',  ( 1.397133453249159513E-16, -1.000000000000000000, 0.000000000000000000 ) ) ;
#1036 = ADVANCED_FACE ( 'NONE', ( #1262 ), #3007, .T. ) ;
#1037 = EDGE_CURVE ( 'NONE', #2941, #1192, #540, .T. ) ;
#1038 = DIRECTION ( 'NONE',  ( -0.6123724356957905846, 0.7071067811865465735, 0.3535533905932825016 ) ) ;
#1039 = DIRECTION ( 'NONE',  ( -1.397133453249160006E-16, 1.000000000000000000, 4.930380657631323784E-32 ) ) ;
#1040 = EDGE_LOOP ( 'NONE', ( #2777, #1486, #3077, #2514 ) ) ;
#1041 = ORIENTED_EDGE ( 'NONE', *, *, #246, .T. ) ;
#1042 = CARTESIAN_POINT ( 'NONE',  ( 13.50000000000027178, 5.199999999999982414, 23.38268590217968423 ) ) ;
#1043 = EDGE_CURVE ( 'NONE', #2599, #2925, #560, .T. ) ;
#1044 = EDGE_LOOP ( 'NONE', ( #2390, #214, #1425, #753 ) ) ;
#1045 = DIRECTION ( 'NONE',  ( -1.397133453249159513E-16, 1.000000000000000000, -0.000000000000000000 ) ) ;
#1046 = ADVANCED_FACE ( 'NONE', ( #3021 ), #1121, .T. ) ;
#1047 = FACE_OUTER_BOUND ( 'NONE', #245, .T. ) ;
#1048 = DIRECTION ( 'NONE',  ( 0.000000000000000000, 0.000000000000000000, 1.000000000000000000 ) ) ;
#1049 = ORIENTED_EDGE ( 'NONE', *, *, #1463, .T. ) ;
#1050 = LINE ( 'NONE', #2049, #2745 ) ;
#1051 = DIRECTION ( 'NONE',  ( 0.000000000000000000, 1.000000000000000000, 0.000000000000000000 ) ) ;
#1052 = ORIENTED_EDGE ( 'NONE', *, *, #169, .T. ) ;
#1053 = DIRECTION ( 'NONE',  ( -1.000000000000000000, 0.000000000000000000, 0.000000000000000000 ) ) ;
#1054 = EDGE_CURVE ( 'NONE', #1607, #2287, #2541, .T. ) ;
#1055 = EDGE_LOOP ( 'NONE', ( #1743, #70, #2327, #2913 ) ) ;
#1056 = CARTESIAN_POINT ( 'NONE',  ( 29.40408134936372875, 5.599999999999999645, -3.399999999999990585 ) ) ;
#1057 = ORIENTED_EDGE ( 'NONE', *, *, #1367, .F. ) ;
#1058 = LINE ( 'NONE', #562, #361 ) ;
#1059 = ORIENTED_EDGE ( 'NONE', *, *, #1895, .F. ) ;
#1060 = CARTESIAN_POINT ( 'NONE',  ( 27.00000000000000000, 5.200000000000012612, -3.000000000000000000 ) ) ;
#1061 = CARTESIAN_POINT ( 'NONE',  ( -13.50000000000011191, -1.387778780781445676E-14, -21.68268590217978797 ) ) ;
#1062 = ORIENTED_EDGE ( 'NONE', *, *, #3092, .F. ) ;
#1063 = DIRECTION ( 'NONE',  ( 1.000000000000000000, 1.397133453249160499E-16, -0.000000000000000000 ) ) ;
#1064 = CARTESIAN_POINT ( 'NONE',  ( -29.40408134936373941, 5.599999999999992539, 3.400000000000001688 ) ) ;
#1065 = VECTOR ( 'NONE', #2059, 1000.000000000000000 ) ;
#1066 = EDGE_CURVE ( 'NONE', #1265, #78, #1548, .T. ) ;
#1067 = EDGE_LOOP ( 'NONE', ( #1020, #1277, #1772, #1294, #1668 ) ) ;
#1068 = CARTESIAN_POINT ( 'NONE',  ( -17.64652704754873724, 5.200000000000006395, 23.76468142349336432 ) ) ;
#1069 = AXIS2_PLACEMENT_3D ( 'NONE', #1971, #2961, #2288 ) ;
#1070 = EDGE_LOOP ( 'NONE', ( #289, #1456, #1376, #2470 ) ) ;
#1071 = ORIENTED_EDGE ( 'NONE', *, *, #484, .F. ) ;
#1072 = DIRECTION ( 'NONE',  ( -1.000000000000000000, 0.000000000000000000, 0.000000000000000000 ) ) ;
#1073 = EDGE_CURVE ( 'NONE', #504, #1623, #1492, .T. ) ;
#1074 = AXIS2_PLACEMENT_3D ( 'NONE', #1927, #480, #2912 ) ;
#1075 = DIRECTION ( 'NONE',  ( -0.5000000000000039968, 0.000000000000000000, -0.8660254037844363761 ) ) ;
#1076 = ADVANCED_FACE ( 'NONE', ( #1582 ), #1561, .F. ) ;
#1077 = EDGE_LOOP ( 'NONE', ( #2779, #2204, #2201, #2921, #2937, #535, #3153 ) ) ;
#1078 = VECTOR ( 'NONE', #2610, 1000.000000000000000 ) ;
#1079 = VECTOR ( 'NONE', #1166, 1000.000000000000000 ) ;
#1080 = CARTESIAN_POINT ( 'NONE',  ( -12.15755430181489771, 5.200000000000006395, -27.16468142349314618 ) ) ;
#1081 = DIRECTION ( 'NONE',  ( -1.000000000000000000, -1.569885498621544728E-16, 0.000000000000000000 ) ) ;
#1082 = CIRCLE ( 'NONE', #1920, 0.4000000000000010214 ) ;
#1083 = EDGE_LOOP ( 'NONE', ( #1089, #942 ) ) ;
#1084 = CARTESIAN_POINT ( 'NONE',  ( 11.75755430181471262, 5.599999999999996980, -27.16468142349324211 ) ) ;
#1085 = DIRECTION ( 'NONE',  ( -0.8660254037844398178, -1.209953062990852684E-16, -0.4999999999999980016 ) ) ;
#1086 = VECTOR ( 'NONE', #991, 1000.000000000000000 ) ;
#1087 = EDGE_LOOP ( 'NONE', ( #1531, #114, #2751, #2752, #1560 ) ) ;
#1088 = DIRECTION ( 'NONE',  ( 0.4999999999999920064, 0.000000000000000000, -0.8660254037844432595 ) ) ;
#1089 = ORIENTED_EDGE ( 'NONE', *, *, #28, .T. ) ;
#1090 = VERTEX_POINT ( 'NONE', #1849 ) ;
#1091 = ADVANCED_FACE ( 'NONE', ( #3091 ), #2568, .F. ) ;
#1092 = EDGE_CURVE ( 'NONE', #2771, #2678, #1836, .T. ) ;
#1093 = CARTESIAN_POINT ( 'NONE',  ( 27.00000000000000000, 5.200000000000012612, -3.000000000000000000 ) ) ;
#1094 = EDGE_CURVE ( 'NONE', #731, #1682, #2331, .T. ) ;
#1095 = EDGE_LOOP ( 'NONE', ( #1052, #94 ) ) ;
#1096 = DIRECTION ( 'NONE',  ( 1.397133453249159513E-16, -1.000000000000000000, -0.000000000000000000 ) ) ;
#1097 = LINE ( 'NONE', #1777, #1334 ) ;
#1098 = ORIENTED_EDGE ( 'NONE', *, *, #273, .F. ) ;
#1099 = DIRECTION ( 'NONE',  ( -0.4999999999999920064, -6.985667266245685397E-17, 0.8660254037844432595 ) ) ;
#1100 = DIRECTION ( 'NONE',  ( -1.000000000000000000, 0.000000000000000000, 0.000000000000000000 ) ) ;
#1101 = ADVANCED_FACE ( 'NONE', ( #1318 ), #1335, .F. ) ;
#1102 = EDGE_LOOP ( 'NONE', ( #1491, #831 ) ) ;
#1103 = DIRECTION ( 'NONE',  ( 0.000000000000000000, 0.7071067811865444641, 0.7071067811865505703 ) ) ;
#1104 = VERTEX_POINT ( 'NONE', #1616 ) ;
#1105 = CARTESIAN_POINT ( 'NONE',  ( 21.69999999999999929, 5.199999999999999289, 0.000000000000000000 ) ) ;
#1106 = CARTESIAN_POINT ( 'NONE',  ( 11.91644017075853590, 2.599999999999998312, 27.53177171299973125 ) ) ;
#1107 = EDGE_LOOP ( 'NONE', ( #637, #25 ) ) ;
#1108 = CARTESIAN_POINT ( 'NONE',  ( -13.49999999999978506, 5.599999999999994316, 23.38268590217996490 ) ) ;
#1109 = LINE ( 'NONE', #386, #2173 ) ;
#1110 = ORIENTED_EDGE ( 'NONE', *, *, #330, .F. ) ;
#1111 = DIRECTION ( 'NONE',  ( -1.397133453249159513E-16, 1.000000000000000000, -0.000000000000000000 ) ) ;
#1112 = DIRECTION ( 'NONE',  ( -1.000000000000000000, 0.000000000000000000, 0.000000000000000000 ) ) ;
#1113 = EDGE_CURVE ( 'NONE', #2895, #3018, #353, .T. ) ;
#1114 = ORIENTED_EDGE ( 'NONE', *, *, #1895, .T. ) ;
#1115 = DIRECTION ( 'NONE',  ( 1.000000000000000000, 0.000000000000000000, 0.000000000000000000 ) ) ;
#1116 = CIRCLE ( 'NONE', #2325, 1.699999999999993072 ) ;
#1117 = VERTEX_POINT ( 'NONE', #1080 ) ;
#1118 = DIRECTION ( 'NONE',  ( 0.6123724356957931381, -0.7071067811865530128, 0.3535533905932653487 ) ) ;
#1119 = FACE_OUTER_BOUND ( 'NONE', #1660, .T. ) ;
#1120 = VECTOR ( 'NONE', #2939, 1000.000000000000000 ) ;
#1121 = CONICAL_SURFACE ( 'NONE', #2225, 0.3999999999999906408, 0.7853981633974536081 ) ;
#1122 = DIRECTION ( 'NONE',  ( 0.000000000000000000, 0.000000000000000000, -1.000000000000000000 ) ) ;
#1123 = ADVANCED_FACE ( 'NONE', ( #2807 ), #2100, .F. ) ;
#1124 = AXIS2_PLACEMENT_3D ( 'NONE', #3158, #2387, #2143 ) ;
#1125 = CARTESIAN_POINT ( 'NONE',  ( -10.90192378864680300, 2.599999999999993872, -24.88268590217979792 ) ) ;
#1126 = LINE ( 'NONE', #2884, #2030 ) ;
#1127 = CIRCLE ( 'NONE', #2594, 2.999999999999999112 ) ;
#1128 = VECTOR ( 'NONE', #685, 1000.000000000000114 ) ;
#1129 = ORIENTED_EDGE ( 'NONE', *, *, #1949, .F. ) ;
#1130 = CARTESIAN_POINT ( 'NONE',  ( -12.15755430181489949, 14.13493525146762231, -27.16468142349314618 ) ) ;
#1131 = ADVANCED_FACE ( 'NONE', ( #3049, #1801 ), #79, .T. ) ;
#1132 = AXIS2_PLACEMENT_3D ( 'NONE', #1205, #1246, #997 ) ;
#1133 = CONICAL_SURFACE ( 'NONE', #2954, 29.60000000000000853, 0.7853981633974526089 ) ;
#1134 = DIRECTION ( 'NONE',  ( 1.397133453249160992E-16, -1.000000000000000000, 0.000000000000000000 ) ) ;
#1135 = EDGE_LOOP ( 'NONE', ( #2378, #3109, #944, #1932 ) ) ;
#1136 = CC_DESIGN_SECURITY_CLASSIFICATION ( #2648, ( #1870 ) ) ;
#1137 = ADVANCED_FACE ( 'NONE', ( #1570 ), #147, .F. ) ;
#1138 = DIRECTION ( 'NONE',  ( -0.8660254037844363761, -1.209953062990847753E-16, 0.5000000000000039968 ) ) ;
#1139 = ORIENTED_EDGE ( 'NONE', *, *, #1274, .F. ) ;
#1140 = CARTESIAN_POINT ( 'NONE',  ( -22.09999999999999432, -6.557111883634256379E-15, 0.000000000000000000 ) ) ;
#1141 = LINE ( 'NONE', #1642, #1601 ) ;
#1142 = ADVANCED_FACE ( 'NONE', ( #855 ), #2286, .T. ) ;
#1143 = PLANE ( 'NONE',  #1124 ) ;
#1144 = LINE ( 'NONE', #1386, #780 ) ;
#1145 = VERTEX_POINT ( 'NONE', #612 ) ;
#1146 = FACE_OUTER_BOUND ( 'NONE', #1889, .T. ) ;
#1147 = CARTESIAN_POINT ( 'NONE',  ( 27.00000000000000000, -7.806255641895631925E-15, 1.699999999999996625 ) ) ;
#1148 = EDGE_LOOP ( 'NONE', ( #2099, #557 ) ) ;
#1149 = DIRECTION ( 'NONE',  ( 1.397133453249159513E-16, -1.000000000000000000, 0.000000000000000000 ) ) ;
#1150 = EDGE_CURVE ( 'NONE', #949, #504, #126, .T. ) ;
#1151 = ORIENTED_EDGE ( 'NONE', *, *, #1257, .F. ) ;
#1152 = FACE_OUTER_BOUND ( 'NONE', #38, .T. ) ;
#1153 = DIRECTION ( 'NONE',  ( -1.397133453249160006E-16, 1.000000000000000000, 4.930380657631323784E-32 ) ) ;
#1154 = CARTESIAN_POINT ( 'NONE',  ( -13.49999999999978506, 2.599999999999993872, 23.38268590217996490 ) ) ;
#1155 = DIRECTION ( 'NONE',  ( 1.397133453249160992E-16, -1.000000000000000000, 0.000000000000000000 ) ) ;
#1156 = CARTESIAN_POINT ( 'NONE',  ( -29.40408134936372875, 5.200000000000004619, 3.400000000000000355 ) ) ;
#1157 = ORIENTED_EDGE ( 'NONE', *, *, #2297, .T. ) ;
#1158 = CARTESIAN_POINT ( 'NONE',  ( 29.80143380003080722, 14.13493525146762764, -3.445945945945946054 ) ) ;
#1159 = LINE ( 'NONE', #2621, #614 ) ;
#1160 = ORIENTED_EDGE ( 'NONE', *, *, #2902, .T. ) ;
#1161 = PLANE ( 'NONE',  #2891 ) ;
#1162 = ADVANCED_FACE ( 'NONE', ( #873 ), #2606, .F. ) ;
#1163 = VERTEX_POINT ( 'NONE', #324 ) ;
#1164 = CARTESIAN_POINT ( 'NONE',  ( 27.00000000000000000, 5.200000000000004619, 3.000000000000000000 ) ) ;
#1165 = ORIENTED_EDGE ( 'NONE', *, *, #1037, .T. ) ;
#1166 = DIRECTION ( 'NONE',  ( -1.000000000000000000, -3.043777031324052318E-16, -0.000000000000000000 ) ) ;
#1167 = AXIS2_PLACEMENT_3D ( 'NONE', #1796, #2515, #2044 ) ;
#1168 = AXIS2_PLACEMENT_3D ( 'NONE', #544, #317, #2492 ) ;
#1169 = EDGE_CURVE ( 'NONE', #1493, #1212, #1304, .T. ) ;
#1170 = DIRECTION ( 'NONE',  ( -1.000000000000000000, -2.551063935260020845E-16, 0.000000000000000000 ) ) ;
#1171 = VECTOR ( 'NONE', #2887, 1000.000000000000114 ) ;
#1172 = CARTESIAN_POINT ( 'NONE',  ( 10.55551362713321062, 5.599999999999996980, 25.08268590217971195 ) ) ;
#1173 = ORIENTED_EDGE ( 'NONE', *, *, #2832, .T. ) ;
#1174 = CIRCLE ( 'NONE', #2595, 0.4000000000000010214 ) ;
#1175 = DIRECTION ( 'NONE',  ( -1.397133453249159513E-16, 1.000000000000000000, -0.000000000000000000 ) ) ;
#1176 = AXIS2_PLACEMENT_3D ( 'NONE', #80, #1306, #1803 ) ;
#1178 = AXIS2_PLACEMENT_3D ( 'NONE', #2172, #184, #1170 ) ;
#1177 = CARTESIAN_POINT ( 'NONE',  ( 17.64652704754889356, 5.599999999999997868, -23.76468142349325063 ) ) ;
#1179 = ORIENTED_EDGE ( 'NONE', *, *, #3039, .F. ) ;
#1180 = DIRECTION ( 'NONE',  ( -1.397133453249159513E-16, 1.000000000000000000, 0.000000000000000000 ) ) ;
#1181 = CIRCLE ( 'NONE', #615, 0.4000000000000010214 ) ;
#1182 = VECTOR ( 'NONE', #376, 1000.000000000000000 ) ;
#1183 = EDGE_LOOP ( 'NONE', ( #2990, #1315, #104, #2668 ) ) ;
#1184 = PLANE ( 'NONE',  #1712 ) ;
#1185 = DIRECTION ( 'NONE',  ( -1.397133453249159513E-16, 1.000000000000000000, -0.000000000000000000 ) ) ;
#1186 = CARTESIAN_POINT ( 'NONE',  ( 10.49999999999994671, 2.599999999999997868, -23.38268590217987608 ) ) ;
#1187 = DIRECTION ( 'NONE',  ( -1.000000000000000000, -1.445602896647339656E-16, 0.000000000000000000 ) ) ;
#1188 = EDGE_CURVE ( 'NONE', #1851, #2814, #1050, .T. ) ;
#1189 = DIRECTION ( 'NONE',  ( 0.000000000000000000, 0.000000000000000000, 1.000000000000000000 ) ) ;
#1190 = EDGE_CURVE ( 'NONE', #1611, #876, #2126, .T. ) ;
#1191 = FACE_OUTER_BOUND ( 'NONE', #1478, .T. ) ;
#1192 = VERTEX_POINT ( 'NONE', #2647 ) ;
#1193 = DIRECTION ( 'NONE',  ( -1.000000000000000000, -2.551063935260020845E-16, 0.000000000000000000 ) ) ;
#1194 = DIRECTION ( 'NONE',  ( -0.000000000000000000, 1.000000000000000000, -4.930380657631323784E-32 ) ) ;
#1195 = FACE_OUTER_BOUND ( 'NONE', #2909, .T. ) ;
#1196 = ORIENTED_EDGE ( 'NONE', *, *, #900, .T. ) ;
#1197 = ORIENTED_EDGE ( 'NONE', *, *, #1814, .T. ) ;
#1198 = CARTESIAN_POINT ( 'NONE',  ( -27.00000000000000000, 2.599999999999992095, 1.699999999999993072 ) ) ;
#1199 = ADVANCED_FACE ( 'NONE', ( #1429, #654 ), #400, .F. ) ;
#1200 = ORIENTED_EDGE ( 'NONE', *, *, #1859, .T. ) ;
#1201 = DIRECTION ( 'NONE',  ( -0.000000000000000000, 1.000000000000000000, 4.930380657631323784E-32 ) ) ;
#1202 = EDGE_LOOP ( 'NONE', ( #1165, #388, #166, #2525 ) ) ;
#1203 = CARTESIAN_POINT ( 'NONE',  ( -27.00000000000000000, -1.561251128379126385E-14, -1.699999999999996625 ) ) ;
#1204 = LINE ( 'NONE', #1787, #357 ) ;
#1205 = CARTESIAN_POINT ( 'NONE',  ( 11.75755430181508920, 5.200000000000009948, 27.16468142349306802 ) ) ;
#1206 = DESIGN_CONTEXT ( 'detailed design', #453, 'design' ) ;
#1207 =( NAMED_UNIT ( * ) SI_UNIT ( $, .STERADIAN. ) SOLID_ANGLE_UNIT ( ) );
#1208 = EDGE_LOOP ( 'NONE', ( #195, #940 ) ) ;
#1209 = CARTESIAN_POINT ( 'NONE',  ( 1.192444356114094955E-15, 5.599999999999996092, 0.000000000000000000 ) ) ;
#1210 = DIRECTION ( 'NONE',  ( 0.6123724356957921389, -0.7071067811865479058, -0.3535533905932770060 ) ) ;
#1211 = ORIENTED_EDGE ( 'NONE', *, *, #2354, .T. ) ;
#1212 = VERTEX_POINT ( 'NONE', #1384 ) ;
#1213 = DIRECTION ( 'NONE',  ( -0.5000000000000103251, 0.000000000000000000, -0.8660254037844326014 ) ) ;
#1214 = ADVANCED_FACE ( 'NONE', ( #2658, #1930 ), #1143, .T. ) ;
#1215 = ORIENTED_EDGE ( 'NONE', *, *, #866, .T. ) ;
#1216 = CARTESIAN_POINT ( 'NONE',  ( 10.55551362713285535, 5.599999999999996980, -25.08268590217986826 ) ) ;
#1217 = LINE ( 'NONE', #2684, #2009 ) ;
#1218 = DIRECTION ( 'NONE',  ( 1.397133453249160992E-16, -1.000000000000000000, 0.000000000000000000 ) ) ;
#1219 = CARTESIAN_POINT ( 'NONE',  ( 27.00000000000000000, 5.200000000000004619, 0.000000000000000000 ) ) ;
#1220 = ORIENTED_EDGE ( 'NONE', *, *, #1788, .F. ) ;
#1221 = LINE ( 'NONE', #2451, #2336 ) ;
#1222 = VECTOR ( 'NONE', #1860, 1000.000000000000000 ) ;
#1223 = ORIENTED_EDGE ( 'NONE', *, *, #900, .F. ) ;
#1224 = CARTESIAN_POINT ( 'NONE',  ( -3.632546978447811528E-16, 2.599999999999996536, -9.629649721936179265E-32 ) ) ;
#1225 = CONICAL_SURFACE ( 'NONE', #2070, 0.3999999999999906408, 0.7853981633974536081 ) ;
#1226 = LINE ( 'NONE', #1470, #419 ) ;
#1227 = DIRECTION ( 'NONE',  ( -1.397133453249159513E-16, 1.000000000000000000, -0.000000000000000000 ) ) ;
#1228 = EDGE_CURVE ( 'NONE', #1569, #1145, #158, .T. ) ;
#1229 = EDGE_CURVE ( 'NONE', #2732, #1515, #932, .T. ) ;
#1230 = ORIENTED_EDGE ( 'NONE', *, *, #2538, .T. ) ;
#1231 = DIRECTION ( 'NONE',  ( -1.397133453249159759E-16, 1.000000000000000000, -4.930380657631323784E-32 ) ) ;
#1232 = VECTOR ( 'NONE', #1731, 1000.000000000000000 ) ;
#1233 = CIRCLE ( 'NONE', #1913, 30.00000000000000000 ) ;
#1234 = ORIENTED_EDGE ( 'NONE', *, *, #2547, .F. ) ;
#1235 = EDGE_CURVE ( 'NONE', #1445, #1145, #563, .T. ) ;
#1236 = ORIENTED_EDGE ( 'NONE', *, *, #2596, .T. ) ;
#1237 = FACE_OUTER_BOUND ( 'NONE', #1040, .T. ) ;
#1238 = VECTOR ( 'NONE', #2949, 1000.000000000000000 ) ;
#1239 = VERTEX_POINT ( 'NONE', #2883 ) ;
#1240 = CARTESIAN_POINT ( 'NONE',  ( -21.69999999999999929, 14.13493525146762053, 0.000000000000000000 ) ) ;
#1241 = AXIS2_PLACEMENT_3D ( 'NONE', #1502, #1956, #979 ) ;
#1242 = CIRCLE ( 'NONE', #2380, 2.999999999999999112 ) ;
#1243 = FACE_OUTER_BOUND ( 'NONE', #120, .T. ) ;
#1244 = EDGE_CURVE ( 'NONE', #2816, #321, #901, .T. ) ;
#1245 = LINE ( 'NONE', #3159, #3057 ) ;
#1246 = DIRECTION ( 'NONE',  ( 1.397133453249159513E-16, -1.000000000000000000, 0.000000000000000000 ) ) ;
#1247 = EDGE_LOOP ( 'NONE', ( #2251, #3027, #1793, #1976, #1539 ) ) ;
#1248 = CARTESIAN_POINT ( 'NONE',  ( 27.00000000000000000, 2.600000000000000089, -3.000000000000000000 ) ) ;
#1249 = LINE ( 'NONE', #2676, #2699 ) ;
#1250 = EDGE_LOOP ( 'NONE', ( #2397, #813, #1234, #2605 ) ) ;
#1251 = CARTESIAN_POINT ( 'NONE',  ( 11.91644017075853412, 5.200000000000009948, 27.53177171299972770 ) ) ;
#1252 = ORIENTED_EDGE ( 'NONE', *, *, #2019, .F. ) ;
#1253 = DIRECTION ( 'NONE',  ( 0.000000000000000000, 0.000000000000000000, 1.000000000000000000 ) ) ;
#1254 = DIRECTION ( 'NONE',  ( 0.000000000000000000, 0.000000000000000000, 1.000000000000000000 ) ) ;
#1255 = DIRECTION ( 'NONE',  ( -1.397133453249159759E-16, 1.000000000000000000, 4.930380657631323784E-32 ) ) ;
#1256 = CARTESIAN_POINT ( 'NONE',  ( -29.80143380003080722, 14.13493525146762053, -3.445945945945946054 ) ) ;
#1257 = EDGE_CURVE ( 'NONE', #1239, #534, #2948, .T. ) ;
#1258 = ORIENTED_EDGE ( 'NONE', *, *, #290, .T. ) ;
#1259 = PRODUCT_RELATED_PRODUCT_CATEGORY ( 'detail', '', ( #236 ) ) ;
#1260 = COORDINATED_UNIVERSAL_TIME_OFFSET ( 8, 0, .AHEAD. ) ;
#1261 = ORIENTED_EDGE ( 'NONE', *, *, #1520, .F. ) ;
#1262 = FACE_OUTER_BOUND ( 'NONE', #3189, .T. ) ;
#1263 = LINE ( 'NONE', #36, #575 ) ;
#1264 = FACE_BOUND ( 'NONE', #3068, .T. ) ;
#1265 = VERTEX_POINT ( 'NONE', #3138 ) ;
#1266 = ORIENTED_EDGE ( 'NONE', *, *, #3160, .T. ) ;
#1267 = CARTESIAN_POINT ( 'NONE',  ( 29.40408134936372875, 2.600000000000000089, 3.400000000000000355 ) ) ;
#1268 = ORIENTED_EDGE ( 'NONE', *, *, #3074, .F. ) ;
#1269 = CARTESIAN_POINT ( 'NONE',  ( -27.00000000000000000, -1.561251128379126385E-14, 0.000000000000000000 ) ) ;
#1270 = EDGE_CURVE ( 'NONE', #1637, #3075, #3206, .T. ) ;
#1271 = CARTESIAN_POINT ( 'NONE',  ( 13.50000000000027178, 2.599999999999998312, 23.38268590217968423 ) ) ;
#1272 = EDGE_LOOP ( 'NONE', ( #1507, #2943, #2039, #2504 ) ) ;
#1273 = EDGE_CURVE ( 'NONE', #645, #2247, #1911, .T. ) ;
#1274 = EDGE_CURVE ( 'NONE', #969, #3016, #170, .T. ) ;
#1275 = DIRECTION ( 'NONE',  ( 0.000000000000000000, 0.000000000000000000, 1.000000000000000000 ) ) ;
#1276 = EDGE_CURVE ( 'NONE', #2074, #442, #1811, .T. ) ;
#1277 = ORIENTED_EDGE ( 'NONE', *, *, #1270, .T. ) ;
#1278 = CARTESIAN_POINT ( 'NONE',  ( -27.00000000000000000, 5.599999999999992539, 0.000000000000000000 ) ) ;
#1279 = VECTOR ( 'NONE', #320, 1000.000000000000114 ) ;
#1280 = CARTESIAN_POINT ( 'NONE',  ( 12.10396446332886100, 5.200000000000009948, 26.96468142349306163 ) ) ;
#1281 = VERTEX_POINT ( 'NONE', #1646 ) ;
#1282 = ORIENTED_EDGE ( 'NONE', *, *, #995, .T. ) ;
#1283 = CIRCLE ( 'NONE', #1069, 3.400000000000015898 ) ;
#1284 = FACE_OUTER_BOUND ( 'NONE', #1055, .T. ) ;
#1285 = APPLICATION_CONTEXT ( 'configuration controlled 3d designs of mechanical parts and assemblies' ) ;
#1286 = ORIENTED_EDGE ( 'NONE', *, *, #424, .F. ) ;
#1287 = DIRECTION ( 'NONE',  ( 1.000000000000000000, 1.397133453249159513E-16, 0.000000000000000000 ) ) ;
#1288 = AXIS2_PLACEMENT_3D ( 'NONE', #1869, #385, #2086 ) ;
#1289 = VECTOR ( 'NONE', #3131, 1000.000000000000000 ) ;
#1290 = CIRCLE ( 'NONE', #202, 1.699999999999996625 ) ;
#1291 = DIRECTION ( 'NONE',  ( 1.397133453249160499E-16, -1.000000000000000000, -0.000000000000000000 ) ) ;
#1292 = AXIS2_PLACEMENT_3D ( 'NONE', #387, #1931, #1371 ) ;
#1293 =( GEOMETRIC_REPRESENTATION_CONTEXT ( 3 ) GLOBAL_UNCERTAINTY_ASSIGNED_CONTEXT ( ( #2194 ) ) GLOBAL_UNIT_ASSIGNED_CONTEXT ( ( #1721, #730, #1207 ) ) REPRESENTATION_CONTEXT ( 'NONE', 'WORKASPACE' ) );
#1294 = ORIENTED_EDGE ( 'NONE', *, *, #1897, .F. ) ;
#1295 = DIRECTION ( 'NONE',  ( 1.397133453249159513E-16, -1.000000000000000000, 0.000000000000000000 ) ) ;
#1296 = EDGE_CURVE ( 'NONE', #1737, #928, #1174, .T. ) ;
#1297 = ORIENTED_EDGE ( 'NONE', *, *, #2519, .F. ) ;
#1298 = CARTESIAN_POINT ( 'NONE',  ( -13.50000000000011191, 5.599999999999994316, -23.38268590217978726 ) ) ;
#1299 = EDGE_CURVE ( 'NONE', #2299, #525, #408, .T. ) ;
#1300 = ORIENTED_EDGE ( 'NONE', *, *, #2339, .T. ) ;
#1301 = CARTESIAN_POINT ( 'NONE',  ( -13.50000000000011191, -1.387778780781445676E-14, -23.38268590217978726 ) ) ;
#1302 = DIRECTION ( 'NONE',  ( 1.397133453249159513E-16, -1.000000000000000000, 0.000000000000000000 ) ) ;
#1303 = VERTEX_POINT ( 'NONE', #1680 ) ;
#1304 = LINE ( 'NONE', #2617, #3101 ) ;
#1305 = EDGE_CURVE ( 'NONE', #380, #1090, #1701, .T. ) ;
#1306 = DIRECTION ( 'NONE',  ( -0.000000000000000000, 1.000000000000000000, -0.000000000000000000 ) ) ;
#1307 = ORIENTED_EDGE ( 'NONE', *, *, #866, .F. ) ;
#1308 = DIRECTION ( 'NONE',  ( -1.397133453249159513E-16, 1.000000000000000000, -0.000000000000000000 ) ) ;
#1309 = DIRECTION ( 'NONE',  ( -1.000000000000000000, -1.445602896647339656E-16, 0.000000000000000000 ) ) ;
#1310 = ORIENTED_EDGE ( 'NONE', *, *, #88, .T. ) ;
#1311 = EDGE_CURVE ( 'NONE', #2585, #1212, #3001, .T. ) ;
#1312 = DIRECTION ( 'NONE',  ( -1.000000000000000000, -1.445602896647339163E-16, 0.000000000000000000 ) ) ;
#1313 = ADVANCED_FACE ( 'NONE', ( #946 ), #1942, .T. ) ;
#1314 = ORIENTED_EDGE ( 'NONE', *, *, #1337, .F. ) ;
#1315 = ORIENTED_EDGE ( 'NONE', *, *, #1694, .T. ) ;
#1316 = DIRECTION ( 'NONE',  ( 0.6123724356957923609, -0.7071067811865511255, 0.3535533905932705667 ) ) ;
#1317 = ORIENTED_EDGE ( 'NONE', *, *, #497, .T. ) ;
#1318 = FACE_OUTER_BOUND ( 'NONE', #2782, .T. ) ;
#1319 = DIRECTION ( 'NONE',  ( -0.5000000000000101030, -6.985667266245939311E-17, -0.8660254037844328234 ) ) ;
#1320 = VECTOR ( 'NONE', #463, 999.9999999999998863 ) ;
#1321 = EDGE_LOOP ( 'NONE', ( #1745, #392, #843, #647 ) ) ;
#1322 = PLANE ( 'NONE',  #870 ) ;
#1323 = CARTESIAN_POINT ( 'NONE',  ( -27.00000000000000000, 5.599999999999992539, -3.399999999999990585 ) ) ;
#1324 = VECTOR ( 'NONE', #817, 1000.000000000000227 ) ;
#1325 = EDGE_CURVE ( 'NONE', #1163, #680, #823, .T. ) ;
#1326 = VECTOR ( 'NONE', #603, 1000.000000000000000 ) ;
#1327 = ORIENTED_EDGE ( 'NONE', *, *, #688, .T. ) ;
#1328 = CARTESIAN_POINT ( 'NONE',  ( -17.64652704754906765, 5.200000000000006395, -23.76468142349311918 ) ) ;
#1329 = CONICAL_SURFACE ( 'NONE', #3093, 21.69999999999999929, 0.7853981633974504994 ) ;
#1330 = ADVANCED_FACE ( 'NONE', ( #1773 ), #758, .F. ) ;
#1331 = VERTEX_POINT ( 'NONE', #2208 ) ;
#1332 = AXIS2_PLACEMENT_3D ( 'NONE', #1468, #551, #2017 ) ;
#1333 = DIRECTION ( 'NONE',  ( 1.397133453249160252E-16, -1.000000000000000000, -4.930380657631323784E-32 ) ) ;
#1334 = VECTOR ( 'NONE', #69, 1000.000000000000000 ) ;
#1335 = CONICAL_SURFACE ( 'NONE', #307, 2.999999999999999112, 0.7853981633974520538 ) ;
#1336 = CALENDAR_DATE ( 2026, 26, 2 ) ;
#1337 = EDGE_CURVE ( 'NONE', #1877, #846, #1233, .T. ) ;
#1338 = ORIENTED_EDGE ( 'NONE', *, *, #1276, .T. ) ;
#1339 = CONICAL_SURFACE ( 'NONE', #1030, 0.3999999999999906408, 0.7853981633974536081 ) ;
#1340 = VECTOR ( 'NONE', #1556, 1000.000000000000114 ) ;
#1341 = DIRECTION ( 'NONE',  ( -1.397133453249159759E-16, 1.000000000000000000, -4.930380657631323784E-32 ) ) ;
#1342 = CARTESIAN_POINT ( 'NONE',  ( 13.50000000000027178, 5.599999999999997868, 23.38268590217968423 ) ) ;
#1343 = APPROVAL_PERSON_ORGANIZATION ( #2566, #2792, #2047 ) ;
#1345 = AXIS2_PLACEMENT_3D ( 'NONE', #1271, #2928, #254 ) ;
#1344 = CARTESIAN_POINT ( 'NONE',  ( -10.90192378864645484, 2.599999999999993872, 24.88268590217994358 ) ) ;
#1346 = EDGE_LOOP ( 'NONE', ( #240, #2755, #1364, #438, #1419, #2824, #1831 ) ) ;
#1347 = DIRECTION ( 'NONE',  ( 1.397133453249159759E-16, -1.000000000000000000, -4.930380657631323784E-32 ) ) ;
#1348 = DIRECTION ( 'NONE',  ( -1.000000000000000000, -1.445602896647339656E-16, 0.000000000000000000 ) ) ;
#1349 = ORIENTED_EDGE ( 'NONE', *, *, #569, .F. ) ;
#1350 = DIRECTION ( 'NONE',  ( -1.000000000000000000, 0.000000000000000000, 0.000000000000000000 ) ) ;
#1351 = ORIENTED_EDGE ( 'NONE', *, *, #1673, .F. ) ;
#1352 = CARTESIAN_POINT ( 'NONE',  ( -10.90192378864645484, 5.200000000000006395, 24.88268590217994358 ) ) ;
#1353 = LINE ( 'NONE', #369, #1969 ) ;
#1354 = ORIENTED_EDGE ( 'NONE', *, *, #2630, .F. ) ;
#1355 = EDGE_CURVE ( 'NONE', #971, #163, #1204, .T. ) ;
#1356 = DIRECTION ( 'NONE',  ( -0.4999999999999982792, 0.000000000000000000, 0.8660254037844397068 ) ) ;
#1357 = EDGE_LOOP ( 'NONE', ( #1423, #1566, #2993 ) ) ;
#1358 = DIRECTION ( 'NONE',  ( -0.8660254037844432595, -1.209953062990857368E-16, -0.4999999999999920064 ) ) ;
#1359 = FACE_OUTER_BOUND ( 'NONE', #601, .T. ) ;
#1360 = LINE ( 'NONE', #2844, #1078 ) ;
#1361 = ORIENTED_EDGE ( 'NONE', *, *, #1257, .T. ) ;
#1362 = FACE_OUTER_BOUND ( 'NONE', #1663, .T. ) ;
#1363 = ORIENTED_EDGE ( 'NONE', *, *, #1473, .F. ) ;
#1364 = ORIENTED_EDGE ( 'NONE', *, *, #2627, .T. ) ;
#1365 = CARTESIAN_POINT ( 'NONE',  ( -11.75755430181489913, 14.13493525146762231, -27.16468142349314618 ) ) ;
#1366 = CARTESIAN_POINT ( 'NONE',  ( 13.50000000000027178, 2.599999999999998312, 25.08268590217967997 ) ) ;
#1367 = EDGE_CURVE ( 'NONE', #2678, #2611, #458, .T. ) ;
#1368 = CARTESIAN_POINT ( 'NONE',  ( -16.09807621135342259, 5.200000000000006395, -21.88268590217977305 ) ) ;
#1369 = CARTESIAN_POINT ( 'NONE',  ( -12.10396446332830145, 5.200000000000006395, 26.96468142349331387 ) ) ;
#1370 = EDGE_CURVE ( 'NONE', #2403, #896, #99, .T. ) ;
#1371 = DIRECTION ( 'NONE',  ( -1.000000000000000000, 0.000000000000000000, -1.734723475976802677E-14 ) ) ;
#1372 = ORIENTED_EDGE ( 'NONE', *, *, #1628, .F. ) ;
#1373 = DIRECTION ( 'NONE',  ( 1.000000000000000000, 0.000000000000000000, 0.000000000000000000 ) ) ;
#1374 = ADVANCED_FACE ( 'NONE', ( #2449 ), #3019, .F. ) ;
#1375 = CARTESIAN_POINT ( 'NONE',  ( -17.88499362927270653, 2.599999999999993872, -24.08582576705383715 ) ) ;
#1376 = ORIENTED_EDGE ( 'NONE', *, *, #1244, .T. ) ;
#1377 = CARTESIAN_POINT ( 'NONE',  ( 13.50000000000027178, 2.599999999999998312, 23.38268590217968423 ) ) ;
#1378 = APPROVAL ( #1774, 'UNSPECIFIED' ) ;
#1379 = VECTOR ( 'NONE', #2107, 1000.000000000000000 ) ;
#1380 = ORIENTED_EDGE ( 'NONE', *, *, #1740, .F. ) ;
#1381 = LINE ( 'NONE', #3125, #315 ) ;
#1382 = LINE ( 'NONE', #396, #310 ) ;
#1383 = AXIS2_PLACEMENT_3D ( 'NONE', #1209, #950, #173 ) ;
#1384 = CARTESIAN_POINT ( 'NONE',  ( -13.50000000000011191, 2.599999999999993872, -25.08268590217977945 ) ) ;
#1385 = AXIS2_PLACEMENT_3D ( 'NONE', #2915, #2412, #420 ) ;
#1386 = CARTESIAN_POINT ( 'NONE',  ( 8.369486372867042334, 5.599999999999996980, -7.696375631061147971 ) ) ;
#1387 = VECTOR ( 'NONE', #1968, 1000.000000000000114 ) ;
#1388 = AXIS2_PLACEMENT_3D ( 'NONE', #673, #3111, #1401 ) ;
#1389 = ORIENTED_EDGE ( 'NONE', *, *, #839, .F. ) ;
#1390 = CARTESIAN_POINT ( 'NONE',  ( -11.91644017075796569, 14.13493525146762231, 27.53177171299998349 ) ) ;
#1391 = EDGE_CURVE ( 'NONE', #1569, #716, #2077, .T. ) ;
#1392 = AXIS2_PLACEMENT_3D ( 'NONE', #1898, #658, #2175 ) ;
#1393 = VECTOR ( 'NONE', #3135, 1000.000000000000000 ) ;
#1394 = DIRECTION ( 'NONE',  ( 1.000000000000000000, 1.465138070926356977E-16, 0.000000000000000000 ) ) ;
#1395 = ORIENTED_EDGE ( 'NONE', *, *, #2060, .T. ) ;
#1396 = CIRCLE ( 'NONE', #982, 0.4000000000000010214 ) ;
#1397 = DIRECTION ( 'NONE',  ( 1.397133453249159513E-16, -1.000000000000000000, 0.000000000000000000 ) ) ;
#1398 = EDGE_CURVE ( 'NONE', #3004, #2471, #515, .T. ) ;
#1399 = ORIENTED_EDGE ( 'NONE', *, *, #93, .F. ) ;
#1400 = DIRECTION ( 'NONE',  ( -1.397133453249159513E-16, 1.000000000000000000, -0.000000000000000000 ) ) ;
#1401 = DIRECTION ( 'NONE',  ( 0.5000000000000101030, 0.000000000000000000, 0.8660254037844328234 ) ) ;
#1402 = DIRECTION ( 'NONE',  ( 1.397133453249159513E-16, -1.000000000000000000, 0.000000000000000000 ) ) ;
#1403 = DIRECTION ( 'NONE',  ( -0.000000000000000000, 1.000000000000000000, 4.930380657631323784E-32 ) ) ;
#1404 = ADVANCED_FACE ( 'NONE', ( #983 ), #874, .F. ) ;
#1405 = EDGE_LOOP ( 'NONE', ( #1160, #1844, #1822, #2977 ) ) ;
#1406 = CARTESIAN_POINT ( 'NONE',  ( 2.480513627132717502, 5.599999999999996092, -11.09637563106103109 ) ) ;
#1407 = FACE_OUTER_BOUND ( 'NONE', #293, .T. ) ;
#1408 = ORIENTED_EDGE ( 'NONE', *, *, #2473, .T. ) ;
#1409 = CARTESIAN_POINT ( 'NONE',  ( 22.10000000000000142, -3.817820202729719002E-16, 2.706469426115650955E-15 ) ) ;
#1410 = EDGE_CURVE ( 'NONE', #2247, #2111, #2481, .T. ) ;
#1411 = ORIENTED_EDGE ( 'NONE', *, *, #1633, .T. ) ;
#1412 = DIRECTION ( 'NONE',  ( 1.000000000000000000, 0.000000000000000000, 0.000000000000000000 ) ) ;
#1413 = DIRECTION ( 'NONE',  ( 0.4999999999999980571, 6.985667266245770446E-17, -0.8660254037844398178 ) ) ;
#1414 = DIRECTION ( 'NONE',  ( 1.397133453249159513E-16, -1.000000000000000000, 0.000000000000000000 ) ) ;
#1415 = DIRECTION ( 'NONE',  ( 1.397133453249159513E-16, -1.000000000000000000, 0.000000000000000000 ) ) ;
#1416 = ORIENTED_EDGE ( 'NONE', *, *, #1270, .F. ) ;
#1417 = CARTESIAN_POINT ( 'NONE',  ( 29.40408134936372875, 5.200000000000013500, -3.400000000000000355 ) ) ;
#1418 = CARTESIAN_POINT ( 'NONE',  ( 29.80408134936371667, 5.200000000000013500, 3.400000000000000355 ) ) ;
#1419 = ORIENTED_EDGE ( 'NONE', *, *, #2865, .T. ) ;
#1420 = EDGE_LOOP ( 'NONE', ( #1129, #1300, #1098, #2152 ) ) ;
#1421 = CARTESIAN_POINT ( 'NONE',  ( -16.09807621135342259, 2.599999999999993872, -21.88268590217977305 ) ) ;
#1422 = ADVANCED_FACE ( 'NONE', ( #1243 ), #1995, .F. ) ;
#1423 = ORIENTED_EDGE ( 'NONE', *, *, #1783, .F. ) ;
#1424 = CARTESIAN_POINT ( 'NONE',  ( 27.00000000000000000, 5.200000000000012612, -3.000000000000000000 ) ) ;
#1425 = ORIENTED_EDGE ( 'NONE', *, *, #165, .F. ) ;
#1426 = PLANE ( 'NONE',  #1554 ) ;
#1427 = EDGE_CURVE ( 'NONE', #1737, #1899, #516, .T. ) ;
#1428 = CIRCLE ( 'NONE', #609, 2.999999999999999112 ) ;
#1429 = FACE_OUTER_BOUND ( 'NONE', #2217, .T. ) ;
#1430 = VECTOR ( 'NONE', #1295, 1000.000000000000000 ) ;
#1431 = CARTESIAN_POINT ( 'NONE',  ( 24.00000000000000000, 5.200000000000004619, 0.000000000000000000 ) ) ;
#1432 = ADVANCED_FACE ( 'NONE', ( #219 ), #412, .T. ) ;
#1433 = DIRECTION ( 'NONE',  ( 9.879225390150633277E-17, -0.7071067811865506814, 0.7071067811865443531 ) ) ;
#1434 = ORIENTED_EDGE ( 'NONE', *, *, #1235, .T. ) ;
#1435 = VECTOR ( 'NONE', #1414, 1000.000000000000000 ) ;
#1436 = CARTESIAN_POINT ( 'NONE',  ( 1.248329694244059610E-15, 5.200000000000008171, 0.000000000000000000 ) ) ;
#1437 = DIRECTION ( 'NONE',  ( -1.397133453249159513E-16, 1.000000000000000000, -0.000000000000000000 ) ) ;
#1438 = VECTOR ( 'NONE', #437, 1000.000000000000000 ) ;
#1440 = CIRCLE ( 'NONE', #2178, 3.399999999999989697 ) ;
#1439 = LINE ( 'NONE', #2136, #718 ) ;
#1441 = ORIENTED_EDGE ( 'NONE', *, *, #1535, .F. ) ;
#1442 = LINE ( 'NONE', #2444, #2583 ) ;
#1443 = AXIS2_PLACEMENT_3D ( 'NONE', #2843, #2860, #131 ) ;
#1444 = VECTOR ( 'NONE', #1002, 1000.000000000000114 ) ;
#1445 = VERTEX_POINT ( 'NONE', #536 ) ;
#1446 = DIRECTION ( 'NONE',  ( -0.000000000000000000, 0.000000000000000000, -1.000000000000000000 ) ) ;
#1447 = VERTEX_POINT ( 'NONE', #961 ) ;
#1448 = DIRECTION ( 'NONE',  ( 1.000000000000000000, 1.445602896647339163E-16, 0.000000000000000000 ) ) ;
#1449 = DIRECTION ( 'NONE',  ( -1.000000000000000000, 0.000000000000000000, 0.000000000000000000 ) ) ;
#1450 = PERSON_AND_ORGANIZATION_ROLE ( 'design_owner' ) ;
#1451 = ORIENTED_EDGE ( 'NONE', *, *, #1980, .F. ) ;
#1452 = DIRECTION ( 'NONE',  ( 1.397133453249159513E-16, -1.000000000000000000, 0.000000000000000000 ) ) ;
#1453 = APPROVAL ( #2452, 'UNSPECIFIED' ) ;
#1454 = CARTESIAN_POINT ( 'NONE',  ( 1.248329694244061385E-15, 5.199999999999996625, 0.000000000000000000 ) ) ;
#1455 = CARTESIAN_POINT ( 'NONE',  ( -17.88499362927237257, 5.200000000000006395, 24.08582576705408229 ) ) ;
#1456 = ORIENTED_EDGE ( 'NONE', *, *, #2244, .T. ) ;
#1457 = CARTESIAN_POINT ( 'NONE',  ( -12.15755430181452290, 2.599999999999994760, 27.16468142349330961 ) ) ;
#1458 = ORIENTED_EDGE ( 'NONE', *, *, #561, .F. ) ;
#1459 = CARTESIAN_POINT ( 'NONE',  ( 2.480513627133015930, 5.599999999999996092, 11.09637563106121938 ) ) ;
#1460 = CARTESIAN_POINT ( 'NONE',  ( 12.15755430181470054, 5.200000000000009948, -27.16468142349323500 ) ) ;
#1461 = CARTESIAN_POINT ( 'NONE',  ( 17.30011688603545750, 2.599999999999998757, 23.96468142349300123 ) ) ;
#1462 = DIRECTION ( 'NONE',  ( -1.000000000000000000, 0.000000000000000000, 0.000000000000000000 ) ) ;
#1463 = EDGE_CURVE ( 'NONE', #1950, #1445, #274, .T. ) ;
#1464 = EDGE_CURVE ( 'NONE', #1990, #1899, #259, .T. ) ;
#1465 = FACE_OUTER_BOUND ( 'NONE', #789, .T. ) ;
#1466 = APPROVAL_ROLE ( '' ) ;
#1467 = EDGE_LOOP ( 'NONE', ( #2375, #1266 ) ) ;
#1468 = CARTESIAN_POINT ( 'NONE',  ( 0.000000000000000000, 14.13493525146762408, 0.000000000000000000 ) ) ;
#1469 = EDGE_CURVE ( 'NONE', #13, #786, #3000, .T. ) ;
#1470 = CARTESIAN_POINT ( 'NONE',  ( -10.90192378864680300, 5.200000000000005507, -24.88268590217979792 ) ) ;
#1471 = CYLINDRICAL_SURFACE ( 'NONE', #2748, 0.4000000000000010214 ) ;
#1472 = ORIENTED_EDGE ( 'NONE', *, *, #3156, .F. ) ;
#1473 = EDGE_CURVE ( 'NONE', #1851, #810, #668, .T. ) ;
#1474 = VERTEX_POINT ( 'NONE', #1106 ) ;
#1475 = DIRECTION ( 'NONE',  ( -0.5000000000000101030, -2.345210304699486243E-16, -0.8660254037844328234 ) ) ;
#1476 = PRODUCT_DEFINITION_SHAPE ( 'NONE', 'NONE',  #1617 ) ;
#1477 = EDGE_CURVE ( 'NONE', #3018, #1447, #1181, .T. ) ;
#1478 = EDGE_LOOP ( 'NONE', ( #893, #816, #852, #1963 ) ) ;
#1479 = CARTESIAN_POINT ( 'NONE',  ( 13.49999999999994671, 5.199999999999995737, -23.38268590217987608 ) ) ;
#1480 = VERTEX_POINT ( 'NONE', #1847 ) ;
#1481 = FACE_OUTER_BOUND ( 'NONE', #1926, .T. ) ;
#1482 = DIRECTION ( 'NONE',  ( 0.000000000000000000, 1.000000000000000000, 0.000000000000000000 ) ) ;
#1483 = CARTESIAN_POINT ( 'NONE',  ( -11.75755430181489736, 2.599999999999994760, -27.16468142349314618 ) ) ;
#1484 = AXIS2_PLACEMENT_3D ( 'NONE', #1301, #75, #894 ) ;
#1485 = PERSON_AND_ORGANIZATION ( #2291, #1974 ) ;
#1486 = ORIENTED_EDGE ( 'NONE', *, *, #2064, .T. ) ;
#1487 = CYLINDRICAL_SURFACE ( 'NONE', #1332, 22.10000000000000142 ) ;
#1488 = CIRCLE ( 'NONE', #2014, 0.4000000000000010214 ) ;
#1489 = DIRECTION ( 'NONE',  ( -1.000000000000000000, 0.000000000000000000, -8.673617379884051249E-15 ) ) ;
#1490 = CARTESIAN_POINT ( 'NONE',  ( 13.50000000000027178, -9.540979117872439019E-15, 21.68268590217968494 ) ) ;
#1491 = ORIENTED_EDGE ( 'NONE', *, *, #3015, .T. ) ;
#1492 = CIRCLE ( 'NONE', #2073, 29.60000000000000853 ) ;
#1493 = VERTEX_POINT ( 'NONE', #3078 ) ;
#1494 = CARTESIAN_POINT ( 'NONE',  ( 11.75755430181470906, 14.13493525146762586, -27.16468142349323500 ) ) ;
#1495 = AXIS2_PLACEMENT_3D ( 'NONE', #2119, #2055, #1309 ) ;
#1496 = AXIS2_PLACEMENT_3D ( 'NONE', #2870, #1630, #1122 ) ;
#1497 = VERTEX_POINT ( 'NONE', #2565 ) ;
#1498 = DIRECTION ( 'NONE',  ( 1.397133453249159513E-16, -1.000000000000000000, 0.000000000000000000 ) ) ;
#1499 = AXIS2_PLACEMENT_3D ( 'NONE', #2558, #1051, #570 ) ;
#1500 = VECTOR ( 'NONE', #533, 1000.000000000000000 ) ;
#1501 = CARTESIAN_POINT ( 'NONE',  ( 27.00000000000000000, 5.599999999999999645, 0.000000000000000000 ) ) ;
#1502 = CARTESIAN_POINT ( 'NONE',  ( -17.64652704754906765, 2.599999999999994760, -23.76468142349311918 ) ) ;
#1503 = AXIS2_PLACEMENT_3D ( 'NONE', #632, #2413, #2905 ) ;
#1504 = VERTEX_POINT ( 'NONE', #65 ) ;
#1505 = CARTESIAN_POINT ( 'NONE',  ( 11.75755430181508920, 5.200000000000009948, 27.16468142349306802 ) ) ;
#1506 = CARTESIAN_POINT ( 'NONE',  ( -27.00000000000000000, 5.599999999999992539, 0.000000000000000000 ) ) ;
#1507 = ORIENTED_EDGE ( 'NONE', *, *, #722, .F. ) ;
#1508 = DIRECTION ( 'NONE',  ( 1.397133453249159513E-16, -1.000000000000000000, 0.000000000000000000 ) ) ;
#1509 = DIRECTION ( 'NONE',  ( 0.000000000000000000, 1.000000000000000000, 0.000000000000000000 ) ) ;
#1510 = DIRECTION ( 'NONE',  ( -1.000000000000000000, -1.397133453249159513E-16, 0.000000000000000000 ) ) ;
#1511 = EDGE_CURVE ( 'NONE', #2497, #2585, #1058, .T. ) ;
#1512 = ORIENTED_EDGE ( 'NONE', *, *, #2317, .T. ) ;
#1513 = ORIENTED_EDGE ( 'NONE', *, *, #3039, .T. ) ;
#1514 = CARTESIAN_POINT ( 'NONE',  ( 0.000000000000000000, 14.13493525146762408, 0.000000000000000000 ) ) ;
#1515 = VERTEX_POINT ( 'NONE', #1093 ) ;
#1516 = CARTESIAN_POINT ( 'NONE',  ( 1.192444356114094955E-15, 5.599999999999995204, 0.000000000000000000 ) ) ;
#1517 = DIRECTION ( 'NONE',  ( 1.000000000000000000, 0.000000000000000000, 0.000000000000000000 ) ) ;
#1518 = ORIENTED_EDGE ( 'NONE', *, *, #3064, .T. ) ;
#1519 = ADVANCED_FACE ( 'NONE', ( #2819 ), #3065, .F. ) ;
#1520 = EDGE_CURVE ( 'NONE', #503, #323, #3155, .T. ) ;
#1521 = CARTESIAN_POINT ( 'NONE',  ( 13.49999999999994671, 5.599999999999997868, -23.38268590217987608 ) ) ;
#1522 = LINE ( 'NONE', #2083, #1816 ) ;
#1523 = SECURITY_CLASSIFICATION_LEVEL ( 'unclassified' ) ;
#1524 = ORIENTED_EDGE ( 'NONE', *, *, #2219, .T. ) ;
#1525 = DIRECTION ( 'NONE',  ( 1.000000000000000000, 2.551063935260015421E-16, 0.000000000000000000 ) ) ;
#1526 = LINE ( 'NONE', #1280, #1704 ) ;
#1527 = CYLINDRICAL_SURFACE ( 'NONE', #723, 30.00000000000000000 ) ;
#1528 = VERTEX_POINT ( 'NONE', #3044 ) ;
#1529 = VERTEX_POINT ( 'NONE', #1580 ) ;
#1530 = DIRECTION ( 'NONE',  ( 1.397133453249159513E-16, -1.000000000000000000, 0.000000000000000000 ) ) ;
#1531 = ORIENTED_EDGE ( 'NONE', *, *, #994, .F. ) ;
#1532 = FACE_OUTER_BOUND ( 'NONE', #735, .T. ) ;
#1533 = CARTESIAN_POINT ( 'NONE',  ( 13.50000000000027178, -9.540979117872439019E-15, 23.38268590217968423 ) ) ;
#1534 = EDGE_CURVE ( 'NONE', #525, #2299, #2233, .T. ) ;
#1535 = EDGE_CURVE ( 'NONE', #2611, #2678, #2691, .T. ) ;
#1536 = DIRECTION ( 'NONE',  ( 1.000000000000000000, 1.397133453249159513E-16, -0.000000000000000000 ) ) ;
#1537 = CARTESIAN_POINT ( 'NONE',  ( 16.09807621135356825, 2.599999999999998312, 21.88268590217965581 ) ) ;
#1538 = CIRCLE ( 'NONE', #2416, 22.09999999999999787 ) ;
#1539 = ORIENTED_EDGE ( 'NONE', *, *, #1908, .F. ) ;
#1540 = CARTESIAN_POINT ( 'NONE',  ( 29.40408134936372875, 14.13493525146762764, 3.400000000000000355 ) ) ;
#1541 = AXIS2_PLACEMENT_3D ( 'NONE', #2864, #1397, #86 ) ;
#1542 = EDGE_CURVE ( 'NONE', #277, #1265, #1353, .T. ) ;
#1543 = FACE_OUTER_BOUND ( 'NONE', #1321, .T. ) ;
#1544 = EDGE_LOOP ( 'NONE', ( #2855, #2088, #19, #1545 ) ) ;
#1545 = ORIENTED_EDGE ( 'NONE', *, *, #939, .F. ) ;
#1546 = AXIS2_PLACEMENT_3D ( 'NONE', #555, #300, #2472 ) ;
#1547 = DIRECTION ( 'NONE',  ( -1.000000000000000000, 0.000000000000000000, 0.000000000000000000 ) ) ;
#1548 = CIRCLE ( 'NONE', #970, 29.60000000000000853 ) ;
#1549 = EDGE_LOOP ( 'NONE', ( #39, #1804, #2048, #1795 ) ) ;
#1550 = LINE ( 'NONE', #2551, #1279 ) ;
#1551 = AXIS2_PLACEMENT_3D ( 'NONE', #1454, #451, #986 ) ;
#1552 = AXIS2_PLACEMENT_3D ( 'NONE', #2672, #445, #1187 ) ;
#1553 = AXIS2_PLACEMENT_3D ( 'NONE', #2068, #1824, #2584 ) ;
#1554 = AXIS2_PLACEMENT_3D ( 'NONE', #168, #1153, #1907 ) ;
#1555 = EDGE_CURVE ( 'NONE', #2035, #3086, #2805, .T. ) ;
#1556 = DIRECTION ( 'NONE',  ( 0.7071067811865491270, -0.7071067811865459074, 0.000000000000000000 ) ) ;
#1557 = AXIS2_PLACEMENT_3D ( 'NONE', #749, #37, #2021 ) ;
#1558 = CIRCLE ( 'NONE', #1443, 2.999999999999999112 ) ;
#1559 = AXIS2_PLACEMENT_3D ( 'NONE', #2461, #2942, #1746 ) ;
#1560 = ORIENTED_EDGE ( 'NONE', *, *, #246, .F. ) ;
#1561 = PLANE ( 'NONE',  #1760 ) ;
#1562 = DIRECTION ( 'NONE',  ( -1.000000000000000000, -1.199117610122216824E-16, 0.000000000000000000 ) ) ;
#1563 = EDGE_CURVE ( 'NONE', #2437, #78, #2311, .T. ) ;
#1564 = ORIENTED_EDGE ( 'NONE', *, *, #2139, .F. ) ;
#1565 = DIRECTION ( 'NONE',  ( -1.397133453249159513E-16, 1.000000000000000000, -0.000000000000000000 ) ) ;
#1566 = ORIENTED_EDGE ( 'NONE', *, *, #1273, .T. ) ;
#1567 = LINE ( 'NONE', #512, #1065 ) ;
#1568 = CARTESIAN_POINT ( 'NONE',  ( 27.00000000000000000, 2.600000000000000089, 0.000000000000000000 ) ) ;
#1569 = VERTEX_POINT ( 'NONE', #2110 ) ;
#1570 = FACE_OUTER_BOUND ( 'NONE', #2632, .T. ) ;
#1571 = CYLINDRICAL_SURFACE ( 'NONE', #1176, 1.699999999999993072 ) ;
#1572 = ORIENTED_EDGE ( 'NONE', *, *, #1534, .F. ) ;
#1573 = DIRECTION ( 'NONE',  ( -0.5000000000000101030, -6.985667266245940544E-17, -0.8660254037844328234 ) ) ;
#1574 = CYLINDRICAL_SURFACE ( 'NONE', #1031, 0.3999999999999993006 ) ;
#1575 = ADVANCED_FACE ( 'NONE', ( #1047 ), #1597, .F. ) ;
#1576 = VERTEX_POINT ( 'NONE', #1864 ) ;
#1577 = FACE_OUTER_BOUND ( 'NONE', #2335, .T. ) ;
#1578 = EDGE_CURVE ( 'NONE', #1281, #2437, #3031, .T. ) ;
#1579 = ORIENTED_EDGE ( 'NONE', *, *, #295, .F. ) ;
#1580 = CARTESIAN_POINT ( 'NONE',  ( -13.50000000000011191, 5.599999999999994316, -19.98268590217977092 ) ) ;
#1581 = EDGE_LOOP ( 'NONE', ( #2466, #1327, #87, #1268 ) ) ;
#1582 = FACE_OUTER_BOUND ( 'NONE', #1862, .T. ) ;
#1583 = FACE_OUTER_BOUND ( 'NONE', #266, .T. ) ;
#1584 = VERTEX_POINT ( 'NONE', #336 ) ;
#1585 = CARTESIAN_POINT ( 'NONE',  ( 17.30011688603545750, 5.200000000000011724, 23.96468142349300123 ) ) ;
#1586 = CARTESIAN_POINT ( 'NONE',  ( 27.00000000000000000, 2.600000000000000089, 0.000000000000000000 ) ) ;
#1587 = VECTOR ( 'NONE', #2376, 1000.000000000000000 ) ;
#1588 = CARTESIAN_POINT ( 'NONE',  ( 16.09807621135326272, 5.200000000000010836, -21.88268590217988319 ) ) ;
#1589 = ADVANCED_FACE ( 'NONE', ( #2579 ), #1797, .F. ) ;
#1590 = EDGE_LOOP ( 'NONE', ( #2989, #778, #689, #2549 ) ) ;
#1591 = CARTESIAN_POINT ( 'NONE',  ( 21.69999999999999929, 5.599999999999997868, 2.657483554149756738E-15 ) ) ;
#1592 = CIRCLE ( 'NONE', #1861, 30.00000000000000355 ) ;
#1593 = EDGE_CURVE ( 'NONE', #72, #573, #1440, .T. ) ;
#1594 = ORIENTED_EDGE ( 'NONE', *, *, #1244, .F. ) ;
#1595 = DIRECTION ( 'NONE',  ( -1.397133453249160006E-16, 1.000000000000000000, 4.930380657631323784E-32 ) ) ;
#1596 = VECTOR ( 'NONE', #3127, 1000.000000000000000 ) ;
#1597 = PLANE ( 'NONE',  #2598 ) ;
#1598 = CIRCLE ( 'NONE', #1499, 3.000000000000000000 ) ;
#1599 = AXIS2_PLACEMENT_3D ( 'NONE', #2554, #1333, #808 ) ;
#1600 = ORIENTED_EDGE ( 'NONE', *, *, #2056, .T. ) ;
#1601 = VECTOR ( 'NONE', #136, 1000.000000000000000 ) ;
#1602 = DIRECTION ( 'NONE',  ( 0.6123724356958021309, 0.7071067811865437980, 0.3535533905932680687 ) ) ;
#1603 = VECTOR ( 'NONE', #83, 1000.000000000000000 ) ;
#1604 = ORIENTED_EDGE ( 'NONE', *, *, #604, .T. ) ;
#1605 = DIRECTION ( 'NONE',  ( -1.000000000000000000, 0.000000000000000000, -7.589415207398512105E-15 ) ) ;
#1606 = PLANE ( 'NONE',  #2850 ) ;
#1607 = VERTEX_POINT ( 'NONE', #2786 ) ;
#1608 = DIRECTION ( 'NONE',  ( 1.397133453249159513E-16, -1.000000000000000000, 0.000000000000000000 ) ) ;
#1609 = EDGE_CURVE ( 'NONE', #713, #1873, #826, .T. ) ;
#1610 = EDGE_CURVE ( 'NONE', #2941, #3018, #110, .T. ) ;
#1611 = VERTEX_POINT ( 'NONE', #3172 ) ;
#1612 = CARTESIAN_POINT ( 'NONE',  ( 13.49999999999994671, -9.540979117872439019E-15, -21.68268590217988034 ) ) ;
#1613 = CARTESIAN_POINT ( 'NONE',  ( -17.88499362927270653, 14.13493525146762231, -24.08582576705383715 ) ) ;
#1614 = ADVANCED_FACE ( 'NONE', ( #2671 ), #1917, .T. ) ;
#1615 = CARTESIAN_POINT ( 'NONE',  ( 10.50000000000027356, 2.599999999999997868, 23.38268590217968423 ) ) ;
#1616 = CARTESIAN_POINT ( 'NONE',  ( 17.88499362927253600, 5.200000000000009948, -24.08582576705396860 ) ) ;
#1617 = PRODUCT_DEFINITION ( 'UNKNOWN', '', #1870, #1206 ) ;
#1618 = FACE_OUTER_BOUND ( 'NONE', #409, .T. ) ;
#1619 = ORIENTED_EDGE ( 'NONE', *, *, #2660, .F. ) ;
#1620 = DIRECTION ( 'NONE',  ( -1.397133453249159759E-16, 1.000000000000000000, -1.298570318285507396E-32 ) ) ;
#1621 = DIRECTION ( 'NONE',  ( 1.397133453249159513E-16, -1.000000000000000000, -0.000000000000000000 ) ) ;
#1622 = DIRECTION ( 'NONE',  ( -1.000000000000000000, -1.397133453249159513E-16, 0.000000000000000000 ) ) ;
#1623 = VERTEX_POINT ( 'NONE', #2169 ) ;
#1624 = CARTESIAN_POINT ( 'NONE',  ( 13.49999999999994671, 5.599999999999997868, -23.38268590217987608 ) ) ;
#1625 = ORIENTED_EDGE ( 'NONE', *, *, #1534, .T. ) ;
#1626 = CARTESIAN_POINT ( 'NONE',  ( -13.50000000000011191, 5.199999999999978861, -23.38268590217978726 ) ) ;
#1627 = DIRECTION ( 'NONE',  ( 0.2808731884115580613, 0.7071067811865445751, -0.6489300825447449350 ) ) ;
#1628 = EDGE_CURVE ( 'NONE', #896, #1611, #1141, .T. ) ;
#1629 = EDGE_CURVE ( 'NONE', #2280, #1905, #1290, .T. ) ;
#1630 = DIRECTION ( 'NONE',  ( 0.000000000000000000, 1.000000000000000000, 0.000000000000000000 ) ) ;
#1631 = DIRECTION ( 'NONE',  ( 1.000000000000000000, 0.000000000000000000, 0.000000000000000000 ) ) ;
#1632 = CARTESIAN_POINT ( 'NONE',  ( 11.91644017075815221, 5.200000000000009948, -27.53177171299990178 ) ) ;
#1633 = EDGE_CURVE ( 'NONE', #2460, #1737, #1705, .T. ) ;
#1634 = ORIENTED_EDGE ( 'NONE', *, *, #33, .F. ) ;
#1635 = DIRECTION ( 'NONE',  ( 0.000000000000000000, 0.7071067811865444641, 0.7071067811865505703 ) ) ;
#1636 = CARTESIAN_POINT ( 'NONE',  ( 13.49999999999994671, 5.599999999999997868, -21.68268590217988390 ) ) ;
#1637 = VERTEX_POINT ( 'NONE', #911 ) ;
#1638 = DIRECTION ( 'NONE',  ( 1.000000000000000000, 2.551063935260012956E-16, 0.000000000000000000 ) ) ;
#1639 = VECTOR ( 'NONE', #1769, 1000.000000000000000 ) ;
#1640 = ORIENTED_EDGE ( 'NONE', *, *, #1037, .F. ) ;
#1641 = CARTESIAN_POINT ( 'NONE',  ( 16.44448637286735604, 5.599999999999997868, 21.68268590217964231 ) ) ;
#1642 = CARTESIAN_POINT ( 'NONE',  ( -16.09807621135311351, 2.599999999999993872, 21.88268590217998977 ) ) ;
#1643 = AXIS2_PLACEMENT_3D ( 'NONE', #40, #2781, #1022 ) ;
#1644 = EDGE_CURVE ( 'NONE', #1303, #2247, #1382, .T. ) ;
#1645 = VECTOR ( 'NONE', #1635, 1000.000000000000000 ) ;
#1646 = CARTESIAN_POINT ( 'NONE',  ( 29.80143380003080722, 2.600000000000000533, 3.445945945945946498 ) ) ;
#1647 = AXIS2_PLACEMENT_3D ( 'NONE', #2980, #1201, #270 ) ;
#1648 = AXIS2_PLACEMENT_3D ( 'NONE', #2245, #1734, #2759 ) ;
#1649 = ADVANCED_FACE ( 'NONE', ( #945 ), #151, .T. ) ;
#1650 = CARTESIAN_POINT ( 'NONE',  ( 10.90192378864697353, 5.200000000000009948, 24.88268590217971621 ) ) ;
#1651 = CIRCLE ( 'NONE', #1553, 30.00000000000000000 ) ;
#1652 = VECTOR ( 'NONE', #291, 1000.000000000000000 ) ;
#1653 = EDGE_LOOP ( 'NONE', ( #2830, #2419, #836, #492 ) ) ;
#1654 = CARTESIAN_POINT ( 'NONE',  ( 10.50000000000027356, 5.199999999999982414, 23.38268590217968423 ) ) ;
#1655 = AXIS2_PLACEMENT_3D ( 'NONE', #1483, #446, #1996 ) ;
#1656 = EDGE_CURVE ( 'NONE', #277, #2003, #1894, .T. ) ;
#1657 = AXIS2_PLACEMENT_3D ( 'NONE', #2896, #2141, #607 ) ;
#1658 = DIRECTION ( 'NONE',  ( 0.4999999999999920064, 6.985667266245685397E-17, -0.8660254037844432595 ) ) ;
#1659 = ADVANCED_FACE ( 'NONE', ( #1119 ), #2881, .F. ) ;
#1660 = EDGE_LOOP ( 'NONE', ( #3054, #649, #50, #2743 ) ) ;
#1661 = AXIS2_PLACEMENT_3D ( 'NONE', #1365, #1400, #2398 ) ;
#1662 = CARTESIAN_POINT ( 'NONE',  ( -29.80408134936372733, 14.13493525146762053, 3.400000000000000355 ) ) ;
#1663 = EDGE_LOOP ( 'NONE', ( #990, #3095, #1940, #867 ) ) ;
#1664 = CYLINDRICAL_SURFACE ( 'NONE', #726, 0.4000000000000010214 ) ;
#1665 = CARTESIAN_POINT ( 'NONE',  ( -10.90192378864645484, 5.200000000000006395, 24.88268590217994358 ) ) ;
#1666 = DIRECTION ( 'NONE',  ( 1.000000000000000000, 1.445602896647339163E-16, 0.000000000000000000 ) ) ;
#1667 = DIRECTION ( 'NONE',  ( 0.000000000000000000, 0.000000000000000000, 1.000000000000000000 ) ) ;
#1668 = ORIENTED_EDGE ( 'NONE', *, *, #2769, .F. ) ;
#1669 = CARTESIAN_POINT ( 'NONE',  ( 29.40408134936372875, 5.200000000000013500, 3.400000000000000355 ) ) ;
#1670 = EDGE_CURVE ( 'NONE', #1504, #573, #651, .T. ) ;
#1671 = DIRECTION ( 'NONE',  ( 0.000000000000000000, 0.000000000000000000, -1.000000000000000000 ) ) ;
#1672 = VERTEX_POINT ( 'NONE', #1366 ) ;
#1673 = EDGE_CURVE ( 'NONE', #1145, #2758, #2365, .T. ) ;
#1674 = DIRECTION ( 'NONE',  ( -0.000000000000000000, 1.000000000000000000, -4.930380657631323784E-32 ) ) ;
#1675 = ORIENTED_EDGE ( 'NONE', *, *, #1852, .F. ) ;
#1676 = DIRECTION ( 'NONE',  ( 1.000000000000000000, 1.465138070926356977E-16, 0.000000000000000000 ) ) ;
#1677 = EDGE_LOOP ( 'NONE', ( #2006, #2986 ) ) ;
#1678 = LINE ( 'NONE', #431, #2901 ) ;
#1679 = ADVANCED_FACE ( 'NONE', ( #2399, #931 ), #1426, .T. ) ;
#1680 = CARTESIAN_POINT ( 'NONE',  ( 12.10396446332848797, 2.599999999999998757, -26.96468142349323927 ) ) ;
#1681 = CARTESIAN_POINT ( 'NONE',  ( 22.10000000000000142, 4.800000000000000711, 2.706469426115650955E-15 ) ) ;
#1682 = VERTEX_POINT ( 'NONE', #1186 ) ;
#1683 = CARTESIAN_POINT ( 'NONE',  ( -13.50000000000011191, 2.599999999999993872, -23.38268590217978726 ) ) ;
#1684 = CARTESIAN_POINT ( 'NONE',  ( 13.49999999999994671, -9.540979117872439019E-15, -23.38268590217987608 ) ) ;
#1685 = CARTESIAN_POINT ( 'NONE',  ( 29.40408134936372875, 5.200000000000013500, 3.000000000000000000 ) ) ;
#1686 = ORIENTED_EDGE ( 'NONE', *, *, #178, .F. ) ;
#1687 = ORIENTED_EDGE ( 'NONE', *, *, #2192, .F. ) ;
#1688 = DIRECTION ( 'NONE',  ( 1.000000000000000000, 0.000000000000000000, -0.000000000000000000 ) ) ;
#1689 = VERTEX_POINT ( 'NONE', #1929 ) ;
#1690 = DIRECTION ( 'NONE',  ( 1.000000000000000000, 0.000000000000000000, 0.000000000000000000 ) ) ;
#1691 = CARTESIAN_POINT ( 'NONE',  ( 1.974839089933624578E-15, -3.469446951953614189E-15, 0.000000000000000000 ) ) ;
#1692 = LINE ( 'NONE', #959, #1500 ) ;
#1693 = AXIS2_PLACEMENT_3D ( 'NONE', #1516, #1045, #1992 ) ;
#1694 = EDGE_CURVE ( 'NONE', #1607, #504, #886, .T. ) ;
#1695 = VECTOR ( 'NONE', #1475, 1000.000000000000000 ) ;
#1696 = CARTESIAN_POINT ( 'NONE',  ( -13.50000000000011191, 2.599999999999993872, -23.38268590217978726 ) ) ;
#1697 = AXIS2_PLACEMENT_3D ( 'NONE', #522, #2230, #2467 ) ;
#1698 = DIRECTION ( 'NONE',  ( 1.000000000000000000, 0.000000000000000000, 0.000000000000000000 ) ) ;
#1699 = APPLICATION_PROTOCOL_DEFINITION ( 'international standard', 'config_control_design', 1994, #453 ) ;
#1700 = ORIENTED_EDGE ( 'NONE', *, *, #1367, .T. ) ;
#1701 = CIRCLE ( 'NONE', #1552, 2.999999999999999112 ) ;
#1702 = LINE ( 'NONE', #1406, #1171 ) ;
#1703 = CYLINDRICAL_SURFACE ( 'NONE', #2388, 0.4000000000000010214 ) ;
#1704 = VECTOR ( 'NONE', #1038, 1000.000000000000114 ) ;
#1705 = CIRCLE ( 'NONE', #518, 30.00000000000000000 ) ;
#1706 = ORIENTED_EDGE ( 'NONE', *, *, #88, .F. ) ;
#1707 = ORIENTED_EDGE ( 'NONE', *, *, #807, .T. ) ;
#1708 = DIRECTION ( 'NONE',  ( -1.397133453249159513E-16, 1.000000000000000000, -0.000000000000000000 ) ) ;
#1709 = VECTOR ( 'NONE', #140, 1000.000000000000000 ) ;
#1710 = CIRCLE ( 'NONE', #203, 2.999999999999999112 ) ;
#1711 = EDGE_CURVE ( 'NONE', #530, #664, #1813, .T. ) ;
#1712 = AXIS2_PLACEMENT_3D ( 'NONE', #957, #2186, #1954 ) ;
#1713 = ORIENTED_EDGE ( 'NONE', *, *, #473, .T. ) ;
#1714 = FACE_OUTER_BOUND ( 'NONE', #1544, .T. ) ;
#1715 = EDGE_LOOP ( 'NONE', ( #1700, #2581 ) ) ;
#1716 = LINE ( 'NONE', #1240, #879 ) ;
#1717 = EDGE_CURVE ( 'NONE', #1480, #459, #2914, .T. ) ;
#1718 = EDGE_CURVE ( 'NONE', #3016, #2271, #2899, .T. ) ;
#1719 = DIRECTION ( 'NONE',  ( 1.397133453249160499E-16, -1.000000000000000000, -0.000000000000000000 ) ) ;
#1720 = CARTESIAN_POINT ( 'NONE',  ( -27.00000000000000000, 5.599999999999992539, 3.399999999999990585 ) ) ;
#1721 =( LENGTH_UNIT ( ) NAMED_UNIT ( * ) SI_UNIT ( .MILLI., .METRE. ) );
#1722 = ORIENTED_EDGE ( 'NONE', *, *, #1711, .F. ) ;
#1723 = CARTESIAN_POINT ( 'NONE',  ( -29.40408134936372875, 5.200000000000004619, -3.400000000000000355 ) ) ;
#1724 = EDGE_CURVE ( 'NONE', #2159, #645, #1678, .T. ) ;
#1725 = LINE ( 'NONE', #6, #157 ) ;
#1726 = FACE_BOUND ( 'NONE', #2457, .T. ) ;
#1727 = ORIENTED_EDGE ( 'NONE', *, *, #1780, .F. ) ;
#1728 = ORIENTED_EDGE ( 'NONE', *, *, #537, .T. ) ;
#1729 = DIRECTION ( 'NONE',  ( 1.397133453249160252E-16, -1.000000000000000000, -4.930380657631323784E-32 ) ) ;
#1730 = ORIENTED_EDGE ( 'NONE', *, *, #2306, .F. ) ;
#1731 = DIRECTION ( 'NONE',  ( -0.5000000000000041078, -6.985667266245855495E-17, -0.8660254037844363761 ) ) ;
#1732 = ORIENTED_EDGE ( 'NONE', *, *, #15, .T. ) ;
#1733 = CARTESIAN_POINT ( 'NONE',  ( -29.80408134936372733, 5.200000000000004619, -3.400000000000000355 ) ) ;
#1734 = DIRECTION ( 'NONE',  ( -1.397133453249160252E-16, 1.000000000000000000, 4.930380657631323784E-32 ) ) ;
#1735 = EDGE_CURVE ( 'NONE', #2665, #2732, #2411, .T. ) ;
#1736 = CARTESIAN_POINT ( 'NONE',  ( 13.49999999999994671, 5.599999999999997868, -23.38268590217987608 ) ) ;
#1737 = VERTEX_POINT ( 'NONE', #2966 ) ;
#1738 = CARTESIAN_POINT ( 'NONE',  ( 11.75755430181471084, 5.200000000000009948, -27.16468142349323500 ) ) ;
#1739 = CARTESIAN_POINT ( 'NONE',  ( -11.75755430181452255, 2.599999999999994760, 27.16468142349330961 ) ) ;
#1740 = EDGE_CURVE ( 'NONE', #527, #2183, #1692, .T. ) ;
#1741 = FACE_BOUND ( 'NONE', #904, .T. ) ;
#1742 = ORIENTED_EDGE ( 'NONE', *, *, #1391, .T. ) ;
#1743 = ORIENTED_EDGE ( 'NONE', *, *, #398, .F. ) ;
#1744 = DIRECTION ( 'NONE',  ( 1.397133453249159513E-16, -1.000000000000000000, 0.000000000000000000 ) ) ;
#1745 = ORIENTED_EDGE ( 'NONE', *, *, #427, .F. ) ;
#1746 = DIRECTION ( 'NONE',  ( -1.000000000000000000, -1.598823480162956012E-16, 0.000000000000000000 ) ) ;
#1747 = CARTESIAN_POINT ( 'NONE',  ( 10.90192378864662714, 2.599999999999998312, -24.88268590217986898 ) ) ;
#1748 = DIRECTION ( 'NONE',  ( 0.000000000000000000, 0.000000000000000000, 1.000000000000000000 ) ) ;
#1749 = ORIENTED_EDGE ( 'NONE', *, *, #845, .T. ) ;
#1750 = CARTESIAN_POINT ( 'NONE',  ( 1.192444356114094955E-15, 5.599999999999996092, 0.000000000000000000 ) ) ;
#1751 = ADVANCED_FACE ( 'NONE', ( #1481 ), #925, .T. ) ;
#1752 = CARTESIAN_POINT ( 'NONE',  ( -10.90192378864680300, 2.599999999999993872, -24.88268590217979792 ) ) ;
#1753 = VECTOR ( 'NONE', #1287, 1000.000000000000000 ) ;
#1754 = FACE_OUTER_BOUND ( 'NONE', #1250, .T. ) ;
#1755 = ORIENTED_EDGE ( 'NONE', *, *, #1925, .T. ) ;
#1756 = DIRECTION ( 'NONE',  ( 1.000000000000000000, 0.000000000000000000, 0.000000000000000000 ) ) ;
#1757 = AXIS2_PLACEMENT_3D ( 'NONE', #1298, #1530, #2527 ) ;
#1758 = CYLINDRICAL_SURFACE ( 'NONE', #1964, 1.699999999999993072 ) ;
#1759 = DIRECTION ( 'NONE',  ( 0.6123724356957956916, -0.7071067811865454633, -0.3535533905932757293 ) ) ;
#1760 = AXIS2_PLACEMENT_3D ( 'NONE', #1060, #2313, #95 ) ;
#1761 = EDGE_LOOP ( 'NONE', ( #2363, #2555, #76, #2308 ) ) ;
#1762 = DIRECTION ( 'NONE',  ( -1.000000000000000000, -1.598823480162956012E-16, 0.000000000000000000 ) ) ;
#1763 = ADVANCED_FACE ( 'NONE', ( #2448 ), #2082, .T. ) ;
#1764 = VECTOR ( 'NONE', #2562, 1000.000000000000000 ) ;
#1765 = AXIS2_PLACEMENT_3D ( 'NONE', #1750, #547, #483 ) ;
#1766 = ORIENTED_EDGE ( 'NONE', *, *, #2259, .T. ) ;
#1767 = AXIS2_PLACEMENT_3D ( 'NONE', #2952, #2708, #1943 ) ;
#1768 = AXIS2_PLACEMENT_3D ( 'NONE', #1959, #2260, #727 ) ;
#1769 = DIRECTION ( 'NONE',  ( -0.000000000000000000, 1.000000000000000000, 4.930380657631323784E-32 ) ) ;
#1770 = CARTESIAN_POINT ( 'NONE',  ( 12.15755430181470054, 5.200000000000009948, -27.16468142349323500 ) ) ;
#1771 = VERTEX_POINT ( 'NONE', #1064 ) ;
#1772 = ORIENTED_EDGE ( 'NONE', *, *, #2770, .T. ) ;
#1773 = FACE_OUTER_BOUND ( 'NONE', #934, .T. ) ;
#1774 = APPROVAL_STATUS ( 'not_yet_approved' ) ;
#1775 = ORIENTED_EDGE ( 'NONE', *, *, #3103, .T. ) ;
#1776 = CARTESIAN_POINT ( 'NONE',  ( 16.44448637286703274, 5.599999999999997868, -21.68268590217988745 ) ) ;
#1777 = CARTESIAN_POINT ( 'NONE',  ( -27.00000000000000000, 2.599999999999992095, 3.000000000000000000 ) ) ;
#1778 = DIRECTION ( 'NONE',  ( -1.397133453249159513E-16, 1.000000000000000000, 0.000000000000000000 ) ) ;
#1779 = ORIENTED_EDGE ( 'NONE', *, *, #2849, .T. ) ;
#1780 = EDGE_CURVE ( 'NONE', #1682, #125, #830, .T. ) ;
#1781 = VERTEX_POINT ( 'NONE', #1733 ) ;
#1782 = CARTESIAN_POINT ( 'NONE',  ( -27.00000000000000000, 2.599999999999992095, 3.000000000000000000 ) ) ;
#1783 = EDGE_CURVE ( 'NONE', #645, #8, #465, .T. ) ;
#1784 = VERTEX_POINT ( 'NONE', #2516 ) ;
#1785 = CARTESIAN_POINT ( 'NONE',  ( 13.50000000000027178, 5.599999999999997868, 21.68268590217969205 ) ) ;
#1786 = ORIENTED_EDGE ( 'NONE', *, *, #1670, .T. ) ;
#1787 = CARTESIAN_POINT ( 'NONE',  ( 29.80408134936371667, 5.200000000000013500, -3.400000000000000355 ) ) ;
#1788 = EDGE_CURVE ( 'NONE', #2239, #1672, #57, .T. ) ;
#1789 = VERTEX_POINT ( 'NONE', #1461 ) ;
#1790 = DIRECTION ( 'NONE',  ( -0.5000000000000103251, 0.000000000000000000, -0.8660254037844326014 ) ) ;
#1791 = CARTESIAN_POINT ( 'NONE',  ( -17.88499362927237613, 5.200000000000006395, 24.08582576705408584 ) ) ;
#1792 = ORIENTED_EDGE ( 'NONE', *, *, #2812, .T. ) ;
#1793 = ORIENTED_EDGE ( 'NONE', *, *, #2157, .F. ) ;
#1794 = DIRECTION ( 'NONE',  ( 1.397133453249159513E-16, -1.000000000000000000, 0.000000000000000000 ) ) ;
#1795 = ORIENTED_EDGE ( 'NONE', *, *, #1914, .F. ) ;
#1796 = CARTESIAN_POINT ( 'NONE',  ( -13.50000000000011191, 5.199999999999978861, -23.38268590217978726 ) ) ;
#1797 = PLANE ( 'NONE',  #567 ) ;
#1798 = DIRECTION ( 'NONE',  ( -1.397133453249159759E-16, 1.000000000000000000, 4.930380657631323784E-32 ) ) ;
#1799 = AXIS2_PLACEMENT_3D ( 'NONE', #577, #992, #285 ) ;
#1800 = ORIENTED_EDGE ( 'NONE', *, *, #444, .F. ) ;
#1801 = FACE_BOUND ( 'NONE', #2092, .T. ) ;
#1802 = AXIS2_PLACEMENT_3D ( 'NONE', #1009, #333, #2995 ) ;
#1803 = DIRECTION ( 'NONE',  ( 0.000000000000000000, 0.000000000000000000, 1.000000000000000000 ) ) ;
#1804 = ORIENTED_EDGE ( 'NONE', *, *, #1828, .T. ) ;
#1805 = AXIS2_PLACEMENT_3D ( 'NONE', #832, #2842, #2089 ) ;
#1806 = CARTESIAN_POINT ( 'NONE',  ( 1.974839089933624578E-15, -3.469446951953614189E-15, 0.000000000000000000 ) ) ;
#1807 = VECTOR ( 'NONE', #405, 1000.000000000000000 ) ;
#1808 = ORIENTED_EDGE ( 'NONE', *, *, #2054, .T. ) ;
#1809 = CARTESIAN_POINT ( 'NONE',  ( -3.632546978447809063E-16, 2.599999999999996536, 0.000000000000000000 ) ) ;
#1810 = CONICAL_SURFACE ( 'NONE', #661, 3.000000000000000000, 0.7853981633974645993 ) ;
#1811 = CIRCLE ( 'NONE', #1496, 2.999999999999999112 ) ;
#1812 = AXIS2_PLACEMENT_3D ( 'NONE', #524, #1778, #967 ) ;
#1813 = CIRCLE ( 'NONE', #2644, 30.00000000000000355 ) ;
#1814 = EDGE_CURVE ( 'NONE', #1948, #1027, #1716, .T. ) ;
#1815 = DIRECTION ( 'NONE',  ( -1.000000000000000000, -1.445602896647339656E-16, 0.000000000000000000 ) ) ;
#1816 = VECTOR ( 'NONE', #2341, 1000.000000000000000 ) ;
#1817 = CIRCLE ( 'NONE', #414, 0.4000000000000010214 ) ;
#1818 = FACE_OUTER_BOUND ( 'NONE', #611, .T. ) ;
#1819 = CC_DESIGN_APPROVAL ( #1378, ( #1617 ) ) ;
#1820 = EDGE_CURVE ( 'NONE', #1027, #232, #2436, .T. ) ;
#1821 = CONICAL_SURFACE ( 'NONE', #1074, 0.3999999999999906408, 0.7853981633974530530 ) ;
#1822 = ORIENTED_EDGE ( 'NONE', *, *, #2000, .F. ) ;
#1823 = DIRECTION ( 'NONE',  ( 1.397133453249159513E-16, -1.000000000000000000, 0.000000000000000000 ) ) ;
#1824 = DIRECTION ( 'NONE',  ( -1.397133453249160499E-16, 1.000000000000000000, 0.000000000000000000 ) ) ;
#1825 = EDGE_LOOP ( 'NONE', ( #1361, #2517 ) ) ;
#1826 = CARTESIAN_POINT ( 'NONE',  ( -29.40408134936372875, 2.599999999999992095, 3.000000000000000000 ) ) ;
#1827 = CARTESIAN_POINT ( 'NONE',  ( 13.49999999999994671, 5.199999999999995737, -23.38268590217987608 ) ) ;
#1828 = EDGE_CURVE ( 'NONE', #3200, #2052, #2463, .T. ) ;
#1829 = VERTEX_POINT ( 'NONE', #235 ) ;
#1830 = FACE_OUTER_BOUND ( 'NONE', #1761, .T. ) ;
#1831 = ORIENTED_EDGE ( 'NONE', *, *, #529, .T. ) ;
#1832 = ORIENTED_EDGE ( 'NONE', *, *, #657, .F. ) ;
#1833 = CARTESIAN_POINT ( 'NONE',  ( 27.00000000000000000, 2.600000000000000089, 0.000000000000000000 ) ) ;
#1834 = EDGE_CURVE ( 'NONE', #2437, #277, #2130, .T. ) ;
#1835 = ORIENTED_EDGE ( 'NONE', *, *, #252, .F. ) ;
#1836 = LINE ( 'NONE', #2343, #2894 ) ;
#1837 = DIRECTION ( 'NONE',  ( 0.000000000000000000, 0.000000000000000000, 1.000000000000000000 ) ) ;
#1838 = ORIENTED_EDGE ( 'NONE', *, *, #2638, .T. ) ;
#1839 = PLANE ( 'NONE',  #1958 ) ;
#1840 = DIRECTION ( 'NONE',  ( -1.397133453249159513E-16, 1.000000000000000000, -0.000000000000000000 ) ) ;
#1841 = LINE ( 'NONE', #2829, #461 ) ;
#1842 = CC_DESIGN_PERSON_AND_ORGANIZATION_ASSIGNMENT ( #3003, #538, ( #1870 ) ) ;
#1843 = MANIFOLD_SOLID_BREP ( 'Chamfer1', #2474 ) ;
#1844 = ORIENTED_EDGE ( 'NONE', *, *, #2396, .T. ) ;
#1845 = PLANE ( 'NONE',  #705 ) ;
#1846 = ORIENTED_EDGE ( 'NONE', *, *, #1228, .F. ) ;
#1847 = CARTESIAN_POINT ( 'NONE',  ( -17.30011688603529052, 2.599999999999994316, -23.96468142349312203 ) ) ;
#1848 = ORIENTED_EDGE ( 'NONE', *, *, #1780, .T. ) ;
#1849 = CARTESIAN_POINT ( 'NONE',  ( 27.00000000000000000, 2.600000000000000089, 3.000000000000000000 ) ) ;
#1850 = ADVANCED_FACE ( 'NONE', ( #217 ), #756, .F. ) ;
#1851 = VERTEX_POINT ( 'NONE', #1203 ) ;
#1852 = EDGE_CURVE ( 'NONE', #1145, #1689, #2646, .T. ) ;
#1853 = FACE_OUTER_BOUND ( 'NONE', #1034, .T. ) ;
#1854 = LINE ( 'NONE', #1323, #1182 ) ;
#1855 = VECTOR ( 'NONE', #27, 1000.000000000000000 ) ;
#1856 = DIRECTION ( 'NONE',  ( -1.397133453249159759E-16, 1.000000000000000000, -4.930380657631323784E-32 ) ) ;
#1857 = AXIS2_PLACEMENT_3D ( 'NONE', #2358, #3082, #1099 ) ;
#1858 = ORIENTED_EDGE ( 'NONE', *, *, #2265, .T. ) ;
#1859 = EDGE_CURVE ( 'NONE', #2758, #1480, #2754, .T. ) ;
#1860 = DIRECTION ( 'NONE',  ( -0.6123724356957924719, -0.7071067811865483499, 0.3535533905932757293 ) ) ;
#1861 = AXIS2_PLACEMENT_3D ( 'NONE', #1224, #762, #2485 ) ;
#1862 = EDGE_LOOP ( 'NONE', ( #930, #2892, #1987, #1307 ) ) ;
#1863 = DIRECTION ( 'NONE',  ( -1.397133453249159513E-16, 1.000000000000000000, -0.000000000000000000 ) ) ;
#1864 = CARTESIAN_POINT ( 'NONE',  ( -29.99999999999999289, -7.660847311701092875E-15, 0.000000000000000000 ) ) ;
#1865 = AXIS2_PLACEMENT_3D ( 'NONE', #1833, #2835, #821 ) ;
#1866 = ORIENTED_EDGE ( 'NONE', *, *, #314, .F. ) ;
#1867 = CIRCLE ( 'NONE', #2493, 2.999999999999999112 ) ;
#1868 = VECTOR ( 'NONE', #860, 1000.000000000000000 ) ;
#1869 = CARTESIAN_POINT ( 'NONE',  ( 27.00000000000000000, 2.600000000000000089, 3.000000000000000000 ) ) ;
#1870 = PRODUCT_DEFINITION_FORMATION_WITH_SPECIFIED_SOURCE ( 'ANY', '', #236, .NOT_KNOWN. ) ;
#1871 = CIRCLE ( 'NONE', #2794, 1.699999999999996625 ) ;
#1872 = DIRECTION ( 'NONE',  ( 1.000000000000000000, 0.000000000000000000, 0.000000000000000000 ) ) ;
#1873 = VERTEX_POINT ( 'NONE', #2982 ) ;
#1874 = LINE ( 'NONE', #2859, #3047 ) ;
#1875 = LINE ( 'NONE', #2573, #153 ) ;
#1876 = CARTESIAN_POINT ( 'NONE',  ( 29.40408134936372875, 2.600000000000000533, -3.000000000000000000 ) ) ;
#1877 = VERTEX_POINT ( 'NONE', #2944 ) ;
#1878 = DIRECTION ( 'NONE',  ( 1.397133453249159759E-16, -1.000000000000000000, -4.930380657631323784E-32 ) ) ;
#1879 = ADVANCED_FACE ( 'NONE', ( #1979 ), #721, .F. ) ;
#1880 = ORIENTED_EDGE ( 'NONE', *, *, #1740, .T. ) ;
#1881 = FACE_OUTER_BOUND ( 'NONE', #1183, .T. ) ;
#1882 = DIRECTION ( 'NONE',  ( 1.397133453249160992E-16, -1.000000000000000000, 0.000000000000000000 ) ) ;
#1883 = ADVANCED_FACE ( 'NONE', ( #513 ), #1133, .T. ) ;
#1884 = DIRECTION ( 'NONE',  ( -0.6123724356957936932, -0.7071067811865446862, 0.3535533905932807808 ) ) ;
#1885 = DIRECTION ( 'NONE',  ( -0.4999999999999920064, -6.985667266245685397E-17, 0.8660254037844432595 ) ) ;
#1886 = ORIENTED_EDGE ( 'NONE', *, *, #1325, .T. ) ;
#1887 = PLANE ( 'NONE',  #1857 ) ;
#1888 = DIRECTION ( 'NONE',  ( -1.000000000000000000, -1.397133453249159513E-16, 0.000000000000000000 ) ) ;
#1889 = EDGE_LOOP ( 'NONE', ( #1835, #2780, #3034 ) ) ;
#1890 = CARTESIAN_POINT ( 'NONE',  ( -10.90192378864645484, 2.599999999999993872, 24.88268590217994358 ) ) ;
#1891 = ADVANCED_FACE ( 'NONE', ( #29 ), #2706, .T. ) ;
#1892 = ORIENTED_EDGE ( 'NONE', *, *, #1391, .F. ) ;
#1893 = FACE_OUTER_BOUND ( 'NONE', #2350, .T. ) ;
#1894 = LINE ( 'NONE', #382, #2548 ) ;
#1895 = EDGE_CURVE ( 'NONE', #2599, #1192, #1854, .T. ) ;
#1896 = DIRECTION ( 'NONE',  ( 1.397133453249160252E-16, -1.000000000000000000, -4.930380657631323784E-32 ) ) ;
#1897 = EDGE_CURVE ( 'NONE', #3013, #2312, #2359, .T. ) ;
#1898 = CARTESIAN_POINT ( 'NONE',  ( -3.632546978447813007E-16, 2.599999999999996536, 1.409780719291456644E-31 ) ) ;
#1899 = VERTEX_POINT ( 'NONE', #618 ) ;
#1900 = DIRECTION ( 'NONE',  ( 1.000000000000000000, 1.445602896647339163E-16, 0.000000000000000000 ) ) ;
#1901 = DIRECTION ( 'NONE',  ( -1.397133453249159513E-16, 1.000000000000000000, -0.000000000000000000 ) ) ;
#1902 = VERTEX_POINT ( 'NONE', #848 ) ;
#1903 = CARTESIAN_POINT ( 'NONE',  ( 13.49999999999994671, -9.540979117872439019E-15, -23.38268590217987608 ) ) ;
#1904 = AXIS2_PLACEMENT_3D ( 'NONE', #1501, #2981, #3029 ) ;
#1905 = VERTEX_POINT ( 'NONE', #2813 ) ;
#1906 = LINE ( 'NONE', #1164, #467 ) ;
#1907 = DIRECTION ( 'NONE',  ( -0.5000000000000101030, -6.985667266245936846E-17, -0.8660254037844328234 ) ) ;
#1908 = EDGE_CURVE ( 'NONE', #2453, #786, #1558, .T. ) ;
#1909 = VECTOR ( 'NONE', #2875, 1000.000000000000000 ) ;
#1910 = ADVANCED_FACE ( 'NONE', ( #1359 ), #1574, .T. ) ;
#1911 = LINE ( 'NONE', #2930, #2688 ) ;
#1912 = AXIS2_PLACEMENT_3D ( 'NONE', #312, #55, #552 ) ;
#1913 = AXIS2_PLACEMENT_3D ( 'NONE', #2707, #2464, #30 ) ;
#1914 = EDGE_CURVE ( 'NONE', #680, #593, #1875, .T. ) ;
#1915 = LINE ( 'NONE', #2389, #571 ) ;
#1916 = AXIS2_PLACEMENT_3D ( 'NONE', #18, #3211, #784 ) ;
#1917 = CONICAL_SURFACE ( 'NONE', #781, 0.3999999999999906408, 0.7853981633974533860 ) ;
#1918 = ORIENTED_EDGE ( 'NONE', *, *, #2459, .T. ) ;
#1919 = DIRECTION ( 'NONE',  ( 1.397133453249159513E-16, -1.000000000000000000, 0.000000000000000000 ) ) ;
#1920 = AXIS2_PLACEMENT_3D ( 'NONE', #1156, #1415, #915 ) ;
#1921 = CONICAL_SURFACE ( 'NONE', #927, 2.999999999999999112, 0.7853981633974488341 ) ;
#1922 = FACE_OUTER_BOUND ( 'NONE', #34, .T. ) ;
#1923 = ORIENTED_EDGE ( 'NONE', *, *, #1276, .F. ) ;
#1924 = DIRECTION ( 'NONE',  ( 0.4999999999999979461, 6.985667266245769213E-17, -0.8660254037844397068 ) ) ;
#1925 = EDGE_CURVE ( 'NONE', #846, #2665, #2386, .T. ) ;
#1926 = EDGE_LOOP ( 'NONE', ( #1071, #2810, #2418 ) ) ;
#1927 = CARTESIAN_POINT ( 'NONE',  ( -29.40408134936372875, 5.200000000000004619, -3.400000000000000355 ) ) ;
#1928 = ORIENTED_EDGE ( 'NONE', *, *, #2660, .T. ) ;
#1929 = CARTESIAN_POINT ( 'NONE',  ( -17.30011688603529052, 5.200000000000006395, -23.96468142349312203 ) ) ;
#1930 = FACE_BOUND ( 'NONE', #1825, .T. ) ;
#1931 = DIRECTION ( 'NONE',  ( 1.397133453249159759E-16, -1.000000000000000000, -4.930380657631323784E-32 ) ) ;
#1932 = ORIENTED_EDGE ( 'NONE', *, *, #1735, .F. ) ;
#1933 = LINE ( 'NONE', #1158, #819 ) ;
#1934 = CARTESIAN_POINT ( 'NONE',  ( 1.192444356114094955E-15, 5.599999999999995204, 0.000000000000000000 ) ) ;
#1935 = EDGE_LOOP ( 'NONE', ( #494, #108, #45 ) ) ;
#1936 = DIRECTION ( 'NONE',  ( 1.000000000000000000, 0.000000000000000000, 0.000000000000000000 ) ) ;
#1937 = ADVANCED_FACE ( 'NONE', ( #834 ), #1606, .F. ) ;
#1938 = ORIENTED_EDGE ( 'NONE', *, *, #693, .F. ) ;
#1939 = PLANE ( 'NONE',  #2084 ) ;
#1940 = ORIENTED_EDGE ( 'NONE', *, *, #2785, .F. ) ;
#1941 = DIRECTION ( 'NONE',  ( 1.000000000000000000, 0.000000000000000000, 0.000000000000000000 ) ) ;
#1942 = CYLINDRICAL_SURFACE ( 'NONE', #2642, 0.3999999999999993006 ) ;
#1943 = DIRECTION ( 'NONE',  ( -0.5000000000000101030, 0.000000000000000000, -0.8660254037844328234 ) ) ;
#1944 = COORDINATED_UNIVERSAL_TIME_OFFSET ( 8, 0, .AHEAD. ) ;
#1945 = ORIENTED_EDGE ( 'NONE', *, *, #178, .T. ) ;
#1946 = CARTESIAN_POINT ( 'NONE',  ( -13.50000000000011191, 5.199999999999978861, -20.38268590217978726 ) ) ;
#1947 = CARTESIAN_POINT ( 'NONE',  ( 10.90192378864662714, 2.599999999999998312, -24.88268590217986898 ) ) ;
#1948 = VERTEX_POINT ( 'NONE', #2116 ) ;
#1949 = EDGE_CURVE ( 'NONE', #442, #2636, #2801, .T. ) ;
#1950 = VERTEX_POINT ( 'NONE', #116 ) ;
#1951 = CARTESIAN_POINT ( 'NONE',  ( 11.91644017075853590, 5.200000000000009948, 27.53177171299973480 ) ) ;
#1952 = ADVANCED_FACE ( 'NONE', ( #2588 ), #2620, .F. ) ;
#1953 = EDGE_LOOP ( 'NONE', ( #2065, #2406, #1057, #2 ) ) ;
#1954 = DIRECTION ( 'NONE',  ( -0.5000000000000101030, -6.985667266245939311E-17, -0.8660254037844328234 ) ) ;
#1955 = VERTEX_POINT ( 'NONE', #2090 ) ;
#1956 = DIRECTION ( 'NONE',  ( 1.397133453249160006E-16, -1.000000000000000000, -0.000000000000000000 ) ) ;
#1957 = CIRCLE ( 'NONE', #247, 0.3999999999999993006 ) ;
#1958 = AXIS2_PLACEMENT_3D ( 'NONE', #3119, #859, #1063 ) ;
#1959 = CARTESIAN_POINT ( 'NONE',  ( -3.632546978447812021E-16, 2.599999999999996536, 0.000000000000000000 ) ) ;
#1960 = EDGE_CURVE ( 'NONE', #2732, #380, #1710, .T. ) ;
#1961 = VECTOR ( 'NONE', #2454, 1000.000000000000000 ) ;
#1962 = CALENDAR_DATE ( 2026, 26, 2 ) ;
#1963 = ORIENTED_EDGE ( 'NONE', *, *, #954, .T. ) ;
#1964 = AXIS2_PLACEMENT_3D ( 'NONE', #279, #1966, #2958 ) ;
#1965 = DIRECTION ( 'NONE',  ( -1.397133453249159513E-16, 1.000000000000000000, -0.000000000000000000 ) ) ;
#1966 = DIRECTION ( 'NONE',  ( -0.000000000000000000, 1.000000000000000000, -0.000000000000000000 ) ) ;
#1967 = AXIS2_PLACEMENT_3D ( 'NONE', #2405, #2862, #1622 ) ;
#1969 = VECTOR ( 'NONE', #2338, 1000.000000000000000 ) ;
#1968 = DIRECTION ( 'NONE',  ( -0.6123724356957995774, 0.7071067811865426878, -0.3535533905932744525 ) ) ;
#1970 = ORIENTED_EDGE ( 'NONE', *, *, #1511, .T. ) ;
#1971 = CARTESIAN_POINT ( 'NONE',  ( -13.50000000000011191, 5.599999999999994316, -23.38268590217978726 ) ) ;
#1972 = VECTOR ( 'NONE', #2133, 1000.000000000000000 ) ;
#1973 = AXIS2_PLACEMENT_3D ( 'NONE', #360, #2072, #3056 ) ;
#1974 = ORGANIZATION ( 'UNSPECIFIED', 'UNSPECIFIED', '' ) ;
#1975 = AXIS2_PLACEMENT_3D ( 'NONE', #1479, #511, #2218 ) ;
#1976 = ORIENTED_EDGE ( 'NONE', *, *, #604, .F. ) ;
#1977 = FACE_OUTER_BOUND ( 'NONE', #550, .T. ) ;
#1978 = CYLINDRICAL_SURFACE ( 'NONE', #2784, 2.999999999999999112 ) ;
#1979 = FACE_OUTER_BOUND ( 'NONE', #3084, .T. ) ;
#1980 = EDGE_CURVE ( 'NONE', #772, #745, #2347, .T. ) ;
#1981 = DIRECTION ( 'NONE',  ( 1.397133453249159513E-16, -1.000000000000000000, 0.000000000000000000 ) ) ;
#1982 = PERSON_AND_ORGANIZATION ( #2291, #1974 ) ;
#1983 = ORIENTED_EDGE ( 'NONE', *, *, #3008, .T. ) ;
#1984 = DIRECTION ( 'NONE',  ( -1.397133453249159513E-16, 1.000000000000000000, -0.000000000000000000 ) ) ;
#1985 = CARTESIAN_POINT ( 'NONE',  ( -12.15755430181452290, 5.200000000000006395, 27.16468142349330961 ) ) ;
#1986 = CARTESIAN_POINT ( 'NONE',  ( 16.09807621135326272, 2.599999999999998312, -21.88268590217988319 ) ) ;
#1987 = ORIENTED_EDGE ( 'NONE', *, *, #68, .F. ) ;
#1988 = ORIENTED_EDGE ( 'NONE', *, *, #899, .T. ) ;
#1989 = CYLINDRICAL_SURFACE ( 'NONE', #351, 0.3999999999999993006 ) ;
#1990 = VERTEX_POINT ( 'NONE', #868 ) ;
#1991 = DIRECTION ( 'NONE',  ( -1.000000000000000000, -1.397133453249159513E-16, 0.000000000000000000 ) ) ;
#1992 = DIRECTION ( 'NONE',  ( -1.000000000000000000, -1.199117610122216824E-16, 0.000000000000000000 ) ) ;
#1993 = EDGE_CURVE ( 'NONE', #160, #3048, #2181, .T. ) ;
#1994 = CARTESIAN_POINT ( 'NONE',  ( -13.49999999999978506, 5.599999999999994316, 23.38268590217996490 ) ) ;
#1995 = CYLINDRICAL_SURFACE ( 'NONE', #3106, 1.699999999999993072 ) ;
#1996 = DIRECTION ( 'NONE',  ( -1.000000000000000000, 0.000000000000000000, 0.000000000000000000 ) ) ;
#1997 = ADVANCED_FACE ( 'NONE', ( #2834 ), #2880, .F. ) ;
#1998 = ORIENTED_EDGE ( 'NONE', *, *, #771, .T. ) ;
#1999 = DIRECTION ( 'NONE',  ( 0.000000000000000000, -0.7071067811865444641, 0.7071067811865505703 ) ) ;
#2000 = EDGE_CURVE ( 'NONE', #896, #2650, #1381, .T. ) ;
#2001 = LINE ( 'NONE', #2455, #61 ) ;
#2002 = FACE_BOUND ( 'NONE', #1083, .T. ) ;
#2003 = VERTEX_POINT ( 'NONE', #3087 ) ;
#2004 = ORIENTED_EDGE ( 'NONE', *, *, #2422, .F. ) ;
#2005 = DIRECTION ( 'NONE',  ( 1.000000000000000000, 1.199117610122216824E-16, 0.000000000000000000 ) ) ;
#2006 = ORIENTED_EDGE ( 'NONE', *, *, #792, .T. ) ;
#2007 = LINE ( 'NONE', #1785, #1639 ) ;
#2008 = DIRECTION ( 'NONE',  ( 1.397133453249159513E-16, -1.000000000000000000, 0.000000000000000000 ) ) ;
#2009 = VECTOR ( 'NONE', #1185, 1000.000000000000000 ) ;
#2010 = CARTESIAN_POINT ( 'NONE',  ( -29.80143380003080722, 14.13493525146762053, 3.445945945945946054 ) ) ;
#2011 = CIRCLE ( 'NONE', #1693, 21.69999999999999929 ) ;
#2012 = ADVANCED_FACE ( 'NONE', ( #2625 ), #2600, .F. ) ;
#2013 = FACE_OUTER_BOUND ( 'NONE', #2196, .T. ) ;
#2014 = AXIS2_PLACEMENT_3D ( 'NONE', #599, #328, #1605 ) ;
#2015 = CALENDAR_DATE ( 2026, 26, 2 ) ;
#2016 = ORIENTED_EDGE ( 'NONE', *, *, #2354, .F. ) ;
#2017 = DIRECTION ( 'NONE',  ( -1.000000000000000000, -1.569885498621544728E-16, 0.000000000000000000 ) ) ;
#2018 = AXIS2_PLACEMENT_3D ( 'NONE', #1738, #2746, #1756 ) ;
#2019 = EDGE_CURVE ( 'NONE', #2471, #713, #1906, .T. ) ;
#2020 = DIRECTION ( 'NONE',  ( -0.000000000000000000, 1.000000000000000000, 4.930380657631323784E-32 ) ) ;
#2021 = DIRECTION ( 'NONE',  ( -1.000000000000000000, -1.445602896647339656E-16, 0.000000000000000000 ) ) ;
#2022 = ORIENTED_EDGE ( 'NONE', *, *, #371, .F. ) ;
#2023 = AXIS2_PLACEMENT_3D ( 'NONE', #2276, #996, #742 ) ;
#2024 = ORIENTED_EDGE ( 'NONE', *, *, #3092, .T. ) ;
#2025 = CARTESIAN_POINT ( 'NONE',  ( -11.91644017075796391, 2.599999999999994760, 27.53177171299997994 ) ) ;
#2026 = VECTOR ( 'NONE', #3051, 1000.000000000000000 ) ;
#2027 = AXIS2_PLACEMENT_3D ( 'NONE', #1505, #1981, #3187 ) ;
#2028 = EDGE_CURVE ( 'NONE', #3048, #8, #572, .T. ) ;
#2029 = ORIENTED_EDGE ( 'NONE', *, *, #74, .T. ) ;
#2030 = VECTOR ( 'NONE', #206, 1000.000000000000000 ) ;
#2031 = AXIS2_PLACEMENT_3D ( 'NONE', #2364, #2167, #135 ) ;
#2032 = DIRECTION ( 'NONE',  ( 0.000000000000000000, 0.000000000000000000, 1.000000000000000000 ) ) ;
#2033 = ORIENTED_EDGE ( 'NONE', *, *, #2422, .T. ) ;
#2034 = VECTOR ( 'NONE', #3099, 1000.000000000000000 ) ;
#2035 = VERTEX_POINT ( 'NONE', #1105 ) ;
#2036 = CARTESIAN_POINT ( 'NONE',  ( 13.50000000000027178, 5.199999999999982414, 23.38268590217968423 ) ) ;
#2037 = ORIENTED_EDGE ( 'NONE', *, *, #740, .T. ) ;
#2038 = DIRECTION ( 'NONE',  ( 1.000000000000000000, 2.551063935259999644E-16, 0.000000000000000000 ) ) ;
#2039 = ORIENTED_EDGE ( 'NONE', *, *, #1718, .F. ) ;
#2040 = EDGE_LOOP ( 'NONE', ( #2718, #284, #2655 ) ) ;
#2041 = DIRECTION ( 'NONE',  ( -2.891205793294679411E-15, 0.000000000000000000, -1.000000000000000000 ) ) ;
#2042 = ORIENTED_EDGE ( 'NONE', *, *, #2822, .T. ) ;
#2043 = CYLINDRICAL_SURFACE ( 'NONE', #2238, 0.4000000000000010214 ) ;
#2044 = DIRECTION ( 'NONE',  ( 0.000000000000000000, 0.000000000000000000, 1.000000000000000000 ) ) ;
#2045 = CARTESIAN_POINT ( 'NONE',  ( -27.00000000000000000, 5.200000000000004619, 3.000000000000000000 ) ) ;
#2046 = DIRECTION ( 'NONE',  ( 0.8660254037844363761, 1.209953062990847753E-16, -0.5000000000000039968 ) ) ;
#2047 = APPROVAL_ROLE ( '' ) ;
#2048 = ORIENTED_EDGE ( 'NONE', *, *, #2538, .F. ) ;
#2049 = CARTESIAN_POINT ( 'NONE',  ( -27.00000000000000000, 5.599999999999992539, -1.699999999999993072 ) ) ;
#2050 = CARTESIAN_POINT ( 'NONE',  ( 10.90192378864662714, 5.200000000000009948, -24.88268590217986898 ) ) ;
#2051 = CYLINDRICAL_SURFACE ( 'NONE', #2081, 1.699999999999993072 ) ;
#2052 = VERTEX_POINT ( 'NONE', #2109 ) ;
#2053 = CARTESIAN_POINT ( 'NONE',  ( 29.40408134936372875, 5.200000000000013500, 3.400000000000000355 ) ) ;
#2054 = EDGE_CURVE ( 'NONE', #503, #2287, #2153, .T. ) ;
#2055 = DIRECTION ( 'NONE',  ( -1.397133453249160499E-16, 1.000000000000000000, -0.000000000000000000 ) ) ;
#2056 = EDGE_CURVE ( 'NONE', #1576, #1990, #2125, .T. ) ;
#2057 = VERTEX_POINT ( 'NONE', #1140 ) ;
#2058 = CARTESIAN_POINT ( 'NONE',  ( 13.49999999999994671, 5.599999999999997868, -25.08268590217986826 ) ) ;
#2059 = DIRECTION ( 'NONE',  ( 0.4215533425578935622, -0.7071067811865439090, -0.5677083576787225194 ) ) ;
#2060 = EDGE_CURVE ( 'NONE', #527, #1104, #1817, .T. ) ;
#2061 = ORIENTED_EDGE ( 'NONE', *, *, #2203, .F. ) ;
#2062 = ADVANCED_FACE ( 'NONE', ( #1881 ), #3060, .T. ) ;
#2063 = DIRECTION ( 'NONE',  ( -0.000000000000000000, 1.000000000000000000, -0.000000000000000000 ) ) ;
#2064 = EDGE_CURVE ( 'NONE', #1737, #1771, #2852, .T. ) ;
#2065 = ORIENTED_EDGE ( 'NONE', *, *, #84, .F. ) ;
#2066 = CARTESIAN_POINT ( 'NONE',  ( 13.49999999999994671, 2.599999999999998312, -23.38268590217987608 ) ) ;
#2067 = CIRCLE ( 'NONE', #1541, 0.4000000000000010214 ) ;
#2068 = CARTESIAN_POINT ( 'NONE',  ( -3.632546978447812021E-16, 2.599999999999996536, 0.000000000000000000 ) ) ;
#2069 = EDGE_LOOP ( 'NONE', ( #2185, #2079, #224, #698 ) ) ;
#2070 = AXIS2_PLACEMENT_3D ( 'NONE', #877, #359, #1373 ) ;
#2071 = FACE_OUTER_BOUND ( 'NONE', #2766, .T. ) ;
#2072 = DIRECTION ( 'NONE',  ( 9.879225390150630812E-17, -0.7071067811865504593, -0.7071067811865445751 ) ) ;
#2073 = AXIS2_PLACEMENT_3D ( 'NONE', #53, #568, #112 ) ;
#2074 = VERTEX_POINT ( 'NONE', #2866 ) ;
#2075 = CARTESIAN_POINT ( 'NONE',  ( -29.40408134936372875, 5.200000000000004619, -3.400000000000000355 ) ) ;
#2076 = VECTOR ( 'NONE', #1991, 1000.000000000000000 ) ;
#2077 = CIRCLE ( 'NONE', #1765, 29.60000000000000853 ) ;
#2078 = VECTOR ( 'NONE', #156, 999.9999999999998863 ) ;
#2079 = ORIENTED_EDGE ( 'NONE', *, *, #1066, .F. ) ;
#2080 = DIRECTION ( 'NONE',  ( -0.7024265309694641690, 0.7071067811865422437, -0.08122172486602168007 ) ) ;
#2081 = AXIS2_PLACEMENT_3D ( 'NONE', #498, #2931, #743 ) ;
#2082 = CONICAL_SURFACE ( 'NONE', #3157, 0.3999999999999906408, 0.7853981633974530530 ) ;
#2083 = CARTESIAN_POINT ( 'NONE',  ( 8.369486372867161350, 5.599999999999996980, 7.696375631061202149 ) ) ;
#2084 = AXIS2_PLACEMENT_3D ( 'NONE', #717, #1446, #3201 ) ;
#2085 = ORIENTED_EDGE ( 'NONE', *, *, #807, .F. ) ;
#2086 = DIRECTION ( 'NONE',  ( 1.000000000000000000, 0.000000000000000000, 0.000000000000000000 ) ) ;
#2087 = CARTESIAN_POINT ( 'NONE',  ( 1.248329694244059610E-15, 5.200000000000008171, 0.000000000000000000 ) ) ;
#2088 = ORIENTED_EDGE ( 'NONE', *, *, #288, .F. ) ;
#2089 = DIRECTION ( 'NONE',  ( 1.000000000000000000, 0.000000000000000000, 0.000000000000000000 ) ) ;
#2090 = CARTESIAN_POINT ( 'NONE',  ( 29.80143380003080722, 5.200000000000013500, -3.445945945945946054 ) ) ;
#2091 = CARTESIAN_POINT ( 'NONE',  ( 10.90192378864697353, 2.599999999999998312, 24.88268590217971621 ) ) ;
#2092 = EDGE_LOOP ( 'NONE', ( #1625, #956 ) ) ;
#2093 = LINE ( 'NONE', #908, #556 ) ;
#2094 = ADVANCED_FACE ( 'NONE', ( #1893 ), #627, .F. ) ;
#2095 = VERTEX_POINT ( 'NONE', #1612 ) ;
#2096 = CARTESIAN_POINT ( 'NONE',  ( -27.00000000000000000, 2.599999999999992095, -3.000000000000000000 ) ) ;
#2097 = CYLINDRICAL_SURFACE ( 'NONE', #2597, 0.3999999999999993006 ) ;
#2098 = DATE_TIME_ROLE ( 'classification_date' ) ;
#2099 = ORIENTED_EDGE ( 'NONE', *, *, #325, .T. ) ;
#2100 = PLANE ( 'NONE',  #1288 ) ;
#2101 = ADVANCED_FACE ( 'NONE', ( #180 ), #1921, .F. ) ;
#2102 = VERTEX_POINT ( 'NONE', #1641 ) ;
#2103 = DIRECTION ( 'NONE',  ( -1.000000000000000000, -1.156482317317871478E-16, 0.000000000000000000 ) ) ;
#2104 = ADVANCED_FACE ( 'NONE', ( #2641 ), #416, .T. ) ;
#2105 = CARTESIAN_POINT ( 'NONE',  ( -10.90192378864680300, 2.599999999999993872, -24.88268590217979792 ) ) ;
#2106 = ORIENTED_EDGE ( 'NONE', *, *, #1355, .T. ) ;
#2107 = DIRECTION ( 'NONE',  ( -1.397133453249159513E-16, 1.000000000000000000, -0.000000000000000000 ) ) ;
#2108 = ORIENTED_EDGE ( 'NONE', *, *, #2490, .F. ) ;
#2109 = CARTESIAN_POINT ( 'NONE',  ( -27.00000000000000000, 5.200000000000004619, 3.000000000000000000 ) ) ;
#2110 = CARTESIAN_POINT ( 'NONE',  ( -17.64652704754907475, 5.599999999999994316, -23.76468142349312984 ) ) ;
#2111 = VERTEX_POINT ( 'NONE', #167 ) ;
#2112 = DIRECTION ( 'NONE',  ( -0.000000000000000000, 1.000000000000000000, 4.930380657631323784E-32 ) ) ;
#2113 = AXIS2_PLACEMENT_3D ( 'NONE', #3185, #2168, #2705 ) ;
#2114 = ORIENTED_EDGE ( 'NONE', *, *, #3032, .F. ) ;
#2115 = LINE ( 'NONE', #3097, #818 ) ;
#2116 = CARTESIAN_POINT ( 'NONE',  ( -21.69999999999999929, 5.199999999999993960, 2.681976490132703452E-15 ) ) ;
#2117 = ADVANCED_FACE ( 'NONE', ( #1152 ), #1664, .T. ) ;
#2118 = CIRCLE ( 'NONE', #2534, 3.399999999999996803 ) ;
#2119 = CARTESIAN_POINT ( 'NONE',  ( -27.00000000000000000, 2.599999999999992095, 0.000000000000000000 ) ) ;
#2120 = ORIENTED_EDGE ( 'NONE', *, *, #2060, .F. ) ;
#2121 = LINE ( 'NONE', #2815, #2222 ) ;
#2122 = CIRCLE ( 'NONE', #1383, 29.60000000000000853 ) ;
#2123 = EDGE_CURVE ( 'NONE', #1784, #1515, #2498, .T. ) ;
#2124 = ORIENTED_EDGE ( 'NONE', *, *, #1724, .T. ) ;
#2125 = LINE ( 'NONE', #155, #1393 ) ;
#2126 = CIRCLE ( 'NONE', #613, 0.4000000000000010214 ) ;
#2127 = DIRECTION ( 'NONE',  ( 1.397133453249159513E-16, -1.000000000000000000, 0.000000000000000000 ) ) ;
#2128 = VECTOR ( 'NONE', #1888, 1000.000000000000000 ) ;
#2129 = VECTOR ( 'NONE', #1039, 1000.000000000000000 ) ;
#2130 = CIRCLE ( 'NONE', #785, 30.00000000000000000 ) ;
#2131 = CARTESIAN_POINT ( 'NONE',  ( 21.69999999999999929, 5.599999999999998757, 0.000000000000000000 ) ) ;
#2132 = AXIS2_PLACEMENT_3D ( 'NONE', #1739, #2727, #1489 ) ;
#2133 = DIRECTION ( 'NONE',  ( -0.000000000000000000, 1.000000000000000000, 4.930380657631323784E-32 ) ) ;
#2134 = ORIENTED_EDGE ( 'NONE', *, *, #169, .F. ) ;
#2135 = LINE ( 'NONE', #1585, #709 ) ;
#2136 = CARTESIAN_POINT ( 'NONE',  ( 24.00000000000000000, 2.599999999999999645, 0.000000000000000000 ) ) ;
#2137 = ORIENTED_EDGE ( 'NONE', *, *, #183, .T. ) ;
#2138 = DIRECTION ( 'NONE',  ( 0.000000000000000000, 1.000000000000000000, 0.000000000000000000 ) ) ;
#2139 = EDGE_CURVE ( 'NONE', #1905, #2280, #5, .T. ) ;
#2140 = ORIENTED_EDGE ( 'NONE', *, *, #1311, .T. ) ;
#2141 = DIRECTION ( 'NONE',  ( 1.397133453249159513E-16, -1.000000000000000000, 0.000000000000000000 ) ) ;
#2142 = CARTESIAN_POINT ( 'NONE',  ( 17.64652704754923107, 5.200000000000011724, 23.76468142349299839 ) ) ;
#2143 = DIRECTION ( 'NONE',  ( 0.4999999999999919509, 6.985667266245692792E-17, -0.8660254037844432595 ) ) ;
#2144 = DIRECTION ( 'NONE',  ( 1.000000000000000000, 1.397133453249159513E-16, 0.000000000000000000 ) ) ;
#2145 = EDGE_LOOP ( 'NONE', ( #2563, #553, #963, #42, #2511, #922, #633, #1886, #2998 ) ) ;
#2146 = CARTESIAN_POINT ( 'NONE',  ( 29.40408134936373941, 5.599999999999999645, -3.400000000000001243 ) ) ;
#2147 = CARTESIAN_POINT ( 'NONE',  ( 21.69999999999999929, 5.599999999999998757, 3.399999999999990585 ) ) ;
#2148 = ORIENTED_EDGE ( 'NONE', *, *, #763, .F. ) ;
#2149 = LINE ( 'NONE', #1662, #768 ) ;
#2150 = ADVANCED_FACE ( 'NONE', ( #2963 ), #1810, .F. ) ;
#2151 = ADVANCED_FACE ( 'NONE', ( #233 ), #460, .F. ) ;
#2152 = ORIENTED_EDGE ( 'NONE', *, *, #960, .T. ) ;
#2153 = LINE ( 'NONE', #2409, #106 ) ;
#2154 = DIRECTION ( 'NONE',  ( 1.000000000000000000, 1.445602896647339163E-16, 0.000000000000000000 ) ) ;
#2155 = ADVANCED_FACE ( 'NONE', ( #683 ), #3062, .T. ) ;
#2156 = DIRECTION ( 'NONE',  ( 1.000000000000000000, 1.397133453249159513E-16, 0.000000000000000000 ) ) ;
#2157 = EDGE_CURVE ( 'NONE', #745, #3124, #441, .T. ) ;
#2158 = LINE ( 'NONE', #1650, #1709 ) ;
#2159 = VERTEX_POINT ( 'NONE', #1216 ) ;
#2160 = CARTESIAN_POINT ( 'NONE',  ( 12.10396446332886100, 2.599999999999998312, 26.96468142349306163 ) ) ;
#2161 = DIRECTION ( 'NONE',  ( -1.397133453249159513E-16, 1.000000000000000000, -0.000000000000000000 ) ) ;
#2162 = ORIENTED_EDGE ( 'NONE', *, *, #980, .F. ) ;
#2163 = AXIS2_PLACEMENT_3D ( 'NONE', #2847, #2138, #2349 ) ;
#2164 = CARTESIAN_POINT ( 'NONE',  ( 13.49999999999994671, 5.199999999999995737, -20.38268590217987608 ) ) ;
#2165 = AXIS2_PLACEMENT_3D ( 'NONE', #389, #2346, #3072 ) ;
#2166 = ORIENTED_EDGE ( 'NONE', *, *, #2192, .T. ) ;
#2167 = DIRECTION ( 'NONE',  ( 1.397133453249160992E-16, -1.000000000000000000, 0.000000000000000000 ) ) ;
#2168 = DIRECTION ( 'NONE',  ( 0.8660254037844398178, 1.209953062990852684E-16, 0.4999999999999980016 ) ) ;
#2169 = CARTESIAN_POINT ( 'NONE',  ( 11.75755430181509276, 5.599999999999996980, 27.16468142349307868 ) ) ;
#2170 = CONICAL_SURFACE ( 'NONE', #349, 29.60000000000000853, 0.7853981633974526089 ) ;
#2171 = CIRCLE ( 'NONE', #2018, 0.3999999999999993006 ) ;
#2172 = CARTESIAN_POINT ( 'NONE',  ( 13.49999999999994671, 2.599999999999998312, -23.38268590217987608 ) ) ;
#2173 = VECTOR ( 'NONE', #2367, 1000.000000000000000 ) ;
#2174 = AXIS2_PLACEMENT_3D ( 'NONE', #1219, #1482, #2502 ) ;
#2175 = DIRECTION ( 'NONE',  ( 0.4999999999999919509, 7.228014483236695816E-17, -0.8660254037844432595 ) ) ;
#2176 = AXIS2_PLACEMENT_3D ( 'NONE', #337, #580, #1048 ) ;
#2177 = ADVANCED_FACE ( 'NONE', ( #2205 ), #1184, .F. ) ;
#2178 = AXIS2_PLACEMENT_3D ( 'NONE', #2533, #2322, #348 ) ;
#2179 = ORIENTED_EDGE ( 'NONE', *, *, #1718, .T. ) ;
#2180 = CARTESIAN_POINT ( 'NONE',  ( -13.50000000000011191, -1.387778780781445676E-14, -23.38268590217978726 ) ) ;
#2181 = CIRCLE ( 'NONE', #2031, 30.00000000000000000 ) ;
#2182 = CARTESIAN_POINT ( 'NONE',  ( -11.75755430181452432, 14.13493525146762231, 27.16468142349330961 ) ) ;
#2183 = VERTEX_POINT ( 'NONE', #2704 ) ;
#2184 = DIRECTION ( 'NONE',  ( -1.397133453249159513E-16, 1.000000000000000000, -0.000000000000000000 ) ) ;
#2185 = ORIENTED_EDGE ( 'NONE', *, *, #1563, .T. ) ;
#2186 = DIRECTION ( 'NONE',  ( 0.6123724356957872539, -0.7071067811865512365, -0.3535533905932790599 ) ) ;
#2187 = DIRECTION ( 'NONE',  ( -1.397133453249159513E-16, 1.000000000000000000, -0.000000000000000000 ) ) ;
#2188 = CARTESIAN_POINT ( 'NONE',  ( -12.10396446332867271, 2.599999999999993872, -26.96468142349314334 ) ) ;
#2189 = EDGE_CURVE ( 'NONE', #2111, #2074, #256, .T. ) ;
#2190 = DIRECTION ( 'NONE',  ( 1.397133453249160006E-16, -1.000000000000000000, -0.000000000000000000 ) ) ;
#2191 = ADVANCED_FACE ( 'NONE', ( #3170 ), #1939, .F. ) ;
#2192 = EDGE_CURVE ( 'NONE', #2183, #530, #1396, .T. ) ;
#2193 = CARTESIAN_POINT ( 'NONE',  ( -12.10396446332867271, 5.200000000000005507, -26.96468142349314334 ) ) ;
#2194 = UNCERTAINTY_MEASURE_WITH_UNIT (LENGTH_MEASURE( 1.000000000000000082E-05 ), #1721, 'distance_accuracy_value', 'NONE');
#2195 = CYLINDRICAL_SURFACE ( 'NONE', #725, 0.4000000000000010214 ) ;
#2196 = EDGE_LOOP ( 'NONE', ( #179, #2004, #2817, #3132 ) ) ;
#2197 = CARTESIAN_POINT ( 'NONE',  ( 11.75755430181471084, 5.200000000000009948, -27.16468142349323500 ) ) ;
#2198 = ADVANCED_FACE ( 'NONE', ( #1237 ), #674, .T. ) ;
#2199 = DIRECTION ( 'NONE',  ( 0.000000000000000000, 0.000000000000000000, 1.000000000000000000 ) ) ;
#2200 = EDGE_LOOP ( 'NONE', ( #2512, #1923, #3129, #2369, #2833 ) ) ;
#2201 = ORIENTED_EDGE ( 'NONE', *, *, #1190, .T. ) ;
#2202 = CARTESIAN_POINT ( 'NONE',  ( -12.15755430181489771, 2.599999999999994760, -27.16468142349314618 ) ) ;
#2203 = EDGE_CURVE ( 'NONE', #1117, #160, #2496, .T. ) ;
#2204 = ORIENTED_EDGE ( 'NONE', *, *, #1628, .T. ) ;
#2205 = FACE_OUTER_BOUND ( 'NONE', #128, .T. ) ;
#2206 = CARTESIAN_POINT ( 'NONE',  ( 13.49999999999994671, 2.599999999999998312, -23.38268590217987608 ) ) ;
#2207 = DIRECTION ( 'NONE',  ( 1.397133453249159513E-16, -1.000000000000000000, 0.000000000000000000 ) ) ;
#2208 = CARTESIAN_POINT ( 'NONE',  ( -17.30011688603496012, 5.200000000000006395, 23.96468142349336361 ) ) ;
#2209 = DIRECTION ( 'NONE',  ( -1.000000000000000000, -1.445602896647338917E-16, 0.000000000000000000 ) ) ;
#2210 = ORIENTED_EDGE ( 'NONE', *, *, #3160, .F. ) ;
#2211 = LINE ( 'NONE', #2633, #1807 ) ;
#2212 = CARTESIAN_POINT ( 'NONE',  ( -12.10396446332867271, 2.599999999999994316, -26.96468142349314334 ) ) ;
#2213 = DIRECTION ( 'NONE',  ( -1.397133453249160006E-16, 1.000000000000000000, 4.203859745958482113E-32 ) ) ;
#2214 = ORIENTED_EDGE ( 'NONE', *, *, #2547, .T. ) ;
#2215 = ADVANCED_FACE ( 'NONE', ( #1714 ), #1821, .T. ) ;
#2216 = CARTESIAN_POINT ( 'NONE',  ( 13.50000000000027178, 2.599999999999998312, 23.38268590217968423 ) ) ;
#2217 = EDGE_LOOP ( 'NONE', ( #2024, #2789, #338, #2124, #250, #2337, #881, #46, #1524, #1742, #1945, #2543, #1838, #435, #281, #2292, #1211, #2703, #3134, #1282, #2692, #2674, #1928, #988, #1215, #1749 ) ) ;
#2218 = DIRECTION ( 'NONE',  ( 0.000000000000000000, 0.000000000000000000, -1.000000000000000000 ) ) ;
#2219 = EDGE_CURVE ( 'NONE', #1528, #1569, #2683, .T. ) ;
#2220 = FACE_OUTER_BOUND ( 'NONE', #2477, .T. ) ;
#2221 = DIRECTION ( 'NONE',  ( -0.4999999999999982792, 0.000000000000000000, 0.8660254037844397068 ) ) ;
#2222 = VECTOR ( 'NONE', #1103, 1000.000000000000000 ) ;
#2223 = AXIS2_PLACEMENT_3D ( 'NONE', #586, #1111, #2587 ) ;
#2224 = DIRECTION ( 'NONE',  ( 0.000000000000000000, 1.000000000000000000, 0.000000000000000000 ) ) ;
#2225 = AXIS2_PLACEMENT_3D ( 'NONE', #2522, #263, #294 ) ;
#2226 = CARTESIAN_POINT ( 'NONE',  ( 17.30011688603545750, 2.599999999999998312, 23.96468142349300123 ) ) ;
#2227 = CALENDAR_DATE ( 2026, 26, 2 ) ;
#2228 = ORIENTED_EDGE ( 'NONE', *, *, #1228, .T. ) ;
#2229 = AXIS2_PLACEMENT_3D ( 'NONE', #1696, #2190, #3173 ) ;
#2230 = DIRECTION ( 'NONE',  ( -1.397133453249159513E-16, 1.000000000000000000, -0.000000000000000000 ) ) ;
#2231 = AXIS2_PLACEMENT_3D ( 'NONE', #1342, #788, #2808 ) ;
#2233 = CIRCLE ( 'NONE', #2384, 1.699999999999993072 ) ;
#2232 = DIRECTION ( 'NONE',  ( -1.000000000000000000, -1.156482317317871478E-16, 0.000000000000000000 ) ) ;
#2234 = ORIENTED_EDGE ( 'NONE', *, *, #2320, .T. ) ;
#2235 = EDGE_LOOP ( 'NONE', ( #2393, #2972, #3150, #890, #2711, #975, #2851, #782, #1196, #1988, #802, #2933, #1411, #953, #449, #59 ) ) ;
#2236 = FACE_OUTER_BOUND ( 'NONE', #510, .T. ) ;
#2237 = AXIS2_PLACEMENT_3D ( 'NONE', #2757, #2273, #2735 ) ;
#2238 = AXIS2_PLACEMENT_3D ( 'NONE', #73, #1008, #3028 ) ;
#2239 = VERTEX_POINT ( 'NONE', #976 ) ;
#2240 = LINE ( 'NONE', #12, #1086 ) ;
#2241 = ORIENTED_EDGE ( 'NONE', *, *, #2827, .T. ) ;
#2242 = DIRECTION ( 'NONE',  ( -1.000000000000000000, -1.445602896647339656E-16, 0.000000000000000000 ) ) ;
#2243 = ADVANCED_FACE ( 'NONE', ( #1977 ), #973, .T. ) ;
#2244 = EDGE_CURVE ( 'NONE', #2471, #2816, #2240, .T. ) ;
#2245 = CARTESIAN_POINT ( 'NONE',  ( -13.49999999999978506, 2.599999999999993872, 23.38268590217996490 ) ) ;
#2246 = MECHANICAL_CONTEXT ( 'NONE', #1285, 'mechanical' ) ;
#2247 = VERTEX_POINT ( 'NONE', #332 ) ;
#2248 = LINE ( 'NONE', #1776, #1023 ) ;
#2249 = CARTESIAN_POINT ( 'NONE',  ( 8.369486372866926871, 5.599999999999996980, -7.696375631061088463 ) ) ;
#2250 = PLANE ( 'NONE',  #1812 ) ;
#2251 = ORIENTED_EDGE ( 'NONE', *, *, #2490, .T. ) ;
#2252 = EDGE_LOOP ( 'NONE', ( #2820, #2526, #581, #2162 ) ) ;
#2253 = CARTESIAN_POINT ( 'NONE',  ( 1.192444356114094955E-15, 5.599999999999995204, 0.000000000000000000 ) ) ;
#2254 = VERTEX_POINT ( 'NONE', #531 ) ;
#2255 = CARTESIAN_POINT ( 'NONE',  ( 1.192444356114094955E-15, 5.599999999999995204, 0.000000000000000000 ) ) ;
#2256 = LINE ( 'NONE', #1025, #1855 ) ;
#2257 = DIRECTION ( 'NONE',  ( 1.397133453249160992E-16, -1.000000000000000000, 0.000000000000000000 ) ) ;
#2258 = ADVANCED_FACE ( 'NONE', ( #1532 ), #2043, .T. ) ;
#2259 = EDGE_CURVE ( 'NONE', #148, #2299, #558, .T. ) ;
#2260 = DIRECTION ( 'NONE',  ( -1.397133453249160499E-16, 1.000000000000000000, 0.000000000000000000 ) ) ;
#2261 = FACE_OUTER_BOUND ( 'NONE', #2040, .T. ) ;
#2262 = DATE_AND_TIME ( #2227, #622 ) ;
#2263 = ORIENTED_EDGE ( 'NONE', *, *, #2139, .T. ) ;
#2264 = CARTESIAN_POINT ( 'NONE',  ( -29.40408134936372875, 5.599999999999992539, -3.399999999999990585 ) ) ;
#2265 = EDGE_CURVE ( 'NONE', #1902, #1672, #2975, .T. ) ;
#2266 = CARTESIAN_POINT ( 'NONE',  ( -13.49999999999978506, -1.387778780781445676E-14, 25.08268590217996419 ) ) ;
#2267 = DIRECTION ( 'NONE',  ( -1.000000000000000000, 0.000000000000000000, 0.000000000000000000 ) ) ;
#2268 = ORIENTED_EDGE ( 'NONE', *, *, #1043, .F. ) ;
#2269 = EDGE_LOOP ( 'NONE', ( #938, #3102, #1252, #639, #2806 ) ) ;
#2270 = CARTESIAN_POINT ( 'NONE',  ( -10.55551362713268659, 5.599999999999994316, 25.08268590217993577 ) ) ;
#2271 = VERTEX_POINT ( 'NONE', #2212 ) ;
#2272 = DIRECTION ( 'NONE',  ( -0.000000000000000000, 1.000000000000000000, -0.000000000000000000 ) ) ;
#2273 = DIRECTION ( 'NONE',  ( -1.397133453249159513E-16, 1.000000000000000000, -0.000000000000000000 ) ) ;
#2274 = ORIENTED_EDGE ( 'NONE', *, *, #722, .T. ) ;
#2275 = ORIENTED_EDGE ( 'NONE', *, *, #28, .F. ) ;
#2276 = CARTESIAN_POINT ( 'NONE',  ( 27.00000000000000000, 2.600000000000000089, 0.000000000000000000 ) ) ;
#2277 = AXIS2_PLACEMENT_3D ( 'NONE', #1533, #3017, #3042 ) ;
#2278 = CIRCLE ( 'NONE', #2165, 29.60000000000000853 ) ;
#2279 = DATE_TIME_ROLE ( 'creation_date' ) ;
#2280 = VERTEX_POINT ( 'NONE', #2266 ) ;
#2281 = DIRECTION ( 'NONE',  ( 1.000000000000000000, 0.000000000000000000, 0.000000000000000000 ) ) ;
#2282 = AXIS2_PLACEMENT_3D ( 'NONE', #1417, #2415, #209 ) ;
#2283 = DIRECTION ( 'NONE',  ( 0.6123724356957943593, 0.7071067811865439090, -0.3535533905932811694 ) ) ;
#2284 = EDGE_CURVE ( 'NONE', #2312, #3016, #1226, .T. ) ;
#2285 = ORIENTED_EDGE ( 'NONE', *, *, #406, .F. ) ;
#2286 = CONICAL_SURFACE ( 'NONE', #2381, 0.3999999999999906408, 0.7853981633974523868 ) ;
#2287 = VERTEX_POINT ( 'NONE', #1985 ) ;
#2288 = DIRECTION ( 'NONE',  ( 1.000000000000000000, 2.551063935259998658E-16, 0.000000000000000000 ) ) ;
#2289 = VECTOR ( 'NONE', #2677, 1000.000000000000000 ) ;
#2290 = AXIS2_PLACEMENT_3D ( 'NONE', #47, #1029, #306 ) ;
#2291 = PERSON ( 'UNSPECIFIED', 'UNSPECIFIED', 'UNSPECIFIED', ('UNSPECIFIED'), ('UNSPECIFIED'), ('UNSPECIFIED') ) ;
#2292 = ORIENTED_EDGE ( 'NONE', *, *, #1593, .T. ) ;
#2293 = VECTOR ( 'NONE', #17, 1000.000000000000000 ) ;
#2294 = CARTESIAN_POINT ( 'NONE',  ( -11.75755430181489736, 2.599999999999994760, -27.16468142349314618 ) ) ;
#2295 = VECTOR ( 'NONE', #2994, 1000.000000000000000 ) ;
#2296 = CARTESIAN_POINT ( 'NONE',  ( -29.40408134936372875, 2.599999999999992983, -3.400000000000000355 ) ) ;
#2297 = EDGE_CURVE ( 'NONE', #2650, #72, #1725, .T. ) ;
#2298 = COORDINATED_UNIVERSAL_TIME_OFFSET ( 8, 0, .AHEAD. ) ;
#2299 = VERTEX_POINT ( 'NONE', #2713 ) ;
#2300 = DIRECTION ( 'NONE',  ( -1.000000000000000000, 0.000000000000000000, 0.000000000000000000 ) ) ;
#2301 = EDGE_CURVE ( 'NONE', #1528, #1637, #2486, .T. ) ;
#2302 = LINE ( 'NONE', #2764, #411 ) ;
#2303 = FACE_OUTER_BOUND ( 'NONE', #1590, .T. ) ;
#2304 = ORIENTED_EDGE ( 'NONE', *, *, #2064, .F. ) ;
#2305 = DIRECTION ( 'NONE',  ( 0.000000000000000000, 1.000000000000000000, 0.000000000000000000 ) ) ;
#2306 = EDGE_CURVE ( 'NONE', #626, #2611, #487, .T. ) ;
#2307 = CARTESIAN_POINT ( 'NONE',  ( 27.00000000000000000, 2.600000000000000089, -1.699999999999993072 ) ) ;
#2308 = ORIENTED_EDGE ( 'NONE', *, *, #221, .F. ) ;
#2309 = CARTESIAN_POINT ( 'NONE',  ( 13.49999999999994671, -9.540979117872439019E-15, -25.08268590217987182 ) ) ;
#2310 = EDGE_CURVE ( 'NONE', #1948, #2035, #835, .T. ) ;
#2311 = LINE ( 'NONE', #3088, #1028 ) ;
#2312 = VERTEX_POINT ( 'NONE', #2468 ) ;
#2313 = DIRECTION ( 'NONE',  ( 9.879225390150633277E-17, -0.7071067811865506814, -0.7071067811865443531 ) ) ;
#2314 = DIRECTION ( 'NONE',  ( -1.397133453249159513E-16, 1.000000000000000000, -0.000000000000000000 ) ) ;
#2315 = ORIENTED_EDGE ( 'NONE', *, *, #383, .F. ) ;
#2316 = FACE_OUTER_BOUND ( 'NONE', #3142, .T. ) ;
#2317 = EDGE_CURVE ( 'NONE', #1303, #731, #501, .T. ) ;
#2318 = ORIENTED_EDGE ( 'NONE', *, *, #15, .F. ) ;
#2319 = DIRECTION ( 'NONE',  ( -1.397133453249159513E-16, 1.000000000000000000, 0.000000000000000000 ) ) ;
#2320 = EDGE_CURVE ( 'NONE', #2280, #1239, #2441, .T. ) ;
#2321 = ORIENTED_EDGE ( 'NONE', *, *, #2822, .F. ) ;
#2322 = DIRECTION ( 'NONE',  ( 1.397133453249159513E-16, -1.000000000000000000, 0.000000000000000000 ) ) ;
#2323 = ORIENTED_EDGE ( 'NONE', *, *, #1908, .T. ) ;
#2324 = DIRECTION ( 'NONE',  ( -1.397133453249159759E-16, 1.000000000000000000, 4.930380657631323784E-32 ) ) ;
#2325 = AXIS2_PLACEMENT_3D ( 'NONE', #1377, #1878, #345 ) ;
#2326 = CARTESIAN_POINT ( 'NONE',  ( 1.304215032374027815E-15, 4.799999999999997158, 0.000000000000000000 ) ) ;
#2327 = ORIENTED_EDGE ( 'NONE', *, *, #1555, .T. ) ;
#2328 = CIRCLE ( 'NONE', #2841, 22.10000000000000142 ) ;
#2329 = CARTESIAN_POINT ( 'NONE',  ( 10.90192378864697353, 5.200000000000009948, 24.88268590217971621 ) ) ;
#2330 = DIRECTION ( 'NONE',  ( -1.397133453249159513E-16, 1.000000000000000000, -0.000000000000000000 ) ) ;
#2331 = CIRCLE ( 'NONE', #917, 2.999999999999999112 ) ;
#2332 = EDGE_LOOP ( 'NONE', ( #1230, #2029, #1640, #2661 ) ) ;
#2333 = DIRECTION ( 'NONE',  ( 0.8660254037844432595, 1.209953062990857368E-16, 0.4999999999999920064 ) ) ;
#2334 = CIRCLE ( 'NONE', #825, 29.99999999999999645 ) ;
#2335 = EDGE_LOOP ( 'NONE', ( #1013, #1634, #2447, #490 ) ) ;
#2336 = VECTOR ( 'NONE', #222, 1000.000000000000000 ) ;
#2337 = ORIENTED_EDGE ( 'NONE', *, *, #3032, .T. ) ;
#2338 = DIRECTION ( 'NONE',  ( -0.4215533425579065518, 0.7071067811865452413, -0.5677083576787113062 ) ) ;
#2339 = EDGE_CURVE ( 'NONE', #442, #1829, #1249, .T. ) ;
#2340 = AXIS2_PLACEMENT_3D ( 'NONE', #1827, #600, #635 ) ;
#2341 = DIRECTION ( 'NONE',  ( 0.5000000000000041078, 6.985667266245855495E-17, 0.8660254037844363761 ) ) ;
#2342 = EDGE_LOOP ( 'NONE', ( #1110, #1779, #2979 ) ) ;
#2343 = CARTESIAN_POINT ( 'NONE',  ( 27.00000000000000000, 5.599999999999999645, 1.699999999999993072 ) ) ;
#2344 = CARTESIAN_POINT ( 'NONE',  ( 16.09807621135356825, 5.200000000000010836, 21.88268590217965581 ) ) ;
#2345 = EDGE_LOOP ( 'NONE', ( #2241, #1675, #1846 ) ) ;
#2346 = DIRECTION ( 'NONE',  ( -1.397133453249159513E-16, 1.000000000000000000, -0.000000000000000000 ) ) ;
#2347 = LINE ( 'NONE', #2609, #1868 ) ;
#2348 = ORIENTED_EDGE ( 'NONE', *, *, #444, .T. ) ;
#2349 = DIRECTION ( 'NONE',  ( 0.000000000000000000, 0.000000000000000000, 1.000000000000000000 ) ) ;
#2350 = EDGE_LOOP ( 'NONE', ( #426, #695, #1866, #2114 ) ) ;
#2351 = CARTESIAN_POINT ( 'NONE',  ( 27.00000000000000000, 2.600000000000000089, 0.000000000000000000 ) ) ;
#2352 = EDGE_CURVE ( 'NONE', #591, #503, #318, .T. ) ;
#2353 = DIRECTION ( 'NONE',  ( 0.4999999999999979461, 6.985667266245769213E-17, -0.8660254037844397068 ) ) ;
#2354 = EDGE_CURVE ( 'NONE', #573, #504, #264, .T. ) ;
#2355 = ORIENTED_EDGE ( 'NONE', *, *, #370, .T. ) ;
#2356 = CARTESIAN_POINT ( 'NONE',  ( 13.49999999999994671, 2.599999999999998312, -23.38268590217987608 ) ) ;
#2357 = ORIENTED_EDGE ( 'NONE', *, *, #2577, .F. ) ;
#2358 = CARTESIAN_POINT ( 'NONE',  ( -16.09807621135311351, 5.200000000000006395, 21.88268590217998977 ) ) ;
#2359 = LINE ( 'NONE', #2105, #2034 ) ;
#2360 = EDGE_CURVE ( 'NONE', #530, #1104, #2001, .T. ) ;
#2361 = ORIENTED_EDGE ( 'NONE', *, *, #2301, .F. ) ;
#2362 = PLANE ( 'NONE',  #3089 ) ;
#2363 = ORIENTED_EDGE ( 'NONE', *, *, #760, .T. ) ;
#2364 = CARTESIAN_POINT ( 'NONE',  ( 1.248329694244059610E-15, 5.200000000000008171, 0.000000000000000000 ) ) ;
#2365 = LINE ( 'NONE', #1613, #2951 ) ;
#2366 = DIRECTION ( 'NONE',  ( -0.000000000000000000, 1.000000000000000000, -0.000000000000000000 ) ) ;
#2367 = DIRECTION ( 'NONE',  ( -1.397133453249159513E-16, 1.000000000000000000, -0.000000000000000000 ) ) ;
#2368 = CARTESIAN_POINT ( 'NONE',  ( -13.50000000000011191, 5.199999999999978861, -20.38268590217978726 ) ) ;
#2369 = ORIENTED_EDGE ( 'NONE', *, *, #62, .F. ) ;
#2370 = LINE ( 'NONE', #143, #2480 ) ;
#2371 = CIRCLE ( 'NONE', #505, 1.699999999999993072 ) ;
#2372 = EDGE_CURVE ( 'NONE', #3016, #1117, #145, .T. ) ;
#2373 = DIRECTION ( 'NONE',  ( 0.7071067811865513475, -0.7071067811865436870, 0.000000000000000000 ) ) ;
#2374 = AXIS2_PLACEMENT_3D ( 'NONE', #2053, #1794, #2991 ) ;
#2375 = ORIENTED_EDGE ( 'NONE', *, *, #588, .T. ) ;
#2376 = DIRECTION ( 'NONE',  ( 0.2808731884115651112, -0.7071067811865454633, -0.6489300825447410492 ) ) ;
#2377 = CIRCLE ( 'NONE', #2282, 0.4000000000000010214 ) ;
#2378 = ORIENTED_EDGE ( 'NONE', *, *, #424, .T. ) ;
#2379 = CARTESIAN_POINT ( 'NONE',  ( 11.75755430181471084, 5.200000000000009948, -27.16468142349323500 ) ) ;
#2380 = AXIS2_PLACEMENT_3D ( 'NONE', #523, #1509, #1016 ) ;
#2381 = AXIS2_PLACEMENT_3D ( 'NONE', #631, #1823, #2838 ) ;
#2382 = CARTESIAN_POINT ( 'NONE',  ( -16.09807621135342259, 2.599999999999993872, -21.88268590217977305 ) ) ;
#2383 = VECTOR ( 'NONE', #3120, 1000.000000000000000 ) ;
#2384 = AXIS2_PLACEMENT_3D ( 'NONE', #853, #77, #2853 ) ;
#2385 = CIRCLE ( 'NONE', #1132, 0.3999999999999993006 ) ;
#2386 = CIRCLE ( 'NONE', #2602, 0.4000000000000010214 ) ;
#2387 = DIRECTION ( 'NONE',  ( -1.397133453249160252E-16, 1.000000000000000000, 4.930380657631323784E-32 ) ) ;
#2388 = AXIS2_PLACEMENT_3D ( 'NONE', #3070, #2314, #113 ) ;
#2389 = CARTESIAN_POINT ( 'NONE',  ( -16.09807621135311351, 5.200000000000006395, 21.88268590217998977 ) ) ;
#2390 = ORIENTED_EDGE ( 'NONE', *, *, #1644, .T. ) ;
#2391 = DIRECTION ( 'NONE',  ( 1.397133453249160006E-16, -1.000000000000000000, -2.366029043244536636E-32 ) ) ;
#2392 = DIRECTION ( 'NONE',  ( -1.000000000000000000, 0.000000000000000000, 0.000000000000000000 ) ) ;
#2393 = ORIENTED_EDGE ( 'NONE', *, *, #583, .T. ) ;
#2394 = ADVANCED_FACE ( 'NONE', ( #765 ), #1758, .F. ) ;
#2395 = LINE ( 'NONE', #2924, #2479 ) ;
#2396 = EDGE_CURVE ( 'NONE', #1504, #2650, #1242, .T. ) ;
#2397 = ORIENTED_EDGE ( 'NONE', *, *, #2157, .T. ) ;
#2398 = DIRECTION ( 'NONE',  ( -1.000000000000000000, 0.000000000000000000, 0.000000000000000000 ) ) ;
#2399 = FACE_OUTER_BOUND ( 'NONE', #1346, .T. ) ;
#2400 = EDGE_CURVE ( 'NONE', #969, #160, #1263, .T. ) ;
#2401 = DIRECTION ( 'NONE',  ( -0.4215533425578965043, -0.7071067811865487940, -0.5677083576787141928 ) ) ;
#2402 = DIRECTION ( 'NONE',  ( -1.000000000000000000, 0.000000000000000000, 0.000000000000000000 ) ) ;
#2403 = VERTEX_POINT ( 'NONE', #710 ) ;
#2404 = CARTESIAN_POINT ( 'NONE',  ( 29.80408134936371667, 5.200000000000013500, 3.400000000000000355 ) ) ;
#2405 = CARTESIAN_POINT ( 'NONE',  ( 27.00000000000000000, 2.600000000000000089, 0.000000000000000000 ) ) ;
#2406 = ORIENTED_EDGE ( 'NONE', *, *, #2306, .T. ) ;
#2407 = LINE ( 'NONE', #2715, #1120 ) ;
#2408 = ORIENTED_EDGE ( 'NONE', *, *, #1993, .T. ) ;
#2409 = CARTESIAN_POINT ( 'NONE',  ( -12.15755430181452468, 14.13493525146762231, 27.16468142349330961 ) ) ;
#2410 = DIRECTION ( 'NONE',  ( -1.397133453249159759E-16, 1.000000000000000000, -4.930380657631323784E-32 ) ) ;
#2411 = LINE ( 'NONE', #182, #1079 ) ;
#2412 = DIRECTION ( 'NONE',  ( 0.000000000000000000, 1.000000000000000000, 0.000000000000000000 ) ) ;
#2413 = DIRECTION ( 'NONE',  ( -1.397133453249160006E-16, 1.000000000000000000, -0.000000000000000000 ) ) ;
#2414 = ORIENTED_EDGE ( 'NONE', *, *, #74, .F. ) ;
#2415 = DIRECTION ( 'NONE',  ( 1.397133453249159513E-16, -1.000000000000000000, 0.000000000000000000 ) ) ;
#2416 = AXIS2_PLACEMENT_3D ( 'NONE', #1691, #2187, #2616 ) ;
#2417 = CARTESIAN_POINT ( 'NONE',  ( 21.69999999999999929, 14.13493525146762764, 2.657483554149756738E-15 ) ) ;
#2418 = ORIENTED_EDGE ( 'NONE', *, *, #370, .F. ) ;
#2419 = ORIENTED_EDGE ( 'NONE', *, *, #330, .T. ) ;
#2420 = CONICAL_SURFACE ( 'NONE', #1167, 2.999999999999999112, 0.7853981633974488341 ) ;
#2421 = FACE_BOUND ( 'NONE', #801, .T. ) ;
#2422 = EDGE_CURVE ( 'NONE', #2095, #148, #1871, .T. ) ;
#2423 = AXIS2_PLACEMENT_3D ( 'NONE', #1514, #791, #1762 ) ;
#2424 = ORIENTED_EDGE ( 'NONE', *, *, #861, .F. ) ;
#2425 = DIRECTION ( 'NONE',  ( -1.000000000000000000, 0.000000000000000000, 0.000000000000000000 ) ) ;
#2426 = EDGE_LOOP ( 'NONE', ( #1258, #565, #134 ) ) ;
#2427 = DIRECTION ( 'NONE',  ( -1.397133453249159759E-16, 1.000000000000000000, -4.930380657631323784E-32 ) ) ;
#2428 = CIRCLE ( 'NONE', #255, 2.999999999999999556 ) ;
#2429 = ADVANCED_FACE ( 'NONE', ( #952 ), #1703, .T. ) ;
#2430 = DIRECTION ( 'NONE',  ( -1.000000000000000000, 0.000000000000000000, 8.673617379884013384E-15 ) ) ;
#2431 = CONICAL_SURFACE ( 'NONE', #1912, 0.3999999999999906408, 0.7853981633974536081 ) ;
#2432 = VECTOR ( 'NONE', #779, 1000.000000000000000 ) ;
#2433 = DIRECTION ( 'NONE',  ( -0.000000000000000000, 1.000000000000000000, -0.000000000000000000 ) ) ;
#2434 = FACE_OUTER_BOUND ( 'NONE', #2858, .T. ) ;
#2435 = AXIS2_PLACEMENT_3D ( 'NONE', #3128, #2649, #903 ) ;
#2436 = CIRCLE ( 'NONE', #2237, 21.69999999999999929 ) ;
#2437 = VERTEX_POINT ( 'NONE', #326 ) ;
#2438 = DIRECTION ( 'NONE',  ( 1.397133453249160992E-16, -1.000000000000000000, 0.000000000000000000 ) ) ;
#2439 = LOCAL_TIME ( 21, 23, 50.00000000000000000, #2298 ) ;
#2440 = AXIS2_PLACEMENT_3D ( 'NONE', #2717, #2476, #251 ) ;
#2441 = LINE ( 'NONE', #748, #1033 ) ;
#2442 = LINE ( 'NONE', #1418, #51 ) ;
#2443 = ORIENTED_EDGE ( 'NONE', *, *, #1563, .F. ) ;
#2444 = CARTESIAN_POINT ( 'NONE',  ( 12.15755430181507890, 5.200000000000009948, 27.16468142349306802 ) ) ;
#2445 = ORIENTED_EDGE ( 'NONE', *, *, #856, .T. ) ;
#2446 = DIRECTION ( 'NONE',  ( 1.000000000000000000, 0.000000000000000000, 0.000000000000000000 ) ) ;
#2447 = ORIENTED_EDGE ( 'NONE', *, *, #2827, .F. ) ;
#2448 = FACE_OUTER_BOUND ( 'NONE', #2342, .T. ) ;
#2449 = FACE_OUTER_BOUND ( 'NONE', #2571, .T. ) ;
#2450 = ADVANCED_FACE ( 'NONE', ( #3022 ), #258, .F. ) ;
#2451 = CARTESIAN_POINT ( 'NONE',  ( -22.10000000000000142, 14.13493525146762053, 0.000000000000000000 ) ) ;
#2452 = APPROVAL_STATUS ( 'not_yet_approved' ) ;
#2453 = VERTEX_POINT ( 'NONE', #2344 ) ;
#2454 = DIRECTION ( 'NONE',  ( 1.000000000000000000, 3.043777031324052318E-16, 0.000000000000000000 ) ) ;
#2455 = CARTESIAN_POINT ( 'NONE',  ( 17.88499362927253600, 14.13493525146762586, -24.08582576705396860 ) ) ;
#2456 = DIRECTION ( 'NONE',  ( -0.5000000000000102141, -7.228014483236697048E-17, -0.8660254037844328234 ) ) ;
#2457 = EDGE_LOOP ( 'NONE', ( #2799, #3202 ) ) ;
#2458 = DIRECTION ( 'NONE',  ( -0.7071067811865489050, -0.7071067811865461294, 8.659560562354952580E-17 ) ) ;
#2459 = EDGE_CURVE ( 'NONE', #2035, #1948, #822, .T. ) ;
#2460 = VERTEX_POINT ( 'NONE', #1791 ) ;
#2461 = CARTESIAN_POINT ( 'NONE',  ( 0.000000000000000000, 14.13493525146762408, 0.000000000000000000 ) ) ;
#2462 = ORIENTED_EDGE ( 'NONE', *, *, #1724, .F. ) ;
#2463 = LINE ( 'NONE', #3203, #1603 ) ;
#2464 = DIRECTION ( 'NONE',  ( -1.397133453249159513E-16, 1.000000000000000000, 0.000000000000000000 ) ) ;
#2465 = DIRECTION ( 'NONE',  ( 0.000000000000000000, 0.000000000000000000, 1.000000000000000000 ) ) ;
#2466 = ORIENTED_EDGE ( 'NONE', *, *, #1656, .F. ) ;
#2467 = DIRECTION ( 'NONE',  ( 1.000000000000000000, 1.465138070926356977E-16, 0.000000000000000000 ) ) ;
#2468 = CARTESIAN_POINT ( 'NONE',  ( -10.90192378864680300, 5.200000000000005507, -24.88268590217979792 ) ) ;
#2469 = CARTESIAN_POINT ( 'NONE',  ( 0.000000000000000000, 14.13493525146762408, 0.000000000000000000 ) ) ;
#2470 = ORIENTED_EDGE ( 'NONE', *, *, #804, .F. ) ;
#2471 = VERTEX_POINT ( 'NONE', #3009 ) ;
#2472 = DIRECTION ( 'NONE',  ( 1.000000000000000000, 2.551063935260012956E-16, 0.000000000000000000 ) ) ;
#2473 = EDGE_CURVE ( 'NONE', #1515, #3004, #1598, .T. ) ;
#2474 = CLOSED_SHELL ( 'NONE', ( #127, #820, #1432, #2450, #1046, #759, #3046, #2117, #2429, #1313, #2885, #1850, #1519, #694, #509, #1137, #936, #2394, #2532, #1162, #2946, #2919, #1374, #2967, #1422, #2495, #1879, #3168, #144, #1330, #526, #2151, #1199, #2869, #2861, #2710, #1997, #968, #1123, #1679, #1091, #2929, #1659, #1214, #2968, #362, #728, #652, #2628, #468, #2191, #464, #3123, #218, #3030, #1131, #49, #1937, #54, #2809, #2868, #744, #3199, #625, #2104, #595, #2258, #2731, #1036, #1910, #1891, #2150, #3139, #1076, #2503, #2923, #1649, #1883, #1614, #3182, #2177, #1589, #1404, #226, #3208, #2557, #1751, #1142, #642, #2664, #2062, #3194, #2012, #2094, #1101, #2101, #666, #228, #1763, #286, #2155, #2243, #2198, #2215, #1575, #1952, #3026 ) ) ;
#2475 = ORIENTED_EDGE ( 'NONE', *, *, #2396, .F. ) ;
#2476 = DIRECTION ( 'NONE',  ( 1.397133453249160992E-16, -1.000000000000000000, 0.000000000000000000 ) ) ;
#2477 = EDGE_LOOP ( 'NONE', ( #1728, #1713, #1880, #299 ) ) ;
#2478 = DIRECTION ( 'NONE',  ( 0.7071067811865505703, -0.7071067811865444641, 0.000000000000000000 ) ) ;
#2479 = VECTOR ( 'NONE', #941, 1000.000000000000000 ) ;
#2480 = VECTOR ( 'NONE', #189, 1000.000000000000000 ) ;
#2481 = LINE ( 'NONE', #257, #921 ) ;
#2482 = CIRCLE ( 'NONE', #1697, 29.60000000000000853 ) ;
#2483 = EDGE_LOOP ( 'NONE', ( #1564, #1518, #1151, #576 ) ) ;
#2484 = AXIS2_PLACEMENT_3D ( 'NONE', #844, #373, #3080 ) ;
#2485 = DIRECTION ( 'NONE',  ( 0.5000000000000039968, 7.228014483236695816E-17, 0.8660254037844362651 ) ) ;
#2486 = LINE ( 'NONE', #227, #882 ) ;
#2487 = CIRCLE ( 'NONE', #2897, 30.00000000000000000 ) ;
#2488 = VECTOR ( 'NONE', #2657, 1000.000000000000000 ) ;
#2489 = EDGE_LOOP ( 'NONE', ( #2728, #739, #1513, #2323 ) ) ;
#2490 = EDGE_CURVE ( 'NONE', #2453, #2102, #2302, .T. ) ;
#2491 = ORIENTED_EDGE ( 'NONE', *, *, #2575, .T. ) ;
#2492 = DIRECTION ( 'NONE',  ( -1.000000000000000000, -1.397133453249159513E-16, 0.000000000000000000 ) ) ;
#2493 = AXIS2_PLACEMENT_3D ( 'NONE', #2631, #402, #171 ) ;
#2494 = AXIS2_PLACEMENT_3D ( 'NONE', #650, #640, #672 ) ;
#2495 = ADVANCED_FACE ( 'NONE', ( #828 ), #1571, .F. ) ;
#2496 = CIRCLE ( 'NONE', #3113, 0.3999999999999993006 ) ;
#2497 = VERTEX_POINT ( 'NONE', #1061 ) ;
#2498 = LINE ( 'NONE', #1424, #2076 ) ;
#2499 = DIRECTION ( 'NONE',  ( -0.000000000000000000, 1.000000000000000000, -0.000000000000000000 ) ) ;
#2500 = DIRECTION ( 'NONE',  ( -0.000000000000000000, 1.000000000000000000, 4.930380657631323784E-32 ) ) ;
#2501 = ORIENTED_EDGE ( 'NONE', *, *, #3008, .F. ) ;
#2502 = DIRECTION ( 'NONE',  ( 0.000000000000000000, 0.000000000000000000, -1.000000000000000000 ) ) ;
#2503 = ADVANCED_FACE ( 'NONE', ( #1583 ), #2431, .T. ) ;
#2504 = ORIENTED_EDGE ( 'NONE', *, *, #2372, .T. ) ;
#2505 = CYLINDRICAL_SURFACE ( 'NONE', #3107, 1.699999999999993072 ) ;
#2506 = DATE_AND_TIME ( #1962, #3112 ) ;
#2507 = EDGE_LOOP ( 'NONE', ( #750, #1732, #234, #554 ) ) ;
#2508 = DIRECTION ( 'NONE',  ( -1.397133453249159759E-16, 1.000000000000000000, 4.930380657631323784E-32 ) ) ;
#2509 = DIRECTION ( 'NONE',  ( -0.5000000000000039968, -6.985667266245853030E-17, -0.8660254037844363761 ) ) ;
#2510 = DIRECTION ( 'NONE',  ( 0.4215533425578900095, 0.7071067811865482389, -0.5677083576787198549 ) ) ;
#2511 = ORIENTED_EDGE ( 'NONE', *, *, #2519, .T. ) ;
#2512 = ORIENTED_EDGE ( 'NONE', *, *, #2339, .F. ) ;
#2513 = LINE ( 'NONE', #60, #3146 ) ;
#2514 = ORIENTED_EDGE ( 'NONE', *, *, #3098, .F. ) ;
#2515 = DIRECTION ( 'NONE',  ( 0.000000000000000000, 1.000000000000000000, 0.000000000000000000 ) ) ;
#2516 = CARTESIAN_POINT ( 'NONE',  ( 29.40408134936372875, 5.200000000000012612, -3.000000000000000000 ) ) ;
#2517 = ORIENTED_EDGE ( 'NONE', *, *, #371, .T. ) ;
#2518 = DIRECTION ( 'NONE',  ( -0.000000000000000000, 1.000000000000000000, -4.930380657631323784E-32 ) ) ;
#2519 = EDGE_CURVE ( 'NONE', #1950, #1990, #1651, .T. ) ;
#2520 = PERSON_AND_ORGANIZATION ( #2291, #1974 ) ;
#2521 = ORIENTED_EDGE ( 'NONE', *, *, #845, .F. ) ;
#2522 = CARTESIAN_POINT ( 'NONE',  ( 29.40408134936372875, 5.200000000000013500, -3.400000000000000355 ) ) ;
#2523 = CARTESIAN_POINT ( 'NONE',  ( -27.00000000000000000, 5.599999999999992539, 1.699999999999993072 ) ) ;
#2524 = FACE_OUTER_BOUND ( 'NONE', #1653, .T. ) ;
#2525 = ORIENTED_EDGE ( 'NONE', *, *, #1610, .F. ) ;
#2526 = ORIENTED_EDGE ( 'NONE', *, *, #1993, .F. ) ;
#2527 = DIRECTION ( 'NONE',  ( 1.000000000000000000, 2.551063935259998658E-16, 0.000000000000000000 ) ) ;
#2528 = ORIENTED_EDGE ( 'NONE', *, *, #1633, .F. ) ;
#2529 = CARTESIAN_POINT ( 'NONE',  ( 29.40408134936373941, 5.599999999999999645, 3.400000000000001688 ) ) ;
#2530 = EDGE_CURVE ( 'NONE', #810, #485, #355, .T. ) ;
#2531 = ORIENTED_EDGE ( 'NONE', *, *, #2812, .F. ) ;
#2532 = ADVANCED_FACE ( 'NONE', ( #1543 ), #296, .F. ) ;
#2533 = CARTESIAN_POINT ( 'NONE',  ( -13.49999999999978506, 5.599999999999994316, 23.38268590217996490 ) ) ;
#2534 = AXIS2_PLACEMENT_3D ( 'NONE', #1624, #1608, #1638 ) ;
#2535 = FACE_OUTER_BOUND ( 'NONE', #767, .T. ) ;
#2536 = CIRCLE ( 'NONE', #1643, 1.699999999999993072 ) ;
#2537 = APPROVAL_STATUS ( 'not_yet_approved' ) ;
#2538 = EDGE_CURVE ( 'NONE', #593, #2052, #1097, .T. ) ;
#2539 = VERTEX_POINT ( 'NONE', #541 ) ;
#2540 = CARTESIAN_POINT ( 'NONE',  ( 13.50000000000027178, 5.599999999999997868, 23.38268590217968423 ) ) ;
#2541 = CIRCLE ( 'NONE', #3149, 0.3999999999999993006 ) ;
#2542 = FACE_OUTER_BOUND ( 'NONE', #578, .T. ) ;
#2543 = ORIENTED_EDGE ( 'NONE', *, *, #1043, .T. ) ;
#2544 = VECTOR ( 'NONE', #2401, 1000.000000000000114 ) ;
#2545 = ORIENTED_EDGE ( 'NONE', *, *, #1578, .F. ) ;
#2546 = DIRECTION ( 'NONE',  ( -1.397133453249159513E-16, 1.000000000000000000, -0.000000000000000000 ) ) ;
#2547 = EDGE_CURVE ( 'NONE', #1584, #1623, #1526, .T. ) ;
#2548 = VECTOR ( 'NONE', #443, 1000.000000000000000 ) ;
#2549 = ORIENTED_EDGE ( 'NONE', *, *, #1511, .F. ) ;
#2550 = AXIS2_PLACEMENT_3D ( 'NONE', #741, #774, #2221 ) ;
#2551 = CARTESIAN_POINT ( 'NONE',  ( 27.00000000000000000, 5.599999999999999645, -3.400000000000007905 ) ) ;
#2552 = AXIS2_PLACEMENT_3D ( 'NONE', #2932, #706, #2723 ) ;
#2553 = AXIS2_PLACEMENT_3D ( 'NONE', #26, #699, #2446 ) ;
#2554 = CARTESIAN_POINT ( 'NONE',  ( -11.75755430181452255, 2.599999999999994760, 27.16468142349330961 ) ) ;
#2555 = ORIENTED_EDGE ( 'NONE', *, *, #2667, .T. ) ;
#2556 = DIRECTION ( 'NONE',  ( 0.000000000000000000, 0.000000000000000000, 1.000000000000000000 ) ) ;
#2557 = ADVANCED_FACE ( 'NONE', ( #2542 ), #812, .F. ) ;
#2558 = CARTESIAN_POINT ( 'NONE',  ( 27.00000000000000000, 5.200000000000004619, 0.000000000000000000 ) ) ;
#2559 = ORIENTED_EDGE ( 'NONE', *, *, #1054, .T. ) ;
#2560 = FACE_OUTER_BOUND ( 'NONE', #2145, .T. ) ;
#2561 = EDGE_CURVE ( 'NONE', #1623, #3124, #2570, .T. ) ;
#2562 = DIRECTION ( 'NONE',  ( 0.5000000000000101030, 2.345210304699486243E-16, 0.8660254037844328234 ) ) ;
#2563 = ORIENTED_EDGE ( 'NONE', *, *, #3067, .T. ) ;
#2564 = LINE ( 'NONE', #1056, #703 ) ;
#2565 = CARTESIAN_POINT ( 'NONE',  ( 16.44448637286703274, 5.599999999999997868, -21.68268590217988745 ) ) ;
#2566 = PERSON_AND_ORGANIZATION ( #2291, #1974 ) ;
#2567 = ORIENTED_EDGE ( 'NONE', *, *, #1629, .F. ) ;
#2568 = CYLINDRICAL_SURFACE ( 'NONE', #96, 2.999999999999999112 ) ;
#2569 = EDGE_CURVE ( 'NONE', #3086, #2254, #2744, .T. ) ;
#2570 = LINE ( 'NONE', #340, #309 ) ;
#2571 = EDGE_LOOP ( 'NONE', ( #2285, #1766, #1572, #253 ) ) ;
#2572 = CARTESIAN_POINT ( 'NONE',  ( 11.91644017075815043, 2.599999999999998312, -27.53177171299989823 ) ) ;
#2573 = CARTESIAN_POINT ( 'NONE',  ( -27.00000000000000000, 2.599999999999992095, 3.000000000000000000 ) ) ;
#2574 = ORIENTED_EDGE ( 'NONE', *, *, #1188, .F. ) ;
#2575 = EDGE_CURVE ( 'NONE', #1104, #1955, #2487, .T. ) ;
#2576 = CARTESIAN_POINT ( 'NONE',  ( -10.90192378864645484, 2.599999999999993872, 24.88268590217994358 ) ) ;
#2577 = EDGE_CURVE ( 'NONE', #3012, #160, #1109, .T. ) ;
#2578 = ORIENTED_EDGE ( 'NONE', *, *, #1337, .T. ) ;
#2579 = FACE_OUTER_BOUND ( 'NONE', #858, .T. ) ;
#2580 = CIRCLE ( 'NONE', #865, 1.699999999999996625 ) ;
#2581 = ORIENTED_EDGE ( 'NONE', *, *, #1535, .T. ) ;
#2582 = DIRECTION ( 'NONE',  ( -0.000000000000000000, 1.000000000000000000, -0.000000000000000000 ) ) ;
#2583 = VECTOR ( 'NONE', #213, 1000.000000000000114 ) ;
#2584 = DIRECTION ( 'NONE',  ( 1.000000000000000000, 1.445602896647339163E-16, 0.000000000000000000 ) ) ;
#2585 = VERTEX_POINT ( 'NONE', #3140 ) ;
#2586 = CIRCLE ( 'NONE', #454, 30.00000000000000000 ) ;
#2587 = DIRECTION ( 'NONE',  ( -1.000000000000000000, 0.000000000000000000, 0.000000000000000000 ) ) ;
#2588 = FACE_OUTER_BOUND ( 'NONE', #262, .T. ) ;
#2590 = CIRCLE ( 'NONE', #2791, 0.4000000000000010214 ) ;
#2589 = FACE_OUTER_BOUND ( 'NONE', #2332, .T. ) ;
#2591 = EDGE_CURVE ( 'NONE', #3013, #2271, #3094, .T. ) ;
#2592 = ORIENTED_EDGE ( 'NONE', *, *, #2591, .F. ) ;
#2593 = DIRECTION ( 'NONE',  ( 1.397133453249159759E-16, -1.000000000000000000, 4.930380657631323784E-32 ) ) ;
#2594 = AXIS2_PLACEMENT_3D ( 'NONE', #2920, #892, #1671 ) ;
#2595 = AXIS2_PLACEMENT_3D ( 'NONE', #204, #1402, #675 ) ;
#2596 = EDGE_CURVE ( 'NONE', #2287, #949, #150, .T. ) ;
#2597 = AXIS2_PLACEMENT_3D ( 'NONE', #3066, #842, #2402 ) ;
#2598 = AXIS2_PLACEMENT_3D ( 'NONE', #2045, #869, #1536 ) ;
#2599 = VERTEX_POINT ( 'NONE', #888 ) ;
#2600 = PLANE ( 'NONE',  #724 ) ;
#2601 = DIRECTION ( 'NONE',  ( -1.397133453249159513E-16, 1.000000000000000000, -0.000000000000000000 ) ) ;
#2602 = AXIS2_PLACEMENT_3D ( 'NONE', #3083, #1621, #343 ) ;
#2603 = SHAPE_DEFINITION_REPRESENTATION ( #1476, #2818 ) ;
#2604 = EDGE_CURVE ( 'NONE', #1682, #2074, #1245, .T. ) ;
#2605 = ORIENTED_EDGE ( 'NONE', *, *, #3114, .F. ) ;
#2606 = CYLINDRICAL_SURFACE ( 'NONE', #1026, 1.699999999999993072 ) ;
#2607 = ORIENTED_EDGE ( 'NONE', *, *, #1925, .F. ) ;
#2608 = CARTESIAN_POINT ( 'NONE',  ( 27.00000000000000000, 5.599999999999999645, 3.399999999999990585 ) ) ;
#2609 = CARTESIAN_POINT ( 'NONE',  ( 10.90192378864697353, 2.599999999999998312, 24.88268590217971621 ) ) ;
#2610 = DIRECTION ( 'NONE',  ( -1.000000000000000000, -1.397133453249159513E-16, 0.000000000000000000 ) ) ;
#2611 = VERTEX_POINT ( 'NONE', #2307 ) ;
#2612 = FACE_OUTER_BOUND ( 'NONE', #2345, .T. ) ;
#2613 = ORIENTED_EDGE ( 'NONE', *, *, #1673, .T. ) ;
#2614 = DIRECTION ( 'NONE',  ( 0.000000000000000000, 1.000000000000000000, 0.000000000000000000 ) ) ;
#2615 = DIRECTION ( 'NONE',  ( 1.000000000000000000, 1.465138070926356977E-16, 0.000000000000000000 ) ) ;
#2616 = DIRECTION ( 'NONE',  ( -1.000000000000000000, -1.397133453249159513E-16, 0.000000000000000000 ) ) ;
#2617 = CARTESIAN_POINT ( 'NONE',  ( -13.50000000000011191, 5.599999999999994316, -25.08268590217977945 ) ) ;
#2618 = ORIENTED_EDGE ( 'NONE', *, *, #2773, .F. ) ;
#2619 = FACE_OUTER_BOUND ( 'NONE', #2426, .T. ) ;
#2620 = PLANE ( 'NONE',  #1973 ) ;
#2621 = CARTESIAN_POINT ( 'NONE',  ( -10.90192378864645484, 5.200000000000006395, 24.88268590217994358 ) ) ;
#2622 = EDGE_LOOP ( 'NONE', ( #132, #1416, #2361, #542 ) ) ;
#2623 = CARTESIAN_POINT ( 'NONE',  ( 30.00000000000000000, 14.13493525146762764, 3.673940397442059178E-15 ) ) ;
#2624 = EDGE_LOOP ( 'NONE', ( #2574, #2134, #327, #2210 ) ) ;
#2625 = FACE_OUTER_BOUND ( 'NONE', #188, .T. ) ;
#2626 = CARTESIAN_POINT ( 'NONE',  ( -3.632546978447810542E-16, 2.599999999999996536, -2.372745691485074571E-31 ) ) ;
#2627 = EDGE_CURVE ( 'NONE', #772, #319, #3040, .T. ) ;
#2628 = ADVANCED_FACE ( 'NONE', ( #2589 ), #849, .F. ) ;
#2629 = DIRECTION ( 'NONE',  ( 1.397133453249159513E-16, -1.000000000000000000, 0.000000000000000000 ) ) ;
#2630 = EDGE_CURVE ( 'NONE', #1090, #2471, #1841, .T. ) ;
#2631 = CARTESIAN_POINT ( 'NONE',  ( -27.00000000000000000, 2.599999999999992095, 0.000000000000000000 ) ) ;
#2632 = EDGE_LOOP ( 'NONE', ( #1918, #2640, #331, #1024 ) ) ;
#2633 = CARTESIAN_POINT ( 'NONE',  ( 21.69999999999999929, 5.599999999999998757, -3.399999999999990585 ) ) ;
#2634 = VECTOR ( 'NONE', #1180, 1000.000000000000000 ) ;
#2635 = DIRECTION ( 'NONE',  ( -1.397133453249160006E-16, 1.000000000000000000, 0.000000000000000000 ) ) ;
#2636 = VERTEX_POINT ( 'NONE', #1588 ) ;
#2637 = CARTESIAN_POINT ( 'NONE',  ( 12.10396446332886100, 2.599999999999998757, 26.96468142349306163 ) ) ;
#2638 = EDGE_CURVE ( 'NONE', #2925, #1771, #1360, .T. ) ;
#2639 = CIRCLE ( 'NONE', #514, 3.400000000000014122 ) ;
#2640 = ORIENTED_EDGE ( 'NONE', *, *, #398, .T. ) ;
#2641 = FACE_OUTER_BOUND ( 'NONE', #1272, .T. ) ;
#2642 = AXIS2_PLACEMENT_3D ( 'NONE', #2689, #469, #1449 ) ;
#2643 = CARTESIAN_POINT ( 'NONE',  ( 1.192444356114094955E-15, 5.599999999999995204, 0.000000000000000000 ) ) ;
#2644 = AXIS2_PLACEMENT_3D ( 'NONE', #2626, #2427, #200 ) ;
#2645 = CONICAL_SURFACE ( 'NONE', #3010, 0.3999999999999906408, 0.7853981633974533860 ) ;
#2646 = CIRCLE ( 'NONE', #1, 0.4000000000000010214 ) ;
#2647 = CARTESIAN_POINT ( 'NONE',  ( -27.00000000000000000, 5.200000000000004619, -3.000000000000000000 ) ) ;
#2648 = SECURITY_CLASSIFICATION ( '', '', #1523 ) ;
#2649 = DIRECTION ( 'NONE',  ( 1.397133453249160499E-16, -1.000000000000000000, -0.000000000000000000 ) ) ;
#2650 = VERTEX_POINT ( 'NONE', #377 ) ;
#2651 = LINE ( 'NONE', #2160, #2740 ) ;
#2652 = CARTESIAN_POINT ( 'NONE',  ( 27.00000000000000000, 2.600000000000000089, -3.000000000000000000 ) ) ;
#2653 = ORIENTED_EDGE ( 'NONE', *, *, #2459, .F. ) ;
#2654 = DIRECTION ( 'NONE',  ( -1.397133453249160499E-16, 1.000000000000000000, -7.395570986446985676E-32 ) ) ;
#2655 = ORIENTED_EDGE ( 'NONE', *, *, #895, .F. ) ;
#2656 = CARTESIAN_POINT ( 'NONE',  ( -29.40408134936372875, 14.13493525146762053, -3.400000000000000355 ) ) ;
#2657 = DIRECTION ( 'NONE',  ( 1.397133453249160006E-16, -1.000000000000000000, -4.203859745958482113E-32 ) ) ;
#2658 = FACE_OUTER_BOUND ( 'NONE', #1077, .T. ) ;
#2659 = FACE_OUTER_BOUND ( 'NONE', #208, .T. ) ;
#2660 = EDGE_CURVE ( 'NONE', #78, #713, #2663, .T. ) ;
#2661 = ORIENTED_EDGE ( 'NONE', *, *, #3067, .F. ) ;
#2662 = DIRECTION ( 'NONE',  ( 1.397133453249160006E-16, -1.000000000000000000, -0.000000000000000000 ) ) ;
#2663 = LINE ( 'NONE', #2147, #2128 ) ;
#2664 = ADVANCED_FACE ( 'NONE', ( #190 ), #566, .T. ) ;
#2665 = VERTEX_POINT ( 'NONE', #1876 ) ;
#2666 = FACE_OUTER_BOUND ( 'NONE', #1549, .T. ) ;
#2667 = EDGE_CURVE ( 'NONE', #949, #1504, #1159, .T. ) ;
#2668 = ORIENTED_EDGE ( 'NONE', *, *, #2596, .F. ) ;
#2669 = DIRECTION ( 'NONE',  ( 1.397133453249159759E-16, -1.000000000000000000, 4.930380657631323784E-32 ) ) ;
#2670 = ORIENTED_EDGE ( 'NONE', *, *, #792, .F. ) ;
#2671 = FACE_OUTER_BOUND ( 'NONE', #1935, .T. ) ;
#2672 = CARTESIAN_POINT ( 'NONE',  ( 27.00000000000000000, 2.600000000000000089, 0.000000000000000000 ) ) ;
#2673 = CARTESIAN_POINT ( 'NONE',  ( -11.75755430181489736, 5.200000000000006395, -27.16468142349314618 ) ) ;
#2674 = ORIENTED_EDGE ( 'NONE', *, *, #1066, .T. ) ;
#2675 = CARTESIAN_POINT ( 'NONE',  ( -27.00000000000000000, -1.561251128379126385E-14, 1.699999999999996625 ) ) ;
#2676 = CARTESIAN_POINT ( 'NONE',  ( 13.49999999999994671, 5.199999999999996625, -20.38268590217987608 ) ) ;
#2677 = DIRECTION ( 'NONE',  ( -1.397133453249160006E-16, 1.000000000000000000, -0.000000000000000000 ) ) ;
#2678 = VERTEX_POINT ( 'NONE', #3145 ) ;
#2679 = AXIS2_PLACEMENT_3D ( 'NONE', #1809, #2319, #1312 ) ;
#2680 = CARTESIAN_POINT ( 'NONE',  ( 13.50000000000027178, -9.540979117872439019E-15, 23.38268590217968423 ) ) ;
#2681 = VECTOR ( 'NONE', #1708, 1000.000000000000000 ) ;
#2682 = ORIENTED_EDGE ( 'NONE', *, *, #2591, .T. ) ;
#2683 = LINE ( 'NONE', #1459, #1232 ) ;
#2684 = CARTESIAN_POINT ( 'NONE',  ( 22.10000000000000142, 14.13493525146762764, 2.706469426115650955E-15 ) ) ;
#2685 = CARTESIAN_POINT ( 'NONE',  ( 11.75755430181508920, 5.200000000000009948, 27.16468142349306802 ) ) ;
#2686 = CIRCLE ( 'NONE', #871, 1.699999999999993072 ) ;
#2687 = EDGE_CURVE ( 'NONE', #2035, #232, #906, .T. ) ;
#2688 = VECTOR ( 'NONE', #2903, 1000.000000000000114 ) ;
#2689 = CARTESIAN_POINT ( 'NONE',  ( -11.75755430181452432, 14.13493525146762231, 27.16468142349330961 ) ) ;
#2690 = AXIS2_PLACEMENT_3D ( 'NONE', #2182, #1901, #146 ) ;
#2691 = CIRCLE ( 'NONE', #1865, 1.699999999999993072 ) ;
#2692 = ORIENTED_EDGE ( 'NONE', *, *, #3156, .T. ) ;
#2693 = DIRECTION ( 'NONE',  ( -0.000000000000000000, 1.000000000000000000, -0.000000000000000000 ) ) ;
#2694 = PERSON_AND_ORGANIZATION_ROLE ( 'creator' ) ;
#2695 = CIRCLE ( 'NONE', #413, 1.699999999999996625 ) ;
#2696 = VECTOR ( 'NONE', #2478, 1000.000000000000114 ) ;
#2697 = ORIENTED_EDGE ( 'NONE', *, *, #2000, .T. ) ;
#2698 = DIRECTION ( 'NONE',  ( -1.397133453249159513E-16, 1.000000000000000000, -0.000000000000000000 ) ) ;
#2699 = VECTOR ( 'NONE', #2747, 999.9999999999998863 ) ;
#2700 = DIRECTION ( 'NONE',  ( 1.397133453249159513E-16, -1.000000000000000000, 0.000000000000000000 ) ) ;
#2701 = ORIENTED_EDGE ( 'NONE', *, *, #2849, .F. ) ;
#2702 = DIRECTION ( 'NONE',  ( -0.000000000000000000, 1.000000000000000000, 4.930380657631323784E-32 ) ) ;
#2703 = ORIENTED_EDGE ( 'NONE', *, *, #1073, .T. ) ;
#2704 = CARTESIAN_POINT ( 'NONE',  ( 17.30011688603512354, 2.599999999999998757, -23.96468142349324637 ) ) ;
#2705 = DIRECTION ( 'NONE',  ( 0.4999999999999979461, 0.000000000000000000, -0.8660254037844397068 ) ) ;
#2706 = CYLINDRICAL_SURFACE ( 'NONE', #364, 0.4000000000000010214 ) ;
#2707 = CARTESIAN_POINT ( 'NONE',  ( -3.632546978447809063E-16, 2.599999999999996536, 0.000000000000000000 ) ) ;
#2708 = DIRECTION ( 'NONE',  ( 0.8660254037844328234, 1.209953062990842823E-16, -0.5000000000000101030 ) ) ;
#2709 = PERSON_AND_ORGANIZATION ( #2291, #1974 ) ;
#2710 = ADVANCED_FACE ( 'NONE', ( #1407, #2876 ), #162, .T. ) ;
#2711 = ORIENTED_EDGE ( 'NONE', *, *, #1834, .T. ) ;
#2712 = DIRECTION ( 'NONE',  ( -0.6123724356957995774, -0.7071067811865426878, -0.3535533905932744525 ) ) ;
#2713 = CARTESIAN_POINT ( 'NONE',  ( 13.49999999999994671, 2.599999999999998312, -25.08268590217986826 ) ) ;
#2714 = ORIENTED_EDGE ( 'NONE', *, *, #861, .T. ) ;
#2715 = CARTESIAN_POINT ( 'NONE',  ( -27.00000000000000000, 5.200000000000004619, -3.000000000000000000 ) ) ;
#2716 = VERTEX_POINT ( 'NONE', #662 ) ;
#2717 = CARTESIAN_POINT ( 'NONE',  ( 1.192444356114094955E-15, 5.599999999999995204, 0.000000000000000000 ) ) ;
#2718 = ORIENTED_EDGE ( 'NONE', *, *, #1355, .F. ) ;
#2719 = CARTESIAN_POINT ( 'NONE',  ( 13.50000000000027178, 2.599999999999998312, 23.38268590217968423 ) ) ;
#2720 = CARTESIAN_POINT ( 'NONE',  ( 0.000000000000000000, 14.13493525146762408, 0.000000000000000000 ) ) ;
#2721 = EDGE_CURVE ( 'NONE', #403, #527, #174, .T. ) ;
#2722 = CARTESIAN_POINT ( 'NONE',  ( -13.49999999999978506, 2.599999999999993872, 23.38268590217996490 ) ) ;
#2723 = DIRECTION ( 'NONE',  ( 1.000000000000000000, 0.000000000000000000, 0.000000000000000000 ) ) ;
#2724 = ORIENTED_EDGE ( 'NONE', *, *, #484, .T. ) ;
#2725 = CARTESIAN_POINT ( 'NONE',  ( -11.75755430181452255, 5.200000000000006395, 27.16468142349330961 ) ) ;
#2726 = EDGE_CURVE ( 'NONE', #2095, #525, #920, .T. ) ;
#2727 = DIRECTION ( 'NONE',  ( 1.397133453249160252E-16, -1.000000000000000000, -4.930380657631323784E-32 ) ) ;
#2728 = ORIENTED_EDGE ( 'NONE', *, *, #1469, .F. ) ;
#2729 = ORIENTED_EDGE ( 'NONE', *, *, #2400, .T. ) ;
#2730 = DIRECTION ( 'NONE',  ( -1.397133453249159513E-16, 1.000000000000000000, -0.000000000000000000 ) ) ;
#2731 = ADVANCED_FACE ( 'NONE', ( #1922 ), #2908, .T. ) ;
#2732 = VERTEX_POINT ( 'NONE', #2652 ) ;
#2733 = DIRECTION ( 'NONE',  ( 1.397133453249160992E-16, -1.000000000000000000, 0.000000000000000000 ) ) ;
#2734 = CARTESIAN_POINT ( 'NONE',  ( 16.09807621135326272, 2.599999999999998312, -21.88268590217988319 ) ) ;
#2735 = DIRECTION ( 'NONE',  ( -1.000000000000000000, -1.199117610122216824E-16, 0.000000000000000000 ) ) ;
#2736 = CIRCLE ( 'NONE', #2888, 0.4000000000000010214 ) ;
#2737 = ORIENTED_EDGE ( 'NONE', *, *, #1150, .T. ) ;
#2738 = CIRCLE ( 'NONE', #1021, 0.4000000000000010214 ) ;
#2739 = DIRECTION ( 'NONE',  ( 0.000000000000000000, 0.000000000000000000, 1.000000000000000000 ) ) ;
#2740 = VECTOR ( 'NONE', #2391, 1000.000000000000000 ) ;
#2741 = PLANE ( 'NONE',  #1767 ) ;
#2742 = COORDINATED_UNIVERSAL_TIME_OFFSET ( 8, 0, .AHEAD. ) ;
#2743 = ORIENTED_EDGE ( 'NONE', *, *, #2627, .F. ) ;
#2744 = CIRCLE ( 'NONE', #3005, 22.10000000000000142 ) ;
#2745 = VECTOR ( 'NONE', #3035, 1000.000000000000000 ) ;
#2746 = DIRECTION ( 'NONE',  ( 1.397133453249159513E-16, -1.000000000000000000, 0.000000000000000000 ) ) ;
#2747 = DIRECTION ( 'NONE',  ( 0.000000000000000000, 0.7071067811865521247, 0.7071067811865430208 ) ) ;
#2748 = AXIS2_PLACEMENT_3D ( 'NONE', #2988, #2765, #2267 ) ;
#2750 = AXIS2_PLACEMENT_3D ( 'NONE', #2685, #495, #1517 ) ;
#2749 = FACE_OUTER_BOUND ( 'NONE', #1107, .T. ) ;
#2751 = ORIENTED_EDGE ( 'NONE', *, *, #1001, .T. ) ;
#2752 = ORIENTED_EDGE ( 'NONE', *, *, #1644, .F. ) ;
#2753 = CARTESIAN_POINT ( 'NONE',  ( 1.248329694244061385E-15, 5.199999999999996625, 0.000000000000000000 ) ) ;
#2754 = CIRCLE ( 'NONE', #1241, 0.4000000000000010214 ) ;
#2755 = ORIENTED_EDGE ( 'NONE', *, *, #383, .T. ) ;
#2756 = LINE ( 'NONE', #303, #1753 ) ;
#2757 = CARTESIAN_POINT ( 'NONE',  ( 1.192444356114094955E-15, 5.599999999999995204, 0.000000000000000000 ) ) ;
#2758 = VERTEX_POINT ( 'NONE', #1375 ) ;
#2759 = DIRECTION ( 'NONE',  ( 0.4999999999999920064, 0.000000000000000000, -0.8660254037844431485 ) ) ;
#2760 = CARTESIAN_POINT ( 'NONE',  ( -10.90192378864680300, 2.599999999999993872, -24.88268590217979792 ) ) ;
#2761 = PERSON_AND_ORGANIZATION_ROLE ( 'creator' ) ;
#2762 = ORIENTED_EDGE ( 'NONE', *, *, #1296, .T. ) ;
#2763 = DIRECTION ( 'NONE',  ( 1.397133453249159513E-16, -1.000000000000000000, 0.000000000000000000 ) ) ;
#2764 = CARTESIAN_POINT ( 'NONE',  ( 16.09807621135356825, 5.200000000000010836, 21.88268590217965581 ) ) ;
#2765 = DIRECTION ( 'NONE',  ( -1.397133453249159513E-16, 1.000000000000000000, -0.000000000000000000 ) ) ;
#2766 = EDGE_LOOP ( 'NONE', ( #1800, #192, #58, #2762 ) ) ;
#2767 = ORIENTED_EDGE ( 'NONE', *, *, #1463, .F. ) ;
#2768 = DIRECTION ( 'NONE',  ( -1.000000000000000000, 0.000000000000000000, 0.000000000000000000 ) ) ;
#2769 = EDGE_CURVE ( 'NONE', #459, #3013, #3105, .T. ) ;
#2770 = EDGE_CURVE ( 'NONE', #3075, #2312, #1127, .T. ) ;
#2771 = VERTEX_POINT ( 'NONE', #1147 ) ;
#2772 = FACE_OUTER_BOUND ( 'NONE', #3179, .T. ) ;
#2773 = EDGE_CURVE ( 'NONE', #78, #884, #2442, .T. ) ;
#2774 = DIRECTION ( 'NONE',  ( -1.397133453249159513E-16, 1.000000000000000000, -0.000000000000000000 ) ) ;
#2775 = PLANE ( 'NONE',  #261 ) ;
#2776 = DATE_AND_TIME ( #2953, #926 ) ;
#2777 = ORIENTED_EDGE ( 'NONE', *, *, #1296, .F. ) ;
#2778 = DIRECTION ( 'NONE',  ( 1.000000000000000000, 0.000000000000000000, 0.000000000000000000 ) ) ;
#2779 = ORIENTED_EDGE ( 'NONE', *, *, #1370, .T. ) ;
#2780 = ORIENTED_EDGE ( 'NONE', *, *, #1783, .T. ) ;
#2781 = DIRECTION ( 'NONE',  ( 1.397133453249160499E-16, -1.000000000000000000, -0.000000000000000000 ) ) ;
#2782 = EDGE_LOOP ( 'NONE', ( #1786, #302, #872, #2475 ) ) ;
#2783 = CARTESIAN_POINT ( 'NONE',  ( -10.55551362713301522, 5.599999999999994316, -25.08268590217980787 ) ) ;
#2784 = AXIS2_PLACEMENT_3D ( 'NONE', #2206, #2410, #216 ) ;
#2785 = EDGE_CURVE ( 'NONE', #459, #1637, #407, .T. ) ;
#2786 = CARTESIAN_POINT ( 'NONE',  ( -11.91644017075796391, 5.200000000000006395, 27.53177171299998349 ) ) ;
#2787 = CIRCLE ( 'NONE', #815, 1.699999999999996625 ) ;
#2788 = CIRCLE ( 'NONE', #1546, 3.399999999999996803 ) ;
#2789 = ORIENTED_EDGE ( 'NONE', *, *, #273, .T. ) ;
#2790 = DIRECTION ( 'NONE',  ( -1.000000000000000000, -1.445602896647339656E-16, 0.000000000000000000 ) ) ;
#2791 = AXIS2_PLACEMENT_3D ( 'NONE', #1669, #436, #161 ) ;
#2792 = APPROVAL ( #2537, 'UNSPECIFIED' ) ;
#2793 = DIRECTION ( 'NONE',  ( -0.4999999999999979461, -6.985667266245769213E-17, 0.8660254037844397068 ) ) ;
#2794 = AXIS2_PLACEMENT_3D ( 'NONE', #1684, #1194, #2199 ) ;
#2795 = ORIENTED_EDGE ( 'NONE', *, *, #1094, .F. ) ;
#2796 = CARTESIAN_POINT ( 'NONE',  ( 13.49999999999994671, 2.599999999999998312, -21.68268590217988390 ) ) ;
#2797 = VECTOR ( 'NONE', #2936, 1000.000000000000114 ) ;
#2798 = AXIS2_PLACEMENT_3D ( 'NONE', #2036, #2224, #2739 ) ;
#2799 = ORIENTED_EDGE ( 'NONE', *, *, #93, .T. ) ;
#2800 = CIRCLE ( 'NONE', #1392, 30.00000000000000000 ) ;
#2801 = CIRCLE ( 'NONE', #2340, 2.999999999999999112 ) ;
#2802 = FACE_OUTER_BOUND ( 'NONE', #85, .T. ) ;
#2803 = CC_DESIGN_APPROVAL ( #1453, ( #1870 ) ) ;
#2804 = VECTOR ( 'NONE', #2020, 1000.000000000000000 ) ;
#2805 = LINE ( 'NONE', #608, #1340 ) ;
#2806 = ORIENTED_EDGE ( 'NONE', *, *, #2473, .F. ) ;
#2807 = FACE_OUTER_BOUND ( 'NONE', #1070, .T. ) ;
#2808 = DIRECTION ( 'NONE',  ( 0.000000000000000000, 0.000000000000000000, 1.000000000000000000 ) ) ;
#2809 = ADVANCED_FACE ( 'NONE', ( #1195 ), #937, .T. ) ;
#2810 = ORIENTED_EDGE ( 'NONE', *, *, #629, .F. ) ;
#2811 = DIRECTION ( 'NONE',  ( 0.6123724356957950254, 0.7071067811865431318, -0.3535533905932815024 ) ) ;
#2812 = EDGE_CURVE ( 'NONE', #2052, #2925, #3164, .T. ) ;
#2813 = CARTESIAN_POINT ( 'NONE',  ( -13.49999999999978506, -1.387778780781445676E-14, 21.68268590217996916 ) ) ;
#2814 = VERTEX_POINT ( 'NONE', #2890 ) ;
#2815 = CARTESIAN_POINT ( 'NONE',  ( 29.40408134936372875, 5.200000000000012612, 3.000000000000000000 ) ) ;
#2816 = VERTEX_POINT ( 'NONE', #1685 ) ;
#2817 = ORIENTED_EDGE ( 'NONE', *, *, #2726, .T. ) ;
#2818 = ADVANCED_BREP_SHAPE_REPRESENTATION ( 'InRunnerUpperPlate', ( #1843, #2552 ), #1293 ) ;
#2819 = FACE_OUTER_BOUND ( 'NONE', #3183, .T. ) ;
#2820 = ORIENTED_EDGE ( 'NONE', *, *, #252, .T. ) ;
#2821 = CARTESIAN_POINT ( 'NONE',  ( -13.49999999999978506, 5.200000000000006395, 23.38268590217996490 ) ) ;
#2822 = EDGE_CURVE ( 'NONE', #380, #3004, #1439, .T. ) ;
#2823 = CARTESIAN_POINT ( 'NONE',  ( 13.49999999999994671, 5.199999999999996625, -23.38268590217987608 ) ) ;
#2824 = ORIENTED_EDGE ( 'NONE', *, *, #3074, .T. ) ;
#2825 = DIRECTION ( 'NONE',  ( 1.000000000000000000, 1.465138070926356977E-16, 0.000000000000000000 ) ) ;
#2826 = DIRECTION ( 'NONE',  ( -0.4999999999999979461, 0.000000000000000000, 0.8660254037844397068 ) ) ;
#2827 = EDGE_CURVE ( 'NONE', #1569, #1689, #3100, .T. ) ;
#2828 = EDGE_CURVE ( 'NONE', #1480, #1689, #265, .T. ) ;
#2829 = CARTESIAN_POINT ( 'NONE',  ( 27.00000000000000000, 2.600000000000000089, 3.000000000000000000 ) ) ;
#2830 = ORIENTED_EDGE ( 'NONE', *, *, #177, .F. ) ;
#2831 = CARTESIAN_POINT ( 'NONE',  ( -16.09807621135342259, 5.200000000000006395, -21.88268590217977305 ) ) ;
#2832 = EDGE_CURVE ( 'NONE', #125, #2183, #502, .T. ) ;
#2833 = ORIENTED_EDGE ( 'NONE', *, *, #602, .F. ) ;
#2834 = FACE_OUTER_BOUND ( 'NONE', #1007, .T. ) ;
#2835 = DIRECTION ( 'NONE',  ( 1.397133453249159513E-16, -1.000000000000000000, -0.000000000000000000 ) ) ;
#2836 = CONICAL_SURFACE ( 'NONE', #3141, 0.3999999999999906408, 0.7853981633974530530 ) ;
#2837 = VERTEX_POINT ( 'NONE', #1490 ) ;
#2838 = DIRECTION ( 'NONE',  ( 1.000000000000000000, 0.000000000000000000, 0.000000000000000000 ) ) ;
#2839 = CIRCLE ( 'NONE', #1757, 3.400000000000015898 ) ;
#2840 = EDGE_LOOP ( 'NONE', ( #2653, #3169, #2955, #154 ) ) ;
#2841 = AXIS2_PLACEMENT_3D ( 'NONE', #2907, #1175, #3143 ) ;
#2842 = DIRECTION ( 'NONE',  ( 1.397133453249159513E-16, -1.000000000000000000, 0.000000000000000000 ) ) ;
#2843 = CARTESIAN_POINT ( 'NONE',  ( 13.50000000000027178, 5.199999999999982414, 23.38268590217968423 ) ) ;
#2845 = AXIS2_PLACEMENT_3D ( 'NONE', #1521, #2518, #496 ) ;
#2844 = CARTESIAN_POINT ( 'NONE',  ( 21.69999999999999929, 5.599999999999998757, 3.399999999999990585 ) ) ;
#2846 = ORIENTED_EDGE ( 'NONE', *, *, #1469, .T. ) ;
#2847 = CARTESIAN_POINT ( 'NONE',  ( 13.49999999999994671, 5.199999999999996625, -23.38268590217987608 ) ) ;
#2848 = VECTOR ( 'NONE', #2161, 1000.000000000000000 ) ;
#2849 = EDGE_CURVE ( 'NONE', #1331, #2716, #711, .T. ) ;
#2850 = AXIS2_PLACEMENT_3D ( 'NONE', #878, #1085, #2826 ) ;
#2851 = ORIENTED_EDGE ( 'NONE', *, *, #2865, .F. ) ;
#2852 = LINE ( 'NONE', #368, #670 ) ;
#2853 = DIRECTION ( 'NONE',  ( -1.000000000000000000, -2.551063935260020845E-16, 0.000000000000000000 ) ) ;
#2854 = VECTOR ( 'NONE', #242, 1000.000000000000114 ) ;
#2855 = ORIENTED_EDGE ( 'NONE', *, *, #432, .T. ) ;
#2856 = CARTESIAN_POINT ( 'NONE',  ( 13.50000000000027178, 2.599999999999998312, 23.38268590217968423 ) ) ;
#2857 = DIRECTION ( 'NONE',  ( -1.397133453249159513E-16, 1.000000000000000000, -0.000000000000000000 ) ) ;
#2858 = EDGE_LOOP ( 'NONE', ( #2729, #2061, #757, #1139 ) ) ;
#2859 = CARTESIAN_POINT ( 'NONE',  ( -12.10396446332829967, 2.599999999999993872, 26.96468142349331387 ) ) ;
#2860 = DIRECTION ( 'NONE',  ( 0.000000000000000000, 1.000000000000000000, 0.000000000000000000 ) ) ;
#2861 = ADVANCED_FACE ( 'NONE', ( #1726, #1741, #766, #243, #1264, #1003, #2749, #2002 ), #2250, .F. ) ;
#2862 = DIRECTION ( 'NONE',  ( -1.397133453249159513E-16, 1.000000000000000000, 0.000000000000000000 ) ) ;
#2863 = ORIENTED_EDGE ( 'NONE', *, *, #1897, .T. ) ;
#2864 = CARTESIAN_POINT ( 'NONE',  ( 29.40408134936372875, 5.200000000000013500, -3.400000000000000355 ) ) ;
#2865 = EDGE_CURVE ( 'NONE', #1474, #2003, #2334, .T. ) ;
#2866 = CARTESIAN_POINT ( 'NONE',  ( 10.49999999999994671, 5.199999999999995737, -23.38268590217987608 ) ) ;
#2867 = CARTESIAN_POINT ( 'NONE',  ( -11.91644017075796214, 5.200000000000006395, 27.53177171299997994 ) ) ;
#2868 = ADVANCED_FACE ( 'NONE', ( #2524 ), #1471, .T. ) ;
#2869 = ADVANCED_FACE ( 'NONE', ( #475 ), #1527, .T. ) ;
#2870 = CARTESIAN_POINT ( 'NONE',  ( 13.49999999999994671, 5.199999999999995737, -23.38268590217987608 ) ) ;
#2871 = CARTESIAN_POINT ( 'NONE',  ( -11.75755430181452255, 5.200000000000006395, 27.16468142349330961 ) ) ;
#2872 = EDGE_CURVE ( 'NONE', #394, #2057, #313, .T. ) ;
#2873 = CARTESIAN_POINT ( 'NONE',  ( 27.00000000000000000, 5.200000000000012612, 3.000000000000000000 ) ) ;
#2874 = ORIENTED_EDGE ( 'NONE', *, *, #2828, .F. ) ;
#2875 = DIRECTION ( 'NONE',  ( 0.000000000000000000, 0.7071067811865471286, 0.7071067811865479058 ) ) ;
#2876 = FACE_BOUND ( 'NONE', #1715, .T. ) ;
#2877 = ORIENTED_EDGE ( 'NONE', *, *, #794, .F. ) ;
#2878 = CARTESIAN_POINT ( 'NONE',  ( -16.09807621135342259, 2.599999999999993872, -21.88268590217977305 ) ) ;
#2879 = EDGE_LOOP ( 'NONE', ( #1389, #2106, #3176 ) ) ;
#2880 = CYLINDRICAL_SURFACE ( 'NONE', #620, 2.999999999999999112 ) ;
#2881 = PLANE ( 'NONE',  #1388 ) ;
#2882 = EDGE_CURVE ( 'NONE', #2460, #2716, #1018, .T. ) ;
#2883 = CARTESIAN_POINT ( 'NONE',  ( -13.49999999999978506, 2.599999999999993872, 25.08268590217996064 ) ) ;
#2884 = CARTESIAN_POINT ( 'NONE',  ( 8.369486372867282142, 5.599999999999996980, 7.696375631061256328 ) ) ;
#2885 = ADVANCED_FACE ( 'NONE', ( #280 ), #2976, .F. ) ;
#2886 = EDGE_LOOP ( 'NONE', ( #1261, #1808, #1236, #89 ) ) ;
#2887 = DIRECTION ( 'NONE',  ( 0.4999999999999919509, 6.985667266245684164E-17, -0.8660254037844432595 ) ) ;
#2888 = AXIS2_PLACEMENT_3D ( 'NONE', #1068, #3061, #837 ) ;
#2889 = CC_DESIGN_PERSON_AND_ORGANIZATION_ASSIGNMENT ( #2520, #292, ( #2648 ) ) ;
#2890 = CARTESIAN_POINT ( 'NONE',  ( -27.00000000000000000, 2.599999999999992095, -1.699999999999993072 ) ) ;
#2891 = AXIS2_PLACEMENT_3D ( 'NONE', #736, #3148, #1688 ) ;
#2892 = ORIENTED_EDGE ( 'NONE', *, *, #2123, .F. ) ;
#2893 = DIRECTION ( 'NONE',  ( 0.000000000000000000, 0.000000000000000000, 1.000000000000000000 ) ) ;
#2894 = VECTOR ( 'NONE', #2582, 1000.000000000000000 ) ;
#2895 = VERTEX_POINT ( 'NONE', #297 ) ;
#2896 = CARTESIAN_POINT ( 'NONE',  ( -11.75755430181452255, 5.200000000000006395, 27.16468142349330961 ) ) ;
#2897 = AXIS2_PLACEMENT_3D ( 'NONE', #2087, #1155, #656 ) ;
#2898 = AXIS2_PLACEMENT_3D ( 'NONE', #913, #643, #1666 ) ;
#2899 = LINE ( 'NONE', #2188, #2488 ) ;
#2900 = AXIS2_PLACEMENT_3D ( 'NONE', #2823, #584, #1837 ) ;
#2901 = VECTOR ( 'NONE', #1413, 999.9999999999998863 ) ;
#2902 = EDGE_CURVE ( 'NONE', #2403, #1504, #3193, .T. ) ;
#2903 = DIRECTION ( 'NONE',  ( 0.6123724356958001325, -0.7071067811865398012, 0.3535533905932791154 ) ) ;
#2904 = DIRECTION ( 'NONE',  ( -0.5000000000000039968, 9.480768514503060229E-17, -0.8660254037844363761 ) ) ;
#2905 = DIRECTION ( 'NONE',  ( -1.000000000000000000, -1.445602896647339656E-16, 0.000000000000000000 ) ) ;
#2906 = ORIENTED_EDGE ( 'NONE', *, *, #2721, .T. ) ;
#2907 = CARTESIAN_POINT ( 'NONE',  ( 1.304215032374027815E-15, 4.799999999999997158, 0.000000000000000000 ) ) ;
#2908 = CYLINDRICAL_SURFACE ( 'NONE', #356, 0.4000000000000010214 ) ;
#2909 = EDGE_LOOP ( 'NONE', ( #372, #352, #367, #2559 ) ) ;
#2910 = CARTESIAN_POINT ( 'NONE',  ( 24.00000000000000000, 2.599999999999999645, 0.000000000000000000 ) ) ;
#2911 = ORIENTED_EDGE ( 'NONE', *, *, #2577, .T. ) ;
#2912 = DIRECTION ( 'NONE',  ( 1.000000000000000000, 0.000000000000000000, 0.000000000000000000 ) ) ;
#2913 = ORIENTED_EDGE ( 'NONE', *, *, #771, .F. ) ;
#2914 = LINE ( 'NONE', #2382, #2078 ) ;
#2915 = CARTESIAN_POINT ( 'NONE',  ( -13.50000000000011191, 5.199999999999978861, -23.38268590217978726 ) ) ;
#2916 = DIRECTION ( 'NONE',  ( 1.397133453249159513E-16, -1.000000000000000000, 0.000000000000000000 ) ) ;
#2917 = ORIENTED_EDGE ( 'NONE', *, *, #1629, .T. ) ;
#2918 = DIRECTION ( 'NONE',  ( 1.397133453249159513E-16, -1.000000000000000000, 0.000000000000000000 ) ) ;
#2919 = ADVANCED_FACE ( 'NONE', ( #2303 ), #2051, .F. ) ;
#2920 = CARTESIAN_POINT ( 'NONE',  ( -13.50000000000011191, 5.199999999999978861, -23.38268590217978726 ) ) ;
#2921 = ORIENTED_EDGE ( 'NONE', *, *, #3137, .T. ) ;
#2922 = ORIENTED_EDGE ( 'NONE', *, *, #432, .F. ) ;
#2923 = ADVANCED_FACE ( 'NONE', ( #2261 ), #1339, .T. ) ;
#2924 = CARTESIAN_POINT ( 'NONE',  ( -29.40408134936373941, 5.599999999999992539, -3.400000000000001243 ) ) ;
#2925 = VERTEX_POINT ( 'NONE', #1720 ) ;
#2926 = CARTESIAN_POINT ( 'NONE',  ( 17.64652704754890067, 2.599999999999998312, -23.76468142349324708 ) ) ;
#2927 = ORIENTED_EDGE ( 'NONE', *, *, #2770, .F. ) ;
#2928 = DIRECTION ( 'NONE',  ( 1.397133453249159759E-16, -1.000000000000000000, -4.930380657631323784E-32 ) ) ;
#2929 = ADVANCED_FACE ( 'NONE', ( #31 ), #2741, .F. ) ;
#2930 = CARTESIAN_POINT ( 'NONE',  ( 11.75755430181471617, 5.599999999999996980, -27.16468142349323500 ) ) ;
#2931 = DIRECTION ( 'NONE',  ( -0.000000000000000000, 1.000000000000000000, -0.000000000000000000 ) ) ;
#2932 = CARTESIAN_POINT ( 'NONE',  ( 0.000000000000000000, 0.000000000000000000, 0.000000000000000000 ) ) ;
#2933 = ORIENTED_EDGE ( 'NONE', *, *, #809, .T. ) ;
#2934 = DIRECTION ( 'NONE',  ( 0.7024265309694641690, -0.7071067811865423547, -0.08122172486602244335 ) ) ;
#2935 = DIRECTION ( 'NONE',  ( 1.000000000000000000, 0.000000000000000000, 0.000000000000000000 ) ) ;
#2936 = DIRECTION ( 'NONE',  ( 0.4999999999999979461, 2.345210304699469480E-16, -0.8660254037844397068 ) ) ;
#2937 = ORIENTED_EDGE ( 'NONE', *, *, #2352, .T. ) ;
#2938 = CIRCLE ( 'NONE', #2679, 30.00000000000000000 ) ;
#2939 = DIRECTION ( 'NONE',  ( -1.000000000000000000, -1.397133453249159513E-16, 0.000000000000000000 ) ) ;
#2940 = AXIS2_PLACEMENT_3D ( 'NONE', #955, #2654, #193 ) ;
#2941 = VERTEX_POINT ( 'NONE', #519 ) ;
#2942 = DIRECTION ( 'NONE',  ( -1.397133453249159513E-16, 1.000000000000000000, -0.000000000000000000 ) ) ;
#2943 = ORIENTED_EDGE ( 'NONE', *, *, #2974, .F. ) ;
#2944 = CARTESIAN_POINT ( 'NONE',  ( 30.00000000000000000, 2.600000000000000533, 3.673940397442059178E-15 ) ) ;
#2945 = CIRCLE ( 'NONE', #3204, 1.699999999999996625 ) ;
#2946 = ADVANCED_FACE ( 'NONE', ( #1465 ), #260, .F. ) ;
#2947 = AXIS2_PLACEMENT_3D ( 'NONE', #3178, #2700, #2935 ) ;
#2948 = CIRCLE ( 'NONE', #3006, 1.699999999999993072 ) ;
#2949 = DIRECTION ( 'NONE',  ( 1.397133453249159513E-16, -1.000000000000000000, 0.000000000000000000 ) ) ;
#2950 = VECTOR ( 'NONE', #1759, 1000.000000000000227 ) ;
#2951 = VECTOR ( 'NONE', #641, 1000.000000000000000 ) ;
#2952 = CARTESIAN_POINT ( 'NONE',  ( 16.09807621135356825, 2.599999999999998312, 21.88268590217965581 ) ) ;
#2953 = CALENDAR_DATE ( 2026, 26, 2 ) ;
#2954 = AXIS2_PLACEMENT_3D ( 'NONE', #272, #2257, #482 ) ;
#2955 = ORIENTED_EDGE ( 'NONE', *, *, #124, .T. ) ;
#2956 = CARTESIAN_POINT ( 'NONE',  ( -27.00000000000000000, 2.599999999999992095, -3.000000000000000000 ) ) ;
#2957 = VECTOR ( 'NONE', #3192, 1000.000000000000000 ) ;
#2958 = DIRECTION ( 'NONE',  ( 0.000000000000000000, 0.000000000000000000, 1.000000000000000000 ) ) ;
#2959 = CARTESIAN_POINT ( 'NONE',  ( -17.30011688603529052, 2.599999999999993872, -23.96468142349312203 ) ) ;
#2960 = ORIENTED_EDGE ( 'NONE', *, *, #960, .F. ) ;
#2961 = DIRECTION ( 'NONE',  ( 1.397133453249159513E-16, -1.000000000000000000, 0.000000000000000000 ) ) ;
#2962 = ORIENTED_EDGE ( 'NONE', *, *, #2721, .F. ) ;
#2963 = FACE_OUTER_BOUND ( 'NONE', #2269, .T. ) ;
#2964 = CARTESIAN_POINT ( 'NONE',  ( 10.55551362713285535, 5.599999999999996980, -25.08268590217986826 ) ) ;
#2965 = EDGE_CURVE ( 'NONE', #2057, #2254, #1221, .T. ) ;
#2966 = CARTESIAN_POINT ( 'NONE',  ( -29.80143380003080722, 5.200000000000004619, 3.445945945945946054 ) ) ;
#2967 = ADVANCED_FACE ( 'NONE', ( #2013 ), #2505, .F. ) ;
#2968 = ADVANCED_FACE ( 'NONE', ( #275 ), #238, .F. ) ;
#2969 = CARTESIAN_POINT ( 'NONE',  ( -29.40408134936372875, 2.599999999999992983, 3.400000000000000355 ) ) ;
#2970 = EDGE_CURVE ( 'NONE', #1789, #308, #3174, .T. ) ;
#2971 = PERSON_AND_ORGANIZATION ( #2291, #1974 ) ;
#2972 = ORIENTED_EDGE ( 'NONE', *, *, #295, .T. ) ;
#2973 = CARTESIAN_POINT ( 'NONE',  ( -11.75755430181490802, 5.599999999999994316, -27.16468142349314263 ) ) ;
#2974 = EDGE_CURVE ( 'NONE', #2271, #374, #3059, .T. ) ;
#2975 = LINE ( 'NONE', #474, #2804 ) ;
#2976 = CYLINDRICAL_SURFACE ( 'NONE', #1557, 2.999999999999999112 ) ;
#2977 = ORIENTED_EDGE ( 'NONE', *, *, #1370, .F. ) ;
#2978 = LINE ( 'NONE', #1251, #44 ) ;
#2979 = ORIENTED_EDGE ( 'NONE', *, *, #2882, .F. ) ;
#2980 = CARTESIAN_POINT ( 'NONE',  ( -13.49999999999978506, -1.387778780781445676E-14, 23.38268590217996490 ) ) ;
#2981 = DIRECTION ( 'NONE',  ( -0.000000000000000000, 1.000000000000000000, -0.000000000000000000 ) ) ;
#2982 = CARTESIAN_POINT ( 'NONE',  ( 27.00000000000000000, 5.599999999999999645, -3.400000000000007905 ) ) ;
#2983 = DIRECTION ( 'NONE',  ( -0.000000000000000000, 1.000000000000000000, -0.000000000000000000 ) ) ;
#2984 = CARTESIAN_POINT ( 'NONE',  ( -11.91644017075834583, 2.599999999999994760, -27.53177171299981651 ) ) ;
#2985 = APPLICATION_PROTOCOL_DEFINITION ( 'international standard', 'config_control_design', 1994, #1285 ) ;
#2986 = ORIENTED_EDGE ( 'NONE', *, *, #207, .T. ) ;
#2987 = CARTESIAN_POINT ( 'NONE',  ( 11.91644017075815043, 14.13493525146762586, -27.53177171299990178 ) ) ;
#2988 = CARTESIAN_POINT ( 'NONE',  ( -17.64652704754873724, 14.13493525146762231, 23.76468142349336432 ) ) ;
#2989 = ORIENTED_EDGE ( 'NONE', *, *, #207, .F. ) ;
#2990 = ORIENTED_EDGE ( 'NONE', *, *, #1054, .F. ) ;
#2991 = DIRECTION ( 'NONE',  ( 1.000000000000000000, 0.000000000000000000, 0.000000000000000000 ) ) ;
#2992 = AXIS2_PLACEMENT_3D ( 'NONE', #2294, #64, #806 ) ;
#2993 = ORIENTED_EDGE ( 'NONE', *, *, #1001, .F. ) ;
#2994 = DIRECTION ( 'NONE',  ( -0.000000000000000000, 1.000000000000000000, -4.930380657631323784E-32 ) ) ;
#2995 = DIRECTION ( 'NONE',  ( -1.000000000000000000, 0.000000000000000000, 0.000000000000000000 ) ) ;
#2996 = DIRECTION ( 'NONE',  ( 1.000000000000000000, 0.000000000000000000, 0.000000000000000000 ) ) ;
#2997 = CIRCLE ( 'NONE', #1805, 0.4000000000000010214 ) ;
#2998 = ORIENTED_EDGE ( 'NONE', *, *, #1914, .T. ) ;
#2999 = AXIS2_PLACEMENT_3D ( 'NONE', #2197, #1919, #450 ) ;
#3000 = LINE ( 'NONE', #796, #2432 ) ;
#3001 = CIRCLE ( 'NONE', #2229, 1.699999999999993072 ) ;
#3002 = DIRECTION ( 'NONE',  ( -0.000000000000000000, 1.000000000000000000, -4.930380657631323784E-32 ) ) ;
#3003 = PERSON_AND_ORGANIZATION ( #2291, #1974 ) ;
#3004 = VERTEX_POINT ( 'NONE', #1431 ) ;
#3005 = AXIS2_PLACEMENT_3D ( 'NONE', #2326, #97, #1081 ) ;
#3006 = AXIS2_PLACEMENT_3D ( 'NONE', #1154, #1896, #887 ) ;
#3007 = CYLINDRICAL_SURFACE ( 'NONE', #712, 0.4000000000000010214 ) ;
#3008 = EDGE_CURVE ( 'NONE', #1584, #9, #2385, .T. ) ;
#3009 = CARTESIAN_POINT ( 'NONE',  ( 27.00000000000000000, 5.200000000000012612, 3.000000000000000000 ) ) ;
#3010 = AXIS2_PLACEMENT_3D ( 'NONE', #933, #2916, #687 ) ;
#3011 = CARTESIAN_POINT ( 'NONE',  ( 1.974839089933624578E-15, -3.469446951953614189E-15, 0.000000000000000000 ) ) ;
#3012 = VERTEX_POINT ( 'NONE', #2984 ) ;
#3013 = VERTEX_POINT ( 'NONE', #1752 ) ;
#3014 = CYLINDRICAL_SURFACE ( 'NONE', #2423, 21.69999999999999929 ) ;
#3015 = EDGE_CURVE ( 'NONE', #2771, #626, #2695, .T. ) ;
#3016 = VERTEX_POINT ( 'NONE', #2193 ) ;
#3017 = DIRECTION ( 'NONE',  ( -0.000000000000000000, 1.000000000000000000, 4.930380657631323784E-32 ) ) ;
#3018 = VERTEX_POINT ( 'NONE', #947 ) ;
#3019 = CYLINDRICAL_SURFACE ( 'NONE', #2845, 1.699999999999993072 ) ;
#3020 = ORIENTED_EDGE ( 'NONE', *, *, #123, .T. ) ;
#3021 = FACE_OUTER_BOUND ( 'NONE', #2879, .T. ) ;
#3022 = FACE_OUTER_BOUND ( 'NONE', #1420, .T. ) ;
#3023 = ORIENTED_EDGE ( 'NONE', *, *, #2882, .T. ) ;
#3024 = ORIENTED_EDGE ( 'NONE', *, *, #2203, .T. ) ;
#3025 = CARTESIAN_POINT ( 'NONE',  ( -17.64652704754906765, 14.13493525146762231, -23.76468142349311918 ) ) ;
#3026 = ADVANCED_FACE ( 'NONE', ( #1818 ), #669, .F. ) ;
#3027 = ORIENTED_EDGE ( 'NONE', *, *, #995, .F. ) ;
#3028 = DIRECTION ( 'NONE',  ( -1.000000000000000000, 0.000000000000000000, 0.000000000000000000 ) ) ;
#3029 = DIRECTION ( 'NONE',  ( 0.000000000000000000, 0.000000000000000000, 1.000000000000000000 ) ) ;
#3030 = ADVANCED_FACE ( 'NONE', ( #91 ), #2775, .F. ) ;
#3031 = LINE ( 'NONE', #579, #875 ) ;
#3032 = EDGE_CURVE ( 'NONE', #969, #141, #1522, .T. ) ;
#3033 = APPROVAL_DATE_TIME ( #549, #2792 ) ;
#3034 = ORIENTED_EDGE ( 'NONE', *, *, #2028, .F. ) ;
#3035 = DIRECTION ( 'NONE',  ( -0.000000000000000000, 1.000000000000000000, -0.000000000000000000 ) ) ;
#3036 = DIRECTION ( 'NONE',  ( -0.6123724356957883641, -0.7071067811865555663, -0.3535533905932683463 ) ) ;
#3037 = ORIENTED_EDGE ( 'NONE', *, *, #1169, .F. ) ;
#3038 = CARTESIAN_POINT ( 'NONE',  ( 27.00000000000000000, -7.806255641895631925E-15, -1.699999999999996625 ) ) ;
#3039 = EDGE_CURVE ( 'NONE', #987, #2453, #548, .T. ) ;
#3040 = LINE ( 'NONE', #2091, #1764 ) ;
#3041 = ORIENTED_EDGE ( 'NONE', *, *, #902, .F. ) ;
#3042 = DIRECTION ( 'NONE',  ( 0.000000000000000000, 0.000000000000000000, 1.000000000000000000 ) ) ;
#3043 = AXIS2_PLACEMENT_3D ( 'NONE', #773, #2272, #2032 ) ;
#3044 = CARTESIAN_POINT ( 'NONE',  ( -16.44448637286718906, 5.599999999999994316, -21.68268590217977732 ) ) ;
#3045 = CIRCLE ( 'NONE', #653, 1.700000000000000178 ) ;
#3046 = ADVANCED_FACE ( 'NONE', ( #2535 ), #2097, .T. ) ;
#3047 = VECTOR ( 'NONE', #1620, 1000.000000000000000 ) ;
#3048 = VERTEX_POINT ( 'NONE', #1632 ) ;
#3049 = FACE_OUTER_BOUND ( 'NONE', #854, .T. ) ;
#3050 = VECTOR ( 'NONE', #3, 1000.000000000000000 ) ;
#3051 = DIRECTION ( 'NONE',  ( -0.000000000000000000, 1.000000000000000000, -0.000000000000000000 ) ) ;
#3052 = AXIS2_PLACEMENT_3D ( 'NONE', #2255, #2733, #1676 ) ;
#3053 = AXIS2_PLACEMENT_3D ( 'NONE', #2720, #2774, #1011 ) ;
#3054 = ORIENTED_EDGE ( 'NONE', *, *, #1980, .T. ) ;
#3055 = CYLINDRICAL_SURFACE ( 'NONE', #2223, 0.4000000000000010214 ) ;
#3056 = DIRECTION ( 'NONE',  ( -1.000000000000000000, -1.397133453249159513E-16, 0.000000000000000000 ) ) ;
#3057 = VECTOR ( 'NONE', #1856, 1000.000000000000000 ) ;
#3058 = ORIENTED_EDGE ( 'NONE', *, *, #939, .T. ) ;
#3059 = CIRCLE ( 'NONE', #1655, 0.3999999999999993006 ) ;
#3060 = CONICAL_SURFACE ( 'NONE', #1657, 0.3999999999999906408, 0.7853981633974520538 ) ;
#3061 = DIRECTION ( 'NONE',  ( 1.397133453249159513E-16, -1.000000000000000000, 0.000000000000000000 ) ) ;
#3062 = CONICAL_SURFACE ( 'NONE', #3052, 29.60000000000000853, 0.7853981633974526089 ) ;
#3063 = EDGE_LOOP ( 'NONE', ( #1727, #229, #1338, #477, #81 ) ) ;
#3064 = EDGE_CURVE ( 'NONE', #1905, #534, #187, .T. ) ;
#3065 = CYLINDRICAL_SURFACE ( 'NONE', #462, 2.999999999999999112 ) ;
#3066 = CARTESIAN_POINT ( 'NONE',  ( -11.75755430181489913, 14.13493525146762231, -27.16468142349314618 ) ) ;
#3067 = EDGE_CURVE ( 'NONE', #593, #2941, #1867, .T. ) ;
#3068 = EDGE_LOOP ( 'NONE', ( #2033, #11 ) ) ;
#3069 = CARTESIAN_POINT ( 'NONE',  ( -29.40408134936372875, 2.599999999999991651, -3.000000000000000000 ) ) ;
#3070 = CARTESIAN_POINT ( 'NONE',  ( -29.40408134936372875, 14.13493525146762053, 3.400000000000000355 ) ) ;
#3071 = ORIENTED_EDGE ( 'NONE', *, *, #2575, .F. ) ;
#3072 = DIRECTION ( 'NONE',  ( 1.000000000000000000, 1.465138070926356977E-16, 1.776356839400250465E-15 ) ) ;
#3073 = DIRECTION ( 'NONE',  ( -1.397133453249159513E-16, 1.000000000000000000, 0.000000000000000000 ) ) ;
#3074 = EDGE_CURVE ( 'NONE', #2003, #1789, #466, .T. ) ;
#3075 = VERTEX_POINT ( 'NONE', #2368 ) ;
#3076 = LINE ( 'NONE', #1890, #1326 ) ;
#3077 = ORIENTED_EDGE ( 'NONE', *, *, #856, .F. ) ;
#3078 = CARTESIAN_POINT ( 'NONE',  ( -13.50000000000011191, -1.387778780781445676E-14, -25.08268590217978300 ) ) ;
#3079 = ORIENTED_EDGE ( 'NONE', *, *, #2244, .F. ) ;
#3080 = DIRECTION ( 'NONE',  ( 1.000000000000000000, 1.199117610122216824E-16, 0.000000000000000000 ) ) ;
#3081 = ORIENTED_EDGE ( 'NONE', *, *, #177, .T. ) ;
#3082 = DIRECTION ( 'NONE',  ( -0.6123724356957925830, -0.7071067811865536790, -0.3535533905932651266 ) ) ;
#3083 = CARTESIAN_POINT ( 'NONE',  ( 29.40408134936372875, 2.600000000000000089, -3.400000000000000355 ) ) ;
#3084 = EDGE_LOOP ( 'NONE', ( #3147, #2567, #2234, #2022 ) ) ;
#3085 = LINE ( 'NONE', #864, #1222 ) ;
#3086 = VERTEX_POINT ( 'NONE', #1681 ) ;
#3087 = CARTESIAN_POINT ( 'NONE',  ( 17.88499362927286995, 2.599999999999999201, 24.08582576705371281 ) ) ;
#3088 = CARTESIAN_POINT ( 'NONE',  ( 29.80143380003080722, 5.200000000000013500, 3.445945945945946054 ) ) ;
#3089 = AXIS2_PLACEMENT_3D ( 'NONE', #2831, #107, #648 ) ;
#3090 = ORIENTED_EDGE ( 'NONE', *, *, #2974, .T. ) ;
#3091 = FACE_OUTER_BOUND ( 'NONE', #2489, .T. ) ;
#3092 = EDGE_CURVE ( 'NONE', #403, #1497, #1144, .T. ) ;
#3093 = AXIS2_PLACEMENT_3D ( 'NONE', #2753, #1744, #2005 ) ;
#3094 = LINE ( 'NONE', #1125, #3152 ) ;
#3095 = ORIENTED_EDGE ( 'NONE', *, *, #33, .T. ) ;
#3096 = AXIS2_PLACEMENT_3D ( 'NONE', #1248, #311, #241 ) ;
#3097 = CARTESIAN_POINT ( 'NONE',  ( 16.09807621135356825, 5.200000000000010836, 21.88268590217965581 ) ) ;
#3098 = EDGE_CURVE ( 'NONE', #928, #3200, #1082, .T. ) ;
#3099 = DIRECTION ( 'NONE',  ( -1.397133453249160006E-16, 1.000000000000000000, -0.000000000000000000 ) ) ;
#3101 = VECTOR ( 'NONE', #2366, 1000.000000000000000 ) ;
#3100 = LINE ( 'NONE', #880, #2950 ) ;
#3102 = ORIENTED_EDGE ( 'NONE', *, *, #1609, .F. ) ;
#3103 = EDGE_CURVE ( 'NONE', #2650, #1331, #1915, .T. ) ;
#3104 = LINE ( 'NONE', #2623, #1379 ) ;
#3105 = CIRCLE ( 'NONE', #197, 3.000000000000001776 ) ;
#3106 = AXIS2_PLACEMENT_3D ( 'NONE', #16, #2983, #1275 ) ;
#3107 = AXIS2_PLACEMENT_3D ( 'NONE', #1736, #3002, #3210 ) ;
#3108 = AXIS2_PLACEMENT_3D ( 'NONE', #2719, #1255, #2242 ) ;
#3109 = ORIENTED_EDGE ( 'NONE', *, *, #2123, .T. ) ;
#3110 = CARTESIAN_POINT ( 'NONE',  ( 17.64652704754890067, 5.200000000000011724, -23.76468142349324708 ) ) ;
#3111 = DIRECTION ( 'NONE',  ( -0.8660254037844328234, -1.209953062990842823E-16, 0.5000000000000101030 ) ) ;
#3112 = LOCAL_TIME ( 21, 23, 50.00000000000000000, #2742 ) ;
#3113 = AXIS2_PLACEMENT_3D ( 'NONE', #738, #1498, #1690 ) ;
#3114 = EDGE_CURVE ( 'NONE', #745, #1584, #2158, .T. ) ;
#3115 = CARTESIAN_POINT ( 'NONE',  ( 29.40408134936372875, 2.600000000000000533, 3.000000000000000000 ) ) ;
#3116 = DIRECTION ( 'NONE',  ( 1.397133453249159513E-16, -1.000000000000000000, 0.000000000000000000 ) ) ;
#3117 = FACE_OUTER_BOUND ( 'NONE', #1067, .T. ) ;
#3118 = ORIENTED_EDGE ( 'NONE', *, *, #1828, .F. ) ;
#3119 = CARTESIAN_POINT ( 'NONE',  ( -27.00000000000000000, 2.599999999999992095, 0.000000000000000000 ) ) ;
#3120 = DIRECTION ( 'NONE',  ( -0.000000000000000000, 1.000000000000000000, -4.930380657631323784E-32 ) ) ;
#3121 = ORIENTED_EDGE ( 'NONE', *, *, #569, .T. ) ;
#3122 = CARTESIAN_POINT ( 'NONE',  ( 17.88499362927287351, 5.200000000000011724, 24.08582576705371991 ) ) ;
#3123 = ADVANCED_FACE ( 'NONE', ( #3117 ), #889, .F. ) ;
#3124 = VERTEX_POINT ( 'NONE', #1172 ) ;
#3125 = CARTESIAN_POINT ( 'NONE',  ( -16.09807621135311351, 2.599999999999993872, 21.88268590217998977 ) ) ;
#3126 = CARTESIAN_POINT ( 'NONE',  ( 1.248329694244059610E-15, 5.200000000000008171, 0.000000000000000000 ) ) ;
#3127 = DIRECTION ( 'NONE',  ( -1.397133453249159513E-16, 1.000000000000000000, -0.000000000000000000 ) ) ;
#3128 = CARTESIAN_POINT ( 'NONE',  ( -27.00000000000000000, 2.599999999999992095, 0.000000000000000000 ) ) ;
#3129 = ORIENTED_EDGE ( 'NONE', *, *, #2189, .F. ) ;
#3130 = LINE ( 'NONE', #1946, #1909 ) ;
#3131 = DIRECTION ( 'NONE',  ( 0.000000000000000000, 0.7071067811865444641, 0.7071067811865505703 ) ) ;
#3132 = ORIENTED_EDGE ( 'NONE', *, *, #1299, .F. ) ;
#3133 = CARTESIAN_POINT ( 'NONE',  ( 11.75755430181508920, 5.200000000000009948, 27.16468142349306802 ) ) ;
#3134 = ORIENTED_EDGE ( 'NONE', *, *, #2561, .T. ) ;
#3135 = DIRECTION ( 'NONE',  ( -1.397133453249159513E-16, 1.000000000000000000, -0.000000000000000000 ) ) ;
#3136 = DIRECTION ( 'NONE',  ( 0.000000000000000000, 0.000000000000000000, 1.000000000000000000 ) ) ;
#3137 = EDGE_CURVE ( 'NONE', #876, #591, #2800, .T. ) ;
#3138 = CARTESIAN_POINT ( 'NONE',  ( 17.64652704754922397, 5.599999999999997868, 23.76468142349300550 ) ) ;
#3139 = ADVANCED_FACE ( 'NONE', ( #1618 ), #159, .F. ) ;
#3140 = CARTESIAN_POINT ( 'NONE',  ( -13.50000000000011191, 2.599999999999993872, -21.68268590217979153 ) ) ;
#3141 = AXIS2_PLACEMENT_3D ( 'NONE', #1328, #118, #379 ) ;
#3142 = EDGE_LOOP ( 'NONE', ( #2697, #1775, #3081, #1372 ) ) ;
#3143 = DIRECTION ( 'NONE',  ( -1.000000000000000000, -1.569885498621544728E-16, 0.000000000000000000 ) ) ;
#3144 = AXIS2_PLACEMENT_3D ( 'NONE', #2075, #638, #1115 ) ;
#3145 = CARTESIAN_POINT ( 'NONE',  ( 27.00000000000000000, 2.600000000000000089, 1.699999999999993072 ) ) ;
#3146 = VECTOR ( 'NONE', #1231, 1000.000000000000000 ) ;
#3147 = ORIENTED_EDGE ( 'NONE', *, *, #3064, .F. ) ;
#3148 = DIRECTION ( 'NONE',  ( 0.000000000000000000, 0.000000000000000000, 1.000000000000000000 ) ) ;
#3149 = AXIS2_PLACEMENT_3D ( 'NONE', #2725, #500, #2281 ) ;
#3150 = ORIENTED_EDGE ( 'NONE', *, *, #123, .F. ) ;
#3151 = DIRECTION ( 'NONE',  ( -1.000000000000000000, -1.445602896647339656E-16, 0.000000000000000000 ) ) ;
#3152 = VECTOR ( 'NONE', #2904, 999.9999999999998863 ) ;
#3153 = ORIENTED_EDGE ( 'NONE', *, *, #221, .T. ) ;
#3154 = DIRECTION ( 'NONE',  ( 1.397133453249160992E-16, -1.000000000000000000, 0.000000000000000000 ) ) ;
#3155 = CIRCLE ( 'NONE', #1599, 0.3999999999999993006 ) ;
#3156 = EDGE_CURVE ( 'NONE', #2102, #1265, #1126, .T. ) ;
#3157 = AXIS2_PLACEMENT_3D ( 'NONE', #287, #2008, #2996 ) ;
#3158 = CARTESIAN_POINT ( 'NONE',  ( -13.49999999999978506, 2.599999999999993872, 23.38268590217996490 ) ) ;
#3159 = CARTESIAN_POINT ( 'NONE',  ( 10.49999999999994671, 2.599999999999997868, -23.38268590217987608 ) ) ;
#3160 = EDGE_CURVE ( 'NONE', #2814, #485, #619, .T. ) ;
#3161 = CYLINDRICAL_SURFACE ( 'NONE', #829, 1.699999999999993072 ) ;
#3162 = ORIENTED_EDGE ( 'NONE', *, *, #857, .T. ) ;
#3163 = CARTESIAN_POINT ( 'NONE',  ( -17.88499362927237613, 14.13493525146762231, 24.08582576705408584 ) ) ;
#3164 = LINE ( 'NONE', #452, #1289 ) ;
#3165 = EDGE_LOOP ( 'NONE', ( #909, #1399, #1858, #1220 ) ) ;
#3166 = ORIENTED_EDGE ( 'NONE', *, *, #62, .T. ) ;
#3167 = CARTESIAN_POINT ( 'NONE',  ( -13.49999999999978506, 2.599999999999993872, 23.38268590217996490 ) ) ;
#3168 = ADVANCED_FACE ( 'NONE', ( #421 ), #3161, .F. ) ;
#3169 = ORIENTED_EDGE ( 'NONE', *, *, #2687, .T. ) ;
#3170 = FACE_OUTER_BOUND ( 'NONE', #1202, .T. ) ;
#3171 = ORIENTED_EDGE ( 'NONE', *, *, #1305, .T. ) ;
#3172 = CARTESIAN_POINT ( 'NONE',  ( -17.30011688603496012, 2.599999999999994316, 23.96468142349336361 ) ) ;
#3173 = DIRECTION ( 'NONE',  ( -1.000000000000000000, -2.551063935260020845E-16, 0.000000000000000000 ) ) ;
#3174 = LINE ( 'NONE', #2226, #2293 ) ;
#3175 = CARTESIAN_POINT ( 'NONE',  ( -29.40408134936372875, 14.13493525146762053, -3.400000000000000355 ) ) ;
#3176 = ORIENTED_EDGE ( 'NONE', *, *, #329, .F. ) ;
#3177 = LINE ( 'NONE', #3163, #775 ) ;
#3178 = CARTESIAN_POINT ( 'NONE',  ( -11.75755430181489736, 5.200000000000006395, -27.16468142349314618 ) ) ;
#3179 = EDGE_LOOP ( 'NONE', ( #1730, #363, #793, #1441 ) ) ;
#3180 = ORIENTED_EDGE ( 'NONE', *, *, #2687, .F. ) ;
#3181 = DIRECTION ( 'NONE',  ( -1.397133453249159759E-16, 1.000000000000000000, 4.930380657631323784E-32 ) ) ;
#3182 = ADVANCED_FACE ( 'NONE', ( #2659 ), #2645, .T. ) ;
#3183 = EDGE_LOOP ( 'NONE', ( #479, #2042, #378, #1354 ) ) ;
#3184 = DIRECTION ( 'NONE',  ( 0.000000000000000000, 1.000000000000000000, 0.000000000000000000 ) ) ;
#3185 = CARTESIAN_POINT ( 'NONE',  ( 16.09807621135326272, 2.599999999999998312, -21.88268590217988319 ) ) ;
#3186 = DIRECTION ( 'NONE',  ( -1.397133453249159513E-16, 1.000000000000000000, -0.000000000000000000 ) ) ;
#3187 = DIRECTION ( 'NONE',  ( 1.000000000000000000, 0.000000000000000000, 0.000000000000000000 ) ) ;
#3188 = CARTESIAN_POINT ( 'NONE',  ( 29.40408134936372875, 5.200000000000013500, -3.400000000000000355 ) ) ;
#3189 = EDGE_LOOP ( 'NONE', ( #1594, #334, #751, #2545, #1349 ) ) ;
#3190 = DIRECTION ( 'NONE',  ( 0.000000000000000000, 0.000000000000000000, 1.000000000000000000 ) ) ;
#3191 = CIRCLE ( 'NONE', #1799, 3.000000000000000000 ) ;
#3192 = DIRECTION ( 'NONE',  ( -0.000000000000000000, 1.000000000000000000, -0.000000000000000000 ) ) ;
#3193 = LINE ( 'NONE', #1344, #2129 ) ;
#3194 = ADVANCED_FACE ( 'NONE', ( #2434 ), #105, .T. ) ;
#3195 = ORIENTED_EDGE ( 'NONE', *, *, #2638, .F. ) ;
#3196 = VECTOR ( 'NONE', #271, 1000.000000000000000 ) ;
#3197 = CARTESIAN_POINT ( 'NONE',  ( 29.40408134936372875, 2.600000000000000533, -3.000000000000000000 ) ) ;
#3198 = AXIS2_PLACEMENT_3D ( 'NONE', #3025, #71, #1053 ) ;
#3199 = ADVANCED_FACE ( 'NONE', ( #1191 ), #2195, .T. ) ;
#3200 = VERTEX_POINT ( 'NONE', #239 ) ;
#3201 = DIRECTION ( 'NONE',  ( -1.000000000000000000, 0.000000000000000000, 0.000000000000000000 ) ) ;
#3202 = ORIENTED_EDGE ( 'NONE', *, *, #427, .T. ) ;
#3203 = CARTESIAN_POINT ( 'NONE',  ( -27.00000000000000000, 5.200000000000004619, 3.000000000000000000 ) ) ;
#3204 = AXIS2_PLACEMENT_3D ( 'NONE', #2180, #918, #3190 ) ;
#3205 = VECTOR ( 'NONE', #196, 1000.000000000000000 ) ;
#3206 = CIRCLE ( 'NONE', #1385, 2.999999999999999112 ) ;
#3207 = DIRECTION ( 'NONE',  ( -0.4999999999999979461, -6.985667266245769213E-17, 0.8660254037844397068 ) ) ;
#3208 = ADVANCED_FACE ( 'NONE', ( #1754 ), #470, .F. ) ;
#3209 = VECTOR ( 'NONE', #1627, 1000.000000000000114 ) ;
#3210 = DIRECTION ( 'NONE',  ( 0.000000000000000000, 0.000000000000000000, 1.000000000000000000 ) ) ;
#3211 = DIRECTION ( 'NONE',  ( -0.6123724356957899184, -0.7071067811865481278, 0.3535533905932806698 ) ) ;
#3212 = AXIS2_PLACEMENT_3D ( 'NONE', #2873, #1433, #2144 ) ;
ENDSEC;
END-ISO-10303-21;
