ISO-10303-21;
HEADER;
FILE_DESCRIPTION (( 'STEP AP203' ),
    '1' );
FILE_NAME ('InRunnerRingGear.STEP',
    '2026-02-26T13:23:14',
    ( '' ),
    ( '' ),
    'SwSTEP 2.0',
    'SolidWorks 2024',
    '' );
FILE_SCHEMA (( 'CONFIG_CONTROL_DESIGN' ));
ENDSEC;

DATA;
#1 = ADVANCED_FACE ( 'NONE', ( #1919 ), #2928, .T. ) ;
#2 = CARTESIAN_POINT ( 'NONE',  ( 27.00000000000000000, 10.59999999999999964, -1.699999999999993072 ) ) ;
#3 = DIRECTION ( 'NONE',  ( -1.000000000000000000, 0.000000000000000000, 0.000000000000000000 ) ) ;
#4 = ORIENTED_EDGE ( 'NONE', *, *, #852, .F. ) ;
#5 = CYLINDRICAL_SURFACE ( 'NONE', #927, 24.00000000000000000 ) ;
#6 = DIRECTION ( 'NONE',  ( -0.000000000000000000, 1.000000000000000000, -0.000000000000000000 ) ) ;
#7 = CARTESIAN_POINT ( 'NONE',  ( -4.629400899860382168, -3.469446951953614189E-15, 22.30694234592957059 ) ) ;
#8 = VERTEX_POINT ( 'NONE', #435 ) ;
#9 = AXIS2_PLACEMENT_3D ( 'NONE', #2940, #143, #1378 ) ;
#10 = VECTOR ( 'NONE', #215, 1000.000000000000000 ) ;
#11 = AXIS2_PLACEMENT_3D ( 'NONE', #2346, #843, #341 ) ;
#12 = EDGE_CURVE ( 'NONE', #1502, #599, #1434, .T. ) ;
#13 = CARTESIAN_POINT ( 'NONE',  ( -13.49999999999978506, -1.561251128379126385E-14, 23.38268590217996490 ) ) ;
#14 = DIRECTION ( 'NONE',  ( 0.000000000000000000, 0.000000000000000000, 1.000000000000000000 ) ) ;
#15 = CARTESIAN_POINT ( 'NONE',  ( 30.00000000000000355, 10.59999999999999964, 3.673940397442059178E-15 ) ) ;
#16 = EDGE_LOOP ( 'NONE', ( #1576, #3028, #983, #1903 ) ) ;
#17 = EDGE_CURVE ( 'NONE', #3071, #1849, #2543, .T. ) ;
#18 = DIRECTION ( 'NONE',  ( -0.7660444431189854519, 0.000000000000000000, -0.6427876096865303701 ) ) ;
#19 = ADVANCED_FACE ( 'NONE', ( #2765 ), #2267, .T. ) ;
#20 = CARTESIAN_POINT ( 'NONE',  ( -17.00367830239958877, -6.938893903907228378E-15, -15.16264995654649361 ) ) ;
#21 = CARTESIAN_POINT ( 'NONE',  ( -10.79229931564708522, 10.59999999999999432, 20.06383076577693814 ) ) ;
#22 = FACE_OUTER_BOUND ( 'NONE', #1026, .T. ) ;
#23 = EDGE_LOOP ( 'NONE', ( #2310, #3224, #1509, #2245 ) ) ;
#24 = VERTEX_POINT ( 'NONE', #3213 ) ;
#25 = DIRECTION ( 'NONE',  ( -1.591880191770952510E-16, 1.000000000000000000, 2.465190328815661892E-32 ) ) ;
#26 = CARTESIAN_POINT ( 'NONE',  ( -13.50000000000011191, -1.561251128379126385E-14, -23.38268590217978726 ) ) ;
#27 = LINE ( 'NONE', #1997, #273 ) ;
#28 = ORIENTED_EDGE ( 'NONE', *, *, #428, .F. ) ;
#29 = PLANE ( 'NONE',  #2702 ) ;
#30 = DIRECTION ( 'NONE',  ( -1.591880191770952510E-16, 1.000000000000000000, -2.465190328815661892E-32 ) ) ;
#31 = CARTESIAN_POINT ( 'NONE',  ( 22.77193679821816730, -16.56058306581548223, -0.6855100102924707173 ) ) ;
#32 = ORIENTED_EDGE ( 'NONE', *, *, #1907, .T. ) ;
#33 = CIRCLE ( 'NONE', #2056, 1.000000000000000888 ) ;
#34 = DIRECTION ( 'NONE',  ( 0.000000000000000000, 0.000000000000000000, 1.000000000000000000 ) ) ;
#35 = AXIS2_PLACEMENT_3D ( 'NONE', #2066, #2084, #2582 ) ;
#36 = DIRECTION ( 'NONE',  ( 1.591880191770952510E-16, -1.000000000000000000, 0.000000000000000000 ) ) ;
#37 = CYLINDRICAL_SURFACE ( 'NONE', #609, 1.699999999999991518 ) ;
#38 = VECTOR ( 'NONE', #2200, 1000.000000000000114 ) ;
#39 = VERTEX_POINT ( 'NONE', #2996 ) ;
#40 = EDGE_CURVE ( 'NONE', #1931, #768, #1247, .T. ) ;
#41 = ORIENTED_EDGE ( 'NONE', *, *, #1027, .F. ) ;
#42 = EDGE_CURVE ( 'NONE', #951, #1524, #2960, .T. ) ;
#43 = LINE ( 'NONE', #1788, #2937 ) ;
#44 = AXIS2_PLACEMENT_3D ( 'NONE', #2364, #634, #1094 ) ;
#45 = PERSON_AND_ORGANIZATION_ROLE ( 'classification_officer' ) ;
#46 = CIRCLE ( 'NONE', #3078, 1.000000000000000000 ) ;
#47 = AXIS2_PLACEMENT_3D ( 'NONE', #2902, #1880, #2412 ) ;
#48 = FACE_OUTER_BOUND ( 'NONE', #3088, .T. ) ;
#49 = CARTESIAN_POINT ( 'NONE',  ( -18.00204441329606553, -6.938893903907228378E-15, -15.10550882763358338 ) ) ;
#50 = ORIENTED_EDGE ( 'NONE', *, *, #1612, .F. ) ;
#51 = DIRECTION ( 'NONE',  ( -1.591880191770952510E-16, 1.000000000000000000, -0.000000000000000000 ) ) ;
#52 = CARTESIAN_POINT ( 'NONE',  ( -13.50000000000011191, 10.59999999999999254, -25.08268590217977945 ) ) ;
#53 = EDGE_LOOP ( 'NONE', ( #2418, #520, #1020, #1371 ) ) ;
#54 = DIRECTION ( 'NONE',  ( -1.591880191770952756E-16, 1.000000000000000000, 0.000000000000000000 ) ) ;
#55 = EDGE_LOOP ( 'NONE', ( #2584, #3151, #426, #1264 ) ) ;
#56 = EDGE_CURVE ( 'NONE', #2398, #832, #2342, .T. ) ;
#57 = DIRECTION ( 'NONE',  ( -1.591880191770953496E-16, 1.000000000000000000, -1.232595164407830946E-32 ) ) ;
#58 = ORIENTED_EDGE ( 'NONE', *, *, #906, .F. ) ;
#59 = APPROVAL_PERSON_ORGANIZATION ( #2575, #1681, #290 ) ;
#60 = PERSON_AND_ORGANIZATION ( #494, #2557 ) ;
#61 = VECTOR ( 'NONE', #325, 1000.000000000000114 ) ;
#62 = CARTESIAN_POINT ( 'NONE',  ( 21.63307920226009884, -2.288778364238721465E-31, -7.144292389382957076 ) ) ;
#63 = CARTESIAN_POINT ( 'NONE',  ( -22.77193679821816374, -16.56058306581548223, 0.6855100102924707173 ) ) ;
#64 = CARTESIAN_POINT ( 'NONE',  ( 1.818952717202896847E-15, 10.59999999999999609, 0.000000000000000000 ) ) ;
#65 = ORIENTED_EDGE ( 'NONE', *, *, #3156, .F. ) ;
#66 = DIRECTION ( 'NONE',  ( 1.591880191770952510E-16, -1.000000000000000000, 0.000000000000000000 ) ) ;
#67 = CARTESIAN_POINT ( 'NONE',  ( 6.034387258133515175, 22.02644230769231726, 23.22899417578978998 ) ) ;
#68 = EDGE_LOOP ( 'NONE', ( #2187, #1399, #1346, #81 ) ) ;
#69 = EDGE_CURVE ( 'NONE', #1717, #883, #258, .T. ) ;
#70 = DIRECTION ( 'NONE',  ( -1.591880191770952756E-16, 1.000000000000000000, 2.465190328815661892E-32 ) ) ;
#71 = ORIENTED_EDGE ( 'NONE', *, *, #1388, .F. ) ;
#72 = DIRECTION ( 'NONE',  ( -1.000000000000000000, -1.734723475976807094E-16, 0.000000000000000000 ) ) ;
#73 = ADVANCED_FACE ( 'NONE', ( #1028 ), #456, .F. ) ;
#74 = EDGE_CURVE ( 'NONE', #2659, #2031, #1708, .T. ) ;
#75 = DIRECTION ( 'NONE',  ( -1.591880191770953249E-16, 1.000000000000000000, 3.697785493223492838E-32 ) ) ;
#76 = DIRECTION ( 'NONE',  ( 1.591880191770952510E-16, -1.000000000000000000, 0.000000000000000000 ) ) ;
#77 = VERTEX_POINT ( 'NONE', #2731 ) ;
#78 = CARTESIAN_POINT ( 'NONE',  ( 10.79229931564722733, -3.469446951953614189E-15, -20.06383076577686353 ) ) ;
#79 = CARTESIAN_POINT ( 'NONE',  ( 3.279209754053527881, -16.52761471384491543, -22.54501747404898637 ) ) ;
#80 = DIRECTION ( 'NONE',  ( 1.591880191770952510E-16, -1.000000000000000000, 0.000000000000000000 ) ) ;
#81 = ORIENTED_EDGE ( 'NONE', *, *, #1963, .F. ) ;
#82 = CIRCLE ( 'NONE', #1902, 1.699999999999986189 ) ;
#83 = DIRECTION ( 'NONE',  ( 1.591880191770952510E-16, -1.000000000000000000, 0.000000000000000000 ) ) ;
#84 = CARTESIAN_POINT ( 'NONE',  ( -17.00367830239958522, -15.10922134489267776, -15.16264995654649361 ) ) ;
#85 = ORIENTED_EDGE ( 'NONE', *, *, #2369, .F. ) ;
#86 = VECTOR ( 'NONE', #2727, 1000.000000000000000 ) ;
#87 = CIRCLE ( 'NONE', #303, 1.000000000000000888 ) ;
#88 = VECTOR ( 'NONE', #80, 1000.000000000000000 ) ;
#89 = DIRECTION ( 'NONE',  ( -0.8360398498573633486, -5.362095932733015503E-17, 0.5486687246877456348 ) ) ;
#90 = CC_DESIGN_PERSON_AND_ORGANIZATION_ASSIGNMENT ( #3072, #1778, ( #1205 ) ) ;
#91 = LINE ( 'NONE', #1883, #1265 ) ;
#92 = VERTEX_POINT ( 'NONE', #1992 ) ;
#93 = LINE ( 'NONE', #1352, #3017 ) ;
#94 = CIRCLE ( 'NONE', #2491, 1.699999999999989742 ) ;
#95 = CARTESIAN_POINT ( 'NONE',  ( 13.50000000000027178, 10.59999999999999964, 23.38268590217968423 ) ) ;
#96 = CARTESIAN_POINT ( 'NONE',  ( 17.00367830239948930, 10.59999999999999964, -15.16264995654660908 ) ) ;
#97 = CARTESIAN_POINT ( 'NONE',  ( 1.818952717202896847E-15, 10.59999999999999609, 0.000000000000000000 ) ) ;
#98 = CYLINDRICAL_SURFACE ( 'NONE', #275, 1.000000000000000888 ) ;
#99 = EDGE_LOOP ( 'NONE', ( #2007, #1658, #3175, #1312 ) ) ;
#100 = DIRECTION ( 'NONE',  ( 0.9396926207859105373, 0.000000000000000000, 0.3420201433256629397 ) ) ;
#101 = ORIENTED_EDGE ( 'NONE', *, *, #2102, .T. ) ;
#102 = CARTESIAN_POINT ( 'NONE',  ( 10.79229931564750800, -15.94240911860690346, 20.06383076577671076 ) ) ;
#103 = CYLINDRICAL_SURFACE ( 'NONE', #145, 24.00000000000000000 ) ;
#104 = COORDINATED_UNIVERSAL_TIME_OFFSET ( 8, 0, .AHEAD. ) ;
#105 = VECTOR ( 'NONE', #3159, 1000.000000000000000 ) ;
#106 = EDGE_CURVE ( 'NONE', #2973, #1959, #2512, .T. ) ;
#107 = ADVANCED_FACE ( 'NONE', ( #1011 ), #5, .F. ) ;
#108 = FACE_OUTER_BOUND ( 'NONE', #454, .T. ) ;
#109 = DIRECTION ( 'NONE',  ( 0.000000000000000000, 0.000000000000000000, 1.000000000000000000 ) ) ;
#110 = ORIENTED_EDGE ( 'NONE', *, *, #1274, .F. ) ;
#111 = AXIS2_PLACEMENT_3D ( 'NONE', #246, #698, #1674 ) ;
#112 = ADVANCED_FACE ( 'NONE', ( #1465 ), #2463, .T. ) ;
#113 = CARTESIAN_POINT ( 'NONE',  ( 22.08277658846895619, -16.41173927388291887, 8.037473368152937780 ) ) ;
#115 = EDGE_CURVE ( 'NONE', #2398, #559, #248, .T. ) ;
#114 = VECTOR ( 'NONE', #1299, 1000.000000000000000 ) ;
#116 = LINE ( 'NONE', #1078, #2589 ) ;
#117 = ORIENTED_EDGE ( 'NONE', *, *, #1334, .F. ) ;
#118 = EDGE_CURVE ( 'NONE', #2555, #1546, #1087, .T. ) ;
#119 = ORIENTED_EDGE ( 'NONE', *, *, #443, .T. ) ;
#120 = DIRECTION ( 'NONE',  ( 0.000000000000000000, 0.000000000000000000, 1.000000000000000000 ) ) ;
#121 = ORIENTED_EDGE ( 'NONE', *, *, #2269, .F. ) ;
#122 = CARTESIAN_POINT ( 'NONE',  ( 27.00000000000000000, -8.673617379884035472E-15, 0.000000000000000000 ) ) ;
#123 = CARTESIAN_POINT ( 'NONE',  ( 22.77193679821816374, 10.59999999999999964, 0.6855100102924707173 ) ) ;
#124 = DIRECTION ( 'NONE',  ( -0.3951564175231377929, 0.000000000000000000, 0.9186138501515638266 ) ) ;
#125 = EDGE_LOOP ( 'NONE', ( #1220, #1103, #723, #1090 ) ) ;
#126 = LINE ( 'NONE', #1123, #2438 ) ;
#127 = CARTESIAN_POINT ( 'NONE',  ( 13.49999999999994671, 10.59999999999999964, -23.38268590217987608 ) ) ;
#128 = DIRECTION ( 'NONE',  ( -0.000000000000000000, 1.000000000000000000, 4.930380657631323784E-32 ) ) ;
#129 = VERTEX_POINT ( 'NONE', #470 ) ;
#130 = ORIENTED_EDGE ( 'NONE', *, *, #1667, .T. ) ;
#131 = EDGE_LOOP ( 'NONE', ( #228, #3046 ) ) ;
#132 = CARTESIAN_POINT ( 'NONE',  ( 13.49999999999994671, 10.59999999999999787, -23.38268590217987608 ) ) ;
#133 = EDGE_CURVE ( 'NONE', #1433, #2687, #1396, .T. ) ;
#134 = EDGE_CURVE ( 'NONE', #188, #2199, #94, .T. ) ;
#135 = CARTESIAN_POINT ( 'NONE',  ( 18.00204441329616856, -1.734723475976807094E-15, 15.10550882763346081 ) ) ;
#136 = AXIS2_PLACEMENT_3D ( 'NONE', #1740, #3048, #285 ) ;
#137 = ORIENTED_EDGE ( 'NONE', *, *, #1626, .T. ) ;
#138 = EDGE_CURVE ( 'NONE', #588, #8, #3029, .T. ) ;
#139 = CIRCLE ( 'NONE', #915, 30.00000000000000000 ) ;
#140 = LINE ( 'NONE', #2672, #152 ) ;
#141 = CIRCLE ( 'NONE', #1440, 24.00000000000000000 ) ;
#142 = FACE_OUTER_BOUND ( 'NONE', #1586, .T. ) ;
#143 = DIRECTION ( 'NONE',  ( -0.000000000000000000, 1.000000000000000000, -0.000000000000000000 ) ) ;
#144 = LINE ( 'NONE', #2110, #1990 ) ;
#145 = AXIS2_PLACEMENT_3D ( 'NONE', #2054, #1358, #853 ) ;
#146 = ORIENTED_EDGE ( 'NONE', *, *, #3101, .F. ) ;
#147 = DIRECTION ( 'NONE',  ( 0.8360398498573743398, 1.330875276519115466E-16, 0.5486687246877289814 ) ) ;
#148 = VECTOR ( 'NONE', #270, 1000.000000000000000 ) ;
#149 = DIRECTION ( 'NONE',  ( -1.000000000000000000, 0.000000000000000000, 0.000000000000000000 ) ) ;
#150 = CARTESIAN_POINT ( 'NONE',  ( 3.279209754053827641, -16.52761471384490832, 22.54501747404893663 ) ) ;
#151 = EDGE_LOOP ( 'NONE', ( #1200, #1662 ) ) ;
#152 = VECTOR ( 'NONE', #2422, 1000.000000000000000 ) ;
#153 = ORIENTED_EDGE ( 'NONE', *, *, #3041, .T. ) ;
#154 = CIRCLE ( 'NONE', #2128, 24.00000000000000000 ) ;
#155 = CARTESIAN_POINT ( 'NONE',  ( 13.50000000000027178, 10.59999999999999787, 25.08268590217967997 ) ) ;
#156 = ORIENTED_EDGE ( 'NONE', *, *, #2254, .F. ) ;
#157 = EDGE_CURVE ( 'NONE', #2945, #2017, #1861, .T. ) ;
#158 = DIRECTION ( 'NONE',  ( -0.000000000000000000, 1.000000000000000000, -0.000000000000000000 ) ) ;
#159 = PLANE ( 'NONE',  #421 ) ;
#160 = DIRECTION ( 'NONE',  ( -1.000000000000000000, -1.591880191770952510E-16, 0.000000000000000000 ) ) ;
#161 = FACE_OUTER_BOUND ( 'NONE', #53, .T. ) ;
#162 = ORIENTED_EDGE ( 'NONE', *, *, #710, .F. ) ;
#163 = FACE_OUTER_BOUND ( 'NONE', #897, .T. ) ;
#164 = CARTESIAN_POINT ( 'NONE',  ( -13.49999999999978506, -1.561251128379126385E-14, 25.08268590217996419 ) ) ;
#165 = PLANE ( 'NONE',  #2804 ) ;
#166 = ORIENTED_EDGE ( 'NONE', *, *, #174, .F. ) ;
#167 = AXIS2_PLACEMENT_3D ( 'NONE', #1945, #713, #1705 ) ;
#168 = VERTEX_POINT ( 'NONE', #2563 ) ;
#169 = VECTOR ( 'NONE', #872, 1000.000000000000000 ) ;
#170 = LINE ( 'NONE', #3169, #1690 ) ;
#171 = FACE_OUTER_BOUND ( 'NONE', #1632, .T. ) ;
#172 = EDGE_LOOP ( 'NONE', ( #481, #1898, #2148, #2649 ) ) ;
#173 = CARTESIAN_POINT ( 'NONE',  ( -10.79229931564736589, -6.938893903907228378E-15, -20.06383076577678892 ) ) ;
#174 = EDGE_CURVE ( 'NONE', #2477, #3242, #1605, .T. ) ;
#175 = DIRECTION ( 'NONE',  ( -1.000000000000000000, -1.445602896647339163E-16, 0.000000000000000000 ) ) ;
#176 = CARTESIAN_POINT ( 'NONE',  ( 17.09970543152834566, -7.473787157968005561E-16, 16.84042974971126228 ) ) ;
#177 = CARTESIAN_POINT ( 'NONE',  ( 3.279209754053825865, -3.469446951953614189E-15, 22.54501747404893663 ) ) ;
#178 = VERTEX_POINT ( 'NONE', #3096 ) ;
#179 = ADVANCED_FACE ( 'NONE', ( #1815 ), #1307, .T. ) ;
#180 = CARTESIAN_POINT ( 'NONE',  ( 13.50000000000027178, -1.040834085586084257E-14, 23.38268590217968423 ) ) ;
#181 = EDGE_CURVE ( 'NONE', #445, #2871, #1530, .T. ) ;
#182 = CARTESIAN_POINT ( 'NONE',  ( 17.09970543152834566, 10.59999999999999964, 16.84042974971126228 ) ) ;
#183 = CARTESIAN_POINT ( 'NONE',  ( 17.00204441329596605, -15.10922134489264401, -15.10550882763370417 ) ) ;
#184 = ORIENTED_EDGE ( 'NONE', *, *, #74, .F. ) ;
#185 = ORIENTED_EDGE ( 'NONE', *, *, #1727, .F. ) ;
#186 = CARTESIAN_POINT ( 'NONE',  ( 13.49999999999994671, 10.59999999999999964, -21.68268590217988745 ) ) ;
#187 = LINE ( 'NONE', #2159, #2538 ) ;
#188 = VERTEX_POINT ( 'NONE', #2814 ) ;
#189 = LINE ( 'NONE', #1169, #2392 ) ;
#190 = AXIS2_PLACEMENT_3D ( 'NONE', #205, #1047, #2240 ) ;
#191 = CIRCLE ( 'NONE', #2173, 1.000000000000000888 ) ;
#192 = LINE ( 'NONE', #3068, #3010 ) ;
#193 = CARTESIAN_POINT ( 'NONE',  ( -19.55391846839934900, -6.582196500088526154E-15, 13.91561254602868480 ) ) ;
#194 = ORIENTED_EDGE ( 'NONE', *, *, #743, .T. ) ;
#195 = ORIENTED_EDGE ( 'NONE', *, *, #2389, .T. ) ;
#196 = DIRECTION ( 'NONE',  ( -1.591880191770952510E-16, 1.000000000000000000, -2.465190328815661892E-32 ) ) ;
#197 = CIRCLE ( 'NONE', #2010, 1.000000000000000888 ) ;
#198 = PRODUCT_RELATED_PRODUCT_CATEGORY ( 'detail', '', ( #1205 ) ) ;
#199 = AXIS2_PLACEMENT_3D ( 'NONE', #135, #2636, #425 ) ;
#200 = DIRECTION ( 'NONE',  ( -1.591880191770952756E-16, 1.000000000000000000, -6.162975822039154730E-33 ) ) ;
#201 = DIRECTION ( 'NONE',  ( -1.000000000000000000, -1.591880191770952756E-16, 0.000000000000000000 ) ) ;
#202 = ORIENTED_EDGE ( 'NONE', *, *, #2211, .F. ) ;
#203 = AXIS2_PLACEMENT_3D ( 'NONE', #1634, #912, #1661 ) ;
#204 = ORIENTED_EDGE ( 'NONE', *, *, #3215, .F. ) ;
#205 = CARTESIAN_POINT ( 'NONE',  ( 21.63307920226020542, -16.41173927388291887, 7.144292389382668418 ) ) ;
#206 = DIRECTION ( 'NONE',  ( 0.8360398498573633486, 1.330875276519097963E-16, -0.5486687246877456348 ) ) ;
#207 = ORIENTED_EDGE ( 'NONE', *, *, #532, .T. ) ;
#208 = VECTOR ( 'NONE', #2316, 1000.000000000000000 ) ;
#209 = CARTESIAN_POINT ( 'NONE',  ( -30.00000000000000000, 22.02644230769231015, 0.000000000000000000 ) ) ;
#210 = ORIENTED_EDGE ( 'NONE', *, *, #1136, .T. ) ;
#211 = ORIENTED_EDGE ( 'NONE', *, *, #851, .T. ) ;
#212 = DIRECTION ( 'NONE',  ( -1.591880191770952756E-16, 1.000000000000000000, 2.465190328815661892E-32 ) ) ;
#213 = EDGE_CURVE ( 'NONE', #938, #3102, #1914, .T. ) ;
#214 = CARTESIAN_POINT ( 'NONE',  ( 1.818952717202897242E-15, 10.59999999999999432, 0.000000000000000000 ) ) ;
#215 = DIRECTION ( 'NONE',  ( -1.591880191770953003E-16, 1.000000000000000000, 0.000000000000000000 ) ) ;
#216 = ORIENTED_EDGE ( 'NONE', *, *, #804, .F. ) ;
#217 = CIRCLE ( 'NONE', #1104, 24.00000000000000000 ) ;
#218 = DIRECTION ( 'NONE',  ( -1.591880191770952510E-16, 1.000000000000000000, -0.000000000000000000 ) ) ;
#219 = EDGE_CURVE ( 'NONE', #1384, #1974, #1062, .T. ) ;
#220 = DIRECTION ( 'NONE',  ( -1.000000000000000000, -1.591880191770951277E-16, 0.000000000000000000 ) ) ;
#221 = CARTESIAN_POINT ( 'NONE',  ( 11.75000000000023981, -3.469446951953614189E-15, 20.35159698893416902 ) ) ;
#222 = EDGE_CURVE ( 'NONE', #1730, #349, #2049, .T. ) ;
#223 = VERTEX_POINT ( 'NONE', #3061 ) ;
#224 = AXIS2_PLACEMENT_3D ( 'NONE', #13, #992, #759 ) ;
#225 = EDGE_CURVE ( 'NONE', #1180, #92, #1447, .T. ) ;
#226 = DIRECTION ( 'NONE',  ( -1.591880191770952756E-16, 1.000000000000000000, 1.232595164407830946E-32 ) ) ;
#227 = EDGE_LOOP ( 'NONE', ( #1116, #1099, #525, #573 ) ) ;
#228 = ORIENTED_EDGE ( 'NONE', *, *, #3113, .T. ) ;
#229 = ORIENTED_EDGE ( 'NONE', *, *, #2950, .T. ) ;
#230 = CYLINDRICAL_SURFACE ( 'NONE', #2757, 24.00000000000000000 ) ;
#231 = CARTESIAN_POINT ( 'NONE',  ( -4.629400899860383944, 10.59999999999999609, 22.30694234592957059 ) ) ;
#232 = DIRECTION ( 'NONE',  ( -1.591880191770952756E-16, 1.000000000000000000, 1.232595164407830946E-32 ) ) ;
#233 = ORIENTED_EDGE ( 'NONE', *, *, #443, .F. ) ;
#234 = DIRECTION ( 'NONE',  ( -1.591880191770952510E-16, 1.000000000000000000, -0.000000000000000000 ) ) ;
#235 = DIRECTION ( 'NONE',  ( -1.591880191770953249E-16, 1.000000000000000000, 3.697785493223492838E-32 ) ) ;
#236 = DIRECTION ( 'NONE',  ( 0.4496973862087337293, 7.158643613968557653E-17, -0.8931809787702786885 ) ) ;
#237 = ORIENTED_EDGE ( 'NONE', *, *, #281, .T. ) ;
#238 = ORIENTED_EDGE ( 'NONE', *, *, #2251, .F. ) ;
#239 = ORIENTED_EDGE ( 'NONE', *, *, #1885, .F. ) ;
#240 = EDGE_CURVE ( 'NONE', #3102, #1918, #344, .T. ) ;
#241 = VERTEX_POINT ( 'NONE', #1321 ) ;
#242 = ORIENTED_EDGE ( 'NONE', *, *, #833, .F. ) ;
#243 = FACE_OUTER_BOUND ( 'NONE', #2530, .T. ) ;
#244 = CIRCLE ( 'NONE', #2167, 1.000000000000000888 ) ;
#245 = DIRECTION ( 'NONE',  ( -1.591880191770952510E-16, 1.000000000000000000, -0.000000000000000000 ) ) ;
#246 = CARTESIAN_POINT ( 'NONE',  ( 3.506345720480106912E-15, -3.469446951953614189E-15, 0.000000000000000000 ) ) ;
#247 = EDGE_LOOP ( 'NONE', ( #2882, #1015, #1774, #826 ) ) ;
#248 = LINE ( 'NONE', #2980, #1199 ) ;
#249 = CIRCLE ( 'NONE', #3021, 30.00000000000000000 ) ;
#250 = LINE ( 'NONE', #2513, #2431 ) ;
#251 = DIRECTION ( 'NONE',  ( 0.6855100102924707173, 1.091249806645286015E-16, 0.7280632017818347013 ) ) ;
#252 = CIRCLE ( 'NONE', #2386, 24.00000000000000000 ) ;
#253 = CARTESIAN_POINT ( 'NONE',  ( -21.16416273831722350, -6.938893903907228378E-15, 8.432629785676512668 ) ) ;
#254 = ORIENTED_EDGE ( 'NONE', *, *, #2436, .T. ) ;
#255 = ORIENTED_EDGE ( 'NONE', *, *, #1704, .F. ) ;
#256 = CIRCLE ( 'NONE', #820, 1.000000000000000888 ) ;
#257 = EDGE_CURVE ( 'NONE', #1421, #1457, #46, .T. ) ;
#258 = CIRCLE ( 'NONE', #669, 1.000000000000000000 ) ;
#259 = EDGE_CURVE ( 'NONE', #8, #2441, #571, .T. ) ;
#260 = EDGE_CURVE ( 'NONE', #2278, #2214, #1783, .T. ) ;
#261 = ORIENTED_EDGE ( 'NONE', *, *, #2152, .T. ) ;
#262 = EDGE_CURVE ( 'NONE', #3093, #241, #1543, .T. ) ;
#263 = DIRECTION ( 'NONE',  ( 0.8015224211192721882, 1.275927665440065991E-16, 0.5979647217379132629 ) ) ;
#264 = CARTESIAN_POINT ( 'NONE',  ( 18.00204441329617211, -15.10922134489271329, 15.10550882763346081 ) ) ;
#265 = FACE_OUTER_BOUND ( 'NONE', #2305, .T. ) ;
#266 = ORIENTED_EDGE ( 'NONE', *, *, #3221, .T. ) ;
#267 = DIRECTION ( 'NONE',  ( 0.000000000000000000, 0.000000000000000000, 1.000000000000000000 ) ) ;
#268 = DIRECTION ( 'NONE',  ( 0.8360398498573670123, 2.125540959764900416E-16, -0.5486687246877401947 ) ) ;
#269 = DIRECTION ( 'NONE',  ( 1.591880191770952510E-16, -1.000000000000000000, 0.000000000000000000 ) ) ;
#270 = DIRECTION ( 'NONE',  ( -0.000000000000000000, 1.000000000000000000, -0.000000000000000000 ) ) ;
#271 = ORIENTED_EDGE ( 'NONE', *, *, #2634, .F. ) ;
#272 = ORIENTED_EDGE ( 'NONE', *, *, #319, .F. ) ;
#273 = VECTOR ( 'NONE', #2244, 1000.000000000000000 ) ;
#274 = CARTESIAN_POINT ( 'NONE',  ( 23.50000000000000355, -16.56058306581548223, 0.000000000000000000 ) ) ;
#275 = AXIS2_PLACEMENT_3D ( 'NONE', #3165, #745, #3 ) ;
#276 = AXIS2_PLACEMENT_3D ( 'NONE', #274, #1567, #2571 ) ;
#277 = DIRECTION ( 'NONE',  ( -1.000000000000000000, -1.591880191770952756E-16, 0.000000000000000000 ) ) ;
#278 = VERTEX_POINT ( 'NONE', #2064 ) ;
#279 = CARTESIAN_POINT ( 'NONE',  ( -2.274314739882503211, 10.59999999999999609, -23.89199641017788878 ) ) ;
#280 = CYLINDRICAL_SURFACE ( 'NONE', #2907, 30.00000000000000000 ) ;
#281 = EDGE_CURVE ( 'NONE', #1422, #2707, #2286, .T. ) ;
#282 = DIRECTION ( 'NONE',  ( -1.591880191770953496E-16, 1.000000000000000000, 1.848892746611746419E-32 ) ) ;
#283 = VERTEX_POINT ( 'NONE', #2831 ) ;
#284 = CARTESIAN_POINT ( 'NONE',  ( 3.506345720480106912E-15, -3.469446951953614189E-15, 0.000000000000000000 ) ) ;
#285 = DIRECTION ( 'NONE',  ( 0.9931211392610549415, 0.000000000000000000, 0.1170914290322920409 ) ) ;
#286 = LINE ( 'NONE', #1098, #1138 ) ;
#287 = VERTEX_POINT ( 'NONE', #585 ) ;
#288 = ORIENTED_EDGE ( 'NONE', *, *, #262, .T. ) ;
#289 = LINE ( 'NONE', #562, #841 ) ;
#290 = APPROVAL_ROLE ( '' ) ;
#291 = ORIENTED_EDGE ( 'NONE', *, *, #2837, .F. ) ;
#292 = FACE_OUTER_BOUND ( 'NONE', #960, .T. ) ;
#293 = DIRECTION ( 'NONE',  ( -1.591880191770952510E-16, 1.000000000000000000, -1.232595164407830946E-32 ) ) ;
#294 = ORIENTED_EDGE ( 'NONE', *, *, #2087, .T. ) ;
#295 = DIRECTION ( 'NONE',  ( -1.591880191770952510E-16, 1.000000000000000000, 2.465190328815661892E-32 ) ) ;
#296 = EDGE_CURVE ( 'NONE', #2567, #2630, #2848, .T. ) ;
#297 = VECTOR ( 'NONE', #958, 999.9999999999998863 ) ;
#298 = DIRECTION ( 'NONE',  ( -0.000000000000000000, 1.000000000000000000, -0.000000000000000000 ) ) ;
#299 = ORIENTED_EDGE ( 'NONE', *, *, #259, .T. ) ;
#300 = DIRECTION ( 'NONE',  ( 1.591880191770952510E-16, -1.000000000000000000, 0.000000000000000000 ) ) ;
#301 = VECTOR ( 'NONE', #2660, 1000.000000000000000 ) ;
#302 = ORIENTED_EDGE ( 'NONE', *, *, #2519, .T. ) ;
#303 = AXIS2_PLACEMENT_3D ( 'NONE', #1909, #1876, #3187 ) ;
#304 = DIRECTION ( 'NONE',  ( -0.2296374825709033840, -3.655553597927683383E-17, -0.9732762334499379664 ) ) ;
#305 = CARTESIAN_POINT ( 'NONE',  ( -13.50000000000011191, 10.59999999999999432, -23.38268590217978726 ) ) ;
#306 = ORIENTED_EDGE ( 'NONE', *, *, #751, .F. ) ;
#307 = CIRCLE ( 'NONE', #1603, 1.000000000000000666 ) ;
#308 = PERSON_AND_ORGANIZATION_ROLE ( 'design_supplier' ) ;
#309 = VECTOR ( 'NONE', #2374, 999.9999999999998863 ) ;
#310 = CIRCLE ( 'NONE', #47, 0.9999999999999997780 ) ;
#311 = LINE ( 'NONE', #1607, #1025 ) ;
#312 = PLANE ( 'NONE',  #1155 ) ;
#313 = ORIENTED_EDGE ( 'NONE', *, *, #2423, .T. ) ;
#314 = DIRECTION ( 'NONE',  ( -0.2877662231574648066, -4.580893505051077569E-17, 0.9577006843527303692 ) ) ;
#315 = CARTESIAN_POINT ( 'NONE',  ( 4.629400899860832475, -16.52761471384490832, 22.30694234592947112 ) ) ;
#316 = ORIENTED_EDGE ( 'NONE', *, *, #1660, .F. ) ;
#317 = LINE ( 'NONE', #1065, #510 ) ;
#318 = VERTEX_POINT ( 'NONE', #1924 ) ;
#319 = EDGE_CURVE ( 'NONE', #1384, #2954, #1550, .T. ) ;
#320 = DIRECTION ( 'NONE',  ( 1.591880191770952510E-16, -1.000000000000000000, 0.000000000000000000 ) ) ;
#321 = AXIS2_PLACEMENT_3D ( 'NONE', #462, #3222, #722 ) ;
#322 = EDGE_CURVE ( 'NONE', #1134, #762, #2409, .T. ) ;
#323 = CIRCLE ( 'NONE', #2197, 24.00000000000000000 ) ;
#324 = VERTEX_POINT ( 'NONE', #440 ) ;
#325 = DIRECTION ( 'NONE',  ( 0.6855100102924707173, 2.965841233994895399E-17, -0.7280632017818347013 ) ) ;
#326 = CARTESIAN_POINT ( 'NONE',  ( 3.506345720480106912E-15, -3.469446951953614189E-15, 0.000000000000000000 ) ) ;
#327 = DIRECTION ( 'NONE',  ( -1.591880191770953003E-16, 1.000000000000000000, 0.000000000000000000 ) ) ;
#328 = ORIENTED_EDGE ( 'NONE', *, *, #1406, .T. ) ;
#329 = DIRECTION ( 'NONE',  ( 0.2877662231574648621, 1.252755033750903862E-16, -0.9577006843527303692 ) ) ;
#330 = PLANE ( 'NONE',  #35 ) ;
#331 = ORIENTED_EDGE ( 'NONE', *, *, #1704, .T. ) ;
#332 = DIRECTION ( 'NONE',  ( 1.591880191770952510E-16, -1.000000000000000000, 0.000000000000000000 ) ) ;
#333 = EDGE_LOOP ( 'NONE', ( #242, #2949, #910, #71 ) ) ;
#334 = DIRECTION ( 'NONE',  ( -0.000000000000000000, 1.000000000000000000, -2.465190328815661892E-32 ) ) ;
#335 = CYLINDRICAL_SURFACE ( 'NONE', #469, 1.000000000000000000 ) ;
#336 = CARTESIAN_POINT ( 'NONE',  ( 4.629400899860832475, -16.52761471384490832, 22.30694234592947112 ) ) ;
#337 = ORIENTED_EDGE ( 'NONE', *, *, #2914, .F. ) ;
#338 = ADVANCED_FACE ( 'NONE', ( #2106 ), #2161, .T. ) ;
#339 = PERSON_AND_ORGANIZATION ( #494, #2557 ) ;
#340 = PLANE ( 'NONE',  #1541 ) ;
#341 = DIRECTION ( 'NONE',  ( -1.000000000000000000, 0.000000000000000000, 0.000000000000000000 ) ) ;
#342 = ORIENTED_EDGE ( 'NONE', *, *, #3040, .T. ) ;
#343 = DIRECTION ( 'NONE',  ( -1.000000000000000000, -1.445602896647339163E-16, 0.000000000000000000 ) ) ;
#344 = LINE ( 'NONE', #809, #2969 ) ;
#345 = DIRECTION ( 'NONE',  ( -0.000000000000000000, 1.000000000000000000, -2.465190328815661892E-32 ) ) ;
#346 = LINE ( 'NONE', #587, #2434 ) ;
#347 = ORIENTED_EDGE ( 'NONE', *, *, #74, .T. ) ;
#348 = DIRECTION ( 'NONE',  ( -1.591880191770952510E-16, 1.000000000000000000, -0.000000000000000000 ) ) ;
#349 = VERTEX_POINT ( 'NONE', #173 ) ;
#350 = AXIS2_PLACEMENT_3D ( 'NONE', #1202, #2191, #2419 ) ;
#351 = CARTESIAN_POINT ( 'NONE',  ( -17.09970543152799749, 22.02644230769231015, 16.84042974971161044 ) ) ;
#352 = CARTESIAN_POINT ( 'NONE',  ( -11.74999999999980993, -15.94240911860697985, 20.35159698893441771 ) ) ;
#353 = EDGE_LOOP ( 'NONE', ( #636, #2055, #1355, #2602 ) ) ;
#354 = AXIS2_PLACEMENT_3D ( 'NONE', #264, #1257, #2250 ) ;
#355 = ADVANCED_FACE ( 'NONE', ( #867 ), #1666, .F. ) ;
#356 = AXIS2_PLACEMENT_3D ( 'NONE', #1571, #3070, #2606 ) ;
#357 = EDGE_CURVE ( 'NONE', #687, #509, #2605, .T. ) ;
#358 = VECTOR ( 'NONE', #376, 1000.000000000000114 ) ;
#359 = CARTESIAN_POINT ( 'NONE',  ( -21.63307920226005976, -6.938893903907228378E-15, 7.144292389383101849 ) ) ;
#360 = DIRECTION ( 'NONE',  ( -1.591880191770953249E-16, 1.000000000000000000, 3.697785493223492838E-32 ) ) ;
#361 = ORIENTED_EDGE ( 'NONE', *, *, #556, .T. ) ;
#362 = EDGE_CURVE ( 'NONE', #1953, #2884, #140, .T. ) ;
#363 = DIRECTION ( 'NONE',  ( -1.591880191770953249E-16, 1.000000000000000000, 3.697785493223492838E-32 ) ) ;
#364 = VECTOR ( 'NONE', #1091, 999.9999999999998863 ) ;
#365 = CARTESIAN_POINT ( 'NONE',  ( 0.000000000000000000, 22.02644230769231370, 0.000000000000000000 ) ) ;
#366 = FACE_OUTER_BOUND ( 'NONE', #704, .T. ) ;
#367 = ORIENTED_EDGE ( 'NONE', *, *, #133, .T. ) ;
#368 = ORIENTED_EDGE ( 'NONE', *, *, #2918, .T. ) ;
#369 = LINE ( 'NONE', #1328, #1243 ) ;
#370 = VERTEX_POINT ( 'NONE', #2143 ) ;
#371 = CARTESIAN_POINT ( 'NONE',  ( 3.279209754053526105, -3.469446951953614189E-15, -22.54501747404898637 ) ) ;
#372 = CARTESIAN_POINT ( 'NONE',  ( 22.77193679821816374, 10.59999999999999964, -0.6855100102924707173 ) ) ;
#373 = EDGE_LOOP ( 'NONE', ( #119, #1685 ) ) ;
#374 = EDGE_CURVE ( 'NONE', #1457, #880, #3172, .T. ) ;
#375 = EDGE_CURVE ( 'NONE', #2617, #2031, #189, .T. ) ;
#376 = DIRECTION ( 'NONE',  ( 0.3951564175231316312, -1.656240095395510269E-17, -0.9186138501515663801 ) ) ;
#377 = DIRECTION ( 'NONE',  ( -1.591880191770952510E-16, 1.000000000000000000, -0.000000000000000000 ) ) ;
#378 = ORIENTED_EDGE ( 'NONE', *, *, #1569, .F. ) ;
#379 = ADVANCED_FACE ( 'NONE', ( #916 ), #1188, .T. ) ;
#380 = ORIENTED_EDGE ( 'NONE', *, *, #2551, .F. ) ;
#381 = DIRECTION ( 'NONE',  ( 0.000000000000000000, 0.000000000000000000, 1.000000000000000000 ) ) ;
#382 = VERTEX_POINT ( 'NONE', #3139 ) ;
#383 = CARTESIAN_POINT ( 'NONE',  ( 13.49999999999994671, 10.59999999999999787, -21.68268590217988390 ) ) ;
#384 = FACE_BOUND ( 'NONE', #151, .T. ) ;
#385 = ORIENTED_EDGE ( 'NONE', *, *, #2228, .T. ) ;
#386 = CARTESIAN_POINT ( 'NONE',  ( -4.080732175172637533, 10.59999999999999432, 23.14298219578693150 ) ) ;
#387 = DIRECTION ( 'NONE',  ( -1.591880191770952756E-16, 1.000000000000000000, -6.162975822039154730E-33 ) ) ;
#388 = DIRECTION ( 'NONE',  ( -1.000000000000000000, -1.591880191770951770E-16, 0.000000000000000000 ) ) ;
#389 = ORIENTED_EDGE ( 'NONE', *, *, #260, .T. ) ;
#390 = ORIENTED_EDGE ( 'NONE', *, *, #1349, .T. ) ;
#391 = EDGE_CURVE ( 'NONE', #349, #2786, #2236, .T. ) ;
#392 = EDGE_LOOP ( 'NONE', ( #28, #493, #2218, #2965 ) ) ;
#393 = FACE_OUTER_BOUND ( 'NONE', #16, .T. ) ;
#394 = DIRECTION ( 'NONE',  ( -1.000000000000000000, -1.591880191770952756E-16, 0.000000000000000000 ) ) ;
#395 = AXIS2_PLACEMENT_3D ( 'NONE', #2898, #1231, #931 ) ;
#396 = ORIENTED_EDGE ( 'NONE', *, *, #654, .T. ) ;
#397 = DIRECTION ( 'NONE',  ( -0.4496973862087397800, -7.158643613968647632E-17, 0.8931809787702756909 ) ) ;
#398 = AXIS2_PLACEMENT_3D ( 'NONE', #3162, #633, #1110 ) ;
#399 = CARTESIAN_POINT ( 'NONE',  ( 0.000000000000000000, 22.02644230769231370, 0.000000000000000000 ) ) ;
#400 = DIRECTION ( 'NONE',  ( 0.000000000000000000, 0.000000000000000000, 1.000000000000000000 ) ) ;
#401 = CARTESIAN_POINT ( 'NONE',  ( 21.16416273831739403, 10.59999999999999964, 8.432629785676088119 ) ) ;
#402 = VECTOR ( 'NONE', #2448, 1000.000000000000000 ) ;
#403 = ORIENTED_EDGE ( 'NONE', *, *, #2188, .T. ) ;
#404 = LINE ( 'NONE', #1886, #917 ) ;
#405 = AXIS2_PLACEMENT_3D ( 'NONE', #618, #1640, #1111 ) ;
#406 = FACE_OUTER_BOUND ( 'NONE', #333, .T. ) ;
#407 = CARTESIAN_POINT ( 'NONE',  ( 21.63307920226009884, 10.59999999999999964, -7.144292389382956188 ) ) ;
#408 = ORIENTED_EDGE ( 'NONE', *, *, #225, .F. ) ;
#409 = VECTOR ( 'NONE', #488, 1000.000000000000000 ) ;
#410 = EDGE_LOOP ( 'NONE', ( #413, #2500, #3166, #2739 ) ) ;
#411 = CYLINDRICAL_SURFACE ( 'NONE', #350, 24.00000000000000000 ) ;
#412 = DIRECTION ( 'NONE',  ( -1.000000000000000000, -1.445602896647339163E-16, 0.000000000000000000 ) ) ;
#413 = ORIENTED_EDGE ( 'NONE', *, *, #513, .F. ) ;
#414 = EDGE_CURVE ( 'NONE', #1542, #3181, #154, .T. ) ;
#415 = EDGE_CURVE ( 'NONE', #1452, #39, #1707, .T. ) ;
#416 = CARTESIAN_POINT ( 'NONE',  ( 1.818952717202896847E-15, 10.59999999999999609, 0.000000000000000000 ) ) ;
#417 = EDGE_LOOP ( 'NONE', ( #921, #873, #1874, #337 ) ) ;
#418 = DIRECTION ( 'NONE',  ( -0.000000000000000000, 1.000000000000000000, -0.000000000000000000 ) ) ;
#419 = CARTESIAN_POINT ( 'NONE',  ( 22.77193679821816374, -4.244671598133760271E-33, 0.6855100102924707173 ) ) ;
#420 = ORIENTED_EDGE ( 'NONE', *, *, #1071, .F. ) ;
#421 = AXIS2_PLACEMENT_3D ( 'NONE', #2145, #2772, #1777 ) ;
#422 = ORIENTED_EDGE ( 'NONE', *, *, #753, .F. ) ;
#423 = AXIS2_PLACEMENT_3D ( 'NONE', #2026, #2040, #2769 ) ;
#424 = CARTESIAN_POINT ( 'NONE',  ( -10.79229931564736411, -15.94240911860693721, -20.06383076577678892 ) ) ;
#425 = DIRECTION ( 'NONE',  ( -1.000000000000000000, -1.591880191770951770E-16, 0.000000000000000000 ) ) ;
#426 = ORIENTED_EDGE ( 'NONE', *, *, #1963, .T. ) ;
#427 = DIRECTION ( 'NONE',  ( -1.000000000000000000, -1.445602896647339163E-16, 0.000000000000000000 ) ) ;
#428 = EDGE_CURVE ( 'NONE', #475, #832, #2638, .T. ) ;
#429 = DIRECTION ( 'NONE',  ( 0.8015224211192641945, 1.275927665440052679E-16, -0.5979647217379240320 ) ) ;
#430 = LINE ( 'NONE', #662, #1206 ) ;
#431 = VERTEX_POINT ( 'NONE', #721 ) ;
#432 = CARTESIAN_POINT ( 'NONE',  ( 18.00204441329596960, -15.10922134489264401, -15.10550882763370417 ) ) ;
#433 = DIRECTION ( 'NONE',  ( -1.000000000000000000, 0.000000000000000000, 0.000000000000000000 ) ) ;
#434 = ORIENTED_EDGE ( 'NONE', *, *, #138, .F. ) ;
#435 = CARTESIAN_POINT ( 'NONE',  ( 23.13409268966141852, 2.389433638175202115E-16, -6.388564426078390035 ) ) ;
#436 = FACE_OUTER_BOUND ( 'NONE', #2172, .T. ) ;
#437 = LINE ( 'NONE', #1817, #2988 ) ;
#438 = CYLINDRICAL_SURFACE ( 'NONE', #2118, 24.00000000000000000 ) ;
#439 = VERTEX_POINT ( 'NONE', #741 ) ;
#440 = CARTESIAN_POINT ( 'NONE',  ( -17.88495298426357394, -6.938893903907227589E-15, 14.11238768837277036 ) ) ;
#441 = VECTOR ( 'NONE', #1531, 1000.000000000000000 ) ;
#442 = CIRCLE ( 'NONE', #1488, 24.00000000000000000 ) ;
#443 = EDGE_CURVE ( 'NONE', #1502, #77, #1553, .T. ) ;
#444 = DIRECTION ( 'NONE',  ( -0.000000000000000000, 1.000000000000000000, -2.465190328815661892E-32 ) ) ;
#445 = VERTEX_POINT ( 'NONE', #643 ) ;
#446 = ORIENTED_EDGE ( 'NONE', *, *, #452, .T. ) ;
#447 = LINE ( 'NONE', #2429, #660 ) ;
#448 = VECTOR ( 'NONE', #597, 1000.000000000000114 ) ;
#449 = EDGE_CURVE ( 'NONE', #848, #382, #1145, .T. ) ;
#450 = VECTOR ( 'NONE', #57, 1000.000000000000000 ) ;
#451 = DIRECTION ( 'NONE',  ( -0.000000000000000000, 1.000000000000000000, 4.930380657631323784E-32 ) ) ;
#452 = EDGE_CURVE ( 'NONE', #1473, #2884, #875, .T. ) ;
#453 = DIRECTION ( 'NONE',  ( -1.591880191770952510E-16, 1.000000000000000000, -0.000000000000000000 ) ) ;
#454 = EDGE_LOOP ( 'NONE', ( #2536, #1946, #965, #3066 ) ) ;
#455 = AXIS2_PLACEMENT_3D ( 'NONE', #894, #3110, #1833 ) ;
#456 = CYLINDRICAL_SURFACE ( 'NONE', #3243, 1.699999999999993072 ) ;
#457 = DIRECTION ( 'NONE',  ( -1.591880191770952756E-16, 1.000000000000000000, -1.232595164407830946E-32 ) ) ;
#458 = AXIS2_PLACEMENT_3D ( 'NONE', #2696, #2219, #18 ) ;
#459 = CARTESIAN_POINT ( 'NONE',  ( -17.88495298426357749, -6.938893903907228378E-15, 14.11238768837277036 ) ) ;
#460 = ORIENTED_EDGE ( 'NONE', *, *, #1201, .F. ) ;
#461 = AXIS2_PLACEMENT_3D ( 'NONE', #690, #885, #1879 ) ;
#462 = CARTESIAN_POINT ( 'NONE',  ( 0.000000000000000000, 0.000000000000000000, 0.000000000000000000 ) ) ;
#463 = ORIENTED_EDGE ( 'NONE', *, *, #1468, .F. ) ;
#464 = ORIENTED_EDGE ( 'NONE', *, *, #3101, .T. ) ;
#465 = PLANE ( 'NONE',  #1490 ) ;
#466 = CARTESIAN_POINT ( 'NONE',  ( 0.000000000000000000, 22.02644230769231370, 0.000000000000000000 ) ) ;
#467 = CARTESIAN_POINT ( 'NONE',  ( 21.82823320828187263, 10.59999999999999964, -9.976383864149404701 ) ) ;
#468 = ORIENTED_EDGE ( 'NONE', *, *, #2410, .F. ) ;
#469 = AXIS2_PLACEMENT_3D ( 'NONE', #2263, #25, #568 ) ;
#470 = CARTESIAN_POINT ( 'NONE',  ( 23.13409268966149668, 10.59999999999999964, 6.388564426078089831 ) ) ;
#471 = EDGE_CURVE ( 'NONE', #1359, #2972, #310, .T. ) ;
#472 = ADVANCED_FACE ( 'NONE', ( #142 ), #676, .F. ) ;
#473 = CARTESIAN_POINT ( 'NONE',  ( -17.00367830239938272, -15.10922134489260849, 15.16264995654672632 ) ) ;
#474 = DIRECTION ( 'NONE',  ( -1.000000000000000000, 0.000000000000000000, 0.000000000000000000 ) ) ;
#475 = VERTEX_POINT ( 'NONE', #692 ) ;
#476 = CIRCLE ( 'NONE', #111, 24.00000000000000000 ) ;
#477 = EDGE_LOOP ( 'NONE', ( #306, #468, #1699, #878 ) ) ;
#478 = ORIENTED_EDGE ( 'NONE', *, *, #1178, .F. ) ;
#479 = FACE_OUTER_BOUND ( 'NONE', #2262, .T. ) ;
#480 = ORIENTED_EDGE ( 'NONE', *, *, #2125, .F. ) ;
#481 = ORIENTED_EDGE ( 'NONE', *, *, #953, .F. ) ;
#482 = EDGE_LOOP ( 'NONE', ( #2472, #130, #2292, #1954 ) ) ;
#483 = CARTESIAN_POINT ( 'NONE',  ( -23.92395390970465385, -7.122281225942880490E-15, 1.909038848826083434 ) ) ;
#484 = DIRECTION ( 'NONE',  ( 0.9577006843527264834, 1.524544749066590689E-16, -0.2877662231574781293 ) ) ;
#485 = LINE ( 'NONE', #1479, #2777 ) ;
#486 = ORIENTED_EDGE ( 'NONE', *, *, #1461, .T. ) ;
#487 = EDGE_CURVE ( 'NONE', #2781, #588, #1170, .T. ) ;
#488 = DIRECTION ( 'NONE',  ( -0.000000000000000000, 1.000000000000000000, -0.000000000000000000 ) ) ;
#489 = FACE_OUTER_BOUND ( 'NONE', #353, .T. ) ;
#490 = EDGE_CURVE ( 'NONE', #178, #1732, #2818, .T. ) ;
#491 = DIRECTION ( 'NONE',  ( -1.591880191770953496E-16, 1.000000000000000000, -1.232595164407830946E-32 ) ) ;
#492 = EDGE_LOOP ( 'NONE', ( #3005, #331, #110, #1942 ) ) ;
#493 = ORIENTED_EDGE ( 'NONE', *, *, #1406, .F. ) ;
#494 = PERSON ( 'UNSPECIFIED', 'UNSPECIFIED', 'UNSPECIFIED', ('UNSPECIFIED'), ('UNSPECIFIED'), ('UNSPECIFIED') ) ;
#495 = FACE_OUTER_BOUND ( 'NONE', #1066, .T. ) ;
#496 = VERTEX_POINT ( 'NONE', #1118 ) ;
#497 = ORIENTED_EDGE ( 'NONE', *, *, #2652, .T. ) ;
#498 = AXIS2_PLACEMENT_3D ( 'NONE', #2424, #661, #918 ) ;
#499 = FACE_BOUND ( 'NONE', #1294, .T. ) ;
#500 = DIRECTION ( 'NONE',  ( -1.000000000000000000, -1.445602896647339163E-16, 0.000000000000000000 ) ) ;
#501 = CARTESIAN_POINT ( 'NONE',  ( -3.279209754053678427, -3.469446951953614189E-15, -22.54501747404896150 ) ) ;
#502 = AXIS2_PLACEMENT_3D ( 'NONE', #3030, #484, #2779 ) ;
#503 = ORIENTED_EDGE ( 'NONE', *, *, #544, .T. ) ;
#504 = DIRECTION ( 'NONE',  ( -1.591880191770952510E-16, 1.000000000000000000, 0.000000000000000000 ) ) ;
#505 = VECTOR ( 'NONE', #196, 1000.000000000000000 ) ;
#506 = CARTESIAN_POINT ( 'NONE',  ( 2.274314739882652869, -3.107403293526424557E-15, 23.89199641017787812 ) ) ;
#507 = DIRECTION ( 'NONE',  ( -1.000000000000000000, -1.591880191770948072E-16, 0.000000000000000000 ) ) ;
#508 = ORIENTED_EDGE ( 'NONE', *, *, #1367, .T. ) ;
#509 = VERTEX_POINT ( 'NONE', #1377 ) ;
#510 = VECTOR ( 'NONE', #70, 1000.000000000000000 ) ;
#511 = DIRECTION ( 'NONE',  ( 1.591880191770952510E-16, -1.000000000000000000, 0.000000000000000000 ) ) ;
#512 = VECTOR ( 'NONE', #3033, 999.9999999999998863 ) ;
#513 = EDGE_CURVE ( 'NONE', #2510, #2781, #1400, .T. ) ;
#514 = LINE ( 'NONE', #2722, #2403 ) ;
#515 = ORIENTED_EDGE ( 'NONE', *, *, #1276, .T. ) ;
#516 = ORIENTED_EDGE ( 'NONE', *, *, #833, .T. ) ;
#517 = DIRECTION ( 'NONE',  ( 0.9931211392610533872, 1.580929869618672682E-16, -0.1170914290323055301 ) ) ;
#518 = CYLINDRICAL_SURFACE ( 'NONE', #3231, 24.00000000000000000 ) ;
#519 = DIRECTION ( 'NONE',  ( -0.000000000000000000, 1.000000000000000000, -0.000000000000000000 ) ) ;
#520 = ORIENTED_EDGE ( 'NONE', *, *, #2228, .F. ) ;
#521 = CARTESIAN_POINT ( 'NONE',  ( 27.00000000000000000, 10.60000000000000142, 0.000000000000000000 ) ) ;
#522 = DIRECTION ( 'NONE',  ( -1.000000000000000000, -1.591880191770951277E-16, 0.000000000000000000 ) ) ;
#523 = LINE ( 'NONE', #253, #2335 ) ;
#524 = ORIENTED_EDGE ( 'NONE', *, *, #357, .F. ) ;
#525 = ORIENTED_EDGE ( 'NONE', *, *, #213, .F. ) ;
#526 = PRODUCT_DEFINITION_FORMATION_WITH_SPECIFIED_SOURCE ( 'ANY', '', #1205, .NOT_KNOWN. ) ;
#527 = DIRECTION ( 'NONE',  ( -1.591880191770952510E-16, 1.000000000000000000, -0.000000000000000000 ) ) ;
#528 = CIRCLE ( 'NONE', #2886, 1.000000000000000888 ) ;
#529 = CIRCLE ( 'NONE', #1814, 24.00000000000000000 ) ;
#530 = CARTESIAN_POINT ( 'NONE',  ( 17.00367830239969180, -1.734723475976807094E-15, 15.16264995654637815 ) ) ;
#531 = ORIENTED_EDGE ( 'NONE', *, *, #2453, .T. ) ;
#532 = EDGE_CURVE ( 'NONE', #883, #445, #1139, .T. ) ;
#533 = DIRECTION ( 'NONE',  ( -1.591880191770953003E-16, 1.000000000000000000, 0.000000000000000000 ) ) ;
#534 = CARTESIAN_POINT ( 'NONE',  ( -3.279209754053374226, 10.59999999999999609, 22.54501747404900414 ) ) ;
#535 = CARTESIAN_POINT ( 'NONE',  ( 23.92395390970466096, 1.833873220356539363E-16, 1.909038848826092538 ) ) ;
#536 = EDGE_LOOP ( 'NONE', ( #740, #299, #385, #700, #1074, #2905, #3009, #2067, #1684, #261, #2367, #2385, #1713, #389, #3064, #2923, #850, #699, #1996, #2243, #834, #2655, #2885, #1698, #944, #3149, #2006, #1532, #1150, #1209, #638, #390, #1694, #2892, #2499, #302, #595, #914, #266, #2446, #2023, #1868, #2933, #1279, #403, #966, #1194, #2621, #2719, #1565, #2946, #2926, #739, #1522, #2063, #1910, #2525, #2853, #1113, #1251, #101, #2435, #2088, #210, #1635, #3208, #2701, #1337, #2910, #2366, #1163, #668, #486, #3020, #2597, #1624, #2794 ) ) ;
#537 = DIRECTION ( 'NONE',  ( 0.5000000000000041078, 0.000000000000000000, 0.8660254037844362651 ) ) ;
#538 = CARTESIAN_POINT ( 'NONE',  ( 21.08277658846895619, -16.41173927388291887, 8.037473368152937780 ) ) ;
#539 = ORIENTED_EDGE ( 'NONE', *, *, #1372, .F. ) ;
#540 = CARTESIAN_POINT ( 'NONE',  ( -17.00367830239938627, 10.59999999999999254, 15.16264995654672632 ) ) ;
#541 = ORIENTED_EDGE ( 'NONE', *, *, #2653, .T. ) ;
#542 = FACE_OUTER_BOUND ( 'NONE', #1796, .T. ) ;
#543 = CALENDAR_DATE ( 2026, 26, 2 ) ;
#544 = EDGE_CURVE ( 'NONE', #559, #475, #3135, .T. ) ;
#545 = LINE ( 'NONE', #2522, #61 ) ;
#546 = DIRECTION ( 'NONE',  ( -1.591880191770952510E-16, 1.000000000000000000, -0.000000000000000000 ) ) ;
#547 = LINE ( 'NONE', #1258, #2562 ) ;
#548 = ORIENTED_EDGE ( 'NONE', *, *, #1726, .F. ) ;
#549 = ADVANCED_FACE ( 'NONE', ( #1913 ), #2920, .T. ) ;
#550 = VECTOR ( 'NONE', #2529, 1000.000000000000000 ) ;
#551 = DIRECTION ( 'NONE',  ( 0.8931809787702725822, 6.271714245251927147E-17, -0.4496973862087458862 ) ) ;
#552 = EDGE_CURVE ( 'NONE', #2204, #2246, #192, .T. ) ;
#553 = VECTOR ( 'NONE', #1177, 999.9999999999998863 ) ;
#554 = DIRECTION ( 'NONE',  ( -0.000000000000000000, 1.000000000000000000, -2.465190328815661892E-32 ) ) ;
#555 = EDGE_LOOP ( 'NONE', ( #2232, #2742, #2155, #3138 ) ) ;
#556 = EDGE_CURVE ( 'NONE', #2984, #2070, #1281, .T. ) ;
#557 = FACE_OUTER_BOUND ( 'NONE', #1813, .T. ) ;
#558 = AXIS2_PLACEMENT_3D ( 'NONE', #432, #1943, #2955 ) ;
#559 = VERTEX_POINT ( 'NONE', #2869 ) ;
#560 = ORIENTED_EDGE ( 'NONE', *, *, #259, .F. ) ;
#561 = AXIS2_PLACEMENT_3D ( 'NONE', #2943, #666, #695 ) ;
#562 = CARTESIAN_POINT ( 'NONE',  ( -21.82823320828180513, 22.02644230769231015, 9.976383864149534375 ) ) ;
#563 = DIRECTION ( 'NONE',  ( 0.000000000000000000, 0.000000000000000000, 1.000000000000000000 ) ) ;
#564 = CIRCLE ( 'NONE', #612, 1.000000000000000888 ) ;
#565 = VECTOR ( 'NONE', #2938, 1000.000000000000000 ) ;
#566 = CARTESIAN_POINT ( 'NONE',  ( 6.034387258133521392, 10.59999999999999609, 23.22899417578978998 ) ) ;
#567 = LINE ( 'NONE', #2540, #1242 ) ;
#568 = DIRECTION ( 'NONE',  ( -1.000000000000000000, 0.000000000000000000, 0.000000000000000000 ) ) ;
#569 = DIRECTION ( 'NONE',  ( -0.6855100102924707173, 0.000000000000000000, -0.7280632017818347013 ) ) ;
#570 = EDGE_LOOP ( 'NONE', ( #1489, #2821, #3032, #1193 ) ) ;
#571 = LINE ( 'NONE', #1559, #208 ) ;
#572 = DIRECTION ( 'NONE',  ( 0.5979647217379080448, 9.518881959124053253E-17, -0.8015224211192761850 ) ) ;
#573 = ORIENTED_EDGE ( 'NONE', *, *, #1332, .F. ) ;
#574 = CARTESIAN_POINT ( 'NONE',  ( 17.09970543152811473, -1.719437107503557682E-15, -16.84042974971149320 ) ) ;
#575 = EDGE_CURVE ( 'NONE', #984, #2679, #2324, .T. ) ;
#576 = ORIENTED_EDGE ( 'NONE', *, *, #1314, .F. ) ;
#577 = CARTESIAN_POINT ( 'NONE',  ( -11.74999999999981348, 10.59999999999999432, 20.35159698893441771 ) ) ;
#578 = CARTESIAN_POINT ( 'NONE',  ( 19.55391846839944137, 10.59999999999999964, -13.91561254602855158 ) ) ;
#579 = DIRECTION ( 'NONE',  ( -1.000000000000000000, 0.000000000000000000, 0.000000000000000000 ) ) ;
#580 = ORIENTED_EDGE ( 'NONE', *, *, #1820, .F. ) ;
#581 = APPROVAL_DATE_TIME ( #1106, #3039 ) ;
#582 = CARTESIAN_POINT ( 'NONE',  ( -23.13409268966145405, 10.59999999999999254, -6.388564426078243486 ) ) ;
#583 = DIRECTION ( 'NONE',  ( -1.591880191770952756E-16, 1.000000000000000000, -1.232595164407830946E-32 ) ) ;
#584 = EDGE_LOOP ( 'NONE', ( #1615, #1329, #970, #541 ) ) ;
#585 = CARTESIAN_POINT ( 'NONE',  ( -23.13409268966136523, 10.59999999999999254, 6.388564426078556124 ) ) ;
#586 = PLANE ( 'NONE',  #2121 ) ;
#587 = CARTESIAN_POINT ( 'NONE',  ( 21.63307920226020187, 0.000000000000000000, 7.144292389382668418 ) ) ;
#588 = VERTEX_POINT ( 'NONE', #1839 ) ;
#589 = ADVANCED_FACE ( 'NONE', ( #393 ), #2101, .F. ) ;
#590 = LINE ( 'NONE', #1786, #2280 ) ;
#591 = ORIENTED_EDGE ( 'NONE', *, *, #2692, .T. ) ;
#592 = EDGE_CURVE ( 'NONE', #2457, #599, #1075, .T. ) ;
#593 = EDGE_CURVE ( 'NONE', #1953, #1285, #33, .T. ) ;
#594 = DIRECTION ( 'NONE',  ( 1.591880191770952510E-16, -1.000000000000000000, 0.000000000000000000 ) ) ;
#595 = ORIENTED_EDGE ( 'NONE', *, *, #928, .T. ) ;
#596 = ADVANCED_FACE ( 'NONE', ( #2887 ), #2568, .F. ) ;
#597 = DIRECTION ( 'NONE',  ( -0.5979647217379240320, -1.746553879158227623E-16, -0.8015224211192640835 ) ) ;
#598 = DIRECTION ( 'NONE',  ( -1.000000000000000000, -1.445602896647339163E-16, 0.000000000000000000 ) ) ;
#599 = VERTEX_POINT ( 'NONE', #1387 ) ;
#600 = FACE_OUTER_BOUND ( 'NONE', #125, .T. ) ;
#601 = LINE ( 'NONE', #1887, #358 ) ;
#602 = LINE ( 'NONE', #2616, #1130 ) ;
#603 = AXIS2_PLACEMENT_3D ( 'NONE', #1165, #1949, #1891 ) ;
#604 = ORIENTED_EDGE ( 'NONE', *, *, #42, .T. ) ;
#605 = ORIENTED_EDGE ( 'NONE', *, *, #1727, .T. ) ;
#606 = AXIS2_PLACEMENT_3D ( 'NONE', #79, #2564, #1629 ) ;
#607 = CARTESIAN_POINT ( 'NONE',  ( 1.818952717202897242E-15, 10.59999999999999432, 0.000000000000000000 ) ) ;
#608 = CIRCLE ( 'NONE', #561, 24.00000000000000000 ) ;
#609 = AXIS2_PLACEMENT_3D ( 'NONE', #1050, #2785, #1033 ) ;
#610 = EDGE_CURVE ( 'NONE', #2548, #2387, #967, .T. ) ;
#611 = EDGE_CURVE ( 'NONE', #1561, #3128, #3085, .T. ) ;
#612 = AXIS2_PLACEMENT_3D ( 'NONE', #1203, #2948, #1692 ) ;
#613 = CARTESIAN_POINT ( 'NONE',  ( -4.629400899860685925, 10.59999999999999609, -22.30694234592950309 ) ) ;
#614 = DIRECTION ( 'NONE',  ( -0.9931211392610557187, -7.862641863728799671E-17, -0.1170914290322851714 ) ) ;
#615 = ORIENTED_EDGE ( 'NONE', *, *, #118, .T. ) ;
#616 = CARTESIAN_POINT ( 'NONE',  ( 0.000000000000000000, 22.02644230769231370, 0.000000000000000000 ) ) ;
#617 = AXIS2_PLACEMENT_3D ( 'NONE', #763, #234, #747 ) ;
#618 = CARTESIAN_POINT ( 'NONE',  ( 21.16416273831739758, -16.41173927388291887, 8.432629785676088119 ) ) ;
#619 = CARTESIAN_POINT ( 'NONE',  ( 6.034387258133213194, 10.59999999999999609, -23.22899417578986814 ) ) ;
#620 = ORIENTED_EDGE ( 'NONE', *, *, #1361, .F. ) ;
#621 = EDGE_LOOP ( 'NONE', ( #1198, #2683, #1404, #1223 ) ) ;
#622 = CARTESIAN_POINT ( 'NONE',  ( 4.080732175173099385, 10.59999999999999609, 23.14298219578684623 ) ) ;
#623 = FACE_OUTER_BOUND ( 'NONE', #247, .T. ) ;
#624 = ORIENTED_EDGE ( 'NONE', *, *, #133, .F. ) ;
#625 = DIRECTION ( 'NONE',  ( 1.591880191770952510E-16, -1.000000000000000000, 0.000000000000000000 ) ) ;
#626 = VECTOR ( 'NONE', #1120, 1000.000000000000000 ) ;
#627 = APPROVAL_PERSON_ORGANIZATION ( #2298, #2452, #1070 ) ;
#628 = DIRECTION ( 'NONE',  ( 0.000000000000000000, 0.000000000000000000, 1.000000000000000000 ) ) ;
#629 = ADVANCED_FACE ( 'NONE', ( #2962 ), #2206, .T. ) ;
#630 = DIRECTION ( 'NONE',  ( -1.591880191770952510E-16, 1.000000000000000000, -0.000000000000000000 ) ) ;
#631 = DIRECTION ( 'NONE',  ( -1.000000000000000000, -1.445602896647339163E-16, 0.000000000000000000 ) ) ;
#632 = EDGE_LOOP ( 'NONE', ( #2515, #1654, #2283, #637 ) ) ;
#633 = DIRECTION ( 'NONE',  ( -0.9577006843527284818, -1.524544749066593894E-16, 0.2877662231574716345 ) ) ;
#634 = DIRECTION ( 'NONE',  ( -1.591880191770952510E-16, 1.000000000000000000, -0.000000000000000000 ) ) ;
#635 = PLANE ( 'NONE',  #606 ) ;
#636 = ORIENTED_EDGE ( 'NONE', *, *, #891, .F. ) ;
#637 = ORIENTED_EDGE ( 'NONE', *, *, #2269, .T. ) ;
#638 = ORIENTED_EDGE ( 'NONE', *, *, #2592, .T. ) ;
#639 = CARTESIAN_POINT ( 'NONE',  ( 13.50000000000027178, 10.59999999999999787, 23.38268590217968423 ) ) ;
#640 = PLANE ( 'NONE',  #203 ) ;
#641 = ORIENTED_EDGE ( 'NONE', *, *, #106, .F. ) ;
#642 = DIRECTION ( 'NONE',  ( 0.000000000000000000, 0.000000000000000000, 1.000000000000000000 ) ) ;
#643 = CARTESIAN_POINT ( 'NONE',  ( 13.61525309474708578, 10.59999999999999787, -19.76423242035926364 ) ) ;
#644 = CARTESIAN_POINT ( 'NONE',  ( -17.09970543152800104, 10.59999999999999254, 16.84042974971159268 ) ) ;
#645 = FACE_BOUND ( 'NONE', #2140, .T. ) ;
#646 = VERTEX_POINT ( 'NONE', #1659 ) ;
#647 = CARTESIAN_POINT ( 'NONE',  ( 18.00204441329596605, 10.59999999999999787, -15.10550882763370417 ) ) ;
#648 = CARTESIAN_POINT ( 'NONE',  ( 17.88495298426367341, 10.59999999999999964, -14.11238768837265134 ) ) ;
#649 = EDGE_CURVE ( 'NONE', #1642, #1857, #2464, .T. ) ;
#650 = FACE_OUTER_BOUND ( 'NONE', #632, .T. ) ;
#651 = ORIENTED_EDGE ( 'NONE', *, *, #1429, .T. ) ;
#652 = EDGE_CURVE ( 'NONE', #890, #2851, #962, .T. ) ;
#653 = ORIENTED_EDGE ( 'NONE', *, *, #1071, .T. ) ;
#654 = EDGE_CURVE ( 'NONE', #439, #3160, #1908, .T. ) ;
#655 = CARTESIAN_POINT ( 'NONE',  ( -13.49999999999978506, 10.59999999999999254, 21.68268590217997271 ) ) ;
#656 = DIRECTION ( 'NONE',  ( -1.591880191770952510E-16, 1.000000000000000000, -0.000000000000000000 ) ) ;
#657 = AXIS2_PLACEMENT_3D ( 'NONE', #315, #2480, #1871 ) ;
#658 = ORIENTED_EDGE ( 'NONE', *, *, #1821, .T. ) ;
#659 = CARTESIAN_POINT ( 'NONE',  ( 3.506345720480106912E-15, -3.469446951953614189E-15, 0.000000000000000000 ) ) ;
#660 = VECTOR ( 'NONE', #3227, 1000.000000000000000 ) ;
#661 = DIRECTION ( 'NONE',  ( -1.591880191770952510E-16, 1.000000000000000000, -0.000000000000000000 ) ) ;
#662 = CARTESIAN_POINT ( 'NONE',  ( 21.82823320828186553, 22.02644230769231726, -9.976383864149406477 ) ) ;
#663 = DIRECTION ( 'NONE',  ( -1.591880191770952510E-16, 1.000000000000000000, -0.000000000000000000 ) ) ;
#664 = AXIS2_PLACEMENT_3D ( 'NONE', #1679, #2870, #1407 ) ;
#665 = EDGE_LOOP ( 'NONE', ( #1787, #1549, #2344, #194 ) ) ;
#666 = DIRECTION ( 'NONE',  ( -1.591880191770952510E-16, 1.000000000000000000, -0.000000000000000000 ) ) ;
#667 = CYLINDRICAL_SURFACE ( 'NONE', #1851, 1.000000000000000888 ) ;
#668 = ORIENTED_EDGE ( 'NONE', *, *, #994, .T. ) ;
#669 = AXIS2_PLACEMENT_3D ( 'NONE', #979, #504, #716 ) ;
#670 = ORIENTED_EDGE ( 'NONE', *, *, #1604, .F. ) ;
#671 = DIRECTION ( 'NONE',  ( -0.000000000000000000, 1.000000000000000000, 2.465190328815661892E-32 ) ) ;
#672 = EDGE_CURVE ( 'NONE', #2781, #223, #2947, .T. ) ;
#673 = CARTESIAN_POINT ( 'NONE',  ( -22.77193679821816730, 10.59999999999999254, -0.6855100102924707173 ) ) ;
#674 = ORIENTED_EDGE ( 'NONE', *, *, #1606, .F. ) ;
#675 = CARTESIAN_POINT ( 'NONE',  ( 21.63307920226009884, -16.41173927388289755, -7.144292389382956188 ) ) ;
#676 = CYLINDRICAL_SURFACE ( 'NONE', #2394, 24.00000000000000000 ) ;
#677 = LINE ( 'NONE', #1653, #626 ) ;
#678 = VERTEX_POINT ( 'NONE', #1183 ) ;
#679 = LINE ( 'NONE', #1175, #505 ) ;
#680 = DIRECTION ( 'NONE',  ( -1.591880191770952756E-16, 1.000000000000000000, 2.465190328815661892E-32 ) ) ;
#681 = VERTEX_POINT ( 'NONE', #1436 ) ;
#682 = VECTOR ( 'NONE', #2203, 1000.000000000000000 ) ;
#683 = CARTESIAN_POINT ( 'NONE',  ( 4.629400899860535823, -16.52761471384491543, -22.30694234592953507 ) ) ;
#684 = VECTOR ( 'NONE', #663, 1000.000000000000000 ) ;
#685 = CARTESIAN_POINT ( 'NONE',  ( 23.92395390970466096, 10.59999999999999964, -1.909038848826094315 ) ) ;
#686 = ADVANCED_FACE ( 'NONE', ( #2930 ), #898, .T. ) ;
#687 = VERTEX_POINT ( 'NONE', #685 ) ;
#688 = EDGE_CURVE ( 'NONE', #496, #445, #2956, .T. ) ;
#689 = EDGE_CURVE ( 'NONE', #2633, #2117, #2454, .T. ) ;
#690 = CARTESIAN_POINT ( 'NONE',  ( -4.080732175172951059, 10.59999999999999432, -23.14298219578687466 ) ) ;
#691 = EDGE_CURVE ( 'NONE', #3240, #1452, #1920, .T. ) ;
#692 = CARTESIAN_POINT ( 'NONE',  ( 2.274314739882652869, 10.59999999999999609, 23.89199641017787812 ) ) ;
#693 = CARTESIAN_POINT ( 'NONE',  ( -10.79229931564736766, 10.59999999999999432, -20.06383076577678892 ) ) ;
#694 = ORIENTED_EDGE ( 'NONE', *, *, #1881, .F. ) ;
#695 = DIRECTION ( 'NONE',  ( -1.000000000000000000, -1.591880191770952756E-16, 0.000000000000000000 ) ) ;
#696 = FACE_OUTER_BOUND ( 'NONE', #1309, .T. ) ;
#697 = CARTESIAN_POINT ( 'NONE',  ( 13.50000000000027178, 10.59999999999999787, 23.38268590217968423 ) ) ;
#698 = DIRECTION ( 'NONE',  ( -1.591880191770952510E-16, 1.000000000000000000, -0.000000000000000000 ) ) ;
#699 = ORIENTED_EDGE ( 'NONE', *, *, #2210, .T. ) ;
#700 = ORIENTED_EDGE ( 'NONE', *, *, #710, .T. ) ;
#701 = CARTESIAN_POINT ( 'NONE',  ( -10.79229931564708345, -6.938893903907228378E-15, 20.06383076577693814 ) ) ;
#702 = LINE ( 'NONE', #459, #1347 ) ;
#703 = PRODUCT_DEFINITION_SHAPE ( 'NONE', 'NONE',  #2609 ) ;
#704 = EDGE_LOOP ( 'NONE', ( #1706, #620, #229, #2224 ) ) ;
#705 = AXIS2_PLACEMENT_3D ( 'NONE', #2678, #2186, #2400 ) ;
#706 = ORIENTED_EDGE ( 'NONE', *, *, #3115, .T. ) ;
#707 = DIRECTION ( 'NONE',  ( 0.3951564175231377929, 6.290416737062550312E-17, -0.9186138501515638266 ) ) ;
#708 = CC_DESIGN_DATE_AND_TIME_ASSIGNMENT ( #3054, #1827, ( #2032 ) ) ;
#709 = VECTOR ( 'NONE', #2313, 1000.000000000000114 ) ;
#710 = EDGE_CURVE ( 'NONE', #890, #2617, #1282, .T. ) ;
#711 = VECTOR ( 'NONE', #656, 1000.000000000000000 ) ;
#712 = DIRECTION ( 'NONE',  ( -1.591880191770952510E-16, 1.000000000000000000, -2.465190328815661892E-32 ) ) ;
#713 = DIRECTION ( 'NONE',  ( -0.000000000000000000, 1.000000000000000000, -0.000000000000000000 ) ) ;
#714 = ORIENTED_EDGE ( 'NONE', *, *, #134, .F. ) ;
#715 = CIRCLE ( 'NONE', #1652, 1.000000000000000000 ) ;
#716 = DIRECTION ( 'NONE',  ( -0.4999999999999987232, 0.000000000000000000, 0.8660254037844393737 ) ) ;
#717 = DIRECTION ( 'NONE',  ( -1.591880191770952510E-16, 1.000000000000000000, 0.000000000000000000 ) ) ;
#718 = CARTESIAN_POINT ( 'NONE',  ( -19.55391846839953018, -7.204573213401742221E-15, -13.91561254602841835 ) ) ;
#719 = ORIENTED_EDGE ( 'NONE', *, *, #1038, .F. ) ;
#720 = AXIS2_PLACEMENT_3D ( 'NONE', #2162, #3173, #2376 ) ;
#721 = CARTESIAN_POINT ( 'NONE',  ( -21.63307920226005621, -6.938893903907227589E-15, 7.144292389383104513 ) ) ;
#722 = DIRECTION ( 'NONE',  ( 1.000000000000000000, 0.000000000000000000, 0.000000000000000000 ) ) ;
#723 = ORIENTED_EDGE ( 'NONE', *, *, #852, .T. ) ;
#724 = VERTEX_POINT ( 'NONE', #2714 ) ;
#725 = EDGE_LOOP ( 'NONE', ( #1616, #2347, #202, #548 ) ) ;
#726 = CARTESIAN_POINT ( 'NONE',  ( -21.82823320828180869, -7.044605966614891987E-15, 9.976383864149541481 ) ) ;
#727 = EDGE_CURVE ( 'NONE', #3077, #2253, #2158, .T. ) ;
#728 = ADVANCED_FACE ( 'NONE', ( #2650 ), #411, .F. ) ;
#729 = CARTESIAN_POINT ( 'NONE',  ( -21.63307920226015213, -16.41173927388291887, -7.144292389382810526 ) ) ;
#730 = LINE ( 'NONE', #3211, #2034 ) ;
#731 = ORIENTED_EDGE ( 'NONE', *, *, #3221, .F. ) ;
#732 = LOCAL_TIME ( 21, 23, 14.00000000000000000, #2074 ) ;
#733 = DIRECTION ( 'NONE',  ( -1.591880191770952510E-16, 1.000000000000000000, 2.465190328815661892E-32 ) ) ;
#734 = AXIS2_PLACEMENT_3D ( 'NONE', #1781, #519, #2560 ) ;
#735 = LINE ( 'NONE', #1498, #441 ) ;
#736 = CARTESIAN_POINT ( 'NONE',  ( 6.034387258133209642, -2.508844797383886264E-15, -23.22899417578987169 ) ) ;
#737 = VERTEX_POINT ( 'NONE', #186 ) ;
#738 = VECTOR ( 'NONE', #327, 1000.000000000000000 ) ;
#739 = ORIENTED_EDGE ( 'NONE', *, *, #753, .T. ) ;
#740 = ORIENTED_EDGE ( 'NONE', *, *, #138, .T. ) ;
#741 = CARTESIAN_POINT ( 'NONE',  ( -13.49999999999978506, -1.561251128379126385E-14, 21.68268590217996916 ) ) ;
#742 = DIRECTION ( 'NONE',  ( -1.000000000000000000, 0.000000000000000000, 0.000000000000000000 ) ) ;
#743 = EDGE_CURVE ( 'NONE', #1822, #2736, #1405, .T. ) ;
#744 = CARTESIAN_POINT ( 'NONE',  ( 13.50000000000027178, 10.59999999999999964, 21.68268590217969916 ) ) ;
#745 = DIRECTION ( 'NONE',  ( -1.591880191770952756E-16, 1.000000000000000000, -1.232595164407830946E-32 ) ) ;
#746 = ORIENTED_EDGE ( 'NONE', *, *, #1461, .F. ) ;
#747 = DIRECTION ( 'NONE',  ( -1.000000000000000000, -1.591880191770952756E-16, 0.000000000000000000 ) ) ;
#748 = EDGE_CURVE ( 'NONE', #900, #830, #244, .T. ) ;
#749 = DIRECTION ( 'NONE',  ( -1.591880191770952756E-16, 1.000000000000000000, -6.162975822039154730E-33 ) ) ;
#750 = CARTESIAN_POINT ( 'NONE',  ( -22.08277658846889935, -16.41173927388291887, -8.037473368153081665 ) ) ;
#751 = EDGE_CURVE ( 'NONE', #2990, #3181, #170, .T. ) ;
#752 = ORIENTED_EDGE ( 'NONE', *, *, #592, .T. ) ;
#753 = EDGE_CURVE ( 'NONE', #2373, #819, #1846, .T. ) ;
#754 = ORIENTED_EDGE ( 'NONE', *, *, #1031, .F. ) ;
#755 = ADVANCED_FACE ( 'NONE', ( #436 ), #2439, .T. ) ;
#756 = VECTOR ( 'NONE', #749, 1000.000000000000000 ) ;
#757 = FACE_OUTER_BOUND ( 'NONE', #1572, .T. ) ;
#758 = ORIENTED_EDGE ( 'NONE', *, *, #449, .F. ) ;
#759 = DIRECTION ( 'NONE',  ( 0.000000000000000000, 0.000000000000000000, 1.000000000000000000 ) ) ;
#760 = DIRECTION ( 'NONE',  ( -0.000000000000000000, 1.000000000000000000, -0.000000000000000000 ) ) ;
#761 = FACE_OUTER_BOUND ( 'NONE', #3226, .T. ) ;
#762 = VERTEX_POINT ( 'NONE', #20 ) ;
#763 = CARTESIAN_POINT ( 'NONE',  ( 3.506345720480106912E-15, -3.469446951953614189E-15, 0.000000000000000000 ) ) ;
#764 = AXIS2_PLACEMENT_3D ( 'NONE', #1364, #3124, #2862 ) ;
#765 = CARTESIAN_POINT ( 'NONE',  ( 4.629400899860531382, 10.59999999999999609, -22.30694234592953507 ) ) ;
#766 = CIRCLE ( 'NONE', #1083, 24.00000000000000000 ) ;
#767 = DIRECTION ( 'NONE',  ( 1.591880191770952510E-16, -1.000000000000000000, 0.000000000000000000 ) ) ;
#768 = VERTEX_POINT ( 'NONE', #1784 ) ;
#769 = ORIENTED_EDGE ( 'NONE', *, *, #1569, .T. ) ;
#770 = VECTOR ( 'NONE', #2820, 1000.000000000000114 ) ;
#771 = CC_DESIGN_PERSON_AND_ORGANIZATION_ASSIGNMENT ( #339, #45, ( #2032 ) ) ;
#772 = CARTESIAN_POINT ( 'NONE',  ( -21.16416273831722350, -6.938893903907228378E-15, 8.432629785676512668 ) ) ;
#773 = AXIS2_PLACEMENT_3D ( 'NONE', #1620, #1117, #2684 ) ;
#774 = DIRECTION ( 'NONE',  ( -1.591880191770952510E-16, 1.000000000000000000, -0.000000000000000000 ) ) ;
#775 = DIRECTION ( 'NONE',  ( -1.000000000000000000, -1.591880191770952756E-16, 0.000000000000000000 ) ) ;
#776 = DIRECTION ( 'NONE',  ( -1.591880191770952510E-16, 1.000000000000000000, -0.000000000000000000 ) ) ;
#777 = ORIENTED_EDGE ( 'NONE', *, *, #357, .T. ) ;
#778 = CARTESIAN_POINT ( 'NONE',  ( 17.00367830239969535, -15.10922134489271329, 15.16264995654637815 ) ) ;
#779 = LINE ( 'NONE', #980, #2587 ) ;
#780 = AXIS2_PLACEMENT_3D ( 'NONE', #1190, #1637, #400 ) ;
#781 = CARTESIAN_POINT ( 'NONE',  ( 22.08277658846884250, 0.000000000000000000, -8.037473368153230879 ) ) ;
#782 = EDGE_LOOP ( 'NONE', ( #3018, #361, #719, #1186 ) ) ;
#783 = CC_DESIGN_APPROVAL ( #2452, ( #2032 ) ) ;
#784 = EDGE_CURVE ( 'NONE', #1285, #3093, #2008, .T. ) ;
#785 = VECTOR ( 'NONE', #2793, 1000.000000000000000 ) ;
#786 = CARTESIAN_POINT ( 'NONE',  ( -21.82823320828180513, 10.59999999999999254, 9.976383864149539704 ) ) ;
#787 = EDGE_CURVE ( 'NONE', #287, #283, #779, .T. ) ;
#788 = ORIENTED_EDGE ( 'NONE', *, *, #1092, .F. ) ;
#789 = EDGE_CURVE ( 'NONE', #1933, #24, #2220, .T. ) ;
#790 = ADVANCED_FACE ( 'NONE', ( #1001 ), #3014, .T. ) ;
#791 = DIRECTION ( 'NONE',  ( -0.000000000000000000, 1.000000000000000000, 2.465190328815661892E-32 ) ) ;
#792 = CARTESIAN_POINT ( 'NONE',  ( 3.506345720480106912E-15, -3.469446951953614189E-15, 0.000000000000000000 ) ) ;
#793 = VERTEX_POINT ( 'NONE', #2750 ) ;
#794 = DIRECTION ( 'NONE',  ( 0.000000000000000000, 0.000000000000000000, 1.000000000000000000 ) ) ;
#795 = DIRECTION ( 'NONE',  ( -1.591880191770952756E-16, 1.000000000000000000, 0.000000000000000000 ) ) ;
#796 = ORIENTED_EDGE ( 'NONE', *, *, #1217, .T. ) ;
#797 = DIRECTION ( 'NONE',  ( -0.2877662231574580898, 3.365763327406992565E-17, 0.9577006843527324786 ) ) ;
#798 = EDGE_LOOP ( 'NONE', ( #1744, #2391, #1980, #560 ) ) ;
#799 = DIRECTION ( 'NONE',  ( -1.591880191770952510E-16, 1.000000000000000000, -0.000000000000000000 ) ) ;
#800 = ORIENTED_EDGE ( 'NONE', *, *, #1334, .T. ) ;
#801 = DATE_AND_TIME ( #1040, #1619 ) ;
#802 = CARTESIAN_POINT ( 'NONE',  ( -13.50000000000011191, 10.59999999999999432, -25.08268590217977589 ) ) ;
#803 = LINE ( 'NONE', #3106, #2226 ) ;
#804 = EDGE_CURVE ( 'NONE', #681, #3160, #1790, .T. ) ;
#805 = DIRECTION ( 'NONE',  ( 0.2296374825708829837, 3.655553597927361675E-17, -0.9732762334499427404 ) ) ;
#806 = ORIENTED_EDGE ( 'NONE', *, *, #3185, .F. ) ;
#807 = AXIS2_PLACEMENT_3D ( 'NONE', #1308, #36, #522 ) ;
#808 = EDGE_CURVE ( 'NONE', #2687, #1546, #250, .T. ) ;
#809 = CARTESIAN_POINT ( 'NONE',  ( -10.79229931564736766, 10.59999999999999432, -20.06383076577678892 ) ) ;
#810 = CIRCLE ( 'NONE', #1077, 1.000000000000000222 ) ;
#811 = LINE ( 'NONE', #1125, #1286 ) ;
#812 = VERTEX_POINT ( 'NONE', #1293 ) ;
#813 = CARTESIAN_POINT ( 'NONE',  ( -13.61525309474720835, -7.199264313344693100E-15, -19.76423242035916772 ) ) ;
#814 = VECTOR ( 'NONE', #2216, 1000.000000000000000 ) ;
#815 = VERTEX_POINT ( 'NONE', #3034 ) ;
#816 = AXIS2_PLACEMENT_3D ( 'NONE', #1809, #594, #1776 ) ;
#817 = CARTESIAN_POINT ( 'NONE',  ( 0.000000000000000000, 22.02644230769231370, 0.000000000000000000 ) ) ;
#818 = DIRECTION ( 'NONE',  ( -1.591880191770952510E-16, 1.000000000000000000, -0.000000000000000000 ) ) ;
#819 = VERTEX_POINT ( 'NONE', #1545 ) ;
#820 = AXIS2_PLACEMENT_3D ( 'NONE', #781, #1519, #2306 ) ;
#821 = DATE_AND_TIME ( #1537, #1151 ) ;
#822 = AXIS2_PLACEMENT_3D ( 'NONE', #1394, #1413, #642 ) ;
#823 = EDGE_CURVE ( 'NONE', #77, #1502, #1536, .T. ) ;
#824 = DIRECTION ( 'NONE',  ( -1.591880191770952510E-16, 1.000000000000000000, -0.000000000000000000 ) ) ;
#825 = CARTESIAN_POINT ( 'NONE',  ( -22.77193679821816374, -16.56058306581548223, -0.6855100102924707173 ) ) ;
#826 = ORIENTED_EDGE ( 'NONE', *, *, #2291, .F. ) ;
#827 = DIRECTION ( 'NONE',  ( 1.591880191770952510E-16, -1.000000000000000000, 0.000000000000000000 ) ) ;
#828 = EDGE_CURVE ( 'NONE', #1285, #1473, #1030, .T. ) ;
#829 = DIRECTION ( 'NONE',  ( 0.05714112891289823554, -7.037038519939236143E-17, -0.9983661108964785313 ) ) ;
#830 = VERTEX_POINT ( 'NONE', #2981 ) ;
#831 = CARTESIAN_POINT ( 'NONE',  ( -13.61525309474721546, 10.59999999999999432, -19.76423242035916772 ) ) ;
#832 = VERTEX_POINT ( 'NONE', #506 ) ;
#833 = EDGE_CURVE ( 'NONE', #2354, #2774, #735, .T. ) ;
#834 = ORIENTED_EDGE ( 'NONE', *, *, #2138, .T. ) ;
#835 = VECTOR ( 'NONE', #3031, 1000.000000000000000 ) ;
#836 = CYLINDRICAL_SURFACE ( 'NONE', #276, 1.000000000000000888 ) ;
#837 = FACE_OUTER_BOUND ( 'NONE', #2099, .T. ) ;
#838 = VECTOR ( 'NONE', #3143, 1000.000000000000000 ) ;
#839 = AXIS2_PLACEMENT_3D ( 'NONE', #1555, #1998, #3057 ) ;
#840 = PERSON_AND_ORGANIZATION ( #494, #2557 ) ;
#841 = VECTOR ( 'NONE', #2293, 1000.000000000000000 ) ;
#842 = DIRECTION ( 'NONE',  ( 0.7280632017818348123, 1.158989389273841394E-16, 0.6855100102924708283 ) ) ;
#843 = DIRECTION ( 'NONE',  ( -1.591880191770952756E-16, 1.000000000000000000, -1.232595164407830946E-32 ) ) ;
#844 = EDGE_LOOP ( 'NONE', ( #988, #706, #1860, #2319 ) ) ;
#845 = CARTESIAN_POINT ( 'NONE',  ( -4.080732175172633092, -16.52761471384491898, 23.14298219578693150 ) ) ;
#846 = CYLINDRICAL_SURFACE ( 'NONE', #44, 24.00000000000000000 ) ;
#847 = LINE ( 'NONE', #1834, #1021 ) ;
#848 = VERTEX_POINT ( 'NONE', #1518 ) ;
#849 = CARTESIAN_POINT ( 'NONE',  ( 18.00204441329616856, 10.59999999999999787, 15.10550882763346081 ) ) ;
#850 = ORIENTED_EDGE ( 'NONE', *, *, #257, .T. ) ;
#851 = EDGE_CURVE ( 'NONE', #3084, #904, #2496, .T. ) ;
#852 = EDGE_CURVE ( 'NONE', #2278, #1717, #2258, .T. ) ;
#853 = DIRECTION ( 'NONE',  ( -1.000000000000000000, -1.445602896647339163E-16, 0.000000000000000000 ) ) ;
#854 = EDGE_CURVE ( 'NONE', #1306, #2972, #1277, .T. ) ;
#855 = COORDINATED_UNIVERSAL_TIME_OFFSET ( 8, 0, .AHEAD. ) ;
#856 = CARTESIAN_POINT ( 'NONE',  ( -17.88495298426357394, -15.10922134489260849, 14.11238768837277036 ) ) ;
#857 = LINE ( 'NONE', #2846, #169 ) ;
#858 = VERTEX_POINT ( 'NONE', #1993 ) ;
#859 = CARTESIAN_POINT ( 'NONE',  ( 21.82823320828200764, 10.59999999999999964, 9.976383864149108049 ) ) ;
#860 = CARTESIAN_POINT ( 'NONE',  ( 11.75000000000023803, 10.59999999999999787, 20.35159698893416902 ) ) ;
#861 = VECTOR ( 'NONE', #2665, 1000.000000000000000 ) ;
#862 = EDGE_LOOP ( 'NONE', ( #162, #1055, #1375, #2489 ) ) ;
#863 = EDGE_LOOP ( 'NONE', ( #2194, #2341, #929, #184 ) ) ;
#864 = VECTOR ( 'NONE', #2345, 1000.000000000000000 ) ;
#865 = LINE ( 'NONE', #673, #2599 ) ;
#866 = ADVANCED_FACE ( 'NONE', ( #2784 ), #2020, .T. ) ;
#867 = FACE_OUTER_BOUND ( 'NONE', #584, .T. ) ;
#868 = AXIS2_PLACEMENT_3D ( 'NONE', #365, #1368, #2115 ) ;
#869 = VECTOR ( 'NONE', #2303, 1000.000000000000000 ) ;
#870 = DIRECTION ( 'NONE',  ( -1.000000000000000000, -1.445602896647339163E-16, 0.000000000000000000 ) ) ;
#871 = FACE_OUTER_BOUND ( 'NONE', #2648, .T. ) ;
#872 = DIRECTION ( 'NONE',  ( -0.8360398498573744508, -2.125540959764912496E-16, -0.5486687246877289814 ) ) ;
#873 = ORIENTED_EDGE ( 'NONE', *, *, #487, .F. ) ;
#874 = CYLINDRICAL_SURFACE ( 'NONE', #2114, 24.00000000000000000 ) ;
#875 = CIRCLE ( 'NONE', #985, 1.000000000000001776 ) ;
#876 = DIRECTION ( 'NONE',  ( -0.2877662231574580898, 0.000000000000000000, 0.9577006843527324786 ) ) ;
#877 = DIRECTION ( 'NONE',  ( -1.000000000000000000, -1.591880191770952756E-16, 0.000000000000000000 ) ) ;
#878 = ORIENTED_EDGE ( 'NONE', *, *, #2521, .F. ) ;
#879 = ORIENTED_EDGE ( 'NONE', *, *, #3140, .F. ) ;
#880 = VERTEX_POINT ( 'NONE', #1772 ) ;
#881 = DIRECTION ( 'NONE',  ( 0.000000000000000000, 0.000000000000000000, 1.000000000000000000 ) ) ;
#882 = DIRECTION ( 'NONE',  ( 0.9732762334499410750, 7.546734739046064179E-17, 0.2296374825708897560 ) ) ;
#883 = VERTEX_POINT ( 'NONE', #2287 ) ;
#884 = EDGE_CURVE ( 'NONE', #77, #2457, #2545, .T. ) ;
#885 = DIRECTION ( 'NONE',  ( -1.591880191770953003E-16, 1.000000000000000000, -2.465190328815661892E-32 ) ) ;
#886 = ADVANCED_FACE ( 'NONE', ( #489 ), #1482, .T. ) ;
#887 = AXIS2_PLACEMENT_3D ( 'NONE', #1736, #453, #201 ) ;
#888 = CARTESIAN_POINT ( 'NONE',  ( 3.279209754053827641, -16.52761471384490832, 22.54501747404893663 ) ) ;
#889 = DIRECTION ( 'NONE',  ( -0.9186138501515638266, -1.462323191942724234E-16, -0.3951564175231377929 ) ) ;
#890 = VERTEX_POINT ( 'NONE', #2865 ) ;
#891 = EDGE_CURVE ( 'NONE', #2234, #2477, #2050, .T. ) ;
#892 = CARTESIAN_POINT ( 'NONE',  ( -27.00000000000000355, 10.59999999999999254, -1.699999999999986189 ) ) ;
#893 = VECTOR ( 'NONE', #1971, 1000.000000000000000 ) ;
#894 = CARTESIAN_POINT ( 'NONE',  ( 3.506345720480106912E-15, -3.469446951953614189E-15, 0.000000000000000000 ) ) ;
#895 = CARTESIAN_POINT ( 'NONE',  ( 22.08277658846895264, 10.59999999999999964, 8.037473368152937780 ) ) ;
#896 = EDGE_LOOP ( 'NONE', ( #464, #2165, #3245, #1760 ) ) ;
#897 = EDGE_LOOP ( 'NONE', ( #2532, #800, #1469, #2897 ) ) ;
#898 = PLANE ( 'NONE',  #1126 ) ;
#899 = CARTESIAN_POINT ( 'NONE',  ( 27.00000000000000000, 10.59999999999999964, 0.000000000000000000 ) ) ;
#900 = VERTEX_POINT ( 'NONE', #2881 ) ;
#901 = DIRECTION ( 'NONE',  ( -0.9396926207859129798, 0.000000000000000000, -0.3420201433256564449 ) ) ;
#902 = CARTESIAN_POINT ( 'NONE',  ( -17.88495298426376579, -6.938893903907228378E-15, -14.11238768837252877 ) ) ;
#903 = CARTESIAN_POINT ( 'NONE',  ( -10.30870081495733537, 10.59999999999999432, 21.67327126918541325 ) ) ;
#904 = VERTEX_POINT ( 'NONE', #619 ) ;
#905 = DIRECTION ( 'NONE',  ( -1.591880191770952510E-16, 1.000000000000000000, -0.000000000000000000 ) ) ;
#906 = EDGE_CURVE ( 'NONE', #92, #1180, #82, .T. ) ;
#907 = CARTESIAN_POINT ( 'NONE',  ( 3.506345720480106912E-15, -3.469446951953614189E-15, 0.000000000000000000 ) ) ;
#908 = DIRECTION ( 'NONE',  ( -0.5000000000000108802, 0.000000000000000000, -0.8660254037844323793 ) ) ;
#909 = ORIENTED_EDGE ( 'NONE', *, *, #2526, .F. ) ;
#910 = ORIENTED_EDGE ( 'NONE', *, *, #362, .F. ) ;
#911 = CARTESIAN_POINT ( 'NONE',  ( -4.080732175172635756, -3.469446951953614189E-15, 23.14298219578693150 ) ) ;
#912 = DIRECTION ( 'NONE',  ( -0.9983661108964780873, -1.589279236071505824E-16, -0.05714112891290510504 ) ) ;
#913 = VECTOR ( 'NONE', #1709, 1000.000000000000114 ) ;
#914 = ORIENTED_EDGE ( 'NONE', *, *, #1468, .T. ) ;
#915 = AXIS2_PLACEMENT_3D ( 'NONE', #214, #2909, #2154 ) ;
#916 = FACE_OUTER_BOUND ( 'NONE', #482, .T. ) ;
#917 = VECTOR ( 'NONE', #1831, 1000.000000000000000 ) ;
#918 = DIRECTION ( 'NONE',  ( -1.000000000000000000, -1.445602896647339163E-16, 0.000000000000000000 ) ) ;
#919 = CARTESIAN_POINT ( 'NONE',  ( -13.49999999999978506, 10.59999999999999432, 21.68268590217997627 ) ) ;
#920 = AXIS2_PLACEMENT_3D ( 'NONE', #3216, #491, #474 ) ;
#921 = ORIENTED_EDGE ( 'NONE', *, *, #2453, .F. ) ;
#922 = DIRECTION ( 'NONE',  ( -1.000000000000000000, -1.445602896647339163E-16, 0.000000000000000000 ) ) ;
#923 = VECTOR ( 'NONE', #1870, 1000.000000000000114 ) ;
#924 = DIRECTION ( 'NONE',  ( -1.591880191770952756E-16, 1.000000000000000000, -6.162975822039154730E-33 ) ) ;
#925 = CARTESIAN_POINT ( 'NONE',  ( 21.16416273831739403, 10.59999999999999964, 8.432629785676088119 ) ) ;
#926 = ORIENTED_EDGE ( 'NONE', *, *, #1564, .T. ) ;
#927 = AXIS2_PLACEMENT_3D ( 'NONE', #2019, #1724, #1230 ) ;
#928 = EDGE_CURVE ( 'NONE', #812, #2567, #2958, .T. ) ;
#929 = ORIENTED_EDGE ( 'NONE', *, *, #375, .T. ) ;
#930 = EDGE_CURVE ( 'NONE', #3128, #2253, #116, .T. ) ;
#931 = DIRECTION ( 'NONE',  ( -0.9931211392610557187, 0.000000000000000000, -0.1170914290322851992 ) ) ;
#932 = CARTESIAN_POINT ( 'NONE',  ( 21.16416273831739403, 2.033370595856684720E-32, 8.432629785676088119 ) ) ;
#933 = EDGE_CURVE ( 'NONE', #168, #2387, #602, .T. ) ;
#934 = ORIENTED_EDGE ( 'NONE', *, *, #2840, .T. ) ;
#935 = DIRECTION ( 'NONE',  ( -1.591880191770952510E-16, 1.000000000000000000, -0.000000000000000000 ) ) ;
#936 = FACE_BOUND ( 'NONE', #2024, .T. ) ;
#937 = LINE ( 'NONE', #2874, #1764 ) ;
#938 = VERTEX_POINT ( 'NONE', #2304 ) ;
#939 = ORIENTED_EDGE ( 'NONE', *, *, #2998, .F. ) ;
#940 = DIRECTION ( 'NONE',  ( 0.1170914290322986606, 1.863955265026706304E-17, 0.9931211392610541644 ) ) ;
#941 = AXIS2_PLACEMENT_3D ( 'NONE', #3244, #1957, #1019 ) ;
#942 = CYLINDRICAL_SURFACE ( 'NONE', #1386, 1.000000000000000000 ) ;
#943 = LINE ( 'NONE', #1245, #10 ) ;
#944 = ORIENTED_EDGE ( 'NONE', *, *, #391, .T. ) ;
#945 = VECTOR ( 'NONE', #2217, 1000.000000000000114 ) ;
#946 = ORIENTED_EDGE ( 'NONE', *, *, #688, .F. ) ;
#947 = AXIS2_PLACEMENT_3D ( 'NONE', #817, #1824, #1327 ) ;
#948 = DIRECTION ( 'NONE',  ( 0.9577006843527304802, 1.524544749066597098E-16, 0.2877662231574648621 ) ) ;
#949 = LINE ( 'NONE', #1741, #1415 ) ;
#950 = FACE_OUTER_BOUND ( 'NONE', #3171, .T. ) ;
#951 = VERTEX_POINT ( 'NONE', #2116 ) ;
#952 = EDGE_CURVE ( 'NONE', #382, #2611, #811, .T. ) ;
#953 = EDGE_CURVE ( 'NONE', #2209, #2871, #1593, .T. ) ;
#954 = FACE_BOUND ( 'NONE', #1937, .T. ) ;
#955 = ORIENTED_EDGE ( 'NONE', *, *, #1803, .F. ) ;
#956 = ORIENTED_EDGE ( 'NONE', *, *, #2081, .F. ) ;
#957 = LINE ( 'NONE', #3194, #2485 ) ;
#958 = DIRECTION ( 'NONE',  ( -0.05714112891291871221, -9.096183125190575525E-18, -0.9983661108964774211 ) ) ;
#959 = DIRECTION ( 'NONE',  ( -0.8931809787702695846, -2.216502791016780241E-16, 0.4496973862087516038 ) ) ;
#960 = EDGE_LOOP ( 'NONE', ( #1064, #2724, #2208, #1323 ) ) ;
#961 = CARTESIAN_POINT ( 'NONE',  ( -21.16416273831721995, -16.41173927388289755, 8.432629785676512668 ) ) ;
#962 = LINE ( 'NONE', #2698, #1435 ) ;
#963 = CARTESIAN_POINT ( 'NONE',  ( -27.00000000000000355, 10.59999999999999076, 1.699999999999991518 ) ) ;
#964 = VERTEX_POINT ( 'NONE', #1816 ) ;
#965 = ORIENTED_EDGE ( 'NONE', *, *, #319, .T. ) ;
#966 = ORIENTED_EDGE ( 'NONE', *, *, #2776, .T. ) ;
#967 = CIRCLE ( 'NONE', #2855, 0.9999999999999994449 ) ;
#968 = EDGE_CURVE ( 'NONE', #996, #2774, #3013, .T. ) ;
#969 = CYLINDRICAL_SURFACE ( 'NONE', #3200, 1.000000000000000888 ) ;
#970 = ORIENTED_EDGE ( 'NONE', *, *, #1132, .T. ) ;
#971 = ORIENTED_EDGE ( 'NONE', *, *, #2550, .T. ) ;
#972 = ORIENTED_EDGE ( 'NONE', *, *, #1803, .T. ) ;
#973 = DIRECTION ( 'NONE',  ( -1.000000000000000000, -1.445602896647339163E-16, 0.000000000000000000 ) ) ;
#974 = AXIS2_PLACEMENT_3D ( 'NONE', #180, #2708, #1419 ) ;
#975 = LINE ( 'NONE', #2976, #1189 ) ;
#976 = CARTESIAN_POINT ( 'NONE',  ( 23.50000000000000000, 10.59999999999999964, 0.000000000000000000 ) ) ;
#977 = EDGE_LOOP ( 'NONE', ( #731, #2289, #1915, #1733 ) ) ;
#978 = VECTOR ( 'NONE', #1563, 1000.000000000000000 ) ;
#979 = CARTESIAN_POINT ( 'NONE',  ( 11.74999999999995381, 10.59999999999999787, -20.35159698893433600 ) ) ;
#980 = CARTESIAN_POINT ( 'NONE',  ( -23.13409268966136523, 22.02644230769231015, 6.388564426078553460 ) ) ;
#981 = DIRECTION ( 'NONE',  ( 0.9732762334499426293, 1.549339157150405050E-16, 0.2296374825708829559 ) ) ;
#982 = LINE ( 'NONE', #7, #1958 ) ;
#983 = ORIENTED_EDGE ( 'NONE', *, *, #2332, .T. ) ;
#984 = VERTEX_POINT ( 'NONE', #1063 ) ;
#985 = AXIS2_PLACEMENT_3D ( 'NONE', #1669, #1362, #901 ) ;
#986 = ORIENTED_EDGE ( 'NONE', *, *, #1132, .F. ) ;
#987 = CARTESIAN_POINT ( 'NONE',  ( 24.00000000000000355, -4.775640575312856050E-16, 0.000000000000000000 ) ) ;
#988 = ORIENTED_EDGE ( 'NONE', *, *, #157, .F. ) ;
#989 = EDGE_LOOP ( 'NONE', ( #1240, #2747, #1280, #2331 ) ) ;
#990 = CARTESIAN_POINT ( 'NONE',  ( -10.30870081495764090, -5.110468614976028731E-15, -21.67327126918527114 ) ) ;
#991 = ADVANCED_FACE ( 'NONE', ( #2337 ), #635, .T. ) ;
#992 = DIRECTION ( 'NONE',  ( -0.000000000000000000, 1.000000000000000000, 2.465190328815661892E-32 ) ) ;
#993 = CARTESIAN_POINT ( 'NONE',  ( 17.88495298426367341, -1.734723475976807489E-15, -14.11238768837265134 ) ) ;
#994 = EDGE_CURVE ( 'NONE', #3093, #1873, #346, .T. ) ;
#995 = FACE_OUTER_BOUND ( 'NONE', #1430, .T. ) ;
#996 = VERTEX_POINT ( 'NONE', #3098 ) ;
#997 = EDGE_CURVE ( 'NONE', #3154, #1079, #3177, .T. ) ;
#998 = EDGE_CURVE ( 'NONE', #832, #2945, #1801, .T. ) ;
#999 = DIRECTION ( 'NONE',  ( -0.000000000000000000, 1.000000000000000000, -0.000000000000000000 ) ) ;
#1000 = AXIS2_PLACEMENT_3D ( 'NONE', #2000, #1812, #2509 ) ;
#1001 = FACE_OUTER_BOUND ( 'NONE', #477, .T. ) ;
#1002 = CARTESIAN_POINT ( 'NONE',  ( 17.88495298426367341, -1.734723475976807094E-15, -14.11238768837265134 ) ) ;
#1003 = CARTESIAN_POINT ( 'NONE',  ( -19.55391846839934900, 10.59999999999999254, 13.91561254602868303 ) ) ;
#1004 = EDGE_LOOP ( 'NONE', ( #777, #2642, #434, #531 ) ) ;
#1005 = AXIS2_PLACEMENT_3D ( 'NONE', #3144, #2610, #598 ) ;
#1006 = ORIENTED_EDGE ( 'NONE', *, *, #471, .F. ) ;
#1007 = CARTESIAN_POINT ( 'NONE',  ( -23.50000000000000355, 10.59999999999999254, 0.000000000000000000 ) ) ;
#1008 = LINE ( 'NONE', #2, #2753 ) ;
#1009 = PLANE ( 'NONE',  #1985 ) ;
#1010 = ORIENTED_EDGE ( 'NONE', *, *, #1330, .T. ) ;
#1011 = FACE_OUTER_BOUND ( 'NONE', #977, .T. ) ;
#1012 = ADVANCED_FACE ( 'NONE', ( #366 ), #330, .T. ) ;
#1013 = CARTESIAN_POINT ( 'NONE',  ( -13.49999999999978506, 10.59999999999999432, 23.38268590217996490 ) ) ;
#1014 = CYLINDRICAL_SURFACE ( 'NONE', #2967, 24.00000000000000000 ) ;
#1015 = ORIENTED_EDGE ( 'NONE', *, *, #2152, .F. ) ;
#1016 = ORIENTED_EDGE ( 'NONE', *, *, #654, .F. ) ;
#1017 = CARTESIAN_POINT ( 'NONE',  ( 13.50000000000027178, -1.040834085586084257E-14, 25.08268590217968352 ) ) ;
#1018 = AXIS2_PLACEMENT_3D ( 'NONE', #132, #334, #2822 ) ;
#1019 = DIRECTION ( 'NONE',  ( 0.05714112891289823554, 0.000000000000000000, -0.9983661108964785313 ) ) ;
#1020 = ORIENTED_EDGE ( 'NONE', *, *, #2732, .T. ) ;
#1021 = VECTOR ( 'NONE', #1341, 1000.000000000000000 ) ;
#1022 = CARTESIAN_POINT ( 'NONE',  ( 17.09970543152833855, 22.02644230769231726, 16.84042974971126583 ) ) ;
#1023 = CARTESIAN_POINT ( 'NONE',  ( 23.13409268966149313, 22.02644230769231726, 6.388564426078092495 ) ) ;
#1024 = LINE ( 'NONE', #3008, #785 ) ;
#1025 = VECTOR ( 'NONE', #2059, 999.9999999999998863 ) ;
#1026 = EDGE_LOOP ( 'NONE', ( #1403, #2801, #503, #1558 ) ) ;
#1027 = EDGE_CURVE ( 'NONE', #904, #2132, #847, .T. ) ;
#1028 = FACE_OUTER_BOUND ( 'NONE', #2428, .T. ) ;
#1029 = VECTOR ( 'NONE', #1345, 1000.000000000000000 ) ;
#1030 = LINE ( 'NONE', #538, #756 ) ;
#1031 = EDGE_CURVE ( 'NONE', #3240, #1918, #1239, .T. ) ;
#1032 = AXIS2_PLACEMENT_3D ( 'NONE', #113, #387, #149 ) ;
#1033 = DIRECTION ( 'NONE',  ( 0.000000000000000000, 0.000000000000000000, 1.000000000000000000 ) ) ;
#1034 = ORIENTED_EDGE ( 'NONE', *, *, #1940, .T. ) ;
#1035 = ADVANCED_FACE ( 'NONE', ( #1095 ), #2098, .F. ) ;
#1036 = ORIENTED_EDGE ( 'NONE', *, *, #1626, .F. ) ;
#1037 = VECTOR ( 'NONE', #551, 1000.000000000000000 ) ;
#1038 = EDGE_CURVE ( 'NONE', #768, #2070, #1187, .T. ) ;
#1039 = AXIS2_PLACEMENT_3D ( 'NONE', #778, #3233, #2748 ) ;
#1040 = CALENDAR_DATE ( 2026, 26, 2 ) ;
#1041 = ORIENTED_EDGE ( 'NONE', *, *, #649, .F. ) ;
#1042 = LINE ( 'NONE', #1022, #3206 ) ;
#1043 = DIRECTION ( 'NONE',  ( -1.591880191770952510E-16, 1.000000000000000000, -0.000000000000000000 ) ) ;
#1044 = CARTESIAN_POINT ( 'NONE',  ( -22.77193679821816374, -16.56058306581548223, -0.6855100102924707173 ) ) ;
#1045 = EDGE_LOOP ( 'NONE', ( #2261, #2838, #342, #2695 ) ) ;
#1046 = DIRECTION ( 'NONE',  ( -1.000000000000000000, 0.000000000000000000, 0.000000000000000000 ) ) ;
#1047 = DIRECTION ( 'NONE',  ( -0.4496973862087516594, -7.158643613968839917E-17, -0.8931809787702696957 ) ) ;
#1048 = ORIENTED_EDGE ( 'NONE', *, *, #1746, .F. ) ;
#1049 = AXIS2_PLACEMENT_3D ( 'NONE', #416, #2903, #3174 ) ;
#1050 = CARTESIAN_POINT ( 'NONE',  ( -27.00000000000000355, 10.59999999999999076, 0.000000000000000000 ) ) ;
#1051 = ORIENTED_EDGE ( 'NONE', *, *, #610, .F. ) ;
#1052 = LOCAL_TIME ( 21, 23, 14.00000000000000000, #2826 ) ;
#1053 = CARTESIAN_POINT ( 'NONE',  ( -23.92395390970465385, 10.59999999999999254, -1.909038848826083434 ) ) ;
#1054 = DIRECTION ( 'NONE',  ( -1.591880191770952756E-16, 1.000000000000000000, 2.465190328815661892E-32 ) ) ;
#1055 = ORIENTED_EDGE ( 'NONE', *, *, #652, .T. ) ;
#1056 = ADVANCED_FACE ( 'NONE', ( #2661 ), #667, .T. ) ;
#1057 = ADVANCED_FACE ( 'NONE', ( #2432 ), #3148, .T. ) ;
#1058 = FACE_OUTER_BOUND ( 'NONE', #2338, .T. ) ;
#1059 = CARTESIAN_POINT ( 'NONE',  ( 3.279209754053823200, 10.59999999999999609, 22.54501747404893663 ) ) ;
#1060 = FACE_OUTER_BOUND ( 'NONE', #417, .T. ) ;
#1061 = VERTEX_POINT ( 'NONE', #419 ) ;
#1062 = LINE ( 'NONE', #1770, #1037 ) ;
#1063 = CARTESIAN_POINT ( 'NONE',  ( 4.629400899860828034, 10.59999999999999609, 22.30694234592947112 ) ) ;
#1064 = ORIENTED_EDGE ( 'NONE', *, *, #2632, .F. ) ;
#1065 = CARTESIAN_POINT ( 'NONE',  ( -4.629400899860379504, -16.52761471384491543, 22.30694234592957059 ) ) ;
#1066 = EDGE_LOOP ( 'NONE', ( #3184, #2754, #2095, #641 ) ) ;
#1067 = DIRECTION ( 'NONE',  ( -1.000000000000000000, -1.591880191770952756E-16, 0.000000000000000000 ) ) ;
#1068 = DIRECTION ( 'NONE',  ( 1.591880191770952510E-16, -1.000000000000000000, 0.000000000000000000 ) ) ;
#1069 = ORIENTED_EDGE ( 'NONE', *, *, #2569, .T. ) ;
#1070 = APPROVAL_ROLE ( '' ) ;
#1071 = EDGE_CURVE ( 'NONE', #2764, #793, #139, .T. ) ;
#1072 = CARTESIAN_POINT ( 'NONE',  ( 17.00204441329596605, 10.59999999999999787, -15.10550882763370417 ) ) ;
#1073 = DIRECTION ( 'NONE',  ( -1.000000000000000000, -1.445602896647339163E-16, 0.000000000000000000 ) ) ;
#1074 = ORIENTED_EDGE ( 'NONE', *, *, #1644, .T. ) ;
#1075 = CIRCLE ( 'NONE', #1339, 1.699999999999989742 ) ;
#1076 = CARTESIAN_POINT ( 'NONE',  ( 21.63307920226020542, -16.41173927388291887, 7.144292389382668418 ) ) ;
#1077 = AXIS2_PLACEMENT_3D ( 'NONE', #1965, #30, #3229 ) ;
#1078 = CARTESIAN_POINT ( 'NONE',  ( -17.00367830239938627, 10.59999999999999254, 15.16264995654672632 ) ) ;
#1079 = VERTEX_POINT ( 'NONE', #2710 ) ;
#1080 = CARTESIAN_POINT ( 'NONE',  ( 27.00000000000000000, 10.60000000000000142, 1.699999999999989742 ) ) ;
#1081 = AXIS2_PLACEMENT_3D ( 'NONE', #2688, #418, #3209 ) ;
#1082 = ORIENTED_EDGE ( 'NONE', *, *, #928, .F. ) ;
#1083 = AXIS2_PLACEMENT_3D ( 'NONE', #1115, #2103, #412 ) ;
#1084 = FACE_OUTER_BOUND ( 'NONE', #2987, .T. ) ;
#1085 = LINE ( 'NONE', #2356, #1696 ) ;
#1086 = AXIS2_PLACEMENT_3D ( 'NONE', #907, #2097, #2832 ) ;
#1087 = CIRCLE ( 'NONE', #2021, 1.699999999999986189 ) ;
#1088 = LINE ( 'NONE', #2076, #448 ) ;
#1089 = FACE_OUTER_BOUND ( 'NONE', #782, .T. ) ;
#1090 = ORIENTED_EDGE ( 'NONE', *, *, #2083, .F. ) ;
#1091 = DIRECTION ( 'NONE',  ( -0.2877662231574716345, -4.580893505051186037E-17, -0.9577006843527284818 ) ) ;
#1092 = EDGE_CURVE ( 'NONE', #241, #1473, #1952, .T. ) ;
#1093 = ADVANCED_FACE ( 'NONE', ( #1420 ), #1211, .T. ) ;
#1094 = DIRECTION ( 'NONE',  ( -1.000000000000000000, -1.445602896647339163E-16, 0.000000000000000000 ) ) ;
#1095 = FACE_OUTER_BOUND ( 'NONE', #3132, .T. ) ;
#1096 = ORIENTED_EDGE ( 'NONE', *, *, #1940, .F. ) ;
#1097 = ADVANCED_FACE ( 'NONE', ( #1901 ), #1703, .F. ) ;
#1098 = CARTESIAN_POINT ( 'NONE',  ( 10.30870081495777946, 22.02644230769231726, 21.67327126918520364 ) ) ;
#1099 = ORIENTED_EDGE ( 'NONE', *, *, #1610, .T. ) ;
#1100 = CIRCLE ( 'NONE', #1521, 1.000000000000000888 ) ;
#1101 = DIRECTION ( 'NONE',  ( -1.591880191770952510E-16, 1.000000000000000000, 2.465190328815661892E-32 ) ) ;
#1102 = CARTESIAN_POINT ( 'NONE',  ( -13.61525309474694012, 10.59999999999999432, 19.76423242035935601 ) ) ;
#1103 = ORIENTED_EDGE ( 'NONE', *, *, #260, .F. ) ;
#1104 = AXIS2_PLACEMENT_3D ( 'NONE', #1508, #1715, #2503 ) ;
#1105 = VECTOR ( 'NONE', #981, 1000.000000000000114 ) ;
#1106 = DATE_AND_TIME ( #1845, #2883 ) ;
#1107 = CARTESIAN_POINT ( 'NONE',  ( 1.818952717202896847E-15, 10.59999999999999609, 0.000000000000000000 ) ) ;
#1108 = DIRECTION ( 'NONE',  ( 0.7660444431189722403, 0.000000000000000000, -0.6427876096865462463 ) ) ;
#1109 = ORIENTED_EDGE ( 'NONE', *, *, #933, .F. ) ;
#1110 = DIRECTION ( 'NONE',  ( 0.2877662231574716345, 0.000000000000000000, 0.9577006843527284818 ) ) ;
#1111 = DIRECTION ( 'NONE',  ( 0.3951564175231501164, 0.000000000000000000, 0.9186138501515583865 ) ) ;
#1112 = DIRECTION ( 'NONE',  ( -1.000000000000000000, -1.445602896647339163E-16, 0.000000000000000000 ) ) ;
#1113 = ORIENTED_EDGE ( 'NONE', *, *, #2690, .T. ) ;
#1114 = ORIENTED_EDGE ( 'NONE', *, *, #134, .T. ) ;
#1115 = CARTESIAN_POINT ( 'NONE',  ( 1.818952717202896847E-15, 10.59999999999999609, 0.000000000000000000 ) ) ;
#1116 = ORIENTED_EDGE ( 'NONE', *, *, #391, .F. ) ;
#1117 = DIRECTION ( 'NONE',  ( -1.591880191770952510E-16, 1.000000000000000000, -0.000000000000000000 ) ) ;
#1118 = CARTESIAN_POINT ( 'NONE',  ( 17.09970543152811473, 10.59999999999999964, -16.84042974971149675 ) ) ;
#1119 = CARTESIAN_POINT ( 'NONE',  ( -21.16416273831733719, -16.41173927388291887, -8.432629785676228451 ) ) ;
#1120 = DIRECTION ( 'NONE',  ( -1.591880191770952510E-16, 1.000000000000000000, 0.000000000000000000 ) ) ;
#1121 = FACE_BOUND ( 'NONE', #1143, .T. ) ;
#1122 = ORIENTED_EDGE ( 'NONE', *, *, #2692, .F. ) ;
#1123 = CARTESIAN_POINT ( 'NONE',  ( -22.77193679821816730, -6.938893903907228378E-15, 0.6855100102924707173 ) ) ;
#1124 = CARTESIAN_POINT ( 'NONE',  ( -11.97963748257071614, 10.59999999999999432, 19.37832075548447719 ) ) ;
#1125 = CARTESIAN_POINT ( 'NONE',  ( -3.279209754053677539, -3.469446951953614189E-15, -22.54501747404896150 ) ) ;
#1126 = AXIS2_PLACEMENT_3D ( 'NONE', #424, #948, #1934 ) ;
#1127 = VERTEX_POINT ( 'NONE', #182 ) ;
#1128 = ADVANCED_FACE ( 'NONE', ( #3210 ), #942, .T. ) ;
#1129 = EDGE_LOOP ( 'NONE', ( #1302, #2968, #2574, #971 ) ) ;
#1130 = VECTOR ( 'NONE', #3062, 1000.000000000000000 ) ;
#1131 = LINE ( 'NONE', #1166, #2721 ) ;
#1132 = EDGE_CURVE ( 'NONE', #178, #2199, #1917, .T. ) ;
#1133 = DIRECTION ( 'NONE',  ( -1.591880191770952510E-16, 1.000000000000000000, -0.000000000000000000 ) ) ;
#1134 = VERTEX_POINT ( 'NONE', #1673 ) ;
#1135 = AXIS2_PLACEMENT_3D ( 'NONE', #1711, #2260, #2700 ) ;
#1136 = EDGE_CURVE ( 'NONE', #3082, #3199, #1930, .T. ) ;
#1137 = CARTESIAN_POINT ( 'NONE',  ( -4.080732175172946619, -16.52761471384491543, -23.14298219578687466 ) ) ;
#1138 = VECTOR ( 'NONE', #1805, 1000.000000000000000 ) ;
#1139 = LINE ( 'NONE', #2129, #1301 ) ;
#1140 = AXIS2_PLACEMENT_3D ( 'NONE', #1894, #1376, #427 ) ;
#1141 = DIRECTION ( 'NONE',  ( -1.591880191770952510E-16, 1.000000000000000000, -0.000000000000000000 ) ) ;
#1142 = DIRECTION ( 'NONE',  ( -1.000000000000000000, 0.000000000000000000, 0.000000000000000000 ) ) ;
#1143 = EDGE_LOOP ( 'NONE', ( #1351, #1235 ) ) ;
#1144 = DIRECTION ( 'NONE',  ( -1.591880191770953003E-16, 1.000000000000000000, 2.465190328815661892E-32 ) ) ;
#1145 = CIRCLE ( 'NONE', #1968, 24.00000000000000000 ) ;
#1146 = CARTESIAN_POINT ( 'NONE',  ( 13.49999999999994671, 10.59999999999999787, -23.38268590217987608 ) ) ;
#1147 = ORIENTED_EDGE ( 'NONE', *, *, #2433, .T. ) ;
#1148 = VERTEX_POINT ( 'NONE', #407 ) ;
#1149 = CARTESIAN_POINT ( 'NONE',  ( -21.16416273831722350, 10.59999999999999254, 8.432629785676512668 ) ) ;
#1150 = ORIENTED_EDGE ( 'NONE', *, *, #2792, .T. ) ;
#1151 = LOCAL_TIME ( 21, 23, 14.00000000000000000, #104 ) ;
#1152 = ADVANCED_FACE ( 'NONE', ( #1402 ), #165, .T. ) ;
#1153 = EDGE_CURVE ( 'NONE', #1768, #964, #2957, .T. ) ;
#1154 = ADVANCED_FACE ( 'NONE', ( #1944 ), #2169, .F. ) ;
#1155 = AXIS2_PLACEMENT_3D ( 'NONE', #2524, #805, #2828 ) ;
#1156 = DIRECTION ( 'NONE',  ( -0.6855100102924707173, -1.091249806645286015E-16, -0.7280632017818347013 ) ) ;
#1157 = DIRECTION ( 'NONE',  ( 0.2877662231574580343, 4.580893505050970333E-17, -0.9577006843527324786 ) ) ;
#1158 = ORIENTED_EDGE ( 'NONE', *, *, #1820, .T. ) ;
#1159 = DIRECTION ( 'NONE',  ( -1.591880191770952756E-16, 1.000000000000000000, 1.232595164407830946E-32 ) ) ;
#1160 = VECTOR ( 'NONE', #1623, 1000.000000000000114 ) ;
#1161 = FACE_OUTER_BOUND ( 'NONE', #23, .T. ) ;
#1162 = CARTESIAN_POINT ( 'NONE',  ( 3.506345720480106912E-15, -3.469446951953614189E-15, 0.000000000000000000 ) ) ;
#1163 = ORIENTED_EDGE ( 'NONE', *, *, #784, .T. ) ;
#1164 = VERTEX_POINT ( 'NONE', #2895 ) ;
#1165 = CARTESIAN_POINT ( 'NONE',  ( 1.818952717202896847E-15, 10.59999999999999609, 0.000000000000000000 ) ) ;
#1166 = CARTESIAN_POINT ( 'NONE',  ( -22.77193679821816730, -6.938893903907228378E-15, -0.6855100102924707173 ) ) ;
#1167 = CARTESIAN_POINT ( 'NONE',  ( 13.49999999999994671, -1.040834085586084257E-14, -25.08268590217987182 ) ) ;
#1168 = ORIENTED_EDGE ( 'NONE', *, *, #2425, .F. ) ;
#1169 = CARTESIAN_POINT ( 'NONE',  ( 21.16416273831728034, -16.41173927388289755, -8.432629785676370560 ) ) ;
#1170 = LINE ( 'NONE', #2359, #1453 ) ;
#1171 = ADVANCED_FACE ( 'NONE', ( #650 ), #2449, .F. ) ;
#1172 = CARTESIAN_POINT ( 'NONE',  ( 22.77193679821816730, -16.56058306581548223, 0.6855100102924707173 ) ) ;
#1173 = LINE ( 'NONE', #2164, #2833 ) ;
#1174 = ORIENTED_EDGE ( 'NONE', *, *, #2669, .T. ) ;
#1175 = CARTESIAN_POINT ( 'NONE',  ( 4.629400899860535823, -16.52761471384491543, -22.30694234592953507 ) ) ;
#1176 = EDGE_CURVE ( 'NONE', #1561, #858, #442, .T. ) ;
#1177 = DIRECTION ( 'NONE',  ( -0.05714112891291166924, 7.037038519939019206E-17, -0.9983661108964777542 ) ) ;
#1178 = EDGE_CURVE ( 'NONE', #439, #2307, #2482, .T. ) ;
#1179 = CARTESIAN_POINT ( 'NONE',  ( -23.13409268966145049, -7.177837267724744102E-15, -6.388564426078245262 ) ) ;
#1180 = VERTEX_POINT ( 'NONE', #744 ) ;
#1181 = ORIENTED_EDGE ( 'NONE', *, *, #997, .F. ) ;
#1182 = VECTOR ( 'NONE', #1455, 1000.000000000000000 ) ;
#1183 = CARTESIAN_POINT ( 'NONE',  ( -4.629400899860681484, -3.469446951953613794E-15, -22.30694234592950309 ) ) ;
#1184 = CARTESIAN_POINT ( 'NONE',  ( -21.16416273831733719, -16.41173927388291887, -8.432629785676228451 ) ) ;
#1185 = AXIS2_PLACEMENT_3D ( 'NONE', #1560, #377, #1370 ) ;
#1186 = ORIENTED_EDGE ( 'NONE', *, *, #40, .F. ) ;
#1187 = CIRCLE ( 'NONE', #3069, 1.000000000000000000 ) ;
#1188 = CYLINDRICAL_SURFACE ( 'NONE', #1863, 1.000000000000000000 ) ;
#1189 = VECTOR ( 'NONE', #1478, 1000.000000000000000 ) ;
#1190 = CARTESIAN_POINT ( 'NONE',  ( -13.49999999999978506, 10.59999999999999432, 23.38268590217996490 ) ) ;
#1191 = DIRECTION ( 'NONE',  ( -1.591880191770952510E-16, 1.000000000000000000, 0.000000000000000000 ) ) ;
#1192 = VECTOR ( 'NONE', #2406, 1000.000000000000000 ) ;
#1193 = ORIENTED_EDGE ( 'NONE', *, *, #3011, .F. ) ;
#1194 = ORIENTED_EDGE ( 'NONE', *, *, #1176, .T. ) ;
#1195 = LINE ( 'NONE', #2974, #2697 ) ;
#1196 = DIRECTION ( 'NONE',  ( -0.000000000000000000, 1.000000000000000000, -0.000000000000000000 ) ) ;
#1197 = DIRECTION ( 'NONE',  ( -1.591880191770952510E-16, 1.000000000000000000, 0.000000000000000000 ) ) ;
#1198 = ORIENTED_EDGE ( 'NONE', *, *, #1900, .F. ) ;
#1199 = VECTOR ( 'NONE', #3012, 1000.000000000000000 ) ;
#1200 = ORIENTED_EDGE ( 'NONE', *, *, #2487, .T. ) ;
#1201 = EDGE_CURVE ( 'NONE', #2189, #1356, #191, .T. ) ;
#1202 = CARTESIAN_POINT ( 'NONE',  ( 0.000000000000000000, 22.02644230769231370, 0.000000000000000000 ) ) ;
#1203 = CARTESIAN_POINT ( 'NONE',  ( -11.74999999999981171, -6.938893903907228378E-15, 20.35159698893441771 ) ) ;
#1204 = ORIENTED_EDGE ( 'NONE', *, *, #2436, .F. ) ;
#1205 = PRODUCT ( 'InRunnerRingGear', 'InRunnerRingGear', '', ( #2043 ) ) ;
#1206 = VECTOR ( 'NONE', #1427, 1000.000000000000000 ) ;
#1207 = CYLINDRICAL_SURFACE ( 'NONE', #2027, 1.000000000000000888 ) ;
#1208 = ORIENTED_EDGE ( 'NONE', *, *, #1779, .T. ) ;
#1209 = ORIENTED_EDGE ( 'NONE', *, *, #3156, .T. ) ;
#1210 = CYLINDRICAL_SURFACE ( 'NONE', #1081, 1.699999999999993072 ) ;
#1211 = CYLINDRICAL_SURFACE ( 'NONE', #2058, 1.000000000000000888 ) ;
#1212 = CARTESIAN_POINT ( 'NONE',  ( -10.79229931564708345, -6.938893903907228378E-15, 20.06383076577693814 ) ) ;
#1213 = ORIENTED_EDGE ( 'NONE', *, *, #933, .T. ) ;
#1214 = DIRECTION ( 'NONE',  ( -1.000000000000000000, -1.591880191770952756E-16, 0.000000000000000000 ) ) ;
#1215 = DIRECTION ( 'NONE',  ( -1.000000000000000000, -1.591880191770955715E-16, 3.469446951953611033E-15 ) ) ;
#1216 = ADVANCED_FACE ( 'NONE', ( #2762 ), #2523, .F. ) ;
#1217 = EDGE_CURVE ( 'NONE', #1732, #188, #1008, .T. ) ;
#1218 = DIRECTION ( 'NONE',  ( 1.591880191770952510E-16, -1.000000000000000000, 0.000000000000000000 ) ) ;
#1219 = ORIENTED_EDGE ( 'NONE', *, *, #2644, .F. ) ;
#1220 = ORIENTED_EDGE ( 'NONE', *, *, #3015, .F. ) ;
#1221 = CARTESIAN_POINT ( 'NONE',  ( 10.30870081495778479, 10.59999999999999787, 21.67327126918520719 ) ) ;
#1222 = FACE_OUTER_BOUND ( 'NONE', #2896, .T. ) ;
#1223 = ORIENTED_EDGE ( 'NONE', *, *, #219, .F. ) ;
#1224 = ORIENTED_EDGE ( 'NONE', *, *, #2666, .F. ) ;
#1225 = ORIENTED_EDGE ( 'NONE', *, *, #2126, .F. ) ;
#1226 = DIRECTION ( 'NONE',  ( -1.591880191770952510E-16, 1.000000000000000000, -0.000000000000000000 ) ) ;
#1227 = DIRECTION ( 'NONE',  ( -0.9732762334499378554, -7.546734739046011178E-17, 0.2296374825709033562 ) ) ;
#1228 = LINE ( 'NONE', #1463, #945 ) ;
#1229 = ORIENTED_EDGE ( 'NONE', *, *, #240, .F. ) ;
#1230 = DIRECTION ( 'NONE',  ( -1.000000000000000000, -1.445602896647339163E-16, 0.000000000000000000 ) ) ;
#1231 = DIRECTION ( 'NONE',  ( 0.1170914290322852130, 1.863955265026494605E-17, -0.9931211392610558297 ) ) ;
#1232 = DIRECTION ( 'NONE',  ( -0.9732762334499411860, -1.549339157150402584E-16, -0.2296374825708897838 ) ) ;
#1233 = LINE ( 'NONE', #963, #148 ) ;
#1234 = ORIENTED_EDGE ( 'NONE', *, *, #1411, .T. ) ;
#1235 = ORIENTED_EDGE ( 'NONE', *, *, #1864, .T. ) ;
#1236 = ORIENTED_EDGE ( 'NONE', *, *, #544, .F. ) ;
#1237 = AXIS2_PLACEMENT_3D ( 'NONE', #1262, #795, #1248 ) ;
#1238 = ADVANCED_FACE ( 'NONE', ( #48 ), #518, .F. ) ;
#1239 = CIRCLE ( 'NONE', #2694, 24.00000000000000000 ) ;
#1240 = ORIENTED_EDGE ( 'NONE', *, *, #2025, .F. ) ;
#1241 = DIRECTION ( 'NONE',  ( 1.591880191770952510E-16, -1.000000000000000000, 0.000000000000000000 ) ) ;
#1242 = VECTOR ( 'NONE', #1318, 1000.000000000000000 ) ;
#1243 = VECTOR ( 'NONE', #1068, 1000.000000000000000 ) ;
#1244 = DIRECTION ( 'NONE',  ( -1.000000000000000000, -1.445602896647339163E-16, 0.000000000000000000 ) ) ;
#1245 = CARTESIAN_POINT ( 'NONE',  ( 17.00204441329617211, -15.10922134489271329, 15.10550882763346081 ) ) ;
#1246 = ORIENTED_EDGE ( 'NONE', *, *, #2423, .F. ) ;
#1247 = LINE ( 'NONE', #2257, #1757 ) ;
#1248 = DIRECTION ( 'NONE',  ( -1.000000000000000000, 0.000000000000000000, 0.000000000000000000 ) ) ;
#1249 = VECTOR ( 'NONE', #2713, 1000.000000000000000 ) ;
#1250 = CARTESIAN_POINT ( 'NONE',  ( 10.79229931564722555, 10.59999999999999787, -20.06383076577686353 ) ) ;
#1251 = ORIENTED_EDGE ( 'NONE', *, *, #2837, .T. ) ;
#1252 = EDGE_LOOP ( 'NONE', ( #2919, #806, #1645, #2212 ) ) ;
#1253 = CARTESIAN_POINT ( 'NONE',  ( 3.506345720480106912E-15, -3.469446951953614189E-15, 0.000000000000000000 ) ) ;
#1254 = ORIENTED_EDGE ( 'NONE', *, *, #1038, .T. ) ;
#1255 = CC_DESIGN_PERSON_AND_ORGANIZATION_ASSIGNMENT ( #1588, #2807, ( #2609 ) ) ;
#1256 = DIRECTION ( 'NONE',  ( 1.000000000000000000, 0.000000000000000000, 0.000000000000000000 ) ) ;
#1257 = DIRECTION ( 'NONE',  ( -1.591880191770953003E-16, 1.000000000000000000, 0.000000000000000000 ) ) ;
#1258 = CARTESIAN_POINT ( 'NONE',  ( 21.63307920226009884, -16.41173927388289755, -7.144292389382956188 ) ) ;
#1259 = EDGE_LOOP ( 'NONE', ( #1737, #2401, #788, #1688 ) ) ;
#1260 = AXIS2_PLACEMENT_3D ( 'NONE', #1441, #444, #2675 ) ;
#1261 = DIRECTION ( 'NONE',  ( -0.3951564175231377374, -1.423707356952051937E-16, 0.9186138501515637156 ) ) ;
#1262 = CARTESIAN_POINT ( 'NONE',  ( 11.74999999999995737, -15.94240911860694787, -20.35159698893433600 ) ) ;
#1263 = DIRECTION ( 'NONE',  ( -1.000000000000000000, -1.445602896647339163E-16, 0.000000000000000000 ) ) ;
#1264 = ORIENTED_EDGE ( 'NONE', *, *, #906, .T. ) ;
#1265 = VECTOR ( 'NONE', #614, 1000.000000000000000 ) ;
#1266 = ORIENTED_EDGE ( 'NONE', *, *, #17, .T. ) ;
#1267 = FACE_OUTER_BOUND ( 'NONE', #844, .T. ) ;
#1268 =( NAMED_UNIT ( * ) SI_UNIT ( $, .STERADIAN. ) SOLID_ANGLE_UNIT ( ) );
#1269 = ADVANCED_FACE ( 'NONE', ( #1988 ), #280, .T. ) ;
#1270 = ADVANCED_FACE ( 'NONE', ( #2460 ), #1271, .T. ) ;
#1271 = PLANE ( 'NONE',  #1791 ) ;
#1272 = CARTESIAN_POINT ( 'NONE',  ( -6.034387258133049770, -4.430049106523317659E-15, 23.22899417578991077 ) ) ;
#1273 = ORIENTED_EDGE ( 'NONE', *, *, #3140, .T. ) ;
#1274 = EDGE_CURVE ( 'NONE', #880, #3084, #810, .T. ) ;
#1275 = DIRECTION ( 'NONE',  ( 0.000000000000000000, 0.000000000000000000, 1.000000000000000000 ) ) ;
#1276 = EDGE_CURVE ( 'NONE', #1873, #129, #2745, .T. ) ;
#1277 = LINE ( 'NONE', #1756, #550 ) ;
#1278 = LINE ( 'NONE', #2852, #2339 ) ;
#1279 = ORIENTED_EDGE ( 'NONE', *, *, #2081, .T. ) ;
#1280 = ORIENTED_EDGE ( 'NONE', *, *, #1031, .T. ) ;
#1281 = LINE ( 'NONE', #102, #2375 ) ;
#1282 = CIRCLE ( 'NONE', #2170, 1.000000000000000888 ) ;
#1283 = COORDINATED_UNIVERSAL_TIME_OFFSET ( 8, 0, .AHEAD. ) ;
#1284 = ORIENTED_EDGE ( 'NONE', *, *, #854, .T. ) ;
#1285 = VERTEX_POINT ( 'NONE', #2237 ) ;
#1286 = VECTOR ( 'NONE', #2317, 1000.000000000000114 ) ;
#1287 = LINE ( 'NONE', #2029, #814 ) ;
#1288 = DIRECTION ( 'NONE',  ( -0.9396926207859082059, 0.000000000000000000, 0.3420201433256693790 ) ) ;
#1289 = VECTOR ( 'NONE', #89, 1000.000000000000227 ) ;
#1290 = VERTEX_POINT ( 'NONE', #231 ) ;
#1291 = DIRECTION ( 'NONE',  ( -1.591880191770952756E-16, 1.000000000000000000, -6.162975822039154730E-33 ) ) ;
#1292 = AXIS2_PLACEMENT_3D ( 'NONE', #352, #1054, #1842 ) ;
#1293 = CARTESIAN_POINT ( 'NONE',  ( -22.77193679821816730, -6.938893903907228378E-15, -0.6855100102924707173 ) ) ;
#1294 = EDGE_LOOP ( 'NONE', ( #2966, #347, #1147, #3205, #1174, #524, #2876, #2861, #3060, #2542, #1716, #1973, #2156, #446, #497, #2730, #137, #1806, #1266, #1830, #1344, #1034, #1254, #1464, #166, #3193, #3134, #328, #1236, #2626, #2473, #2676, #1995, #651, #1890, #1010, #378, #2052, #368, #1444, #1893, #195, #1602, #2829, #316, #313, #254, #2078, #272, #2462, #1877, #604, #694, #1069, #972, #1759, #2402, #2813, #2225, #3002, #754, #2866, #1366, #1671, #1529, #2417, #3188, #211, #2819, #1928, #1484, #207, #946, #2041, #1592, #2379, #2888 ) ) ;
#1295 = CIRCLE ( 'NONE', #2759, 1.000000000000000888 ) ;
#1296 = ADVANCED_FACE ( 'NONE', ( #1766 ), #2015, .T. ) ;
#1297 = ORIENTED_EDGE ( 'NONE', *, *, #1527, .F. ) ;
#1298 = VECTOR ( 'NONE', #827, 1000.000000000000000 ) ;
#1299 = DIRECTION ( 'NONE',  ( -1.591880191770952510E-16, 1.000000000000000000, -0.000000000000000000 ) ) ;
#1300 = LINE ( 'NONE', #336, #1029 ) ;
#1301 = VECTOR ( 'NONE', #3142, 1000.000000000000114 ) ;
#1302 = ORIENTED_EDGE ( 'NONE', *, *, #2592, .F. ) ;
#1303 = SECURITY_CLASSIFICATION_LEVEL ( 'unclassified' ) ;
#1304 = CARTESIAN_POINT ( 'NONE',  ( 19.55391846839962966, 22.02644230769231726, 13.91561254602828512 ) ) ;
#1305 = CARTESIAN_POINT ( 'NONE',  ( -11.97963748257098437, -6.938893903907228378E-15, -19.37832075548431376 ) ) ;
#1306 = VERTEX_POINT ( 'NONE', #993 ) ;
#1307 = CYLINDRICAL_SURFACE ( 'NONE', #2867, 1.000000000000000000 ) ;
#1308 = CARTESIAN_POINT ( 'NONE',  ( 22.08277658846895264, 0.000000000000000000, 8.037473368152937780 ) ) ;
#1309 = EDGE_LOOP ( 'NONE', ( #2456, #2942, #1380, #2468 ) ) ;
#1310 =( GEOMETRIC_REPRESENTATION_CONTEXT ( 3 ) GLOBAL_UNCERTAINTY_ASSIGNED_CONTEXT ( ( #1976 ) ) GLOBAL_UNIT_ASSIGNED_CONTEXT ( ( #1941, #1523, #1268 ) ) REPRESENTATION_CONTEXT ( 'NONE', 'WORKASPACE' ) );
#1311 = CARTESIAN_POINT ( 'NONE',  ( -22.08277658846890290, 10.59999999999999254, -8.037473368153081665 ) ) ;
#1312 = ORIENTED_EDGE ( 'NONE', *, *, #1449, .F. ) ;
#1313 = AXIS2_PLACEMENT_3D ( 'NONE', #2014, #2810, #2761 ) ;
#1314 = EDGE_CURVE ( 'NONE', #819, #1325, #2993, .T. ) ;
#1315 = ADVANCED_FACE ( 'NONE', ( #292 ), #2281, .T. ) ;
#1316 = DIRECTION ( 'NONE',  ( -1.591880191770952510E-16, 1.000000000000000000, 0.000000000000000000 ) ) ;
#1317 = CARTESIAN_POINT ( 'NONE',  ( 17.00367830239948930, 10.59999999999999964, -15.16264995654660908 ) ) ;
#1318 = DIRECTION ( 'NONE',  ( -0.000000000000000000, 1.000000000000000000, -2.465190328815661892E-32 ) ) ;
#1319 = CARTESIAN_POINT ( 'NONE',  ( 17.88495298426386526, 10.59999999999999964, 14.11238768837240620 ) ) ;
#1320 = ORIENTED_EDGE ( 'NONE', *, *, #3116, .F. ) ;
#1321 = CARTESIAN_POINT ( 'NONE',  ( 21.63307920226020187, 10.59999999999999964, 7.144292389382668418 ) ) ;
#1322 = DIRECTION ( 'NONE',  ( 0.000000000000000000, 0.000000000000000000, 1.000000000000000000 ) ) ;
#1323 = ORIENTED_EDGE ( 'NONE', *, *, #17, .F. ) ;
#1324 = DIRECTION ( 'NONE',  ( -1.000000000000000000, -1.591880191770955715E-16, 0.000000000000000000 ) ) ;
#1325 = VERTEX_POINT ( 'NONE', #534 ) ;
#1326 = DIRECTION ( 'NONE',  ( -1.591880191770952756E-16, 1.000000000000000000, 2.465190328815661892E-32 ) ) ;
#1327 = DIRECTION ( 'NONE',  ( -1.000000000000000000, -1.445602896647339163E-16, 0.000000000000000000 ) ) ;
#1328 = CARTESIAN_POINT ( 'NONE',  ( -13.61525309474694190, 22.02644230769231015, 19.76423242035935601 ) ) ;
#1329 = ORIENTED_EDGE ( 'NONE', *, *, #490, .F. ) ;
#1330 = EDGE_CURVE ( 'NONE', #2387, #1785, #1526, .T. ) ;
#1331 = APPROVAL_DATE_TIME ( #801, #2452 ) ;
#1332 = EDGE_CURVE ( 'NONE', #2786, #938, #1287, .T. ) ;
#1333 = EDGE_CURVE ( 'NONE', #1428, #1180, #975, .T. ) ;
#1334 = EDGE_CURVE ( 'NONE', #324, #2725, #3075, .T. ) ;
#1335 = DIRECTION ( 'NONE',  ( -0.5979647217379080448, -1.572225126666086965E-17, 0.8015224211192760739 ) ) ;
#1336 = CARTESIAN_POINT ( 'NONE',  ( 11.97963748257085292, -15.94240911860694787, -19.37832075548439548 ) ) ;
#1337 = ORIENTED_EDGE ( 'NONE', *, *, #968, .T. ) ;
#1338 = CARTESIAN_POINT ( 'NONE',  ( 21.82823320828186908, 5.346254608467086865E-18, -9.976383864149406477 ) ) ;
#1339 = AXIS2_PLACEMENT_3D ( 'NONE', #2120, #3136, #881 ) ;
#1340 = CARTESIAN_POINT ( 'NONE',  ( 13.61525309474707512, 22.02644230769231726, -19.76423242035926009 ) ) ;
#1341 = DIRECTION ( 'NONE',  ( 1.591880191770952510E-16, -1.000000000000000000, 0.000000000000000000 ) ) ;
#1342 = EDGE_LOOP ( 'NONE', ( #746, #515, #3239, #237 ) ) ;
#1343 = CARTESIAN_POINT ( 'NONE',  ( -18.00204441329585947, -6.938893903907228378E-15, 15.10550882763382852 ) ) ;
#1344 = ORIENTED_EDGE ( 'NONE', *, *, #1504, .F. ) ;
#1345 = DIRECTION ( 'NONE',  ( -1.591880191770952510E-16, 1.000000000000000000, 2.465190328815661892E-32 ) ) ;
#1346 = ORIENTED_EDGE ( 'NONE', *, *, #225, .T. ) ;
#1347 = VECTOR ( 'NONE', #2192, 1000.000000000000000 ) ;
#1348 = DIRECTION ( 'NONE',  ( 0.8931809787702786885, 1.421837107770998002E-16, 0.4496973862087337293 ) ) ;
#1349 = EDGE_CURVE ( 'NONE', #2825, #900, #311, .T. ) ;
#1350 = LINE ( 'NONE', #2875, #1825 ) ;
#1351 = ORIENTED_EDGE ( 'NONE', *, *, #1664, .T. ) ;
#1352 = CARTESIAN_POINT ( 'NONE',  ( -21.63307920226015568, -6.938893903907228378E-15, -7.144292389382810526 ) ) ;
#1353 = LINE ( 'NONE', #96, #923 ) ;
#1354 = DIRECTION ( 'NONE',  ( -1.591880191770952510E-16, 1.000000000000000000, -0.000000000000000000 ) ) ;
#1355 = ORIENTED_EDGE ( 'NONE', *, *, #1738, .T. ) ;
#1356 = VERTEX_POINT ( 'NONE', #123 ) ;
#1357 = CIRCLE ( 'NONE', #1511, 24.00000000000000000 ) ;
#1358 = DIRECTION ( 'NONE',  ( -1.591880191770952510E-16, 1.000000000000000000, -0.000000000000000000 ) ) ;
#1359 = VERTEX_POINT ( 'NONE', #1072 ) ;
#1360 = AXIS2_PLACEMENT_3D ( 'NONE', #31, #2016, #3045 ) ;
#1361 = EDGE_CURVE ( 'NONE', #678, #2971, #2791, .T. ) ;
#1362 = DIRECTION ( 'NONE',  ( -1.591880191770952756E-16, 1.000000000000000000, -6.162975822039154730E-33 ) ) ;
#1363 = ADVANCED_FACE ( 'NONE', ( #108 ), #2360, .F. ) ;
#1364 = CARTESIAN_POINT ( 'NONE',  ( 3.506345720480106912E-15, -3.469446951953614189E-15, 0.000000000000000000 ) ) ;
#1365 = CARTESIAN_POINT ( 'NONE',  ( 21.16416273831728034, -16.41173927388289755, -8.432629785676370560 ) ) ;
#1366 = ORIENTED_EDGE ( 'NONE', *, *, #415, .T. ) ;
#1367 = EDGE_CURVE ( 'NONE', #996, #2668, #2827, .T. ) ;
#1368 = DIRECTION ( 'NONE',  ( -1.591880191770952510E-16, 1.000000000000000000, -0.000000000000000000 ) ) ;
#1369 = EDGE_CURVE ( 'NONE', #900, #951, #1539, .T. ) ;
#1370 = DIRECTION ( 'NONE',  ( -1.000000000000000000, -1.591880191770952756E-16, 0.000000000000000000 ) ) ;
#1371 = ORIENTED_EDGE ( 'NONE', *, *, #2778, .F. ) ;
#1372 = EDGE_CURVE ( 'NONE', #278, #2085, #249, .T. ) ;
#1373 = EDGE_LOOP ( 'NONE', ( #3131, #3027, #32, #1618 ) ) ;
#1374 = DIRECTION ( 'NONE',  ( -1.591880191770952510E-16, 1.000000000000000000, -0.000000000000000000 ) ) ;
#1375 = ORIENTED_EDGE ( 'NONE', *, *, #2433, .F. ) ;
#1376 = DIRECTION ( 'NONE',  ( -1.591880191770952510E-16, 1.000000000000000000, -0.000000000000000000 ) ) ;
#1377 = CARTESIAN_POINT ( 'NONE',  ( 23.13409268966141497, 10.59999999999999964, -6.388564426078390923 ) ) ;
#1378 = DIRECTION ( 'NONE',  ( 0.000000000000000000, 0.000000000000000000, 1.000000000000000000 ) ) ;
#1379 = DIRECTION ( 'NONE',  ( -0.8360398498573670123, -1.330875276519103880E-16, 0.5486687246877401947 ) ) ;
#1380 = ORIENTED_EDGE ( 'NONE', *, *, #1667, .F. ) ;
#1381 = CARTESIAN_POINT ( 'NONE',  ( -22.77193679821816730, 10.59999999999999254, -0.6855100102924707173 ) ) ;
#1382 = DIRECTION ( 'NONE',  ( -1.591880191770952510E-16, 1.000000000000000000, 2.465190328815661892E-32 ) ) ;
#1383 = AXIS2_PLACEMENT_3D ( 'NONE', #639, #1633, #1584 ) ;
#1384 = VERTEX_POINT ( 'NONE', #582 ) ;
#1385 = ORIENTED_EDGE ( 'NONE', *, *, #1369, .F. ) ;
#1386 = AXIS2_PLACEMENT_3D ( 'NONE', #2384, #712, #433 ) ;
#1387 = CARTESIAN_POINT ( 'NONE',  ( -13.50000000000011191, 10.59999999999999432, -21.68268590217979508 ) ) ;
#1388 = EDGE_CURVE ( 'NONE', #2774, #1953, #803, .T. ) ;
#1389 = VECTOR ( 'NONE', #75, 1000.000000000000000 ) ;
#1390 = LINE ( 'NONE', #155, #1192 ) ;
#1391 = ORIENTED_EDGE ( 'NONE', *, *, #2709, .F. ) ;
#1392 = ADVANCED_FACE ( 'NONE', ( #1574 ), #340, .T. ) ;
#1393 = CIRCLE ( 'NONE', #3237, 1.699999999999986189 ) ;
#1394 = CARTESIAN_POINT ( 'NONE',  ( 27.00000000000000000, 10.59999999999999964, 0.000000000000000000 ) ) ;
#1395 = CIRCLE ( 'NONE', #1804, 1.699999999999989742 ) ;
#1396 = CIRCLE ( 'NONE', #1964, 1.699999999999996625 ) ;
#1397 = LINE ( 'NONE', #383, #2718 ) ;
#1398 = FACE_BOUND ( 'NONE', #131, .T. ) ;
#1399 = ORIENTED_EDGE ( 'NONE', *, *, #1333, .T. ) ;
#1400 = CIRCLE ( 'NONE', #720, 1.000000000000000888 ) ;
#1401 = LINE ( 'NONE', #2399, #2231 ) ;
#1402 = FACE_OUTER_BOUND ( 'NONE', #392, .T. ) ;
#1403 = ORIENTED_EDGE ( 'NONE', *, *, #56, .F. ) ;
#1404 = ORIENTED_EDGE ( 'NONE', *, *, #1726, .T. ) ;
#1405 = LINE ( 'NONE', #1466, #2749 ) ;
#1406 = EDGE_CURVE ( 'NONE', #2679, #475, #2811, .T. ) ;
#1407 = DIRECTION ( 'NONE',  ( -1.000000000000000000, -1.591880191770951770E-16, 1.214306433183763862E-14 ) ) ;
#1408 = ORIENTED_EDGE ( 'NONE', *, *, #322, .F. ) ;
#1409 = AXIS2_PLACEMENT_3D ( 'NONE', #987, #1191, #2723 ) ;
#1410 = EDGE_CURVE ( 'NONE', #1290, #1822, #2328, .T. ) ;
#1411 = EDGE_CURVE ( 'NONE', #3001, #2470, #3234, .T. ) ;
#1412 = EDGE_CURVE ( 'NONE', #1933, #724, #567, .T. ) ;
#1413 = DIRECTION ( 'NONE',  ( -0.000000000000000000, 1.000000000000000000, -0.000000000000000000 ) ) ;
#1414 = CIRCLE ( 'NONE', #2986, 30.00000000000000000 ) ;
#1415 = VECTOR ( 'NONE', #1232, 999.9999999999998863 ) ;
#1416 = LINE ( 'NONE', #1172, #838 ) ;
#1417 = PLANE ( 'NONE',  #1409 ) ;
#1418 = ORIENTED_EDGE ( 'NONE', *, *, #968, .F. ) ;
#1419 = DIRECTION ( 'NONE',  ( 0.000000000000000000, 0.000000000000000000, 1.000000000000000000 ) ) ;
#1420 = FACE_OUTER_BOUND ( 'NONE', #1259, .T. ) ;
#1421 = VERTEX_POINT ( 'NONE', #2093 ) ;
#1422 = VERTEX_POINT ( 'NONE', #3058 ) ;
#1423 = CARTESIAN_POINT ( 'NONE',  ( 22.08277658846884250, 0.000000000000000000, -8.037473368153230879 ) ) ;
#1424 = CARTESIAN_POINT ( 'NONE',  ( -27.00000000000000355, 10.59999999999999254, 0.000000000000000000 ) ) ;
#1425 = ORIENTED_EDGE ( 'NONE', *, *, #1027, .T. ) ;
#1426 = DIRECTION ( 'NONE',  ( -0.5979647217379240320, 0.000000000000000000, -0.8015224211192641945 ) ) ;
#1427 = DIRECTION ( 'NONE',  ( -1.591880191770952510E-16, 1.000000000000000000, -0.000000000000000000 ) ) ;
#1428 = VERTEX_POINT ( 'NONE', #1828 ) ;
#1429 = EDGE_CURVE ( 'NONE', #2847, #2548, #1847, .T. ) ;
#1430 = EDGE_LOOP ( 'NONE', ( #1016, #2959, #1835, #2458 ) ) ;
#1431 = LINE ( 'NONE', #2415, #86 ) ;
#1432 = CARTESIAN_POINT ( 'NONE',  ( 22.08277658846895619, -16.41173927388291887, 8.037473368152937780 ) ) ;
#1433 = VERTEX_POINT ( 'NONE', #2108 ) ;
#1434 = LINE ( 'NONE', #2205, #409 ) ;
#1435 = VECTOR ( 'NONE', #457, 1000.000000000000000 ) ;
#1436 = CARTESIAN_POINT ( 'NONE',  ( -13.49999999999978506, 10.59999999999999432, 25.08268590217995708 ) ) ;
#1437 = CYLINDRICAL_SURFACE ( 'NONE', #2699, 1.699999999999993072 ) ;
#1438 = AXIS2_PLACEMENT_3D ( 'NONE', #2476, #791, #14 ) ;
#1439 = EDGE_LOOP ( 'NONE', ( #85, #2315, #1597, #605 ) ) ;
#1440 = AXIS2_PLACEMENT_3D ( 'NONE', #2475, #1718, #922 ) ;
#1441 = CARTESIAN_POINT ( 'NONE',  ( 13.49999999999994671, -1.040834085586084257E-14, -23.38268590217987608 ) ) ;
#1442 = FACE_OUTER_BOUND ( 'NONE', #1342, .T. ) ;
#1443 = CIRCLE ( 'NONE', #1754, 1.699999999999989742 ) ;
#1444 = ORIENTED_EDGE ( 'NONE', *, *, #2843, .T. ) ;
#1445 = ORIENTED_EDGE ( 'NONE', *, *, #1372, .T. ) ;
#1446 = DIRECTION ( 'NONE',  ( -1.591880191770952510E-16, 1.000000000000000000, -0.000000000000000000 ) ) ;
#1447 = CIRCLE ( 'NONE', #1500, 1.699999999999986189 ) ;
#1448 = EDGE_CURVE ( 'NONE', #559, #1325, #1088, .T. ) ;
#1449 = EDGE_CURVE ( 'NONE', #283, #431, #1590, .T. ) ;
#1450 = DIRECTION ( 'NONE',  ( 0.000000000000000000, 0.000000000000000000, 1.000000000000000000 ) ) ;
#1451 = DIRECTION ( 'NONE',  ( -0.000000000000000000, 1.000000000000000000, 2.465190328815661892E-32 ) ) ;
#1452 = VERTEX_POINT ( 'NONE', #613 ) ;
#1453 = VECTOR ( 'NONE', #1927, 1000.000000000000114 ) ;
#1454 = CARTESIAN_POINT ( 'NONE',  ( -27.00000000000000355, 10.59999999999999254, 0.000000000000000000 ) ) ;
#1455 = DIRECTION ( 'NONE',  ( -1.591880191770952510E-16, 1.000000000000000000, -0.000000000000000000 ) ) ;
#1456 = PLANE ( 'NONE',  #2916 ) ;
#1457 = VERTEX_POINT ( 'NONE', #371 ) ;
#1458 = PLANE ( 'NONE',  #941 ) ;
#1459 = EDGE_LOOP ( 'NONE', ( #1391, #796, #1114, #986 ) ) ;
#1460 = FACE_OUTER_BOUND ( 'NONE', #555, .T. ) ;
#1461 = EDGE_CURVE ( 'NONE', #1873, #2707, #2175, .T. ) ;
#1462 = DIRECTION ( 'NONE',  ( -1.000000000000000000, -1.156482317317871478E-16, 0.000000000000000000 ) ) ;
#1463 = CARTESIAN_POINT ( 'NONE',  ( 17.00367830239969180, 10.59999999999999964, 15.16264995654637815 ) ) ;
#1464 = ORIENTED_EDGE ( 'NONE', *, *, #2251, .T. ) ;
#1465 = FACE_OUTER_BOUND ( 'NONE', #1534, .T. ) ;
#1466 = CARTESIAN_POINT ( 'NONE',  ( -6.034387258133053322, 22.02644230769231015, 23.22899417578991077 ) ) ;
#1467 = DIRECTION ( 'NONE',  ( -1.591880191770952756E-16, 1.000000000000000000, 0.000000000000000000 ) ) ;
#1468 = EDGE_CURVE ( 'NONE', #2567, #1642, #126, .T. ) ;
#1469 = ORIENTED_EDGE ( 'NONE', *, *, #2918, .F. ) ;
#1470 = VERTEX_POINT ( 'NONE', #2363 ) ;
#1471 = ADVANCED_FACE ( 'NONE', ( #2112 ), #874, .F. ) ;
#1472 = DIRECTION ( 'NONE',  ( -1.000000000000000000, 0.000000000000000000, 0.000000000000000000 ) ) ;
#1473 = VERTEX_POINT ( 'NONE', #2878 ) ;
#1474 = EDGE_LOOP ( 'NONE', ( #121, #3217 ) ) ;
#1475 = ORIENTED_EDGE ( 'NONE', *, *, #1907, .F. ) ;
#1476 = LINE ( 'NONE', #1686, #402 ) ;
#1477 = DIRECTION ( 'NONE',  ( 0.9931211392610549415, 2.375595552864471191E-16, 0.1170914290322920409 ) ) ;
#1478 = DIRECTION ( 'NONE',  ( -0.000000000000000000, 1.000000000000000000, 4.930380657631323784E-32 ) ) ;
#1479 = CARTESIAN_POINT ( 'NONE',  ( 21.63307920226009884, 10.59999999999999964, -7.144292389382956188 ) ) ;
#1480 = ORIENTED_EDGE ( 'NONE', *, *, #552, .F. ) ;
#1481 = CARTESIAN_POINT ( 'NONE',  ( 11.97963748257085292, -15.94240911860694787, -19.37832075548439548 ) ) ;
#1482 = PLANE ( 'NONE',  #657 ) ;
#1483 = DIRECTION ( 'NONE',  ( -0.8931809787702786885, 0.000000000000000000, -0.4496973862087337293 ) ) ;
#1484 = ORIENTED_EDGE ( 'NONE', *, *, #69, .T. ) ;
#1485 = EDGE_LOOP ( 'NONE', ( #1960, #2663, #1385, #2104 ) ) ;
#1486 = ADVANCED_FACE ( 'NONE', ( #600 ), #2598, .T. ) ;
#1487 = AXIS2_PLACEMENT_3D ( 'NONE', #2270, #554, #3235 ) ;
#1488 = AXIS2_PLACEMENT_3D ( 'NONE', #1162, #2728, #775 ) ;
#1489 = ORIENTED_EDGE ( 'NONE', *, *, #2151, .F. ) ;
#1490 = AXIS2_PLACEMENT_3D ( 'NONE', #2459, #940, #1916 ) ;
#1491 = CIRCLE ( 'NONE', #3025, 1.699999999999996625 ) ;
#1492 = FACE_OUTER_BOUND ( 'NONE', #2183, .T. ) ;
#1493 = CARTESIAN_POINT ( 'NONE',  ( -3.279209754053370229, -16.52761471384491543, 22.54501747404900414 ) ) ;
#1494 = CARTESIAN_POINT ( 'NONE',  ( -13.49999999999978506, 10.59999999999999254, 23.38268590217996490 ) ) ;
#1495 = ORIENTED_EDGE ( 'NONE', *, *, #1367, .F. ) ;
#1496 = AXIS2_PLACEMENT_3D ( 'NONE', #2241, #3238, #1743 ) ;
#1497 = DIRECTION ( 'NONE',  ( -0.000000000000000000, 1.000000000000000000, 2.465190328815661892E-32 ) ) ;
#1498 = CARTESIAN_POINT ( 'NONE',  ( 21.82823320828200409, 22.02644230769231726, 9.976383864149104497 ) ) ;
#1499 = LINE ( 'NONE', #2497, #893 ) ;
#1500 = AXIS2_PLACEMENT_3D ( 'NONE', #95, #3047, #794 ) ;
#1501 = FACE_OUTER_BOUND ( 'NONE', #725, .T. ) ;
#1502 = VERTEX_POINT ( 'NONE', #2579 ) ;
#1503 = ORIENTED_EDGE ( 'NONE', *, *, #2569, .F. ) ;
#1504 = EDGE_CURVE ( 'NONE', #1714, #1127, #3178, .T. ) ;
#1505 = CARTESIAN_POINT ( 'NONE',  ( 10.79229931564750622, -3.469446951953614189E-15, 20.06383076577671076 ) ) ;
#1506 = ADVANCED_FACE ( 'NONE', ( #163 ), #1850, .T. ) ;
#1507 = ADVANCED_FACE ( 'NONE', ( #2096 ), #3094, .F. ) ;
#1508 = CARTESIAN_POINT ( 'NONE',  ( 1.818952717202896847E-15, 10.59999999999999609, 0.000000000000000000 ) ) ;
#1509 = ORIENTED_EDGE ( 'NONE', *, *, #3041, .F. ) ;
#1510 = EDGE_CURVE ( 'NONE', #2017, #2234, #2333, .T. ) ;
#1511 = AXIS2_PLACEMENT_3D ( 'NONE', #64, #1557, #1073 ) ;
#1512 = CARTESIAN_POINT ( 'NONE',  ( 17.88495298426386526, -1.734723475976807489E-15, 14.11238768837240620 ) ) ;
#1513 = DIRECTION ( 'NONE',  ( -1.000000000000000000, 0.000000000000000000, 0.000000000000000000 ) ) ;
#1514 = DIRECTION ( 'NONE',  ( 0.7280632017818348123, 1.158989389273841394E-16, -0.6855100102924708283 ) ) ;
#1515 = ORIENTED_EDGE ( 'NONE', *, *, #930, .F. ) ;
#1516 = AXIS2_PLACEMENT_3D ( 'NONE', #1253, #2230, #277 ) ;
#1517 = DIRECTION ( 'NONE',  ( 0.000000000000000000, 0.000000000000000000, 1.000000000000000000 ) ) ;
#1518 = CARTESIAN_POINT ( 'NONE',  ( 2.274314739882339342, -3.629414198740464423E-15, -23.89199641017790654 ) ) ;
#1519 = DIRECTION ( 'NONE',  ( 1.591880191770952510E-16, -1.000000000000000000, 0.000000000000000000 ) ) ;
#1520 = EDGE_LOOP ( 'NONE', ( #1168, #1224, #3036, #1680 ) ) ;
#1521 = AXIS2_PLACEMENT_3D ( 'NONE', #49, #76, #2301 ) ;
#1522 = ORIENTED_EDGE ( 'NONE', *, *, #3185, .T. ) ;
#1523 =( NAMED_UNIT ( * ) PLANE_ANGLE_UNIT ( ) SI_UNIT ( $, .RADIAN. ) );
#1524 = VERTEX_POINT ( 'NONE', #2613 ) ;
#1525 = EDGE_LOOP ( 'NONE', ( #3225, #714 ) ) ;
#1526 = LINE ( 'NONE', #1720, #2276 ) ;
#1527 = EDGE_CURVE ( 'NONE', #1325, #1290, #1695, .T. ) ;
#1528 = CARTESIAN_POINT ( 'NONE',  ( -22.08277658846879277, 10.59999999999999254, 8.037473368153380093 ) ) ;
#1529 = ORIENTED_EDGE ( 'NONE', *, *, #1411, .F. ) ;
#1530 = LINE ( 'NONE', #1340, #869 ) ;
#1531 = DIRECTION ( 'NONE',  ( 1.591880191770952510E-16, -1.000000000000000000, 0.000000000000000000 ) ) ;
#1532 = ORIENTED_EDGE ( 'NONE', *, *, #322, .T. ) ;
#1533 = LINE ( 'NONE', #2069, #2488 ) ;
#1534 = EDGE_LOOP ( 'NONE', ( #2272, #1675, #2266, #271 ) ) ;
#1535 = CYLINDRICAL_SURFACE ( 'NONE', #1292, 1.000000000000000888 ) ;
#1536 = CIRCLE ( 'NONE', #1948, 1.699999999999996625 ) ;
#1537 = CALENDAR_DATE ( 2026, 26, 2 ) ;
#1538 = AXIS2_PLACEMENT_3D ( 'NONE', #1596, #1354, #3111 ) ;
#1539 = LINE ( 'NONE', #1119, #3123 ) ;
#1540 = DIRECTION ( 'NONE',  ( 0.9396926207859058744, 0.000000000000000000, -0.3420201433256754853 ) ) ;
#1541 = AXIS2_PLACEMENT_3D ( 'NONE', #63, #842, #2576 ) ;
#1542 = VERTEX_POINT ( 'NONE', #1338 ) ;
#1543 = LINE ( 'NONE', #1076, #2180 ) ;
#1544 = EDGE_CURVE ( 'NONE', #830, #2619, #93, .T. ) ;
#1545 = CARTESIAN_POINT ( 'NONE',  ( -3.279209754053373338, -3.469446951953614189E-15, 22.54501747404900414 ) ) ;
#1546 = VERTEX_POINT ( 'NONE', #892 ) ;
#1547 = AXIS2_PLACEMENT_3D ( 'NONE', #750, #1467, #1936 ) ;
#1548 = DIRECTION ( 'NONE',  ( -0.7660444431189854519, 0.000000000000000000, -0.6427876096865303701 ) ) ;
#1549 = ORIENTED_EDGE ( 'NONE', *, *, #1612, .T. ) ;
#1550 = CIRCLE ( 'NONE', #773, 24.00000000000000000 ) ;
#1551 = CARTESIAN_POINT ( 'NONE',  ( 3.506345720480106912E-15, -3.469446951953614189E-15, 0.000000000000000000 ) ) ;
#1552 = CARTESIAN_POINT ( 'NONE',  ( 23.50000000000000355, -16.56058306581548223, 0.000000000000000000 ) ) ;
#1553 = CIRCLE ( 'NONE', #2288, 1.699999999999996625 ) ;
#1554 = APPROVAL_STATUS ( 'not_yet_approved' ) ;
#1555 = CARTESIAN_POINT ( 'NONE',  ( 22.08277658846884250, 10.59999999999999964, -8.037473368153230879 ) ) ;
#1556 = CARTESIAN_POINT ( 'NONE',  ( -10.79229931564708522, 10.59999999999999432, 20.06383076577693814 ) ) ;
#1557 = DIRECTION ( 'NONE',  ( -1.591880191770952510E-16, 1.000000000000000000, -0.000000000000000000 ) ) ;
#1558 = ORIENTED_EDGE ( 'NONE', *, *, #428, .T. ) ;
#1559 = CARTESIAN_POINT ( 'NONE',  ( 21.63307920226009884, 0.000000000000000000, -7.144292389382956188 ) ) ;
#1560 = CARTESIAN_POINT ( 'NONE',  ( 3.506345720480106912E-15, -3.469446951953614189E-15, 0.000000000000000000 ) ) ;
#1561 = VERTEX_POINT ( 'NONE', #2643 ) ;
#1562 = VECTOR ( 'NONE', #1896, 1000.000000000000000 ) ;
#1563 = DIRECTION ( 'NONE',  ( 0.05714112891290510504, 9.096183125188409239E-18, -0.9983661108964780873 ) ) ;
#1564 = EDGE_CURVE ( 'NONE', #2484, #2712, #404, .T. ) ;
#1565 = ORIENTED_EDGE ( 'NONE', *, *, #689, .T. ) ;
#1566 = CIRCLE ( 'NONE', #167, 1.699999999999989742 ) ;
#1567 = DIRECTION ( 'NONE',  ( -1.591880191770952510E-16, 1.000000000000000000, 0.000000000000000000 ) ) ;
#1568 = EDGE_CURVE ( 'NONE', #2447, #1359, #1594, .T. ) ;
#1569 = EDGE_CURVE ( 'NONE', #3128, #1785, #141, .T. ) ;
#1570 = AXIS2_PLACEMENT_3D ( 'NONE', #2361, #360, #1108 ) ;
#1571 = CARTESIAN_POINT ( 'NONE',  ( -18.00204441329606553, 10.59999999999999254, -15.10550882763358338 ) ) ;
#1572 = EDGE_LOOP ( 'NONE', ( #1967, #2414, #2362, #1515 ) ) ;
#1573 = APPROVAL_STATUS ( 'not_yet_approved' ) ;
#1574 = FACE_OUTER_BOUND ( 'NONE', #2048, .T. ) ;
#1575 = DIRECTION ( 'NONE',  ( 1.591880191770952510E-16, -1.000000000000000000, 0.000000000000000000 ) ) ;
#1576 = ORIENTED_EDGE ( 'NONE', *, *, #789, .F. ) ;
#1577 = CARTESIAN_POINT ( 'NONE',  ( 0.000000000000000000, 22.02644230769231370, 0.000000000000000000 ) ) ;
#1578 = CARTESIAN_POINT ( 'NONE',  ( -22.77193679821816374, -16.56058306581548223, 0.6855100102924707173 ) ) ;
#1579 = CARTESIAN_POINT ( 'NONE',  ( 10.79229931564750800, -15.94240911860690346, 20.06383076577671076 ) ) ;
#1580 = DIRECTION ( 'NONE',  ( 1.591880191770952510E-16, -1.000000000000000000, 0.000000000000000000 ) ) ;
#1581 = ORIENTED_EDGE ( 'NONE', *, *, #1176, .F. ) ;
#1582 = DIRECTION ( 'NONE',  ( 0.000000000000000000, 0.000000000000000000, 1.000000000000000000 ) ) ;
#1583 = ORIENTED_EDGE ( 'NONE', *, *, #1797, .T. ) ;
#1584 = DIRECTION ( 'NONE',  ( 0.000000000000000000, 0.000000000000000000, 1.000000000000000000 ) ) ;
#1585 = DIRECTION ( 'NONE',  ( -1.591880191770953496E-16, 1.000000000000000000, 1.848892746611746145E-32 ) ) ;
#1586 = EDGE_LOOP ( 'NONE', ( #1418, #508, #1208, #516 ) ) ;
#1587 = CC_DESIGN_PERSON_AND_ORGANIZATION_ASSIGNMENT ( #60, #308, ( #526 ) ) ;
#1588 = PERSON_AND_ORGANIZATION ( #494, #2557 ) ;
#1589 = VECTOR ( 'NONE', #717, 1000.000000000000000 ) ;
#1590 = LINE ( 'NONE', #359, #1648 ) ;
#1591 = CARTESIAN_POINT ( 'NONE',  ( 21.08277658846883895, 10.59999999999999964, -8.037473368153230879 ) ) ;
#1592 = ORIENTED_EDGE ( 'NONE', *, *, #1568, .T. ) ;
#1593 = CIRCLE ( 'NONE', #1185, 24.00000000000000000 ) ;
#1594 = CIRCLE ( 'NONE', #2806, 0.9999999999999997780 ) ;
#1595 = LINE ( 'NONE', #1853, #2603 ) ;
#1596 = CARTESIAN_POINT ( 'NONE',  ( 0.000000000000000000, 22.02644230769231370, 0.000000000000000000 ) ) ;
#1597 = ORIENTED_EDGE ( 'NONE', *, *, #2879, .T. ) ;
#1598 = VECTOR ( 'NONE', #147, 999.9999999999998863 ) ;
#1599 = ORIENTED_EDGE ( 'NONE', *, *, #2593, .T. ) ;
#1600 = AXIS2_PLACEMENT_3D ( 'NONE', #1184, #3170, #2176 ) ;
#1601 = LINE ( 'NONE', #84, #450 ) ;
#1602 = ORIENTED_EDGE ( 'NONE', *, *, #2771, .T. ) ;
#1603 = AXIS2_PLACEMENT_3D ( 'NONE', #1311, #54, #100 ) ;
#1604 = EDGE_CURVE ( 'NONE', #1164, #2278, #197, .T. ) ;
#1605 = CIRCLE ( 'NONE', #2284, 24.00000000000000000 ) ;
#1606 = EDGE_CURVE ( 'NONE', #2633, #2548, #447, .T. ) ;
#1607 = CARTESIAN_POINT ( 'NONE',  ( -21.16416273831734074, -6.938893903907228378E-15, -8.432629785676228451 ) ) ;
#1608 = CARTESIAN_POINT ( 'NONE',  ( 0.000000000000000000, 22.02644230769231370, 0.000000000000000000 ) ) ;
#1609 = ORIENTED_EDGE ( 'NONE', *, *, #743, .F. ) ;
#1610 = EDGE_CURVE ( 'NONE', #349, #3102, #1195, .T. ) ;
#1611 = DIRECTION ( 'NONE',  ( -1.000000000000000000, -1.445602896647339163E-16, 0.000000000000000000 ) ) ;
#1612 = EDGE_CURVE ( 'NONE', #2117, #2847, #2215, .T. ) ;
#1613 = DIRECTION ( 'NONE',  ( 0.6855100102924707173, 1.885915489891082674E-16, 0.7280632017818347013 ) ) ;
#1614 = CARTESIAN_POINT ( 'NONE',  ( 13.50000000000027178, 10.59999999999999964, 23.38268590217968423 ) ) ;
#1615 = ORIENTED_EDGE ( 'NONE', *, *, #1217, .F. ) ;
#1616 = ORIENTED_EDGE ( 'NONE', *, *, #748, .F. ) ;
#1617 = DIRECTION ( 'NONE',  ( -0.000000000000000000, 1.000000000000000000, -0.000000000000000000 ) ) ;
#1618 = ORIENTED_EDGE ( 'NONE', *, *, #2087, .F. ) ;
#1619 = LOCAL_TIME ( 21, 23, 14.00000000000000000, #855 ) ;
#1620 = CARTESIAN_POINT ( 'NONE',  ( 1.818952717202896847E-15, 10.59999999999999609, 0.000000000000000000 ) ) ;
#1621 = DIRECTION ( 'NONE',  ( -1.591880191770952510E-16, 1.000000000000000000, -0.000000000000000000 ) ) ;
#1622 = DIRECTION ( 'NONE',  ( -1.000000000000000000, -1.445602896647339163E-16, 0.000000000000000000 ) ) ;
#1623 = DIRECTION ( 'NONE',  ( -0.6855100102924707173, -1.885915489891082674E-16, 0.7280632017818347013 ) ) ;
#1624 = ORIENTED_EDGE ( 'NONE', *, *, #513, .T. ) ;
#1625 = DIRECTION ( 'NONE',  ( -1.591880191770952510E-16, 1.000000000000000000, -0.000000000000000000 ) ) ;
#1626 = EDGE_CURVE ( 'NONE', #2668, #2712, #2906, .T. ) ;
#1627 = ADVANCED_FACE ( 'NONE', ( #2677 ), #1210, .F. ) ;
#1628 = DIRECTION ( 'NONE',  ( -0.8931809787702785774, -6.271714245252018359E-17, -0.4496973862087337293 ) ) ;
#1629 = DIRECTION ( 'NONE',  ( 0.5979647217379187030, 0.000000000000000000, 0.8015224211192681913 ) ) ;
#1630 = ORIENTED_EDGE ( 'NONE', *, *, #2911, .T. ) ;
#1631 = EDGE_LOOP ( 'NONE', ( #1048, #65, #591, #1503 ) ) ;
#1632 = EDGE_LOOP ( 'NONE', ( #2504, #2469, #1657, #1425 ) ) ;
#1633 = DIRECTION ( 'NONE',  ( -0.000000000000000000, 1.000000000000000000, 4.930380657631323784E-32 ) ) ;
#1634 = CARTESIAN_POINT ( 'NONE',  ( 17.00367830239949285, -15.10922134489264224, -15.16264995654660908 ) ) ;
#1635 = ORIENTED_EDGE ( 'NONE', *, *, #1935, .T. ) ;
#1636 = DIRECTION ( 'NONE',  ( -1.000000000000000000, -1.591880191770952756E-16, 0.000000000000000000 ) ) ;
#1637 = DIRECTION ( 'NONE',  ( -0.000000000000000000, 1.000000000000000000, 2.465190328815661892E-32 ) ) ;
#1638 = FACE_BOUND ( 'NONE', #373, .T. ) ;
#1639 = VERTEX_POINT ( 'NONE', #726 ) ;
#1640 = DIRECTION ( 'NONE',  ( -0.9186138501515584975, -1.462323191942716592E-16, 0.3951564175231501719 ) ) ;
#1641 = DIRECTION ( 'NONE',  ( -0.000000000000000000, 1.000000000000000000, -2.465190328815661892E-32 ) ) ;
#1642 = VERTEX_POINT ( 'NONE', #483 ) ;
#1643 = ADVANCED_FACE ( 'NONE', ( #243 ), #1961, .T. ) ;
#1644 = EDGE_CURVE ( 'NONE', #2617, #1542, #957, .T. ) ;
#1645 = ORIENTED_EDGE ( 'NONE', *, *, #1314, .T. ) ;
#1646 = AXIS2_PLACEMENT_3D ( 'NONE', #895, #924, #3179 ) ;
#1647 = DIRECTION ( 'NONE',  ( 0.2877662231574780738, 4.580893505051289575E-17, 0.9577006843527263724 ) ) ;
#1648 = VECTOR ( 'NONE', #1348, 1000.000000000000114 ) ;
#1649 = FACE_OUTER_BOUND ( 'NONE', #1485, .T. ) ;
#1650 = EDGE_LOOP ( 'NONE', ( #1082, #1872, #1204, #2198 ) ) ;
#1651 = VECTOR ( 'NONE', #3117, 1000.000000000000000 ) ;
#1652 = AXIS2_PLACEMENT_3D ( 'NONE', #1994, #767, #1758 ) ;
#1653 = CARTESIAN_POINT ( 'NONE',  ( 22.50000000000000355, -16.56058306581548223, 0.000000000000000000 ) ) ;
#1654 = ORIENTED_EDGE ( 'NONE', *, *, #3113, .F. ) ;
#1655 = LINE ( 'NONE', #3103, #1856 ) ;
#1656 = CARTESIAN_POINT ( 'NONE',  ( 17.00367830239969180, -1.734723475976807094E-15, 15.16264995654637815 ) ) ;
#1657 = ORIENTED_EDGE ( 'NONE', *, *, #2311, .T. ) ;
#1658 = ORIENTED_EDGE ( 'NONE', *, *, #2393, .F. ) ;
#1659 = CARTESIAN_POINT ( 'NONE',  ( 10.30870081495748281, 10.59999999999999787, -21.67327126918535285 ) ) ;
#1660 = EDGE_CURVE ( 'NONE', #1857, #287, #1955, .T. ) ;
#1661 = DIRECTION ( 'NONE',  ( -0.05714112891290510504, 0.000000000000000000, 0.9983661108964780873 ) ) ;
#1662 = ORIENTED_EDGE ( 'NONE', *, *, #1178, .T. ) ;
#1663 = CIRCLE ( 'NONE', #1005, 24.00000000000000000 ) ;
#1664 = EDGE_CURVE ( 'NONE', #2995, #1428, #2382, .T. ) ;
#1665 = ADVANCED_FACE ( 'NONE', ( #3246 ), #465, .T. ) ;
#1666 = CYLINDRICAL_SURFACE ( 'NONE', #822, 1.699999999999993072 ) ;
#1667 = EDGE_CURVE ( 'NONE', #2611, #39, #1431, .T. ) ;
#1668 = CIRCLE ( 'NONE', #1771, 1.000000000000000888 ) ;
#1669 = CARTESIAN_POINT ( 'NONE',  ( 22.08277658846895264, 10.59999999999999964, 8.037473368152937780 ) ) ;
#1670 = DIRECTION ( 'NONE',  ( -1.591880191770952510E-16, 1.000000000000000000, -0.000000000000000000 ) ) ;
#1671 = ORIENTED_EDGE ( 'NONE', *, *, #2193, .T. ) ;
#1672 = CARTESIAN_POINT ( 'NONE',  ( 13.61525309474735224, 10.59999999999999787, 19.76423242035907180 ) ) ;
#1673 = CARTESIAN_POINT ( 'NONE',  ( -17.09970543152822842, -6.191515188110410861E-15, -16.84042974971137951 ) ) ;
#1674 = DIRECTION ( 'NONE',  ( -1.000000000000000000, -1.591880191770952756E-16, 0.000000000000000000 ) ) ;
#1675 = ORIENTED_EDGE ( 'NONE', *, *, #532, .F. ) ;
#1676 = DIRECTION ( 'NONE',  ( 0.5486687246877401947, 8.734148746746438961E-17, 0.8360398498573670123 ) ) ;
#1677 = DIRECTION ( 'NONE',  ( 1.591880191770952510E-16, -1.000000000000000000, 0.000000000000000000 ) ) ;
#1678 = CARTESIAN_POINT ( 'NONE',  ( -23.92395390970465741, 22.02644230769230660, -1.909038848826087653 ) ) ;
#1679 = CARTESIAN_POINT ( 'NONE',  ( 18.00204441329616856, -1.734723475976807094E-15, 15.10550882763346081 ) ) ;
#1680 = ORIENTED_EDGE ( 'NONE', *, *, #1136, .F. ) ;
#1681 = APPROVAL ( #2518, 'UNSPECIFIED' ) ;
#1682 = DIRECTION ( 'NONE',  ( -1.000000000000000000, -1.591880191770952756E-16, 0.000000000000000000 ) ) ;
#1683 = CYLINDRICAL_SURFACE ( 'NONE', #9, 1.699999999999993072 ) ;
#1684 = ORIENTED_EDGE ( 'NONE', *, *, #997, .T. ) ;
#1685 = ORIENTED_EDGE ( 'NONE', *, *, #823, .T. ) ;
#1686 = CARTESIAN_POINT ( 'NONE',  ( -21.63307920226015213, -16.41173927388291887, -7.144292389382810526 ) ) ;
#1687 = CARTESIAN_POINT ( 'NONE',  ( -11.75000000000009592, -15.94240911860693721, -20.35159698893425784 ) ) ;
#1688 = ORIENTED_EDGE ( 'NONE', *, *, #262, .F. ) ;
#1689 = ORIENTED_EDGE ( 'NONE', *, *, #2709, .T. ) ;
#1690 = VECTOR ( 'NONE', #3186, 1000.000000000000000 ) ;
#1691 = DIRECTION ( 'NONE',  ( 1.591880191770952510E-16, -1.000000000000000000, 0.000000000000000000 ) ) ;
#1692 = DIRECTION ( 'NONE',  ( -1.000000000000000000, -1.591880191770955715E-16, 0.000000000000000000 ) ) ;
#1693 = AXIS2_PLACEMENT_3D ( 'NONE', #2629, #1580, #388 ) ;
#1694 = ORIENTED_EDGE ( 'NONE', *, *, #748, .T. ) ;
#1695 = CIRCLE ( 'NONE', #2062, 0.9999999999999991118 ) ;
#1696 = VECTOR ( 'NONE', #2788, 1000.000000000000000 ) ;
#1697 = CIRCLE ( 'NONE', #1912, 1.000000000000000888 ) ;
#1698 = ORIENTED_EDGE ( 'NONE', *, *, #222, .T. ) ;
#1699 = ORIENTED_EDGE ( 'NONE', *, *, #854, .F. ) ;
#1700 = DIRECTION ( 'NONE',  ( -1.000000000000000000, -1.445602896647339163E-16, 0.000000000000000000 ) ) ;
#1701 = ADVANCED_FACE ( 'NONE', ( #1460 ), #230, .F. ) ;
#1702 = VECTOR ( 'NONE', #2783, 1000.000000000000000 ) ;
#1703 = CYLINDRICAL_SURFACE ( 'NONE', #2113, 1.699999999999991518 ) ;
#1704 = EDGE_CURVE ( 'NONE', #1421, #3084, #679, .T. ) ;
#1705 = DIRECTION ( 'NONE',  ( 0.000000000000000000, 0.000000000000000000, 1.000000000000000000 ) ) ;
#1706 = ORIENTED_EDGE ( 'NONE', *, *, #2430, .F. ) ;
#1707 = CIRCLE ( 'NONE', #461, 1.000000000000001554 ) ;
#1708 = LINE ( 'NONE', #2239, #3133 ) ;
#1709 = DIRECTION ( 'NONE',  ( 0.8360398498573707871, 5.362095932733134448E-17, 0.5486687246877344215 ) ) ;
#1710 = DIRECTION ( 'NONE',  ( -0.9931211392610549415, -1.580929869618674901E-16, -0.1170914290322920409 ) ) ;
#1711 = CARTESIAN_POINT ( 'NONE',  ( 3.506345720480106912E-15, -3.469446951953614189E-15, 0.000000000000000000 ) ) ;
#1712 = ORIENTED_EDGE ( 'NONE', *, *, #2168, .F. ) ;
#1713 = ORIENTED_EDGE ( 'NONE', *, *, #1604, .T. ) ;
#1714 = VERTEX_POINT ( 'NONE', #1672 ) ;
#1715 = DIRECTION ( 'NONE',  ( -1.591880191770952510E-16, 1.000000000000000000, -0.000000000000000000 ) ) ;
#1716 = ORIENTED_EDGE ( 'NONE', *, *, #2796, .F. ) ;
#1717 = VERTEX_POINT ( 'NONE', #1899 ) ;
#1718 = DIRECTION ( 'NONE',  ( -1.591880191770952510E-16, 1.000000000000000000, -0.000000000000000000 ) ) ;
#1719 = VECTOR ( 'NONE', #2763, 1000.000000000000000 ) ;
#1720 = CARTESIAN_POINT ( 'NONE',  ( -11.97963748257071614, 10.59999999999999432, 19.37832075548447719 ) ) ;
#1721 = DIRECTION ( 'NONE',  ( 0.3951564175231501164, 1.423707356952070919E-16, 0.9186138501515583865 ) ) ;
#1722 = EDGE_LOOP ( 'NONE', ( #2868, #1782 ) ) ;
#1723 = VECTOR ( 'NONE', #1157, 1000.000000000000000 ) ;
#1724 = DIRECTION ( 'NONE',  ( -1.591880191770952510E-16, 1.000000000000000000, -0.000000000000000000 ) ) ;
#1725 = EDGE_CURVE ( 'NONE', #2117, #2736, #608, .T. ) ;
#1726 = EDGE_CURVE ( 'NONE', #830, #1974, #1476, .T. ) ;
#1727 = EDGE_CURVE ( 'NONE', #964, #1134, #1655, .T. ) ;
#1728 = CARTESIAN_POINT ( 'NONE',  ( 10.79229931564722911, -15.94240911860694787, -20.06383076577686353 ) ) ;
#1729 = DIRECTION ( 'NONE',  ( -1.000000000000000000, -1.591880191770951277E-16, -8.881784197001246407E-16 ) ) ;
#1730 = VERTEX_POINT ( 'NONE', #990 ) ;
#1731 = ORIENTED_EDGE ( 'NONE', *, *, #1568, .F. ) ;
#1732 = VERTEX_POINT ( 'NONE', #3053 ) ;
#1733 = ORIENTED_EDGE ( 'NONE', *, *, #787, .T. ) ;
#1734 = CARTESIAN_POINT ( 'NONE',  ( 23.92395390970465741, 22.02644230769232081, -1.909038848826098089 ) ) ;
#1735 = CARTESIAN_POINT ( 'NONE',  ( 0.000000000000000000, 22.02644230769231370, 0.000000000000000000 ) ) ;
#1736 = CARTESIAN_POINT ( 'NONE',  ( 3.506345720480106912E-15, -3.469446951953614189E-15, 0.000000000000000000 ) ) ;
#1737 = ORIENTED_EDGE ( 'NONE', *, *, #784, .F. ) ;
#1738 = EDGE_CURVE ( 'NONE', #2017, #984, #1300, .T. ) ;
#1739 = CARTESIAN_POINT ( 'NONE',  ( -27.00000000000000355, -1.734723475976807094E-14, 0.000000000000000000 ) ) ;
#1740 = CARTESIAN_POINT ( 'NONE',  ( 17.88495298426367697, -15.10922134489264224, -14.11238768837265134 ) ) ;
#1741 = CARTESIAN_POINT ( 'NONE',  ( -11.97963748257098615, -6.938893903907228378E-15, -19.37832075548431376 ) ) ;
#1742 = EDGE_CURVE ( 'NONE', #762, #1768, #1601, .T. ) ;
#1743 = DIRECTION ( 'NONE',  ( 0.3951564175231316312, 0.000000000000000000, -0.9186138501515663801 ) ) ;
#1744 = ORIENTED_EDGE ( 'NONE', *, *, #2256, .F. ) ;
#1745 = VERTEX_POINT ( 'NONE', #2586 ) ;
#1746 = EDGE_CURVE ( 'NONE', #2111, #1745, #2309, .T. ) ;
#1747 = VECTOR ( 'NONE', #235, 1000.000000000000000 ) ;
#1748 = AXIS2_PLACEMENT_3D ( 'NONE', #697, #451, #1450 ) ;
#1749 = CIRCLE ( 'NONE', #356, 1.000000000000001554 ) ;
#1750 = CARTESIAN_POINT ( 'NONE',  ( -3.279209754053674875, -16.52761471384491543, -22.54501747404896150 ) ) ;
#1751 = DIRECTION ( 'NONE',  ( -1.591880191770952510E-16, 1.000000000000000000, 0.000000000000000000 ) ) ;
#1752 = PLANE ( 'NONE',  #1360 ) ;
#1753 = ORIENTED_EDGE ( 'NONE', *, *, #611, .T. ) ;
#1754 = AXIS2_PLACEMENT_3D ( 'NONE', #127, #345, #2336 ) ;
#1755 = DIRECTION ( 'NONE',  ( -0.000000000000000000, 1.000000000000000000, -0.000000000000000000 ) ) ;
#1756 = CARTESIAN_POINT ( 'NONE',  ( 17.88495298426367697, -15.10922134489264224, -14.11238768837265134 ) ) ;
#1757 = VECTOR ( 'NONE', #733, 1000.000000000000000 ) ;
#1758 = DIRECTION ( 'NONE',  ( -1.000000000000000000, -1.591880191770949552E-16, -3.469446951953614189E-15 ) ) ;
#1759 = ORIENTED_EDGE ( 'NONE', *, *, #1153, .T. ) ;
#1760 = ORIENTED_EDGE ( 'NONE', *, *, #2939, .F. ) ;
#1761 = FACE_OUTER_BOUND ( 'NONE', #2119, .T. ) ;
#1762 = DIRECTION ( 'NONE',  ( -1.591880191770953496E-16, 1.000000000000000000, 1.848892746611746145E-32 ) ) ;
#1763 = ORIENTED_EDGE ( 'NONE', *, *, #106, .T. ) ;
#1764 = VECTOR ( 'NONE', #1141, 1000.000000000000000 ) ;
#1765 = CARTESIAN_POINT ( 'NONE',  ( -11.97963748257071437, -6.938893903907228378E-15, 19.37832075548447719 ) ) ;
#1766 = FACE_OUTER_BOUND ( 'NONE', #1905, .T. ) ;
#1767 = CARTESIAN_POINT ( 'NONE',  ( 17.00367830239969535, -15.10922134489271329, 15.16264995654637815 ) ) ;
#1768 = VERTEX_POINT ( 'NONE', #1826 ) ;
#1769 = APPROVAL_PERSON_ORGANIZATION ( #1811, #3039, #3089 ) ;
#1770 = CARTESIAN_POINT ( 'NONE',  ( -21.63307920226015568, 10.59999999999999254, -7.144292389382810526 ) ) ;
#1771 = AXIS2_PLACEMENT_3D ( 'NONE', #1007, #533, #1256 ) ;
#1772 = CARTESIAN_POINT ( 'NONE',  ( 3.279209754053523440, 10.59999999999999609, -22.54501747404898637 ) ) ;
#1773 = CARTESIAN_POINT ( 'NONE',  ( 10.79229931564750444, 10.59999999999999787, 20.06383076577671076 ) ) ;
#1774 = ORIENTED_EDGE ( 'NONE', *, *, #3215, .T. ) ;
#1775 = CARTESIAN_POINT ( 'NONE',  ( 17.88495298426367341, 10.59999999999999964, -14.11238768837265134 ) ) ;
#1776 = DIRECTION ( 'NONE',  ( -1.000000000000000000, -1.591880191770955715E-16, -1.734723475976805517E-15 ) ) ;
#1777 = DIRECTION ( 'NONE',  ( 1.000000000000000000, 1.591880191770952510E-16, 0.000000000000000000 ) ) ;
#1778 = PERSON_AND_ORGANIZATION_ROLE ( 'design_owner' ) ;
#1779 = EDGE_CURVE ( 'NONE', #2668, #2354, #252, .T. ) ;
#1780 = CARTESIAN_POINT ( 'NONE',  ( 0.000000000000000000, 22.02644230769231370, 0.000000000000000000 ) ) ;
#1781 = CARTESIAN_POINT ( 'NONE',  ( 27.00000000000000000, -8.673617379884035472E-15, 0.000000000000000000 ) ) ;
#1782 = ORIENTED_EDGE ( 'NONE', *, *, #592, .F. ) ;
#1783 = LINE ( 'NONE', #78, #364 ) ;
#1784 = CARTESIAN_POINT ( 'NONE',  ( 11.97963748257112115, 10.59999999999999787, 19.37832075548422850 ) ) ;
#1785 = VERTEX_POINT ( 'NONE', #1102 ) ;
#1786 = CARTESIAN_POINT ( 'NONE',  ( 2.274314739882340675, 22.02644230769231726, -23.89199641017790299 ) ) ;
#1787 = ORIENTED_EDGE ( 'NONE', *, *, #1725, .F. ) ;
#1788 = CARTESIAN_POINT ( 'NONE',  ( 3.279209754053523440, 10.59999999999999609, -22.54501747404898637 ) ) ;
#1789 = CARTESIAN_POINT ( 'NONE',  ( -19.55391846839953374, 22.02644230769231015, -13.91561254602841835 ) ) ;
#1790 = CIRCLE ( 'NONE', #3118, 1.699999999999989742 ) ;
#1791 = AXIS2_PLACEMENT_3D ( 'NONE', #729, #1999, #2264 ) ;
#1792 = PLANE ( 'NONE',  #1313 ) ;
#1793 = DIRECTION ( 'NONE',  ( -0.3951564175231501164, -6.290416737062748760E-17, -0.9186138501515584975 ) ) ;
#1794 = CARTESIAN_POINT ( 'NONE',  ( 21.82823320828201474, 5.346254608489812838E-18, 9.976383864149104497 ) ) ;
#1795 = VECTOR ( 'NONE', #546, 1000.000000000000000 ) ;
#1796 = EDGE_LOOP ( 'NONE', ( #1320, #1225, #153, #460 ) ) ;
#1797 = EDGE_CURVE ( 'NONE', #793, #2764, #3127, .T. ) ;
#1798 = DIRECTION ( 'NONE',  ( -1.000000000000000000, -1.591880191770949552E-16, 1.387778780781445676E-14 ) ) ;
#1799 = CIRCLE ( 'NONE', #664, 1.000000000000000888 ) ;
#1800 = EDGE_CURVE ( 'NONE', #431, #3119, #2991, .T. ) ;
#1801 = LINE ( 'NONE', #2817, #2223 ) ;
#1802 = VERTEX_POINT ( 'NONE', #786 ) ;
#1803 = EDGE_CURVE ( 'NONE', #1470, #1768, #1749, .T. ) ;
#1804 = AXIS2_PLACEMENT_3D ( 'NONE', #1819, #2836, #1582 ) ;
#1805 = DIRECTION ( 'NONE',  ( 1.591880191770952510E-16, -1.000000000000000000, 0.000000000000000000 ) ) ;
#1806 = ORIENTED_EDGE ( 'NONE', *, *, #2168, .T. ) ;
#1807 = AXIS2_PLACEMENT_3D ( 'NONE', #2544, #295, #537 ) ;
#1808 = CARTESIAN_POINT ( 'NONE',  ( -4.629400899860379504, -16.52761471384491543, 22.30694234592957059 ) ) ;
#1809 = CARTESIAN_POINT ( 'NONE',  ( -22.08277658846879277, -6.938893903907228378E-15, 8.037473368153380093 ) ) ;
#1810 = ORIENTED_EDGE ( 'NONE', *, *, #1610, .F. ) ;
#1811 = PERSON_AND_ORGANIZATION ( #494, #2557 ) ;
#1812 = DIRECTION ( 'NONE',  ( -1.591880191770952756E-16, 1.000000000000000000, 1.232595164407830946E-32 ) ) ;
#1813 = EDGE_LOOP ( 'NONE', ( #2137, #624, #294, #615 ) ) ;
#1814 = AXIS2_PLACEMENT_3D ( 'NONE', #1551, #2553, #1067 ) ;
#1815 = FACE_OUTER_BOUND ( 'NONE', #2637, .T. ) ;
#1816 = CARTESIAN_POINT ( 'NONE',  ( -17.09970543152822486, 10.59999999999999254, -16.84042974971137241 ) ) ;
#1817 = CARTESIAN_POINT ( 'NONE',  ( -17.88495298426376579, 10.59999999999999254, -14.11238768837252877 ) ) ;
#1818 = EDGE_LOOP ( 'NONE', ( #3114, #1689 ) ) ;
#1819 = CARTESIAN_POINT ( 'NONE',  ( 13.49999999999994671, 10.59999999999999964, -23.38268590217987608 ) ) ;
#1820 = EDGE_CURVE ( 'NONE', #1785, #858, #369, .T. ) ;
#1821 = EDGE_CURVE ( 'NONE', #599, #2457, #2963, .T. ) ;
#1822 = VERTEX_POINT ( 'NONE', #2091 ) ;
#1823 = CIRCLE ( 'NONE', #224, 1.699999999999996625 ) ;
#1824 = DIRECTION ( 'NONE',  ( -1.591880191770952510E-16, 1.000000000000000000, -0.000000000000000000 ) ) ;
#1825 = VECTOR ( 'NONE', #1379, 1000.000000000000114 ) ;
#1826 = CARTESIAN_POINT ( 'NONE',  ( -17.00367830239958877, 10.59999999999999254, -15.16264995654649361 ) ) ;
#1827 = DATE_TIME_ROLE ( 'classification_date' ) ;
#1828 = CARTESIAN_POINT ( 'NONE',  ( 13.50000000000027178, -1.040834085586084257E-14, 21.68268590217968850 ) ) ;
#1829 = CARTESIAN_POINT ( 'NONE',  ( 11.75000000000024158, -15.94240911860690346, 20.35159698893416902 ) ) ;
#1830 = ORIENTED_EDGE ( 'NONE', *, *, #2666, .T. ) ;
#1831 = DIRECTION ( 'NONE',  ( -1.591880191770953003E-16, 1.000000000000000000, 0.000000000000000000 ) ) ;
#1832 = DIRECTION ( 'NONE',  ( 1.591880191770952510E-16, -1.000000000000000000, 0.000000000000000000 ) ) ;
#1833 = DIRECTION ( 'NONE',  ( -1.000000000000000000, -1.591880191770952756E-16, 0.000000000000000000 ) ) ;
#1834 = CARTESIAN_POINT ( 'NONE',  ( 6.034387258133211418, 22.02644230769231726, -23.22899417578986458 ) ) ;
#1835 = ORIENTED_EDGE ( 'NONE', *, *, #1840, .T. ) ;
#1836 = ADVANCED_FACE ( 'NONE', ( #2295 ), #103, .F. ) ;
#1837 = CARTESIAN_POINT ( 'NONE',  ( -3.279209754053679315, 10.59999999999999609, -22.54501747404896150 ) ) ;
#1838 = ORIENTED_EDGE ( 'NONE', *, *, #1564, .F. ) ;
#1839 = CARTESIAN_POINT ( 'NONE',  ( 23.92395390970466451, 3.389598818163942032E-16, -1.909038848826087653 ) ) ;
#1840 = EDGE_CURVE ( 'NONE', #2307, #681, #1085, .T. ) ;
#1841 = ADVANCED_FACE ( 'NONE', ( #542 ), #2554, .T. ) ;
#1842 = DIRECTION ( 'NONE',  ( -1.000000000000000000, 0.000000000000000000, 0.000000000000000000 ) ) ;
#1843 = EDGE_LOOP ( 'NONE', ( #2100, #1229, #1810, #1889 ) ) ;
#1844 = EDGE_CURVE ( 'NONE', #431, #2973, #2229, .T. ) ;
#1845 = CALENDAR_DATE ( 2026, 26, 2 ) ;
#1846 = CIRCLE ( 'NONE', #2901, 1.000000000000000000 ) ;
#1847 = LINE ( 'NONE', #1556, #709 ) ;
#1848 = CYLINDRICAL_SURFACE ( 'NONE', #2349, 1.000000000000000888 ) ;
#1849 = VERTEX_POINT ( 'NONE', #2824 ) ;
#1850 = CYLINDRICAL_SURFACE ( 'NONE', #2857, 1.000000000000000888 ) ;
#1851 = AXIS2_PLACEMENT_3D ( 'NONE', #1687, #680, #2135 ) ;
#1852 = AXIS2_PLACEMENT_3D ( 'NONE', #1107, #2046, #870 ) ;
#1853 = CARTESIAN_POINT ( 'NONE',  ( -21.63307920226005976, 10.59999999999999254, 7.144292389383101849 ) ) ;
#1854 = DIRECTION ( 'NONE',  ( -1.591880191770952510E-16, 1.000000000000000000, -0.000000000000000000 ) ) ;
#1855 = EDGE_LOOP ( 'NONE', ( #2913, #2123, #2038, #2242 ) ) ;
#1856 = VECTOR ( 'NONE', #320, 1000.000000000000000 ) ;
#1857 = VERTEX_POINT ( 'NONE', #2573 ) ;
#1858 = VECTOR ( 'NONE', #797, 1000.000000000000000 ) ;
#1859 = CARTESIAN_POINT ( 'NONE',  ( -23.13409268966145405, 22.02644230769231015, -6.388564426078247038 ) ) ;
#1860 = ORIENTED_EDGE ( 'NONE', *, *, #575, .F. ) ;
#1861 = CIRCLE ( 'NONE', #3189, 1.000000000000000000 ) ;
#1862 = DIRECTION ( 'NONE',  ( -1.591880191770952756E-16, 1.000000000000000000, -1.232595164407830946E-32 ) ) ;
#1863 = AXIS2_PLACEMENT_3D ( 'NONE', #1137, #3155, #2127 ) ;
#1864 = EDGE_CURVE ( 'NONE', #1428, #2995, #1491, .T. ) ;
#1865 = ADVANCED_FACE ( 'NONE', ( #837 ), #1535, .T. ) ;
#1866 = CARTESIAN_POINT ( 'NONE',  ( 17.00204441329616856, 10.59999999999999787, 15.10550882763346081 ) ) ;
#1867 = CARTESIAN_POINT ( 'NONE',  ( -21.82823320828194014, -6.944240158515707897E-15, -9.976383864149239500 ) ) ;
#1868 = ORIENTED_EDGE ( 'NONE', *, *, #2042, .T. ) ;
#1869 = DIRECTION ( 'NONE',  ( -1.591880191770952510E-16, 1.000000000000000000, -0.000000000000000000 ) ) ;
#1870 = DIRECTION ( 'NONE',  ( -0.05714112891290510504, -8.856275144976800586E-17, 0.9983661108964780873 ) ) ;
#1871 = DIRECTION ( 'NONE',  ( -0.8360398498573743398, 0.000000000000000000, -0.5486687246877289814 ) ) ;
#1872 = ORIENTED_EDGE ( 'NONE', *, *, #2795, .T. ) ;
#1873 = VERTEX_POINT ( 'NONE', #2535 ) ;
#1874 = ORIENTED_EDGE ( 'NONE', *, *, #672, .T. ) ;
#1875 = CARTESIAN_POINT ( 'NONE',  ( 22.08277658846895264, 0.000000000000000000, 8.037473368152937780 ) ) ;
#1876 = DIRECTION ( 'NONE',  ( 1.591880191770952510E-16, -1.000000000000000000, 0.000000000000000000 ) ) ;
#1877 = ORIENTED_EDGE ( 'NONE', *, *, #2211, .T. ) ;
#1878 = CIRCLE ( 'NONE', #839, 0.9999999999999995559 ) ;
#1879 = DIRECTION ( 'NONE',  ( 0.1736481776669340504, 0.000000000000000000, 0.9848077530122073542 ) ) ;
#1880 = DIRECTION ( 'NONE',  ( -1.591880191770952756E-16, 1.000000000000000000, 1.232595164407830946E-32 ) ) ;
#1881 = EDGE_CURVE ( 'NONE', #1745, #1524, #766, .T. ) ;
#1882 = DIRECTION ( 'NONE',  ( -1.591880191770952510E-16, 1.000000000000000000, 2.465190328815661892E-32 ) ) ;
#1883 = CARTESIAN_POINT ( 'NONE',  ( -17.88495298426357749, 10.59999999999999254, 14.11238768837277036 ) ) ;
#1884 = ORIENTED_EDGE ( 'NONE', *, *, #2593, .F. ) ;
#1885 = EDGE_CURVE ( 'NONE', #2407, #2954, #865, .T. ) ;
#1886 = CARTESIAN_POINT ( 'NONE',  ( 17.88495298426386881, -15.10922134489271329, 14.11238768837240620 ) ) ;
#1887 = CARTESIAN_POINT ( 'NONE',  ( -21.16416273831722350, 10.59999999999999254, 8.432629785676512668 ) ) ;
#1888 = DIRECTION ( 'NONE',  ( -0.000000000000000000, 1.000000000000000000, -0.000000000000000000 ) ) ;
#1889 = ORIENTED_EDGE ( 'NONE', *, *, #222, .F. ) ;
#1890 = ORIENTED_EDGE ( 'NONE', *, *, #610, .T. ) ;
#1891 = DIRECTION ( 'NONE',  ( -1.000000000000000000, -1.445602896647339163E-16, 0.000000000000000000 ) ) ;
#1892 = DIRECTION ( 'NONE',  ( -0.000000000000000000, 1.000000000000000000, -0.000000000000000000 ) ) ;
#1893 = ORIENTED_EDGE ( 'NONE', *, *, #3157, .F. ) ;
#1894 = CARTESIAN_POINT ( 'NONE',  ( 1.818952717202896847E-15, 10.59999999999999609, 0.000000000000000000 ) ) ;
#1895 = MANIFOLD_SOLID_BREP ( 'CirPattern1', #2444 ) ;
#1896 = DIRECTION ( 'NONE',  ( -0.9931211392610541644, -1.580929869618673668E-16, 0.1170914290322986606 ) ) ;
#1897 = CARTESIAN_POINT ( 'NONE',  ( 13.61525309474708756, -1.302061781206010133E-15, -19.76423242035926009 ) ) ;
#1898 = ORIENTED_EDGE ( 'NONE', *, *, #3056, .T. ) ;
#1899 = CARTESIAN_POINT ( 'NONE',  ( 10.79229931564722555, 10.59999999999999787, -20.06383076577686353 ) ) ;
#1900 = EDGE_CURVE ( 'NONE', #2619, #1384, #2390, .T. ) ;
#1901 = FACE_OUTER_BOUND ( 'NONE', #1373, .T. ) ;
#1902 = AXIS2_PLACEMENT_3D ( 'NONE', #1614, #128, #1322 ) ;
#1903 = ORIENTED_EDGE ( 'NONE', *, *, #3055, .F. ) ;
#1904 = ADVANCED_FACE ( 'NONE', ( #171 ), #438, .F. ) ;
#1905 = EDGE_LOOP ( 'NONE', ( #50, #2738, #3004, #2631 ) ) ;
#1906 = VECTOR ( 'NONE', #3007, 1000.000000000000000 ) ;
#1907 = EDGE_CURVE ( 'NONE', #1546, #2555, #1393, .T. ) ;
#1908 = LINE ( 'NONE', #655, #3228 ) ;
#1909 = CARTESIAN_POINT ( 'NONE',  ( 18.00204441329596605, -1.734723475976807094E-15, -15.10550882763370417 ) ) ;
#1910 = ORIENTED_EDGE ( 'NONE', *, *, #998, .T. ) ;
#1911 = CIRCLE ( 'NONE', #1135, 24.00000000000000000 ) ;
#1912 = AXIS2_PLACEMENT_3D ( 'NONE', #1972, #3016, #1729 ) ;
#1913 = FACE_OUTER_BOUND ( 'NONE', #1252, .T. ) ;
#1914 = CIRCLE ( 'NONE', #1807, 0.9999999999999995559 ) ;
#1915 = ORIENTED_EDGE ( 'NONE', *, *, #1660, .T. ) ;
#1916 = DIRECTION ( 'NONE',  ( 0.9931211392610541644, 0.000000000000000000, -0.1170914290322986606 ) ) ;
#1917 = LINE ( 'NONE', #2925, #2534 ) ;
#1918 = VERTEX_POINT ( 'NONE', #2917 ) ;
#1919 = FACE_OUTER_BOUND ( 'NONE', #2835, .T. ) ;
#1920 = LINE ( 'NONE', #2915, #913 ) ;
#1921 = CC_DESIGN_DATE_AND_TIME_ASSIGNMENT ( #821, #2537, ( #2609 ) ) ;
#1922 = CARTESIAN_POINT ( 'NONE',  ( 11.97963748257112115, -3.469446951953614189E-15, 19.37832075548422850 ) ) ;
#1923 = ORIENTED_EDGE ( 'NONE', *, *, #1330, .F. ) ;
#1924 = CARTESIAN_POINT ( 'NONE',  ( -17.88495298426376223, -6.938893903907227589E-15, -14.11238768837252877 ) ) ;
#1925 = CC_DESIGN_APPROVAL ( #1681, ( #2609 ) ) ;
#1926 = VECTOR ( 'NONE', #269, 1000.000000000000000 ) ;
#1927 = DIRECTION ( 'NONE',  ( 0.6855100102924707173, 1.091249806645286015E-16, -0.7280632017818347013 ) ) ;
#1928 = ORIENTED_EDGE ( 'NONE', *, *, #2083, .T. ) ;
#1929 = CARTESIAN_POINT ( 'NONE',  ( 0.000000000000000000, 22.02644230769231370, 0.000000000000000000 ) ) ;
#1930 = LINE ( 'NONE', #1656, #297 ) ;
#1931 = VERTEX_POINT ( 'NONE', #1922 ) ;
#1932 = EDGE_CURVE ( 'NONE', #3051, #2484, #3182, .T. ) ;
#1933 = VERTEX_POINT ( 'NONE', #1167 ) ;
#1934 = DIRECTION ( 'NONE',  ( 0.2877662231574648066, 0.000000000000000000, -0.9577006843527303692 ) ) ;
#1935 = EDGE_CURVE ( 'NONE', #3199, #3051, #1799, .T. ) ;
#1936 = DIRECTION ( 'NONE',  ( -1.000000000000000000, 0.000000000000000000, 0.000000000000000000 ) ) ;
#1937 = EDGE_LOOP ( 'NONE', ( #2985, #1475 ) ) ;
#1938 = ADVANCED_FACE ( 'NONE', ( #623 ), #640, .T. ) ;
#1939 = ADVANCED_FACE ( 'NONE', ( #2420 ), #1437, .F. ) ;
#1940 = EDGE_CURVE ( 'NONE', #1714, #768, #2620, .T. ) ;
#1941 =( LENGTH_UNIT ( ) NAMED_UNIT ( * ) SI_UNIT ( .MILLI., .METRE. ) );
#1942 = ORIENTED_EDGE ( 'NONE', *, *, #374, .F. ) ;
#1943 = DIRECTION ( 'NONE',  ( -1.591880191770952756E-16, 1.000000000000000000, 1.232595164407830946E-32 ) ) ;
#1944 = FACE_OUTER_BOUND ( 'NONE', #55, .T. ) ;
#1945 = CARTESIAN_POINT ( 'NONE',  ( 27.00000000000000000, 10.60000000000000142, 0.000000000000000000 ) ) ;
#1946 = ORIENTED_EDGE ( 'NONE', *, *, #1900, .T. ) ;
#1947 = CARTESIAN_POINT ( 'NONE',  ( 4.080732175173101162, -3.469446951953614189E-15, 23.14298219578684623 ) ) ;
#1948 = AXIS2_PLACEMENT_3D ( 'NONE', #2003, #6, #2766 ) ;
#1949 = DIRECTION ( 'NONE',  ( -1.591880191770952510E-16, 1.000000000000000000, -0.000000000000000000 ) ) ;
#1950 = LINE ( 'NONE', #1002, #2089 ) ;
#1951 = DIRECTION ( 'NONE',  ( -1.591880191770952510E-16, 1.000000000000000000, -0.000000000000000000 ) ) ;
#1952 = CIRCLE ( 'NONE', #1646, 1.000000000000001776 ) ;
#1953 = VERTEX_POINT ( 'NONE', #932 ) ;
#1954 = ORIENTED_EDGE ( 'NONE', *, *, #2950, .F. ) ;
#1955 = CIRCLE ( 'NONE', #2908, 24.00000000000000000 ) ;
#1956 = ORIENTED_EDGE ( 'NONE', *, *, #2519, .F. ) ;
#1957 = DIRECTION ( 'NONE',  ( 0.9983661108964785313, 1.589279236071507057E-16, 0.05714112891289823554 ) ) ;
#1958 = VECTOR ( 'NONE', #206, 1000.000000000000227 ) ;
#1959 = VERTEX_POINT ( 'NONE', #1149 ) ;
#1960 = ORIENTED_EDGE ( 'NONE', *, *, #2550, .F. ) ;
#1961 = CYLINDRICAL_SURFACE ( 'NONE', #558, 1.000000000000000888 ) ;
#1962 = EDGE_CURVE ( 'NONE', #2214, #2132, #2013, .T. ) ;
#1963 = EDGE_CURVE ( 'NONE', #2995, #92, #1390, .T. ) ;
#1964 = AXIS2_PLACEMENT_3D ( 'NONE', #1739, #1755, #34 ) ;
#1965 = CARTESIAN_POINT ( 'NONE',  ( 4.080732175172791187, 10.59999999999999609, -23.14298219578689952 ) ) ;
#1966 = CARTESIAN_POINT ( 'NONE',  ( 21.16416273831727679, 2.033328969370462300E-32, -8.432629785676370560 ) ) ;
#1967 = ORIENTED_EDGE ( 'NONE', *, *, #611, .F. ) ;
#1968 = AXIS2_PLACEMENT_3D ( 'NONE', #2657, #3191, #1682 ) ;
#1969 = CARTESIAN_POINT ( 'NONE',  ( -13.49999999999978506, 10.59999999999999254, 23.38268590217996490 ) ) ;
#1970 = DIRECTION ( 'NONE',  ( 0.000000000000000000, 0.000000000000000000, 1.000000000000000000 ) ) ;
#1971 = DIRECTION ( 'NONE',  ( 1.591880191770952510E-16, -1.000000000000000000, 0.000000000000000000 ) ) ;
#1972 = CARTESIAN_POINT ( 'NONE',  ( 23.50000000000000000, 0.000000000000000000, 0.000000000000000000 ) ) ;
#1973 = ORIENTED_EDGE ( 'NONE', *, *, #2644, .T. ) ;
#1974 = VERTEX_POINT ( 'NONE', #2139 ) ;
#1975 = ORIENTED_EDGE ( 'NONE', *, *, #40, .T. ) ;
#1976 = UNCERTAINTY_MEASURE_WITH_UNIT (LENGTH_MEASURE( 1.000000000000000082E-05 ), #1941, 'distance_accuracy_value', 'NONE');
#1977 = CIRCLE ( 'NONE', #1049, 24.00000000000000000 ) ;
#1978 = CARTESIAN_POINT ( 'NONE',  ( -22.08277658846878921, -16.41173927388289755, 8.037473368153380093 ) ) ;
#1979 = LINE ( 'NONE', #209, #684 ) ;
#1980 = ORIENTED_EDGE ( 'NONE', *, *, #2732, .F. ) ;
#1981 = EDGE_CURVE ( 'NONE', #815, #1714, #2899, .T. ) ;
#1982 = ORIENTED_EDGE ( 'NONE', *, *, #2872, .F. ) ;
#1983 = ORIENTED_EDGE ( 'NONE', *, *, #2792, .F. ) ;
#1984 = CARTESIAN_POINT ( 'NONE',  ( 1.818952717202896847E-15, 10.59999999999999609, 0.000000000000000000 ) ) ;
#1985 = AXIS2_PLACEMENT_3D ( 'NONE', #825, #1514, #569 ) ;
#1986 = EDGE_CURVE ( 'NONE', #2246, #938, #187, .T. ) ;
#1987 = DIRECTION ( 'NONE',  ( 0.5979647217379132629, 0.000000000000000000, -0.8015224211192721882 ) ) ;
#1988 = FACE_OUTER_BOUND ( 'NONE', #896, .T. ) ;
#1989 = EDGE_LOOP ( 'NONE', ( #380, #239, #2717, #1956 ) ) ;
#1991 = ADVANCED_FACE ( 'NONE', ( #1649 ), #2654, .T. ) ;
#1990 = VECTOR ( 'NONE', #1575, 1000.000000000000000 ) ;
#1992 = CARTESIAN_POINT ( 'NONE',  ( 13.50000000000027178, 10.59999999999999964, 25.08268590217967287 ) ) ;
#1993 = CARTESIAN_POINT ( 'NONE',  ( -13.61525309474693479, -5.636832122701195565E-15, 19.76423242035935957 ) ) ;
#1994 = CARTESIAN_POINT ( 'NONE',  ( -4.080732175172949283, -3.469446951953614189E-15, -23.14298219578687466 ) ) ;
#1995 = ORIENTED_EDGE ( 'NONE', *, *, #3220, .F. ) ;
#1996 = ORIENTED_EDGE ( 'NONE', *, *, #449, .T. ) ;
#1997 = CARTESIAN_POINT ( 'NONE',  ( -3.279209754053372450, -3.469446951953614189E-15, 22.54501747404900414 ) ) ;
#1998 = DIRECTION ( 'NONE',  ( -1.591880191770952510E-16, 1.000000000000000000, -1.232595164407830946E-32 ) ) ;
#1999 = DIRECTION ( 'NONE',  ( 0.4496973862087459417, 7.158643613968747473E-17, 0.8931809787702725822 ) ) ;
#2000 = CARTESIAN_POINT ( 'NONE',  ( 18.00204441329596960, -15.10922134489264401, -15.10550882763370417 ) ) ;
#2001 = ORIENTED_EDGE ( 'NONE', *, *, #2389, .F. ) ;
#2002 = DIRECTION ( 'NONE',  ( 0.2296374825708965839, 3.655553597927576763E-17, 0.9732762334499395207 ) ) ;
#2003 = CARTESIAN_POINT ( 'NONE',  ( -13.50000000000011191, -1.561251128379126385E-14, -23.38268590217978726 ) ) ;
#2004 = CYLINDRICAL_SURFACE ( 'NONE', #1547, 1.000000000000000888 ) ;
#2005 = EDGE_CURVE ( 'NONE', #1306, #3154, #87, .T. ) ;
#2006 = ORIENTED_EDGE ( 'NONE', *, *, #2369, .T. ) ;
#2007 = ORIENTED_EDGE ( 'NONE', *, *, #787, .F. ) ;
#2008 = CIRCLE ( 'NONE', #807, 1.000000000000000888 ) ;
#2009 = AXIS2_PLACEMENT_3D ( 'NONE', #2365, #3081, #2351 ) ;
#2010 = AXIS2_PLACEMENT_3D ( 'NONE', #2235, #1241, #3176 ) ;
#2011 = CARTESIAN_POINT ( 'NONE',  ( -23.92395390970465741, -7.277853785723622729E-15, -1.909038848826080770 ) ) ;
#2012 = VECTOR ( 'NONE', #2372, 1000.000000000000227 ) ;
#2013 = CIRCLE ( 'NONE', #2912, 24.00000000000000000 ) ;
#2014 = CARTESIAN_POINT ( 'NONE',  ( -11.97963748257098437, -15.94240911860693721, -19.37832075548431376 ) ) ;
#2015 = PLANE ( 'NONE',  #502 ) ;
#2016 = DIRECTION ( 'NONE',  ( -0.7280632017818348123, -1.158989389273840901E-16, -0.6855100102924708283 ) ) ;
#2017 = VERTEX_POINT ( 'NONE', #2222 ) ;
#2018 = VECTOR ( 'NONE', #1477, 1000.000000000000114 ) ;
#2019 = CARTESIAN_POINT ( 'NONE',  ( 0.000000000000000000, 22.02644230769231370, 0.000000000000000000 ) ) ;
#2020 = CYLINDRICAL_SURFACE ( 'NONE', #1237, 1.000000000000000888 ) ;
#2021 = AXIS2_PLACEMENT_3D ( 'NONE', #1454, #999, #1275 ) ;
#2022 = LINE ( 'NONE', #1773, #1858 ) ;
#2023 = ORIENTED_EDGE ( 'NONE', *, *, #1844, .T. ) ;
#2024 = EDGE_LOOP ( 'NONE', ( #216, #879 ) ) ;
#2025 = EDGE_CURVE ( 'NONE', #2971, #1730, #1911, .T. ) ;
#2026 = CARTESIAN_POINT ( 'NONE',  ( 17.88495298426386881, -15.10922134489271329, 14.11238768837240620 ) ) ;
#2027 = AXIS2_PLACEMENT_3D ( 'NONE', #1978, #1762, #1472 ) ;
#2028 = DIRECTION ( 'NONE',  ( 1.591880191770952510E-16, -1.000000000000000000, 0.000000000000000000 ) ) ;
#2029 = CARTESIAN_POINT ( 'NONE',  ( -11.97963748257098437, -15.94240911860693721, -19.37832075548431376 ) ) ;
#2030 = DIRECTION ( 'NONE',  ( 0.8931809787702755798, 2.216502791016790101E-16, 0.4496973862087397245 ) ) ;
#2031 = VERTEX_POINT ( 'NONE', #2481 ) ;
#2032 = SECURITY_CLASSIFICATION ( '', '', #1303 ) ;
#2033 = CARTESIAN_POINT ( 'NONE',  ( 1.818952717202896847E-15, 10.59999999999999609, 0.000000000000000000 ) ) ;
#2034 = VECTOR ( 'NONE', #959, 1000.000000000000114 ) ;
#2035 = DIRECTION ( 'NONE',  ( -0.000000000000000000, 1.000000000000000000, -0.000000000000000000 ) ) ;
#2036 = ORIENTED_EDGE ( 'NONE', *, *, #2326, .F. ) ;
#2037 = LINE ( 'NONE', #3083, #978 ) ;
#2038 = ORIENTED_EDGE ( 'NONE', *, *, #174, .T. ) ;
#2039 = ADVANCED_FACE ( 'NONE', ( #2983 ), #2734, .T. ) ;
#2040 = DIRECTION ( 'NONE',  ( -0.1170914290323055301, -1.863955265026814464E-17, -0.9931211392610533872 ) ) ;
#2041 = ORIENTED_EDGE ( 'NONE', *, *, #2291, .T. ) ;
#2042 = EDGE_CURVE ( 'NONE', #2973, #1639, #523, .T. ) ;
#2043 = MECHANICAL_CONTEXT ( 'NONE', #2201, 'mechanical' ) ;
#2044 = ADVANCED_FACE ( 'NONE', ( #22 ), #1014, .F. ) ;
#2045 = DIRECTION ( 'NONE',  ( -1.591880191770952510E-16, 1.000000000000000000, -0.000000000000000000 ) ) ;
#2046 = DIRECTION ( 'NONE',  ( -1.591880191770952510E-16, 1.000000000000000000, -0.000000000000000000 ) ) ;
#2047 = CARTESIAN_POINT ( 'NONE',  ( 3.279209754053823200, 10.59999999999999609, 22.54501747404893663 ) ) ;
#2048 = EDGE_LOOP ( 'NONE', ( #1041, #463, #2768, #1246 ) ) ;
#2049 = LINE ( 'NONE', #2580, #2656 ) ;
#2050 = LINE ( 'NONE', #67, #2479 ) ;
#2051 = DIRECTION ( 'NONE',  ( -1.000000000000000000, -1.445602896647339163E-16, 0.000000000000000000 ) ) ;
#2052 = ORIENTED_EDGE ( 'NONE', *, *, #930, .T. ) ;
#2053 = FACE_OUTER_BOUND ( 'NONE', #410, .T. ) ;
#2054 = CARTESIAN_POINT ( 'NONE',  ( 0.000000000000000000, 22.02644230769231370, 0.000000000000000000 ) ) ;
#2055 = ORIENTED_EDGE ( 'NONE', *, *, #1510, .F. ) ;
#2056 = AXIS2_PLACEMENT_3D ( 'NONE', #1875, #83, #2635 ) ;
#2057 = CARTESIAN_POINT ( 'NONE',  ( 22.50000000000000000, -1.591880191770952756E-16, 0.000000000000000000 ) ) ;
#2058 = AXIS2_PLACEMENT_3D ( 'NONE', #1432, #200, #3164 ) ;
#2059 = DIRECTION ( 'NONE',  ( 0.3951564175231441212, 6.290416737062651385E-17, 0.9186138501515610510 ) ) ;
#2060 = ADVANCED_FACE ( 'NONE', ( #1501 ), #2004, .T. ) ;
#2061 = CARTESIAN_POINT ( 'NONE',  ( 22.08277658846884250, 10.59999999999999964, -8.037473368153230879 ) ) ;
#2062 = AXIS2_PLACEMENT_3D ( 'NONE', #386, #1144, #2133 ) ;
#2063 = ORIENTED_EDGE ( 'NONE', *, *, #56, .T. ) ;
#2064 = CARTESIAN_POINT ( 'NONE',  ( 30.00000000000000355, 1.306193623359243439E-15, 3.673940397442059178E-15 ) ) ;
#2065 = AXIS2_PLACEMENT_3D ( 'NONE', #305, #2321, #563 ) ;
#2066 = CARTESIAN_POINT ( 'NONE',  ( -4.629400899860681484, -16.52761471384491543, -22.30694234592950309 ) ) ;
#2067 = ORIENTED_EDGE ( 'NONE', *, *, #2005, .T. ) ;
#2068 = AXIS2_PLACEMENT_3D ( 'NONE', #3147, #3163, #2153 ) ;
#2069 = CARTESIAN_POINT ( 'NONE',  ( -19.55391846839934544, 22.02644230769231015, 13.91561254602868125 ) ) ;
#2070 = VERTEX_POINT ( 'NONE', #2752 ) ;
#2071 = AXIS2_PLACEMENT_3D ( 'NONE', #1481, #2002, #2478 ) ;
#2072 = DIRECTION ( 'NONE',  ( -0.8360398498573633486, 0.000000000000000000, 0.5486687246877456348 ) ) ;
#2073 = DIRECTION ( 'NONE',  ( -0.000000000000000000, 1.000000000000000000, 4.930380657631323784E-32 ) ) ;
#2074 = COORDINATED_UNIVERSAL_TIME_OFFSET ( 8, 0, .AHEAD. ) ;
#2075 = ADVANCED_FACE ( 'NONE', ( #2715 ), #1456, .T. ) ;
#2076 = CARTESIAN_POINT ( 'NONE',  ( -3.279209754053374226, 10.59999999999999609, 22.54501747404900414 ) ) ;
#2077 = CARTESIAN_POINT ( 'NONE',  ( -27.00000000000000355, -1.734723475976807094E-14, 0.000000000000000000 ) ) ;
#2078 = ORIENTED_EDGE ( 'NONE', *, *, #1885, .T. ) ;
#2079 = DIRECTION ( 'NONE',  ( -1.000000000000000000, -1.445602896647339163E-16, 0.000000000000000000 ) ) ;
#2080 = DIRECTION ( 'NONE',  ( -1.000000000000000000, -1.591880191770949552E-16, 0.000000000000000000 ) ) ;
#2081 = EDGE_CURVE ( 'NONE', #3168, #324, #702, .T. ) ;
#2082 = FACE_OUTER_BOUND ( 'NONE', #172, .T. ) ;
#2083 = EDGE_CURVE ( 'NONE', #646, #1717, #3000, .T. ) ;
#2084 = DIRECTION ( 'NONE',  ( -0.5486687246877344215, -8.734148746746346516E-17, 0.8360398498573707871 ) ) ;
#2085 = VERTEX_POINT ( 'NONE', #2455 ) ;
#2086 = CYLINDRICAL_SURFACE ( 'NONE', #2809, 24.00000000000000000 ) ;
#2087 = EDGE_CURVE ( 'NONE', #1433, #2555, #1233, .T. ) ;
#2088 = ORIENTED_EDGE ( 'NONE', *, *, #2572, .T. ) ;
#2089 = VECTOR ( 'NONE', #1710, 1000.000000000000000 ) ;
#2090 = CIRCLE ( 'NONE', #2142, 1.699999999999996625 ) ;
#2091 = CARTESIAN_POINT ( 'NONE',  ( -6.034387258133052434, 10.59999999999999609, 23.22899417578991077 ) ) ;
#2092 = APPLICATION_PROTOCOL_DEFINITION ( 'international standard', 'config_control_design', 1994, #2157 ) ;
#2093 = CARTESIAN_POINT ( 'NONE',  ( 4.629400899860531382, -3.469446951953614189E-15, -22.30694234592953507 ) ) ;
#2094 = DIRECTION ( 'NONE',  ( -1.591880191770952510E-16, 1.000000000000000000, 2.465190328815661892E-32 ) ) ;
#2095 = ORIENTED_EDGE ( 'NONE', *, *, #2771, .F. ) ;
#2096 = FACE_OUTER_BOUND ( 'NONE', #1129, .T. ) ;
#2097 = DIRECTION ( 'NONE',  ( -1.591880191770952510E-16, 1.000000000000000000, -0.000000000000000000 ) ) ;
#2098 = CYLINDRICAL_SURFACE ( 'NONE', #1538, 24.00000000000000000 ) ;
#2099 = EDGE_LOOP ( 'NONE', ( #2483, #1213, #1051, #674 ) ) ;
#2100 = ORIENTED_EDGE ( 'NONE', *, *, #2841, .F. ) ;
#2101 = CYLINDRICAL_SURFACE ( 'NONE', #1018, 1.699999999999993072 ) ;
#2102 = EDGE_CURVE ( 'NONE', #2984, #1931, #1295, .T. ) ;
#2103 = DIRECTION ( 'NONE',  ( -1.591880191770952510E-16, 1.000000000000000000, -0.000000000000000000 ) ) ;
#2104 = ORIENTED_EDGE ( 'NONE', *, *, #1349, .F. ) ;
#2105 = ADVANCED_FACE ( 'NONE', ( #950 ), #2964, .T. ) ;
#2106 = FACE_OUTER_BOUND ( 'NONE', #798, .T. ) ;
#2107 = AXIS2_PLACEMENT_3D ( 'NONE', #2674, #429, #1426 ) ;
#2108 = CARTESIAN_POINT ( 'NONE',  ( -27.00000000000000355, -1.734723475976807094E-14, 1.699999999999996625 ) ) ;
#2109 = CARTESIAN_POINT ( 'NONE',  ( -21.63307920226005976, 10.59999999999999254, 7.144292389383101849 ) ) ;
#2110 = CARTESIAN_POINT ( 'NONE',  ( -10.30870081495764268, 22.02644230769231015, -21.67327126918527114 ) ) ;
#2111 = VERTEX_POINT ( 'NONE', #718 ) ;
#2112 = FACE_OUTER_BOUND ( 'NONE', #1855, .T. ) ;
#2113 = AXIS2_PLACEMENT_3D ( 'NONE', #2202, #1196, #3195 ) ;
#2114 = AXIS2_PLACEMENT_3D ( 'NONE', #616, #1869, #2079 ) ;
#2115 = DIRECTION ( 'NONE',  ( -1.000000000000000000, -1.445602896647339163E-16, 0.000000000000000000 ) ) ;
#2116 = CARTESIAN_POINT ( 'NONE',  ( -21.16416273831734074, 10.59999999999999254, -8.432629785676228451 ) ) ;
#2117 = VERTEX_POINT ( 'NONE', #2767 ) ;
#2118 = AXIS2_PLACEMENT_3D ( 'NONE', #2682, #1374, #3153 ) ;
#2119 = EDGE_LOOP ( 'NONE', ( #1495, #3218, #926, #1036 ) ) ;
#2120 = CARTESIAN_POINT ( 'NONE',  ( -13.50000000000011191, 10.59999999999999432, -23.38268590217978726 ) ) ;
#2121 = AXIS2_PLACEMENT_3D ( 'NONE', #1579, #3129, #876 ) ;
#2122 = CARTESIAN_POINT ( 'NONE',  ( 3.506345720480106912E-15, -3.469446951953614189E-15, 0.000000000000000000 ) ) ;
#2123 = ORIENTED_EDGE ( 'NONE', *, *, #891, .T. ) ;
#2124 = AXIS2_PLACEMENT_3D ( 'NONE', #675, #397, #2622 ) ;
#2125 = EDGE_CURVE ( 'NONE', #2736, #2373, #982, .T. ) ;
#2126 = EDGE_CURVE ( 'NONE', #1061, #2510, #1697, .T. ) ;
#2127 = DIRECTION ( 'NONE',  ( -1.000000000000000000, 0.000000000000000000, 0.000000000000000000 ) ) ;
#2128 = AXIS2_PLACEMENT_3D ( 'NONE', #659, #935, #1636 ) ;
#2129 = CARTESIAN_POINT ( 'NONE',  ( 11.97963748257084937, 10.59999999999999787, -19.37832075548439548 ) ) ;
#2130 = CARTESIAN_POINT ( 'NONE',  ( 21.63307920226020187, -2.288778364238705701E-31, 7.144292389382669306 ) ) ;
#2131 = CARTESIAN_POINT ( 'NONE',  ( -2.274314739882505432, 22.02644230769231015, -23.89199641017788167 ) ) ;
#2132 = VERTEX_POINT ( 'NONE', #736 ) ;
#2133 = DIRECTION ( 'NONE',  ( 0.1736481776669206167, 0.000000000000000000, -0.9848077530122097967 ) ) ;
#2134 = DIRECTION ( 'NONE',  ( -1.000000000000000000, -1.445602896647339163E-16, 0.000000000000000000 ) ) ;
#2135 = DIRECTION ( 'NONE',  ( -1.000000000000000000, 0.000000000000000000, 0.000000000000000000 ) ) ;
#2136 = VERTEX_POINT ( 'NONE', #1003 ) ;
#2137 = ORIENTED_EDGE ( 'NONE', *, *, #808, .F. ) ;
#2138 = EDGE_CURVE ( 'NONE', #2611, #678, #715, .T. ) ;
#2139 = CARTESIAN_POINT ( 'NONE',  ( -21.63307920226015568, 10.59999999999999254, -7.144292389382810526 ) ) ;
#2140 = EDGE_LOOP ( 'NONE', ( #367, #1630 ) ) ;
#2141 = CIRCLE ( 'NONE', #734, 1.699999999999996625 ) ;
#2142 = AXIS2_PLACEMENT_3D ( 'NONE', #2077, #2595, #109 ) ;
#2143 = CARTESIAN_POINT ( 'NONE',  ( 10.30870081495779012, -1.828425288931176770E-15, 21.67327126918520364 ) ) ;
#2144 = EDGE_CURVE ( 'NONE', #168, #2633, #564, .T. ) ;
#2145 = CARTESIAN_POINT ( 'NONE',  ( 24.00000000000000355, 10.59999999999999964, 0.000000000000000000 ) ) ;
#2146 = CARTESIAN_POINT ( 'NONE',  ( 17.00204441329596605, -1.893911495153902592E-15, -15.10550882763370417 ) ) ;
#2147 = LINE ( 'NONE', #1336, #2670 ) ;
#2148 = ORIENTED_EDGE ( 'NONE', *, *, #688, .T. ) ;
#2149 = ADVANCED_FACE ( 'NONE', ( #2207 ), #2086, .F. ) ;
#2150 = CARTESIAN_POINT ( 'NONE',  ( 1.818952717202896847E-15, 10.59999999999999609, 0.000000000000000000 ) ) ;
#2151 = EDGE_CURVE ( 'NONE', #848, #3001, #590, .T. ) ;
#2152 = EDGE_CURVE ( 'NONE', #1079, #2209, #2037, .T. ) ;
#2153 = DIRECTION ( 'NONE',  ( 0.6855100102924707173, 0.000000000000000000, 0.7280632017818347013 ) ) ;
#2154 = DIRECTION ( 'NONE',  ( -1.000000000000000000, -1.734723475976807094E-16, 0.000000000000000000 ) ) ;
#2155 = ORIENTED_EDGE ( 'NONE', *, *, #1504, .T. ) ;
#2156 = ORIENTED_EDGE ( 'NONE', *, *, #1092, .T. ) ;
#2157 = APPLICATION_CONTEXT ( 'configuration controlled 3d designs of mechanical parts and assemblies' ) ;
#2158 = LINE ( 'NONE', #473, #1747 ) ;
#2159 = CARTESIAN_POINT ( 'NONE',  ( -11.97963748257098793, 10.59999999999999432, -19.37832075548431376 ) ) ;
#2160 = EDGE_LOOP ( 'NONE', ( #2437, #238, #2302, #291 ) ) ;
#2161 = PLANE ( 'NONE',  #2124 ) ;
#2162 = CARTESIAN_POINT ( 'NONE',  ( 23.50000000000000000, 0.000000000000000000, 0.000000000000000000 ) ) ;
#2163 = LINE ( 'NONE', #888, #2195 ) ;
#2164 = CARTESIAN_POINT ( 'NONE',  ( -4.629400899860681484, -16.52761471384491543, -22.30694234592950309 ) ) ;
#2165 = ORIENTED_EDGE ( 'NONE', *, *, #2190, .T. ) ;
#2166 = CARTESIAN_POINT ( 'NONE',  ( -10.30870081495733892, 22.02644230769231015, 21.67327126918540969 ) ) ;
#2167 = AXIS2_PLACEMENT_3D ( 'NONE', #2404, #2174, #1215 ) ;
#2168 = EDGE_CURVE ( 'NONE', #2712, #3071, #2179, .T. ) ;
#2169 = CYLINDRICAL_SURFACE ( 'NONE', #1748, 1.699999999999993072 ) ;
#2170 = AXIS2_PLACEMENT_3D ( 'NONE', #1423, #1691, #220 ) ;
#2171 = ORIENTED_EDGE ( 'NONE', *, *, #1410, .F. ) ;
#2172 = EDGE_LOOP ( 'NONE', ( #2743, #2322, #288, #1219 ) ) ;
#2173 = AXIS2_PLACEMENT_3D ( 'NONE', #3044, #1751, #1513 ) ;
#2174 = DIRECTION ( 'NONE',  ( 1.591880191770952510E-16, -1.000000000000000000, 0.000000000000000000 ) ) ;
#2175 = CIRCLE ( 'NONE', #764, 24.00000000000000000 ) ;
#2176 = DIRECTION ( 'NONE',  ( -0.3951564175231441212, 0.000000000000000000, -0.9186138501515610510 ) ) ;
#2177 = EDGE_LOOP ( 'NONE', ( #2036, #3108, #2578, #2565 ) ) ;
#2178 = CARTESIAN_POINT ( 'NONE',  ( -11.75000000000009770, -6.938893903907228378E-15, -20.35159698893425784 ) ) ;
#2179 = CIRCLE ( 'NONE', #3026, 1.000000000000001110 ) ;
#2180 = VECTOR ( 'NONE', #1291, 1000.000000000000000 ) ;
#2181 = CARTESIAN_POINT ( 'NONE',  ( 19.55391846839944492, -3.566974038186871367E-16, -13.91561254602855335 ) ) ;
#2182 = EDGE_LOOP ( 'NONE', ( #3212, #2233, #3104, #2755 ) ) ;
#2183 = EDGE_LOOP ( 'NONE', ( #1583, #653 ) ) ;
#2184 = CARTESIAN_POINT ( 'NONE',  ( 1.818952717202896847E-15, 10.59999999999999609, 0.000000000000000000 ) ) ;
#2185 = EDGE_CURVE ( 'NONE', #3242, #370, #286, .T. ) ;
#2186 = DIRECTION ( 'NONE',  ( -1.591880191770953003E-16, 1.000000000000000000, 0.000000000000000000 ) ) ;
#2187 = ORIENTED_EDGE ( 'NONE', *, *, #1864, .F. ) ;
#2188 = EDGE_CURVE ( 'NONE', #324, #3077, #2443, .T. ) ;
#2189 = VERTEX_POINT ( 'NONE', #2318 ) ;
#2190 = EDGE_CURVE ( 'NONE', #278, #2764, #2340, .T. ) ;
#2191 = DIRECTION ( 'NONE',  ( -1.591880191770952510E-16, 1.000000000000000000, -0.000000000000000000 ) ) ;
#2192 = DIRECTION ( 'NONE',  ( 0.9931211392610557187, 1.580929869618676134E-16, 0.1170914290322851853 ) ) ;
#2193 = EDGE_CURVE ( 'NONE', #39, #2470, #2514, .T. ) ;
#2194 = ORIENTED_EDGE ( 'NONE', *, *, #3161, .F. ) ;
#2195 = VECTOR ( 'NONE', #1882, 1000.000000000000000 ) ;
#2196 = CC_DESIGN_APPROVAL ( #3039, ( #526 ) ) ;
#2197 = AXIS2_PLACEMENT_3D ( 'NONE', #792, #776, #2780 ) ;
#2198 = ORIENTED_EDGE ( 'NONE', *, *, #296, .F. ) ;
#2199 = VERTEX_POINT ( 'NONE', #1080 ) ;
#2200 = DIRECTION ( 'NONE',  ( -0.9931211392610533872, -2.375595552864468726E-16, 0.1170914290323055301 ) ) ;
#2201 = APPLICATION_CONTEXT ( 'configuration controlled 3d designs of mechanical parts and assemblies' ) ;
#2202 = CARTESIAN_POINT ( 'NONE',  ( -27.00000000000000355, 10.59999999999999076, 0.000000000000000000 ) ) ;
#2203 = DIRECTION ( 'NONE',  ( -0.9732762334499395207, -1.549339157150400119E-16, 0.2296374825708965839 ) ) ;
#2204 = VERTEX_POINT ( 'NONE', #813 ) ;
#2205 = CARTESIAN_POINT ( 'NONE',  ( -13.50000000000011191, 10.59999999999999254, -21.68268590217979153 ) ) ;
#2206 = PLANE ( 'NONE',  #395 ) ;
#2207 = FACE_OUTER_BOUND ( 'NONE', #2177, .T. ) ;
#2208 = ORIENTED_EDGE ( 'NONE', *, *, #2689, .T. ) ;
#2209 = VERTEX_POINT ( 'NONE', #574 ) ;
#2210 = EDGE_CURVE ( 'NONE', #1457, #848, #1278, .T. ) ;
#2211 = EDGE_CURVE ( 'NONE', #1974, #951, #307, .T. ) ;
#2212 = ORIENTED_EDGE ( 'NONE', *, *, #1448, .F. ) ;
#2213 = ORIENTED_EDGE ( 'NONE', *, *, #2939, .T. ) ;
#2214 = VERTEX_POINT ( 'NONE', #3050 ) ;
#2215 = LINE ( 'NONE', #2166, #301 ) ;
#2216 = DIRECTION ( 'NONE',  ( -1.591880191770952756E-16, 1.000000000000000000, 2.465190328815661892E-32 ) ) ;
#2217 = DIRECTION ( 'NONE',  ( 0.05714112891291870527, 8.856275144977017523E-17, 0.9983661108964773101 ) ) ;
#2218 = ORIENTED_EDGE ( 'NONE', *, *, #3115, .F. ) ;
#2219 = DIRECTION ( 'NONE',  ( -1.591880191770953003E-16, 1.000000000000000000, 0.000000000000000000 ) ) ;
#2220 = CIRCLE ( 'NONE', #1487, 1.699999999999996625 ) ;
#2221 = CARTESIAN_POINT ( 'NONE',  ( 22.77193679821816730, -16.56058306581548223, -0.6855100102924707173 ) ) ;
#2222 = CARTESIAN_POINT ( 'NONE',  ( 4.629400899860828034, -3.469446951953614189E-15, 22.30694234592947112 ) ) ;
#2223 = VECTOR ( 'NONE', #572, 1000.000000000000000 ) ;
#2224 = ORIENTED_EDGE ( 'NONE', *, *, #691, .F. ) ;
#2225 = ORIENTED_EDGE ( 'NONE', *, *, #213, .T. ) ;
#2226 = VECTOR ( 'NONE', #1793, 999.9999999999998863 ) ;
#2227 = ORIENTED_EDGE ( 'NONE', *, *, #2843, .F. ) ;
#2228 = EDGE_CURVE ( 'NONE', #2441, #890, #256, .T. ) ;
#2229 = CIRCLE ( 'NONE', #816, 1.000000000000000888 ) ;
#2230 = DIRECTION ( 'NONE',  ( -1.591880191770952510E-16, 1.000000000000000000, -0.000000000000000000 ) ) ;
#2231 = VECTOR ( 'NONE', #1613, 1000.000000000000114 ) ;
#2232 = ORIENTED_EDGE ( 'NONE', *, *, #2572, .F. ) ;
#2233 = ORIENTED_EDGE ( 'NONE', *, *, #593, .F. ) ;
#2234 = VERTEX_POINT ( 'NONE', #2271 ) ;
#2235 = CARTESIAN_POINT ( 'NONE',  ( 11.74999999999995559, -3.469446951953614189E-15, -20.35159698893433600 ) ) ;
#2236 = CIRCLE ( 'NONE', #2547, 1.000000000000000888 ) ;
#2237 = CARTESIAN_POINT ( 'NONE',  ( 21.08277658846895264, -1.591880191770952756E-16, 8.037473368152937780 ) ) ;
#2238 = ORIENTED_EDGE ( 'NONE', *, *, #2528, .F. ) ;
#2239 = CARTESIAN_POINT ( 'NONE',  ( 21.16416273831727679, 10.59999999999999964, -8.432629785676370560 ) ) ;
#2240 = DIRECTION ( 'NONE',  ( -0.8931809787702695846, 0.000000000000000000, 0.4496973862087516038 ) ) ;
#2241 = CARTESIAN_POINT ( 'NONE',  ( -21.16416273831721995, -16.41173927388289755, 8.432629785676512668 ) ) ;
#2242 = ORIENTED_EDGE ( 'NONE', *, *, #2185, .T. ) ;
#2243 = ORIENTED_EDGE ( 'NONE', *, *, #952, .T. ) ;
#2244 = DIRECTION ( 'NONE',  ( 0.5979647217379240320, 9.518881959124307167E-17, 0.8015224211192641945 ) ) ;
#2245 = ORIENTED_EDGE ( 'NONE', *, *, #3141, .F. ) ;
#2246 = VERTEX_POINT ( 'NONE', #831 ) ;
#2247 = ADVANCED_FACE ( 'NONE', ( #557 ), #37, .F. ) ;
#2248 = VECTOR ( 'NONE', #2045, 1000.000000000000000 ) ;
#2249 = DIRECTION ( 'NONE',  ( 0.9732762334499378554, 1.549339157150397408E-16, -0.2296374825709033562 ) ) ;
#2250 = DIRECTION ( 'NONE',  ( -1.000000000000000000, 0.000000000000000000, 0.000000000000000000 ) ) ;
#2251 = EDGE_CURVE ( 'NONE', #2070, #3242, #2022, .T. ) ;
#2252 = CYLINDRICAL_SURFACE ( 'NONE', #1000, 1.000000000000000888 ) ;
#2253 = VERTEX_POINT ( 'NONE', #540 ) ;
#2254 = EDGE_CURVE ( 'NONE', #2136, #3168, #1533, .T. ) ;
#2255 = AXIS2_PLACEMENT_3D ( 'NONE', #2823, #304, #2517 ) ;
#2256 = EDGE_CURVE ( 'NONE', #509, #8, #2549, .T. ) ;
#2257 = CARTESIAN_POINT ( 'NONE',  ( 11.97963748257112471, -15.94240911860690346, 19.37832075548422850 ) ) ;
#2258 = LINE ( 'NONE', #1728, #2802 ) ;
#2259 = CARTESIAN_POINT ( 'NONE',  ( -27.00000000000000355, 10.59999999999999254, 1.699999999999986189 ) ) ;
#2260 = DIRECTION ( 'NONE',  ( -1.591880191770952510E-16, 1.000000000000000000, -0.000000000000000000 ) ) ;
#2261 = ORIENTED_EDGE ( 'NONE', *, *, #414, .F. ) ;
#2262 = EDGE_LOOP ( 'NONE', ( #2662, #1445, #2213, #420 ) ) ;
#2263 = CARTESIAN_POINT ( 'NONE',  ( 4.080732175173103826, -16.52761471384490832, 23.14298219578684623 ) ) ;
#2264 = DIRECTION ( 'NONE',  ( 0.8931809787702725822, 0.000000000000000000, -0.4496973862087459417 ) ) ;
#2265 = LINE ( 'NONE', #2541, #835 ) ;
#2266 = ORIENTED_EDGE ( 'NONE', *, *, #2815, .F. ) ;
#2267 = PLANE ( 'NONE',  #1039 ) ;
#2268 = EDGE_CURVE ( 'NONE', #2373, #1290, #317, .T. ) ;
#2269 = EDGE_CURVE ( 'NONE', #737, #724, #1395, .T. ) ;
#2270 = CARTESIAN_POINT ( 'NONE',  ( 13.49999999999994671, -1.040834085586084257E-14, -23.38268590217987608 ) ) ;
#2271 = CARTESIAN_POINT ( 'NONE',  ( 6.034387258133520504, -3.245789956609344326E-15, 23.22899417578978642 ) ) ;
#2272 = ORIENTED_EDGE ( 'NONE', *, *, #181, .F. ) ;
#2273 = ORIENTED_EDGE ( 'NONE', *, *, #823, .F. ) ;
#2274 = VECTOR ( 'NONE', #268, 1000.000000000000114 ) ;
#2275 = PLANE ( 'NONE',  #423 ) ;
#2276 = VECTOR ( 'NONE', #1227, 1000.000000000000114 ) ;
#2277 = PERSON_AND_ORGANIZATION_ROLE ( 'creator' ) ;
#2278 = VERTEX_POINT ( 'NONE', #3167 ) ;
#2279 = VECTOR ( 'NONE', #1585, 1000.000000000000000 ) ;
#2280 = VECTOR ( 'NONE', #3100, 1000.000000000000000 ) ;
#2281 = CYLINDRICAL_SURFACE ( 'NONE', #354, 1.000000000000000888 ) ;
#2282 = CARTESIAN_POINT ( 'NONE',  ( 22.77193679821816374, -4.244671598133760271E-33, -0.6855100102924707173 ) ) ;
#2283 = ORIENTED_EDGE ( 'NONE', *, *, #3055, .T. ) ;
#2284 = AXIS2_PLACEMENT_3D ( 'NONE', #2033, #51, #2334 ) ;
#2285 = ADVANCED_FACE ( 'NONE', ( #2646 ), #586, .T. ) ;
#2286 = LINE ( 'NONE', #3079, #1298 ) ;
#2287 = CARTESIAN_POINT ( 'NONE',  ( 11.97963748257084937, 10.59999999999999787, -19.37832075548439548 ) ) ;
#2288 = AXIS2_PLACEMENT_3D ( 'NONE', #26, #3022, #628 ) ;
#2289 = ORIENTED_EDGE ( 'NONE', *, *, #649, .T. ) ;
#2290 = DIRECTION ( 'NONE',  ( -1.591880191770952510E-16, 1.000000000000000000, -0.000000000000000000 ) ) ;
#2291 = EDGE_CURVE ( 'NONE', #496, #2447, #1353, .T. ) ;
#2292 = ORIENTED_EDGE ( 'NONE', *, *, #415, .F. ) ;
#2293 = DIRECTION ( 'NONE',  ( -1.591880191770952510E-16, 1.000000000000000000, -0.000000000000000000 ) ) ;
#2294 = ADVANCED_FACE ( 'NONE', ( #406 ), #2864, .T. ) ;
#2295 = FACE_OUTER_BOUND ( 'NONE', #1439, .T. ) ;
#2296 = ORIENTED_EDGE ( 'NONE', *, *, #1742, .F. ) ;
#2297 = EDGE_CURVE ( 'NONE', #1356, #1422, #1401, .T. ) ;
#2298 = PERSON_AND_ORGANIZATION ( #494, #2557 ) ;
#2299 = CIRCLE ( 'NONE', #2614, 24.00000000000000000 ) ;
#2300 = DIRECTION ( 'NONE',  ( -1.000000000000000000, -1.591880191770952510E-16, 0.000000000000000000 ) ) ;
#2301 = DIRECTION ( 'NONE',  ( -1.000000000000000000, -1.591880191770955715E-16, 0.000000000000000000 ) ) ;
#2302 = ORIENTED_EDGE ( 'NONE', *, *, #556, .F. ) ;
#2303 = DIRECTION ( 'NONE',  ( 1.591880191770952510E-16, -1.000000000000000000, 0.000000000000000000 ) ) ;
#2304 = CARTESIAN_POINT ( 'NONE',  ( -11.97963748257098793, 10.59999999999999432, -19.37832075548431376 ) ) ;
#2305 = EDGE_LOOP ( 'NONE', ( #1181, #1599, #1731, #204 ) ) ;
#2306 = DIRECTION ( 'NONE',  ( -1.000000000000000000, -1.591880191770951277E-16, 1.734723475976805517E-15 ) ) ;
#2307 = VERTEX_POINT ( 'NONE', #164 ) ;
#2308 = CARTESIAN_POINT ( 'NONE',  ( -6.034387258133365961, -3.693103947297883263E-15, -23.22899417578982550 ) ) ;
#2309 = LINE ( 'NONE', #1789, #3073 ) ;
#2310 = ORIENTED_EDGE ( 'NONE', *, *, #281, .F. ) ;
#2311 = EDGE_CURVE ( 'NONE', #646, #904, #2651, .T. ) ;
#2312 = LINE ( 'NONE', #1765, #3042 ) ;
#2313 = DIRECTION ( 'NONE',  ( -0.2877662231574780738, -1.252755033750925802E-16, -0.9577006843527263724 ) ) ;
#2314 = CARTESIAN_POINT ( 'NONE',  ( -17.88495298426357749, 10.59999999999999254, 14.11238768837277036 ) ) ;
#2315 = ORIENTED_EDGE ( 'NONE', *, *, #552, .T. ) ;
#2316 = DIRECTION ( 'NONE',  ( -0.8931809787702755798, -1.421837107770993319E-16, -0.4496973862087397245 ) ) ;
#2317 = DIRECTION ( 'NONE',  ( -0.5979647217379132629, -9.518881959124137069E-17, 0.8015224211192721882 ) ) ;
#2318 = CARTESIAN_POINT ( 'NONE',  ( 22.50000000000000000, 10.59999999999999964, 0.000000000000000000 ) ) ;
#2319 = ORIENTED_EDGE ( 'NONE', *, *, #1738, .F. ) ;
#2320 = DIRECTION ( 'NONE',  ( 0.4999999999999920619, 0.000000000000000000, -0.8660254037844432595 ) ) ;
#2321 = DIRECTION ( 'NONE',  ( -0.000000000000000000, 1.000000000000000000, -0.000000000000000000 ) ) ;
#2322 = ORIENTED_EDGE ( 'NONE', *, *, #994, .F. ) ;
#2323 = ADVANCED_FACE ( 'NONE', ( #1161 ), #2615, .T. ) ;
#2324 = CIRCLE ( 'NONE', #3067, 0.9999999999999992228 ) ;
#2325 = ADVANCED_FACE ( 'NONE', ( #3097 ), #2350, .T. ) ;
#2326 = EDGE_CURVE ( 'NONE', #1639, #3168, #2863, .T. ) ;
#2327 = VECTOR ( 'NONE', #2492, 1000.000000000000000 ) ;
#2328 = LINE ( 'NONE', #2845, #1289 ) ;
#2329 = LINE ( 'NONE', #2131, #105 ) ;
#2330 = VECTOR ( 'NONE', #1335, 999.9999999999998863 ) ;
#2331 = ORIENTED_EDGE ( 'NONE', *, *, #2841, .T. ) ;
#2332 = EDGE_CURVE ( 'NONE', #724, #737, #1443, .T. ) ;
#2333 = LINE ( 'NONE', #3109, #1598 ) ;
#2334 = DIRECTION ( 'NONE',  ( -1.000000000000000000, -1.445602896647339163E-16, 0.000000000000000000 ) ) ;
#2335 = VECTOR ( 'NONE', #2440, 1000.000000000000114 ) ;
#2336 = DIRECTION ( 'NONE',  ( 0.000000000000000000, 0.000000000000000000, 1.000000000000000000 ) ) ;
#2337 = FACE_OUTER_BOUND ( 'NONE', #570, .T. ) ;
#2338 = EDGE_LOOP ( 'NONE', ( #1480, #909, #2583, #2352 ) ) ;
#2339 = VECTOR ( 'NONE', #3035, 1000.000000000000000 ) ;
#2340 = LINE ( 'NONE', #3065, #3241 ) ;
#2341 = ORIENTED_EDGE ( 'NONE', *, *, #1644, .F. ) ;
#2342 = CIRCLE ( 'NONE', #617, 24.00000000000000000 ) ;
#2343 = CARTESIAN_POINT ( 'NONE',  ( 13.50000000000027178, -1.040834085586084257E-14, 23.38268590217968423 ) ) ;
#2344 = ORIENTED_EDGE ( 'NONE', *, *, #3220, .T. ) ;
#2345 = DIRECTION ( 'NONE',  ( -0.8360398498573707871, -1.330875276519109796E-16, -0.5486687246877344215 ) ) ;
#2346 = CARTESIAN_POINT ( 'NONE',  ( 22.08277658846884606, -16.41173927388289755, -8.037473368153230879 ) ) ;
#2347 = ORIENTED_EDGE ( 'NONE', *, *, #1369, .T. ) ;
#2348 = DIRECTION ( 'NONE',  ( -0.7660444431189762371, 0.000000000000000000, 0.6427876096865414723 ) ) ;
#2349 = AXIS2_PLACEMENT_3D ( 'NONE', #1829, #2094, #1142 ) ;
#2350 = CYLINDRICAL_SURFACE ( 'NONE', #1032, 1.000000000000000888 ) ;
#2351 = DIRECTION ( 'NONE',  ( -1.000000000000000000, -1.591880191770955715E-16, 0.000000000000000000 ) ) ;
#2352 = ORIENTED_EDGE ( 'NONE', *, *, #1986, .F. ) ;
#2353 = AXIS2_PLACEMENT_3D ( 'NONE', #2741, #774, #2758 ) ;
#2354 = VERTEX_POINT ( 'NONE', #859 ) ;
#2355 = CIRCLE ( 'NONE', #887, 24.00000000000000000 ) ;
#2356 = CARTESIAN_POINT ( 'NONE',  ( -13.49999999999978506, 10.59999999999999254, 25.08268590217996064 ) ) ;
#2357 = ORIENTED_EDGE ( 'NONE', *, *, #1742, .T. ) ;
#2358 = CARTESIAN_POINT ( 'NONE',  ( -17.00367830239958877, -6.938893903907228378E-15, -15.16264995654649361 ) ) ;
#2359 = CARTESIAN_POINT ( 'NONE',  ( 22.77193679821816374, 0.000000000000000000, -0.6855100102924707173 ) ) ;
#2360 = CYLINDRICAL_SURFACE ( 'NONE', #2645, 24.00000000000000000 ) ;
#2361 = CARTESIAN_POINT ( 'NONE',  ( -18.00204441329585947, 10.59999999999999254, 15.10550882763382852 ) ) ;
#2362 = ORIENTED_EDGE ( 'NONE', *, *, #727, .T. ) ;
#2363 = CARTESIAN_POINT ( 'NONE',  ( -17.88495298426376579, 10.59999999999999254, -14.11238768837252877 ) ) ;
#2364 = CARTESIAN_POINT ( 'NONE',  ( 0.000000000000000000, 22.02644230769231370, 0.000000000000000000 ) ) ;
#2365 = CARTESIAN_POINT ( 'NONE',  ( -23.50000000000000355, -6.938893903907228378E-15, 0.000000000000000000 ) ) ;
#2366 = ORIENTED_EDGE ( 'NONE', *, *, #593, .T. ) ;
#2367 = ORIENTED_EDGE ( 'NONE', *, *, #953, .T. ) ;
#2368 = ADVANCED_FACE ( 'NONE', ( #2082 ), #846, .F. ) ;
#2369 = EDGE_CURVE ( 'NONE', #2204, #1134, #3074, .T. ) ;
#2370 = ORIENTED_EDGE ( 'NONE', *, *, #12, .T. ) ;
#2371 = DIRECTION ( 'NONE',  ( -1.591880191770952510E-16, 1.000000000000000000, 2.465190328815661892E-32 ) ) ;
#2372 = DIRECTION ( 'NONE',  ( -0.9732762334499426293, -2.344004840396201093E-16, -0.2296374825708829559 ) ) ;
#2373 = VERTEX_POINT ( 'NONE', #2849 ) ;
#2374 = DIRECTION ( 'NONE',  ( 0.05714112891291166924, 9.096183125189453864E-18, 0.9983661108964777542 ) ) ;
#2375 = VECTOR ( 'NONE', #1101, 1000.000000000000000 ) ;
#2376 = DIRECTION ( 'NONE',  ( -1.000000000000000000, -1.591880191770951277E-16, 0.000000000000000000 ) ) ;
#2377 = CARTESIAN_POINT ( 'NONE',  ( 22.77193679821816374, 0.000000000000000000, 0.6855100102924707173 ) ) ;
#2378 = LINE ( 'NONE', #2577, #1723 ) ;
#2379 = ORIENTED_EDGE ( 'NONE', *, *, #471, .T. ) ;
#2380 = DIRECTION ( 'NONE',  ( -0.6855100102924707173, -1.091249806645286015E-16, 0.7280632017818347013 ) ) ;
#2381 = AXIS2_PLACEMENT_3D ( 'NONE', #1146, #1641, #2647 ) ;
#2382 = CIRCLE ( 'NONE', #974, 1.699999999999996625 ) ;
#2383 = LINE ( 'NONE', #648, #2018 ) ;
#2384 = CARTESIAN_POINT ( 'NONE',  ( 4.080732175172795628, -16.52761471384491543, -23.14298219578689952 ) ) ;
#2385 = ORIENTED_EDGE ( 'NONE', *, *, #2634, .T. ) ;
#2386 = AXIS2_PLACEMENT_3D ( 'NONE', #1984, #2842, #2854 ) ;
#2387 = VERTEX_POINT ( 'NONE', #1124 ) ;
#2388 = AXIS2_PLACEMENT_3D ( 'NONE', #1343, #332, #1324 ) ;
#2389 = EDGE_CURVE ( 'NONE', #1802, #1959, #601, .T. ) ;
#2390 = LINE ( 'NONE', #1859, #1651 ) ;
#2391 = ORIENTED_EDGE ( 'NONE', *, *, #2669, .F. ) ;
#2392 = VECTOR ( 'NONE', #1862, 1000.000000000000000 ) ;
#2393 = EDGE_CURVE ( 'NONE', #3119, #287, #1595, .T. ) ;
#2394 = AXIS2_PLACEMENT_3D ( 'NONE', #399, #1621, #175 ) ;
#2395 = ADVANCED_FACE ( 'NONE', ( #2894 ), #2600, .F. ) ;
#2396 = CARTESIAN_POINT ( 'NONE',  ( 3.506345720480106912E-15, -3.469446951953614189E-15, 0.000000000000000000 ) ) ;
#2397 = FACE_BOUND ( 'NONE', #1818, .T. ) ;
#2398 = VERTEX_POINT ( 'NONE', #2628 ) ;
#2399 = CARTESIAN_POINT ( 'NONE',  ( 22.77193679821816374, 10.59999999999999964, 0.6855100102924707173 ) ) ;
#2400 = DIRECTION ( 'NONE',  ( -1.000000000000000000, 0.000000000000000000, 0.000000000000000000 ) ) ;
#2401 = ORIENTED_EDGE ( 'NONE', *, *, #828, .T. ) ;
#2402 = ORIENTED_EDGE ( 'NONE', *, *, #2879, .F. ) ;
#2403 = VECTOR ( 'NONE', #226, 1000.000000000000000 ) ;
#2404 = CARTESIAN_POINT ( 'NONE',  ( -22.08277658846890290, -6.938893903907228378E-15, -8.037473368153081665 ) ) ;
#2405 = ADVANCED_BREP_SHAPE_REPRESENTATION ( 'InRunnerRingGear', ( #1895, #321 ), #1310 ) ;
#2406 = DIRECTION ( 'NONE',  ( -0.000000000000000000, 1.000000000000000000, 4.930380657631323784E-32 ) ) ;
#2407 = VERTEX_POINT ( 'NONE', #1381 ) ;
#2408 = CIRCLE ( 'NONE', #2770, 1.000000000000001998 ) ;
#2409 = LINE ( 'NONE', #2358, #309 ) ;
#2410 = EDGE_CURVE ( 'NONE', #2972, #2990, #2383, .T. ) ;
#2411 = ADVANCED_FACE ( 'NONE', ( #696 ), #29, .T. ) ;
#2412 = DIRECTION ( 'NONE',  ( -0.7660444431189762371, 0.000000000000000000, 0.6427876096865414723 ) ) ;
#2413 = FACE_OUTER_BOUND ( 'NONE', #2588, .T. ) ;
#2414 = ORIENTED_EDGE ( 'NONE', *, *, #2776, .F. ) ;
#2415 = CARTESIAN_POINT ( 'NONE',  ( -3.279209754053674875, -16.52761471384491543, -22.54501747404896150 ) ) ;
#2416 = DIRECTION ( 'NONE',  ( -0.5979647217379080448, 0.000000000000000000, 0.8015224211192761850 ) ) ;
#2417 = ORIENTED_EDGE ( 'NONE', *, *, #3011, .T. ) ;
#2418 = ORIENTED_EDGE ( 'NONE', *, *, #652, .F. ) ;
#2419 = DIRECTION ( 'NONE',  ( -1.000000000000000000, -1.445602896647339163E-16, 0.000000000000000000 ) ) ;
#2420 = FACE_OUTER_BOUND ( 'NONE', #1459, .T. ) ;
#2421 = ORIENTED_EDGE ( 'NONE', *, *, #2151, .T. ) ;
#2422 = DIRECTION ( 'NONE',  ( -1.591880191770952756E-16, 1.000000000000000000, -6.162975822039154730E-33 ) ) ;
#2423 = EDGE_CURVE ( 'NONE', #1857, #2630, #545, .T. ) ;
#2424 = CARTESIAN_POINT ( 'NONE',  ( 1.818952717202896847E-15, 10.59999999999999609, 0.000000000000000000 ) ) ;
#2425 = EDGE_CURVE ( 'NONE', #1127, #3082, #1042, .T. ) ;
#2426 = DIRECTION ( 'NONE',  ( -0.05714112891291166230, 0.000000000000000000, -0.9983661108964776432 ) ) ;
#2427 = ORIENTED_EDGE ( 'NONE', *, *, #1153, .F. ) ;
#2428 = EDGE_LOOP ( 'NONE', ( #478, #396, #1273, #3099 ) ) ;
#2429 = CARTESIAN_POINT ( 'NONE',  ( -10.79229931564708167, -15.94240911860697985, 20.06383076577693814 ) ) ;
#2430 = EDGE_CURVE ( 'NONE', #2971, #3240, #2507, .T. ) ;
#2431 = VECTOR ( 'NONE', #298, 1000.000000000000000 ) ;
#2432 = FACE_OUTER_BOUND ( 'NONE', #3145, .T. ) ;
#2433 = EDGE_CURVE ( 'NONE', #2031, #2851, #1878, .T. ) ;
#2434 = VECTOR ( 'NONE', #2601, 1000.000000000000114 ) ;
#2435 = ORIENTED_EDGE ( 'NONE', *, *, #2528, .T. ) ;
#2436 = EDGE_CURVE ( 'NONE', #2630, #2407, #1668, .T. ) ;
#2437 = ORIENTED_EDGE ( 'NONE', *, *, #2185, .F. ) ;
#2438 = VECTOR ( 'NONE', #2380, 1000.000000000000114 ) ;
#2439 = PLANE ( 'NONE',  #190 ) ;
#2440 = DIRECTION ( 'NONE',  ( -0.3951564175231316312, -6.290416737062452937E-17, 0.9186138501515663801 ) ) ;
#2441 = VERTEX_POINT ( 'NONE', #62 ) ;
#2442 = AXIS2_PLACEMENT_3D ( 'NONE', #2880, #2581, #2134 ) ;
#2443 = CIRCLE ( 'NONE', #2388, 1.000000000000000888 ) ;
#2444 = CLOSED_SHELL ( 'NONE', ( #596, #73, #1097, #1627, #589, #1939, #2570, #2737, #1057, #1093, #3023, #1269, #2505, #728, #2368, #1904, #1238, #2395, #1836, #1507, #1363, #107, #2149, #1035, #1216, #2044, #1471, #1701, #472, #2951, #2877, #3202, #2936, #2673, #2323, #1841, #2325, #2294, #755, #1315, #19, #2977, #2873, #2285, #2671, #3024, #1152, #886, #179, #2975, #549, #1865, #2997, #1296, #1506, #629, #3203, #3183, #2075, #2105, #3219, #2735, #1392, #2060, #1991, #1270, #2039, #3120, #1665, #1056, #686, #2465, #379, #2411, #1012, #1128, #1, #991, #866, #112, #1486, #1643, #790, #1938, #2935, #338, #2856, #355, #1171, #3080, #2247, #2612, #1154 ) ) ;
#2445 = CARTESIAN_POINT ( 'NONE',  ( -17.00367830239958522, -15.10922134489267776, -15.16264995654649361 ) ) ;
#2446 = ORIENTED_EDGE ( 'NONE', *, *, #1449, .T. ) ;
#2447 = VERTEX_POINT ( 'NONE', #1317 ) ;
#2448 = DIRECTION ( 'NONE',  ( -1.591880191770952756E-16, 1.000000000000000000, 0.000000000000000000 ) ) ;
#2449 = CYLINDRICAL_SURFACE ( 'NONE', #2381, 1.699999999999993072 ) ;
#2450 = EDGE_LOOP ( 'NONE', ( #1983, #2357, #955, #1122 ) ) ;
#2451 = DIRECTION ( 'NONE',  ( -0.000000000000000000, 1.000000000000000000, -0.000000000000000000 ) ) ;
#2452 = APPROVAL ( #1573, 'UNSPECIFIED' ) ;
#2453 = EDGE_CURVE ( 'NONE', #588, #687, #2558, .T. ) ;
#2454 = LINE ( 'NONE', #701, #2691 ) ;
#2455 = CARTESIAN_POINT ( 'NONE',  ( -29.99999999999999645, -8.245087527266471225E-15, 0.000000000000000000 ) ) ;
#2456 = ORIENTED_EDGE ( 'NONE', *, *, #2840, .F. ) ;
#2457 = VERTEX_POINT ( 'NONE', #802 ) ;
#2458 = ORIENTED_EDGE ( 'NONE', *, *, #804, .T. ) ;
#2459 = CARTESIAN_POINT ( 'NONE',  ( -17.88495298426376223, -15.10922134489267776, -14.11238768837252877 ) ) ;
#2460 = FACE_OUTER_BOUND ( 'NONE', #621, .T. ) ;
#2461 = DIRECTION ( 'NONE',  ( 0.000000000000000000, 0.000000000000000000, 1.000000000000000000 ) ) ;
#2462 = ORIENTED_EDGE ( 'NONE', *, *, #219, .T. ) ;
#2463 = PLANE ( 'NONE',  #2071 ) ;
#2464 = LINE ( 'NONE', #3214, #861 ) ;
#2465 = ADVANCED_FACE ( 'NONE', ( #1058 ), #1792, .T. ) ;
#2466 = EDGE_CURVE ( 'NONE', #2484, #996, #3006, .T. ) ;
#2467 = CARTESIAN_POINT ( 'NONE',  ( -21.63307920226005621, -16.41173927388289755, 7.144292389383101849 ) ) ;
#2468 = ORIENTED_EDGE ( 'NONE', *, *, #952, .F. ) ;
#2469 = ORIENTED_EDGE ( 'NONE', *, *, #3015, .T. ) ;
#2470 = VERTEX_POINT ( 'NONE', #279 ) ;
#2471 = DIRECTION ( 'NONE',  ( -1.591880191770953003E-16, 1.000000000000000000, 0.000000000000000000 ) ) ;
#2472 = ORIENTED_EDGE ( 'NONE', *, *, #2138, .F. ) ;
#2473 = ORIENTED_EDGE ( 'NONE', *, *, #1527, .T. ) ;
#2474 = ORIENTED_EDGE ( 'NONE', *, *, #884, .F. ) ;
#2475 = CARTESIAN_POINT ( 'NONE',  ( 1.818952717202896847E-15, 10.59999999999999609, 0.000000000000000000 ) ) ;
#2476 = CARTESIAN_POINT ( 'NONE',  ( -13.49999999999978506, -1.561251128379126385E-14, 23.38268590217996490 ) ) ;
#2477 = VERTEX_POINT ( 'NONE', #566 ) ;
#2478 = DIRECTION ( 'NONE',  ( 0.9732762334499395207, 0.000000000000000000, -0.2296374825708965839 ) ) ;
#2479 = VECTOR ( 'NONE', #1854, 1000.000000000000000 ) ;
#2480 = DIRECTION ( 'NONE',  ( 0.5486687246877289814, 8.734148746746260234E-17, -0.8360398498573743398 ) ) ;
#2481 = CARTESIAN_POINT ( 'NONE',  ( 21.16416273831727679, 10.59999999999999964, -8.432629785676370560 ) ) ;
#2482 = CIRCLE ( 'NONE', #1438, 1.699999999999996625 ) ;
#2483 = ORIENTED_EDGE ( 'NONE', *, *, #2144, .F. ) ;
#2484 = VERTEX_POINT ( 'NONE', #1512 ) ;
#2485 = VECTOR ( 'NONE', #707, 999.9999999999998863 ) ;
#2486 = EDGE_CURVE ( 'NONE', #858, #168, #2312, .T. ) ;
#2487 = EDGE_CURVE ( 'NONE', #2307, #439, #1823, .T. ) ;
#2488 = VECTOR ( 'NONE', #300, 1000.000000000000000 ) ;
#2489 = ORIENTED_EDGE ( 'NONE', *, *, #375, .F. ) ;
#2490 = ORIENTED_EDGE ( 'NONE', *, *, #1932, .F. ) ;
#2491 = AXIS2_PLACEMENT_3D ( 'NONE', #521, #2451, #1517 ) ;
#2492 = DIRECTION ( 'NONE',  ( -1.591880191770952756E-16, 1.000000000000000000, 2.465190328815661892E-32 ) ) ;
#2493 = FACE_OUTER_BOUND ( 'NONE', #1989, .T. ) ;
#2494 = ORIENTED_EDGE ( 'NONE', *, *, #2815, .T. ) ;
#2495 = CARTESIAN_POINT ( 'NONE',  ( -21.16416273831734074, 10.59999999999999254, -8.432629785676228451 ) ) ;
#2496 = LINE ( 'NONE', #765, #2274 ) ;
#2497 = CARTESIAN_POINT ( 'NONE',  ( -21.82823320828194724, 22.02644230769231015, -9.976383864149239500 ) ) ;
#2498 = CARTESIAN_POINT ( 'NONE',  ( 0.000000000000000000, 22.02644230769231370, 0.000000000000000000 ) ) ;
#2499 = ORIENTED_EDGE ( 'NONE', *, *, #3019, .T. ) ;
#2500 = ORIENTED_EDGE ( 'NONE', *, *, #3116, .T. ) ;
#2501 = CARTESIAN_POINT ( 'NONE',  ( 2.274314739882337566, 10.59999999999999609, -23.89199641017790654 ) ) ;
#2502 = CIRCLE ( 'NONE', #1260, 1.699999999999996625 ) ;
#2503 = DIRECTION ( 'NONE',  ( -1.000000000000000000, -1.445602896647339163E-16, 0.000000000000000000 ) ) ;
#2504 = ORIENTED_EDGE ( 'NONE', *, *, #1962, .F. ) ;
#2505 = ADVANCED_FACE ( 'NONE', ( #2992, #499, #1492, #2889, #2921, #954, #936, #2685 ), #159, .F. ) ;
#2506 = AXIS2_PLACEMENT_3D ( 'NONE', #1494, #1451, #2461 ) ;
#2507 = LINE ( 'NONE', #3043, #3095 ) ;
#2508 = DIRECTION ( 'NONE',  ( -1.591880191770952510E-16, 1.000000000000000000, -0.000000000000000000 ) ) ;
#2509 = DIRECTION ( 'NONE',  ( -1.000000000000000000, 0.000000000000000000, 0.000000000000000000 ) ) ;
#2510 = VERTEX_POINT ( 'NONE', #2057 ) ;
#2511 = AXIS2_PLACEMENT_3D ( 'NONE', #1365, #889, #124 ) ;
#2512 = LINE ( 'NONE', #961, #1249 ) ;
#2513 = CARTESIAN_POINT ( 'NONE',  ( -27.00000000000000355, 10.59999999999999076, -1.699999999999991518 ) ) ;
#2514 = LINE ( 'NONE', #1837, #770 ) ;
#2515 = ORIENTED_EDGE ( 'NONE', *, *, #1412, .F. ) ;
#2516 = ORIENTED_EDGE ( 'NONE', *, *, #2268, .F. ) ;
#2517 = DIRECTION ( 'NONE',  ( -0.9732762334499378554, 0.000000000000000000, 0.2296374825709033562 ) ) ;
#2518 = APPROVAL_STATUS ( 'not_yet_approved' ) ;
#2519 = EDGE_CURVE ( 'NONE', #3232, #812, #1131, .T. ) ;
#2520 = EDGE_LOOP ( 'NONE', ( #2273, #3049, #752, #3197 ) ) ;
#2521 = EDGE_CURVE ( 'NONE', #3181, #1306, #1950, .T. ) ;
#2522 = CARTESIAN_POINT ( 'NONE',  ( -22.77193679821816730, 10.59999999999999254, 0.6855100102924707173 ) ) ;
#2523 = CYLINDRICAL_SURFACE ( 'NONE', #2591, 24.00000000000000000 ) ;
#2524 = CARTESIAN_POINT ( 'NONE',  ( 11.97963748257112471, -15.94240911860690346, 19.37832075548422850 ) ) ;
#2525 = ORIENTED_EDGE ( 'NONE', *, *, #157, .T. ) ;
#2526 = EDGE_CURVE ( 'NONE', #2786, #2204, #949, .T. ) ;
#2527 = CARTESIAN_POINT ( 'NONE',  ( 4.080732175172792964, -3.469446951953614189E-15, -23.14298219578689952 ) ) ;
#2528 = EDGE_CURVE ( 'NONE', #1931, #815, #2751, .T. ) ;
#2529 = DIRECTION ( 'NONE',  ( -1.591880191770952756E-16, 1.000000000000000000, 1.232595164407830946E-32 ) ) ;
#2530 = EDGE_LOOP ( 'NONE', ( #1884, #2726, #1284, #1006 ) ) ;
#2531 = CARTESIAN_POINT ( 'NONE',  ( 0.000000000000000000, 22.02644230769231370, 0.000000000000000000 ) ) ;
#2532 = ORIENTED_EDGE ( 'NONE', *, *, #2188, .F. ) ;
#2533 = PLANE ( 'NONE',  #2782 ) ;
#2534 = VECTOR ( 'NONE', #1888, 1000.000000000000000 ) ;
#2535 = CARTESIAN_POINT ( 'NONE',  ( 23.13409268966150023, 2.389433638175164644E-16, 6.388564426078088943 ) ) ;
#2536 = ORIENTED_EDGE ( 'NONE', *, *, #3019, .F. ) ;
#2537 = DATE_TIME_ROLE ( 'creation_date' ) ;
#2538 = VECTOR ( 'NONE', #882, 1000.000000000000114 ) ;
#2539 = VECTOR ( 'NONE', #3204, 1000.000000000000114 ) ;
#2540 = CARTESIAN_POINT ( 'NONE',  ( 13.49999999999994671, 10.59999999999999787, -25.08268590217986826 ) ) ;
#2541 = CARTESIAN_POINT ( 'NONE',  ( -17.00367830239938627, -6.938893903907228378E-15, 15.16264995654672632 ) ) ;
#2542 = ORIENTED_EDGE ( 'NONE', *, *, #2297, .T. ) ;
#2543 = CIRCLE ( 'NONE', #458, 1.000000000000001110 ) ;
#2544 = CARTESIAN_POINT ( 'NONE',  ( -11.75000000000009948, 10.59999999999999432, -20.35159698893425784 ) ) ;
#2545 = LINE ( 'NONE', #52, #2639 ) ;
#2546 = DIRECTION ( 'NONE',  ( 0.9931211392610541644, 7.862641863728775020E-17, -0.1170914290322986745 ) ) ;
#2547 = AXIS2_PLACEMENT_3D ( 'NONE', #2178, #625, #3190 ) ;
#2548 = VERTEX_POINT ( 'NONE', #21 ) ;
#2549 = LINE ( 'NONE', #2800, #88 ) ;
#2550 = EDGE_CURVE ( 'NONE', #1524, #2825, #1499, .T. ) ;
#2551 = EDGE_CURVE ( 'NONE', #2954, #3232, #2982, .T. ) ;
#2552 = ORIENTED_EDGE ( 'NONE', *, *, #1981, .F. ) ;
#2553 = DIRECTION ( 'NONE',  ( -1.591880191770952510E-16, 1.000000000000000000, -0.000000000000000000 ) ) ;
#2554 = CYLINDRICAL_SURFACE ( 'NONE', #2808, 1.000000000000000888 ) ;
#2555 = VERTEX_POINT ( 'NONE', #2259 ) ;
#2556 = SHAPE_DEFINITION_REPRESENTATION ( #703, #2405 ) ;
#2557 = ORGANIZATION ( 'UNSPECIFIED', 'UNSPECIFIED', '' ) ;
#2558 = LINE ( 'NONE', #1734, #2248 ) ;
#2559 = CARTESIAN_POINT ( 'NONE',  ( 0.000000000000000000, 22.02644230769231370, 0.000000000000000000 ) ) ;
#2560 = DIRECTION ( 'NONE',  ( 0.000000000000000000, 0.000000000000000000, 1.000000000000000000 ) ) ;
#2561 = ORIENTED_EDGE ( 'NONE', *, *, #69, .F. ) ;
#2562 = VECTOR ( 'NONE', #583, 1000.000000000000000 ) ;
#2563 = CARTESIAN_POINT ( 'NONE',  ( -11.97963748257071259, -6.938893903907228378E-15, 19.37832075548447719 ) ) ;
#2564 = DIRECTION ( 'NONE',  ( -0.8015224211192681913, -1.275927665440058595E-16, 0.5979647217379187030 ) ) ;
#2565 = ORIENTED_EDGE ( 'NONE', *, *, #2254, .T. ) ;
#2566 = DIRECTION ( 'NONE',  ( -1.591880191770953003E-16, 1.000000000000000000, 0.000000000000000000 ) ) ;
#2567 = VERTEX_POINT ( 'NONE', #2931 ) ;
#2568 = CYLINDRICAL_SURFACE ( 'NONE', #1383, 1.699999999999993072 ) ;
#2569 = EDGE_CURVE ( 'NONE', #1745, #1470, #437, .T. ) ;
#2570 = ADVANCED_FACE ( 'NONE', ( #3063 ), #98, .T. ) ;
#2571 = DIRECTION ( 'NONE',  ( -1.000000000000000000, 0.000000000000000000, 0.000000000000000000 ) ) ;
#2572 = EDGE_CURVE ( 'NONE', #815, #3082, #476, .T. ) ;
#2573 = CARTESIAN_POINT ( 'NONE',  ( -23.92395390970465385, 10.59999999999999254, 1.909038848826083434 ) ) ;
#2574 = ORIENTED_EDGE ( 'NONE', *, *, #1881, .T. ) ;
#2575 = PERSON_AND_ORGANIZATION ( #494, #2557 ) ;
#2576 = DIRECTION ( 'NONE',  ( 0.6855100102924707173, 0.000000000000000000, -0.7280632017818347013 ) ) ;
#2577 = CARTESIAN_POINT ( 'NONE',  ( 10.79229931564750622, -3.469446951953614189E-15, 20.06383076577671076 ) ) ;
#2578 = ORIENTED_EDGE ( 'NONE', *, *, #3157, .T. ) ;
#2579 = CARTESIAN_POINT ( 'NONE',  ( -13.50000000000011191, -1.561251128379126385E-14, -21.68268590217978797 ) ) ;
#2580 = CARTESIAN_POINT ( 'NONE',  ( -10.79229931564736589, -6.938893903907228378E-15, -20.06383076577678892 ) ) ;
#2581 = DIRECTION ( 'NONE',  ( -1.591880191770952510E-16, 1.000000000000000000, -0.000000000000000000 ) ) ;
#2582 = DIRECTION ( 'NONE',  ( 0.8360398498573707871, 0.000000000000000000, 0.5486687246877344215 ) ) ;
#2583 = ORIENTED_EDGE ( 'NONE', *, *, #1332, .T. ) ;
#2584 = ORIENTED_EDGE ( 'NONE', *, *, #1333, .F. ) ;
#2585 = DIRECTION ( 'NONE',  ( -0.1736481776669405452, 0.000000000000000000, -0.9848077530122062440 ) ) ;
#2586 = CARTESIAN_POINT ( 'NONE',  ( -19.55391846839953374, 10.59999999999999254, -13.91561254602841835 ) ) ;
#2587 = VECTOR ( 'NONE', #2798, 1000.000000000000000 ) ;
#2588 = EDGE_LOOP ( 'NONE', ( #2474, #233, #2370, #658 ) ) ;
#2589 = VECTOR ( 'NONE', #829, 999.9999999999998863 ) ;
#2590 = EDGE_CURVE ( 'NONE', #223, #2189, #528, .T. ) ;
#2591 = AXIS2_PLACEMENT_3D ( 'NONE', #1780, #2508, #500 ) ;
#2592 = EDGE_CURVE ( 'NONE', #2111, #2825, #2355, .T. ) ;
#2593 = EDGE_CURVE ( 'NONE', #3154, #1359, #3196, .T. ) ;
#2594 = DIRECTION ( 'NONE',  ( -1.000000000000000000, -1.445602896647339163E-16, 0.000000000000000000 ) ) ;
#2595 = DIRECTION ( 'NONE',  ( -0.000000000000000000, 1.000000000000000000, -0.000000000000000000 ) ) ;
#2596 = AXIS2_PLACEMENT_3D ( 'NONE', #2150, #1625, #1611 ) ;
#2597 = ORIENTED_EDGE ( 'NONE', *, *, #2126, .T. ) ;
#2598 = PLANE ( 'NONE',  #398 ) ;
#2599 = VECTOR ( 'NONE', #2932, 1000.000000000000114 ) ;
#2600 = CYLINDRICAL_SURFACE ( 'NONE', #868, 24.00000000000000000 ) ;
#2601 = DIRECTION ( 'NONE',  ( 0.8931809787702695846, 1.421837107770983951E-16, -0.4496973862087516038 ) ) ;
#2602 = ORIENTED_EDGE ( 'NONE', *, *, #2816, .F. ) ;
#2603 = VECTOR ( 'NONE', #1628, 1000.000000000000114 ) ;
#2604 = ORIENTED_EDGE ( 'NONE', *, *, #2632, .T. ) ;
#2605 = CIRCLE ( 'NONE', #1140, 24.00000000000000000 ) ;
#2606 = DIRECTION ( 'NONE',  ( 0.7660444431189816772, 0.000000000000000000, 0.6427876096865351441 ) ) ;
#2607 = ORIENTED_EDGE ( 'NONE', *, *, #2042, .F. ) ;
#2608 = DIRECTION ( 'NONE',  ( -1.591880191770952510E-16, 1.000000000000000000, -0.000000000000000000 ) ) ;
#2609 = PRODUCT_DEFINITION ( 'UNKNOWN', '', #526, #2740 ) ;
#2610 = DIRECTION ( 'NONE',  ( -1.591880191770952510E-16, 1.000000000000000000, -0.000000000000000000 ) ) ;
#2611 = VERTEX_POINT ( 'NONE', #501 ) ;
#2612 = ADVANCED_FACE ( 'NONE', ( #995 ), #2729, .F. ) ;
#2613 = CARTESIAN_POINT ( 'NONE',  ( -21.82823320828194369, 10.59999999999999254, -9.976383864149241276 ) ) ;
#2614 = AXIS2_PLACEMENT_3D ( 'NONE', #3192, #630, #1622 ) ;
#2615 = PLANE ( 'NONE',  #2068 ) ;
#2616 = CARTESIAN_POINT ( 'NONE',  ( -11.97963748257071259, -15.94240911860697985, 19.37832075548447719 ) ) ;
#2617 = VERTEX_POINT ( 'NONE', #1966 ) ;
#2618 = CC_DESIGN_SECURITY_CLASSIFICATION ( #2032, ( #526 ) ) ;
#2619 = VERTEX_POINT ( 'NONE', #1179 ) ;
#2620 = LINE ( 'NONE', #2667, #2012 ) ;
#2621 = ORIENTED_EDGE ( 'NONE', *, *, #2486, .T. ) ;
#2622 = DIRECTION ( 'NONE',  ( 0.8931809787702755798, 0.000000000000000000, 0.4496973862087397245 ) ) ;
#2623 = DIRECTION ( 'NONE',  ( 0.000000000000000000, 0.000000000000000000, 1.000000000000000000 ) ) ;
#2624 = PLANE ( 'NONE',  #2929 ) ;
#2625 = PLANE ( 'NONE',  #2511 ) ;
#2626 = ORIENTED_EDGE ( 'NONE', *, *, #1448, .T. ) ;
#2627 = DIRECTION ( 'NONE',  ( -1.000000000000000000, 0.000000000000000000, 0.000000000000000000 ) ) ;
#2628 = CARTESIAN_POINT ( 'NONE',  ( -2.274314739882183023, -3.309479705166763561E-15, 23.89199641017791365 ) ) ;
#2629 = CARTESIAN_POINT ( 'NONE',  ( 18.00204441329596605, -1.734723475976807094E-15, -15.10550882763370417 ) ) ;
#2630 = VERTEX_POINT ( 'NONE', #2746 ) ;
#2631 = ORIENTED_EDGE ( 'NONE', *, *, #1429, .F. ) ;
#2632 = EDGE_CURVE ( 'NONE', #3051, #3071, #943, .T. ) ;
#2633 = VERTEX_POINT ( 'NONE', #1212 ) ;
#2634 = EDGE_CURVE ( 'NONE', #2871, #1164, #2978, .T. ) ;
#2635 = DIRECTION ( 'NONE',  ( -1.000000000000000000, -1.591880191770951277E-16, 3.469446951953611033E-15 ) ) ;
#2636 = DIRECTION ( 'NONE',  ( 1.591880191770952510E-16, -1.000000000000000000, 0.000000000000000000 ) ) ;
#2637 = EDGE_LOOP ( 'NONE', ( #422, #3112, #1297, #576 ) ) ;
#2638 = LINE ( 'NONE', #2720, #2970 ) ;
#2639 = VECTOR ( 'NONE', #2035, 1000.000000000000000 ) ;
#2640 = LINE ( 'NONE', #2377, #3090 ) ;
#2641 = DIRECTION ( 'NONE',  ( -1.591880191770952756E-16, 1.000000000000000000, 0.000000000000000000 ) ) ;
#2642 = ORIENTED_EDGE ( 'NONE', *, *, #2256, .T. ) ;
#2643 = CARTESIAN_POINT ( 'NONE',  ( -17.09970543152800104, -6.954180272380475818E-15, 16.84042974971160334 ) ) ;
#2644 = EDGE_CURVE ( 'NONE', #129, #241, #730, .T. ) ;
#2645 = AXIS2_PLACEMENT_3D ( 'NONE', #2559, #824, #2594 ) ;
#2646 = FACE_OUTER_BOUND ( 'NONE', #2160, .T. ) ;
#2647 = DIRECTION ( 'NONE',  ( 0.000000000000000000, 0.000000000000000000, 1.000000000000000000 ) ) ;
#2648 = EDGE_LOOP ( 'NONE', ( #185, #2427, #2296, #1408 ) ) ;
#2649 = ORIENTED_EDGE ( 'NONE', *, *, #181, .T. ) ;
#2650 = FACE_OUTER_BOUND ( 'NONE', #1045, .T. ) ;
#2651 = CIRCLE ( 'NONE', #2442, 24.00000000000000000 ) ;
#2652 = EDGE_CURVE ( 'NONE', #2884, #2354, #2711, .T. ) ;
#2653 = EDGE_CURVE ( 'NONE', #2199, #188, #1566, .T. ) ;
#2654 = PLANE ( 'NONE',  #1600 ) ;
#2655 = ORIENTED_EDGE ( 'NONE', *, *, #1361, .T. ) ;
#2656 = VECTOR ( 'NONE', #314, 1000.000000000000114 ) ;
#2657 = CARTESIAN_POINT ( 'NONE',  ( 3.506345720480106912E-15, -3.469446951953614189E-15, 0.000000000000000000 ) ) ;
#2658 = CARTESIAN_POINT ( 'NONE',  ( 17.00204441329616856, -1.893911495153902592E-15, 15.10550882763346081 ) ) ;
#2659 = VERTEX_POINT ( 'NONE', #467 ) ;
#2660 = DIRECTION ( 'NONE',  ( -1.591880191770952510E-16, 1.000000000000000000, -0.000000000000000000 ) ) ;
#2661 = FACE_OUTER_BOUND ( 'NONE', #227, .T. ) ;
#2662 = ORIENTED_EDGE ( 'NONE', *, *, #2190, .F. ) ;
#2663 = ORIENTED_EDGE ( 'NONE', *, *, #42, .F. ) ;
#2664 = CIRCLE ( 'NONE', #780, 1.699999999999989742 ) ;
#2665 = DIRECTION ( 'NONE',  ( -1.591880191770952510E-16, 1.000000000000000000, -0.000000000000000000 ) ) ;
#2666 = EDGE_CURVE ( 'NONE', #1849, #1127, #1228, .T. ) ;
#2667 = CARTESIAN_POINT ( 'NONE',  ( 11.97963748257112115, 10.59999999999999787, 19.37832075548422850 ) ) ;
#2668 = VERTEX_POINT ( 'NONE', #3230 ) ;
#2669 = EDGE_CURVE ( 'NONE', #1148, #509, #485, .T. ) ;
#2671 = ADVANCED_FACE ( 'NONE', ( #761 ), #312, .T. ) ;
#2670 = VECTOR ( 'NONE', #2641, 1000.000000000000000 ) ;
#2672 = CARTESIAN_POINT ( 'NONE',  ( 21.16416273831739758, -16.41173927388291887, 8.432629785676088119 ) ) ;
#2673 = ADVANCED_FACE ( 'NONE', ( #1060 ), #1752, .T. ) ;
#2674 = CARTESIAN_POINT ( 'NONE',  ( -3.279209754053370229, -16.52761471384491543, 22.54501747404900414 ) ) ;
#2675 = DIRECTION ( 'NONE',  ( 0.000000000000000000, 0.000000000000000000, 1.000000000000000000 ) ) ;
#2676 = ORIENTED_EDGE ( 'NONE', *, *, #1410, .T. ) ;
#2677 = FACE_OUTER_BOUND ( 'NONE', #2520, .T. ) ;
#2678 = CARTESIAN_POINT ( 'NONE',  ( 18.00204441329617211, -15.10922134489271329, 15.10550882763346081 ) ) ;
#2679 = VERTEX_POINT ( 'NONE', #2047 ) ;
#2680 = DIRECTION ( 'NONE',  ( 0.8360398498573670123, 0.000000000000000000, -0.5486687246877401947 ) ) ;
#2681 = DIRECTION ( 'NONE',  ( -1.000000000000000000, -1.591880191770949552E-16, 3.469446951953614189E-15 ) ) ;
#2682 = CARTESIAN_POINT ( 'NONE',  ( 0.000000000000000000, 22.02644230769231370, 0.000000000000000000 ) ) ;
#2683 = ORIENTED_EDGE ( 'NONE', *, *, #1544, .F. ) ;
#2684 = DIRECTION ( 'NONE',  ( -1.000000000000000000, -1.445602896647339163E-16, 0.000000000000000000 ) ) ;
#2685 = FACE_BOUND ( 'NONE', #2706, .T. ) ;
#2686 = CARTESIAN_POINT ( 'NONE',  ( 4.629400899860531382, 10.59999999999999609, -22.30694234592953507 ) ) ;
#2687 = VERTEX_POINT ( 'NONE', #3076 ) ;
#2688 = CARTESIAN_POINT ( 'NONE',  ( -13.50000000000011191, 10.59999999999999254, -23.38268590217978726 ) ) ;
#2689 = EDGE_CURVE ( 'NONE', #3199, #1849, #3059, .T. ) ;
#2690 = EDGE_CURVE ( 'NONE', #2234, #370, #323, .T. ) ;
#2691 = VECTOR ( 'NONE', #1647, 1000.000000000000114 ) ;
#2692 = EDGE_CURVE ( 'NONE', #318, #1470, #1024, .T. ) ;
#2693 = CARTESIAN_POINT ( 'NONE',  ( -17.00367830239958877, 10.59999999999999254, -15.16264995654649361 ) ) ;
#2694 = AXIS2_PLACEMENT_3D ( 'NONE', #97, #2850, #1112 ) ;
#2695 = ORIENTED_EDGE ( 'NONE', *, *, #751, .T. ) ;
#2696 = CARTESIAN_POINT ( 'NONE',  ( 18.00204441329616856, 10.59999999999999787, 15.10550882763346081 ) ) ;
#2697 = VECTOR ( 'NONE', #212, 1000.000000000000000 ) ;
#2698 = CARTESIAN_POINT ( 'NONE',  ( 21.08277658846884250, -16.41173927388289755, -8.037473368153230879 ) ) ;
#2699 = AXIS2_PLACEMENT_3D ( 'NONE', #899, #1617, #120 ) ;
#2700 = DIRECTION ( 'NONE',  ( -1.000000000000000000, -1.591880191770952756E-16, 0.000000000000000000 ) ) ;
#2701 = ORIENTED_EDGE ( 'NONE', *, *, #2466, .T. ) ;
#2702 = AXIS2_PLACEMENT_3D ( 'NONE', #1750, #263, #1987 ) ;
#2703 = AXIS2_PLACEMENT_3D ( 'NONE', #683, #1676, #2680 ) ;
#2704 = AXIS2_PLACEMENT_3D ( 'NONE', #122, #158, #2623 ) ;
#2705 = CARTESIAN_POINT ( 'NONE',  ( -6.034387258133371290, 10.59999999999999609, -23.22899417578982550 ) ) ;
#2706 = EDGE_LOOP ( 'NONE', ( #58, #408 ) ) ;
#2707 = VERTEX_POINT ( 'NONE', #535 ) ;
#2708 = DIRECTION ( 'NONE',  ( -0.000000000000000000, 1.000000000000000000, 4.930380657631323784E-32 ) ) ;
#2709 = EDGE_CURVE ( 'NONE', #1732, #178, #2141, .T. ) ;
#2710 = CARTESIAN_POINT ( 'NONE',  ( 17.00367830239948930, -1.734723475976807094E-15, -15.16264995654660908 ) ) ;
#2711 = LINE ( 'NONE', #925, #2934 ) ;
#2712 = VERTEX_POINT ( 'NONE', #1319 ) ;
#2713 = DIRECTION ( 'NONE',  ( -1.591880191770953496E-16, 1.000000000000000000, 1.848892746611746145E-32 ) ) ;
#2714 = CARTESIAN_POINT ( 'NONE',  ( 13.49999999999994671, 10.59999999999999964, -25.08268590217986471 ) ) ;
#2715 = FACE_OUTER_BOUND ( 'NONE', #99, .T. ) ;
#2716 = EDGE_LOOP ( 'NONE', ( #156, #2227, #117, #956 ) ) ;
#2717 = ORIENTED_EDGE ( 'NONE', *, *, #2795, .F. ) ;
#2718 = VECTOR ( 'NONE', #2922, 1000.000000000000000 ) ;
#2719 = ORIENTED_EDGE ( 'NONE', *, *, #2144, .T. ) ;
#2720 = CARTESIAN_POINT ( 'NONE',  ( 2.274314739882656422, 22.02644230769231726, 23.89199641017787812 ) ) ;
#2721 = VECTOR ( 'NONE', #251, 1000.000000000000114 ) ;
#2722 = CARTESIAN_POINT ( 'NONE',  ( 17.00367830239949285, -15.10922134489264224, -15.16264995654660908 ) ) ;
#2723 = DIRECTION ( 'NONE',  ( -1.000000000000000000, -1.591880191770952510E-16, 0.000000000000000000 ) ) ;
#2724 = ORIENTED_EDGE ( 'NONE', *, *, #1935, .F. ) ;
#2725 = VERTEX_POINT ( 'NONE', #2314 ) ;
#2726 = ORIENTED_EDGE ( 'NONE', *, *, #2005, .F. ) ;
#2727 = DIRECTION ( 'NONE',  ( -1.591880191770953249E-16, 1.000000000000000000, -2.465190328815661892E-32 ) ) ;
#2728 = DIRECTION ( 'NONE',  ( -1.591880191770952510E-16, 1.000000000000000000, -0.000000000000000000 ) ) ;
#2729 = CYLINDRICAL_SURFACE ( 'NONE', #2506, 1.699999999999993072 ) ;
#2730 = ORIENTED_EDGE ( 'NONE', *, *, #1779, .F. ) ;
#2731 = CARTESIAN_POINT ( 'NONE',  ( -13.50000000000011191, -1.561251128379126385E-14, -25.08268590217978300 ) ) ;
#2732 = EDGE_CURVE ( 'NONE', #2441, #1148, #547, .T. ) ;
#2733 = DIRECTION ( 'NONE',  ( -1.591880191770952756E-16, 1.000000000000000000, 0.000000000000000000 ) ) ;
#2734 = CYLINDRICAL_SURFACE ( 'NONE', #920, 1.000000000000000888 ) ;
#2735 = ADVANCED_FACE ( 'NONE', ( #2493 ), #1009, .T. ) ;
#2736 = VERTEX_POINT ( 'NONE', #1272 ) ;
#2737 = ADVANCED_FACE ( 'NONE', ( #265 ), #2252, .T. ) ;
#2738 = ORIENTED_EDGE ( 'NONE', *, *, #689, .F. ) ;
#2739 = ORIENTED_EDGE ( 'NONE', *, *, #672, .F. ) ;
#2740 = DESIGN_CONTEXT ( 'detailed design', #2157, 'design' ) ;
#2741 = CARTESIAN_POINT ( 'NONE',  ( 0.000000000000000000, 22.02644230769231370, 0.000000000000000000 ) ) ;
#2742 = ORIENTED_EDGE ( 'NONE', *, *, #1981, .T. ) ;
#2743 = ORIENTED_EDGE ( 'NONE', *, *, #1276, .F. ) ;
#2744 = CARTESIAN_POINT ( 'NONE',  ( 17.88495298426386526, -1.734723475976807094E-15, 14.11238768837240620 ) ) ;
#2745 = LINE ( 'NONE', #1023, #1906 ) ;
#2746 = CARTESIAN_POINT ( 'NONE',  ( -22.77193679821816730, 10.59999999999999254, 0.6855100102924707173 ) ) ;
#2747 = ORIENTED_EDGE ( 'NONE', *, *, #2430, .T. ) ;
#2748 = DIRECTION ( 'NONE',  ( 0.05714112891291871221, 0.000000000000000000, 0.9983661108964774211 ) ) ;
#2749 = VECTOR ( 'NONE', #3201, 1000.000000000000000 ) ;
#2750 = CARTESIAN_POINT ( 'NONE',  ( -29.99999999999999645, 10.59999999999998899, 0.000000000000000000 ) ) ;
#2751 = LINE ( 'NONE', #3236, #1105 ) ;
#2752 = CARTESIAN_POINT ( 'NONE',  ( 10.79229931564750444, 10.59999999999999787, 20.06383076577671076 ) ) ;
#2753 = VECTOR ( 'NONE', #760, 1000.000000000000000 ) ;
#2754 = ORIENTED_EDGE ( 'NONE', *, *, #1800, .T. ) ;
#2755 = ORIENTED_EDGE ( 'NONE', *, *, #452, .F. ) ;
#2756 = CC_DESIGN_PERSON_AND_ORGANIZATION_ASSIGNMENT ( #840, #2277, ( #526 ) ) ;
#2757 = AXIS2_PLACEMENT_3D ( 'NONE', #1929, #1226, #973 ) ;
#2758 = DIRECTION ( 'NONE',  ( -1.000000000000000000, -1.156482317317871478E-16, 0.000000000000000000 ) ) ;
#2759 = AXIS2_PLACEMENT_3D ( 'NONE', #221, #1218, #507 ) ;
#2760 = AXIS2_PLACEMENT_3D ( 'NONE', #284, #218, #1214 ) ;
#2761 = DIRECTION ( 'NONE',  ( 0.9732762334499411860, 0.000000000000000000, 0.2296374825708897838 ) ) ;
#2762 = FACE_OUTER_BOUND ( 'NONE', #665, .T. ) ;
#2763 = DIRECTION ( 'NONE',  ( -1.591880191770953003E-16, 1.000000000000000000, 0.000000000000000000 ) ) ;
#2764 = VERTEX_POINT ( 'NONE', #15 ) ;
#2765 = FACE_OUTER_BOUND ( 'NONE', #1520, .T. ) ;
#2766 = DIRECTION ( 'NONE',  ( 0.000000000000000000, 0.000000000000000000, 1.000000000000000000 ) ) ;
#2767 = CARTESIAN_POINT ( 'NONE',  ( -10.30870081495733004, -6.861910816505413401E-15, 21.67327126918542035 ) ) ;
#2768 = ORIENTED_EDGE ( 'NONE', *, *, #296, .T. ) ;
#2769 = DIRECTION ( 'NONE',  ( -0.9931211392610533872, 0.000000000000000000, 0.1170914290323055301 ) ) ;
#2770 = AXIS2_PLACEMENT_3D ( 'NONE', #1528, #282, #1540 ) ;
#2771 = EDGE_CURVE ( 'NONE', #1959, #3119, #2408, .T. ) ;
#2772 = DIRECTION ( 'NONE',  ( 1.591880191770952510E-16, -1.000000000000000000, 0.000000000000000000 ) ) ;
#2773 = FACE_OUTER_BOUND ( 'NONE', #1650, .T. ) ;
#2774 = VERTEX_POINT ( 'NONE', #1794 ) ;
#2775 = ORIENTED_EDGE ( 'NONE', *, *, #851, .F. ) ;
#2776 = EDGE_CURVE ( 'NONE', #3077, #1561, #2265, .T. ) ;
#2777 = VECTOR ( 'NONE', #2030, 1000.000000000000114 ) ;
#2778 = EDGE_CURVE ( 'NONE', #2851, #1148, #3152, .T. ) ;
#2779 = DIRECTION ( 'NONE',  ( -0.2877662231574780738, 0.000000000000000000, -0.9577006843527263724 ) ) ;
#2780 = DIRECTION ( 'NONE',  ( -1.000000000000000000, -1.591880191770952756E-16, 0.000000000000000000 ) ) ;
#2781 = VERTEX_POINT ( 'NONE', #2282 ) ;
#2782 = AXIS2_PLACEMENT_3D ( 'NONE', #1808, #2839, #2072 ) ;
#2783 = DIRECTION ( 'NONE',  ( -1.591880191770953003E-16, 1.000000000000000000, 0.000000000000000000 ) ) ;
#2784 = FACE_OUTER_BOUND ( 'NONE', #2979, .T. ) ;
#2785 = DIRECTION ( 'NONE',  ( -0.000000000000000000, 1.000000000000000000, -0.000000000000000000 ) ) ;
#2786 = VERTEX_POINT ( 'NONE', #1305 ) ;
#2787 = CARTESIAN_POINT ( 'NONE',  ( 10.30870081495748103, 22.02644230769231726, -21.67327126918534930 ) ) ;
#2788 = DIRECTION ( 'NONE',  ( -0.000000000000000000, 1.000000000000000000, 2.465190328815661892E-32 ) ) ;
#2789 = APPROVAL_DATE_TIME ( #2844, #1681 ) ;
#2790 = DIRECTION ( 'NONE',  ( -1.591880191770952510E-16, 1.000000000000000000, -0.000000000000000000 ) ) ;
#2791 = LINE ( 'NONE', #2858, #864 ) ;
#2792 = EDGE_CURVE ( 'NONE', #762, #318, #1100, .T. ) ;
#2793 = DIRECTION ( 'NONE',  ( -1.591880191770953496E-16, 1.000000000000000000, -1.232595164407830946E-32 ) ) ;
#2794 = ORIENTED_EDGE ( 'NONE', *, *, #487, .T. ) ;
#2795 = EDGE_CURVE ( 'NONE', #812, #2407, #2812, .T. ) ;
#2796 = EDGE_CURVE ( 'NONE', #129, #1422, #1357, .T. ) ;
#2797 = DIRECTION ( 'NONE',  ( -1.591880191770952756E-16, 1.000000000000000000, 2.465190328815661892E-32 ) ) ;
#2798 = DIRECTION ( 'NONE',  ( 1.591880191770952510E-16, -1.000000000000000000, 0.000000000000000000 ) ) ;
#2799 = ORIENTED_EDGE ( 'NONE', *, *, #2486, .F. ) ;
#2800 = CARTESIAN_POINT ( 'NONE',  ( 23.13409268966141497, 22.02644230769231726, -6.388564426078389147 ) ) ;
#2801 = ORIENTED_EDGE ( 'NONE', *, *, #115, .T. ) ;
#2802 = VECTOR ( 'NONE', #2733, 1000.000000000000000 ) ;
#2803 = DIRECTION ( 'NONE',  ( 0.5979647217379187030, 1.572225126666257988E-17, 0.8015224211192681913 ) ) ;
#2804 = AXIS2_PLACEMENT_3D ( 'NONE', #150, #2944, #2416 ) ;
#2805 = CARTESIAN_POINT ( 'NONE',  ( -21.63307920226005621, -16.41173927388289755, 7.144292389383101849 ) ) ;
#2806 = AXIS2_PLACEMENT_3D ( 'NONE', #647, #1159, #2348 ) ;
#2807 = PERSON_AND_ORGANIZATION_ROLE ( 'creator' ) ;
#2808 = AXIS2_PLACEMENT_3D ( 'NONE', #1552, #1316, #579 ) ;
#2809 = AXIS2_PLACEMENT_3D ( 'NONE', #2531, #348, #2051 ) ;
#2810 = DIRECTION ( 'NONE',  ( -0.2296374825708897838, -3.655553597927470144E-17, 0.9732762334499411860 ) ) ;
#2811 = LINE ( 'NONE', #1059, #2330 ) ;
#2812 = LINE ( 'NONE', #1044, #738 ) ;
#2813 = ORIENTED_EDGE ( 'NONE', *, *, #1986, .T. ) ;
#2814 = CARTESIAN_POINT ( 'NONE',  ( 27.00000000000000000, 10.60000000000000142, -1.699999999999989742 ) ) ;
#2815 = EDGE_CURVE ( 'NONE', #1164, #883, #2147, .T. ) ;
#2816 = EDGE_CURVE ( 'NONE', #2477, #984, #857, .T. ) ;
#2817 = CARTESIAN_POINT ( 'NONE',  ( 3.279209754053824977, -3.469446951953614189E-15, 22.54501747404893663 ) ) ;
#2818 = CIRCLE ( 'NONE', #2704, 1.699999999999996625 ) ;
#2819 = ORIENTED_EDGE ( 'NONE', *, *, #2311, .F. ) ;
#2820 = DIRECTION ( 'NONE',  ( 0.5979647217379132629, 1.746553879158210366E-16, -0.8015224211192721882 ) ) ;
#2821 = ORIENTED_EDGE ( 'NONE', *, *, #2210, .F. ) ;
#2822 = DIRECTION ( 'NONE',  ( 0.000000000000000000, 0.000000000000000000, 1.000000000000000000 ) ) ;
#2823 = CARTESIAN_POINT ( 'NONE',  ( -11.97963748257071259, -15.94240911860697985, 19.37832075548447719 ) ) ;
#2824 = CARTESIAN_POINT ( 'NONE',  ( 17.00367830239969180, 10.59999999999999964, 15.16264995654637815 ) ) ;
#2825 = VERTEX_POINT ( 'NONE', #1867 ) ;
#2826 = COORDINATED_UNIVERSAL_TIME_OFFSET ( 8, 0, .AHEAD. ) ;
#2827 = LINE ( 'NONE', #1304, #1795 ) ;
#2828 = DIRECTION ( 'NONE',  ( -0.9732762334499426293, 0.000000000000000000, -0.2296374825708829559 ) ) ;
#2829 = ORIENTED_EDGE ( 'NONE', *, *, #2393, .T. ) ;
#2830 = VECTOR ( 'NONE', #517, 1000.000000000000000 ) ;
#2831 = CARTESIAN_POINT ( 'NONE',  ( -23.13409268966136523, -7.152117342680126953E-15, 6.388564426078558789 ) ) ;
#2832 = DIRECTION ( 'NONE',  ( -1.000000000000000000, -1.591880191770952756E-16, 0.000000000000000000 ) ) ;
#2833 = VECTOR ( 'NONE', #2941, 1000.000000000000000 ) ;
#2834 = CARTESIAN_POINT ( 'NONE',  ( 3.506345720480106912E-15, -3.469446951953614189E-15, 0.000000000000000000 ) ) ;
#2835 = EDGE_LOOP ( 'NONE', ( #41, #2775, #255, #1982 ) ) ;
#2836 = DIRECTION ( 'NONE',  ( -0.000000000000000000, 1.000000000000000000, -2.465190328815661892E-32 ) ) ;
#2837 = EDGE_CURVE ( 'NONE', #370, #2984, #2378, .T. ) ;
#2838 = ORIENTED_EDGE ( 'NONE', *, *, #3161, .T. ) ;
#2839 = DIRECTION ( 'NONE',  ( -0.5486687246877457458, -8.734148746746527708E-17, -0.8360398498573634596 ) ) ;
#2840 = EDGE_CURVE ( 'NONE', #2470, #382, #2329, .T. ) ;
#2841 = EDGE_CURVE ( 'NONE', #1918, #1730, #144, .T. ) ;
#2842 = DIRECTION ( 'NONE',  ( -1.591880191770952510E-16, 1.000000000000000000, -0.000000000000000000 ) ) ;
#2843 = EDGE_CURVE ( 'NONE', #2725, #2136, #91, .T. ) ;
#2844 = DATE_AND_TIME ( #543, #732 ) ;
#2845 = CARTESIAN_POINT ( 'NONE',  ( -4.629400899860383944, 10.59999999999999609, 22.30694234592957059 ) ) ;
#2846 = CARTESIAN_POINT ( 'NONE',  ( 4.629400899860828034, 10.59999999999999609, 22.30694234592947112 ) ) ;
#2847 = VERTEX_POINT ( 'NONE', #903 ) ;
#2848 = LINE ( 'NONE', #1578, #1702 ) ;
#2849 = CARTESIAN_POINT ( 'NONE',  ( -4.629400899860379504, -3.469446951953613794E-15, 22.30694234592957059 ) ) ;
#2850 = DIRECTION ( 'NONE',  ( -1.591880191770952510E-16, 1.000000000000000000, -0.000000000000000000 ) ) ;
#2851 = VERTEX_POINT ( 'NONE', #1591 ) ;
#2852 = CARTESIAN_POINT ( 'NONE',  ( 3.279209754053525216, -3.469446951953614189E-15, -22.54501747404898637 ) ) ;
#2853 = ORIENTED_EDGE ( 'NONE', *, *, #1510, .T. ) ;
#2854 = DIRECTION ( 'NONE',  ( -1.000000000000000000, -1.445602896647339163E-16, 0.000000000000000000 ) ) ;
#2855 = AXIS2_PLACEMENT_3D ( 'NONE', #577, #1326, #2320 ) ;
#2856 = ADVANCED_FACE ( 'NONE', ( #161 ), #2859, .T. ) ;
#2857 = AXIS2_PLACEMENT_3D ( 'NONE', #2893, #363, #2627 ) ;
#2858 = CARTESIAN_POINT ( 'NONE',  ( -4.629400899860684149, -3.469446951953614189E-15, -22.30694234592950309 ) ) ;
#2859 = CYLINDRICAL_SURFACE ( 'NONE', #11, 1.000000000000000888 ) ;
#2860 = AXIS2_PLACEMENT_3D ( 'NONE', #607, #799, #72 ) ;
#2861 = ORIENTED_EDGE ( 'NONE', *, *, #2590, .T. ) ;
#2862 = DIRECTION ( 'NONE',  ( -1.000000000000000000, -1.591880191770952756E-16, 0.000000000000000000 ) ) ;
#2863 = CIRCLE ( 'NONE', #1086, 24.00000000000000000 ) ;
#2864 = PLANE ( 'NONE',  #405 ) ;
#2865 = CARTESIAN_POINT ( 'NONE',  ( 21.08277658846883895, -1.591880191770952756E-16, -8.037473368153230879 ) ) ;
#2866 = ORIENTED_EDGE ( 'NONE', *, *, #691, .T. ) ;
#2867 = AXIS2_PLACEMENT_3D ( 'NONE', #845, #2797, #1046 ) ;
#2868 = ORIENTED_EDGE ( 'NONE', *, *, #1821, .F. ) ;
#2869 = CARTESIAN_POINT ( 'NONE',  ( -2.274314739882184355, 10.59999999999999609, 23.89199641017791365 ) ) ;
#2870 = DIRECTION ( 'NONE',  ( 1.591880191770952510E-16, -1.000000000000000000, 0.000000000000000000 ) ) ;
#2871 = VERTEX_POINT ( 'NONE', #1897 ) ;
#2872 = EDGE_CURVE ( 'NONE', #2132, #1421, #1350, .T. ) ;
#2873 = ADVANCED_FACE ( 'NONE', ( #1089 ), #1848, .T. ) ;
#2874 = CARTESIAN_POINT ( 'NONE',  ( 17.09970543152811473, 22.02644230769231726, -16.84042974971149320 ) ) ;
#2875 = CARTESIAN_POINT ( 'NONE',  ( 4.629400899860533158, -3.469446951953614189E-15, -22.30694234592953507 ) ) ;
#2876 = ORIENTED_EDGE ( 'NONE', *, *, #2914, .T. ) ;
#2877 = ADVANCED_FACE ( 'NONE', ( #2904 ), #2891, .F. ) ;
#2878 = CARTESIAN_POINT ( 'NONE',  ( 21.08277658846895264, 10.59999999999999964, 8.037473368152937780 ) ) ;
#2879 = EDGE_CURVE ( 'NONE', #2246, #964, #1663, .T. ) ;
#2880 = CARTESIAN_POINT ( 'NONE',  ( 1.818952717202896847E-15, 10.59999999999999609, 0.000000000000000000 ) ) ;
#2881 = CARTESIAN_POINT ( 'NONE',  ( -21.16416273831734074, -6.938893903907228378E-15, -8.432629785676228451 ) ) ;
#2882 = ORIENTED_EDGE ( 'NONE', *, *, #3056, .F. ) ;
#2883 = LOCAL_TIME ( 21, 23, 14.00000000000000000, #1283 ) ;
#2884 = VERTEX_POINT ( 'NONE', #401 ) ;
#2885 = ORIENTED_EDGE ( 'NONE', *, *, #2025, .T. ) ;
#2886 = AXIS2_PLACEMENT_3D ( 'NONE', #976, #1197, #2994 ) ;
#2887 = FACE_OUTER_BOUND ( 'NONE', #68, .T. ) ;
#2888 = ORIENTED_EDGE ( 'NONE', *, *, #2410, .T. ) ;
#2889 = FACE_BOUND ( 'NONE', #1474, .T. ) ;
#2890 = DIRECTION ( 'NONE',  ( 0.9983661108964777542, 1.589279236071505578E-16, -0.05714112891291166924 ) ) ;
#2891 = CYLINDRICAL_SURFACE ( 'NONE', #3198, 24.00000000000000000 ) ;
#2892 = ORIENTED_EDGE ( 'NONE', *, *, #1544, .T. ) ;
#2893 = CARTESIAN_POINT ( 'NONE',  ( -18.00204441329585592, -15.10922134489260849, 15.10550882763382852 ) ) ;
#2894 = FACE_OUTER_BOUND ( 'NONE', #989, .T. ) ;
#2895 = CARTESIAN_POINT ( 'NONE',  ( 11.97963748257084937, -3.469446951953614189E-15, -19.37832075548439548 ) ) ;
#2896 = EDGE_LOOP ( 'NONE', ( #146, #539 ) ) ;
#2897 = ORIENTED_EDGE ( 'NONE', *, *, #727, .F. ) ;
#2898 = CARTESIAN_POINT ( 'NONE',  ( -17.88495298426357394, -15.10922134489260849, 14.11238768837277036 ) ) ;
#2899 = LINE ( 'NONE', #3137, #711 ) ;
#2900 = EDGE_LOOP ( 'NONE', ( #580, #1923, #1109, #2799 ) ) ;
#2901 = AXIS2_PLACEMENT_3D ( 'NONE', #911, #1677, #2681 ) ;
#2902 = CARTESIAN_POINT ( 'NONE',  ( 18.00204441329596605, 10.59999999999999787, -15.10550882763370417 ) ) ;
#2903 = DIRECTION ( 'NONE',  ( -1.591880191770952510E-16, 1.000000000000000000, -0.000000000000000000 ) ) ;
#2904 = FACE_OUTER_BOUND ( 'NONE', #1004, .T. ) ;
#2905 = ORIENTED_EDGE ( 'NONE', *, *, #414, .T. ) ;
#2906 = LINE ( 'NONE', #2924, #38 ) ;
#2907 = AXIS2_PLACEMENT_3D ( 'NONE', #466, #245, #1462 ) ;
#2908 = AXIS2_PLACEMENT_3D ( 'NONE', #2184, #1446, #1700 ) ;
#2909 = DIRECTION ( 'NONE',  ( -1.591880191770952510E-16, 1.000000000000000000, -0.000000000000000000 ) ) ;
#2910 = ORIENTED_EDGE ( 'NONE', *, *, #1388, .T. ) ;
#2911 = EDGE_CURVE ( 'NONE', #2687, #1433, #2090, .T. ) ;
#2912 = AXIS2_PLACEMENT_3D ( 'NONE', #2122, #1133, #394 ) ;
#2913 = ORIENTED_EDGE ( 'NONE', *, *, #2690, .F. ) ;
#2914 = EDGE_CURVE ( 'NONE', #687, #223, #3126, .T. ) ;
#2915 = CARTESIAN_POINT ( 'NONE',  ( -4.629400899860685925, 10.59999999999999609, -22.30694234592950309 ) ) ;
#2916 = AXIS2_PLACEMENT_3D ( 'NONE', #2467, #236, #1483 ) ;
#2917 = CARTESIAN_POINT ( 'NONE',  ( -10.30870081495763912, 10.59999999999999432, -21.67327126918527114 ) ) ;
#2918 = EDGE_CURVE ( 'NONE', #2253, #2725, #2989, .T. ) ;
#2919 = ORIENTED_EDGE ( 'NONE', *, *, #115, .F. ) ;
#2920 = PLANE ( 'NONE',  #2107 ) ;
#2921 = FACE_BOUND ( 'NONE', #1722, .T. ) ;
#2922 = DIRECTION ( 'NONE',  ( -0.000000000000000000, 1.000000000000000000, -2.465190328815661892E-32 ) ) ;
#2923 = ORIENTED_EDGE ( 'NONE', *, *, #2872, .T. ) ;
#2924 = CARTESIAN_POINT ( 'NONE',  ( 17.88495298426386526, 10.59999999999999964, 14.11238768837240620 ) ) ;
#2925 = CARTESIAN_POINT ( 'NONE',  ( 27.00000000000000000, 10.59999999999999964, 1.699999999999993072 ) ) ;
#2926 = ORIENTED_EDGE ( 'NONE', *, *, #2125, .T. ) ;
#2927 = AXIS2_PLACEMENT_3D ( 'NONE', #2061, #293, #1288 ) ;
#2928 = PLANE ( 'NONE',  #2703 ) ;
#2929 = AXIS2_PLACEMENT_3D ( 'NONE', #2445, #2890, #2426 ) ;
#2930 = FACE_OUTER_BOUND ( 'NONE', #1843, .T. ) ;
#2931 = CARTESIAN_POINT ( 'NONE',  ( -22.77193679821816730, -6.938893903907228378E-15, 0.6855100102924707173 ) ) ;
#2932 = DIRECTION ( 'NONE',  ( -0.6855100102924707173, -2.965841233994895399E-17, -0.7280632017818347013 ) ) ;
#2933 = ORIENTED_EDGE ( 'NONE', *, *, #2326, .T. ) ;
#2934 = VECTOR ( 'NONE', #1721, 1000.000000000000114 ) ;
#2935 = ADVANCED_FACE ( 'NONE', ( #3107 ), #2625, .T. ) ;
#2936 = ADVANCED_FACE ( 'NONE', ( #1121, #384, #645, #1638, #1398, #2397, #3223, #1222 ), #1417, .F. ) ;
#2937 = VECTOR ( 'NONE', #2803, 1000.000000000000000 ) ;
#2938 = DIRECTION ( 'NONE',  ( -1.591880191770952510E-16, 1.000000000000000000, -2.465190328815661892E-32 ) ) ;
#2939 = EDGE_CURVE ( 'NONE', #2085, #793, #1979, .T. ) ;
#2940 = CARTESIAN_POINT ( 'NONE',  ( -13.50000000000011191, 10.59999999999999254, -23.38268590217978726 ) ) ;
#2941 = DIRECTION ( 'NONE',  ( -1.591880191770953249E-16, 1.000000000000000000, -2.465190328815661892E-32 ) ) ;
#2942 = ORIENTED_EDGE ( 'NONE', *, *, #2193, .F. ) ;
#2943 = CARTESIAN_POINT ( 'NONE',  ( 3.506345720480106912E-15, -3.469446951953614189E-15, 0.000000000000000000 ) ) ;
#2944 = DIRECTION ( 'NONE',  ( -0.8015224211192761850, -1.275927665440071661E-16, -0.5979647217379080448 ) ) ;
#2945 = VERTEX_POINT ( 'NONE', #177 ) ;
#2946 = ORIENTED_EDGE ( 'NONE', *, *, #1725, .T. ) ;
#2947 = LINE ( 'NONE', #2221, #1589 ) ;
#2948 = DIRECTION ( 'NONE',  ( 1.591880191770952510E-16, -1.000000000000000000, 0.000000000000000000 ) ) ;
#2949 = ORIENTED_EDGE ( 'NONE', *, *, #2652, .F. ) ;
#2950 = EDGE_CURVE ( 'NONE', #678, #1452, #1173, .T. ) ;
#2951 = ADVANCED_FACE ( 'NONE', ( #1442 ), #2953, .F. ) ;
#2952 = APPLICATION_PROTOCOL_DEFINITION ( 'international standard', 'config_control_design', 1994, #2201 ) ;
#2953 = CYLINDRICAL_SURFACE ( 'NONE', #947, 24.00000000000000000 ) ;
#2954 = VERTEX_POINT ( 'NONE', #1053 ) ;
#2955 = DIRECTION ( 'NONE',  ( -1.000000000000000000, 0.000000000000000000, 0.000000000000000000 ) ) ;
#2956 = CIRCLE ( 'NONE', #603, 24.00000000000000000 ) ;
#2957 = LINE ( 'NONE', #2693, #553 ) ;
#2958 = CIRCLE ( 'NONE', #2009, 1.000000000000000888 ) ;
#2959 = ORIENTED_EDGE ( 'NONE', *, *, #2487, .F. ) ;
#2960 = LINE ( 'NONE', #2495, #512 ) ;
#2961 = AXIS2_PLACEMENT_3D ( 'NONE', #1577, #905, #343 ) ;
#2962 = FACE_OUTER_BOUND ( 'NONE', #2716, .T. ) ;
#2963 = CIRCLE ( 'NONE', #2065, 1.699999999999989742 ) ;
#2964 = PLANE ( 'NONE',  #1496 ) ;
#2965 = ORIENTED_EDGE ( 'NONE', *, *, #998, .F. ) ;
#2966 = ORIENTED_EDGE ( 'NONE', *, *, #3040, .F. ) ;
#2967 = AXIS2_PLACEMENT_3D ( 'NONE', #2498, #1951, #1263 ) ;
#2968 = ORIENTED_EDGE ( 'NONE', *, *, #1746, .T. ) ;
#2969 = VECTOR ( 'NONE', #329, 1000.000000000000114 ) ;
#2970 = VECTOR ( 'NONE', #511, 1000.000000000000000 ) ;
#2971 = VERTEX_POINT ( 'NONE', #2308 ) ;
#2972 = VERTEX_POINT ( 'NONE', #1775 ) ;
#2973 = VERTEX_POINT ( 'NONE', #772 ) ;
#2974 = CARTESIAN_POINT ( 'NONE',  ( -10.79229931564736411, -15.94240911860693721, -20.06383076577678892 ) ) ;
#2975 = ADVANCED_FACE ( 'NONE', ( #1084 ), #2533, .T. ) ;
#2976 = CARTESIAN_POINT ( 'NONE',  ( 13.50000000000027178, 10.59999999999999787, 21.68268590217969205 ) ) ;
#2977 = ADVANCED_FACE ( 'NONE', ( #1761 ), #2275, .T. ) ;
#2978 = LINE ( 'NONE', #3180, #682 ) ;
#2979 = EDGE_LOOP ( 'NONE', ( #670, #2494, #2561, #4 ) ) ;
#2980 = CARTESIAN_POINT ( 'NONE',  ( -2.274314739882186132, 22.02644230769231015, 23.89199641017791720 ) ) ;
#2981 = CARTESIAN_POINT ( 'NONE',  ( -21.63307920226015213, -6.938893903907227589E-15, -7.144292389382813191 ) ) ;
#2982 = LINE ( 'NONE', #1678, #1926 ) ;
#2983 = FACE_OUTER_BOUND ( 'NONE', #2450, .T. ) ;
#2984 = VERTEX_POINT ( 'NONE', #1505 ) ;
#2985 = ORIENTED_EDGE ( 'NONE', *, *, #118, .F. ) ;
#2986 = AXIS2_PLACEMENT_3D ( 'NONE', #2396, #1670, #160 ) ;
#2987 = EDGE_LOOP ( 'NONE', ( #1609, #2171, #2516, #480 ) ) ;
#2988 = VECTOR ( 'NONE', #2546, 1000.000000000000114 ) ;
#2989 = CIRCLE ( 'NONE', #1570, 1.000000000000000444 ) ;
#2990 = VERTEX_POINT ( 'NONE', #578 ) ;
#2991 = LINE ( 'NONE', #2805, #2279 ) ;
#2992 = FACE_BOUND ( 'NONE', #1525, .T. ) ;
#2993 = LINE ( 'NONE', #1493, #2327 ) ;
#2994 = DIRECTION ( 'NONE',  ( -1.000000000000000000, 0.000000000000000000, 0.000000000000000000 ) ) ;
#2995 = VERTEX_POINT ( 'NONE', #1017 ) ;
#2996 = CARTESIAN_POINT ( 'NONE',  ( -3.279209754053679315, 10.59999999999999609, -22.54501747404896150 ) ) ;
#2997 = ADVANCED_FACE ( 'NONE', ( #3052 ), #3086, .T. ) ;
#2998 = EDGE_CURVE ( 'NONE', #1639, #1802, #289, .T. ) ;
#2999 = DIRECTION ( 'NONE',  ( -0.000000000000000000, 1.000000000000000000, 2.465190328815661892E-32 ) ) ;
#3000 = LINE ( 'NONE', #1250, #2539 ) ;
#3001 = VERTEX_POINT ( 'NONE', #2501 ) ;
#3002 = ORIENTED_EDGE ( 'NONE', *, *, #240, .T. ) ;
#3003 = CYLINDRICAL_SURFACE ( 'NONE', #2353, 30.00000000000000000 ) ;
#3004 = ORIENTED_EDGE ( 'NONE', *, *, #1606, .T. ) ;
#3005 = ORIENTED_EDGE ( 'NONE', *, *, #257, .F. ) ;
#3006 = LINE ( 'NONE', #2744, #2830 ) ;
#3007 = DIRECTION ( 'NONE',  ( -1.591880191770952510E-16, 1.000000000000000000, -0.000000000000000000 ) ) ;
#3008 = CARTESIAN_POINT ( 'NONE',  ( -17.88495298426376223, -15.10922134489267776, -14.11238768837252877 ) ) ;
#3009 = ORIENTED_EDGE ( 'NONE', *, *, #2521, .T. ) ;
#3010 = VECTOR ( 'NONE', #527, 1000.000000000000000 ) ;
#3011 = EDGE_CURVE ( 'NONE', #3001, #880, #43, .T. ) ;
#3012 = DIRECTION ( 'NONE',  ( -1.591880191770952510E-16, 1.000000000000000000, -0.000000000000000000 ) ) ;
#3013 = CIRCLE ( 'NONE', #3121, 24.00000000000000000 ) ;
#3014 = PLANE ( 'NONE',  #136 ) ;
#3015 = EDGE_CURVE ( 'NONE', #2214, #646, #3037, .T. ) ;
#3016 = DIRECTION ( 'NONE',  ( 1.591880191770952510E-16, -1.000000000000000000, 0.000000000000000000 ) ) ;
#3017 = VECTOR ( 'NONE', #3146, 1000.000000000000000 ) ;
#3018 = ORIENTED_EDGE ( 'NONE', *, *, #2102, .F. ) ;
#3019 = EDGE_CURVE ( 'NONE', #2619, #3232, #529, .T. ) ;
#3020 = ORIENTED_EDGE ( 'NONE', *, *, #3141, .T. ) ;
#3021 = AXIS2_PLACEMENT_3D ( 'NONE', #326, #2608, #2300 ) ;
#3022 = DIRECTION ( 'NONE',  ( -0.000000000000000000, 1.000000000000000000, -0.000000000000000000 ) ) ;
#3023 = ADVANCED_FACE ( 'NONE', ( #2053 ), #836, .T. ) ;
#3024 = ADVANCED_FACE ( 'NONE', ( #1267 ), #335, .T. ) ;
#3025 = AXIS2_PLACEMENT_3D ( 'NONE', #2343, #2073, #3087 ) ;
#3026 = AXIS2_PLACEMENT_3D ( 'NONE', #849, #2566, #1548 ) ;
#3027 = ORIENTED_EDGE ( 'NONE', *, *, #808, .T. ) ;
#3028 = ORIENTED_EDGE ( 'NONE', *, *, #1412, .T. ) ;
#3029 = CIRCLE ( 'NONE', #2760, 24.00000000000000000 ) ;
#3030 = CARTESIAN_POINT ( 'NONE',  ( -10.79229931564708167, -15.94240911860697985, 20.06383076577693814 ) ) ;
#3031 = DIRECTION ( 'NONE',  ( -0.05714112891289823554, -9.096183125187315311E-18, 0.9983661108964785313 ) ) ;
#3032 = ORIENTED_EDGE ( 'NONE', *, *, #374, .T. ) ;
#3033 = DIRECTION ( 'NONE',  ( -0.3951564175231441212, 1.656240095395309972E-17, -0.9186138501515610510 ) ) ;
#3034 = CARTESIAN_POINT ( 'NONE',  ( 13.61525309474735224, -3.209076542516148284E-15, 19.76423242035907180 ) ) ;
#3035 = DIRECTION ( 'NONE',  ( -0.5979647217379187030, -9.518881959124223351E-17, -0.8015224211192681913 ) ) ;
#3036 = ORIENTED_EDGE ( 'NONE', *, *, #2689, .F. ) ;
#3037 = LINE ( 'NONE', #2787, #114 ) ;
#3038 = CIRCLE ( 'NONE', #1516, 24.00000000000000000 ) ;
#3039 = APPROVAL ( #1554, 'UNSPECIFIED' ) ;
#3040 = EDGE_CURVE ( 'NONE', #2659, #2990, #2299, .T. ) ;
#3041 = EDGE_CURVE ( 'NONE', #1061, #1356, #1416, .T. ) ;
#3042 = VECTOR ( 'NONE', #2249, 1000.000000000000114 ) ;
#3043 = CARTESIAN_POINT ( 'NONE',  ( -6.034387258133374843, 22.02644230769231015, -23.22899417578982195 ) ) ;
#3044 = CARTESIAN_POINT ( 'NONE',  ( 23.50000000000000000, 10.59999999999999964, 0.000000000000000000 ) ) ;
#3045 = DIRECTION ( 'NONE',  ( -0.6855100102924707173, 0.000000000000000000, 0.7280632017818347013 ) ) ;
#3046 = ORIENTED_EDGE ( 'NONE', *, *, #789, .T. ) ;
#3047 = DIRECTION ( 'NONE',  ( -0.000000000000000000, 1.000000000000000000, 4.930380657631323784E-32 ) ) ;
#3048 = DIRECTION ( 'NONE',  ( -0.1170914290322920409, -1.863955265026600300E-17, 0.9931211392610549415 ) ) ;
#3049 = ORIENTED_EDGE ( 'NONE', *, *, #884, .T. ) ;
#3050 = CARTESIAN_POINT ( 'NONE',  ( 10.30870081495748636, -3.546430039355426799E-15, -21.67327126918534574 ) ) ;
#3051 = VERTEX_POINT ( 'NONE', #2658 ) ;
#3052 = FACE_OUTER_BOUND ( 'NONE', #2900, .T. ) ;
#3053 = CARTESIAN_POINT ( 'NONE',  ( 27.00000000000000000, -8.673617379884035472E-15, -1.699999999999996625 ) ) ;
#3054 = DATE_AND_TIME ( #3105, #1052 ) ;
#3055 = EDGE_CURVE ( 'NONE', #24, #737, #1397, .T. ) ;
#3056 = EDGE_CURVE ( 'NONE', #2209, #496, #937, .T. ) ;
#3057 = DIRECTION ( 'NONE',  ( -0.9396926207859082059, 0.000000000000000000, 0.3420201433256693790 ) ) ;
#3058 = CARTESIAN_POINT ( 'NONE',  ( 23.92395390970466096, 10.59999999999999964, 1.909038848826094315 ) ) ;
#3059 = LINE ( 'NONE', #1767, #1719 ) ;
#3060 = ORIENTED_EDGE ( 'NONE', *, *, #1201, .T. ) ;
#3061 = CARTESIAN_POINT ( 'NONE',  ( 22.77193679821816374, 10.59999999999999964, -0.6855100102924707173 ) ) ;
#3062 = DIRECTION ( 'NONE',  ( -1.591880191770952756E-16, 1.000000000000000000, 2.465190328815661892E-32 ) ) ;
#3063 = FACE_OUTER_BOUND ( 'NONE', #862, .T. ) ;
#3064 = ORIENTED_EDGE ( 'NONE', *, *, #1962, .T. ) ;
#3065 = CARTESIAN_POINT ( 'NONE',  ( 30.00000000000000000, 22.02644230769231726, 3.673940397442059178E-15 ) ) ;
#3066 = ORIENTED_EDGE ( 'NONE', *, *, #2551, .T. ) ;
#3067 = AXIS2_PLACEMENT_3D ( 'NONE', #622, #2371, #2585 ) ;
#3068 = CARTESIAN_POINT ( 'NONE',  ( -13.61525309474721190, 22.02644230769231015, -19.76423242035916772 ) ) ;
#3069 = AXIS2_PLACEMENT_3D ( 'NONE', #860, #1382, #908 ) ;
#3070 = DIRECTION ( 'NONE',  ( -1.591880191770953249E-16, 1.000000000000000000, -1.232595164407830946E-32 ) ) ;
#3071 = VERTEX_POINT ( 'NONE', #1866 ) ;
#3072 = PERSON_AND_ORGANIZATION ( #494, #2557 ) ;
#3073 = VECTOR ( 'NONE', #818, 1000.000000000000000 ) ;
#3074 = CIRCLE ( 'NONE', #455, 24.00000000000000000 ) ;
#3075 = LINE ( 'NONE', #856, #1389 ) ;
#3076 = CARTESIAN_POINT ( 'NONE',  ( -27.00000000000000355, -1.734723475976807094E-14, -1.699999999999996625 ) ) ;
#3077 = VERTEX_POINT ( 'NONE', #3125 ) ;
#3078 = AXIS2_PLACEMENT_3D ( 'NONE', #2527, #1832, #1798 ) ;
#3079 = CARTESIAN_POINT ( 'NONE',  ( 23.92395390970465741, 22.02644230769232081, 1.909038848826098089 ) ) ;
#3080 = ADVANCED_FACE ( 'NONE', ( #2413 ), #1683, .F. ) ;
#3081 = DIRECTION ( 'NONE',  ( 1.591880191770952510E-16, -1.000000000000000000, 0.000000000000000000 ) ) ;
#3082 = VERTEX_POINT ( 'NONE', #176 ) ;
#3083 = CARTESIAN_POINT ( 'NONE',  ( 17.00367830239948930, -1.734723475976807094E-15, -15.16264995654660908 ) ) ;
#3084 = VERTEX_POINT ( 'NONE', #2686 ) ;
#3085 = LINE ( 'NONE', #351, #1182 ) ;
#3086 = PLANE ( 'NONE',  #2255 ) ;
#3087 = DIRECTION ( 'NONE',  ( 0.000000000000000000, 0.000000000000000000, 1.000000000000000000 ) ) ;
#3088 = EDGE_LOOP ( 'NONE', ( #758, #2421, #1234, #934 ) ) ;
#3089 = APPROVAL_ROLE ( '' ) ;
#3090 = VECTOR ( 'NONE', #1156, 1000.000000000000114 ) ;
#3091 = DIRECTION ( 'NONE',  ( -1.591880191770952756E-16, 1.000000000000000000, 0.000000000000000000 ) ) ;
#3092 = DIRECTION ( 'NONE',  ( -1.591880191770952510E-16, 1.000000000000000000, -0.000000000000000000 ) ) ;
#3093 = VERTEX_POINT ( 'NONE', #2130 ) ;
#3094 = CYLINDRICAL_SURFACE ( 'NONE', #2961, 24.00000000000000000 ) ;
#3095 = VECTOR ( 'NONE', #2790, 1000.000000000000000 ) ;
#3096 = CARTESIAN_POINT ( 'NONE',  ( 27.00000000000000000, -8.673617379884035472E-15, 1.699999999999996625 ) ) ;
#3097 = FACE_OUTER_BOUND ( 'NONE', #2182, .T. ) ;
#3098 = CARTESIAN_POINT ( 'NONE',  ( 19.55391846839963321, -1.469044166482292659E-15, 13.91561254602828335 ) ) ;
#3099 = ORIENTED_EDGE ( 'NONE', *, *, #1840, .F. ) ;
#3100 = DIRECTION ( 'NONE',  ( -1.591880191770952510E-16, 1.000000000000000000, -0.000000000000000000 ) ) ;
#3101 = EDGE_CURVE ( 'NONE', #2085, #278, #1414, .T. ) ;
#3102 = VERTEX_POINT ( 'NONE', #693 ) ;
#3103 = CARTESIAN_POINT ( 'NONE',  ( -17.09970543152822842, 22.02644230769231015, -16.84042974971137241 ) ) ;
#3104 = ORIENTED_EDGE ( 'NONE', *, *, #362, .T. ) ;
#3105 = CALENDAR_DATE ( 2026, 26, 2 ) ;
#3106 = CARTESIAN_POINT ( 'NONE',  ( 21.16416273831739403, 0.000000000000000000, 8.432629785676088119 ) ) ;
#3107 = FACE_OUTER_BOUND ( 'NONE', #863, .T. ) ;
#3108 = ORIENTED_EDGE ( 'NONE', *, *, #2998, .T. ) ;
#3109 = CARTESIAN_POINT ( 'NONE',  ( 4.629400899860829810, -3.469446951953614189E-15, 22.30694234592947112 ) ) ;
#3110 = DIRECTION ( 'NONE',  ( -1.591880191770952510E-16, 1.000000000000000000, -0.000000000000000000 ) ) ;
#3111 = DIRECTION ( 'NONE',  ( -1.000000000000000000, -1.445602896647339163E-16, 0.000000000000000000 ) ) ;
#3112 = ORIENTED_EDGE ( 'NONE', *, *, #2268, .T. ) ;
#3113 = EDGE_CURVE ( 'NONE', #24, #1933, #2502, .T. ) ;
#3114 = ORIENTED_EDGE ( 'NONE', *, *, #490, .T. ) ;
#3115 = EDGE_CURVE ( 'NONE', #2945, #2679, #2163, .T. ) ;
#3116 = EDGE_CURVE ( 'NONE', #2510, #2189, #677, .T. ) ;
#3117 = DIRECTION ( 'NONE',  ( -1.591880191770952510E-16, 1.000000000000000000, -0.000000000000000000 ) ) ;
#3118 = AXIS2_PLACEMENT_3D ( 'NONE', #1013, #2999, #1970 ) ;
#3119 = VERTEX_POINT ( 'NONE', #2109 ) ;
#3120 = ADVANCED_FACE ( 'NONE', ( #871 ), #2624, .T. ) ;
#3121 = AXIS2_PLACEMENT_3D ( 'NONE', #2834, #3130, #877 ) ;
#3122 = CARTESIAN_POINT ( 'NONE',  ( 3.279209754053527881, -16.52761471384491543, -22.54501747404898637 ) ) ;
#3123 = VECTOR ( 'NONE', #3091, 1000.000000000000000 ) ;
#3124 = DIRECTION ( 'NONE',  ( -1.591880191770952510E-16, 1.000000000000000000, -0.000000000000000000 ) ) ;
#3125 = CARTESIAN_POINT ( 'NONE',  ( -17.00367830239938627, -6.938893903907228378E-15, 15.16264995654672632 ) ) ;
#3126 = LINE ( 'NONE', #372, #1160 ) ;
#3127 = CIRCLE ( 'NONE', #2860, 30.00000000000000000 ) ;
#3128 = VERTEX_POINT ( 'NONE', #644 ) ;
#3129 = DIRECTION ( 'NONE',  ( -0.9577006843527324786, -1.524544749066599810E-16, -0.2877662231574580898 ) ) ;
#3130 = DIRECTION ( 'NONE',  ( -1.591880191770952510E-16, 1.000000000000000000, -0.000000000000000000 ) ) ;
#3131 = ORIENTED_EDGE ( 'NONE', *, *, #2911, .F. ) ;
#3132 = EDGE_LOOP ( 'NONE', ( #1581, #1753, #769, #1158 ) ) ;
#3133 = VECTOR ( 'NONE', #1261, 1000.000000000000114 ) ;
#3134 = ORIENTED_EDGE ( 'NONE', *, *, #575, .T. ) ;
#3135 = CIRCLE ( 'NONE', #498, 24.00000000000000000 ) ;
#3136 = DIRECTION ( 'NONE',  ( -0.000000000000000000, 1.000000000000000000, -0.000000000000000000 ) ) ;
#3137 = CARTESIAN_POINT ( 'NONE',  ( 13.61525309474735046, 22.02644230769231726, 19.76423242035907180 ) ) ;
#3138 = ORIENTED_EDGE ( 'NONE', *, *, #2425, .T. ) ;
#3139 = CARTESIAN_POINT ( 'NONE',  ( -2.274314739882501879, -3.831490610380780154E-15, -23.89199641017788878 ) ) ;
#3140 = EDGE_CURVE ( 'NONE', #3160, #681, #2664, .T. ) ;
#3141 = EDGE_CURVE ( 'NONE', #2707, #1061, #2640, .T. ) ;
#3142 = DIRECTION ( 'NONE',  ( 0.9732762334499395207, 2.344004840396197149E-16, -0.2296374825708965839 ) ) ;
#3143 = DIRECTION ( 'NONE',  ( -1.591880191770952510E-16, 1.000000000000000000, 0.000000000000000000 ) ) ;
#3144 = CARTESIAN_POINT ( 'NONE',  ( 1.818952717202896847E-15, 10.59999999999999609, 0.000000000000000000 ) ) ;
#3145 = EDGE_LOOP ( 'NONE', ( #2490, #2604, #1712, #1838 ) ) ;
#3146 = DIRECTION ( 'NONE',  ( -0.8931809787702725822, -1.421837107770988635E-16, 0.4496973862087459417 ) ) ;
#3147 = CARTESIAN_POINT ( 'NONE',  ( 22.77193679821816730, -16.56058306581548223, 0.6855100102924707173 ) ) ;
#3148 = CYLINDRICAL_SURFACE ( 'NONE', #705, 1.000000000000000888 ) ;
#3149 = ORIENTED_EDGE ( 'NONE', *, *, #2526, .T. ) ;
#3150 = VECTOR ( 'NONE', #232, 1000.000000000000000 ) ;
#3151 = ORIENTED_EDGE ( 'NONE', *, *, #1664, .F. ) ;
#3152 = CIRCLE ( 'NONE', #2927, 0.9999999999999995559 ) ;
#3153 = DIRECTION ( 'NONE',  ( -1.000000000000000000, -1.445602896647339163E-16, 0.000000000000000000 ) ) ;
#3154 = VERTEX_POINT ( 'NONE', #2146 ) ;
#3155 = DIRECTION ( 'NONE',  ( -1.591880191770953249E-16, 1.000000000000000000, -2.465190328815661892E-32 ) ) ;
#3156 = EDGE_CURVE ( 'NONE', #318, #2111, #3158, .T. ) ;
#3157 = EDGE_CURVE ( 'NONE', #1802, #2136, #1977, .T. ) ;
#3158 = LINE ( 'NONE', #902, #1562 ) ;
#3159 = DIRECTION ( 'NONE',  ( 1.591880191770952510E-16, -1.000000000000000000, 0.000000000000000000 ) ) ;
#3160 = VERTEX_POINT ( 'NONE', #919 ) ;
#3161 = EDGE_CURVE ( 'NONE', #1542, #2659, #430, .T. ) ;
#3162 = CARTESIAN_POINT ( 'NONE',  ( 10.79229931564722911, -15.94240911860694787, -20.06383076577686353 ) ) ;
#3163 = DIRECTION ( 'NONE',  ( -0.7280632017818348123, -1.158989389273840901E-16, 0.6855100102924708283 ) ) ;
#3164 = DIRECTION ( 'NONE',  ( -1.000000000000000000, 0.000000000000000000, 0.000000000000000000 ) ) ;
#3165 = CARTESIAN_POINT ( 'NONE',  ( 22.08277658846884606, -16.41173927388289755, -8.037473368153230879 ) ) ;
#3166 = ORIENTED_EDGE ( 'NONE', *, *, #2590, .F. ) ;
#3167 = CARTESIAN_POINT ( 'NONE',  ( 10.79229931564722733, -3.469446951953614189E-15, -20.06383076577686353 ) ) ;
#3168 = VERTEX_POINT ( 'NONE', #193 ) ;
#3169 = CARTESIAN_POINT ( 'NONE',  ( 19.55391846839944137, 22.02644230769231726, -13.91561254602854980 ) ) ;
#3170 = DIRECTION ( 'NONE',  ( 0.9186138501515610510, 1.462323191942720289E-16, -0.3951564175231441212 ) ) ;
#3171 = EDGE_LOOP ( 'NONE', ( #939, #2607, #1763, #2001 ) ) ;
#3172 = LINE ( 'NONE', #3122, #565 ) ;
#3173 = DIRECTION ( 'NONE',  ( 1.591880191770952510E-16, -1.000000000000000000, 0.000000000000000000 ) ) ;
#3174 = DIRECTION ( 'NONE',  ( -1.000000000000000000, -1.445602896647339163E-16, 0.000000000000000000 ) ) ;
#3175 = ORIENTED_EDGE ( 'NONE', *, *, #1800, .F. ) ;
#3176 = DIRECTION ( 'NONE',  ( -1.000000000000000000, -1.591880191770948072E-16, 0.000000000000000000 ) ) ;
#3177 = CIRCLE ( 'NONE', #1693, 1.000000000000000888 ) ;
#3178 = CIRCLE ( 'NONE', #2596, 24.00000000000000000 ) ;
#3179 = DIRECTION ( 'NONE',  ( -0.9396926207859129798, 0.000000000000000000, -0.3420201433256564449 ) ) ;
#3180 = CARTESIAN_POINT ( 'NONE',  ( 11.97963748257085115, -3.469446951953614189E-15, -19.37832075548439548 ) ) ;
#3181 = VERTEX_POINT ( 'NONE', #2181 ) ;
#3182 = CIRCLE ( 'NONE', #199, 1.000000000000000888 ) ;
#3183 = ADVANCED_FACE ( 'NONE', ( #495 ), #1207, .T. ) ;
#3184 = ORIENTED_EDGE ( 'NONE', *, *, #1844, .F. ) ;
#3185 = EDGE_CURVE ( 'NONE', #819, #2398, #27, .T. ) ;
#3186 = DIRECTION ( 'NONE',  ( 1.591880191770952510E-16, -1.000000000000000000, 0.000000000000000000 ) ) ;
#3187 = DIRECTION ( 'NONE',  ( -1.000000000000000000, -1.591880191770951770E-16, -1.734723475976805517E-15 ) ) ;
#3188 = ORIENTED_EDGE ( 'NONE', *, *, #1274, .T. ) ;
#3189 = AXIS2_PLACEMENT_3D ( 'NONE', #1947, #66, #2080 ) ;
#3190 = DIRECTION ( 'NONE',  ( -1.000000000000000000, -1.591880191770955715E-16, 3.469446951953611033E-15 ) ) ;
#3191 = DIRECTION ( 'NONE',  ( -1.591880191770952510E-16, 1.000000000000000000, -0.000000000000000000 ) ) ;
#3192 = CARTESIAN_POINT ( 'NONE',  ( 1.818952717202896847E-15, 10.59999999999999609, 0.000000000000000000 ) ) ;
#3193 = ORIENTED_EDGE ( 'NONE', *, *, #2816, .T. ) ;
#3194 = CARTESIAN_POINT ( 'NONE',  ( 21.16416273831727679, 0.000000000000000000, -8.432629785676370560 ) ) ;
#3195 = DIRECTION ( 'NONE',  ( 0.000000000000000000, 0.000000000000000000, 1.000000000000000000 ) ) ;
#3196 = LINE ( 'NONE', #183, #3150 ) ;
#3197 = ORIENTED_EDGE ( 'NONE', *, *, #12, .F. ) ;
#3198 = AXIS2_PLACEMENT_3D ( 'NONE', #1608, #3092, #631 ) ;
#3199 = VERTEX_POINT ( 'NONE', #530 ) ;
#3200 = AXIS2_PLACEMENT_3D ( 'NONE', #3207, #2471, #742 ) ;
#3201 = DIRECTION ( 'NONE',  ( 1.591880191770952510E-16, -1.000000000000000000, 0.000000000000000000 ) ) ;
#3202 = ADVANCED_FACE ( 'NONE', ( #479 ), #3003, .T. ) ;
#3203 = ADVANCED_FACE ( 'NONE', ( #757 ), #1458, .T. ) ;
#3204 = DIRECTION ( 'NONE',  ( 0.2877662231574715790, -3.365763327406781791E-17, 0.9577006843527283708 ) ) ;
#3205 = ORIENTED_EDGE ( 'NONE', *, *, #2778, .T. ) ;
#3206 = VECTOR ( 'NONE', #2028, 1000.000000000000000 ) ;
#3207 = CARTESIAN_POINT ( 'NONE',  ( -23.50000000000000000, -16.56058306581548223, 0.000000000000000000 ) ) ;
#3208 = ORIENTED_EDGE ( 'NONE', *, *, #1932, .T. ) ;
#3209 = DIRECTION ( 'NONE',  ( 0.000000000000000000, 0.000000000000000000, 1.000000000000000000 ) ) ;
#3210 = FACE_OUTER_BOUND ( 'NONE', #492, .T. ) ;
#3211 = CARTESIAN_POINT ( 'NONE',  ( 21.63307920226020187, 10.59999999999999964, 7.144292389382668418 ) ) ;
#3212 = ORIENTED_EDGE ( 'NONE', *, *, #828, .F. ) ;
#3213 = CARTESIAN_POINT ( 'NONE',  ( 13.49999999999994671, -1.040834085586084257E-14, -21.68268590217988034 ) ) ;
#3214 = CARTESIAN_POINT ( 'NONE',  ( -23.92395390970465741, 22.02644230769230660, 1.909038848826087653 ) ) ;
#3215 = EDGE_CURVE ( 'NONE', #1079, #2447, #514, .T. ) ;
#3216 = CARTESIAN_POINT ( 'NONE',  ( -18.00204441329606198, -15.10922134489267776, -15.10550882763358338 ) ) ;
#3217 = ORIENTED_EDGE ( 'NONE', *, *, #2332, .F. ) ;
#3218 = ORIENTED_EDGE ( 'NONE', *, *, #2466, .F. ) ;
#3219 = ADVANCED_FACE ( 'NONE', ( #2773 ), #969, .T. ) ;
#3220 = EDGE_CURVE ( 'NONE', #2847, #1822, #217, .T. ) ;
#3221 = EDGE_CURVE ( 'NONE', #1642, #283, #3038, .T. ) ;
#3222 = DIRECTION ( 'NONE',  ( 0.000000000000000000, 0.000000000000000000, 1.000000000000000000 ) ) ;
#3223 = FACE_BOUND ( 'NONE', #536, .T. ) ;
#3224 = ORIENTED_EDGE ( 'NONE', *, *, #2297, .F. ) ;
#3225 = ORIENTED_EDGE ( 'NONE', *, *, #2653, .F. ) ;
#3226 = EDGE_LOOP ( 'NONE', ( #2552, #2238, #1975, #1096 ) ) ;
#3227 = DIRECTION ( 'NONE',  ( -1.591880191770952756E-16, 1.000000000000000000, 2.465190328815661892E-32 ) ) ;
#3228 = VECTOR ( 'NONE', #671, 1000.000000000000000 ) ;
#3229 = DIRECTION ( 'NONE',  ( -0.1736481776669273613, 0.000000000000000000, 0.9848077530122086864 ) ) ;
#3230 = CARTESIAN_POINT ( 'NONE',  ( 19.55391846839963321, 10.59999999999999964, 13.91561254602828335 ) ) ;
#3231 = AXIS2_PLACEMENT_3D ( 'NONE', #1735, #1043, #1244 ) ;
#3232 = VERTEX_POINT ( 'NONE', #2011 ) ;
#3233 = DIRECTION ( 'NONE',  ( -0.9983661108964774211, -1.589279236071505085E-16, 0.05714112891291871221 ) ) ;
#3234 = CIRCLE ( 'NONE', #1852, 24.00000000000000000 ) ;
#3235 = DIRECTION ( 'NONE',  ( 0.000000000000000000, 0.000000000000000000, 1.000000000000000000 ) ) ;
#3236 = CARTESIAN_POINT ( 'NONE',  ( 11.97963748257112293, -3.469446951953614189E-15, 19.37832075548422850 ) ) ;
#3237 = AXIS2_PLACEMENT_3D ( 'NONE', #1424, #1892, #381 ) ;
#3238 = DIRECTION ( 'NONE',  ( 0.9186138501515663801, 1.462323191942729411E-16, 0.3951564175231316312 ) ) ;
#3239 = ORIENTED_EDGE ( 'NONE', *, *, #2796, .T. ) ;
#3240 = VERTEX_POINT ( 'NONE', #2705 ) ;
#3241 = VECTOR ( 'NONE', #2290, 1000.000000000000000 ) ;
#3242 = VERTEX_POINT ( 'NONE', #1221 ) ;
#3243 = AXIS2_PLACEMENT_3D ( 'NONE', #1969, #1497, #267 ) ;
#3244 = CARTESIAN_POINT ( 'NONE',  ( -17.00367830239938272, -15.10922134489260849, 15.16264995654672632 ) ) ;
#3245 = ORIENTED_EDGE ( 'NONE', *, *, #1797, .F. ) ;
#3246 = FACE_OUTER_BOUND ( 'NONE', #1631, .T. ) ;
ENDSEC;
END-ISO-10303-21;
