ISO-10303-21;
HEADER;
FILE_DESCRIPTION (( 'STEP AP203' ),
    '1' );
FILE_NAME ('InRunnerUpperCarrierPlate.STEP',
    '2026-02-26T13:23:33',
    ( '' ),
    ( '' ),
    'SwSTEP 2.0',
    'SolidWorks 2024',
    '' );
FILE_SCHEMA (( 'CONFIG_CONTROL_DESIGN' ));
ENDSEC;

DATA;
#1 = VERTEX_POINT ( 'NONE', #1233 ) ;
#2 = AXIS2_PLACEMENT_3D ( 'NONE', #45, #854, #2437 ) ;
#3 = ORIENTED_EDGE ( 'NONE', *, *, #4744, .F. ) ;
#4 = AXIS2_PLACEMENT_3D ( 'NONE', #119, #4507, #1364 ) ;
#5 = LINE ( 'NONE', #1591, #4046 ) ;
#6 = CARTESIAN_POINT ( 'NONE',  ( 5.201391389914259200, 5.600000000000000533, 16.51625383435532868 ) ) ;
#7 = VERTEX_POINT ( 'NONE', #828 ) ;
#8 = EDGE_LOOP ( 'NONE', ( #5192, #1076, #5187, #3969 ) ) ;
#9 = AXIS2_PLACEMENT_3D ( 'NONE', #3740, #1278, #2883 ) ;
#10 = DIRECTION ( 'NONE',  ( 1.000000000000000000, 1.478457507934778886E-16, 0.000000000000000000 ) ) ;
#11 = CARTESIAN_POINT ( 'NONE',  ( 14.05833024919771646, 3.600000000000001421, -8.116580753730922027 ) ) ;
#12 = PLANE ( 'NONE',  #3063 ) ;
#13 = CIRCLE ( 'NONE', #9, 0.4000000000000001887 ) ;
#14 = ORIENTED_EDGE ( 'NONE', *, *, #4828, .F. ) ;
#15 = ORIENTED_EDGE ( 'NONE', *, *, #2774, .F. ) ;
#16 = CIRCLE ( 'NONE', #683, 0.3999999999999993006 ) ;
#17 = FACE_BOUND ( 'NONE', #835, .T. ) ;
#18 = DIRECTION ( 'NONE',  ( 0.000000000000000000, 0.000000000000000000, 1.000000000000000000 ) ) ;
#19 = CARTESIAN_POINT ( 'NONE',  ( 3.500195786275336761E-15, 3.600000000000000089, 16.23316150746190090 ) ) ;
#20 = AXIS2_PLACEMENT_3D ( 'NONE', #490, #2076, #74 ) ;
#21 = ORIENTED_EDGE ( 'NONE', *, *, #52, .T. ) ;
#22 = DIRECTION ( 'NONE',  ( -1.235542393701589400E-16, 1.000000000000000000, -0.000000000000000000 ) ) ;
#23 = LINE ( 'NONE', #1978, #1082 ) ;
#24 = ADVANCED_FACE ( 'NONE', ( #1579 ), #1976, .F. ) ;
#25 = DIRECTION ( 'NONE',  ( -0.000000000000000000, 1.000000000000000000, -0.000000000000000000 ) ) ;
#26 = ORIENTED_EDGE ( 'NONE', *, *, #3064, .T. ) ;
#27 = EDGE_CURVE ( 'NONE', #4098, #2504, #2411, .T. ) ;
#28 = EDGE_CURVE ( 'NONE', #4982, #4542, #2864, .T. ) ;
#29 = VERTEX_POINT ( 'NONE', #1944 ) ;
#30 = FACE_OUTER_BOUND ( 'NONE', #1467, .T. ) ;
#31 = ORIENTED_EDGE ( 'NONE', *, *, #2186, .T. ) ;
#32 = EDGE_LOOP ( 'NONE', ( #2100, #1461, #569, #3368, #344 ) ) ;
#33 = DIRECTION ( 'NONE',  ( 1.235542393701589400E-16, -1.000000000000000000, 0.000000000000000000 ) ) ;
#34 = CARTESIAN_POINT ( 'NONE',  ( 4.801391389914265950, 5.999999999999997335, 16.51625383435532868 ) ) ;
#35 = ORIENTED_EDGE ( 'NONE', *, *, #1733, .F. ) ;
#36 = VERTEX_POINT ( 'NONE', #438 ) ;
#37 = CARTESIAN_POINT ( 'NONE',  ( -11.25833024919762870, 3.599999999999998757, -9.200000000000130740 ) ) ;
#38 = DIRECTION ( 'NONE',  ( 1.235542393701589400E-16, -1.000000000000000000, 0.000000000000000000 ) ) ;
#39 = CONICAL_SURFACE ( 'NONE', #531, 17.19999999999999929, 0.7853981633974482790 ) ;
#40 = LINE ( 'NONE', #4504, #2663 ) ;
#41 = ORIENTED_EDGE ( 'NONE', *, *, #4681, .T. ) ;
#42 = AXIS2_PLACEMENT_3D ( 'NONE', #1533, #3211, #1592 ) ;
#43 = CARTESIAN_POINT ( 'NONE',  ( 7.699999999999997513, 16.97268548471243577, 9.429780353434617057E-16 ) ) ;
#44 = VECTOR ( 'NONE', #1423, 1000.000000000000000 ) ;
#45 = CARTESIAN_POINT ( 'NONE',  ( 14.05833024919768270, 3.600000000000001421, 4.883419246269112612 ) ) ;
#46 = CARTESIAN_POINT ( 'NONE',  ( -14.05833024919760810, -1.736966300754107615E-15, -8.116580753731112097 ) ) ;
#47 = ORIENTED_EDGE ( 'NONE', *, *, #4511, .T. ) ;
#48 = CIRCLE ( 'NONE', #3149, 3.700000000000000178 ) ;
#49 = ADVANCED_FACE ( 'NONE', ( #3669 ), #68, .F. ) ;
#50 = ORIENTED_EDGE ( 'NONE', *, *, #3937, .T. ) ;
#51 = AXIS2_PLACEMENT_3D ( 'NONE', #389, #5180, #4775 ) ;
#52 = EDGE_CURVE ( 'NONE', #1485, #2966, #2807, .T. ) ;
#53 = DIRECTION ( 'NONE',  ( -1.235542393701589400E-16, 1.000000000000000000, 0.000000000000000000 ) ) ;
#54 = ORIENTED_EDGE ( 'NONE', *, *, #4618, .T. ) ;
#55 = AXIS2_PLACEMENT_3D ( 'NONE', #5084, #1083, #4666 ) ;
#56 = ADVANCED_FACE ( 'NONE', ( #2510 ), #4079, .T. ) ;
#57 = ORIENTED_EDGE ( 'NONE', *, *, #3034, .T. ) ;
#58 = CARTESIAN_POINT ( 'NONE',  ( -7.010368516115058865E-16, -8.661607497131059322E-32, -9.766838492538095551 ) ) ;
#59 = CARTESIAN_POINT ( 'NONE',  ( 1.454565200407755461E-15, 5.200000000000001066, 0.000000000000000000 ) ) ;
#60 = CIRCLE ( 'NONE', #2553, 1.699999999999998401 ) ;
#61 = ORIENTED_EDGE ( 'NONE', *, *, #2735, .T. ) ;
#62 = ORIENTED_EDGE ( 'NONE', *, *, #1072, .T. ) ;
#63 = LINE ( 'NONE', #2355, #701 ) ;
#64 = CARTESIAN_POINT ( 'NONE',  ( -4.801391389914148711, 5.599999999999998757, -16.51625383435536421 ) ) ;
#65 = PRODUCT ( 'InRunnerUpperCarrierPlate', 'InRunnerUpperCarrierPlate', '', ( #1885 ) ) ;
#66 = DIRECTION ( 'NONE',  ( 3.996802888650562757E-15, 5.361788965174063739E-31, -1.000000000000000000 ) ) ;
#67 = CALENDAR_DATE ( 2026, 26, 2 ) ;
#68 = CYLINDRICAL_SURFACE ( 'NONE', #2454, 3.700000000000000178 ) ;
#69 = PLANE ( 'NONE',  #2564 ) ;
#70 = CARTESIAN_POINT ( 'NONE',  ( 14.05833024919771113, 1.736966300754120434E-15, -4.883419246269017577 ) ) ;
#71 = DIRECTION ( 'NONE',  ( 0.8660254037844378194, 0.000000000000000000, 0.5000000000000014433 ) ) ;
#72 = EDGE_LOOP ( 'NONE', ( #1731, #2243, #3556, #162, #4628, #3412 ) ) ;
#73 = ORIENTED_EDGE ( 'NONE', *, *, #2054, .T. ) ;
#74 = DIRECTION ( 'NONE',  ( 0.4999999999999920064, 6.177711968507848393E-17, 0.8660254037844432595 ) ) ;
#75 = VECTOR ( 'NONE', #4109, 1000.000000000000000 ) ;
#76 = ORIENTED_EDGE ( 'NONE', *, *, #2050, .F. ) ;
#77 = EDGE_LOOP ( 'NONE', ( #3570, #2105, #2233, #3401 ) ) ;
#78 = EDGE_CURVE ( 'NONE', #3414, #2136, #2121, .T. ) ;
#79 = ADVANCED_FACE ( 'NONE', ( #4613 ), #3407, .F. ) ;
#80 = FACE_OUTER_BOUND ( 'NONE', #840, .T. ) ;
#81 = EDGE_CURVE ( 'NONE', #4757, #3147, #5012, .T. ) ;
#82 = DIRECTION ( 'NONE',  ( -1.235542393701589400E-16, 1.000000000000000000, 0.000000000000000000 ) ) ;
#83 = VERTEX_POINT ( 'NONE', #3300 ) ;
#84 = VECTOR ( 'NONE', #2599, 1000.000000000000114 ) ;
#85 = EDGE_LOOP ( 'NONE', ( #3618, #3244, #2615, #2782, #2850 ) ) ;
#86 = ADVANCED_FACE ( 'NONE', ( #3772 ), #3833, .F. ) ;
#87 = ADVANCED_FACE ( 'NONE', ( #1695 ), #1310, .F. ) ;
#88 = LINE ( 'NONE', #2477, #3245 ) ;
#89 = VECTOR ( 'NONE', #4768, 1000.000000000000000 ) ;
#90 = DIRECTION ( 'NONE',  ( 1.000000000000000000, 2.115516434118058448E-16, 0.000000000000000000 ) ) ;
#91 = CARTESIAN_POINT ( 'NONE',  ( 13.50000000000000000, 5.999999999999998224, -4.099999999999997868 ) ) ;
#92 = CONICAL_SURFACE ( 'NONE', #1668, 1.699999999999998401, 0.7853981633974489451 ) ;
#93 = LINE ( 'NONE', #143, #131 ) ;
#94 = CARTESIAN_POINT ( 'NONE',  ( -2.210901595197776700E-15, 4.600000000000000533, -14.69999999999999751 ) ) ;
#95 = CARTESIAN_POINT ( 'NONE',  ( -11.25833024919776193, 3.599999999999998757, 3.799999999999887468 ) ) ;
#96 = VECTOR ( 'NONE', #4315, 1000.000000000000114 ) ;
#97 = LINE ( 'NONE', #120, #1297 ) ;
#98 = DIRECTION ( 'NONE',  ( 0.000000000000000000, 0.000000000000000000, -1.000000000000000000 ) ) ;
#99 = VERTEX_POINT ( 'NONE', #4168 ) ;
#100 = ORIENTED_EDGE ( 'NONE', *, *, #4222, .T. ) ;
#101 = DIRECTION ( 'NONE',  ( 1.235542393701589400E-16, -1.000000000000000000, 0.000000000000000000 ) ) ;
#102 = FACE_BOUND ( 'NONE', #1564, .T. ) ;
#103 = ORIENTED_EDGE ( 'NONE', *, *, #2602, .T. ) ;
#104 = VERTEX_POINT ( 'NONE', #4505 ) ;
#105 = EDGE_CURVE ( 'NONE', #3506, #4309, #116, .T. ) ;
#106 = DIRECTION ( 'NONE',  ( -1.000000000000000000, 0.000000000000000000, 0.000000000000000000 ) ) ;
#107 = DIRECTION ( 'NONE',  ( 1.000000000000000000, 1.008560160451632098E-16, 0.000000000000000000 ) ) ;
#108 = DIRECTION ( 'NONE',  ( -0.4999999999999920064, 0.000000000000000000, -0.8660254037844432595 ) ) ;
#109 = ORIENTED_EDGE ( 'NONE', *, *, #3436, .F. ) ;
#110 = ORIENTED_EDGE ( 'NONE', *, *, #117, .T. ) ;
#111 = EDGE_CURVE ( 'NONE', #229, #3983, #93, .T. ) ;
#112 = PLANE ( 'NONE',  #4498 ) ;
#113 = FACE_OUTER_BOUND ( 'NONE', #2748, .T. ) ;
#114 = CARTESIAN_POINT ( 'NONE',  ( -4.801391389914373420, 2.399999999999995914, 16.51625383435529315 ) ) ;
#115 = EDGE_CURVE ( 'NONE', #708, #3257, #643, .T. ) ;
#117 = EDGE_CURVE ( 'NONE', #2057, #4487, #1724, .T. ) ;
#116 = LINE ( 'NONE', #4139, #2218 ) ;
#118 = CARTESIAN_POINT ( 'NONE',  ( -6.749999999999892530, 5.999999999999995559, -11.69134295108998245 ) ) ;
#119 = CARTESIAN_POINT ( 'NONE',  ( 7.282507227558705044E-16, 3.600000000000000089, 13.00000000000000000 ) ) ;
#120 = CARTESIAN_POINT ( 'NONE',  ( 9.954293994002400225, 5.600000000000000533, 9.841342951089945501 ) ) ;
#121 = DIRECTION ( 'NONE',  ( 0.000000000000000000, 0.000000000000000000, 1.000000000000000000 ) ) ;
#122 = ORIENTED_EDGE ( 'NONE', *, *, #171, .F. ) ;
#123 = VERTEX_POINT ( 'NONE', #481 ) ;
#124 = ORGANIZATION ( 'UNSPECIFIED', 'UNSPECIFIED', '' ) ;
#125 = CARTESIAN_POINT ( 'NONE',  ( 13.50000000000000000, 2.399999999999999467, -2.150000000000000799 ) ) ;
#126 = DIRECTION ( 'NONE',  ( -1.235542393701589400E-16, 1.000000000000000000, -0.000000000000000000 ) ) ;
#127 = CARTESIAN_POINT ( 'NONE',  ( 13.50000000000000000, 5.600000000000000533, 3.700000000000000178 ) ) ;
#128 = VECTOR ( 'NONE', #1227, 1000.000000000000000 ) ;
#129 = ORIENTED_EDGE ( 'NONE', *, *, #4776, .T. ) ;
#130 = ORIENTED_EDGE ( 'NONE', *, *, #5158, .F. ) ;
#131 = VECTOR ( 'NONE', #926, 999.9999999999998863 ) ;
#132 = AXIS2_PLACEMENT_3D ( 'NONE', #2337, #1585, #3967 ) ;
#133 = CYLINDRICAL_SURFACE ( 'NONE', #2419, 0.4000000000000001887 ) ;
#134 = CARTESIAN_POINT ( 'NONE',  ( 2.799999999999997602, 3.459518702364447756E-16, -11.38341924626904955 ) ) ;
#135 = DIRECTION ( 'NONE',  ( -0.5000000000000102141, -6.177711968508073958E-17, 0.8660254037844328234 ) ) ;
#136 = AXIS2_PLACEMENT_3D ( 'NONE', #1857, #615, #2703 ) ;
#137 = ORIENTED_EDGE ( 'NONE', *, *, #4804, .F. ) ;
#138 = ORIENTED_EDGE ( 'NONE', *, *, #4837, .F. ) ;
#139 = DIRECTION ( 'NONE',  ( 1.000000000000000000, 0.000000000000000000, 0.000000000000000000 ) ) ;
#140 = CARTESIAN_POINT ( 'NONE',  ( -11.25833024919762870, 5.999999999999994671, -6.500000000000129674 ) ) ;
#141 = FACE_OUTER_BOUND ( 'NONE', #3736, .T. ) ;
#142 = ORIENTED_EDGE ( 'NONE', *, *, #2863, .F. ) ;
#143 = CARTESIAN_POINT ( 'NONE',  ( 17.10419109086099354, 5.600000000000002309, 4.100000000000000533 ) ) ;
#144 = ADVANCED_FACE ( 'NONE', ( #2567 ), #4563, .F. ) ;
#145 = EDGE_CURVE ( 'NONE', #3082, #2239, #3741, .T. ) ;
#146 = CARTESIAN_POINT ( 'NONE',  ( 0.000000000000000000, 16.97268548471243577, 0.000000000000000000 ) ) ;
#147 = FACE_OUTER_BOUND ( 'NONE', #4920, .T. ) ;
#148 = DIRECTION ( 'NONE',  ( 0.000000000000000000, 0.000000000000000000, 1.000000000000000000 ) ) ;
#149 = EDGE_CURVE ( 'NONE', #515, #2258, #3382, .T. ) ;
#150 = DIRECTION ( 'NONE',  ( 1.235542393701589400E-16, -1.000000000000000000, 0.000000000000000000 ) ) ;
#151 = ORIENTED_EDGE ( 'NONE', *, *, #602, .F. ) ;
#152 = EDGE_LOOP ( 'NONE', ( #2049, #5122, #1432, #4491 ) ) ;
#153 = CARTESIAN_POINT ( 'NONE',  ( 3.050000000000135714, 5.600000000000000533, -11.69134295108984212 ) ) ;
#154 = CARTESIAN_POINT ( 'NONE',  ( 14.05833024919768270, 1.736966300754116490E-15, 4.883419246269112612 ) ) ;
#155 = DIRECTION ( 'NONE',  ( 1.000000000000000000, 1.235542393701589400E-16, 0.000000000000000000 ) ) ;
#156 = EDGE_LOOP ( 'NONE', ( #3448, #2055, #3564, #2516 ) ) ;
#157 = EDGE_LOOP ( 'NONE', ( #1770, #4363, #1712, #4918 ) ) ;
#158 = AXIS2_PLACEMENT_3D ( 'NONE', #4561, #1807, #2479 ) ;
#159 = CYLINDRICAL_SURFACE ( 'NONE', #2336, 1.699999999999998401 ) ;
#160 = CARTESIAN_POINT ( 'NONE',  ( 7.699999999999999289, 5.200000000000001954, 0.000000000000000000 ) ) ;
#161 = PLANE ( 'NONE',  #2631 ) ;
#162 = ORIENTED_EDGE ( 'NONE', *, *, #4834, .F. ) ;
#163 = ORIENTED_EDGE ( 'NONE', *, *, #529, .F. ) ;
#164 = CONICAL_SURFACE ( 'NONE', #4857, 3.700000000000000178, 0.7853981633974482790 ) ;
#165 = FACE_OUTER_BOUND ( 'NONE', #5182, .T. ) ;
#166 = CARTESIAN_POINT ( 'NONE',  ( -16.70419109086099496, 5.599999999999996980, 3.700000000000000178 ) ) ;
#167 = CARTESIAN_POINT ( 'NONE',  ( -2.965301744883813771E-16, 2.399999999999997691, 0.000000000000000000 ) ) ;
#168 = ORIENTED_EDGE ( 'NONE', *, *, #2081, .F. ) ;
#169 = CARTESIAN_POINT ( 'NONE',  ( -4.801391389914148711, 2.399999999999995914, -16.51625383435536421 ) ) ;
#170 = AXIS2_PLACEMENT_3D ( 'NONE', #478, #1549, #2386 ) ;
#171 = EDGE_CURVE ( 'NONE', #832, #2427, #723, .T. ) ;
#172 = DIRECTION ( 'NONE',  ( -0.000000000000000000, 1.000000000000000000, -0.000000000000000000 ) ) ;
#173 = CARTESIAN_POINT ( 'NONE',  ( 16.70419109086099851, 2.399999999999999911, 3.700000000000000178 ) ) ;
#174 = DIRECTION ( 'NONE',  ( 1.235542393701589400E-16, -1.000000000000000000, 0.000000000000000000 ) ) ;
#175 = AXIS2_PLACEMENT_3D ( 'NONE', #1987, #3615, #473 ) ;
#176 = ORIENTED_EDGE ( 'NONE', *, *, #1551, .T. ) ;
#177 = ORIENTED_EDGE ( 'NONE', *, *, #567, .T. ) ;
#178 = EDGE_CURVE ( 'NONE', #2727, #2799, #4895, .T. ) ;
#179 = DIRECTION ( 'NONE',  ( -1.000000000000000000, -1.235542393701589400E-16, 0.000000000000000000 ) ) ;
#180 = VECTOR ( 'NONE', #2988, 1000.000000000000000 ) ;
#181 = LINE ( 'NONE', #1737, #254 ) ;
#182 = CARTESIAN_POINT ( 'NONE',  ( -5.201391389914373775, 5.599999999999998757, 16.51625383435529315 ) ) ;
#183 = EDGE_CURVE ( 'NONE', #4784, #4855, #4261, .T. ) ;
#184 = ADVANCED_FACE ( 'NONE', ( #1908 ), #2597, .F. ) ;
#185 = ORIENTED_EDGE ( 'NONE', *, *, #5164, .T. ) ;
#186 = CIRCLE ( 'NONE', #3117, 4.099999999999997868 ) ;
#187 = ORIENTED_EDGE ( 'NONE', *, *, #2700, .T. ) ;
#188 = EDGE_CURVE ( 'NONE', #4623, #802, #3540, .T. ) ;
#189 = CARTESIAN_POINT ( 'NONE',  ( -4.801391389914375196, 16.97268548471243577, 16.51625383435529315 ) ) ;
#190 = DIRECTION ( 'NONE',  ( -0.6123724356957948034, -0.7071067811865485719, 0.3535533905932712329 ) ) ;
#191 = CARTESIAN_POINT ( 'NONE',  ( -11.25833024919762870, 4.599999999999999645, -6.500000000000129674 ) ) ;
#192 = ORIENTED_EDGE ( 'NONE', *, *, #1802, .F. ) ;
#193 = ORIENTED_EDGE ( 'NONE', *, *, #3974, .T. ) ;
#194 = CARTESIAN_POINT ( 'NONE',  ( -8.458330249197747008, 3.599999999999999201, 4.883419246268969616 ) ) ;
#195 = FACE_OUTER_BOUND ( 'NONE', #1384, .T. ) ;
#196 = CARTESIAN_POINT ( 'NONE',  ( 6.749999999999973355, 2.399999999999998579, 11.69134295108993804 ) ) ;
#197 = EDGE_LOOP ( 'NONE', ( #1112, #2475, #1128, #4672 ) ) ;
#198 = DIRECTION ( 'NONE',  ( -1.000000000000000000, 0.000000000000000000, 0.000000000000000000 ) ) ;
#199 = DIRECTION ( 'NONE',  ( -1.000000000000000000, 0.000000000000000000, 0.000000000000000000 ) ) ;
#200 = CARTESIAN_POINT ( 'NONE',  ( 11.25833024919771574, 4.600000000000003197, -4.799999999999975842 ) ) ;
#201 = CARTESIAN_POINT ( 'NONE',  ( 17.60000000000000142, 2.399999999999999911, 0.000000000000000000 ) ) ;
#202 = EDGE_LOOP ( 'NONE', ( #2646, #4263, #4856, #1486 ) ) ;
#203 = ORIENTED_EDGE ( 'NONE', *, *, #178, .T. ) ;
#204 = PLANE ( 'NONE',  #3057 ) ;
#205 = LINE ( 'NONE', #154, #496 ) ;
#206 = CYLINDRICAL_SURFACE ( 'NONE', #2424, 8.099999999999997868 ) ;
#207 = EDGE_CURVE ( 'NONE', #732, #1456, #2811, .T. ) ;
#208 = EDGE_LOOP ( 'NONE', ( #1704, #4678, #2778, #1397 ) ) ;
#209 = EDGE_LOOP ( 'NONE', ( #1416, #2695, #1861, #3968 ) ) ;
#210 = ADVANCED_FACE ( 'NONE', ( #5062 ), #2652, .F. ) ;
#211 = DIRECTION ( 'NONE',  ( -1.000000000000000000, 0.000000000000000000, 0.000000000000000000 ) ) ;
#212 = CARTESIAN_POINT ( 'NONE',  ( -3.545706005997452337, 5.600000000000000533, -13.54134295108995367 ) ) ;
#213 = LINE ( 'NONE', #3846, #1211 ) ;
#214 = ADVANCED_FACE ( 'NONE', ( #4640 ), #4340, .F. ) ;
#215 = ORIENTED_EDGE ( 'NONE', *, *, #3206, .F. ) ;
#216 = CIRCLE ( 'NONE', #3902, 2.700000000000007727 ) ;
#217 = ORIENTED_EDGE ( 'NONE', *, *, #883, .T. ) ;
#218 = AXIS2_PLACEMENT_3D ( 'NONE', #4009, #2781, #3240 ) ;
#219 = DIRECTION ( 'NONE',  ( 1.720845688168992638E-15, 2.157041537713704155E-31, -1.000000000000000000 ) ) ;
#220 = DIRECTION ( 'NONE',  ( 0.000000000000000000, 1.000000000000000000, 0.000000000000000000 ) ) ;
#221 = DIRECTION ( 'NONE',  ( 0.000000000000000000, 0.000000000000000000, -1.000000000000000000 ) ) ;
#222 = VECTOR ( 'NONE', #2910, 1000.000000000000000 ) ;
#223 = ORIENTED_EDGE ( 'NONE', *, *, #1609, .F. ) ;
#224 = DIRECTION ( 'NONE',  ( -1.235542393701589400E-16, 1.000000000000000000, -0.000000000000000000 ) ) ;
#225 = PLANE ( 'NONE',  #4355 ) ;
#226 = DIRECTION ( 'NONE',  ( -0.000000000000000000, 1.000000000000000000, -0.000000000000000000 ) ) ;
#227 = CARTESIAN_POINT ( 'NONE',  ( 1.503986896155819846E-15, 4.799999999999997158, 0.000000000000000000 ) ) ;
#228 = EDGE_LOOP ( 'NONE', ( #1956, #1478, #4448, #1786 ) ) ;
#229 = VERTEX_POINT ( 'NONE', #671 ) ;
#230 = CARTESIAN_POINT ( 'NONE',  ( 14.05833024919771113, 3.600000000000001421, -4.883419246269017577 ) ) ;
#231 = LINE ( 'NONE', #2929, #5040 ) ;
#232 = DIRECTION ( 'NONE',  ( -1.000000000000000000, 0.000000000000000000, 0.000000000000000000 ) ) ;
#233 = ORIENTED_EDGE ( 'NONE', *, *, #1513, .T. ) ;
#234 = VERTEX_POINT ( 'NONE', #2261 ) ;
#235 = CARTESIAN_POINT ( 'NONE',  ( -2.210901595197776700E-15, 4.600000000000000533, -11.30000000000000071 ) ) ;
#236 = CARTESIAN_POINT ( 'NONE',  ( -7.699999999999995737, 5.999999999999995559, 0.000000000000000000 ) ) ;
#237 = CARTESIAN_POINT ( 'NONE',  ( -2.965301744883811799E-16, 2.399999999999997691, 0.000000000000000000 ) ) ;
#238 = DIRECTION ( 'NONE',  ( -1.000000000000000000, 0.000000000000000000, 0.000000000000000000 ) ) ;
#239 = VECTOR ( 'NONE', #4223, 1000.000000000000000 ) ;
#240 = VERTEX_POINT ( 'NONE', #3856 ) ;
#241 = EDGE_CURVE ( 'NONE', #1367, #3899, #2723, .T. ) ;
#242 = EDGE_CURVE ( 'NONE', #3005, #4126, #3157, .T. ) ;
#243 = VERTEX_POINT ( 'NONE', #1493 ) ;
#244 = EDGE_CURVE ( 'NONE', #4790, #2057, #5139, .T. ) ;
#245 = CYLINDRICAL_SURFACE ( 'NONE', #3555, 2.149999999999999023 ) ;
#246 = CARTESIAN_POINT ( 'NONE',  ( -2.799999999999998046, 3.599999999999999645, 14.61658075373095222 ) ) ;
#247 = CARTESIAN_POINT ( 'NONE',  ( 13.50000000000000000, 5.600000000000000533, -3.700000000000000178 ) ) ;
#248 = ORIENTED_EDGE ( 'NONE', *, *, #2930, .F. ) ;
#249 = EDGE_CURVE ( 'NONE', #4468, #832, #3886, .T. ) ;
#250 = CIRCLE ( 'NONE', #1404, 3.700000000000000178 ) ;
#251 = EDGE_CURVE ( 'NONE', #3699, #1616, #695, .T. ) ;
#252 = DIRECTION ( 'NONE',  ( -0.000000000000000000, 1.000000000000000000, -0.000000000000000000 ) ) ;
#253 = CARTESIAN_POINT ( 'NONE',  ( 16.70419109086099851, -10.75174404457249544, 3.700000000000000178 ) ) ;
#254 = VECTOR ( 'NONE', #1430, 1000.000000000000000 ) ;
#255 = DIRECTION ( 'NONE',  ( -0.000000000000000000, 1.000000000000000000, -0.000000000000000000 ) ) ;
#256 = LINE ( 'NONE', #1012, #3060 ) ;
#257 = ORIENTED_EDGE ( 'NONE', *, *, #1738, .F. ) ;
#258 = VECTOR ( 'NONE', #2891, 999.9999999999998863 ) ;
#259 = ORIENTED_EDGE ( 'NONE', *, *, #2194, .T. ) ;
#260 = CARTESIAN_POINT ( 'NONE',  ( 6.749999999999976019, -12.38689838640490848, 11.69134295108993804 ) ) ;
#261 = FACE_OUTER_BOUND ( 'NONE', #2552, .T. ) ;
#262 = AXIS2_PLACEMENT_3D ( 'NONE', #2675, #3901, #3052 ) ;
#263 = EDGE_LOOP ( 'NONE', ( #913, #911, #2360, #1167 ) ) ;
#264 = ORIENTED_EDGE ( 'NONE', *, *, #244, .T. ) ;
#265 = AXIS2_PLACEMENT_3D ( 'NONE', #1301, #4943, #106 ) ;
#266 = CARTESIAN_POINT ( 'NONE',  ( -14.05833024919777330, -1.736966300754127731E-15, 8.116580753730824327 ) ) ;
#267 = CARTESIAN_POINT ( 'NONE',  ( 2.799999999999997158, 3.600000000000000533, -11.38341924626904955 ) ) ;
#268 = AXIS2_PLACEMENT_3D ( 'NONE', #3178, #3210, #3233 ) ;
#269 = DIRECTION ( 'NONE',  ( 0.4893343246304973637, 0.7071067811865454633, 0.5104428653026878981 ) ) ;
#270 = ORIENTED_EDGE ( 'NONE', *, *, #492, .T. ) ;
#271 = ADVANCED_FACE ( 'NONE', ( #3465 ), #278, .F. ) ;
#272 = VERTEX_POINT ( 'NONE', #2203 ) ;
#273 = DIRECTION ( 'NONE',  ( 0.000000000000000000, 0.000000000000000000, -1.000000000000000000 ) ) ;
#274 = CARTESIAN_POINT ( 'NONE',  ( -4.447952617325721643E-16, 3.600000000000000089, 0.000000000000000000 ) ) ;
#275 = DIRECTION ( 'NONE',  ( -0.000000000000000000, 1.000000000000000000, -0.000000000000000000 ) ) ;
#276 = ORIENTED_EDGE ( 'NONE', *, *, #1169, .T. ) ;
#277 = EDGE_CURVE ( 'NONE', #36, #3043, #3072, .T. ) ;
#278 = PLANE ( 'NONE',  #136 ) ;
#279 = CARTESIAN_POINT ( 'NONE',  ( 4.913051654795993706, 2.399999999999998135, 16.90035276073569648 ) ) ;
#280 = EDGE_CURVE ( 'NONE', #4842, #2141, #4422, .T. ) ;
#281 = LINE ( 'NONE', #1446, #2164 ) ;
#282 = ADVANCED_FACE ( 'NONE', ( #299, #1882 ), #3437, .T. ) ;
#283 = EDGE_LOOP ( 'NONE', ( #2142, #287, #4962, #1250 ) ) ;
#284 = AXIS2_PLACEMENT_3D ( 'NONE', #4960, #3973, #2776 ) ;
#285 = CARTESIAN_POINT ( 'NONE',  ( 14.05833024919766672, 1.736966300754114715E-15, 8.116580753731012621 ) ) ;
#286 = DIRECTION ( 'NONE',  ( 1.235542393701589400E-16, -1.000000000000000000, 0.000000000000000000 ) ) ;
#287 = ORIENTED_EDGE ( 'NONE', *, *, #1835, .F. ) ;
#288 = ORIENTED_EDGE ( 'NONE', *, *, #4864, .T. ) ;
#289 = LINE ( 'NONE', #606, #3459 ) ;
#290 = DIRECTION ( 'NONE',  ( -0.8660254037844441477, -1.070011100398217582E-16, 0.4999999999999904521 ) ) ;
#291 = EDGE_LOOP ( 'NONE', ( #4872, #3479, #1038, #311 ) ) ;
#292 = ORIENTED_EDGE ( 'NONE', *, *, #4356, .T. ) ;
#293 = CONICAL_SURFACE ( 'NONE', #5166, 0.3999999999999975797, 0.7853981633974492782 ) ;
#294 = DIRECTION ( 'NONE',  ( -1.000000000000000000, 0.000000000000000000, -4.336808689942025625E-15 ) ) ;
#295 = DIRECTION ( 'NONE',  ( 0.000000000000000000, 0.000000000000000000, -1.000000000000000000 ) ) ;
#296 = DIRECTION ( 'NONE',  ( -8.548717289613705361E-15, 0.000000000000000000, 1.000000000000000000 ) ) ;
#297 = EDGE_LOOP ( 'NONE', ( #5078, #705, #1930, #1015 ) ) ;
#298 = VECTOR ( 'NONE', #4841, 1000.000000000000000 ) ;
#299 = FACE_BOUND ( 'NONE', #5200, .T. ) ;
#300 = AXIS2_PLACEMENT_3D ( 'NONE', #194, #1334, #3347 ) ;
#301 = DIRECTION ( 'NONE',  ( -1.235542393701589400E-16, 1.000000000000000000, -0.000000000000000000 ) ) ;
#302 = AXIS2_PLACEMENT_3D ( 'NONE', #4508, #1264, #71 ) ;
#303 = CARTESIAN_POINT ( 'NONE',  ( -13.50000000000000178, 2.399999999999995914, 3.700000000000000178 ) ) ;
#304 = AXIS2_PLACEMENT_3D ( 'NONE', #3109, #3512, #4716 ) ;
#305 = ADVANCED_FACE ( 'NONE', ( #4325 ), #717, .F. ) ;
#306 = VERTEX_POINT ( 'NONE', #320 ) ;
#307 = CARTESIAN_POINT ( 'NONE',  ( -1.625704155516156657, 5.999999999999996447, -5.384197804570122869 ) ) ;
#308 = DIRECTION ( 'NONE',  ( 1.000000000000000000, 0.000000000000000000, 0.000000000000000000 ) ) ;
#309 = EDGE_CURVE ( 'NONE', #3575, #4947, #1468, .T. ) ;
#310 = ORIENTED_EDGE ( 'NONE', *, *, #4134, .F. ) ;
#311 = ORIENTED_EDGE ( 'NONE', *, *, #1013, .T. ) ;
#312 = DIRECTION ( 'NONE',  ( -0.8660254037844385966, -1.070011100398210680E-16, 0.4999999999999999445 ) ) ;
#313 = CARTESIAN_POINT ( 'NONE',  ( -12.17960899631743388, 5.599999999999996980, -12.70500392352648333 ) ) ;
#314 = ORIENTED_EDGE ( 'NONE', *, *, #4129, .T. ) ;
#315 = EDGE_LOOP ( 'NONE', ( #4621, #2006, #3958, #471 ) ) ;
#316 = CARTESIAN_POINT ( 'NONE',  ( 11.25833024919767311, 4.600000000000003197, 6.500000000000052403 ) ) ;
#317 = CARTESIAN_POINT ( 'NONE',  ( -2.799999999999998046, 3.599999999999999645, 11.38341924626904955 ) ) ;
#318 = DIRECTION ( 'NONE',  ( 1.235542393701589400E-16, -1.000000000000000000, 0.000000000000000000 ) ) ;
#319 = EDGE_LOOP ( 'NONE', ( #110, #4719, #14, #841 ) ) ;
#320 = CARTESIAN_POINT ( 'NONE',  ( 3.545706005997734778, 2.399999999999997691, -13.54134295108988084 ) ) ;
#321 = DIRECTION ( 'NONE',  ( -1.000000000000000000, 0.000000000000000000, 0.000000000000000000 ) ) ;
#322 = FACE_OUTER_BOUND ( 'NONE', #1275, .T. ) ;
#323 = CARTESIAN_POINT ( 'NONE',  ( -2.799999999999998046, 3.599999999999999645, 11.38341924626904955 ) ) ;
#324 = AXIS2_PLACEMENT_3D ( 'NONE', #5198, #2064, #2885 ) ;
#325 = APPROVAL_ROLE ( '' ) ;
#326 = VECTOR ( 'NONE', #3513, 1000.000000000000000 ) ;
#327 = EDGE_CURVE ( 'NONE', #3641, #2772, #1573, .T. ) ;
#328 = EDGE_LOOP ( 'NONE', ( #4048, #1989, #2251, #2793 ) ) ;
#329 = CYLINDRICAL_SURFACE ( 'NONE', #1394, 0.4000000000000001887 ) ;
#330 = LINE ( 'NONE', #1476, #4110 ) ;
#331 = CARTESIAN_POINT ( 'NONE',  ( 11.25833024919765890, 1.391014430517668559E-15, 9.733161507461954187 ) ) ;
#332 = CIRCLE ( 'NONE', #3952, 1.699999999999998401 ) ;
#333 = EDGE_LOOP ( 'NONE', ( #5077, #41, #177, #1554 ) ) ;
#334 = ADVANCED_FACE ( 'NONE', ( #2757 ), #351, .F. ) ;
#335 = VERTEX_POINT ( 'NONE', #5168 ) ;
#336 = AXIS2_PLACEMENT_3D ( 'NONE', #64, #3623, #2020 ) ;
#337 = EDGE_CURVE ( 'NONE', #4438, #3989, #3984, .T. ) ;
#338 = FACE_OUTER_BOUND ( 'NONE', #4259, .T. ) ;
#339 = EDGE_CURVE ( 'NONE', #2227, #4317, #4405, .T. ) ;
#340 = LINE ( 'NONE', #1927, #1958 ) ;
#341 = ORIENTED_EDGE ( 'NONE', *, *, #3590, .T. ) ;
#342 = AXIS2_PLACEMENT_3D ( 'NONE', #2472, #861, #4077 ) ;
#343 = EDGE_CURVE ( 'NONE', #857, #4912, #2326, .T. ) ;
#344 = ORIENTED_EDGE ( 'NONE', *, *, #4605, .F. ) ;
#345 = CARTESIAN_POINT ( 'NONE',  ( -16.70419109086099496, 5.599999999999996980, 3.700000000000000178 ) ) ;
#346 = VECTOR ( 'NONE', #1818, 1000.000000000000000 ) ;
#347 = DIRECTION ( 'NONE',  ( 0.8660254037844397068, 1.070011100398212159E-16, -0.4999999999999979461 ) ) ;
#348 = CARTESIAN_POINT ( 'NONE',  ( -16.70419109086099141, 2.399999999999995914, -4.100000000000000533 ) ) ;
#349 = ORIENTED_EDGE ( 'NONE', *, *, #4095, .F. ) ;
#350 = ORIENTED_EDGE ( 'NONE', *, *, #4776, .F. ) ;
#351 = PLANE ( 'NONE',  #2647 ) ;
#352 = LINE ( 'NONE', #4844, #3303 ) ;
#353 = DIRECTION ( 'NONE',  ( -1.000000000000000000, 0.000000000000000000, -0.000000000000000000 ) ) ;
#354 = DIRECTION ( 'NONE',  ( 0.000000000000000000, -1.000000000000000000, 0.000000000000000000 ) ) ;
#355 = DATE_TIME_ROLE ( 'creation_date' ) ;
#356 = CARTESIAN_POINT ( 'NONE',  ( 7.699999999999999289, 5.999999999999997335, 4.099999999999997868 ) ) ;
#357 = CARTESIAN_POINT ( 'NONE',  ( -13.50000000000000178, 2.399999999999995914, -3.700000000000000178 ) ) ;
#358 = CARTESIAN_POINT ( 'NONE',  ( 11.25833024919767311, 5.999999999999998224, 8.200000000000050804 ) ) ;
#359 = CARTESIAN_POINT ( 'NONE',  ( -5.201391389914150842, 16.97268548471243577, -16.51625383435536421 ) ) ;
#360 = ORIENTED_EDGE ( 'NONE', *, *, #1008, .T. ) ;
#361 = CIRCLE ( 'NONE', #4730, 0.3999999999999993006 ) ;
#362 = ORIENTED_EDGE ( 'NONE', *, *, #1738, .T. ) ;
#363 = AXIS2_PLACEMENT_3D ( 'NONE', #3051, #2696, #5004 ) ;
#364 = DIRECTION ( 'NONE',  ( -1.235542393701589400E-16, 1.000000000000000000, -0.000000000000000000 ) ) ;
#365 = EDGE_CURVE ( 'NONE', #1646, #2544, #1545, .T. ) ;
#366 = DIRECTION ( 'NONE',  ( 0.000000000000000000, 1.000000000000000000, 0.000000000000000000 ) ) ;
#367 = ORIENTED_EDGE ( 'NONE', *, *, #4232, .F. ) ;
#368 = ORIENTED_EDGE ( 'NONE', *, *, #844, .F. ) ;
#369 = ADVANCED_FACE ( 'NONE', ( #3164 ), #5016, .T. ) ;
#370 = EDGE_CURVE ( 'NONE', #4290, #1689, #810, .T. ) ;
#371 = DIRECTION ( 'NONE',  ( 1.235542393701589400E-16, -1.000000000000000000, 0.000000000000000000 ) ) ;
#372 = CARTESIAN_POINT ( 'NONE',  ( -10.30070415551610985, 5.999999999999994671, -9.641342951090019042 ) ) ;
#373 = ADVANCED_FACE ( 'NONE', ( #1460 ), #3847, .T. ) ;
#374 = CARTESIAN_POINT ( 'NONE',  ( 8.458330249197718587, 3.600000000000000977, -8.116580753730932685 ) ) ;
#375 = EDGE_LOOP ( 'NONE', ( #4835, #2808, #3218, #2287 ) ) ;
#376 = EDGE_LOOP ( 'NONE', ( #4665, #3577, #4752, #4659 ) ) ;
#377 = LOCAL_TIME ( 21, 23, 33.00000000000000000, #4062 ) ;
#378 = DIRECTION ( 'NONE',  ( 1.000000000000000000, 2.115516434118058448E-16, 0.000000000000000000 ) ) ;
#379 = FACE_BOUND ( 'NONE', #1426, .T. ) ;
#380 = CARTESIAN_POINT ( 'NONE',  ( 8.458330249197681283, 3.600000000000000977, 4.883419246269086855 ) ) ;
#381 = CYLINDRICAL_SURFACE ( 'NONE', #324, 0.3999999999999993006 ) ;
#382 = VECTOR ( 'NONE', #1664, 1000.000000000000000 ) ;
#383 = DIRECTION ( 'NONE',  ( 1.235542393701589400E-16, -1.000000000000000000, 3.697785493223492838E-32 ) ) ;
#384 = AXIS2_PLACEMENT_3D ( 'NONE', #433, #2019, #3643 ) ;
#385 = EDGE_LOOP ( 'NONE', ( #4512, #1151, #4242, #2323, #4658 ) ) ;
#386 = AXIS2_PLACEMENT_3D ( 'NONE', #3763, #940, #1773 ) ;
#387 = FACE_OUTER_BOUND ( 'NONE', #2032, .T. ) ;
#388 = DIRECTION ( 'NONE',  ( 0.8660254037844441477, 0.000000000000000000, -0.4999999999999904521 ) ) ;
#389 = CARTESIAN_POINT ( 'NONE',  ( -4.801391389914148711, 2.399999999999995914, -16.51625383435536421 ) ) ;
#390 = ORIENTED_EDGE ( 'NONE', *, *, #4837, .T. ) ;
#391 = EDGE_LOOP ( 'NONE', ( #3148, #3242, #3647, #3680, #3376 ) ) ;
#392 = AXIS2_PLACEMENT_3D ( 'NONE', #2123, #482, #2511 ) ;
#393 = LINE ( 'NONE', #4419, #1755 ) ;
#394 = CARTESIAN_POINT ( 'NONE',  ( -11.25833024919776193, 3.599999999999998757, 6.499999999999895195 ) ) ;
#395 = ORIENTED_EDGE ( 'NONE', *, *, #4858, .F. ) ;
#396 = ORIENTED_EDGE ( 'NONE', *, *, #879, .F. ) ;
#397 = DIRECTION ( 'NONE',  ( 3.996802888650562757E-15, 5.361788965174063739E-31, -1.000000000000000000 ) ) ;
#398 = PLANE ( 'NONE',  #175 ) ;
#399 = PLANE ( 'NONE',  #3238 ) ;
#400 = ORIENTED_EDGE ( 'NONE', *, *, #3887, .T. ) ;
#401 = ORIENTED_EDGE ( 'NONE', *, *, #2408, .T. ) ;
#402 = VECTOR ( 'NONE', #4088, 1000.000000000000000 ) ;
#403 = EDGE_CURVE ( 'NONE', #4348, #3730, #3922, .T. ) ;
#404 = CARTESIAN_POINT ( 'NONE',  ( -2.002711639342726869E-15, 5.999999999999996447, -14.69999999999999751 ) ) ;
#405 = LINE ( 'NONE', #1973, #2331 ) ;
#406 = CIRCLE ( 'NONE', #4021, 3.700000000000000178 ) ;
#407 = CARTESIAN_POINT ( 'NONE',  ( 9.954293994002538781, -12.38689838640493690, -9.841342951089805169 ) ) ;
#408 = EDGE_CURVE ( 'NONE', #881, #1825, #707, .T. ) ;
#409 = EDGE_CURVE ( 'NONE', #272, #4068, #2273, .T. ) ;
#410 = PERSON_AND_ORGANIZATION ( #5175, #124 ) ;
#411 = ORIENTED_EDGE ( 'NONE', *, *, #4482, .T. ) ;
#412 = CARTESIAN_POINT ( 'NONE',  ( 1.355721808911629058E-15, 5.999999999999996447, 0.000000000000000000 ) ) ;
#413 = AXIS2_PLACEMENT_3D ( 'NONE', #167, #4219, #1753 ) ;
#414 = DIRECTION ( 'NONE',  ( -0.000000000000000000, 0.000000000000000000, 1.000000000000000000 ) ) ;
#415 = AXIS2_PLACEMENT_3D ( 'NONE', #1109, #5039, #1858 ) ;
#416 = CARTESIAN_POINT ( 'NONE',  ( 11.25833024919767311, 5.999999999999998224, 4.800000000000054001 ) ) ;
#417 = ORIENTED_EDGE ( 'NONE', *, *, #2860, .T. ) ;
#418 = CONICAL_SURFACE ( 'NONE', #1581, 0.3999999999999975797, 0.7853981633974496113 ) ;
#419 = ORIENTED_EDGE ( 'NONE', *, *, #625, .F. ) ;
#420 = AXIS2_PLACEMENT_3D ( 'NONE', #1811, #4617, #1783 ) ;
#421 = PLANE ( 'NONE',  #3208 ) ;
#422 = CARTESIAN_POINT ( 'NONE',  ( -16.70419109086099496, 5.599999999999996980, 4.100000000000000533 ) ) ;
#423 = AXIS2_PLACEMENT_3D ( 'NONE', #2465, #2492, #10 ) ;
#424 = ORIENTED_EDGE ( 'NONE', *, *, #714, .T. ) ;
#425 = ORIENTED_EDGE ( 'NONE', *, *, #1322, .T. ) ;
#426 = CIRCLE ( 'NONE', #3364, 3.700000000000000178 ) ;
#427 = AXIS2_PLACEMENT_3D ( 'NONE', #4107, #971, #4083 ) ;
#428 = CARTESIAN_POINT ( 'NONE',  ( 11.25833024919771574, 3.600000000000001421, -3.799999999999973621 ) ) ;
#429 = LINE ( 'NONE', #34, #3912 ) ;
#430 = ORIENTED_EDGE ( 'NONE', *, *, #2021, .F. ) ;
#431 = ORIENTED_EDGE ( 'NONE', *, *, #4762, .F. ) ;
#432 = CONICAL_SURFACE ( 'NONE', #3374, 1.699999999999998401, 0.7853981633974489451 ) ;
#433 = CARTESIAN_POINT ( 'NONE',  ( 13.50000000000000000, -6.505213034913026604E-15, 0.000000000000000000 ) ) ;
#434 = DIRECTION ( 'NONE',  ( -1.000000000000000000, -1.172110456741085828E-16, 0.000000000000000000 ) ) ;
#435 = LINE ( 'NONE', #4085, #1926 ) ;
#436 = EDGE_CURVE ( 'NONE', #3198, #4982, #3151, .T. ) ;
#437 = AXIS2_PLACEMENT_3D ( 'NONE', #989, #5142, #3544 ) ;
#438 = CARTESIAN_POINT ( 'NONE',  ( -11.25833024919776193, 5.999999999999994671, 4.799999999999896794 ) ) ;
#439 = ADVANCED_FACE ( 'NONE', ( #4316 ), #2249, .F. ) ;
#440 = CARTESIAN_POINT ( 'NONE',  ( 11.25833024919771042, 3.600000000000001421, -3.266838492538072458 ) ) ;
#441 = PLANE ( 'NONE',  #2 ) ;
#442 = DIRECTION ( 'NONE',  ( 0.8660254037844385966, 0.000000000000000000, -0.5000000000000000000 ) ) ;
#443 = ADVANCED_FACE ( 'NONE', ( #1119 ), #3897, .T. ) ;
#444 = VERTEX_POINT ( 'NONE', #3075 ) ;
#445 = ORIENTED_EDGE ( 'NONE', *, *, #3206, .T. ) ;
#446 = CYLINDRICAL_SURFACE ( 'NONE', #1506, 17.59999999999999787 ) ;
#447 = VERTEX_POINT ( 'NONE', #4682 ) ;
#448 = ORIENTED_EDGE ( 'NONE', *, *, #2930, .T. ) ;
#449 = CARTESIAN_POINT ( 'NONE',  ( 8.458330249197718587, 3.600000000000000977, -8.116580753730932685 ) ) ;
#450 = CARTESIAN_POINT ( 'NONE',  ( -8.458330249197645756, 3.599999999999999201, -4.883419246269145475 ) ) ;
#451 = EDGE_LOOP ( 'NONE', ( #1099, #4653, #1619, #888 ) ) ;
#452 = EDGE_LOOP ( 'NONE', ( #985, #1656, #4811, #1505 ) ) ;
#453 = DIRECTION ( 'NONE',  ( 0.4999999999999980571, 6.177711968507922348E-17, 0.8660254037844398178 ) ) ;
#454 = DIRECTION ( 'NONE',  ( 1.000000000000000000, 1.235542393701589400E-16, -0.000000000000000000 ) ) ;
#455 = AXIS2_PLACEMENT_3D ( 'NONE', #4782, #514, #98 ) ;
#456 = CARTESIAN_POINT ( 'NONE',  ( -6.749999999999892530, 5.999999999999995559, -7.591342951089984581 ) ) ;
#457 = VERTEX_POINT ( 'NONE', #1824 ) ;
#458 = CC_DESIGN_PERSON_AND_ORGANIZATION_ASSIGNMENT ( #2453, #4478, ( #2972 ) ) ;
#459 = CARTESIAN_POINT ( 'NONE',  ( 4.801391389914261509, 5.999999999999997335, 16.51625383435532868 ) ) ;
#460 = LINE ( 'NONE', #4045, #3947 ) ;
#461 = FACE_BOUND ( 'NONE', #2290, .T. ) ;
#462 = EDGE_CURVE ( 'NONE', #782, #2820, #3453, .T. ) ;
#463 = ADVANCED_FACE ( 'NONE', ( #4756 ), #3256, .F. ) ;
#464 = EDGE_LOOP ( 'NONE', ( #2714, #3142 ) ) ;
#465 = VECTOR ( 'NONE', #3616, 1000.000000000000000 ) ;
#466 = ORIENTED_EDGE ( 'NONE', *, *, #5169, .T. ) ;
#467 = EDGE_CURVE ( 'NONE', #3620, #4438, #2143, .T. ) ;
#468 = AXIS2_PLACEMENT_3D ( 'NONE', #4184, #2109, #2526 ) ;
#469 = LINE ( 'NONE', #2160, #4549 ) ;
#470 = EDGE_CURVE ( 'NONE', #1221, #2582, #3873, .T. ) ;
#471 = ORIENTED_EDGE ( 'NONE', *, *, #912, .T. ) ;
#472 = VERTEX_POINT ( 'NONE', #735 ) ;
#473 = DIRECTION ( 'NONE',  ( -0.8660254037844390407, 0.000000000000000000, -0.4999999999999993339 ) ) ;
#474 = DIRECTION ( 'NONE',  ( 1.235542393701589400E-16, -1.000000000000000000, 0.000000000000000000 ) ) ;
#475 = ORIENTED_EDGE ( 'NONE', *, *, #2962, .F. ) ;
#476 = ORIENTED_EDGE ( 'NONE', *, *, #1803, .F. ) ;
#477 = CARTESIAN_POINT ( 'NONE',  ( -13.50000000000000178, 5.999999999999994671, 0.000000000000000000 ) ) ;
#478 = CARTESIAN_POINT ( 'NONE',  ( 6.750000000000136779, 2.399999999999997691, -11.69134295108984212 ) ) ;
#479 = LINE ( 'NONE', #4796, #1759 ) ;
#480 = APPROVAL_STATUS ( 'not_yet_approved' ) ;
#481 = CARTESIAN_POINT ( 'NONE',  ( -6.750000000000055955, 2.399999999999996803, 13.84134295108989399 ) ) ;
#482 = DIRECTION ( 'NONE',  ( -0.6123724356957890302, -0.7071067811865491270, -0.3535533905932802257 ) ) ;
#483 = CARTESIAN_POINT ( 'NONE',  ( 2.800000000000000711, 3.600000000000000533, 11.38341924626904600 ) ) ;
#484 = DIRECTION ( 'NONE',  ( -0.8660254037844432595, -1.070011100398216473E-16, 0.4999999999999920064 ) ) ;
#485 = EDGE_CURVE ( 'NONE', #3268, #2756, #1850, .T. ) ;
#486 = VECTOR ( 'NONE', #4648, 1000.000000000000000 ) ;
#487 = VERTEX_POINT ( 'NONE', #5102 ) ;
#488 = ORIENTED_EDGE ( 'NONE', *, *, #1196, .F. ) ;
#489 = CARTESIAN_POINT ( 'NONE',  ( 3.199295844483773354, 5.999999999999996447, 13.74134295108992809 ) ) ;
#490 = CARTESIAN_POINT ( 'NONE',  ( -9.954293994002332724, 5.599999999999996980, -9.841342951090013003 ) ) ;
#491 = AXIS2_PLACEMENT_3D ( 'NONE', #507, #535, #1692 ) ;
#492 = EDGE_CURVE ( 'NONE', #3318, #3358, #3554, .T. ) ;
#493 = EDGE_LOOP ( 'NONE', ( #2240, #3868 ) ) ;
#494 = VERTEX_POINT ( 'NONE', #1899 ) ;
#495 = EDGE_CURVE ( 'NONE', #2476, #737, #2795, .T. ) ;
#496 = VECTOR ( 'NONE', #3838, 1000.000000000000000 ) ;
#497 = LINE ( 'NONE', #2082, #508 ) ;
#498 = DIRECTION ( 'NONE',  ( -0.4999999999999980016, -6.177711968507922348E-17, -0.8660254037844397068 ) ) ;
#499 = LINE ( 'NONE', #4998, #3320 ) ;
#500 = EDGE_CURVE ( 'NONE', #2060, #2444, #3099, .T. ) ;
#501 = ORIENTED_EDGE ( 'NONE', *, *, #3333, .F. ) ;
#502 = CIRCLE ( 'NONE', #4, 2.700000000000007727 ) ;
#503 = ORIENTED_EDGE ( 'NONE', *, *, #2743, .T. ) ;
#504 = CARTESIAN_POINT ( 'NONE',  ( 4.801391389914493324, 5.600000000000000533, -16.51625383435526118 ) ) ;
#505 = VECTOR ( 'NONE', #4923, 1000.000000000000000 ) ;
#506 = CARTESIAN_POINT ( 'NONE',  ( 1.503986896155819846E-15, 4.799999999999997158, 0.000000000000000000 ) ) ;
#507 = CARTESIAN_POINT ( 'NONE',  ( 16.70419109086099496, 5.600000000000002309, 4.100000000000000533 ) ) ;
#508 = VECTOR ( 'NONE', #3683, 1000.000000000000114 ) ;
#509 = DIRECTION ( 'NONE',  ( 1.235542393701589400E-16, -1.000000000000000000, -0.000000000000000000 ) ) ;
#510 = PLANE ( 'NONE',  #3249 ) ;
#511 = DIRECTION ( 'NONE',  ( 0.000000000000000000, 0.000000000000000000, 1.000000000000000000 ) ) ;
#512 = AXIS2_PLACEMENT_3D ( 'NONE', #4597, #2330, #3417 ) ;
#513 = DIRECTION ( 'NONE',  ( 1.235542393701589893E-16, -1.000000000000000000, -3.081487911019577365E-32 ) ) ;
#514 = DIRECTION ( 'NONE',  ( 0.000000000000000000, -1.000000000000000000, 0.000000000000000000 ) ) ;
#515 = VERTEX_POINT ( 'NONE', #3949 ) ;
#516 = ORIENTED_EDGE ( 'NONE', *, *, #2375, .F. ) ;
#517 = DIRECTION ( 'NONE',  ( -0.000000000000000000, 1.000000000000000000, -0.000000000000000000 ) ) ;
#518 = CARTESIAN_POINT ( 'NONE',  ( 16.70419109086099496, 5.600000000000002309, -4.100000000000000533 ) ) ;
#519 = FACE_OUTER_BOUND ( 'NONE', #1792, .T. ) ;
#520 = ORIENTED_EDGE ( 'NONE', *, *, #1931, .F. ) ;
#521 = VECTOR ( 'NONE', #219, 1000.000000000000000 ) ;
#522 = ORIENTED_EDGE ( 'NONE', *, *, #3904, .F. ) ;
#523 = CC_DESIGN_PERSON_AND_ORGANIZATION_ASSIGNMENT ( #4282, #5143, ( #1447 ) ) ;
#524 = FACE_OUTER_BOUND ( 'NONE', #2245, .T. ) ;
#525 = PLANE ( 'NONE',  #468 ) ;
#526 = CARTESIAN_POINT ( 'NONE',  ( 11.25833024919765890, 3.600000000000001421, 9.733161507461954187 ) ) ;
#527 = ORIENTED_EDGE ( 'NONE', *, *, #2081, .T. ) ;
#528 = EDGE_CURVE ( 'NONE', #4003, #4175, #340, .T. ) ;
#529 = EDGE_CURVE ( 'NONE', #234, #3951, #1867, .T. ) ;
#530 = ORIENTED_EDGE ( 'NONE', *, *, #528, .T. ) ;
#531 = AXIS2_PLACEMENT_3D ( 'NONE', #1562, #3180, #4539 ) ;
#532 = EDGE_CURVE ( 'NONE', #2427, #2899, #4153, .T. ) ;
#533 = DIRECTION ( 'NONE',  ( 0.6123724356957975790, 0.7071067811865482389, -0.3535533905932672361 ) ) ;
#534 = DIRECTION ( 'NONE',  ( 1.235542393701589400E-16, -1.000000000000000000, 0.000000000000000000 ) ) ;
#535 = DIRECTION ( 'NONE',  ( 1.235542393701589400E-16, -1.000000000000000000, 0.000000000000000000 ) ) ;
#536 = DIRECTION ( 'NONE',  ( -1.235542393701589400E-16, 1.000000000000000000, 0.000000000000000000 ) ) ;
#537 = AXIS2_PLACEMENT_3D ( 'NONE', #394, #3610, #2485 ) ;
#538 = DIRECTION ( 'NONE',  ( 0.000000000000000000, 0.7071067811865474617, 0.7071067811865474617 ) ) ;
#539 = DIRECTION ( 'NONE',  ( 0.8660254037844432595, 1.070011100398216473E-16, -0.4999999999999919509 ) ) ;
#540 = CARTESIAN_POINT ( 'NONE',  ( -5.147801551428148770, -12.38689838640492624, 16.31625383435529386 ) ) ;
#541 = DIRECTION ( 'NONE',  ( 1.000000000000000000, 0.000000000000000000, 0.000000000000000000 ) ) ;
#542 = ORIENTED_EDGE ( 'NONE', *, *, #3166, .T. ) ;
#543 = ORIENTED_EDGE ( 'NONE', *, *, #3001, .F. ) ;
#544 = LINE ( 'NONE', #4595, #1443 ) ;
#545 = DIRECTION ( 'NONE',  ( -0.8660254037844382635, -1.070011100398210310E-16, 0.5000000000000005551 ) ) ;
#546 = DIRECTION ( 'NONE',  ( 0.000000000000000000, 0.000000000000000000, -1.000000000000000000 ) ) ;
#547 = AXIS2_PLACEMENT_3D ( 'NONE', #3106, #3881, #1855 ) ;
#548 = ORIENTED_EDGE ( 'NONE', *, *, #2998, .T. ) ;
#549 = ORIENTED_EDGE ( 'NONE', *, *, #944, .F. ) ;
#550 = VECTOR ( 'NONE', #562, 999.9999999999998863 ) ;
#551 = VECTOR ( 'NONE', #3709, 999.9999999999998863 ) ;
#552 = FACE_OUTER_BOUND ( 'NONE', #4174, .T. ) ;
#553 = DIRECTION ( 'NONE',  ( -0.4999999999999920064, -6.177711968507848393E-17, -0.8660254037844432595 ) ) ;
#554 = CARTESIAN_POINT ( 'NONE',  ( 7.282507227558705044E-16, 4.600000000000007638, 14.69999999999999751 ) ) ;
#555 = ORIENTED_EDGE ( 'NONE', *, *, #2738, .F. ) ;
#556 = ORIENTED_EDGE ( 'NONE', *, *, #171, .T. ) ;
#557 = LINE ( 'NONE', #1277, #4683 ) ;
#558 = DIRECTION ( 'NONE',  ( -1.000000000000000000, 0.000000000000000000, 1.301042606982602008E-14 ) ) ;
#559 = LINE ( 'NONE', #3433, #75 ) ;
#560 = EDGE_CURVE ( 'NONE', #1070, #4810, #902, .T. ) ;
#561 = VECTOR ( 'NONE', #2592, 999.9999999999998863 ) ;
#562 = DIRECTION ( 'NONE',  ( 0.4893343246305006944, 0.7071067811865515695, -0.5104428653026761298 ) ) ;
#563 = DIRECTION ( 'NONE',  ( 1.235542393701589400E-16, -1.000000000000000000, 0.000000000000000000 ) ) ;
#564 = ADVANCED_FACE ( 'NONE', ( #4931 ), #4395, .F. ) ;
#565 = AXIS2_PLACEMENT_3D ( 'NONE', #661, #2294, #238 ) ;
#566 = DIRECTION ( 'NONE',  ( 1.000000000000000000, 0.000000000000000000, 0.000000000000000000 ) ) ;
#567 = EDGE_CURVE ( 'NONE', #3920, #2845, #630, .T. ) ;
#568 = CARTESIAN_POINT ( 'NONE',  ( 12.17960899631752980, 2.399999999999999023, 12.70500392352641050 ) ) ;
#569 = ORIENTED_EDGE ( 'NONE', *, *, #2531, .F. ) ;
#570 = ORIENTED_EDGE ( 'NONE', *, *, #2026, .F. ) ;
#571 = VECTOR ( 'NONE', #1177, 999.9999999999998863 ) ;
#572 = DIRECTION ( 'NONE',  ( 1.000000000000000000, 0.000000000000000000, 0.000000000000000000 ) ) ;
#573 = LINE ( 'NONE', #1020, #2665 ) ;
#574 = FACE_BOUND ( 'NONE', #4473, .T. ) ;
#575 = ORIENTED_EDGE ( 'NONE', *, *, #4236, .T. ) ;
#576 = EDGE_LOOP ( 'NONE', ( #2372, #3207, #991 ) ) ;
#577 = CIRCLE ( 'NONE', #4192, 3.700000000000000178 ) ;
#578 = DIRECTION ( 'NONE',  ( 0.5000000000000021094, 6.177711968507972885E-17, -0.8660254037844374864 ) ) ;
#579 = DIRECTION ( 'NONE',  ( -0.5000000000000102141, -6.177711968508071492E-17, 0.8660254037844328234 ) ) ;
#580 = DIRECTION ( 'NONE',  ( 0.000000000000000000, 0.000000000000000000, 1.000000000000000000 ) ) ;
#581 = ORIENTED_EDGE ( 'NONE', *, *, #3399, .F. ) ;
#582 = VERTEX_POINT ( 'NONE', #762 ) ;
#583 = CIRCLE ( 'NONE', #1239, 1.699999999999999289 ) ;
#584 = CARTESIAN_POINT ( 'NONE',  ( 2.799999999999997158, -1.817304101269353931E-15, -14.61658075373095222 ) ) ;
#585 = CARTESIAN_POINT ( 'NONE',  ( 11.25833024919767311, 3.600000000000001421, 6.500000000000052403 ) ) ;
#586 = DIRECTION ( 'NONE',  ( 1.171285290979540150E-14, 1.454462294001240516E-30, -1.000000000000000000 ) ) ;
#587 = AXIS2_PLACEMENT_3D ( 'NONE', #3908, #4741, #1134 ) ;
#588 = VERTEX_POINT ( 'NONE', #2371 ) ;
#589 = DIRECTION ( 'NONE',  ( 0.000000000000000000, 0.000000000000000000, -1.000000000000000000 ) ) ;
#590 = AXIS2_PLACEMENT_3D ( 'NONE', #140, #2115, #4608 ) ;
#591 = LINE ( 'NONE', #94, #889 ) ;
#592 = CARTESIAN_POINT ( 'NONE',  ( -14.05833024919774488, -1.736966300754124181E-15, 4.883419246268918101 ) ) ;
#593 = EDGE_CURVE ( 'NONE', #3899, #1367, #2626, .T. ) ;
#594 = FACE_OUTER_BOUND ( 'NONE', #1357, .T. ) ;
#595 = AXIS2_PLACEMENT_3D ( 'NONE', #1271, #4128, #2165 ) ;
#596 = ORIENTED_EDGE ( 'NONE', *, *, #3325, .F. ) ;
#597 = ADVANCED_FACE ( 'NONE', ( #814 ), #3828, .F. ) ;
#598 = EDGE_CURVE ( 'NONE', #2544, #3018, #866, .T. ) ;
#599 = EDGE_LOOP ( 'NONE', ( #1146, #3794, #4822, #1776 ) ) ;
#600 = CARTESIAN_POINT ( 'NONE',  ( 9.364406786109204337E-16, 5.999999999999996447, 11.30000000000000071 ) ) ;
#601 = CARTESIAN_POINT ( 'NONE',  ( -11.25833024919776193, 5.999999999999994671, 6.499999999999895195 ) ) ;
#602 = EDGE_CURVE ( 'NONE', #2820, #2333, #4322, .T. ) ;
#603 = CARTESIAN_POINT ( 'NONE',  ( 16.70419109086099851, 5.999999999999998224, -4.100000000000000533 ) ) ;
#604 = ORIENTED_EDGE ( 'NONE', *, *, #28, .T. ) ;
#605 = ORIENTED_EDGE ( 'NONE', *, *, #2026, .T. ) ;
#606 = CARTESIAN_POINT ( 'NONE',  ( 8.099999999999997868, 16.97268548471243577, 9.919639073093557256E-16 ) ) ;
#607 = DIRECTION ( 'NONE',  ( -0.8660254037844382635, -1.070011100398210310E-16, 0.5000000000000005551 ) ) ;
#608 = CARTESIAN_POINT ( 'NONE',  ( 6.750000000000135891, 5.600000000000000533, -11.69134295108984212 ) ) ;
#609 = ORIENTED_EDGE ( 'NONE', *, *, #3971, .T. ) ;
#610 = VERTEX_POINT ( 'NONE', #3580 ) ;
#611 = CARTESIAN_POINT ( 'NONE',  ( 17.09266065111357946, 5.600000000000002309, -4.195348837209301962 ) ) ;
#612 = CARTESIAN_POINT ( 'NONE',  ( 6.750000000000135891, 5.999999999999997335, -11.69134295108984212 ) ) ;
#613 = DIRECTION ( 'NONE',  ( -0.000000000000000000, 1.000000000000000000, -3.697785493223492838E-32 ) ) ;
#614 = ORIENTED_EDGE ( 'NONE', *, *, #1802, .T. ) ;
#615 = DIRECTION ( 'NONE',  ( -0.4999999999999995004, -6.177711968507939605E-17, 0.8660254037844389297 ) ) ;
#616 = DIRECTION ( 'NONE',  ( -1.000000000000000000, -1.235542393701589400E-16, 0.000000000000000000 ) ) ;
#617 = CARTESIAN_POINT ( 'NONE',  ( 1.355721808911629058E-15, 5.999999999999996447, 0.000000000000000000 ) ) ;
#618 = CYLINDRICAL_SURFACE ( 'NONE', #4825, 1.699999999999998401 ) ;
#619 = ORIENTED_EDGE ( 'NONE', *, *, #2089, .T. ) ;
#620 = ORIENTED_EDGE ( 'NONE', *, *, #4070, .F. ) ;
#621 = DIRECTION ( 'NONE',  ( 1.235542393701589400E-16, -1.000000000000000000, 0.000000000000000000 ) ) ;
#622 = LINE ( 'NONE', #4177, #3867 ) ;
#623 = ADVANCED_FACE ( 'NONE', ( #1290 ), #4237, .F. ) ;
#624 = DIRECTION ( 'NONE',  ( 1.235542393701589400E-16, -1.000000000000000000, -0.000000000000000000 ) ) ;
#625 = EDGE_CURVE ( 'NONE', #1915, #3919, #1949, .T. ) ;
#626 = VECTOR ( 'NONE', #3385, 1000.000000000000000 ) ;
#627 = ORIENTED_EDGE ( 'NONE', *, *, #327, .F. ) ;
#628 = EDGE_CURVE ( 'NONE', #732, #582, #2099, .T. ) ;
#629 = ORIENTED_EDGE ( 'NONE', *, *, #1636, .T. ) ;
#630 = CIRCLE ( 'NONE', #4904, 0.4000000000000010214 ) ;
#631 = CIRCLE ( 'NONE', #4582, 2.150000000000000799 ) ;
#632 = ADVANCED_FACE ( 'NONE', ( #5185 ), #4026, .F. ) ;
#633 = DIRECTION ( 'NONE',  ( -1.000000000000000000, -1.232047923278981706E-16, 5.329070518200751394E-15 ) ) ;
#634 = ADVANCED_FACE ( 'NONE', ( #3334 ), #39, .T. ) ;
#635 = CARTESIAN_POINT ( 'NONE',  ( 11.25833024919771574, 5.999999999999998224, -8.199999999999972644 ) ) ;
#636 = CARTESIAN_POINT ( 'NONE',  ( -8.458330249197610229, 3.599999999999999201, -8.116580753731049924 ) ) ;
#637 = CARTESIAN_POINT ( 'NONE',  ( 16.70419109086099851, 2.399999999999999467, 4.100000000000000533 ) ) ;
#638 = ORIENTED_EDGE ( 'NONE', *, *, #1355, .T. ) ;
#639 = ORIENTED_EDGE ( 'NONE', *, *, #3001, .T. ) ;
#640 = AXIS2_PLACEMENT_3D ( 'NONE', #2555, #1353, #4156 ) ;
#641 = DIRECTION ( 'NONE',  ( -1.235542393701589400E-16, 1.000000000000000000, -0.000000000000000000 ) ) ;
#642 = FACE_OUTER_BOUND ( 'NONE', #5043, .T. ) ;
#643 = CIRCLE ( 'NONE', #3582, 2.150000000000000799 ) ;
#644 = CARTESIAN_POINT ( 'NONE',  ( -16.70419109086099496, 2.399999999999995470, 3.700000000000000178 ) ) ;
#645 = AXIS2_PLACEMENT_3D ( 'NONE', #1700, #4827, #2048 ) ;
#646 = ORIENTED_EDGE ( 'NONE', *, *, #5096, .F. ) ;
#647 = DIRECTION ( 'NONE',  ( -0.000000000000000000, 1.000000000000000000, -0.000000000000000000 ) ) ;
#648 = CYLINDRICAL_SURFACE ( 'NONE', #994, 1.699999999999998401 ) ;
#649 = CARTESIAN_POINT ( 'NONE',  ( -2.965301744883810320E-16, 2.399999999999997691, 0.000000000000000000 ) ) ;
#650 = DIRECTION ( 'NONE',  ( 1.235542393701589400E-16, -1.000000000000000000, 0.000000000000000000 ) ) ;
#651 = ORIENTED_EDGE ( 'NONE', *, *, #3096, .F. ) ;
#652 = ORIENTED_EDGE ( 'NONE', *, *, #1767, .T. ) ;
#653 = FACE_OUTER_BOUND ( 'NONE', #4220, .T. ) ;
#654 = DIRECTION ( 'NONE',  ( 1.000000000000000000, 0.000000000000000000, 0.000000000000000000 ) ) ;
#655 = ADVANCED_FACE ( 'NONE', ( #3306 ), #4812, .T. ) ;
#656 = VECTOR ( 'NONE', #1628, 1000.000000000000000 ) ;
#657 = ORIENTED_EDGE ( 'NONE', *, *, #78, .T. ) ;
#658 = ORIENTED_EDGE ( 'NONE', *, *, #4992, .T. ) ;
#659 = DIRECTION ( 'NONE',  ( 0.8660254037844405950, 0.000000000000000000, -0.4999999999999965583 ) ) ;
#660 = DIRECTION ( 'NONE',  ( 0.000000000000000000, -0.7071067811865474617, 0.7071067811865474617 ) ) ;
#661 = CARTESIAN_POINT ( 'NONE',  ( 4.801391389914491548, 16.97268548471243577, -16.51625383435526118 ) ) ;
#662 = ORIENTED_EDGE ( 'NONE', *, *, #3561, .T. ) ;
#663 = EDGE_LOOP ( 'NONE', ( #1542, #2565, #396 ) ) ;
#664 = ADVANCED_FACE ( 'NONE', ( #2515 ), #2367, .T. ) ;
#665 = VECTOR ( 'NONE', #4347, 1000.000000000000000 ) ;
#666 = CARTESIAN_POINT ( 'NONE',  ( -7.699999999999997513, 16.97268548471243577, 0.000000000000000000 ) ) ;
#667 = CARTESIAN_POINT ( 'NONE',  ( 6.750000000000135891, 5.600000000000000533, -11.69134295108984212 ) ) ;
#668 = ADVANCED_FACE ( 'NONE', ( #3752 ), #1729, .T. ) ;
#669 = PLANE ( 'NONE',  #3179 ) ;
#670 = ORIENTED_EDGE ( 'NONE', *, *, #409, .F. ) ;
#671 = CARTESIAN_POINT ( 'NONE',  ( 16.70419109086099851, 5.999999999999998224, 4.100000000000001421 ) ) ;
#672 = PLANE ( 'NONE',  #4853 ) ;
#673 = AXIS2_PLACEMENT_3D ( 'NONE', #2654, #3889, #2683 ) ;
#674 = CARTESIAN_POINT ( 'NONE',  ( 16.70419109086099851, 2.399999999999999467, -4.100000000000000533 ) ) ;
#675 = COORDINATED_UNIVERSAL_TIME_OFFSET ( 8, 0, .AHEAD. ) ;
#676 = CIRCLE ( 'NONE', #2080, 0.4000000000000001887 ) ;
#677 = ORIENTED_EDGE ( 'NONE', *, *, #3978, .F. ) ;
#678 = PLANE ( 'NONE',  #3936 ) ;
#679 = DIRECTION ( 'NONE',  ( -0.6123724356957925830, 0.7071067811865457964, -0.3535533905932805032 ) ) ;
#680 = AXIS2_PLACEMENT_3D ( 'NONE', #5160, #4054, #1597 ) ;
#681 = ORIENTED_EDGE ( 'NONE', *, *, #3467, .T. ) ;
#682 = VERTEX_POINT ( 'NONE', #600 ) ;
#683 = AXIS2_PLACEMENT_3D ( 'NONE', #4732, #2697, #4320 ) ;
#684 = LINE ( 'NONE', #1459, #3792 ) ;
#685 = CIRCLE ( 'NONE', #4304, 0.4000000000000001887 ) ;
#686 = DIRECTION ( 'NONE',  ( 0.000000000000000000, 1.000000000000000000, 0.000000000000000000 ) ) ;
#687 = ORIENTED_EDGE ( 'NONE', *, *, #2868, .T. ) ;
#688 = ORIENTED_EDGE ( 'NONE', *, *, #1508, .F. ) ;
#689 = LINE ( 'NONE', #4319, #4313 ) ;
#690 = FACE_OUTER_BOUND ( 'NONE', #3950, .T. ) ;
#691 = CARTESIAN_POINT ( 'NONE',  ( 11.90279970094684181, 5.600000000000000533, -12.41625383435518160 ) ) ;
#692 = EDGE_CURVE ( 'NONE', #5029, #3500, #2211, .T. ) ;
#693 = EDGE_CURVE ( 'NONE', #3575, #2441, #2187, .T. ) ;
#694 = EDGE_LOOP ( 'NONE', ( #26, #2176, #787, #3546 ) ) ;
#696 = ADVANCED_FACE ( 'NONE', ( #2983 ), #204, .F. ) ;
#695 = LINE ( 'NONE', #4305, #1711 ) ;
#697 = CARTESIAN_POINT ( 'NONE',  ( 8.458330249197713258, 3.600000000000000977, -4.883419246269028235 ) ) ;
#698 = CARTESIAN_POINT ( 'NONE',  ( 3.199295844483962981, 5.999999999999996447, -13.74134295108988191 ) ) ;
#699 = PERSON_AND_ORGANIZATION ( #5175, #124 ) ;
#700 = ORIENTED_EDGE ( 'NONE', *, *, #1108, .F. ) ;
#701 = VECTOR ( 'NONE', #1574, 1000.000000000000000 ) ;
#702 = CARTESIAN_POINT ( 'NONE',  ( -4.801391389914377861, 5.999999999999995559, 16.51625383435528960 ) ) ;
#703 = CARTESIAN_POINT ( 'NONE',  ( -11.90279970094658246, 5.599999999999998757, -12.41625383435542496 ) ) ;
#704 = ORIENTED_EDGE ( 'NONE', *, *, #1383, .F. ) ;
#705 = ORIENTED_EDGE ( 'NONE', *, *, #3914, .F. ) ;
#706 = LINE ( 'NONE', #3422, #3879 ) ;
#707 = LINE ( 'NONE', #3048, #1306 ) ;
#708 = VERTEX_POINT ( 'NONE', #125 ) ;
#709 = ORIENTED_EDGE ( 'NONE', *, *, #1569, .T. ) ;
#710 = VECTOR ( 'NONE', #4644, 1000.000000000000000 ) ;
#711 = LINE ( 'NONE', #2276, #561 ) ;
#712 = DIRECTION ( 'NONE',  ( 0.000000000000000000, -1.000000000000000000, 0.000000000000000000 ) ) ;
#713 = CARTESIAN_POINT ( 'NONE',  ( -17.09266065111357591, 5.599999999999996980, -4.195348837209301962 ) ) ;
#714 = EDGE_CURVE ( 'NONE', #4181, #4227, #4569, .T. ) ;
#715 = EDGE_LOOP ( 'NONE', ( #1702, #2875, #3225, #5068 ) ) ;
#716 = VECTOR ( 'NONE', #660, 1000.000000000000114 ) ;
#717 = PLANE ( 'NONE',  #4591 ) ;
#718 = DIRECTION ( 'NONE',  ( -1.000000000000000000, -1.235542393701589400E-16, -1.720845688168992440E-15 ) ) ;
#719 = DIRECTION ( 'NONE',  ( -1.000000000000000000, -1.232047923278981706E-16, 0.000000000000000000 ) ) ;
#720 = CARTESIAN_POINT ( 'NONE',  ( -12.17960899631761507, 16.97268548471243577, 12.70500392352631458 ) ) ;
#721 = APPLICATION_PROTOCOL_DEFINITION ( 'international standard', 'config_control_design', 1994, #3646 ) ;
#722 = ADVANCED_FACE ( 'NONE', ( #987 ), #4516, .F. ) ;
#723 = CIRCLE ( 'NONE', #3586, 3.700000000000000178 ) ;
#724 = VERTEX_POINT ( 'NONE', #1705 ) ;
#725 = EDGE_CURVE ( 'NONE', #3257, #708, #793, .T. ) ;
#726 = EDGE_CURVE ( 'NONE', #2199, #3346, #1454, .T. ) ;
#727 = LINE ( 'NONE', #3473, #486 ) ;
#728 = VECTOR ( 'NONE', #4738, 1000.000000000000000 ) ;
#729 = DIRECTION ( 'NONE',  ( 0.8660254037844389297, 1.070011100398211173E-16, 0.4999999999999995004 ) ) ;
#730 = DIRECTION ( 'NONE',  ( 1.235542393701589400E-16, -1.000000000000000000, 1.155557966632316880E-33 ) ) ;
#731 = EDGE_CURVE ( 'NONE', #1901, #2679, #544, .T. ) ;
#732 = VERTEX_POINT ( 'NONE', #1787 ) ;
#733 = VERTEX_POINT ( 'NONE', #2901 ) ;
#734 = DIRECTION ( 'NONE',  ( 0.4999999999999980016, 6.177711968507922348E-17, 0.8660254037844397068 ) ) ;
#735 = CARTESIAN_POINT ( 'NONE',  ( 6.749999999999973355, 2.399999999999998579, 13.84134295108993840 ) ) ;
#736 = ORIENTED_EDGE ( 'NONE', *, *, #2332, .F. ) ;
#737 = VERTEX_POINT ( 'NONE', #2102 ) ;
#738 = LINE ( 'NONE', #1537, #2920 ) ;
#739 = DIRECTION ( 'NONE',  ( 0.000000000000000000, 0.000000000000000000, -1.000000000000000000 ) ) ;
#740 = CARTESIAN_POINT ( 'NONE',  ( -11.25833024919762870, 4.599999999999999645, -6.500000000000129674 ) ) ;
#741 = ORIENTED_EDGE ( 'NONE', *, *, #4770, .T. ) ;
#742 = EDGE_LOOP ( 'NONE', ( #3611, #3765, #3525, #5023 ) ) ;
#743 = CARTESIAN_POINT ( 'NONE',  ( 5.475704155516218030, 5.999999999999997335, -1.284197804570091028 ) ) ;
#744 = DIRECTION ( 'NONE',  ( -1.000000000000000000, -1.235542393701589647E-16, 0.000000000000000000 ) ) ;
#745 = CYLINDRICAL_SURFACE ( 'NONE', #4288, 2.150000000000000799 ) ;
#746 = CARTESIAN_POINT ( 'NONE',  ( 8.458330249197713258, 1.045062560281230488E-15, -4.883419246269028235 ) ) ;
#747 = AXIS2_PLACEMENT_3D ( 'NONE', #691, #1517, #2232 ) ;
#748 = DATE_AND_TIME ( #2734, #2627 ) ;
#749 = ORIENTED_EDGE ( 'NONE', *, *, #470, .T. ) ;
#750 = CONICAL_SURFACE ( 'NONE', #4529, 17.19999999999999929, 0.7853981633974482790 ) ;
#751 = ADVANCED_FACE ( 'NONE', ( #2491, #4122 ), #1816, .T. ) ;
#752 = LINE ( 'NONE', #357, #4893 ) ;
#753 = CYLINDRICAL_SURFACE ( 'NONE', #2246, 2.150000000000000799 ) ;
#754 = CARTESIAN_POINT ( 'NONE',  ( -4.913051654795874690, 5.599999999999998757, -16.90035276073572135 ) ) ;
#755 = EDGE_CURVE ( 'NONE', #3414, #4599, #2116, .T. ) ;
#756 = AXIS2_PLACEMENT_3D ( 'NONE', #4718, #4407, #434 ) ;
#757 = VERTEX_POINT ( 'NONE', #153 ) ;
#758 = ORIENTED_EDGE ( 'NONE', *, *, #628, .F. ) ;
#759 = EDGE_CURVE ( 'NONE', #2428, #3601, #1399, .T. ) ;
#760 = CIRCLE ( 'NONE', #3698, 4.099999999999997868 ) ;
#761 = DIRECTION ( 'NONE',  ( 0.000000000000000000, -1.000000000000000000, 0.000000000000000000 ) ) ;
#762 = CARTESIAN_POINT ( 'NONE',  ( 4.913051654796229073, 2.399999999999998135, -16.90035276073562898 ) ) ;
#763 = ORIENTED_EDGE ( 'NONE', *, *, #1159, .T. ) ;
#764 = CIRCLE ( 'NONE', #2681, 17.59999999999999787 ) ;
#765 = ORIENTED_EDGE ( 'NONE', *, *, #4006, .T. ) ;
#766 = DIRECTION ( 'NONE',  ( 0.5000000000000039968, 6.177711968507997537E-17, -0.8660254037844363761 ) ) ;
#767 = AXIS2_PLACEMENT_3D ( 'NONE', #4096, #3365, #546 ) ;
#768 = LINE ( 'NONE', #2036, #4123 ) ;
#769 = PLANE ( 'NONE',  #3576 ) ;
#770 = VERTEX_POINT ( 'NONE', #1763 ) ;
#771 = ORIENTED_EDGE ( 'NONE', *, *, #1289, .T. ) ;
#772 = DIRECTION ( 'NONE',  ( -0.5000000000000041078, -6.177711968507997537E-17, 0.8660254037844363761 ) ) ;
#773 = CARTESIAN_POINT ( 'NONE',  ( 5.475704155516182503, 5.999999999999997335, 1.284197804570090806 ) ) ;
#774 = LINE ( 'NONE', #4084, #3622 ) ;
#775 = DIRECTION ( 'NONE',  ( 1.235542393701589400E-16, -1.000000000000000000, -0.000000000000000000 ) ) ;
#776 = PERSON_AND_ORGANIZATION_ROLE ( 'design_owner' ) ;
#777 = EDGE_LOOP ( 'NONE', ( #2421, #4349, #1588, #2546 ) ) ;
#778 = CARTESIAN_POINT ( 'NONE',  ( 11.25833024919767311, 5.999999999999998224, 4.800000000000054001 ) ) ;
#779 = LINE ( 'NONE', #483, #4616 ) ;
#780 = FACE_BOUND ( 'NONE', #5057, .T. ) ;
#781 = ORIENTED_EDGE ( 'NONE', *, *, #908, .T. ) ;
#782 = VERTEX_POINT ( 'NONE', #4624 ) ;
#783 = CARTESIAN_POINT ( 'NONE',  ( -9.954293994002469503, 5.599999999999996980, 9.841342951089877999 ) ) ;
#784 = DIRECTION ( 'NONE',  ( 1.235542393701589400E-16, -1.000000000000000000, 0.000000000000000000 ) ) ;
#785 = EDGE_CURVE ( 'NONE', #335, #2764, #945, .T. ) ;
#786 = ORIENTED_EDGE ( 'NONE', *, *, #1767, .F. ) ;
#787 = ORIENTED_EDGE ( 'NONE', *, *, #2186, .F. ) ;
#788 = ADVANCED_FACE ( 'NONE', ( #4176 ), #2707, .T. ) ;
#789 = EDGE_CURVE ( 'NONE', #2670, #3414, #361, .T. ) ;
#790 = CYLINDRICAL_SURFACE ( 'NONE', #1638, 0.4000000000000010214 ) ;
#791 = DIRECTION ( 'NONE',  ( 1.104671909502030600E-14, 0.000000000000000000, -1.000000000000000000 ) ) ;
#792 = DIRECTION ( 'NONE',  ( 1.235542393701589400E-16, -1.000000000000000000, 0.000000000000000000 ) ) ;
#793 = CIRCLE ( 'NONE', #3731, 2.150000000000000799 ) ;
#794 = ORIENTED_EDGE ( 'NONE', *, *, #4265, .T. ) ;
#795 = EDGE_LOOP ( 'NONE', ( #411, #1684, #4806, #217, #3505, #1182, #2871, #3036, #943, #3848, #763, #3472, #4214, #877, #2960, #1028 ) ) ;
#796 = FACE_BOUND ( 'NONE', #464, .T. ) ;
#797 = CARTESIAN_POINT ( 'NONE',  ( 11.25833024919767311, 4.600000000000003197, 4.800000000000054001 ) ) ;
#798 = CARTESIAN_POINT ( 'NONE',  ( -1.145832113344077952E-15, 3.600000000000000089, -9.766838492538095551 ) ) ;
#799 = CIRCLE ( 'NONE', #2452, 17.59999999999999787 ) ;
#800 = DATE_AND_TIME ( #67, #377 ) ;
#801 = CIRCLE ( 'NONE', #384, 2.150000000000000799 ) ;
#802 = VERTEX_POINT ( 'NONE', #1018 ) ;
#803 = CIRCLE ( 'NONE', #645, 7.699999999999997513 ) ;
#804 = DIRECTION ( 'NONE',  ( 0.8660254037844363761, 0.000000000000000000, 0.5000000000000039968 ) ) ;
#805 = CARTESIAN_POINT ( 'NONE',  ( 13.50000000000000000, 5.600000000000000533, 3.700000000000000178 ) ) ;
#806 = AXIS2_PLACEMENT_3D ( 'NONE', #2234, #647, #3906 ) ;
#807 = FACE_OUTER_BOUND ( 'NONE', #5045, .T. ) ;
#808 = VERTEX_POINT ( 'NONE', #4229 ) ;
#809 = ORIENTED_EDGE ( 'NONE', *, *, #4864, .F. ) ;
#810 = CIRCLE ( 'NONE', #2729, 2.150000000000000799 ) ;
#811 = VECTOR ( 'NONE', #1782, 1000.000000000000000 ) ;
#812 = EDGE_CURVE ( 'NONE', #444, #2250, #3726, .T. ) ;
#813 = DIRECTION ( 'NONE',  ( 0.8660254037844389297, 1.070011100398211173E-16, 0.4999999999999995004 ) ) ;
#814 = FACE_OUTER_BOUND ( 'NONE', #2530, .T. ) ;
#815 = EDGE_LOOP ( 'NONE', ( #4100, #1396, #4284, #2469 ) ) ;
#816 = EDGE_LOOP ( 'NONE', ( #4409, #2162, #931 ) ) ;
#817 = CC_DESIGN_PERSON_AND_ORGANIZATION_ASSIGNMENT ( #5090, #776, ( #65 ) ) ;
#818 = DIRECTION ( 'NONE',  ( -1.000000000000000000, 0.000000000000000000, 0.000000000000000000 ) ) ;
#819 = CONICAL_SURFACE ( 'NONE', #5103, 7.699999999999997513, 0.7853981633974428389 ) ;
#820 = DIRECTION ( 'NONE',  ( -0.000000000000000000, 1.000000000000000000, -0.000000000000000000 ) ) ;
#821 = VERTEX_POINT ( 'NONE', #3938 ) ;
#822 = EDGE_CURVE ( 'NONE', #2603, #821, #752, .T. ) ;
#823 = ORIENTED_EDGE ( 'NONE', *, *, #2866, .T. ) ;
#824 = EDGE_CURVE ( 'NONE', #4513, #2193, #1475, .T. ) ;
#825 = CARTESIAN_POINT ( 'NONE',  ( 5.147801551428037747, 5.600000000000000533, 16.31625383435532939 ) ) ;
#826 = DIRECTION ( 'NONE',  ( -1.000000000000000000, -1.172110456741085828E-16, 0.000000000000000000 ) ) ;
#827 = CARTESIAN_POINT ( 'NONE',  ( -5.147801551427928501, 5.600000000000000533, -16.31625383435536847 ) ) ;
#828 = CARTESIAN_POINT ( 'NONE',  ( 7.282507227558705044E-16, 5.999999999999996447, 14.69999999999999751 ) ) ;
#829 = DIRECTION ( 'NONE',  ( 8.736604050298529440E-17, -0.7071067811865475727, -0.7071067811865475727 ) ) ;
#830 = LINE ( 'NONE', #4019, #1740 ) ;
#831 = CYLINDRICAL_SURFACE ( 'NONE', #2886, 0.4000000000000001887 ) ;
#832 = VERTEX_POINT ( 'NONE', #4260 ) ;
#833 = ORIENTED_EDGE ( 'NONE', *, *, #462, .F. ) ;
#834 = CARTESIAN_POINT ( 'NONE',  ( 11.25833024919768910, 3.600000000000001421, 3.266838492538146177 ) ) ;
#835 = EDGE_LOOP ( 'NONE', ( #3102, #1894 ) ) ;
#836 = ORIENTED_EDGE ( 'NONE', *, *, #2667, .T. ) ;
#837 = CARTESIAN_POINT ( 'NONE',  ( -2.210901595197776700E-15, 5.999999999999996447, -13.00000000000000000 ) ) ;
#838 = DIRECTION ( 'NONE',  ( 0.6123724356957928050, -0.7071067811865484609, -0.3535533905932750076 ) ) ;
#839 = CONICAL_SURFACE ( 'NONE', #680, 3.700000000000000178, 0.7853981633974482790 ) ;
#840 = EDGE_LOOP ( 'NONE', ( #4521, #5024, #2346, #3070 ) ) ;
#841 = ORIENTED_EDGE ( 'NONE', *, *, #2221, .T. ) ;
#842 = CIRCLE ( 'NONE', #1844, 17.60000000000000853 ) ;
#843 = CARTESIAN_POINT ( 'NONE',  ( 16.70419109086099851, 5.999999999999998224, 4.100000000000001421 ) ) ;
#844 = EDGE_CURVE ( 'NONE', #3951, #234, #5110, .T. ) ;
#845 = PLANE ( 'NONE',  #2169 ) ;
#846 = EDGE_CURVE ( 'NONE', #2651, #4970, #1113, .T. ) ;
#847 = CARTESIAN_POINT ( 'NONE',  ( 14.05833024919771646, 3.600000000000001421, -8.116580753730922027 ) ) ;
#848 = DATE_AND_TIME ( #4086, #1621 ) ;
#849 = VECTOR ( 'NONE', #3568, 1000.000000000000114 ) ;
#850 = ADVANCED_FACE ( 'NONE', ( #2267, #3965 ), #678, .T. ) ;
#851 = CARTESIAN_POINT ( 'NONE',  ( 2.799999999999997158, 3.600000000000000533, -14.61658075373095222 ) ) ;
#852 = CARTESIAN_POINT ( 'NONE',  ( 1.405143504659692260E-15, 5.599999999999998757, 0.000000000000000000 ) ) ;
#853 = EDGE_CURVE ( 'NONE', #4528, #2973, #5118, .T. ) ;
#854 = DIRECTION ( 'NONE',  ( 1.000000000000000000, 1.235542393701589400E-16, 4.662936703425656681E-15 ) ) ;
#855 = PLANE ( 'NONE',  #3498 ) ;
#856 = ORIENTED_EDGE ( 'NONE', *, *, #824, .F. ) ;
#857 = VERTEX_POINT ( 'NONE', #1428 ) ;
#858 = CARTESIAN_POINT ( 'NONE',  ( -11.25833024919766245, -1.391014430517669150E-15, -3.266838492538225225 ) ) ;
#859 = EDGE_LOOP ( 'NONE', ( #1519, #54 ) ) ;
#860 = ORIENTED_EDGE ( 'NONE', *, *, #149, .F. ) ;
#861 = DIRECTION ( 'NONE',  ( 0.000000000000000000, 1.000000000000000000, 0.000000000000000000 ) ) ;
#862 = CARTESIAN_POINT ( 'NONE',  ( -6.749999999999892530, 2.399999999999996803, -13.84134295108998458 ) ) ;
#863 = ORIENTED_EDGE ( 'NONE', *, *, #5086, .F. ) ;
#864 = ORIENTED_EDGE ( 'NONE', *, *, #5199, .T. ) ;
#865 = UNCERTAINTY_MEASURE_WITH_UNIT (LENGTH_MEASURE( 1.000000000000000082E-05 ), #4330, 'distance_accuracy_value', 'NONE');
#866 = CIRCLE ( 'NONE', #5157, 0.4000000000000010214 ) ;
#867 = DIRECTION ( 'NONE',  ( -0.1973893262173936070, -0.7071067811865433539, 0.6789973887250592144 ) ) ;
#868 = LINE ( 'NONE', #4432, #1914 ) ;
#869 = EDGE_CURVE ( 'NONE', #4317, #487, #3494, .T. ) ;
#870 = CARTESIAN_POINT ( 'NONE',  ( -2.210901595197776700E-15, 3.600000000000000089, -15.69999999999999929 ) ) ;
#871 = SHAPE_DEFINITION_REPRESENTATION ( #4470, #2069 ) ;
#872 = ORIENTED_EDGE ( 'NONE', *, *, #1226, .T. ) ;
#873 = CARTESIAN_POINT ( 'NONE',  ( -13.50000000000000178, 5.599999999999996980, -3.700000000000000178 ) ) ;
#874 = DIRECTION ( 'NONE',  ( -1.235542393701589400E-16, 1.000000000000000000, -0.000000000000000000 ) ) ;
#875 = EDGE_CURVE ( 'NONE', #3699, #104, #406, .T. ) ;
#876 = DIRECTION ( 'NONE',  ( -1.000000000000000000, 0.000000000000000000, 0.000000000000000000 ) ) ;
#877 = ORIENTED_EDGE ( 'NONE', *, *, #3598, .T. ) ;
#878 = VECTOR ( 'NONE', #4401, 1000.000000000000000 ) ;
#879 = EDGE_CURVE ( 'NONE', #4725, #4757, #4359, .T. ) ;
#880 = ADVANCED_FACE ( 'NONE', ( #653 ), #2632, .F. ) ;
#881 = VERTEX_POINT ( 'NONE', #1088 ) ;
#882 = CARTESIAN_POINT ( 'NONE',  ( -4.801391389914152263, 5.999999999999995559, -16.51625383435536421 ) ) ;
#883 = EDGE_CURVE ( 'NONE', #737, #1571, #3116, .T. ) ;
#884 = AXIS2_PLACEMENT_3D ( 'NONE', #5147, #3016, #3550 ) ;
#885 = DIRECTION ( 'NONE',  ( 0.8660254037844432595, 0.000000000000000000, -0.4999999999999918954 ) ) ;
#886 = ORIENTED_EDGE ( 'NONE', *, *, #4744, .T. ) ;
#887 = VECTOR ( 'NONE', #1469, 1000.000000000000000 ) ;
#888 = ORIENTED_EDGE ( 'NONE', *, *, #3029, .T. ) ;
#889 = VECTOR ( 'NONE', #2568, 1000.000000000000114 ) ;
#890 = DIRECTION ( 'NONE',  ( -0.8660254037844374864, 0.000000000000000000, -0.5000000000000021094 ) ) ;
#891 = LINE ( 'NONE', #2500, #3324 ) ;
#892 = DIRECTION ( 'NONE',  ( -0.000000000000000000, 1.000000000000000000, -0.000000000000000000 ) ) ;
#893 = ORIENTED_EDGE ( 'NONE', *, *, #4618, .F. ) ;
#894 = ORIENTED_EDGE ( 'NONE', *, *, #339, .F. ) ;
#895 = LINE ( 'NONE', #3796, #4162 ) ;
#896 = DIRECTION ( 'NONE',  ( -1.235542393701589647E-16, 1.000000000000000000, -0.000000000000000000 ) ) ;
#897 = CARTESIAN_POINT ( 'NONE',  ( -3.199295844483675655, 5.999999999999995559, -13.74134295108994763 ) ) ;
#898 = CARTESIAN_POINT ( 'NONE',  ( 8.458330249197681283, 3.600000000000000977, 4.883419246269086855 ) ) ;
#899 = DIRECTION ( 'NONE',  ( 1.235542393701589400E-16, -1.000000000000000000, 0.000000000000000000 ) ) ;
#900 = CARTESIAN_POINT ( 'NONE',  ( 11.55638953943289415, 2.399999999999997691, 12.61625383435534786 ) ) ;
#901 = CARTESIAN_POINT ( 'NONE',  ( 12.17960899631752092, 5.600000000000000533, 12.70500392352640162 ) ) ;
#902 = LINE ( 'NONE', #6, #3405 ) ;
#903 = EDGE_LOOP ( 'NONE', ( #2630, #1780, #1218, #362, #2013, #1199 ) ) ;
#904 = EDGE_LOOP ( 'NONE', ( #4423, #4429, #4791, #2051 ) ) ;
#905 = AXIS2_PLACEMENT_3D ( 'NONE', #3824, #3323, #3404 ) ;
#906 = CARTESIAN_POINT ( 'NONE',  ( 11.55638953943289593, -12.38689838640490848, 12.61625383435534786 ) ) ;
#907 = CARTESIAN_POINT ( 'NONE',  ( 7.282507227558705044E-16, 3.600000000000000089, 13.00000000000000000 ) ) ;
#908 = EDGE_CURVE ( 'NONE', #2136, #2418, #1526, .T. ) ;
#909 = FACE_BOUND ( 'NONE', #3581, .T. ) ;
#910 = CIRCLE ( 'NONE', #905, 0.3999999999999993006 ) ;
#911 = ORIENTED_EDGE ( 'NONE', *, *, #4228, .F. ) ;
#912 = EDGE_CURVE ( 'NONE', #1170, #4487, #727, .T. ) ;
#913 = ORIENTED_EDGE ( 'NONE', *, *, #4039, .T. ) ;
#914 = CIRCLE ( 'NONE', #1162, 0.4000000000000010214 ) ;
#915 = DIRECTION ( 'NONE',  ( -1.554312234475219157E-15, -1.910522504832137966E-31, 1.000000000000000000 ) ) ;
#916 = FACE_OUTER_BOUND ( 'NONE', #2463, .T. ) ;
#917 = CARTESIAN_POINT ( 'NONE',  ( -11.25833024919762870, 3.599999999999998757, -6.500000000000129674 ) ) ;
#918 = VERTEX_POINT ( 'NONE', #4310 ) ;
#919 = CIRCLE ( 'NONE', #2584, 0.4000000000000001887 ) ;
#920 = ORIENTED_EDGE ( 'NONE', *, *, #1040, .T. ) ;
#921 = PLANE ( 'NONE',  #427 ) ;
#922 = AXIS2_PLACEMENT_3D ( 'NONE', #1056, #1829, #295 ) ;
#923 = CARTESIAN_POINT ( 'NONE',  ( -11.25833024919776193, 3.599999999999998757, 9.199999999999905143 ) ) ;
#924 = DIRECTION ( 'NONE',  ( -1.235542393701589400E-16, 1.000000000000000000, 0.000000000000000000 ) ) ;
#925 = CONICAL_SURFACE ( 'NONE', #342, 3.700000000000000178, 0.7853981633974482790 ) ;
#926 = DIRECTION ( 'NONE',  ( 0.7071067811865486830, -0.7071067811865464625, 0.000000000000000000 ) ) ;
#927 = PLANE ( 'NONE',  #392 ) ;
#928 = CARTESIAN_POINT ( 'NONE',  ( -11.25833024919758962, 3.599999999999998757, -9.733161507462032347 ) ) ;
#929 = DIRECTION ( 'NONE',  ( 0.5000000000000001110, 6.177711968507948233E-17, 0.8660254037844387076 ) ) ;
#930 = DIRECTION ( 'NONE',  ( 1.235542393701589400E-16, -1.000000000000000000, 0.000000000000000000 ) ) ;
#931 = ORIENTED_EDGE ( 'NONE', *, *, #78, .F. ) ;
#932 = ORIENTED_EDGE ( 'NONE', *, *, #3590, .F. ) ;
#933 = CARTESIAN_POINT ( 'NONE',  ( 3.545706005997547372, -12.38689838640490848, 13.54134295108993058 ) ) ;
#934 = CARTESIAN_POINT ( 'NONE',  ( 7.699999999999999289, 5.200000000000001954, 0.000000000000000000 ) ) ;
#935 = PLANE ( 'NONE',  #2596 ) ;
#936 = ORIENTED_EDGE ( 'NONE', *, *, #3122, .F. ) ;
#937 = ORIENTED_EDGE ( 'NONE', *, *, #1666, .T. ) ;
#938 = LINE ( 'NONE', #2876, #4042 ) ;
#939 = EDGE_CURVE ( 'NONE', #2444, #4572, #5071, .T. ) ;
#940 = DIRECTION ( 'NONE',  ( -0.000000000000000000, 1.000000000000000000, -0.000000000000000000 ) ) ;
#941 = DIRECTION ( 'NONE',  ( -1.235542393701589400E-16, 1.000000000000000000, -0.000000000000000000 ) ) ;
#942 = ORIENTED_EDGE ( 'NONE', *, *, #5034, .F. ) ;
#943 = ORIENTED_EDGE ( 'NONE', *, *, #1835, .T. ) ;
#944 = EDGE_CURVE ( 'NONE', #2134, #4468, #2739, .T. ) ;
#945 = CIRCLE ( 'NONE', #4823, 17.60000000000000853 ) ;
#946 = EDGE_CURVE ( 'NONE', #487, #1331, #4748, .T. ) ;
#947 = DIRECTION ( 'NONE',  ( 1.235542393701589400E-16, -1.000000000000000000, 0.000000000000000000 ) ) ;
#948 = CARTESIAN_POINT ( 'NONE',  ( -4.801391389914373420, 2.399999999999995914, 16.51625383435529315 ) ) ;
#949 = CARTESIAN_POINT ( 'NONE',  ( -4.389786309740481879E-15, 3.600000000000000089, -16.23316150746190090 ) ) ;
#950 = ORIENTED_EDGE ( 'NONE', *, *, #370, .T. ) ;
#951 = DIRECTION ( 'NONE',  ( -0.5000000000000101030, 0.000000000000000000, 0.8660254037844327124 ) ) ;
#952 = CARTESIAN_POINT ( 'NONE',  ( -11.25833024919779213, 3.599999999999998757, 9.733161507461801421 ) ) ;
#953 = FACE_OUTER_BOUND ( 'NONE', #4604, .T. ) ;
#954 = CARTESIAN_POINT ( 'NONE',  ( 3.500195786275336761E-15, 3.600000000000000089, 16.23316150746190090 ) ) ;
#955 = EDGE_LOOP ( 'NONE', ( #3475, #1389, #3471, #4777 ) ) ;
#956 = ORIENTED_EDGE ( 'NONE', *, *, #3038, .T. ) ;
#957 = AXIS2_PLACEMENT_3D ( 'NONE', #4566, #3441, #2542 ) ;
#958 = DIRECTION ( 'NONE',  ( 0.000000000000000000, -1.000000000000000000, 0.000000000000000000 ) ) ;
#959 = DIRECTION ( 'NONE',  ( -1.000000000000000000, 0.000000000000000000, 0.000000000000000000 ) ) ;
#960 = FACE_BOUND ( 'NONE', #2522, .T. ) ;
#961 = CIRCLE ( 'NONE', #4250, 2.150000000000000799 ) ;
#962 = EDGE_LOOP ( 'NONE', ( #3442, #4159, #2718, #400 ) ) ;
#963 = ORIENTED_EDGE ( 'NONE', *, *, #3436, .T. ) ;
#964 = CIRCLE ( 'NONE', #3918, 1.699999999999998401 ) ;
#965 = CARTESIAN_POINT ( 'NONE',  ( 16.70419109086099496, 2.399999999999999911, -3.700000000000000178 ) ) ;
#966 = LINE ( 'NONE', #2963, #2635 ) ;
#967 = FACE_OUTER_BOUND ( 'NONE', #291, .T. ) ;
#968 = ORIENTED_EDGE ( 'NONE', *, *, #4232, .T. ) ;
#969 = VERTEX_POINT ( 'NONE', #2659 ) ;
#970 = ADVANCED_FACE ( 'NONE', ( #2710 ), #329, .T. ) ;
#971 = DIRECTION ( 'NONE',  ( -1.000000000000000000, -1.235542393701589400E-16, 0.000000000000000000 ) ) ;
#972 = FACE_OUTER_BOUND ( 'NONE', #328, .T. ) ;
#973 = CARTESIAN_POINT ( 'NONE',  ( -11.25833024919776193, 5.999999999999994671, 6.499999999999895195 ) ) ;
#974 = EDGE_CURVE ( 'NONE', #1950, #1749, #1477, .T. ) ;
#975 = ORIENTED_EDGE ( 'NONE', *, *, #2342, .F. ) ;
#976 = AXIS2_PLACEMENT_3D ( 'NONE', #4217, #2200, #1804 ) ;
#978 = EDGE_CURVE ( 'NONE', #3899, #123, #3227, .T. ) ;
#977 = DIRECTION ( 'NONE',  ( 1.000000000000000000, 0.000000000000000000, 0.000000000000000000 ) ) ;
#979 = DIRECTION ( 'NONE',  ( 0.000000000000000000, -1.000000000000000000, 0.000000000000000000 ) ) ;
#980 = VECTOR ( 'NONE', #269, 1000.000000000000000 ) ;
#981 = DIRECTION ( 'NONE',  ( 1.235542393701589400E-16, -1.000000000000000000, 3.697785493223492838E-32 ) ) ;
#982 = VECTOR ( 'NONE', #2046, 1000.000000000000000 ) ;
#983 = PLANE ( 'NONE',  #4258 ) ;
#984 = ORIENTED_EDGE ( 'NONE', *, *, #241, .T. ) ;
#985 = ORIENTED_EDGE ( 'NONE', *, *, #343, .T. ) ;
#986 = VECTOR ( 'NONE', #2841, 1000.000000000000000 ) ;
#987 = FACE_OUTER_BOUND ( 'NONE', #2662, .T. ) ;
#988 = DIRECTION ( 'NONE',  ( 1.000000000000000000, 0.000000000000000000, 0.000000000000000000 ) ) ;
#989 = CARTESIAN_POINT ( 'NONE',  ( 1.355721808911629058E-15, 5.999999999999996447, 0.000000000000000000 ) ) ;
#990 = VERTEX_POINT ( 'NONE', #2789 ) ;
#991 = ORIENTED_EDGE ( 'NONE', *, *, #4060, .F. ) ;
#992 = AXIS2_PLACEMENT_3D ( 'NONE', #2787, #3645, #3597 ) ;
#993 = LINE ( 'NONE', #4051, #2506 ) ;
#994 = AXIS2_PLACEMENT_3D ( 'NONE', #4691, #1883, #1084 ) ;
#995 = DIRECTION ( 'NONE',  ( 1.000000000000000000, 1.606225440719265134E-16, 0.000000000000000000 ) ) ;
#996 = LINE ( 'NONE', #2587, #5001 ) ;
#997 = ORIENTED_EDGE ( 'NONE', *, *, #436, .F. ) ;
#998 = ORIENTED_EDGE ( 'NONE', *, *, #785, .F. ) ;
#999 = CIRCLE ( 'NONE', #2581, 0.3999999999999993006 ) ;
#1000 = PLANE ( 'NONE',  #976 ) ;
#1001 = CARTESIAN_POINT ( 'NONE',  ( -11.25833024919773173, 3.599999999999998757, 3.266838492537993410 ) ) ;
#1002 = CARTESIAN_POINT ( 'NONE',  ( -13.50000000000000178, 5.599999999999996980, 0.000000000000000000 ) ) ;
#1003 = VECTOR ( 'NONE', #1011, 1000.000000000000114 ) ;
#1004 = ORIENTED_EDGE ( 'NONE', *, *, #409, .T. ) ;
#1005 = DIRECTION ( 'NONE',  ( 1.000000000000000000, 0.000000000000000000, 0.000000000000000000 ) ) ;
#1006 = EDGE_CURVE ( 'NONE', #2691, #4784, #4461, .T. ) ;
#1007 = AXIS2_PLACEMENT_3D ( 'NONE', #3797, #534, #558 ) ;
#1008 = EDGE_CURVE ( 'NONE', #2250, #1957, #3670, .T. ) ;
#1009 = DIRECTION ( 'NONE',  ( 0.000000000000000000, 0.000000000000000000, -1.000000000000000000 ) ) ;
#1010 = CIRCLE ( 'NONE', #2171, 0.4000000000000010214 ) ;
#1011 = DIRECTION ( 'NONE',  ( 0.5000000000000102141, 6.177711968508071492E-17, -0.8660254037844327124 ) ) ;
#1012 = CARTESIAN_POINT ( 'NONE',  ( 9.364406786109204337E-16, 5.999999999999996447, 11.30000000000000071 ) ) ;
#1013 = EDGE_CURVE ( 'NONE', #3730, #3675, #2413, .T. ) ;
#1014 = ORIENTED_EDGE ( 'NONE', *, *, #2898, .F. ) ;
#1015 = ORIENTED_EDGE ( 'NONE', *, *, #3490, .T. ) ;
#1016 = EDGE_CURVE ( 'NONE', #2924, #3454, #2362, .T. ) ;
#1017 = ADVANCED_FACE ( 'NONE', ( #387 ), #1977, .F. ) ;
#1018 = CARTESIAN_POINT ( 'NONE',  ( -8.458330249197645756, -1.045062560281222008E-15, -4.883419246269145475 ) ) ;
#1019 = VECTOR ( 'NONE', #3150, 1000.000000000000000 ) ;
#1020 = CARTESIAN_POINT ( 'NONE',  ( -13.50000000000000178, 5.599999999999996980, 3.700000000000000178 ) ) ;
#1021 = CARTESIAN_POINT ( 'NONE',  ( 9.954293994002537005, 2.399999999999997691, -9.841342951089805169 ) ) ;
#1022 = ORIENTED_EDGE ( 'NONE', *, *, #4583, .T. ) ;
#1023 = EDGE_LOOP ( 'NONE', ( #4075, #4032, #658, #2943 ) ) ;
#1024 = CARTESIAN_POINT ( 'NONE',  ( 4.913051654795989265, 5.599999999999998757, 16.90035276073568582 ) ) ;
#1025 = CARTESIAN_POINT ( 'NONE',  ( 3.050000000000138378, -12.38689838640493690, -11.69134295108984212 ) ) ;
#1026 = DIRECTION ( 'NONE',  ( 1.235542393701589400E-16, -1.000000000000000000, 0.000000000000000000 ) ) ;
#1027 = ORIENTED_EDGE ( 'NONE', *, *, #2967, .T. ) ;
#1028 = ORIENTED_EDGE ( 'NONE', *, *, #4900, .F. ) ;
#1029 = LINE ( 'NONE', #1877, #3226 ) ;
#1030 = PLANE ( 'NONE',  #4789 ) ;
#1031 = FACE_OUTER_BOUND ( 'NONE', #1964, .T. ) ;
#1032 = ORIENTED_EDGE ( 'NONE', *, *, #593, .F. ) ;
#1033 = CARTESIAN_POINT ( 'NONE',  ( -9.954293994002330948, -12.38689838640490137, -9.841342951090013003 ) ) ;
#1034 = ADVANCED_FACE ( 'NONE', ( #4387 ), #69, .F. ) ;
#1035 = DIRECTION ( 'NONE',  ( -1.720845688168992440E-15, 0.000000000000000000, 1.000000000000000000 ) ) ;
#1036 = CARTESIAN_POINT ( 'NONE',  ( 6.749999999999973355, 5.600000000000000533, 11.69134295108993804 ) ) ;
#1037 = CARTESIAN_POINT ( 'NONE',  ( 4.801391389914261509, 5.600000000000000533, 16.51625383435532868 ) ) ;
#1038 = ORIENTED_EDGE ( 'NONE', *, *, #2054, .F. ) ;
#1039 = ORIENTED_EDGE ( 'NONE', *, *, #532, .F. ) ;
#1040 = EDGE_CURVE ( 'NONE', #4701, #1813, #2389, .T. ) ;
#1041 = CARTESIAN_POINT ( 'NONE',  ( -2.210901595197776700E-15, 3.600000000000000089, -13.00000000000000000 ) ) ;
#1042 = DIRECTION ( 'NONE',  ( 1.000000000000000000, 1.235542393701589400E-16, 0.000000000000000000 ) ) ;
#1043 = LINE ( 'NONE', #323, #346 ) ;
#1044 = EDGE_CURVE ( 'NONE', #1813, #4805, #3172, .T. ) ;
#1045 = VERTEX_POINT ( 'NONE', #4824 ) ;
#1046 = ORIENTED_EDGE ( 'NONE', *, *, #4479, .F. ) ;
#1047 = ADVANCED_FACE ( 'NONE', ( #2002 ), #3648, .F. ) ;
#1048 = CIRCLE ( 'NONE', #1286, 4.099999999999998757 ) ;
#1049 = CARTESIAN_POINT ( 'NONE',  ( -4.913051654795876466, 16.97268548471243577, -16.90035276073572135 ) ) ;
#1050 = CARTESIAN_POINT ( 'NONE',  ( 11.90279970094666595, 5.999999999999998224, 12.41625383435535035 ) ) ;
#1051 = DIRECTION ( 'NONE',  ( -0.000000000000000000, 1.000000000000000000, -0.000000000000000000 ) ) ;
#1052 = VERTEX_POINT ( 'NONE', #1605 ) ;
#1053 = ORIENTED_EDGE ( 'NONE', *, *, #3850, .T. ) ;
#1054 = CIRCLE ( 'NONE', #640, 0.3999999999999993006 ) ;
#1055 = LINE ( 'NONE', #1464, #521 ) ;
#1056 = CARTESIAN_POINT ( 'NONE',  ( -11.25833024919762870, 4.599999999999999645, -6.500000000000129674 ) ) ;
#1057 = FACE_OUTER_BOUND ( 'NONE', #4312, .T. ) ;
#1058 = CONICAL_SURFACE ( 'NONE', #3489, 0.3999999999999975797, 0.7853981633974482790 ) ;
#1059 = VERTEX_POINT ( 'NONE', #1215 ) ;
#1060 = VECTOR ( 'NONE', #1834, 1000.000000000000114 ) ;
#1061 = CARTESIAN_POINT ( 'NONE',  ( 9.954293994002537005, 5.600000000000000533, -9.841342951089805169 ) ) ;
#1062 = CYLINDRICAL_SURFACE ( 'NONE', #4275, 0.4000000000000001887 ) ;
#1063 = FACE_OUTER_BOUND ( 'NONE', #208, .T. ) ;
#1064 = CARTESIAN_POINT ( 'NONE',  ( -3.545706005997450116, -12.38689838640490137, -13.54134295108995367 ) ) ;
#1065 = ORIENTED_EDGE ( 'NONE', *, *, #602, .T. ) ;
#1066 = CARTESIAN_POINT ( 'NONE',  ( -3.545706005997641075, 5.600000000000000533, 13.54134295108990749 ) ) ;
#1067 = LINE ( 'NONE', #5179, #3864 ) ;
#1068 = PRODUCT_RELATED_PRODUCT_CATEGORY ( 'detail', '', ( #65 ) ) ;
#1069 = ORIENTED_EDGE ( 'NONE', *, *, #1106, .T. ) ;
#1070 = VERTEX_POINT ( 'NONE', #4064 ) ;
#1071 = ADVANCED_FACE ( 'NONE', ( #2817 ), #4435, .F. ) ;
#1072 = EDGE_CURVE ( 'NONE', #3500, #1344, #4044, .T. ) ;
#1073 = DIRECTION ( 'NONE',  ( -1.235542393701589400E-16, 1.000000000000000000, -3.697785493223492838E-32 ) ) ;
#1074 = DIRECTION ( 'NONE',  ( -0.000000000000000000, 1.000000000000000000, -0.000000000000000000 ) ) ;
#1075 = EDGE_CURVE ( 'NONE', #306, #29, #3251, .T. ) ;
#1076 = ORIENTED_EDGE ( 'NONE', *, *, #946, .T. ) ;
#1077 = ORIENTED_EDGE ( 'NONE', *, *, #560, .T. ) ;
#1078 = DIRECTION ( 'NONE',  ( 0.8660254037844385966, 1.070011100398210926E-16, -0.4999999999999999445 ) ) ;
#1079 = FACE_OUTER_BOUND ( 'NONE', #5051, .T. ) ;
#1080 = DIRECTION ( 'NONE',  ( 0.6867236508478883339, 0.7071067811865505703, 0.1685545234223731204 ) ) ;
#1081 = ORIENTED_EDGE ( 'NONE', *, *, #1765, .T. ) ;
#1082 = VECTOR ( 'NONE', #4826, 999.9999999999998863 ) ;
#1083 = DIRECTION ( 'NONE',  ( 0.000000000000000000, 1.000000000000000000, 0.000000000000000000 ) ) ;
#1084 = DIRECTION ( 'NONE',  ( 0.000000000000000000, 0.000000000000000000, 1.000000000000000000 ) ) ;
#1085 = VECTOR ( 'NONE', #539, 1000.000000000000114 ) ;
#1086 = FACE_OUTER_BOUND ( 'NONE', #2897, .T. ) ;
#1087 = ORIENTED_EDGE ( 'NONE', *, *, #5197, .T. ) ;
#1088 = CARTESIAN_POINT ( 'NONE',  ( 6.749999999999973355, -7.372574772901430151E-15, 9.541342951089939461 ) ) ;
#1089 = CARTESIAN_POINT ( 'NONE',  ( -4.913051654796103840, 5.599999999999998757, 16.90035276073565029 ) ) ;
#1090 = CONICAL_SURFACE ( 'NONE', #2941, 0.3999999999999975797, 0.7853981633974497223 ) ;
#1091 = ORIENTED_EDGE ( 'NONE', *, *, #2641, .F. ) ;
#1092 = ORIENTED_EDGE ( 'NONE', *, *, #4236, .F. ) ;
#1093 = VECTOR ( 'NONE', #3502, 1000.000000000000114 ) ;
#1094 = EDGE_CURVE ( 'NONE', #1070, #3457, #1946, .T. ) ;
#1095 = DIRECTION ( 'NONE',  ( 0.000000000000000000, 0.000000000000000000, 1.000000000000000000 ) ) ;
#1096 = AXIS2_PLACEMENT_3D ( 'NONE', #2761, #354, #4354 ) ;
#1097 = CARTESIAN_POINT ( 'NONE',  ( -13.50000000000000000, -9.974659986866640793E-15, 0.000000000000000000 ) ) ;
#1098 = VERTEX_POINT ( 'NONE', #1555 ) ;
#1099 = ORIENTED_EDGE ( 'NONE', *, *, #2311, .T. ) ;
#1100 = EDGE_CURVE ( 'NONE', #2799, #3641, #3277, .T. ) ;
#1101 = FACE_OUTER_BOUND ( 'NONE', #777, .T. ) ;
#1102 = DIRECTION ( 'NONE',  ( 1.235542393701589400E-16, -1.000000000000000000, 0.000000000000000000 ) ) ;
#1103 = CARTESIAN_POINT ( 'NONE',  ( -5.147801551428150546, 2.399999999999995914, 16.31625383435529386 ) ) ;
#1104 = EDGE_LOOP ( 'NONE', ( #4550, #4398, #3250, #956 ) ) ;
#1105 = ADVANCED_FACE ( 'NONE', ( #3572 ), #3173, .F. ) ;
#1106 = EDGE_CURVE ( 'NONE', #2199, #3951, #591, .T. ) ;
#1107 = DIRECTION ( 'NONE',  ( -1.000000000000000000, -1.235542393701589400E-16, 0.000000000000000000 ) ) ;
#1108 = EDGE_CURVE ( 'NONE', #4049, #3995, #2896, .T. ) ;
#1109 = CARTESIAN_POINT ( 'NONE',  ( -2.965301744883811799E-16, 2.399999999999997691, -9.629649721936179265E-32 ) ) ;
#1110 = DIRECTION ( 'NONE',  ( 0.4999999999999920064, 6.177711968507848393E-17, 0.8660254037844432595 ) ) ;
#1111 = DIRECTION ( 'NONE',  ( 1.000000000000000000, 0.000000000000000000, 0.000000000000000000 ) ) ;
#1112 = ORIENTED_EDGE ( 'NONE', *, *, #2708, .T. ) ;
#1113 = LINE ( 'NONE', #1864, #2658 ) ;
#1114 = CARTESIAN_POINT ( 'NONE',  ( 11.25833024919771574, 5.999999999999998224, -4.799999999999975842 ) ) ;
#1115 = CARTESIAN_POINT ( 'NONE',  ( 14.05833024919766672, 3.600000000000001421, 8.116580753731012621 ) ) ;
#1116 = EDGE_LOOP ( 'NONE', ( #4940, #749, #3511 ) ) ;
#1117 = EDGE_LOOP ( 'NONE', ( #476, #4277, #3176, #893 ) ) ;
#1118 = CARTESIAN_POINT ( 'NONE',  ( 6.750000000000135891, -7.372574772901430151E-15, -13.84134295108984247 ) ) ;
#1119 = FACE_OUTER_BOUND ( 'NONE', #1678, .T. ) ;
#1120 = EDGE_LOOP ( 'NONE', ( #741, #2736, #1667, #4987 ) ) ;
#1121 = ORIENTED_EDGE ( 'NONE', *, *, #4579, .T. ) ;
#1122 = CARTESIAN_POINT ( 'NONE',  ( 13.50000000000000000, 5.600000000000000533, -3.700000000000000178 ) ) ;
#1123 = CARTESIAN_POINT ( 'NONE',  ( 4.801391389914261509, 5.600000000000000533, 16.51625383435532868 ) ) ;
#1124 = DIRECTION ( 'NONE',  ( 0.6123724356957921389, -0.7071067811865484609, 0.3535533905932761178 ) ) ;
#1125 = ORIENTED_EDGE ( 'NONE', *, *, #822, .T. ) ;
#1126 = AXIS2_PLACEMENT_3D ( 'NONE', #3587, #5190, #4788 ) ;
#1127 = EDGE_CURVE ( 'NONE', #2489, #2397, #2975, .T. ) ;
#1128 = ORIENTED_EDGE ( 'NONE', *, *, #812, .F. ) ;
#1129 = CARTESIAN_POINT ( 'NONE',  ( -6.749999999999892530, 2.399999999999996803, -11.69134295108998245 ) ) ;
#1130 = VECTOR ( 'NONE', #4063, 1000.000000000000000 ) ;
#1131 = DIRECTION ( 'NONE',  ( 1.000000000000000000, 1.235542393701589400E-16, 1.554312234475219157E-15 ) ) ;
#1132 = AXIS2_PLACEMENT_3D ( 'NONE', #3175, #1406, #4802 ) ;
#1133 = EDGE_CURVE ( 'NONE', #782, #1851, #60, .T. ) ;
#1134 = DIRECTION ( 'NONE',  ( -1.000000000000000000, -1.235542393701589400E-16, 0.000000000000000000 ) ) ;
#1135 = CARTESIAN_POINT ( 'NONE',  ( -13.50000000000000000, -9.974659986866640793E-15, 0.000000000000000000 ) ) ;
#1136 = COORDINATED_UNIVERSAL_TIME_OFFSET ( 8, 0, .AHEAD. ) ;
#1137 = EDGE_CURVE ( 'NONE', #3551, #4127, #1340, .T. ) ;
#1138 = ORIENTED_EDGE ( 'NONE', *, *, #755, .F. ) ;
#1139 = DIRECTION ( 'NONE',  ( -1.000000000000000000, 0.000000000000000000, 0.000000000000000000 ) ) ;
#1140 = CARTESIAN_POINT ( 'NONE',  ( -11.55638953943280534, 5.599999999999998757, -12.61625383435542247 ) ) ;
#1141 = LINE ( 'NONE', #754, #4000 ) ;
#1142 = ORIENTED_EDGE ( 'NONE', *, *, #869, .F. ) ;
#1143 = ORIENTED_EDGE ( 'NONE', *, *, #731, .F. ) ;
#1144 = FACE_OUTER_BOUND ( 'NONE', #209, .T. ) ;
#1145 = DIRECTION ( 'NONE',  ( 0.000000000000000000, 0.7071067811865474617, 0.7071067811865474617 ) ) ;
#1146 = ORIENTED_EDGE ( 'NONE', *, *, #2503, .T. ) ;
#1147 = ORIENTED_EDGE ( 'NONE', *, *, #2375, .T. ) ;
#1148 = CARTESIAN_POINT ( 'NONE',  ( -3.944991048007909320E-15, -4.874203682587033392E-31, -16.23316150746190090 ) ) ;
#1149 = LINE ( 'NONE', #449, #1751 ) ;
#1150 = FACE_OUTER_BOUND ( 'NONE', #451, .T. ) ;
#1151 = ORIENTED_EDGE ( 'NONE', *, *, #4804, .T. ) ;
#1152 = ORIENTED_EDGE ( 'NONE', *, *, #3366, .T. ) ;
#1153 = DIRECTION ( 'NONE',  ( -0.000000000000000000, 1.000000000000000000, -0.000000000000000000 ) ) ;
#1154 = FACE_BOUND ( 'NONE', #2846, .T. ) ;
#1155 = CARTESIAN_POINT ( 'NONE',  ( -17.60000000000000853, 2.399999999999995470, 0.000000000000000000 ) ) ;
#1156 = CARTESIAN_POINT ( 'NONE',  ( -14.05833024919760810, 3.599999999999998312, -8.116580753731112097 ) ) ;
#1157 = AXIS2_PLACEMENT_3D ( 'NONE', #4532, #5007, #924 ) ;
#1158 = DIRECTION ( 'NONE',  ( 0.8660254037844328234, 1.070011100398203654E-16, 0.5000000000000102141 ) ) ;
#1159 = EDGE_CURVE ( 'NONE', #3662, #5117, #5013, .T. ) ;
#1160 = EDGE_CURVE ( 'NONE', #2982, #1747, #1382, .T. ) ;
#1161 = ORIENTED_EDGE ( 'NONE', *, *, #4327, .T. ) ;
#1162 = AXIS2_PLACEMENT_3D ( 'NONE', #3474, #286, #1452 ) ;
#1163 = CARTESIAN_POINT ( 'NONE',  ( 9.954293994002402002, -12.38689838640490848, 9.841342951089945501 ) ) ;
#1164 = CARTESIAN_POINT ( 'NONE',  ( 6.749999999999973355, 2.399999999999998579, 11.69134295108993804 ) ) ;
#1165 = EDGE_CURVE ( 'NONE', #4903, #5117, #1800, .T. ) ;
#1166 = LINE ( 'NONE', #359, #4500 ) ;
#1167 = ORIENTED_EDGE ( 'NONE', *, *, #365, .F. ) ;
#1168 = ADVANCED_FACE ( 'NONE', ( #3801 ), #5014, .F. ) ;
#1169 = EDGE_CURVE ( 'NONE', #3799, #2433, #2461, .T. ) ;
#1170 = VERTEX_POINT ( 'NONE', #1285 ) ;
#1171 = CIRCLE ( 'NONE', #2763, 3.699999999999998401 ) ;
#1172 = DIRECTION ( 'NONE',  ( -0.4999999999999980016, -6.177711968507922348E-17, -0.8660254037844397068 ) ) ;
#1173 = DIRECTION ( 'NONE',  ( 1.000000000000000000, 0.000000000000000000, 0.000000000000000000 ) ) ;
#1174 = ORIENTED_EDGE ( 'NONE', *, *, #3529, .T. ) ;
#1175 = VECTOR ( 'NONE', #3215, 1000.000000000000114 ) ;
#1176 = ORIENTED_EDGE ( 'NONE', *, *, #693, .F. ) ;
#1177 = DIRECTION ( 'NONE',  ( 0.5000000000000102141, 6.177711968508071492E-17, -0.8660254037844328234 ) ) ;
#1178 = VECTOR ( 'NONE', #4001, 1000.000000000000114 ) ;
#1179 = DIRECTION ( 'NONE',  ( 1.000000000000000000, 1.235542393701589400E-16, 1.104671909502030600E-14 ) ) ;
#1180 = CARTESIAN_POINT ( 'NONE',  ( -13.50000000000000000, -9.974659986866640793E-15, -2.149999999999999023 ) ) ;
#1181 = ORIENTED_EDGE ( 'NONE', *, *, #1551, .F. ) ;
#1182 = ORIENTED_EDGE ( 'NONE', *, *, #4361, .T. ) ;
#1183 = CARTESIAN_POINT ( 'NONE',  ( -13.50000000000000000, 2.399999999999995914, -2.149999999999999911 ) ) ;
#1184 = PLANE ( 'NONE',  #2701 ) ;
#1185 = LINE ( 'NONE', #4869, #4037 ) ;
#1186 = CARTESIAN_POINT ( 'NONE',  ( 13.50000000000000000, -6.505213034913026604E-15, 2.150000000000000799 ) ) ;
#1187 =( NAMED_UNIT ( * ) PLANE_ANGLE_UNIT ( ) SI_UNIT ( $, .RADIAN. ) );
#1188 = ADVANCED_FACE ( 'NONE', ( #2598, #2481 ), #510, .T. ) ;
#1189 = ORIENTED_EDGE ( 'NONE', *, *, #4924, .F. ) ;
#1190 = CARTESIAN_POINT ( 'NONE',  ( -6.750000000000055955, 2.399999999999996803, 13.84134295108989221 ) ) ;
#1191 = FACE_OUTER_BOUND ( 'NONE', #4343, .T. ) ;
#1192 = LINE ( 'NONE', #4020, #1214 ) ;
#1193 = ORIENTED_EDGE ( 'NONE', *, *, #2926, .F. ) ;
#1194 = ADVANCED_FACE ( 'NONE', ( #3353 ), #927, .F. ) ;
#1195 = ORIENTED_EDGE ( 'NONE', *, *, #3971, .F. ) ;
#1196 = EDGE_CURVE ( 'NONE', #1881, #4947, #2890, .T. ) ;
#1197 = CARTESIAN_POINT ( 'NONE',  ( 13.50000000000000000, 2.399999999999999467, 0.000000000000000000 ) ) ;
#1198 = DIRECTION ( 'NONE',  ( -0.000000000000000000, 1.000000000000000000, -3.697785493223492838E-32 ) ) ;
#1199 = ORIENTED_EDGE ( 'NONE', *, *, #2699, .T. ) ;
#1200 = EDGE_CURVE ( 'NONE', #2209, #2822, #3773, .T. ) ;
#1201 = ORIENTED_EDGE ( 'NONE', *, *, #2052, .F. ) ;
#1202 = CARTESIAN_POINT ( 'NONE',  ( 13.50000000000000000, -6.505213034913026604E-15, -2.150000000000000799 ) ) ;
#1203 = CARTESIAN_POINT ( 'NONE',  ( 1.405143504659692260E-15, 5.599999999999998757, 0.000000000000000000 ) ) ;
#1204 = DIRECTION ( 'NONE',  ( 0.5000000000000039968, 0.000000000000000000, -0.8660254037844363761 ) ) ;
#1205 = VECTOR ( 'NONE', #397, 1000.000000000000000 ) ;
#1206 = VERTEX_POINT ( 'NONE', #3694 ) ;
#1207 = ORIENTED_EDGE ( 'NONE', *, *, #3750, .F. ) ;
#1208 = DIRECTION ( 'NONE',  ( -0.8660254037844407060, 0.000000000000000000, 0.4999999999999963918 ) ) ;
#1209 = CYLINDRICAL_SURFACE ( 'NONE', #3107, 2.149999999999999023 ) ;
#1210 = LINE ( 'NONE', #827, #4778 ) ;
#1211 = VECTOR ( 'NONE', #2642, 1000.000000000000000 ) ;
#1212 = AXIS2_PLACEMENT_3D ( 'NONE', #2455, #4926, #2888 ) ;
#1213 = ORIENTED_EDGE ( 'NONE', *, *, #1960, .F. ) ;
#1214 = VECTOR ( 'NONE', #730, 1000.000000000000000 ) ;
#1215 = CARTESIAN_POINT ( 'NONE',  ( 9.799999999999998934, 2.399999999999999023, 0.000000000000000000 ) ) ;
#1216 = DIRECTION ( 'NONE',  ( -1.000000000000000000, 0.000000000000000000, 0.000000000000000000 ) ) ;
#1217 = PLANE ( 'NONE',  #302 ) ;
#1218 = ORIENTED_EDGE ( 'NONE', *, *, #4551, .T. ) ;
#1219 = ORIENTED_EDGE ( 'NONE', *, *, #1075, .F. ) ;
#1220 = CARTESIAN_POINT ( 'NONE',  ( 0.000000000000000000, 16.97268548471243577, 0.000000000000000000 ) ) ;
#1221 = VERTEX_POINT ( 'NONE', #2950 ) ;
#1222 = ORIENTED_EDGE ( 'NONE', *, *, #3914, .T. ) ;
#1223 = ADVANCED_FACE ( 'NONE', ( #4114 ), #4564, .F. ) ;
#1224 = ADVANCED_FACE ( 'NONE', ( #3383 ), #4984, .F. ) ;
#1225 = DIRECTION ( 'NONE',  ( -0.8660254037844389297, -1.070011100398211173E-16, -0.4999999999999995004 ) ) ;
#1226 = EDGE_CURVE ( 'NONE', #4886, #1981, #3542, .T. ) ;
#1227 = DIRECTION ( 'NONE',  ( 0.6123724356957951365, -0.7071067811865476838, -0.3535533905932723431 ) ) ;
#1228 = ORIENTED_EDGE ( 'NONE', *, *, #4866, .T. ) ;
#1229 = EDGE_LOOP ( 'NONE', ( #1361, #3492 ) ) ;
#1230 = CARTESIAN_POINT ( 'NONE',  ( 2.097047245132582797E-15, -3.469446951953614189E-15, 0.000000000000000000 ) ) ;
#1231 = CARTESIAN_POINT ( 'NONE',  ( 14.05833024919768270, 1.736966300754116490E-15, 4.883419246269112612 ) ) ;
#1232 = DIRECTION ( 'NONE',  ( -0.000000000000000000, 1.000000000000000000, -0.000000000000000000 ) ) ;
#1233 = CARTESIAN_POINT ( 'NONE',  ( 8.458330249197667072, 3.600000000000000977, 8.116580753730993081 ) ) ;
#1234 = CARTESIAN_POINT ( 'NONE',  ( 3.545706005997736554, -12.38689838640493690, -13.54134295108988084 ) ) ;
#1235 = AXIS2_PLACEMENT_3D ( 'NONE', #3274, #4870, #2861 ) ;
#1236 = DIRECTION ( 'NONE',  ( 0.000000000000000000, -1.000000000000000000, 0.000000000000000000 ) ) ;
#1237 = DIRECTION ( 'NONE',  ( 0.4999999999999920064, 0.000000000000000000, 0.8660254037844432595 ) ) ;
#1238 = ORIENTED_EDGE ( 'NONE', *, *, #2260, .F. ) ;
#1239 = AXIS2_PLACEMENT_3D ( 'NONE', #601, #3495, #4287 ) ;
#1240 = VERTEX_POINT ( 'NONE', #1445 ) ;
#1241 = AXIS2_PLACEMENT_3D ( 'NONE', #3831, #2097, #511 ) ;
#1242 = PLANE ( 'NONE',  #4463 ) ;
#1243 = ORIENTED_EDGE ( 'NONE', *, *, #4481, .T. ) ;
#1244 = ORIENTED_EDGE ( 'NONE', *, *, #2460, .F. ) ;
#1245 = AXIS2_PLACEMENT_3D ( 'NONE', #948, #2093, #4531 ) ;
#1246 = EDGE_CURVE ( 'NONE', #857, #229, #1897, .T. ) ;
#1247 = LINE ( 'NONE', #2425, #1175 ) ;
#1248 = CARTESIAN_POINT ( 'NONE',  ( 11.25833024919767311, 4.600000000000003197, 8.200000000000050804 ) ) ;
#1249 = AXIS2_PLACEMENT_3D ( 'NONE', #3371, #1663, #2108 ) ;
#1250 = ORIENTED_EDGE ( 'NONE', *, *, #3844, .F. ) ;
#1251 = ORIENTED_EDGE ( 'NONE', *, *, #1552, .T. ) ;
#1252 = ADVANCED_FACE ( 'NONE', ( #4667 ), #1062, .T. ) ;
#1253 = CARTESIAN_POINT ( 'NONE',  ( 3.545706005997545596, 5.600000000000000533, 13.54134295108993058 ) ) ;
#1254 = CARTESIAN_POINT ( 'NONE',  ( 6.750000000000135891, 2.399999999999998579, -11.69134295108984212 ) ) ;
#1255 = DIRECTION ( 'NONE',  ( -0.8660254037844390407, -1.070011100398211296E-16, -0.4999999999999993339 ) ) ;
#1256 = ADVANCED_FACE ( 'NONE', ( #2653 ), #3111, .F. ) ;
#1257 = ADVANCED_FACE ( 'NONE', ( #1494 ), #672, .F. ) ;
#1258 = APPROVAL_DATE_TIME ( #800, #3025 ) ;
#1259 = CIRCLE ( 'NONE', #3548, 2.149999999999999023 ) ;
#1261 = ADVANCED_FACE ( 'NONE', ( #3931 ), #225, .F. ) ;
#1260 = ORIENTED_EDGE ( 'NONE', *, *, #869, .T. ) ;
#1262 = CARTESIAN_POINT ( 'NONE',  ( 2.562415898789336729E-16, 3.600000000000000089, 9.766838492538095551 ) ) ;
#1263 = CARTESIAN_POINT ( 'NONE',  ( -13.50000000000000000, -10.75174404457249544, 3.700000000000000178 ) ) ;
#1264 = DIRECTION ( 'NONE',  ( -0.5000000000000014433, -6.177711968507964257E-17, 0.8660254037844378194 ) ) ;
#1265 = ORIENTED_EDGE ( 'NONE', *, *, #4834, .T. ) ;
#1266 = EDGE_LOOP ( 'NONE', ( #886, #142, #76, #1121 ) ) ;
#1267 = DIRECTION ( 'NONE',  ( 0.000000000000000000, -1.000000000000000000, 0.000000000000000000 ) ) ;
#1268 = ORIENTED_EDGE ( 'NONE', *, *, #4743, .F. ) ;
#1269 = ORIENTED_EDGE ( 'NONE', *, *, #3844, .T. ) ;
#1270 = CIRCLE ( 'NONE', #363, 0.4000000000000010214 ) ;
#1271 = CARTESIAN_POINT ( 'NONE',  ( -6.749999999999889866, -12.38689838640490137, -11.69134295108998245 ) ) ;
#1272 = DIRECTION ( 'NONE',  ( -1.235542393701589400E-16, 1.000000000000000000, -0.000000000000000000 ) ) ;
#1273 = DIRECTION ( 'NONE',  ( 1.000000000000000000, 1.235542393701589400E-16, 0.000000000000000000 ) ) ;
#1274 = VERTEX_POINT ( 'NONE', #1470 ) ;
#1275 = EDGE_LOOP ( 'NONE', ( #2462, #3869, #3381, #4004, #581, #1427, #596, #863 ) ) ;
#1276 = AXIS2_PLACEMENT_3D ( 'NONE', #1955, #2797, #4420 ) ;
#1277 = CARTESIAN_POINT ( 'NONE',  ( -2.799999999999997602, -3.459518702364447756E-16, 11.38341924626904955 ) ) ;
#1278 = DIRECTION ( 'NONE',  ( 1.235542393701589400E-16, -1.000000000000000000, 0.000000000000000000 ) ) ;
#1279 = LINE ( 'NONE', #2451, #2688 ) ;
#1280 = COORDINATED_UNIVERSAL_TIME_OFFSET ( 8, 0, .AHEAD. ) ;
#1281 = ADVANCED_FACE ( 'NONE', ( #2682 ), #3829, .F. ) ;
#1282 = CIRCLE ( 'NONE', #1972, 3.700000000000000178 ) ;
#1283 = CARTESIAN_POINT ( 'NONE',  ( -12.17960899631760974, 5.599999999999998757, 12.70500392352631103 ) ) ;
#1284 = EDGE_CURVE ( 'NONE', #3976, #5029, #4306, .T. ) ;
#1285 = CARTESIAN_POINT ( 'NONE',  ( -8.458330249197775430, 3.599999999999999201, 8.116580753730872289 ) ) ;
#1286 = AXIS2_PLACEMENT_3D ( 'NONE', #4377, #3186, #4761 ) ;
#1287 = DIRECTION ( 'NONE',  ( -1.235542393701589400E-16, 1.000000000000000000, -0.000000000000000000 ) ) ;
#1288 = DIRECTION ( 'NONE',  ( -0.4999999999999919509, -6.177711968507848393E-17, -0.8660254037844432595 ) ) ;
#1289 = EDGE_CURVE ( 'NONE', #4126, #3005, #1992, .T. ) ;
#1290 = FACE_OUTER_BOUND ( 'NONE', #3997, .T. ) ;
#1291 = VERTEX_POINT ( 'NONE', #279 ) ;
#1292 = VECTOR ( 'NONE', #3279, 1000.000000000000000 ) ;
#1293 = ORIENTED_EDGE ( 'NONE', *, *, #495, .F. ) ;
#1294 = DIRECTION ( 'NONE',  ( 1.000000000000000000, 0.000000000000000000, 0.000000000000000000 ) ) ;
#1295 = VECTOR ( 'NONE', #1339, 1000.000000000000000 ) ;
#1296 = DIRECTION ( 'NONE',  ( -0.4999999999999920619, -6.177711968507849625E-17, -0.8660254037844432595 ) ) ;
#1297 = VECTOR ( 'NONE', #2153, 1000.000000000000114 ) ;
#1298 = CARTESIAN_POINT ( 'NONE',  ( 7.282507227558705044E-16, 4.600000000000007638, 13.00000000000000000 ) ) ;
#1299 = ORIENTED_EDGE ( 'NONE', *, *, #1699, .F. ) ;
#1300 = ORIENTED_EDGE ( 'NONE', *, *, #1771, .T. ) ;
#1301 = CARTESIAN_POINT ( 'NONE',  ( -16.70419109086099496, 16.97268548471243221, -4.100000000000000533 ) ) ;
#1302 = DIRECTION ( 'NONE',  ( 0.6123724356957955806, -0.7071067811865500152, -0.3535533905932667920 ) ) ;
#1303 = DIRECTION ( 'NONE',  ( 0.000000000000000000, 0.000000000000000000, -1.000000000000000000 ) ) ;
#1304 = EDGE_LOOP ( 'NONE', ( #445, #2505, #3664, #542 ) ) ;
#1305 = ORIENTED_EDGE ( 'NONE', *, *, #883, .F. ) ;
#1306 = VECTOR ( 'NONE', #1051, 1000.000000000000000 ) ;
#1307 = FACE_OUTER_BOUND ( 'NONE', #319, .T. ) ;
#1308 = CARTESIAN_POINT ( 'NONE',  ( -11.25833024919762870, 4.599999999999999645, -4.800000000000131273 ) ) ;
#1309 = CARTESIAN_POINT ( 'NONE',  ( -2.800000000000001599, 3.599999999999999645, -14.61658075373095222 ) ) ;
#1310 = CYLINDRICAL_SURFACE ( 'NONE', #2887, 3.699999999999999289 ) ;
#1311 = DIRECTION ( 'NONE',  ( 0.000000000000000000, 0.000000000000000000, 1.000000000000000000 ) ) ;
#1312 = DIRECTION ( 'NONE',  ( 0.000000000000000000, 0.000000000000000000, 1.000000000000000000 ) ) ;
#1313 = FACE_OUTER_BOUND ( 'NONE', #1120, .T. ) ;
#1314 = CARTESIAN_POINT ( 'NONE',  ( -6.749999999999892530, 5.599999999999996980, -11.69134295108998245 ) ) ;
#1315 = EDGE_LOOP ( 'NONE', ( #4861, #4685, #2392, #3499, #2308 ) ) ;
#1316 = EDGE_LOOP ( 'NONE', ( #475, #2156, #2728, #350 ) ) ;
#1317 = AXIS2_PLACEMENT_3D ( 'NONE', #740, #3562, #3955 ) ;
#1318 = EDGE_CURVE ( 'NONE', #1957, #2476, #2204, .T. ) ;
#1319 = DIRECTION ( 'NONE',  ( -0.8660254037844398178, -1.070011100398212282E-16, 0.4999999999999980571 ) ) ;
#1320 = CARTESIAN_POINT ( 'NONE',  ( 2.800000000000001155, 3.459518702364452194E-16, 14.61658075373095222 ) ) ;
#1321 = CARTESIAN_POINT ( 'NONE',  ( -11.25833024919758962, 3.599999999999998757, -9.733161507462032347 ) ) ;
#1322 = EDGE_CURVE ( 'NONE', #582, #457, #4944, .T. ) ;
#1323 = VECTOR ( 'NONE', #1501, 1000.000000000000114 ) ;
#1324 = EDGE_CURVE ( 'NONE', #2713, #2691, #4442, .T. ) ;
#1325 = ORIENTED_EDGE ( 'NONE', *, *, #4095, .T. ) ;
#1326 = EDGE_LOOP ( 'NONE', ( #4977, #2777, #4186, #614 ) ) ;
#1327 = CIRCLE ( 'NONE', #2412, 2.150000000000000799 ) ;
#1328 = DIRECTION ( 'NONE',  ( 1.000000000000000000, 1.235542393701589400E-16, 0.000000000000000000 ) ) ;
#1329 = PLANE ( 'NONE',  #4832 ) ;
#1330 = CARTESIAN_POINT ( 'NONE',  ( -3.545706005997450116, -12.38689838640490137, -13.54134295108995367 ) ) ;
#1331 = VERTEX_POINT ( 'NONE', #4252 ) ;
#1332 = CIRCLE ( 'NONE', #170, 3.700000000000000178 ) ;
#1333 = EDGE_LOOP ( 'NONE', ( #1990, #1560, #4074, #3125 ) ) ;
#1334 = DIRECTION ( 'NONE',  ( 1.000000000000000000, 1.235542393701589400E-16, 8.715250743307478842E-15 ) ) ;
#1335 = CIRCLE ( 'NONE', #3110, 17.19999999999999929 ) ;
#1336 = PLANE ( 'NONE',  #4453 ) ;
#1337 = DIRECTION ( 'NONE',  ( 0.000000000000000000, 0.000000000000000000, 1.000000000000000000 ) ) ;
#1338 = VECTOR ( 'NONE', #3921, 1000.000000000000000 ) ;
#1339 = DIRECTION ( 'NONE',  ( -8.715250743307478842E-15, -1.072357793034812923E-30, 1.000000000000000000 ) ) ;
#1340 = LINE ( 'NONE', #952, #3589 ) ;
#1341 = DIRECTION ( 'NONE',  ( 1.235542393701589400E-16, -1.000000000000000000, 0.000000000000000000 ) ) ;
#1342 = VECTOR ( 'NONE', #4369, 999.9999999999998863 ) ;
#1343 = FACE_OUTER_BOUND ( 'NONE', #4415, .T. ) ;
#1344 = VERTEX_POINT ( 'NONE', #3907 ) ;
#1345 = ORIENTED_EDGE ( 'NONE', *, *, #4324, .F. ) ;
#1346 = CARTESIAN_POINT ( 'NONE',  ( -11.90279970094675477, 5.599999999999998757, 12.41625383435525798 ) ) ;
#1347 = DIRECTION ( 'NONE',  ( 0.000000000000000000, 0.000000000000000000, 1.000000000000000000 ) ) ;
#1348 = FACE_BOUND ( 'NONE', #5144, .T. ) ;
#1349 = ORIENTED_EDGE ( 'NONE', *, *, #5129, .T. ) ;
#1350 = VERTEX_POINT ( 'NONE', #1420 ) ;
#1351 = ADVANCED_FACE ( 'NONE', ( #3031 ), #648, .F. ) ;
#1352 = PLANE ( 'NONE',  #1502 ) ;
#1353 = DIRECTION ( 'NONE',  ( 1.235542393701589400E-16, -1.000000000000000000, 0.000000000000000000 ) ) ;
#1354 = CARTESIAN_POINT ( 'NONE',  ( -11.25833024919766245, 3.599999999999998757, -3.266838492538225225 ) ) ;
#1355 = EDGE_CURVE ( 'NONE', #2899, #918, #2235, .T. ) ;
#1356 = ORIENTED_EDGE ( 'NONE', *, *, #2379, .T. ) ;
#1357 = EDGE_LOOP ( 'NONE', ( #3282, #2398, #4392, #4439 ) ) ;
#1358 = DIRECTION ( 'NONE',  ( 1.000000000000000000, 0.000000000000000000, 0.000000000000000000 ) ) ;
#1359 = DIRECTION ( 'NONE',  ( -1.000000000000000000, -1.172110456741086321E-16, 0.000000000000000000 ) ) ;
#1360 = LINE ( 'NONE', #2534, #4693 ) ;
#1361 = ORIENTED_EDGE ( 'NONE', *, *, #844, .T. ) ;
#1362 = CARTESIAN_POINT ( 'NONE',  ( -11.25833024919762870, 3.599999999999998757, -6.500000000000129674 ) ) ;
#1363 = CARTESIAN_POINT ( 'NONE',  ( 11.25833024919771574, 5.999999999999998224, -6.499999999999974243 ) ) ;
#1364 = DIRECTION ( 'NONE',  ( 1.000000000000000000, 1.606225440719261190E-16, 0.000000000000000000 ) ) ;
#1365 = DIRECTION ( 'NONE',  ( -0.000000000000000000, 1.000000000000000000, -0.000000000000000000 ) ) ;
#1366 = EDGE_LOOP ( 'NONE', ( #2745, #1345, #937, #4301 ) ) ;
#1367 = VERTEX_POINT ( 'NONE', #5113 ) ;
#1368 = AXIS2_PLACEMENT_3D ( 'NONE', #1975, #1158, #3088 ) ;
#1369 = VECTOR ( 'NONE', #3953, 1000.000000000000000 ) ;
#1370 = DIRECTION ( 'NONE',  ( -0.000000000000000000, 1.000000000000000000, -0.000000000000000000 ) ) ;
#1371 = FACE_OUTER_BOUND ( 'NONE', #4635, .T. ) ;
#1372 = CARTESIAN_POINT ( 'NONE',  ( -11.25833024919766245, 3.599999999999998757, -3.266838492538225225 ) ) ;
#1373 = CIRCLE ( 'NONE', #4333, 17.60000000000000853 ) ;
#1374 = ORIENTED_EDGE ( 'NONE', *, *, #3128, .F. ) ;
#1375 = VERTEX_POINT ( 'NONE', #3466 ) ;
#1376 = AXIS2_PLACEMENT_3D ( 'NONE', #2839, #2388, #4459 ) ;
#1377 = CARTESIAN_POINT ( 'NONE',  ( -11.55638953943280534, 5.600000000000000533, -12.61625383435542247 ) ) ;
#1378 = DIRECTION ( 'NONE',  ( -1.235542393701589400E-16, 1.000000000000000000, -0.000000000000000000 ) ) ;
#1379 = CARTESIAN_POINT ( 'NONE',  ( 2.097047245132582797E-15, -3.469446951953614189E-15, 0.000000000000000000 ) ) ;
#1380 = ORIENTED_EDGE ( 'NONE', *, *, #5129, .F. ) ;
#1381 = EDGE_CURVE ( 'NONE', #1841, #2250, #4612, .T. ) ;
#1382 = CIRCLE ( 'NONE', #3418, 2.700000000000001066 ) ;
#1383 = EDGE_CURVE ( 'NONE', #494, #3641, #63, .T. ) ;
#1384 = EDGE_LOOP ( 'NONE', ( #4371, #4071, #4948, #3393 ) ) ;
#1385 = ADVANCED_FACE ( 'NONE', ( #3272 ), #3191, .F. ) ;
#1386 = LINE ( 'NONE', #2674, #5152 ) ;
#1387 = LINE ( 'NONE', #2995, #505 ) ;
#1388 = CARTESIAN_POINT ( 'NONE',  ( 6.750000000000135891, 2.399999999999998579, -9.541342951089841762 ) ) ;
#1389 = ORIENTED_EDGE ( 'NONE', *, *, #4888, .F. ) ;
#1390 = ADVANCED_FACE ( 'NONE', ( #2040, #1154, #17, #3665, #796, #379, #5194, #4794 ), #1184, .F. ) ;
#1391 = CARTESIAN_POINT ( 'NONE',  ( 13.50000000000000000, 2.399999999999999467, 0.000000000000000000 ) ) ;
#1392 = CARTESIAN_POINT ( 'NONE',  ( 11.25833024919771574, 4.600000000000003197, -6.499999999999974243 ) ) ;
#1393 = CARTESIAN_POINT ( 'NONE',  ( 6.750000000000135891, 2.399999999999998579, -11.69134295108984212 ) ) ;
#1394 = AXIS2_PLACEMENT_3D ( 'NONE', #3547, #5145, #1139 ) ;
#1395 = DIRECTION ( 'NONE',  ( -1.000000000000000000, 0.000000000000000000, 0.000000000000000000 ) ) ;
#1396 = ORIENTED_EDGE ( 'NONE', *, *, #2573, .F. ) ;
#1397 = ORIENTED_EDGE ( 'NONE', *, *, #725, .T. ) ;
#1398 = VECTOR ( 'NONE', #3892, 1000.000000000000000 ) ;
#1399 = LINE ( 'NONE', #906, #1866 ) ;
#1400 = DIRECTION ( 'NONE',  ( -1.235542393701589400E-16, 1.000000000000000000, 0.000000000000000000 ) ) ;
#1401 = DIRECTION ( 'NONE',  ( 0.000000000000000000, 0.000000000000000000, 1.000000000000000000 ) ) ;
#1402 = ORIENTED_EDGE ( 'NONE', *, *, #3100, .F. ) ;
#1403 = ORIENTED_EDGE ( 'NONE', *, *, #3632, .F. ) ;
#1404 = AXIS2_PLACEMENT_3D ( 'NONE', #1002, #3024, #221 ) ;
#1405 = CARTESIAN_POINT ( 'NONE',  ( 13.50000000000000000, 2.399999999999999467, 3.700000000000000178 ) ) ;
#1406 = DIRECTION ( 'NONE',  ( 1.235542393701589400E-16, -1.000000000000000000, 0.000000000000000000 ) ) ;
#1407 = CARTESIAN_POINT ( 'NONE',  ( -17.09266065111357946, 5.599999999999996980, 4.195348837209303738 ) ) ;
#1408 = ORIENTED_EDGE ( 'NONE', *, *, #2464, .F. ) ;
#1409 = EDGE_CURVE ( 'NONE', #4513, #7, #2758, .T. ) ;
#1410 = ORIENTED_EDGE ( 'NONE', *, *, #1863, .F. ) ;
#1411 = AXIS2_PLACEMENT_3D ( 'NONE', #4545, #1400, #3009 ) ;
#1412 = LINE ( 'NONE', #3900, #4141 ) ;
#1413 = CARTESIAN_POINT ( 'NONE',  ( 4.801391389914261509, 2.399999999999997691, 16.51625383435532868 ) ) ;
#1414 = CARTESIAN_POINT ( 'NONE',  ( -6.750000000000055955, 2.399999999999996803, 11.69134295108989363 ) ) ;
#1415 = CIRCLE ( 'NONE', #4373, 3.700000000000000178 ) ;
#1416 = ORIENTED_EDGE ( 'NONE', *, *, #327, .T. ) ;
#1417 = EDGE_CURVE ( 'NONE', #1814, #4736, #2513, .T. ) ;
#1418 = CARTESIAN_POINT ( 'NONE',  ( 13.50000000000000178, -10.75174404457249544, 3.700000000000000178 ) ) ;
#1419 = AXIS2_PLACEMENT_3D ( 'NONE', #246, #3927, #4274 ) ;
#1420 = CARTESIAN_POINT ( 'NONE',  ( -12.17960899631744276, 2.399999999999996358, -12.70500392352649399 ) ) ;
#1421 = EDGE_CURVE ( 'NONE', #2199, #1274, #2384, .T. ) ;
#1422 = LINE ( 'NONE', #1471, #2001 ) ;
#1423 = DIRECTION ( 'NONE',  ( -1.235542393701589647E-16, 1.000000000000000000, -1.606719109387470606E-32 ) ) ;
#1424 = AXIS2_PLACEMENT_3D ( 'NONE', #2722, #712, #5080 ) ;
#1425 = ADVANCED_FACE ( 'NONE', ( #4014 ), #1993, .F. ) ;
#1426 = EDGE_LOOP ( 'NONE', ( #5035, #4208 ) ) ;
#1427 = ORIENTED_EDGE ( 'NONE', *, *, #2558, .T. ) ;
#1428 = CARTESIAN_POINT ( 'NONE',  ( 11.90279970094666595, 5.999999999999998224, 12.41625383435535035 ) ) ;
#1429 = VECTOR ( 'NONE', #4626, 1000.000000000000000 ) ;
#1430 = DIRECTION ( 'NONE',  ( -1.235542393701589400E-16, 1.000000000000000000, -0.000000000000000000 ) ) ;
#1431 = DIRECTION ( 'NONE',  ( 1.235542393701589400E-16, -1.000000000000000000, 0.000000000000000000 ) ) ;
#1432 = ORIENTED_EDGE ( 'NONE', *, *, #1765, .F. ) ;
#1433 = VERTEX_POINT ( 'NONE', #1648 ) ;
#1434 = FACE_OUTER_BOUND ( 'NONE', #385, .T. ) ;
#1435 = DIRECTION ( 'NONE',  ( 1.235542393701589400E-16, -1.000000000000000000, 0.000000000000000000 ) ) ;
#1436 = CARTESIAN_POINT ( 'NONE',  ( -2.800000000000001599, 3.599999999999999645, -11.38341924626904600 ) ) ;
#1437 = ORIENTED_EDGE ( 'NONE', *, *, #824, .T. ) ;
#1438 = EDGE_LOOP ( 'NONE', ( #35, #5009 ) ) ;
#1439 = DIRECTION ( 'NONE',  ( 1.000000000000000000, 1.126443815569355647E-16, 0.000000000000000000 ) ) ;
#1440 = CARTESIAN_POINT ( 'NONE',  ( -2.210901595197776700E-15, 5.999999999999996447, -11.30000000000000071 ) ) ;
#1441 = CARTESIAN_POINT ( 'NONE',  ( -14.05833024919777330, 3.599999999999998312, 8.116580753730824327 ) ) ;
#1442 = ORIENTED_EDGE ( 'NONE', *, *, #3236, .T. ) ;
#1443 = VECTOR ( 'NONE', #4204, 1000.000000000000114 ) ;
#1444 = CARTESIAN_POINT ( 'NONE',  ( -9.954293994002469503, -12.38689838640492624, 9.841342951089877999 ) ) ;
#1445 = CARTESIAN_POINT ( 'NONE',  ( -2.799999999999997602, -3.459518702364447756E-16, 11.38341924626904955 ) ) ;
#1446 = CARTESIAN_POINT ( 'NONE',  ( 9.954293994002537005, 2.399999999999997691, -9.841342951089805169 ) ) ;
#1447 = PRODUCT_DEFINITION ( 'UNKNOWN', '', #3732, #3293 ) ;
#1448 = DIRECTION ( 'NONE',  ( -1.000000000000000000, -1.070816960479510870E-16, 0.000000000000000000 ) ) ;
#1449 = ADVANCED_FACE ( 'NONE', ( #1601 ), #3219, .F. ) ;
#1450 = ORIENTED_EDGE ( 'NONE', *, *, #5038, .F. ) ;
#1451 = DIRECTION ( 'NONE',  ( -0.8660254037844405950, -1.070011100398213268E-16, 0.4999999999999965583 ) ) ;
#1452 = DIRECTION ( 'NONE',  ( 1.000000000000000000, 0.000000000000000000, 0.000000000000000000 ) ) ;
#1453 = EDGE_CURVE ( 'NONE', #4912, #3601, #1941, .T. ) ;
#1454 = CIRCLE ( 'NONE', #4410, 1.699999999999998401 ) ;
#1455 = VECTOR ( 'NONE', #4241, 999.9999999999998863 ) ;
#1456 = VERTEX_POINT ( 'NONE', #4767 ) ;
#1457 = ORIENTED_EDGE ( 'NONE', *, *, #111, .T. ) ;
#1458 = CONICAL_SURFACE ( 'NONE', #2124, 3.700000000000000178, 0.7853981633974482790 ) ;
#1459 = CARTESIAN_POINT ( 'NONE',  ( -11.25833024919779213, 3.599999999999998757, 9.733161507461801421 ) ) ;
#1460 = FACE_OUTER_BOUND ( 'NONE', #2373, .T. ) ;
#1461 = ORIENTED_EDGE ( 'NONE', *, *, #3264, .F. ) ;
#1462 = VERTEX_POINT ( 'NONE', #825 ) ;
#1463 = VECTOR ( 'NONE', #3372, 1000.000000000000000 ) ;
#1464 = CARTESIAN_POINT ( 'NONE',  ( 8.458330249197713258, 3.600000000000000977, -4.883419246269028235 ) ) ;
#1465 = CARTESIAN_POINT ( 'NONE',  ( -11.25833024919776193, 5.999999999999994671, 8.199999999999894484 ) ) ;
#1466 = CYLINDRICAL_SURFACE ( 'NONE', #3523, 3.700000000000000178 ) ;
#1467 = EDGE_LOOP ( 'NONE', ( #3924, #4386, #3076, #3711, #2448, #3392, #3766, #1325, #4639, #629, #5165, #425, #3957, #4598, #50, #2874 ) ) ;
#1468 = CIRCLE ( 'NONE', #2900, 4.099999999999997868 ) ;
#1469 = DIRECTION ( 'NONE',  ( -1.235542393701589400E-16, 1.000000000000000000, -0.000000000000000000 ) ) ;
#1470 = CARTESIAN_POINT ( 'NONE',  ( -2.002711639342726869E-15, 5.999999999999996447, -14.69999999999999751 ) ) ;
#1471 = CARTESIAN_POINT ( 'NONE',  ( -2.799999999999998046, 3.599999999999999645, 14.61658075373095222 ) ) ;
#1472 = LINE ( 'NONE', #3141, #3314 ) ;
#1473 = VERTEX_POINT ( 'NONE', #4035 ) ;
#1474 = VECTOR ( 'NONE', #1145, 1000.000000000000114 ) ;
#1475 = LINE ( 'NONE', #2740, #2616 ) ;
#1476 = CARTESIAN_POINT ( 'NONE',  ( 3.545706005997734334, 5.600000000000000533, -13.54134295108988084 ) ) ;
#1477 = CIRCLE ( 'NONE', #3429, 17.59999999999999787 ) ;
#1478 = ORIENTED_EDGE ( 'NONE', *, *, #2866, .F. ) ;
#1479 = EDGE_CURVE ( 'NONE', #83, #4175, #352, .T. ) ;
#1480 = ORIENTED_EDGE ( 'NONE', *, *, #2803, .F. ) ;
#1481 = EDGE_CURVE ( 'NONE', #229, #1571, #3566, .T. ) ;
#1482 = CARTESIAN_POINT ( 'NONE',  ( 14.05833024919766672, 3.600000000000001421, 8.116580753731012621 ) ) ;
#1483 = EDGE_CURVE ( 'NONE', #3919, #1915, #801, .T. ) ;
#1484 = DIRECTION ( 'NONE',  ( -1.000000000000000000, 0.000000000000000000, 0.000000000000000000 ) ) ;
#1485 = VERTEX_POINT ( 'NONE', #37 ) ;
#1486 = ORIENTED_EDGE ( 'NONE', *, *, #3707, .T. ) ;
#1487 = CIRCLE ( 'NONE', #2403, 0.4000000000000010214 ) ;
#1488 = FACE_OUTER_BOUND ( 'NONE', #391, .T. ) ;
#1489 = CARTESIAN_POINT ( 'NONE',  ( -17.10419109086099709, 5.599999999999996980, -4.100000000000000533 ) ) ;
#1490 = LINE ( 'NONE', #5109, #665 ) ;
#1491 = ORIENTED_EDGE ( 'NONE', *, *, #2079, .T. ) ;
#1492 = VECTOR ( 'NONE', #3118, 1000.000000000000000 ) ;
#1493 = CARTESIAN_POINT ( 'NONE',  ( -2.799999999999997158, -2.509207841742243088E-15, 14.61658075373095222 ) ) ;
#1494 = FACE_OUTER_BOUND ( 'NONE', #1304, .T. ) ;
#1495 = CONICAL_SURFACE ( 'NONE', #420, 3.700000000000000178, 0.7853981633974482790 ) ;
#1496 = LINE ( 'NONE', #3059, #5121 ) ;
#1497 = CARTESIAN_POINT ( 'NONE',  ( 5.147801551428266009, 2.399999999999997691, -16.31625383435525833 ) ) ;
#1498 = CIRCLE ( 'NONE', #1007, 0.4000000000000010214 ) ;
#1499 = ORIENTED_EDGE ( 'NONE', *, *, #3750, .T. ) ;
#1500 = DIRECTION ( 'NONE',  ( 1.235542393701589400E-16, -1.000000000000000000, 0.000000000000000000 ) ) ;
#1501 = DIRECTION ( 'NONE',  ( -0.6123724356957985782, 0.7071067811865464625, 0.3535533905932686238 ) ) ;
#1502 = AXIS2_PLACEMENT_3D ( 'NONE', #4915, #2909, #1772 ) ;
#1503 = CARTESIAN_POINT ( 'NONE',  ( -16.70419109086099141, -10.75174404457249544, 3.700000000000000178 ) ) ;
#1504 = EDGE_LOOP ( 'NONE', ( #2228, #215, #2987, #4272, #4578, #3612 ) ) ;
#1505 = ORIENTED_EDGE ( 'NONE', *, *, #1246, .F. ) ;
#1506 = AXIS2_PLACEMENT_3D ( 'NONE', #1220, #364, #1953 ) ;
#1507 = FACE_OUTER_BOUND ( 'NONE', #3706, .T. ) ;
#1508 = EDGE_CURVE ( 'NONE', #1957, #3983, #2979, .T. ) ;
#1509 = VECTOR ( 'NONE', #4742, 1000.000000000000000 ) ;
#1510 = DIRECTION ( 'NONE',  ( 0.8660254037844440367, 1.070011100398217459E-16, -0.4999999999999905631 ) ) ;
#1511 = ORIENTED_EDGE ( 'NONE', *, *, #3095, .F. ) ;
#1512 = ORIENTED_EDGE ( 'NONE', *, *, #875, .F. ) ;
#1513 = EDGE_CURVE ( 'NONE', #1639, #857, #4058, .T. ) ;
#1514 = CARTESIAN_POINT ( 'NONE',  ( 6.750000000000135891, 2.399999999999998579, -9.541342951089843538 ) ) ;
#1515 = DIRECTION ( 'NONE',  ( 0.8660254037844385966, 1.070011100398210926E-16, -0.4999999999999999445 ) ) ;
#1516 = EDGE_CURVE ( 'NONE', #1170, #3551, #895, .T. ) ;
#1517 = DIRECTION ( 'NONE',  ( 1.235542393701589400E-16, -1.000000000000000000, 0.000000000000000000 ) ) ;
#1518 = ORIENTED_EDGE ( 'NONE', *, *, #5006, .F. ) ;
#1519 = ORIENTED_EDGE ( 'NONE', *, *, #4743, .T. ) ;
#1520 = CARTESIAN_POINT ( 'NONE',  ( -8.458330249197610229, -1.045062560281217867E-15, -8.116580753731049924 ) ) ;
#1521 = DIRECTION ( 'NONE',  ( -0.000000000000000000, 1.000000000000000000, -0.000000000000000000 ) ) ;
#1522 = LINE ( 'NONE', #2706, #3192 ) ;
#1523 = FACE_OUTER_BOUND ( 'NONE', #3563, .T. ) ;
#1524 = CALENDAR_DATE ( 2026, 26, 2 ) ;
#1525 = ORIENTED_EDGE ( 'NONE', *, *, #27, .T. ) ;
#1526 = LINE ( 'NONE', #307, #2574 ) ;
#1527 = CARTESIAN_POINT ( 'NONE',  ( 16.70419109086099496, 16.97268548471243932, -4.100000000000000533 ) ) ;
#1528 = LINE ( 'NONE', #5204, #2889 ) ;
#1529 = VERTEX_POINT ( 'NONE', #2945 ) ;
#1530 = ORIENTED_EDGE ( 'NONE', *, *, #4169, .F. ) ;
#1531 = CARTESIAN_POINT ( 'NONE',  ( -17.09266065111357946, 16.97268548471243221, 4.195348837209303738 ) ) ;
#1532 = VECTOR ( 'NONE', #2656, 1000.000000000000000 ) ;
#1533 = CARTESIAN_POINT ( 'NONE',  ( -2.210901595197776700E-15, 3.600000000000000089, -13.00000000000000000 ) ) ;
#1534 = EDGE_LOOP ( 'NONE', ( #5073, #3607, #2111, #794, #2128, #998, #823, #185, #1091 ) ) ;
#1535 = ORIENTED_EDGE ( 'NONE', *, *, #1127, .F. ) ;
#1536 = AXIS2_PLACEMENT_3D ( 'NONE', #2895, #3697, #4002 ) ;
#1537 = CARTESIAN_POINT ( 'NONE',  ( 5.201391389914491015, 5.600000000000000533, -16.51625383435526118 ) ) ;
#1538 = LINE ( 'NONE', #2399, #3701 ) ;
#1539 = DIRECTION ( 'NONE',  ( 0.000000000000000000, 1.000000000000000000, 0.000000000000000000 ) ) ;
#1540 = ADVANCED_FACE ( 'NONE', ( #1307 ), #3767, .F. ) ;
#1541 = ADVANCED_FACE ( 'NONE', ( #2914, #3378 ), #112, .T. ) ;
#1542 = ORIENTED_EDGE ( 'NONE', *, *, #3978, .T. ) ;
#1543 = CIRCLE ( 'NONE', #2376, 7.699999999999997513 ) ;
#1544 = ORIENTED_EDGE ( 'NONE', *, *, #4013, .F. ) ;
#1546 = EDGE_CURVE ( 'NONE', #4317, #2130, #2882, .T. ) ;
#1545 = LINE ( 'NONE', #3959, #728 ) ;
#1547 = DIRECTION ( 'NONE',  ( 1.000000000000000000, 0.000000000000000000, 0.000000000000000000 ) ) ;
#1548 = CIRCLE ( 'NONE', #3835, 2.700000000000001066 ) ;
#1549 = DIRECTION ( 'NONE',  ( 1.235542393701589400E-16, -1.000000000000000000, 0.000000000000000000 ) ) ;
#1550 = LINE ( 'NONE', #3168, #5138 ) ;
#1551 = EDGE_CURVE ( 'NONE', #1901, #4513, #3241, .T. ) ;
#1552 = EDGE_CURVE ( 'NONE', #3905, #3120, #88, .T. ) ;
#1553 = DIRECTION ( 'NONE',  ( -1.235542393701589647E-16, 1.000000000000000000, -0.000000000000000000 ) ) ;
#1554 = ORIENTED_EDGE ( 'NONE', *, *, #4898, .F. ) ;
#1555 = CARTESIAN_POINT ( 'NONE',  ( 14.05833024919768270, 3.600000000000001421, 4.883419246269112612 ) ) ;
#1556 = DIRECTION ( 'NONE',  ( 1.235542393701589400E-16, -1.000000000000000000, 1.155557966632335354E-33 ) ) ;
#1557 = AXIS2_PLACEMENT_3D ( 'NONE', #2539, #172, #1757 ) ;
#1558 = CARTESIAN_POINT ( 'NONE',  ( 2.800000000000001155, 3.459518702364452194E-16, 11.38341924626904600 ) ) ;
#1559 = ORIENTED_EDGE ( 'NONE', *, *, #3128, .T. ) ;
#1560 = ORIENTED_EDGE ( 'NONE', *, *, #3456, .T. ) ;
#1561 = DIRECTION ( 'NONE',  ( -1.235542393701589400E-16, 1.000000000000000000, -0.000000000000000000 ) ) ;
#1562 = CARTESIAN_POINT ( 'NONE',  ( 1.355721808911629058E-15, 5.999999999999996447, 0.000000000000000000 ) ) ;
#1563 = EDGE_LOOP ( 'NONE', ( #836, #864, #3760, #1762 ) ) ;
#1564 = EDGE_LOOP ( 'NONE', ( #2018, #1299, #3154, #4831, #1589, #5155 ) ) ;
#1565 = LINE ( 'NONE', #345, #3857 ) ;
#1566 = DIRECTION ( 'NONE',  ( -0.000000000000000000, 1.000000000000000000, -0.000000000000000000 ) ) ;
#1567 = LINE ( 'NONE', #3267, #128 ) ;
#1568 = VECTOR ( 'NONE', #2751, 1000.000000000000000 ) ;
#1569 = EDGE_CURVE ( 'NONE', #99, #4982, #3326, .T. ) ;
#1570 = EDGE_LOOP ( 'NONE', ( #3092, #3012, #4187, #1761 ) ) ;
#1571 = VERTEX_POINT ( 'NONE', #3716 ) ;
#1572 = VECTOR ( 'NONE', #2117, 1000.000000000000000 ) ;
#1573 = LINE ( 'NONE', #3190, #3420 ) ;
#1574 = DIRECTION ( 'NONE',  ( 0.8660254037844405950, 1.070011100398213515E-16, -0.4999999999999965028 ) ) ;
#1575 = CARTESIAN_POINT ( 'NONE',  ( 6.750000000000136779, 2.399999999999997691, -11.69134295108984212 ) ) ;
#1576 = CARTESIAN_POINT ( 'NONE',  ( 16.70419109086099496, 5.600000000000002309, -4.100000000000000533 ) ) ;
#1577 = CARTESIAN_POINT ( 'NONE',  ( 14.05833024919768270, 3.600000000000001421, 4.883419246269112612 ) ) ;
#1578 = AXIS2_PLACEMENT_3D ( 'NONE', #5063, #3165, #2405 ) ;
#1579 = FACE_OUTER_BOUND ( 'NONE', #5019, .T. ) ;
#1580 = ADVANCED_FACE ( 'NONE', ( #4530 ), #921, .F. ) ;
#1581 = AXIS2_PLACEMENT_3D ( 'NONE', #3916, #3573, #654 ) ;
#1582 = ADVANCED_FACE ( 'NONE', ( #2062 ), #3194, .T. ) ;
#1583 = DIRECTION ( 'NONE',  ( 1.000000000000000000, 1.235542393701589400E-16, 0.000000000000000000 ) ) ;
#1584 = DIRECTION ( 'NONE',  ( -1.000000000000000000, -1.971276677246372012E-16, 0.000000000000000000 ) ) ;
#1585 = DIRECTION ( 'NONE',  ( 0.000000000000000000, -1.000000000000000000, 0.000000000000000000 ) ) ;
#1586 = ADVANCED_FACE ( 'NONE', ( #2857 ), #4115, .T. ) ;
#1587 = CONICAL_SURFACE ( 'NONE', #3619, 1.699999999999998401, 0.7853981633974489451 ) ;
#1588 = ORIENTED_EDGE ( 'NONE', *, *, #4924, .T. ) ;
#1589 = ORIENTED_EDGE ( 'NONE', *, *, #117, .F. ) ;
#1590 = VECTOR ( 'NONE', #4560, 1000.000000000000000 ) ;
#1591 = CARTESIAN_POINT ( 'NONE',  ( 17.59999999999999787, 16.97268548471243932, 2.155378366499341211E-15 ) ) ;
#1592 = DIRECTION ( 'NONE',  ( 1.000000000000000000, 1.606225440719265381E-16, 0.000000000000000000 ) ) ;
#1593 = ORIENTED_EDGE ( 'NONE', *, *, #731, .T. ) ;
#1594 = ORIENTED_EDGE ( 'NONE', *, *, #4479, .T. ) ;
#1595 = DIRECTION ( 'NONE',  ( 1.000000000000000000, 1.478457507934778886E-16, 0.000000000000000000 ) ) ;
#1596 = AXIS2_PLACEMENT_3D ( 'NONE', #3972, #3579, #5184 ) ;
#1597 = DIRECTION ( 'NONE',  ( 0.000000000000000000, 0.000000000000000000, 1.000000000000000000 ) ) ;
#1598 = CARTESIAN_POINT ( 'NONE',  ( 6.750000000000135891, 2.399999999999998579, -13.84134295108984425 ) ) ;
#1599 = EDGE_LOOP ( 'NONE', ( #138, #5191, #1213, #627, #704, #4082 ) ) ;
#1600 = ORIENTED_EDGE ( 'NONE', *, *, #2050, .T. ) ;
#1601 = FACE_OUTER_BOUND ( 'NONE', #1326, .T. ) ;
#1602 = CARTESIAN_POINT ( 'NONE',  ( 7.282507227558705044E-16, 5.999999999999996447, 13.00000000000000000 ) ) ;
#1603 = FACE_OUTER_BOUND ( 'NONE', #3964, .T. ) ;
#1604 = ORIENTED_EDGE ( 'NONE', *, *, #1860, .F. ) ;
#1605 = CARTESIAN_POINT ( 'NONE',  ( 3.050000000000136602, 2.399999999999997247, -11.69134295108984212 ) ) ;
#1606 = DIRECTION ( 'NONE',  ( -1.235542393701589400E-16, 1.000000000000000000, -0.000000000000000000 ) ) ;
#1607 = CARTESIAN_POINT ( 'NONE',  ( 4.801391389914261509, 5.600000000000000533, 16.51625383435532868 ) ) ;
#1608 = EDGE_CURVE ( 'NONE', #2899, #4049, #4136, .T. ) ;
#1609 = EDGE_CURVE ( 'NONE', #3358, #2756, #1010, .T. ) ;
#1610 = VERTEX_POINT ( 'NONE', #584 ) ;
#1611 = AXIS2_PLACEMENT_3D ( 'NONE', #4245, #3104, #3458 ) ;
#1612 = ORIENTED_EDGE ( 'NONE', *, *, #879, .T. ) ;
#1613 = EDGE_CURVE ( 'NONE', #4133, #1206, #1670, .T. ) ;
#1614 = CARTESIAN_POINT ( 'NONE',  ( 9.954293994002400225, 5.600000000000000533, 9.841342951089945501 ) ) ;
#1615 = ORIENTED_EDGE ( 'NONE', *, *, #1508, .T. ) ;
#1616 = VERTEX_POINT ( 'NONE', #1253 ) ;
#1617 = CARTESIAN_POINT ( 'NONE',  ( -8.458330249197610229, 3.599999999999999201, -8.116580753731049924 ) ) ;
#1618 = DIRECTION ( 'NONE',  ( -0.4999999999999980571, -6.177711968507923581E-17, -0.8660254037844398178 ) ) ;
#1619 = ORIENTED_EDGE ( 'NONE', *, *, #692, .F. ) ;
#1620 = ORIENTED_EDGE ( 'NONE', *, *, #4734, .T. ) ;
#1621 = LOCAL_TIME ( 21, 23, 33.00000000000000000, #1280 ) ;
#1622 = DIRECTION ( 'NONE',  ( -0.000000000000000000, 1.000000000000000000, -0.000000000000000000 ) ) ;
#1623 = CARTESIAN_POINT ( 'NONE',  ( -11.90279970094675654, 16.97268548471243577, 12.41625383435525798 ) ) ;
#1624 = CARTESIAN_POINT ( 'NONE',  ( 11.25833024919772285, 3.600000000000001421, -9.733161507461877804 ) ) ;
#1625 = VECTOR ( 'NONE', #4268, 1000.000000000000000 ) ;
#1626 = VECTOR ( 'NONE', #453, 999.9999999999998863 ) ;
#1627 = ORIENTED_EDGE ( 'NONE', *, *, #3435, .T. ) ;
#1628 = DIRECTION ( 'NONE',  ( 1.235542393701589400E-16, -1.000000000000000000, -0.000000000000000000 ) ) ;
#1629 = DIRECTION ( 'NONE',  ( -1.235542393701589400E-16, 1.000000000000000000, -0.000000000000000000 ) ) ;
#1630 = DIRECTION ( 'NONE',  ( -0.8660254037844432595, 0.000000000000000000, 0.4999999999999919509 ) ) ;
#1631 = EDGE_CURVE ( 'NONE', #123, #2992, #1716, .T. ) ;
#1632 = ORIENTED_EDGE ( 'NONE', *, *, #3777, .F. ) ;
#1633 = ORIENTED_EDGE ( 'NONE', *, *, #145, .T. ) ;
#1634 = AXIS2_PLACEMENT_3D ( 'NONE', #146, #4927, #199 ) ;
#1635 = PLANE ( 'NONE',  #2773 ) ;
#1636 = EDGE_CURVE ( 'NONE', #2575, #732, #3757, .T. ) ;
#1637 = ORIENTED_EDGE ( 'NONE', *, *, #2926, .T. ) ;
#1638 = AXIS2_PLACEMENT_3D ( 'NONE', #2320, #5159, #3614 ) ;
#1639 = VERTEX_POINT ( 'NONE', #4887 ) ;
#1640 = EDGE_CURVE ( 'NONE', #1240, #3454, #557, .T. ) ;
#1641 = ADVANCED_FACE ( 'NONE', ( #165 ), #819, .F. ) ;
#1642 = APPLICATION_CONTEXT ( 'configuration controlled 3d designs of mechanical parts and assemblies' ) ;
#1643 = DIRECTION ( 'NONE',  ( 1.235542393701589400E-16, -1.000000000000000000, -0.000000000000000000 ) ) ;
#1644 = FACE_OUTER_BOUND ( 'NONE', #8, .T. ) ;
#1645 = EDGE_CURVE ( 'NONE', #1350, #990, #2394, .T. ) ;
#1646 = VERTEX_POINT ( 'NONE', #5106 ) ;
#1647 = ORIENTED_EDGE ( 'NONE', *, *, #3652, .F. ) ;
#1648 = CARTESIAN_POINT ( 'NONE',  ( -6.749999999999892530, -9.107298248878237246E-15, -13.84134295108998458 ) ) ;
#1649 = DIRECTION ( 'NONE',  ( 0.000000000000000000, 0.000000000000000000, 1.000000000000000000 ) ) ;
#1650 = DIRECTION ( 'NONE',  ( 1.000000000000000000, 0.000000000000000000, 0.000000000000000000 ) ) ;
#1651 = CARTESIAN_POINT ( 'NONE',  ( 6.750000000000138556, -12.38689838640493690, -11.69134295108984212 ) ) ;
#1652 = CARTESIAN_POINT ( 'NONE',  ( -2.799999999999998046, 3.599999999999999645, 11.38341924626904955 ) ) ;
#1653 = CIRCLE ( 'NONE', #413, 17.60000000000000853 ) ;
#1654 = CARTESIAN_POINT ( 'NONE',  ( -8.458330249197645756, 3.599999999999999201, -4.883419246269145475 ) ) ;
#1655 = FACE_OUTER_BOUND ( 'NONE', #4758, .T. ) ;
#1656 = ORIENTED_EDGE ( 'NONE', *, *, #3137, .F. ) ;
#1657 = ORIENTED_EDGE ( 'NONE', *, *, #2342, .T. ) ;
#1658 = AXIS2_PLACEMENT_3D ( 'NONE', #3468, #3139, #353 ) ;
#1659 = FACE_OUTER_BOUND ( 'NONE', #4234, .T. ) ;
#1660 = ORIENTED_EDGE ( 'NONE', *, *, #1928, .T. ) ;
#1661 = VERTEX_POINT ( 'NONE', #4636 ) ;
#1662 = AXIS2_PLACEMENT_3D ( 'NONE', #4795, #2760, #4382 ) ;
#1663 = DIRECTION ( 'NONE',  ( -0.000000000000000000, 1.000000000000000000, -0.000000000000000000 ) ) ;
#1664 = DIRECTION ( 'NONE',  ( 1.235542393701589400E-16, -1.000000000000000000, 3.697785493223492838E-32 ) ) ;
#1665 = ORIENTED_EDGE ( 'NONE', *, *, #759, .T. ) ;
#1666 = EDGE_CURVE ( 'NONE', #3905, #4805, #1828, .T. ) ;
#1667 = ORIENTED_EDGE ( 'NONE', *, *, #249, .F. ) ;
#1668 = AXIS2_PLACEMENT_3D ( 'NONE', #3098, #5053, #3477 ) ;
#1669 = EDGE_CURVE ( 'NONE', #4068, #4133, #1029, .T. ) ;
#1670 = LINE ( 'NONE', #4475, #3673 ) ;
#1671 = LINE ( 'NONE', #4663, #1836 ) ;
#1672 = DIRECTION ( 'NONE',  ( 0.000000000000000000, 0.000000000000000000, 1.000000000000000000 ) ) ;
#1673 = CARTESIAN_POINT ( 'NONE',  ( -6.749999999999892530, 5.599999999999996980, -11.69134295108998245 ) ) ;
#1674 = DIRECTION ( 'NONE',  ( -1.235542393701589400E-16, 1.000000000000000000, -0.000000000000000000 ) ) ;
#1675 = FACE_OUTER_BOUND ( 'NONE', #795, .T. ) ;
#1676 = DIRECTION ( 'NONE',  ( -1.235542393701589400E-16, 1.000000000000000000, -0.000000000000000000 ) ) ;
#1677 = DIRECTION ( 'NONE',  ( -0.000000000000000000, 1.000000000000000000, -0.000000000000000000 ) ) ;
#1678 = EDGE_LOOP ( 'NONE', ( #758, #4396, #1442, #2517, #1480 ) ) ;
#1679 = ORIENTED_EDGE ( 'NONE', *, *, #978, .T. ) ;
#1680 = DIRECTION ( 'NONE',  ( 1.235542393701589400E-16, -1.000000000000000000, 3.697785493223492838E-32 ) ) ;
#1681 = FACE_BOUND ( 'NONE', #3849, .T. ) ;
#1682 = VECTOR ( 'NONE', #3985, 1000.000000000000114 ) ;
#1683 = ORIENTED_EDGE ( 'NONE', *, *, #4679, .T. ) ;
#1684 = ORIENTED_EDGE ( 'NONE', *, *, #3617, .T. ) ;
#1685 = DIRECTION ( 'NONE',  ( -1.000000000000000000, 0.000000000000000000, 0.000000000000000000 ) ) ;
#1686 = LINE ( 'NONE', #4916, #222 ) ;
#1687 = CARTESIAN_POINT ( 'NONE',  ( -11.25833024919776193, 4.600000000000006750, 6.499999999999895195 ) ) ;
#1688 = ORIENTED_EDGE ( 'NONE', *, *, #1133, .F. ) ;
#1689 = VERTEX_POINT ( 'NONE', #2617 ) ;
#1690 = CARTESIAN_POINT ( 'NONE',  ( -4.447952617325721643E-16, 3.600000000000000089, 0.000000000000000000 ) ) ;
#1691 = DIRECTION ( 'NONE',  ( -0.8660254037844342667, 0.000000000000000000, -0.5000000000000075495 ) ) ;
#1692 = DIRECTION ( 'NONE',  ( 1.000000000000000000, 0.000000000000000000, 0.000000000000000000 ) ) ;
#1693 = CIRCLE ( 'NONE', #2536, 8.099999999999997868 ) ;
#1694 = EDGE_CURVE ( 'NONE', #2603, #5104, #1270, .T. ) ;
#1695 = FACE_OUTER_BOUND ( 'NONE', #1742, .T. ) ;
#1696 = DIRECTION ( 'NONE',  ( 1.000000000000000000, 2.115516434118057955E-16, 0.000000000000000000 ) ) ;
#1697 = EDGE_CURVE ( 'NONE', #272, #4314, #1412, .T. ) ;
#1698 = CARTESIAN_POINT ( 'NONE',  ( -6.749999999999892530, 5.599999999999996980, -7.991342951089983160 ) ) ;
#1699 = EDGE_CURVE ( 'NONE', #3340, #969, #1386, .T. ) ;
#1700 = CARTESIAN_POINT ( 'NONE',  ( 1.454565200407755461E-15, 5.200000000000001066, 0.000000000000000000 ) ) ;
#1701 = CARTESIAN_POINT ( 'NONE',  ( -13.50000000000000000, 2.399999999999995914, 0.000000000000000000 ) ) ;
#1702 = ORIENTED_EDGE ( 'NONE', *, *, #3913, .T. ) ;
#1703 = VECTOR ( 'NONE', #2791, 1000.000000000000114 ) ;
#1704 = ORIENTED_EDGE ( 'NONE', *, *, #5002, .F. ) ;
#1705 = CARTESIAN_POINT ( 'NONE',  ( -14.05833024919764540, 3.599999999999998312, -4.883419246269209424 ) ) ;
#1706 = VECTOR ( 'NONE', #2480, 1000.000000000000000 ) ;
#1707 = DIRECTION ( 'NONE',  ( 0.8660254037844390407, 1.070011100398211296E-16, 0.4999999999999993339 ) ) ;
#1708 = CIRCLE ( 'NONE', #4906, 0.4000000000000010214 ) ;
#1709 = CARTESIAN_POINT ( 'NONE',  ( 1.355721808911629058E-15, 5.999999999999996447, 0.000000000000000000 ) ) ;
#1710 = VERTEX_POINT ( 'NONE', #2648 ) ;
#1711 = VECTOR ( 'NONE', #2281, 1000.000000000000000 ) ;
#1712 = ORIENTED_EDGE ( 'NONE', *, *, #3882, .F. ) ;
#1713 = LINE ( 'NONE', #3342, #3541 ) ;
#1714 = LINE ( 'NONE', #3790, #4751 ) ;
#1715 = LINE ( 'NONE', #526, #382 ) ;
#1716 = CIRCLE ( 'NONE', #3080, 2.150000000000000799 ) ;
#1717 = ORIENTED_EDGE ( 'NONE', *, *, #2573, .T. ) ;
#1718 = VERTEX_POINT ( 'NONE', #3926 ) ;
#1719 = CARTESIAN_POINT ( 'NONE',  ( -6.750000000000055955, 2.399999999999996803, 11.69134295108989363 ) ) ;
#1720 = CARTESIAN_POINT ( 'NONE',  ( 3.049999999999972289, 5.600000000000000533, 11.69134295108993804 ) ) ;
#1721 = ADVANCED_FACE ( 'NONE', ( #1488 ), #3481, .T. ) ;
#1722 = DIRECTION ( 'NONE',  ( 0.000000000000000000, 0.000000000000000000, 1.000000000000000000 ) ) ;
#1723 = ORIENTED_EDGE ( 'NONE', *, *, #2639, .F. ) ;
#1724 = LINE ( 'NONE', #3000, #1295 ) ;
#1725 = DIRECTION ( 'NONE',  ( -1.235542393701589400E-16, 1.000000000000000000, 0.000000000000000000 ) ) ;
#1726 = CARTESIAN_POINT ( 'NONE',  ( -2.210901595197776700E-15, 5.999999999999996447, -11.30000000000000071 ) ) ;
#1727 = EDGE_CURVE ( 'NONE', #1098, #2959, #3851, .T. ) ;
#1728 = DIRECTION ( 'NONE',  ( -0.000000000000000000, 1.000000000000000000, -0.000000000000000000 ) ) ;
#1729 = CYLINDRICAL_SURFACE ( 'NONE', #284, 0.4000000000000010214 ) ;
#1730 = AXIS2_PLACEMENT_3D ( 'NONE', #260, #3519, #3445 ) ;
#1731 = ORIENTED_EDGE ( 'NONE', *, *, #2826, .F. ) ;
#1732 = ADVANCED_FACE ( 'NONE', ( #1101 ), #245, .F. ) ;
#1733 = EDGE_CURVE ( 'NONE', #2141, #4842, #2432, .T. ) ;
#1734 = ORIENTED_EDGE ( 'NONE', *, *, #3999, .F. ) ;
#1735 = CIRCLE ( 'NONE', #1235, 2.150000000000000799 ) ;
#1736 = DIRECTION ( 'NONE',  ( -1.235542393701589400E-16, 1.000000000000000000, -1.155557966632335354E-33 ) ) ;
#1737 = CARTESIAN_POINT ( 'NONE',  ( 3.049999999999975397, -12.38689838640490848, 11.69134295108993804 ) ) ;
#1738 = EDGE_CURVE ( 'NONE', #515, #733, #1055, .T. ) ;
#1739 = DIRECTION ( 'NONE',  ( 1.235542393701589400E-16, -1.000000000000000000, 0.000000000000000000 ) ) ;
#1740 = VECTOR ( 'NONE', #874, 1000.000000000000000 ) ;
#1741 = ORIENTED_EDGE ( 'NONE', *, *, #567, .F. ) ;
#1742 = EDGE_LOOP ( 'NONE', ( #193, #4180, #2913, #4724 ) ) ;
#1743 = AXIS2_PLACEMENT_3D ( 'NONE', #4280, #5064, #1859 ) ;
#1744 = CARTESIAN_POINT ( 'NONE',  ( -2.210901595197776700E-15, 5.999999999999996447, -13.00000000000000000 ) ) ;
#1745 = LINE ( 'NONE', #4576, #1463 ) ;
#1746 = FACE_OUTER_BOUND ( 'NONE', #3658, .T. ) ;
#1747 = VERTEX_POINT ( 'NONE', #3507 ) ;
#1748 = VECTOR ( 'NONE', #4454, 1000.000000000000114 ) ;
#1749 = VERTEX_POINT ( 'NONE', #611 ) ;
#1750 = CARTESIAN_POINT ( 'NONE',  ( 1.454565200407755461E-15, 5.200000000000001066, 0.000000000000000000 ) ) ;
#1751 = VECTOR ( 'NONE', #347, 1000.000000000000114 ) ;
#1752 = DIRECTION ( 'NONE',  ( -1.235542393701589400E-16, 1.000000000000000000, -0.000000000000000000 ) ) ;
#1753 = DIRECTION ( 'NONE',  ( -1.000000000000000000, -1.232047923278981706E-16, 0.000000000000000000 ) ) ;
#1754 = EDGE_LOOP ( 'NONE', ( #1152, #2035, #2749, #4474 ) ) ;
#1755 = VECTOR ( 'NONE', #813, 1000.000000000000000 ) ;
#1756 = DIRECTION ( 'NONE',  ( 1.235542393701589400E-16, -1.000000000000000000, 0.000000000000000000 ) ) ;
#1757 = DIRECTION ( 'NONE',  ( 0.000000000000000000, 0.000000000000000000, 1.000000000000000000 ) ) ;
#1758 = DIRECTION ( 'NONE',  ( -1.235542393701589400E-16, 1.000000000000000000, -0.000000000000000000 ) ) ;
#1759 = VECTOR ( 'NONE', #4040, 1000.000000000000000 ) ;
#1760 = LINE ( 'NONE', #1839, #710 ) ;
#1761 = ORIENTED_EDGE ( 'NONE', *, *, #4646, .F. ) ;
#1762 = ORIENTED_EDGE ( 'NONE', *, *, #4356, .F. ) ;
#1763 = CARTESIAN_POINT ( 'NONE',  ( 13.50000000000000000, 2.399999999999999467, 3.700000000000000178 ) ) ;
#1764 = LINE ( 'NONE', #3390, #3188 ) ;
#1765 = EDGE_CURVE ( 'NONE', #4572, #4348, #4686, .T. ) ;
#1766 = DIRECTION ( 'NONE',  ( 1.000000000000000000, 2.115516434118058448E-16, 0.000000000000000000 ) ) ;
#1767 = EDGE_CURVE ( 'NONE', #1820, #4049, #689, .T. ) ;
#1768 = ORIENTED_EDGE ( 'NONE', *, *, #183, .T. ) ;
#1769 = EDGE_CURVE ( 'NONE', #2227, #1331, #711, .T. ) ;
#1770 = ORIENTED_EDGE ( 'NONE', *, *, #4552, .F. ) ;
#1771 = EDGE_CURVE ( 'NONE', #2691, #2713, #3253, .T. ) ;
#1772 = DIRECTION ( 'NONE',  ( -1.000000000000000000, -1.235542393701589400E-16, 0.000000000000000000 ) ) ;
#1773 = DIRECTION ( 'NONE',  ( 0.000000000000000000, 0.000000000000000000, 1.000000000000000000 ) ) ;
#1774 = LINE ( 'NONE', #5054, #3493 ) ;
#1775 = EDGE_LOOP ( 'NONE', ( #3181, #3281, #2810, #1717 ) ) ;
#1776 = ORIENTED_EDGE ( 'NONE', *, *, #1513, .F. ) ;
#1777 = DIRECTION ( 'NONE',  ( 1.235542393701589400E-16, -1.000000000000000000, -6.162975822039156098E-33 ) ) ;
#1778 = DIRECTION ( 'NONE',  ( -1.235542393701589400E-16, 1.000000000000000000, -3.697785493223492838E-32 ) ) ;
#1779 = CARTESIAN_POINT ( 'NONE',  ( -11.25833024919779213, -1.391014430517684928E-15, 9.733161507461801421 ) ) ;
#1780 = ORIENTED_EDGE ( 'NONE', *, *, #692, .T. ) ;
#1781 = DIRECTION ( 'NONE',  ( 0.000000000000000000, 0.000000000000000000, 1.000000000000000000 ) ) ;
#1782 = DIRECTION ( 'NONE',  ( -1.235542393701589400E-16, 1.000000000000000000, -0.000000000000000000 ) ) ;
#1783 = DIRECTION ( 'NONE',  ( 0.000000000000000000, 0.000000000000000000, 1.000000000000000000 ) ) ;
#1784 = DIRECTION ( 'NONE',  ( -1.235542393701589400E-16, 1.000000000000000000, 0.000000000000000000 ) ) ;
#1785 = EDGE_LOOP ( 'NONE', ( #390, #5123, #2934, #2381 ) ) ;
#1786 = ORIENTED_EDGE ( 'NONE', *, *, #2179, .T. ) ;
#1787 = CARTESIAN_POINT ( 'NONE',  ( 4.913051654796226408, 5.600000000000000533, -16.90035276073562187 ) ) ;
#1788 = CARTESIAN_POINT ( 'NONE',  ( 16.70419109086099496, 5.600000000000004086, 3.700000000000000178 ) ) ;
#1789 = PLANE ( 'NONE',  #2851 ) ;
#1790 = ADVANCED_FACE ( 'NONE', ( #1853 ), #1000, .F. ) ;
#1791 = VECTOR ( 'NONE', #2085, 1000.000000000000000 ) ;
#1792 = EDGE_LOOP ( 'NONE', ( #3642, #2340, #1647, #1723 ) ) ;
#1793 = EDGE_LOOP ( 'NONE', ( #4338, #860, #2338, #62 ) ) ;
#1794 = VECTOR ( 'NONE', #4389, 1000.000000000000114 ) ;
#1795 = CYLINDRICAL_SURFACE ( 'NONE', #2265, 1.699999999999998401 ) ;
#1796 = ADVANCED_FACE ( 'NONE', ( #5031 ), #790, .T. ) ;
#1797 = LINE ( 'NONE', #4495, #2129 ) ;
#1798 = DIRECTION ( 'NONE',  ( -0.000000000000000000, 1.000000000000000000, -0.000000000000000000 ) ) ;
#1799 = ORIENTED_EDGE ( 'NONE', *, *, #4366, .F. ) ;
#1800 = CIRCLE ( 'NONE', #4754, 0.3999999999999993006 ) ;
#1801 = ORIENTED_EDGE ( 'NONE', *, *, #207, .F. ) ;
#1802 = EDGE_CURVE ( 'NONE', #2727, #494, #2872, .T. ) ;
#1803 = EDGE_CURVE ( 'NONE', #2433, #3162, #2721, .T. ) ;
#1804 = DIRECTION ( 'NONE',  ( 0.8660254037844390407, 0.000000000000000000, 0.4999999999999993339 ) ) ;
#1805 = DIRECTION ( 'NONE',  ( 1.235542393701589400E-16, -1.000000000000000000, 1.232595164407830946E-32 ) ) ;
#1806 = EDGE_CURVE ( 'NONE', #2756, #4175, #5133, .T. ) ;
#1807 = DIRECTION ( 'NONE',  ( 1.235542393701589400E-16, -1.000000000000000000, 0.000000000000000000 ) ) ;
#1808 = EDGE_LOOP ( 'NONE', ( #3634, #4378, #1799, #4689 ) ) ;
#1809 = DIRECTION ( 'NONE',  ( 0.000000000000000000, 0.000000000000000000, 1.000000000000000000 ) ) ;
#1810 = CARTESIAN_POINT ( 'NONE',  ( 14.05833024919771646, 3.600000000000001421, -8.116580753730922027 ) ) ;
#1811 = CARTESIAN_POINT ( 'NONE',  ( -6.750000000000055955, 5.599999999999996980, 11.69134295108989363 ) ) ;
#1812 = DIRECTION ( 'NONE',  ( -1.000000000000000000, -1.172110456741085828E-16, 0.000000000000000000 ) ) ;
#1813 = VERTEX_POINT ( 'NONE', #2377 ) ;
#1814 = VERTEX_POINT ( 'NONE', #2903 ) ;
#1815 = VECTOR ( 'NONE', #1916, 1000.000000000000000 ) ;
#1816 = PLANE ( 'NONE',  #2521 ) ;
#1817 = CARTESIAN_POINT ( 'NONE',  ( 12.17960899631769855, 5.600000000000000533, -12.70500392352623464 ) ) ;
#1818 = DIRECTION ( 'NONE',  ( 1.235542393701589400E-16, -1.000000000000000000, -0.000000000000000000 ) ) ;
#1819 = VERTEX_POINT ( 'NONE', #4517 ) ;
#1820 = VERTEX_POINT ( 'NONE', #882 ) ;
#1821 = VECTOR ( 'NONE', #1080, 1000.000000000000114 ) ;
#1822 = CYLINDRICAL_SURFACE ( 'NONE', #3464, 3.700000000000000178 ) ;
#1823 = CARTESIAN_POINT ( 'NONE',  ( 13.50000000000000000, 5.600000000000000533, 0.000000000000000000 ) ) ;
#1824 = CARTESIAN_POINT ( 'NONE',  ( 12.17960899631770744, 2.399999999999999023, -12.70500392352623997 ) ) ;
#1825 = VERTEX_POINT ( 'NONE', #4375 ) ;
#1826 = EDGE_LOOP ( 'NONE', ( #1087, #248, #1402, #2073 ) ) ;
#1827 = VECTOR ( 'NONE', #1556, 1000.000000000000000 ) ;
#1828 = LINE ( 'NONE', #666, #4816 ) ;
#1829 = DIRECTION ( 'NONE',  ( 0.000000000000000000, -1.000000000000000000, 0.000000000000000000 ) ) ;
#1830 = CYLINDRICAL_SURFACE ( 'NONE', #2067, 1.699999999999998401 ) ;
#1831 = ADVANCED_FACE ( 'NONE', ( #4124 ), #5167, .T. ) ;
#1832 = EDGE_CURVE ( 'NONE', #733, #2315, #3979, .T. ) ;
#1833 = ORIENTED_EDGE ( 'NONE', *, *, #4735, .F. ) ;
#1835 = EDGE_CURVE ( 'NONE', #3457, #2130, #2490, .T. ) ;
#1834 = DIRECTION ( 'NONE',  ( 0.8660254037844342667, 1.070011100398205379E-16, 0.5000000000000075495 ) ) ;
#1836 = VECTOR ( 'NONE', #5032, 1000.000000000000000 ) ;
#1837 = DIRECTION ( 'NONE',  ( 1.235542393701589400E-16, -1.000000000000000000, -0.000000000000000000 ) ) ;
#1838 = DIRECTION ( 'NONE',  ( 1.235542393701589400E-16, -1.000000000000000000, 0.000000000000000000 ) ) ;
#1839 = CARTESIAN_POINT ( 'NONE',  ( 13.50000000000000000, 2.399999999999999467, 2.150000000000000799 ) ) ;
#1840 = AXIS2_PLACEMENT_3D ( 'NONE', #2350, #1566, #3954 ) ;
#1841 = VERTEX_POINT ( 'NONE', #4007 ) ;
#1842 = EDGE_LOOP ( 'NONE', ( #570, #2638, #2657, #4379 ) ) ;
#1843 = DIRECTION ( 'NONE',  ( 0.5000000000000041078, 6.177711968507997537E-17, -0.8660254037844363761 ) ) ;
#1844 = AXIS2_PLACEMENT_3D ( 'NONE', #3074, #3871, #633 ) ;
#1845 = CARTESIAN_POINT ( 'NONE',  ( -9.954293994002471280, 5.599999999999996980, 9.841342951089877999 ) ) ;
#1846 = ORIENTED_EDGE ( 'NONE', *, *, #2089, .F. ) ;
#1847 = EDGE_LOOP ( 'NONE', ( #4450, #2039 ) ) ;
#1848 = CARTESIAN_POINT ( 'NONE',  ( 2.800000000000000711, 3.600000000000000533, 14.61658075373095222 ) ) ;
#1849 = DIRECTION ( 'NONE',  ( 0.000000000000000000, 0.000000000000000000, -1.000000000000000000 ) ) ;
#1850 = LINE ( 'NONE', #3478, #3825 ) ;
#1851 = VERTEX_POINT ( 'NONE', #2779 ) ;
#1852 = ORIENTED_EDGE ( 'NONE', *, *, #1318, .F. ) ;
#1853 = FACE_OUTER_BOUND ( 'NONE', #904, .T. ) ;
#1854 = DIRECTION ( 'NONE',  ( 1.235542393701589400E-16, -1.000000000000000000, -0.000000000000000000 ) ) ;
#1855 = DIRECTION ( 'NONE',  ( 0.000000000000000000, 0.000000000000000000, -1.000000000000000000 ) ) ;
#1856 = ORIENTED_EDGE ( 'NONE', *, *, #3266, .T. ) ;
#1857 = CARTESIAN_POINT ( 'NONE',  ( -1.145832113344077952E-15, 3.600000000000000089, -9.766838492538095551 ) ) ;
#1858 = DIRECTION ( 'NONE',  ( -1.000000000000000000, -1.232047923278981706E-16, -8.881784197001252323E-16 ) ) ;
#1859 = DIRECTION ( 'NONE',  ( -1.171285290979539992E-14, 0.000000000000000000, 1.000000000000000000 ) ) ;
#1860 = EDGE_CURVE ( 'NONE', #2845, #4542, #1565, .T. ) ;
#1861 = ORIENTED_EDGE ( 'NONE', *, *, #3561, .F. ) ;
#1862 = EDGE_CURVE ( 'NONE', #1710, #4093, #3184, .T. ) ;
#1863 = EDGE_CURVE ( 'NONE', #2397, #1221, #3394, .T. ) ;
#1864 = CARTESIAN_POINT ( 'NONE',  ( -14.05833024919764540, -1.736966300754111954E-15, -4.883419246269209424 ) ) ;
#1865 = FACE_OUTER_BOUND ( 'NONE', #4728, .T. ) ;
#1866 = VECTOR ( 'NONE', #1736, 1000.000000000000000 ) ;
#1867 = CIRCLE ( 'NONE', #42, 2.700000000000000622 ) ;
#1868 = CC_DESIGN_APPROVAL ( #3025, ( #2972 ) ) ;
#1869 = VERTEX_POINT ( 'NONE', #4094 ) ;
#1870 = VERTEX_POINT ( 'NONE', #489 ) ;
#1871 = VECTOR ( 'NONE', #474, 1000.000000000000000 ) ;
#1872 = DIRECTION ( 'NONE',  ( -1.235542393701589400E-16, 1.000000000000000000, -0.000000000000000000 ) ) ;
#1873 = DIRECTION ( 'NONE',  ( -1.235542393701589400E-16, 1.000000000000000000, 0.000000000000000000 ) ) ;
#1874 = ORIENTED_EDGE ( 'NONE', *, *, #251, .T. ) ;
#1875 = ORIENTED_EDGE ( 'NONE', *, *, #4011, .T. ) ;
#1876 = CONICAL_SURFACE ( 'NONE', #884, 0.3999999999999975797, 0.7853981633974483900 ) ;
#1877 = CARTESIAN_POINT ( 'NONE',  ( -2.800000000000001599, 3.599999999999999645, -14.61658075373095222 ) ) ;
#1878 = CARTESIAN_POINT ( 'NONE',  ( 11.25833024919765890, -7.722415409881298524E-16, 9.733161507461954187 ) ) ;
#1879 = AXIS2_PLACEMENT_3D ( 'NONE', #1061, #4690, #2622 ) ;
#1880 = LINE ( 'NONE', #5081, #3444 ) ;
#1881 = VERTEX_POINT ( 'NONE', #4345 ) ;
#1882 = FACE_OUTER_BOUND ( 'NONE', #1936, .T. ) ;
#1883 = DIRECTION ( 'NONE',  ( -0.000000000000000000, 1.000000000000000000, -3.697785493223492838E-32 ) ) ;
#1884 = CARTESIAN_POINT ( 'NONE',  ( -14.05833024919764540, -1.736966300754111954E-15, -4.883419246269209424 ) ) ;
#1885 = MECHANICAL_CONTEXT ( 'NONE', #3646, 'mechanical' ) ;
#1886 = VECTOR ( 'NONE', #1680, 1000.000000000000000 ) ;
#1887 = EDGE_LOOP ( 'NONE', ( #4843, #1525, #1600, #4881, #1004, #4465 ) ) ;
#1888 = EDGE_CURVE ( 'NONE', #4903, #1718, #1986, .T. ) ;
#1889 = DIRECTION ( 'NONE',  ( 1.000000000000000000, 1.606225440719265381E-16, 0.000000000000000000 ) ) ;
#1890 = CARTESIAN_POINT ( 'NONE',  ( -2.002711639342726869E-15, 4.600000000000000533, -14.69999999999999751 ) ) ;
#1891 = CARTESIAN_POINT ( 'NONE',  ( 3.545706005997545596, 5.600000000000000533, 13.54134295108993058 ) ) ;
#1892 = EDGE_CURVE ( 'NONE', #2848, #494, #4786, .T. ) ;
#1893 = AXIS2_PLACEMENT_3D ( 'NONE', #412, #2435, #5178 ) ;
#1894 = ORIENTED_EDGE ( 'NONE', *, *, #1044, .F. ) ;
#1895 = ORIENTED_EDGE ( 'NONE', *, *, #4866, .F. ) ;
#1896 = EDGE_CURVE ( 'NONE', #306, #5186, #2349, .T. ) ;
#1897 = CIRCLE ( 'NONE', #3262, 17.19999999999999929 ) ;
#1898 = LINE ( 'NONE', #5127, #180 ) ;
#1899 = CARTESIAN_POINT ( 'NONE',  ( 8.458330249197681283, 1.045062560281226347E-15, 4.883419246269086855 ) ) ;
#1900 = ORIENTED_EDGE ( 'NONE', *, *, #1952, .F. ) ;
#1901 = VERTEX_POINT ( 'NONE', #3214 ) ;
#1902 = CONICAL_SURFACE ( 'NONE', #747, 0.3999999999999975797, 0.7853981633974482790 ) ;
#1903 = CARTESIAN_POINT ( 'NONE',  ( 14.05833024919768270, 3.600000000000001421, 4.883419246269112612 ) ) ;
#1904 = CARTESIAN_POINT ( 'NONE',  ( -6.750000000000055955, 2.399999999999996803, 9.541342951089891500 ) ) ;
#1905 = DIRECTION ( 'NONE',  ( -0.5000000000000039968, -6.177711968507997537E-17, 0.8660254037844363761 ) ) ;
#1906 = ORIENTED_EDGE ( 'NONE', *, *, #4611, .F. ) ;
#1907 = VECTOR ( 'NONE', #2689, 1000.000000000000000 ) ;
#1908 = FACE_OUTER_BOUND ( 'NONE', #4779, .T. ) ;
#1909 = CARTESIAN_POINT ( 'NONE',  ( -2.800000000000001599, 3.599999999999999645, -14.61658075373095222 ) ) ;
#1910 = VECTOR ( 'NONE', #1110, 1000.000000000000000 ) ;
#1911 = DIRECTION ( 'NONE',  ( -0.5000000000000102141, -6.177711968508071492E-17, 0.8660254037844328234 ) ) ;
#1912 = DIRECTION ( 'NONE',  ( 0.5000000000000101030, 6.177711968508071492E-17, -0.8660254037844328234 ) ) ;
#1913 = COORDINATED_UNIVERSAL_TIME_OFFSET ( 8, 0, .AHEAD. ) ;
#1914 = VECTOR ( 'NONE', #2063, 1000.000000000000000 ) ;
#1915 = VERTEX_POINT ( 'NONE', #1202 ) ;
#1916 = DIRECTION ( 'NONE',  ( -0.6123724356957951365, -0.7071067811865462405, -0.3535533905932753962 ) ) ;
#1917 = LINE ( 'NONE', #1947, #1827 ) ;
#1918 = CIRCLE ( 'NONE', #3283, 0.4000000000000001887 ) ;
#1919 = CARTESIAN_POINT ( 'NONE',  ( 11.25833024919767311, 5.999999999999998224, 8.200000000000050804 ) ) ;
#1920 = EDGE_LOOP ( 'NONE', ( #501, #3387, #619, #3826 ) ) ;
#1921 = ORIENTED_EDGE ( 'NONE', *, *, #1697, .F. ) ;
#1922 = CIRCLE ( 'NONE', #767, 1.699999999999998401 ) ;
#1923 = EDGE_CURVE ( 'NONE', #3187, #2582, #4489, .T. ) ;
#1924 = EDGE_CURVE ( 'NONE', #2679, #2193, #216, .T. ) ;
#1925 = LINE ( 'NONE', #2420, #2012 ) ;
#1926 = VECTOR ( 'NONE', #2357, 1000.000000000000000 ) ;
#1927 = CARTESIAN_POINT ( 'NONE',  ( 13.50000000000000000, 5.999999999999998224, -4.099999999999997868 ) ) ;
#1928 = EDGE_CURVE ( 'NONE', #4558, #1456, #738, .T. ) ;
#1929 = ORIENTED_EDGE ( 'NONE', *, *, #1924, .T. ) ;
#1930 = ORIENTED_EDGE ( 'NONE', *, *, #3161, .F. ) ;
#1931 = EDGE_CURVE ( 'NONE', #1206, #1610, #4759, .T. ) ;
#1932 = ADVANCED_FACE ( 'NONE', ( #2956 ), #2103, .F. ) ;
#1933 = CARTESIAN_POINT ( 'NONE',  ( 1.405143504659692260E-15, 5.599999999999998757, 0.000000000000000000 ) ) ;
#1934 = DIRECTION ( 'NONE',  ( 0.000000000000000000, 0.000000000000000000, 1.000000000000000000 ) ) ;
#1935 = CARTESIAN_POINT ( 'NONE',  ( -14.05833024919774488, 3.599999999999998312, 4.883419246268918101 ) ) ;
#1936 = EDGE_LOOP ( 'NONE', ( #4323, #3292, #1027, #5018, #2216, #1627 ) ) ;
#1937 = EDGE_LOOP ( 'NONE', ( #3753, #4053, #4729, #3805, #3657, #4294, #3975 ) ) ;
#1938 = DIRECTION ( 'NONE',  ( -1.000000000000000000, -1.235542393701589400E-16, -3.996802888650562757E-15 ) ) ;
#1939 = DIRECTION ( 'NONE',  ( -1.235542393701589647E-16, 1.000000000000000000, -0.000000000000000000 ) ) ;
#1940 = DIRECTION ( 'NONE',  ( -1.000000000000000000, -1.235542393701589400E-16, 0.000000000000000000 ) ) ;
#1941 = CIRCLE ( 'NONE', #2610, 0.3999999999999993006 ) ;
#1942 = DIRECTION ( 'NONE',  ( -0.8660254037844328234, 0.000000000000000000, -0.5000000000000101030 ) ) ;
#1943 = APPROVAL_DATE_TIME ( #748, #3877 ) ;
#1944 = CARTESIAN_POINT ( 'NONE',  ( 3.545706005997734334, 5.600000000000000533, -13.54134295108988084 ) ) ;
#1945 = VECTOR ( 'NONE', #3837, 1000.000000000000114 ) ;
#1946 = LINE ( 'NONE', #459, #982 ) ;
#1947 = CARTESIAN_POINT ( 'NONE',  ( 5.147801551428040412, -12.38689838640490848, 16.31625383435532939 ) ) ;
#1948 = DIRECTION ( 'NONE',  ( -0.000000000000000000, 0.000000000000000000, 1.000000000000000000 ) ) ;
#1949 = CIRCLE ( 'NONE', #4896, 2.150000000000000799 ) ;
#1950 = VERTEX_POINT ( 'NONE', #1817 ) ;
#1951 = ORIENTED_EDGE ( 'NONE', *, *, #2699, .F. ) ;
#1952 = EDGE_CURVE ( 'NONE', #2544, #2603, #3363, .T. ) ;
#1953 = DIRECTION ( 'NONE',  ( -1.000000000000000000, -1.971276677246372012E-16, 0.000000000000000000 ) ) ;
#1954 = CC_DESIGN_APPROVAL ( #5092, ( #1447 ) ) ;
#1955 = CARTESIAN_POINT ( 'NONE',  ( -13.50000000000000178, 5.599999999999996980, 0.000000000000000000 ) ) ;
#1956 = ORIENTED_EDGE ( 'NONE', *, *, #4681, .F. ) ;
#1957 = VERTEX_POINT ( 'NONE', #1788 ) ;
#1958 = VECTOR ( 'NONE', #5154, 1000.000000000000114 ) ;
#1959 = AXIS2_PLACEMENT_3D ( 'NONE', #917, #2878, #2990 ) ;
#1960 = EDGE_CURVE ( 'NONE', #2772, #4528, #205, .T. ) ;
#1961 = CARTESIAN_POINT ( 'NONE',  ( 3.545706005997734778, 2.399999999999997691, -13.54134295108988084 ) ) ;
#1962 = DIRECTION ( 'NONE',  ( 1.235542393701589400E-16, -1.000000000000000000, 0.000000000000000000 ) ) ;
#1963 = PLANE ( 'NONE',  #1126 ) ;
#1964 = EDGE_LOOP ( 'NONE', ( #2101, #2168, #4645, #431 ) ) ;
#1965 = AXIS2_PLACEMENT_3D ( 'NONE', #3229, #513, #2459 ) ;
#1966 = EDGE_CURVE ( 'NONE', #2441, #4757, #231, .T. ) ;
#1967 = ORIENTED_EDGE ( 'NONE', *, *, #2021, .T. ) ;
#1968 = DIRECTION ( 'NONE',  ( 1.235542393701589400E-16, -1.000000000000000000, 0.000000000000000000 ) ) ;
#1969 = VECTOR ( 'NONE', #4043, 1000.000000000000000 ) ;
#1970 = ADVANCED_FACE ( 'NONE', ( #4649 ), #3756, .F. ) ;
#1971 = CARTESIAN_POINT ( 'NONE',  ( 7.282507227558705044E-16, 5.999999999999996447, 14.69999999999999751 ) ) ;
#1972 = AXIS2_PLACEMENT_3D ( 'NONE', #4199, #4256, #1812 ) ;
#1973 = CARTESIAN_POINT ( 'NONE',  ( 3.944991048007909320E-15, 4.874203682587033392E-31, 16.23316150746190090 ) ) ;
#1974 = DIRECTION ( 'NONE',  ( -1.235542393701589400E-16, 1.000000000000000000, 0.000000000000000000 ) ) ;
#1975 = CARTESIAN_POINT ( 'NONE',  ( 9.954293994002538781, -12.38689838640493690, -9.841342951089805169 ) ) ;
#1976 = CYLINDRICAL_SURFACE ( 'NONE', #1376, 1.699999999999998401 ) ;
#1977 = PLANE ( 'NONE',  #3259 ) ;
#1978 = CARTESIAN_POINT ( 'NONE',  ( 11.25833024919765890, 3.600000000000001421, 9.733161507461954187 ) ) ;
#1979 = CARTESIAN_POINT ( 'NONE',  ( 5.201391389914259200, 5.600000000000000533, 16.51625383435532868 ) ) ;
#1980 = ORIENTED_EDGE ( 'NONE', *, *, #4858, .T. ) ;
#1981 = VERTEX_POINT ( 'NONE', #1320 ) ;
#1982 = CARTESIAN_POINT ( 'NONE',  ( 10.30070415551630703, 5.999999999999997335, -9.641342951089802327 ) ) ;
#1983 = DIRECTION ( 'NONE',  ( 0.7071067811865483499, -0.7071067811865466846, 0.000000000000000000 ) ) ;
#1984 = ORIENTED_EDGE ( 'NONE', *, *, #4006, .F. ) ;
#1985 = ORIENTED_EDGE ( 'NONE', *, *, #1733, .T. ) ;
#1986 = LINE ( 'NONE', #2074, #5010 ) ;
#1987 = CARTESIAN_POINT ( 'NONE',  ( -4.389786309740481879E-15, 3.600000000000000089, -16.23316150746190090 ) ) ;
#1988 = LINE ( 'NONE', #2400, #465 ) ;
#1989 = ORIENTED_EDGE ( 'NONE', *, *, #5086, .T. ) ;
#1990 = ORIENTED_EDGE ( 'NONE', *, *, #598, .F. ) ;
#1991 = VECTOR ( 'NONE', #1255, 1000.000000000000000 ) ;
#1992 = CIRCLE ( 'NONE', #4524, 8.099999999999997868 ) ;
#1993 = PLANE ( 'NONE',  #3127 ) ;
#1994 = EDGE_CURVE ( 'NONE', #240, #4202, #622, .T. ) ;
#1995 = CARTESIAN_POINT ( 'NONE',  ( 7.282507227558705044E-16, 3.600000000000000089, 10.29999999999999183 ) ) ;
#1996 = ADVANCED_FACE ( 'NONE', ( #5021, #3416 ), #4937, .T. ) ;
#1997 = DIRECTION ( 'NONE',  ( -0.4999999999999980571, -6.177711968507922348E-17, -0.8660254037844398178 ) ) ;
#1998 = VECTOR ( 'NONE', #3338, 1000.000000000000000 ) ;
#1999 = EDGE_CURVE ( 'NONE', #732, #4558, #3446, .T. ) ;
#2000 = ORIENTED_EDGE ( 'NONE', *, *, #1006, .T. ) ;
#2001 = VECTOR ( 'NONE', #3932, 1000.000000000000000 ) ;
#2002 = FACE_OUTER_BOUND ( 'NONE', #5050, .T. ) ;
#2003 = CYLINDRICAL_SURFACE ( 'NONE', #2324, 0.4000000000000010214 ) ;
#2004 = LINE ( 'NONE', #2484, #4254 ) ;
#2005 = CONICAL_SURFACE ( 'NONE', #922, 1.699999999999997513, 0.7853981633974490562 ) ;
#2006 = ORIENTED_EDGE ( 'NONE', *, *, #1137, .F. ) ;
#2007 = EDGE_LOOP ( 'NONE', ( #2551, #1244 ) ) ;
#2008 = AXIS2_PLACEMENT_3D ( 'NONE', #3396, #578, #890 ) ;
#2009 = DIRECTION ( 'NONE',  ( -1.235542393701589400E-16, 1.000000000000000000, -0.000000000000000000 ) ) ;
#2010 = DIRECTION ( 'NONE',  ( 0.000000000000000000, 0.000000000000000000, 1.000000000000000000 ) ) ;
#2011 = ORIENTED_EDGE ( 'NONE', *, *, #3426, .T. ) ;
#2012 = VECTOR ( 'NONE', #734, 1000.000000000000114 ) ;
#2013 = ORIENTED_EDGE ( 'NONE', *, *, #3100, .T. ) ;
#2014 = CIRCLE ( 'NONE', #437, 17.19999999999999574 ) ;
#2015 = DIRECTION ( 'NONE',  ( -0.6123724356957933601, 0.7071067811865455743, -0.3535533905932797261 ) ) ;
#2016 = DIRECTION ( 'NONE',  ( 0.000000000000000000, 0.000000000000000000, 1.000000000000000000 ) ) ;
#2017 = ORIENTED_EDGE ( 'NONE', *, *, #4228, .T. ) ;
#2018 = ORIENTED_EDGE ( 'NONE', *, *, #2467, .F. ) ;
#2019 = DIRECTION ( 'NONE',  ( -0.000000000000000000, 1.000000000000000000, -0.000000000000000000 ) ) ;
#2020 = DIRECTION ( 'NONE',  ( 1.000000000000000000, 0.000000000000000000, 0.000000000000000000 ) ) ;
#2021 = EDGE_CURVE ( 'NONE', #4701, #447, #5047, .T. ) ;
#2022 = CARTESIAN_POINT ( 'NONE',  ( -17.10419109086099709, 5.599999999999996980, 4.100000000000000533 ) ) ;
#2023 = ORIENTED_EDGE ( 'NONE', *, *, #4451, .T. ) ;
#2024 = DIRECTION ( 'NONE',  ( -0.000000000000000000, 1.000000000000000000, -3.697785493223492838E-32 ) ) ;
#2025 = FACE_OUTER_BOUND ( 'NONE', #962, .T. ) ;
#2026 = EDGE_CURVE ( 'NONE', #104, #2880, #181, .T. ) ;
#2027 = PLANE ( 'NONE',  #1965 ) ;
#2028 = AXIS2_PLACEMENT_3D ( 'NONE', #4867, #4452, #2731 ) ;
#2029 = ORIENTED_EDGE ( 'NONE', *, *, #1727, .F. ) ;
#2030 = ADVANCED_FACE ( 'NONE', ( #4966 ), #164, .F. ) ;
#2031 = EDGE_CURVE ( 'NONE', #2845, #3198, #573, .T. ) ;
#2032 = EDGE_LOOP ( 'NONE', ( #1665, #2537, #2686, #341 ) ) ;
#2033 = LINE ( 'NONE', #3123, #5134 ) ;
#2034 = ORIENTED_EDGE ( 'NONE', *, *, #1631, .F. ) ;
#2035 = ORIENTED_EDGE ( 'NONE', *, *, #4762, .T. ) ;
#2036 = CARTESIAN_POINT ( 'NONE',  ( -14.05833024919774488, 3.599999999999998312, 4.883419246268918101 ) ) ;
#2037 = CARTESIAN_POINT ( 'NONE',  ( -8.458330249197747008, 3.599999999999999201, 4.883419246268969616 ) ) ;
#2038 = ORIENTED_EDGE ( 'NONE', *, *, #4013, .T. ) ;
#2039 = ORIENTED_EDGE ( 'NONE', *, *, #277, .F. ) ;
#2040 = FACE_OUTER_BOUND ( 'NONE', #4610, .T. ) ;
#2041 = DIRECTION ( 'NONE',  ( -1.235542393701589400E-16, 1.000000000000000000, 0.000000000000000000 ) ) ;
#2042 = CARTESIAN_POINT ( 'NONE',  ( -3.545706005997638854, -12.38689838640492624, 13.54134295108990749 ) ) ;
#2043 = CIRCLE ( 'NONE', #4747, 2.700000000000001066 ) ;
#2044 = ORIENTED_EDGE ( 'NONE', *, *, #4041, .T. ) ;
#2045 = CIRCLE ( 'NONE', #51, 0.4000000000000001887 ) ;
#2046 = DIRECTION ( 'NONE',  ( 0.1973893262173887497, -0.7071067811865455743, 0.6789973887250584372 ) ) ;
#2047 = CARTESIAN_POINT ( 'NONE',  ( 7.282507227558705044E-16, 4.600000000000007638, 13.00000000000000000 ) ) ;
#2048 = DIRECTION ( 'NONE',  ( -1.000000000000000000, -1.126443815569355647E-16, 0.000000000000000000 ) ) ;
#2049 = ORIENTED_EDGE ( 'NONE', *, *, #188, .T. ) ;
#2050 = EDGE_CURVE ( 'NONE', #2504, #3895, #2633, .T. ) ;
#2051 = ORIENTED_EDGE ( 'NONE', *, *, #5132, .T. ) ;
#2052 = EDGE_CURVE ( 'NONE', #4558, #1820, #2409, .T. ) ;
#2053 = DIRECTION ( 'NONE',  ( 1.000000000000000000, 1.008560160451632098E-16, 0.000000000000000000 ) ) ;
#2054 = EDGE_CURVE ( 'NONE', #3730, #724, #1764, .T. ) ;
#2055 = ORIENTED_EDGE ( 'NONE', *, *, #1453, .T. ) ;
#2056 = ADVANCED_FACE ( 'NONE', ( #1371 ), #2488, .T. ) ;
#2057 = VERTEX_POINT ( 'NONE', #2579 ) ;
#2058 = CARTESIAN_POINT ( 'NONE',  ( 6.749999999999973355, 5.600000000000000533, 11.69134295108993804 ) ) ;
#2059 = FACE_BOUND ( 'NONE', #2496, .T. ) ;
#2060 = VERTEX_POINT ( 'NONE', #4205 ) ;
#2061 = ORIENTED_EDGE ( 'NONE', *, *, #81, .F. ) ;
#2062 = FACE_OUTER_BOUND ( 'NONE', #2829, .T. ) ;
#2063 = DIRECTION ( 'NONE',  ( -0.8660254037844328234, -1.070011100398203654E-16, -0.5000000000000101030 ) ) ;
#2064 = DIRECTION ( 'NONE',  ( -1.235542393701589400E-16, 1.000000000000000000, -0.000000000000000000 ) ) ;
#2065 = CARTESIAN_POINT ( 'NONE',  ( 3.545706005997736554, -12.38689838640493690, -13.54134295108988084 ) ) ;
#2066 = CARTESIAN_POINT ( 'NONE',  ( 11.25833024919767311, 3.600000000000001421, 6.500000000000052403 ) ) ;
#2067 = AXIS2_PLACEMENT_3D ( 'NONE', #3461, #3053, #5060 ) ;
#2068 = DIRECTION ( 'NONE',  ( 0.000000000000000000, 0.000000000000000000, -1.000000000000000000 ) ) ;
#2069 = ADVANCED_BREP_SHAPE_REPRESENTATION ( 'InRunnerUpperCarrierPlate', ( #3209, #2206 ), #4574 ) ;
#2070 = CARTESIAN_POINT ( 'NONE',  ( 14.05833024919771113, 3.600000000000001421, -4.883419246269017577 ) ) ;
#2071 = ORIENTED_EDGE ( 'NONE', *, *, #2154, .T. ) ;
#2072 = VECTOR ( 'NONE', #2767, 1000.000000000000000 ) ;
#2073 = ORIENTED_EDGE ( 'NONE', *, *, #1832, .T. ) ;
#2074 = CARTESIAN_POINT ( 'NONE',  ( -9.954293994002471280, 2.399999999999995914, 9.841342951089877999 ) ) ;
#2075 = CIRCLE ( 'NONE', #1662, 2.149999999999999023 ) ;
#2076 = DIRECTION ( 'NONE',  ( -0.6123724356957983561, -0.7071067811865469066, 0.3535533905932685128 ) ) ;
#2077 = ORIENTED_EDGE ( 'NONE', *, *, #4066, .T. ) ;
#2078 = ORIENTED_EDGE ( 'NONE', *, *, #593, .T. ) ;
#2079 = EDGE_CURVE ( 'NONE', #3043, #36, #583, .T. ) ;
#2080 = AXIS2_PLACEMENT_3D ( 'NONE', #1413, #3432, #3536 ) ;
#2081 = EDGE_CURVE ( 'NONE', #5028, #5176, #3066, .T. ) ;
#2082 = CARTESIAN_POINT ( 'NONE',  ( -11.25833024919758962, -1.391014430517660078E-15, -9.733161507462032347 ) ) ;
#2083 = EDGE_CURVE ( 'NONE', #782, #3043, #3174, .T. ) ;
#2084 = CARTESIAN_POINT ( 'NONE',  ( -17.59999999999999432, -5.644001564868411612E-15, 0.000000000000000000 ) ) ;
#2085 = DIRECTION ( 'NONE',  ( 0.4999999999999920064, 6.177711968507848393E-17, 0.8660254037844432595 ) ) ;
#2086 = CONICAL_SURFACE ( 'NONE', #1424, 1.699999999999998401, 0.7853981633974489451 ) ;
#2087 = ORIENTED_EDGE ( 'NONE', *, *, #4770, .F. ) ;
#2088 = ORIENTED_EDGE ( 'NONE', *, *, #3161, .T. ) ;
#2089 = EDGE_CURVE ( 'NONE', #3005, #3120, #3520, .T. ) ;
#2090 = ADVANCED_FACE ( 'NONE', ( #261 ), #753, .F. ) ;
#2091 = CIRCLE ( 'NONE', #512, 2.150000000000000799 ) ;
#2092 = DIRECTION ( 'NONE',  ( 0.000000000000000000, 0.000000000000000000, 1.000000000000000000 ) ) ;
#2093 = DIRECTION ( 'NONE',  ( 1.235542393701589400E-16, -1.000000000000000000, 0.000000000000000000 ) ) ;
#2094 = DIRECTION ( 'NONE',  ( 1.235542393701589400E-16, -1.000000000000000000, 0.000000000000000000 ) ) ;
#2095 = DIRECTION ( 'NONE',  ( 0.000000000000000000, -1.000000000000000000, 0.000000000000000000 ) ) ;
#2096 = DIRECTION ( 'NONE',  ( -0.000000000000000000, 1.000000000000000000, -0.000000000000000000 ) ) ;
#2097 = DIRECTION ( 'NONE',  ( -0.000000000000000000, 1.000000000000000000, -0.000000000000000000 ) ) ;
#2098 = CARTESIAN_POINT ( 'NONE',  ( 6.750000000000135891, 5.999999999999997335, -7.591342951089846025 ) ) ;
#2099 = LINE ( 'NONE', #3723, #2620 ) ;
#2100 = ORIENTED_EDGE ( 'NONE', *, *, #4366, .T. ) ;
#2101 = ORIENTED_EDGE ( 'NONE', *, *, #3627, .T. ) ;
#2102 = CARTESIAN_POINT ( 'NONE',  ( 17.09266065111359012, 2.399999999999999911, 4.195348837209305515 ) ) ;
#2103 = CYLINDRICAL_SURFACE ( 'NONE', #2161, 8.099999999999997868 ) ;
#2104 = FACE_BOUND ( 'NONE', #4562, .T. ) ;
#2105 = ORIENTED_EDGE ( 'NONE', *, *, #1421, .T. ) ;
#2106 = ORIENTED_EDGE ( 'NONE', *, *, #1952, .T. ) ;
#2107 = ADVANCED_FACE ( 'NONE', ( #2335 ), #418, .T. ) ;
#2108 = DIRECTION ( 'NONE',  ( 0.000000000000000000, 0.000000000000000000, 1.000000000000000000 ) ) ;
#2109 = DIRECTION ( 'NONE',  ( 0.5000000000000006661, 6.177711968507953163E-17, 0.8660254037844383745 ) ) ;
#2110 = CARTESIAN_POINT ( 'NONE',  ( -6.749999999999892530, -9.107298248878237246E-15, -11.69134295108998245 ) ) ;
#2111 = ORIENTED_EDGE ( 'NONE', *, *, #1694, .T. ) ;
#2112 = ORIENTED_EDGE ( 'NONE', *, *, #1613, .F. ) ;
#2113 = EDGE_CURVE ( 'NONE', #4487, #4127, #1067, .T. ) ;
#2114 = DIRECTION ( 'NONE',  ( 1.000000000000000000, 2.115516434118058448E-16, 0.000000000000000000 ) ) ;
#2115 = DIRECTION ( 'NONE',  ( -0.000000000000000000, 1.000000000000000000, -0.000000000000000000 ) ) ;
#2116 = CIRCLE ( 'NONE', #2358, 17.59999999999999787 ) ;
#2117 = DIRECTION ( 'NONE',  ( -0.8660254037844389297, -1.070011100398211173E-16, -0.4999999999999995004 ) ) ;
#2118 = ADVANCED_FACE ( 'NONE', ( #2269 ), #3966, .T. ) ;
#2119 = LOCAL_TIME ( 21, 23, 33.00000000000000000, #675 ) ;
#2120 = ORIENTED_EDGE ( 'NONE', *, *, #1694, .F. ) ;
#2122 = EDGE_CURVE ( 'NONE', #3231, #2582, #3893, .T. ) ;
#2121 = LINE ( 'NONE', #1283, #550 ) ;
#2123 = CARTESIAN_POINT ( 'NONE',  ( 3.545706005997734334, 5.600000000000000533, -13.54134295108988084 ) ) ;
#2124 = AXIS2_PLACEMENT_3D ( 'NONE', #608, #2167, #2197 ) ;
#2125 = DIRECTION ( 'NONE',  ( -1.000000000000000000, -1.126443815569355647E-16, 0.000000000000000000 ) ) ;
#2126 = CARTESIAN_POINT ( 'NONE',  ( -11.25833024919776193, 5.999999999999994671, 4.799999999999896794 ) ) ;
#2127 = DIRECTION ( 'NONE',  ( 1.235542393701589400E-16, -1.000000000000000000, 0.000000000000000000 ) ) ;
#2128 = ORIENTED_EDGE ( 'NONE', *, *, #2529, .F. ) ;
#2129 = VECTOR ( 'NONE', #498, 1000.000000000000114 ) ;
#2130 = VERTEX_POINT ( 'NONE', #1089 ) ;
#2131 = DIRECTION ( 'NONE',  ( 1.235542393701589400E-16, -1.000000000000000000, 0.000000000000000000 ) ) ;
#2132 = CARTESIAN_POINT ( 'NONE',  ( 1.355721808911629058E-15, 5.999999999999996447, 0.000000000000000000 ) ) ;
#2133 = FACE_OUTER_BOUND ( 'NONE', #2792, .T. ) ;
#2134 = VERTEX_POINT ( 'NONE', #4360 ) ;
#2135 = AXIS2_PLACEMENT_3D ( 'NONE', #3565, #5193, #4766 ) ;
#2136 = VERTEX_POINT ( 'NONE', #3939 ) ;
#2137 = DIRECTION ( 'NONE',  ( 1.000000000000000000, 0.000000000000000000, 0.000000000000000000 ) ) ;
#2138 = DIRECTION ( 'NONE',  ( -0.000000000000000000, 1.000000000000000000, -0.000000000000000000 ) ) ;
#2139 = DIRECTION ( 'NONE',  ( -1.000000000000000000, 0.000000000000000000, 0.000000000000000000 ) ) ;
#2140 = AXIS2_PLACEMENT_3D ( 'NONE', #4950, #2172, #4160 ) ;
#2141 = VERTEX_POINT ( 'NONE', #1114 ) ;
#2142 = ORIENTED_EDGE ( 'NONE', *, *, #1546, .T. ) ;
#2143 = CIRCLE ( 'NONE', #2560, 2.149999999999999023 ) ;
#2144 = DIRECTION ( 'NONE',  ( 0.8660254037844382635, 1.070011100398210310E-16, -0.5000000000000005551 ) ) ;
#2145 = CYLINDRICAL_SURFACE ( 'NONE', #590, 1.699999999999998401 ) ;
#2146 = DIRECTION ( 'NONE',  ( 0.000000000000000000, -0.7071067811865473507, -0.7071067811865477948 ) ) ;
#2147 = VERTEX_POINT ( 'NONE', #1845 ) ;
#2148 = CARTESIAN_POINT ( 'NONE',  ( 11.55638953943307179, -12.38689838640493690, -12.61625383435518444 ) ) ;
#2149 = EDGE_CURVE ( 'NONE', #2713, #4855, #2660, .T. ) ;
#2150 = EDGE_CURVE ( 'NONE', #821, #1646, #2711, .T. ) ;
#2151 = DIRECTION ( 'NONE',  ( 0.000000000000000000, 0.000000000000000000, -1.000000000000000000 ) ) ;
#2152 = DIRECTION ( 'NONE',  ( -0.000000000000000000, 1.000000000000000000, -0.000000000000000000 ) ) ;
#2153 = DIRECTION ( 'NONE',  ( -0.4999999999999980016, -6.177711968507922348E-17, -0.8660254037844397068 ) ) ;
#2154 = EDGE_CURVE ( 'NONE', #3454, #5176, #5072, .T. ) ;
#2155 = ORIENTED_EDGE ( 'NONE', *, *, #1133, .T. ) ;
#2156 = ORIENTED_EDGE ( 'NONE', *, *, #408, .T. ) ;
#2157 = CIRCLE ( 'NONE', #158, 3.700000000000001066 ) ;
#2158 = CARTESIAN_POINT ( 'NONE',  ( 13.50000000000000000, 5.999999999999998224, 4.099999999999997868 ) ) ;
#2159 = DIRECTION ( 'NONE',  ( -1.235542393701589400E-16, 1.000000000000000000, -0.000000000000000000 ) ) ;
#2160 = CARTESIAN_POINT ( 'NONE',  ( 11.25833024919771042, 1.391014430517675067E-15, -3.266838492538072458 ) ) ;
#2161 = AXIS2_PLACEMENT_3D ( 'NONE', #4570, #4625, #959 ) ;
#2162 = ORIENTED_EDGE ( 'NONE', *, *, #4712, .T. ) ;
#2163 = ORIENTED_EDGE ( 'NONE', *, *, #2031, .F. ) ;
#2164 = VECTOR ( 'NONE', #1911, 999.9999999999998863 ) ;
#2165 = DIRECTION ( 'NONE',  ( -1.000000000000000000, 0.000000000000000000, 0.000000000000000000 ) ) ;
#2166 = CARTESIAN_POINT ( 'NONE',  ( 11.25833024919771574, 3.600000000000001421, -6.499999999999974243 ) ) ;
#2167 = DIRECTION ( 'NONE',  ( 0.000000000000000000, 1.000000000000000000, 0.000000000000000000 ) ) ;
#2168 = ORIENTED_EDGE ( 'NONE', *, *, #908, .F. ) ;
#2169 = AXIS2_PLACEMENT_3D ( 'NONE', #2430, #454, #2041 ) ;
#2170 = EDGE_LOOP ( 'NONE', ( #4132, #5074, #3319, #4707 ) ) ;
#2171 = AXIS2_PLACEMENT_3D ( 'NONE', #4188, #3739, #139 ) ;
#2172 = DIRECTION ( 'NONE',  ( 1.235542393701589400E-16, -1.000000000000000000, 0.000000000000000000 ) ) ;
#2173 = CIRCLE ( 'NONE', #3202, 0.4000000000000001887 ) ;
#2174 = CARTESIAN_POINT ( 'NONE',  ( 11.25833024919771574, 5.999999999999998224, -8.199999999999972644 ) ) ;
#2175 = FACE_OUTER_BOUND ( 'NONE', #1316, .T. ) ;
#2176 = ORIENTED_EDGE ( 'NONE', *, *, #2369, .F. ) ;
#2177 = VECTOR ( 'NONE', #4150, 1000.000000000000114 ) ;
#2178 = CARTESIAN_POINT ( 'NONE',  ( 11.25833024919767311, 5.999999999999998224, 6.500000000000052403 ) ) ;
#2179 = EDGE_CURVE ( 'NONE', #4599, #3920, #914, .T. ) ;
#2180 = CARTESIAN_POINT ( 'NONE',  ( -2.965301744883811799E-16, 2.399999999999997691, 3.682378053668391448E-32 ) ) ;
#2181 = LINE ( 'NONE', #4116, #84 ) ;
#2182 = VECTOR ( 'NONE', #3447, 1000.000000000000227 ) ;
#2183 = FACE_OUTER_BOUND ( 'NONE', #4627, .T. ) ;
#2184 = ORIENTED_EDGE ( 'NONE', *, *, #3236, .F. ) ;
#2185 = ORIENTED_EDGE ( 'NONE', *, *, #188, .F. ) ;
#2186 = EDGE_CURVE ( 'NONE', #29, #2595, #330, .T. ) ;
#2187 = LINE ( 'NONE', #3389, #4660 ) ;
#2188 = CARTESIAN_POINT ( 'NONE',  ( -16.70419109086099141, -10.75174404457249544, -3.700000000000000178 ) ) ;
#2189 = DIRECTION ( 'NONE',  ( 1.000000000000000000, 0.000000000000000000, 0.000000000000000000 ) ) ;
#2190 = EDGE_CURVE ( 'NONE', #1462, #588, #1917, .T. ) ;
#2191 = ADVANCED_FACE ( 'NONE', ( #1865 ), #750, .T. ) ;
#2192 = EDGE_LOOP ( 'NONE', ( #137, #187, #3044, #639 ) ) ;
#2193 = VERTEX_POINT ( 'NONE', #5146 ) ;
#2194 = EDGE_CURVE ( 'NONE', #1221, #3231, #999, .T. ) ;
#2195 = DIRECTION ( 'NONE',  ( -0.000000000000000000, 1.000000000000000000, -3.697785493223492838E-32 ) ) ;
#2196 = LINE ( 'NONE', #4883, #551 ) ;
#2197 = DIRECTION ( 'NONE',  ( 0.000000000000000000, 0.000000000000000000, 1.000000000000000000 ) ) ;
#2198 = ORIENTED_EDGE ( 'NONE', *, *, #2464, .T. ) ;
#2199 = VERTEX_POINT ( 'NONE', #1890 ) ;
#2200 = DIRECTION ( 'NONE',  ( -0.4999999999999993339, -6.177711968507938372E-17, 0.8660254037844390407 ) ) ;
#2201 = CARTESIAN_POINT ( 'NONE',  ( -8.099999999999996092, -1.000789338898287074E-15, 0.000000000000000000 ) ) ;
#2202 = DIRECTION ( 'NONE',  ( -1.000000000000000000, 0.000000000000000000, -8.673617379884030739E-15 ) ) ;
#2203 = CARTESIAN_POINT ( 'NONE',  ( -2.800000000000001599, 3.599999999999999645, -11.38341924626904600 ) ) ;
#2204 = LINE ( 'NONE', #253, #4283 ) ;
#2205 = CARTESIAN_POINT ( 'NONE',  ( -10.30070415551624485, 5.999999999999994671, 9.641342951089876934 ) ) ;
#2206 = AXIS2_PLACEMENT_3D ( 'NONE', #2762, #3113, #1111 ) ;
#2207 = DIRECTION ( 'NONE',  ( -1.000000000000000000, -1.235542393701589400E-16, 0.000000000000000000 ) ) ;
#2208 = ORIENTED_EDGE ( 'NONE', *, *, #1165, .T. ) ;
#2209 = VERTEX_POINT ( 'NONE', #5119 ) ;
#2210 = AXIS2_PLACEMENT_3D ( 'NONE', #1354, #135, #4946 ) ;
#2211 = LINE ( 'NONE', #230, #3046 ) ;
#2212 = DIRECTION ( 'NONE',  ( -0.5000000000000039968, -6.177711968507997537E-17, 0.8660254037844363761 ) ) ;
#2213 = CARTESIAN_POINT ( 'NONE',  ( 13.50000000000000000, 5.999999999999998224, 0.000000000000000000 ) ) ;
#2214 = VECTOR ( 'NONE', #3791, 1000.000000000000114 ) ;
#2215 = ADVANCED_FACE ( 'NONE', ( #2867 ), #4285, .T. ) ;
#2216 = ORIENTED_EDGE ( 'NONE', *, *, #2283, .T. ) ;
#2217 = EDGE_LOOP ( 'NONE', ( #3421, #2487, #1069, #163 ) ) ;
#2218 = VECTOR ( 'NONE', #4588, 1000.000000000000000 ) ;
#2219 = VECTOR ( 'NONE', #867, 1000.000000000000114 ) ;
#2220 = VECTOR ( 'NONE', #2844, 1000.000000000000000 ) ;
#2221 = EDGE_CURVE ( 'NONE', #4344, #2057, #2818, .T. ) ;
#2222 = FACE_OUTER_BOUND ( 'NONE', #5098, .T. ) ;
#2223 = CARTESIAN_POINT ( 'NONE',  ( 2.800000000000000711, 3.600000000000000533, 14.61658075373095222 ) ) ;
#2224 = CARTESIAN_POINT ( 'NONE',  ( 16.70419109086099496, 5.999999999999998224, -4.099999999999997868 ) ) ;
#2225 = DIRECTION ( 'NONE',  ( 0.000000000000000000, 0.000000000000000000, 1.000000000000000000 ) ) ;
#2226 = EDGE_CURVE ( 'NONE', #1, #2848, #460, .T. ) ;
#2227 = VERTEX_POINT ( 'NONE', #3304 ) ;
#2228 = ORIENTED_EDGE ( 'NONE', *, *, #2311, .F. ) ;
#2229 = VECTOR ( 'NONE', #772, 1000.000000000000000 ) ;
#2230 = DIRECTION ( 'NONE',  ( 1.235542393701589400E-16, -1.000000000000000000, 0.000000000000000000 ) ) ;
#2231 = FACE_OUTER_BOUND ( 'NONE', #4147, .T. ) ;
#2232 = DIRECTION ( 'NONE',  ( 1.000000000000000000, 0.000000000000000000, 0.000000000000000000 ) ) ;
#2233 = ORIENTED_EDGE ( 'NONE', *, *, #3133, .T. ) ;
#2234 = CARTESIAN_POINT ( 'NONE',  ( -11.25833024919776193, 5.999999999999994671, 6.499999999999895195 ) ) ;
#2235 = LINE ( 'NONE', #3858, #326 ) ;
#2236 = DIRECTION ( 'NONE',  ( 1.235542393701589400E-16, -1.000000000000000000, 0.000000000000000000 ) ) ;
#2237 = AXIS2_PLACEMENT_3D ( 'NONE', #1652, #3628, #4483 ) ;
#2238 = LINE ( 'NONE', #2126, #4005 ) ;
#2239 = VERTEX_POINT ( 'NONE', #4065 ) ;
#2240 = ORIENTED_EDGE ( 'NONE', *, *, #467, .T. ) ;
#2241 = DIRECTION ( 'NONE',  ( 1.171285290979540150E-14, 1.454462294001240516E-30, -1.000000000000000000 ) ) ;
#2242 = DIRECTION ( 'NONE',  ( 1.000000000000000000, 1.008560160451632098E-16, 0.000000000000000000 ) ) ;
#2243 = ORIENTED_EDGE ( 'NONE', *, *, #2737, .F. ) ;
#2244 = VECTOR ( 'NONE', #586, 1000.000000000000000 ) ;
#2245 = EDGE_LOOP ( 'NONE', ( #1039, #3291, #700, #2965 ) ) ;
#2246 = AXIS2_PLACEMENT_3D ( 'NONE', #1164, #2741, #4698 ) ;
#2247 = LINE ( 'NONE', #5075, #1338 ) ;
#2248 = DIRECTION ( 'NONE',  ( 0.000000000000000000, 0.000000000000000000, 1.000000000000000000 ) ) ;
#2249 = CYLINDRICAL_SURFACE ( 'NONE', #5101, 2.150000000000000799 ) ;
#2250 = VERTEX_POINT ( 'NONE', #805 ) ;
#2251 = ORIENTED_EDGE ( 'NONE', *, *, #1479, .T. ) ;
#2252 = VECTOR ( 'NONE', #2512, 1000.000000000000000 ) ;
#2253 = EDGE_CURVE ( 'NONE', #1869, #1, #23, .T. ) ;
#2254 = DIRECTION ( 'NONE',  ( 1.235542393701589400E-16, -1.000000000000000000, -0.000000000000000000 ) ) ;
#2255 = DIRECTION ( 'NONE',  ( -0.4999999999999919509, -6.177711968507848393E-17, -0.8660254037844432595 ) ) ;
#2256 = FACE_OUTER_BOUND ( 'NONE', #375, .T. ) ;
#2257 = AXIS2_PLACEMENT_3D ( 'NONE', #1036, #4353, #3543 ) ;
#2258 = VERTEX_POINT ( 'NONE', #3629 ) ;
#2259 = ADVANCED_FACE ( 'NONE', ( #1191 ), #441, .F. ) ;
#2260 = EDGE_CURVE ( 'NONE', #3026, #3813, #830, .T. ) ;
#2261 = CARTESIAN_POINT ( 'NONE',  ( -1.880246959427991326E-15, 3.600000000000000089, -10.29999999999999893 ) ) ;
#2262 = CARTESIAN_POINT ( 'NONE',  ( 14.05833024919771646, 3.600000000000001421, -8.116580753730922027 ) ) ;
#2263 = DIRECTION ( 'NONE',  ( -1.000000000000000000, 0.000000000000000000, 0.000000000000000000 ) ) ;
#2264 = PLANE ( 'NONE',  #1368 ) ;
#2265 = AXIS2_PLACEMENT_3D ( 'NONE', #4238, #2195, #1095 ) ;
#2266 = VERTEX_POINT ( 'NONE', #4436 ) ;
#2267 = FACE_BOUND ( 'NONE', #1229, .T. ) ;
#2268 = CONICAL_SURFACE ( 'NONE', #3027, 17.19999999999999929, 0.7853981633974482790 ) ;
#2269 = FACE_OUTER_BOUND ( 'NONE', #1315, .T. ) ;
#2270 = ORIENTED_EDGE ( 'NONE', *, *, #2260, .T. ) ;
#2271 = EDGE_LOOP ( 'NONE', ( #3077, #2557, #809, #4543 ) ) ;
#2272 = LINE ( 'NONE', #3896, #1093 ) ;
#2273 = LINE ( 'NONE', #1436, #3925 ) ;
#2274 = EDGE_LOOP ( 'NONE', ( #4339, #47 ) ) ;
#2275 = EDGE_LOOP ( 'NONE', ( #3862, #5056, #2011, #3841 ) ) ;
#2276 = CARTESIAN_POINT ( 'NONE',  ( -3.199295844483868834, 5.999999999999995559, 13.74134295108990855 ) ) ;
#2277 = PLANE ( 'NONE',  #1419 ) ;
#2278 = CARTESIAN_POINT ( 'NONE',  ( -6.749999999999892530, 2.399999999999996803, -13.84134295108998458 ) ) ;
#2279 = ORIENTED_EDGE ( 'NONE', *, *, #1860, .T. ) ;
#2280 = ADVANCED_FACE ( 'NONE', ( #3252 ), #2003, .T. ) ;
#2281 = DIRECTION ( 'NONE',  ( -1.235542393701589400E-16, 1.000000000000000000, -0.000000000000000000 ) ) ;
#2282 = DIRECTION ( 'NONE',  ( 0.000000000000000000, -1.000000000000000000, 0.000000000000000000 ) ) ;
#2283 = EDGE_CURVE ( 'NONE', #5028, #4886, #779, .T. ) ;
#2284 = CARTESIAN_POINT ( 'NONE',  ( -17.10419109086099354, 2.399999999999995914, 4.100000000000000533 ) ) ;
#2285 = APPROVAL_ROLE ( '' ) ;
#2286 = ADVANCED_FACE ( 'NONE', ( #3603 ), #2390, .T. ) ;
#2287 = ORIENTED_EDGE ( 'NONE', *, *, #4556, .T. ) ;
#2288 = DIRECTION ( 'NONE',  ( 0.8660254037844328234, 1.070011100398203654E-16, 0.5000000000000101030 ) ) ;
#2289 = DIRECTION ( 'NONE',  ( -1.235542393701589400E-16, 1.000000000000000000, -0.000000000000000000 ) ) ;
#2290 = EDGE_LOOP ( 'NONE', ( #4763, #4865 ) ) ;
#2291 = ORIENTED_EDGE ( 'NONE', *, *, #4331, .T. ) ;
#2292 = CIRCLE ( 'NONE', #1959, 2.700000000000001066 ) ;
#2293 = DIRECTION ( 'NONE',  ( 0.4999999999999966138, 6.177711968507910023E-17, 0.8660254037844407060 ) ) ;
#2294 = DIRECTION ( 'NONE',  ( -1.235542393701589400E-16, 1.000000000000000000, -0.000000000000000000 ) ) ;
#2295 = EDGE_LOOP ( 'NONE', ( #3654, #556, #3204, #4911, #2470 ) ) ;
#2296 = ORIENTED_EDGE ( 'NONE', *, *, #974, .F. ) ;
#2297 = AXIS2_PLACEMENT_3D ( 'NONE', #4067, #929, #442 ) ;
#2298 = DIRECTION ( 'NONE',  ( -0.000000000000000000, 1.000000000000000000, -3.697785493223492838E-32 ) ) ;
#2299 = DIRECTION ( 'NONE',  ( 1.235542393701589400E-16, -1.000000000000000000, 0.000000000000000000 ) ) ;
#2300 = CARTESIAN_POINT ( 'NONE',  ( 6.750000000000135891, -7.372574772901430151E-15, -11.69134295108984212 ) ) ;
#2301 = ORIENTED_EDGE ( 'NONE', *, *, #3627, .F. ) ;
#2302 = DIRECTION ( 'NONE',  ( 1.000000000000000000, 0.000000000000000000, 0.000000000000000000 ) ) ;
#2303 = DIRECTION ( 'NONE',  ( 1.554312234475219157E-15, 0.000000000000000000, -1.000000000000000000 ) ) ;
#2304 = LINE ( 'NONE', #3032, #1910 ) ;
#2305 = LINE ( 'NONE', #746, #1429 ) ;
#2306 = ADVANCED_FACE ( 'NONE', ( #2025 ), #3649, .F. ) ;
#2307 = ADVANCED_FACE ( 'NONE', ( #3695 ), #1587, .F. ) ;
#2308 = ORIENTED_EDGE ( 'NONE', *, *, #2558, .F. ) ;
#2309 = CARTESIAN_POINT ( 'NONE',  ( -11.25833024919758962, 3.599999999999998757, -9.733161507462032347 ) ) ;
#2310 = DIRECTION ( 'NONE',  ( -1.000000000000000000, 0.000000000000000000, 0.000000000000000000 ) ) ;
#2311 = EDGE_CURVE ( 'NONE', #2831, #1344, #2843, .T. ) ;
#2312 = FACE_OUTER_BOUND ( 'NONE', #3700, .T. ) ;
#2313 = ORIENTED_EDGE ( 'NONE', *, *, #2967, .F. ) ;
#2314 = EDGE_CURVE ( 'NONE', #1661, #3198, #4874, .T. ) ;
#2315 = VERTEX_POINT ( 'NONE', #4484 ) ;
#2316 = DIRECTION ( 'NONE',  ( 8.659560562354939021E-17, -0.7071067811865470176, 0.7071067811865480168 ) ) ;
#2317 = CARTESIAN_POINT ( 'NONE',  ( 17.10419109086099354, 5.600000000000002309, -4.100000000000000533 ) ) ;
#2318 = ORIENTED_EDGE ( 'NONE', *, *, #3970, .F. ) ;
#2319 = ORIENTED_EDGE ( 'NONE', *, *, #5038, .T. ) ;
#2320 = CARTESIAN_POINT ( 'NONE',  ( -16.70419109086099496, 16.97268548471243221, 4.100000000000000533 ) ) ;
#2321 = LINE ( 'NONE', #58, #4793 ) ;
#2322 = DIRECTION ( 'NONE',  ( 0.000000000000000000, 0.000000000000000000, 1.000000000000000000 ) ) ;
#2323 = ORIENTED_EDGE ( 'NONE', *, *, #4169, .T. ) ;
#2324 = AXIS2_PLACEMENT_3D ( 'NONE', #2790, #1606, #4413 ) ;
#2325 = ORIENTED_EDGE ( 'NONE', *, *, #3977, .F. ) ;
#2326 = LINE ( 'NONE', #4792, #4840 ) ;
#2327 = DIRECTION ( 'NONE',  ( 0.8660254037844339337, 0.000000000000000000, 0.5000000000000081046 ) ) ;
#2328 = CONICAL_SURFACE ( 'NONE', #673, 1.699999999999998401, 0.7853981633974489451 ) ;
#2329 = FACE_BOUND ( 'NONE', #2402, .T. ) ;
#2330 = DIRECTION ( 'NONE',  ( -0.000000000000000000, 1.000000000000000000, -0.000000000000000000 ) ) ;
#2331 = VECTOR ( 'NONE', #5196, 1000.000000000000000 ) ;
#2332 = EDGE_CURVE ( 'NONE', #104, #2209, #3534, .T. ) ;
#2333 = VERTEX_POINT ( 'NONE', #95 ) ;
#2334 = DIRECTION ( 'NONE',  ( 1.000000000000000000, 1.235542393701589400E-16, 0.000000000000000000 ) ) ;
#2335 = FACE_OUTER_BOUND ( 'NONE', #4988, .T. ) ;
#2336 = AXIS2_PLACEMENT_3D ( 'NONE', #1744, #3843, #2611 ) ;
#2337 = CARTESIAN_POINT ( 'NONE',  ( 11.25833024919767311, 4.600000000000003197, 6.500000000000052403 ) ) ;
#2338 = ORIENTED_EDGE ( 'NONE', *, *, #4551, .F. ) ;
#2339 = ADVANCED_FACE ( 'NONE', ( #1675 ), #4899, .T. ) ;
#2340 = ORIENTED_EDGE ( 'NONE', *, *, #1923, .F. ) ;
#2341 = CIRCLE ( 'NONE', #3635, 2.700000000000008171 ) ;
#2342 = EDGE_CURVE ( 'NONE', #3679, #2365, #4699, .T. ) ;
#2343 = CARTESIAN_POINT ( 'NONE',  ( 1.355721808911629058E-15, 5.999999999999996447, 0.000000000000000000 ) ) ;
#2344 = EDGE_CURVE ( 'NONE', #3346, #3049, #2951, .T. ) ;
#2345 = DIRECTION ( 'NONE',  ( 1.000000000000000000, 0.000000000000000000, 0.000000000000000000 ) ) ;
#2346 = ORIENTED_EDGE ( 'NONE', *, *, #2460, .T. ) ;
#2347 = EDGE_CURVE ( 'NONE', #4056, #2365, #4224, .T. ) ;
#2348 = ORIENTED_EDGE ( 'NONE', *, *, #4036, .F. ) ;
#2349 = LINE ( 'NONE', #1961, #571 ) ;
#2350 = CARTESIAN_POINT ( 'NONE',  ( 6.749999999999973355, -7.372574772901430151E-15, 11.69134295108993804 ) ) ;
#2351 = DIRECTION ( 'NONE',  ( 0.8660254037844363761, 1.070011100398207968E-16, 0.5000000000000039968 ) ) ;
#2352 = ORIENTED_EDGE ( 'NONE', *, *, #4615, .T. ) ;
#2353 = ORIENTED_EDGE ( 'NONE', *, *, #1289, .F. ) ;
#2354 = CARTESIAN_POINT ( 'NONE',  ( 8.458330249197667072, 3.600000000000000977, 8.116580753730993081 ) ) ;
#2355 = CARTESIAN_POINT ( 'NONE',  ( 8.458330249197681283, 1.045062560281226347E-15, 4.883419246269086855 ) ) ;
#2356 = DIRECTION ( 'NONE',  ( 0.000000000000000000, -0.7071067811865460184, -0.7071067811865489050 ) ) ;
#2357 = DIRECTION ( 'NONE',  ( 1.235542393701589400E-16, -1.000000000000000000, 0.000000000000000000 ) ) ;
#2358 = AXIS2_PLACEMENT_3D ( 'NONE', #5020, #2131, #3755 ) ;
#2359 = DATE_AND_TIME ( #1524, #3992 ) ;
#2360 = ORIENTED_EDGE ( 'NONE', *, *, #3456, .F. ) ;
#2361 = AXIS2_PLACEMENT_3D ( 'NONE', #4964, #621, #1294 ) ;
#2362 = LINE ( 'NONE', #1262, #2908 ) ;
#2363 = DIRECTION ( 'NONE',  ( 1.235542393701589400E-16, -1.000000000000000000, 0.000000000000000000 ) ) ;
#2364 = DIRECTION ( 'NONE',  ( -1.235542393701589400E-16, 1.000000000000000000, -0.000000000000000000 ) ) ;
#2365 = VERTEX_POINT ( 'NONE', #2483 ) ;
#2366 = EDGE_LOOP ( 'NONE', ( #1852, #1615, #3171, #1305, #1293 ) ) ;
#2367 = CONICAL_SURFACE ( 'NONE', #3571, 0.3999999999999975797, 0.7853981633974485010 ) ;
#2368 = DIRECTION ( 'NONE',  ( 0.8660254037844342667, 1.070011100398205379E-16, 0.5000000000000075495 ) ) ;
#2369 = EDGE_CURVE ( 'NONE', #2595, #4558, #3440, .T. ) ;
#2370 = CC_DESIGN_SECURITY_CLASSIFICATION ( #2972, ( #3732 ) ) ;
#2371 = CARTESIAN_POINT ( 'NONE',  ( 5.147801551428038636, 2.399999999999997691, 16.31625383435532939 ) ) ;
#2372 = ORIENTED_EDGE ( 'NONE', *, *, #111, .F. ) ;
#2373 = EDGE_LOOP ( 'NONE', ( #2061, #57, #4372, #1833 ) ) ;
#2374 = ADVANCED_FACE ( 'NONE', ( #953 ), #1495, .F. ) ;
#2375 = EDGE_CURVE ( 'NONE', #5104, #3018, #3749, .T. ) ;
#2376 = AXIS2_PLACEMENT_3D ( 'NONE', #59, #3216, #4815 ) ;
#2377 = CARTESIAN_POINT ( 'NONE',  ( 7.699999999999999289, 5.999999999999997335, 9.429780353434617057E-16 ) ) ;
#2378 = FACE_OUTER_BOUND ( 'NONE', #815, .T. ) ;
#2379 = EDGE_CURVE ( 'NONE', #1981, #1375, #2181, .T. ) ;
#2380 = DIRECTION ( 'NONE',  ( -0.8660254037844397068, 0.000000000000000000, 0.4999999999999980016 ) ) ;
#2381 = ORIENTED_EDGE ( 'NONE', *, *, #4457, .T. ) ;
#2382 = VECTOR ( 'NONE', #2712, 1000.000000000000000 ) ;
#2383 = ORIENTED_EDGE ( 'NONE', *, *, #1803, .T. ) ;
#2384 = LINE ( 'NONE', #404, #4723 ) ;
#2385 = APPROVAL_PERSON_ORGANIZATION ( #2684, #5092, #325 ) ;
#2386 = DIRECTION ( 'NONE',  ( -1.000000000000000000, -1.172110456741085828E-16, 0.000000000000000000 ) ) ;
#2387 = LINE ( 'NONE', #19, #1991 ) ;
#2388 = DIRECTION ( 'NONE',  ( -0.000000000000000000, 1.000000000000000000, -0.000000000000000000 ) ) ;
#2389 = LINE ( 'NONE', #43, #4514 ) ;
#2390 = CYLINDRICAL_SURFACE ( 'NONE', #5044, 0.3999999999999993006 ) ;
#2391 = LINE ( 'NONE', #1115, #1703 ) ;
#2392 = ORIENTED_EDGE ( 'NONE', *, *, #1609, .T. ) ;
#2393 = ORIENTED_EDGE ( 'NONE', *, *, #3526, .F. ) ;
#2394 = CIRCLE ( 'NONE', #4402, 0.3999999999999993006 ) ;
#2395 = PLANE ( 'NONE',  #268 ) ;
#2396 = DIRECTION ( 'NONE',  ( -0.000000000000000000, 1.000000000000000000, -0.000000000000000000 ) ) ;
#2397 = VERTEX_POINT ( 'NONE', #3410 ) ;
#2398 = ORIENTED_EDGE ( 'NONE', *, *, #1806, .T. ) ;
#2399 = CARTESIAN_POINT ( 'NONE',  ( 7.699999999999999289, 5.999999999999997335, 4.099999999999997868 ) ) ;
#2400 = CARTESIAN_POINT ( 'NONE',  ( 12.17960899631769678, 16.97268548471243577, -12.70500392352623464 ) ) ;
#2401 = ORIENTED_EDGE ( 'NONE', *, *, #3496, .T. ) ;
#2402 = EDGE_LOOP ( 'NONE', ( #4249, #3121 ) ) ;
#2403 = AXIS2_PLACEMENT_3D ( 'NONE', #1576, #4408, #1650 ) ;
#2404 = EDGE_CURVE ( 'NONE', #2193, #2679, #502, .T. ) ;
#2405 = DIRECTION ( 'NONE',  ( 0.000000000000000000, 0.000000000000000000, -1.000000000000000000 ) ) ;
#2406 = DIRECTION ( 'NONE',  ( -0.000000000000000000, 1.000000000000000000, -0.000000000000000000 ) ) ;
#2407 = LINE ( 'NONE', #2042, #4365 ) ;
#2408 = EDGE_CURVE ( 'NONE', #2582, #2942, #2759, .T. ) ;
#2409 = CIRCLE ( 'NONE', #2755, 17.19999999999999929 ) ;
#2410 = EDGE_CURVE ( 'NONE', #2691, #2982, #5041, .T. ) ;
#2411 = LINE ( 'NONE', #851, #1130 ) ;
#2412 = AXIS2_PLACEMENT_3D ( 'NONE', #1393, #2152, #4171 ) ;
#2413 = LINE ( 'NONE', #4411, #4182 ) ;
#2414 = DIRECTION ( 'NONE',  ( 1.000000000000000000, 0.000000000000000000, 0.000000000000000000 ) ) ;
#2415 = CARTESIAN_POINT ( 'NONE',  ( -6.749999999999892530, 2.399999999999996803, -9.541342951089982094 ) ) ;
#2416 = CIRCLE ( 'NONE', #336, 0.4000000000000001887 ) ;
#2417 = ORIENTED_EDGE ( 'NONE', *, *, #5096, .T. ) ;
#2418 = VERTEX_POINT ( 'NONE', #2205 ) ;
#2419 = AXIS2_PLACEMENT_3D ( 'NONE', #189, #4471, #1685 ) ;
#2420 = CARTESIAN_POINT ( 'NONE',  ( 9.954293994002400225, 2.399999999999997691, 9.841342951089945501 ) ) ;
#2421 = ORIENTED_EDGE ( 'NONE', *, *, #241, .F. ) ;
#2422 = CONICAL_SURFACE ( 'NONE', #3885, 17.19999999999999929, 0.7853981633974482790 ) ;
#2423 = ORIENTED_EDGE ( 'NONE', *, *, #1094, .T. ) ;
#2424 = AXIS2_PLACEMENT_3D ( 'NONE', #2634, #3933, #232 ) ;
#2425 = CARTESIAN_POINT ( 'NONE',  ( -17.09266065111357946, 5.599999999999996980, 4.195348837209303738 ) ) ;
#2426 = CARTESIAN_POINT ( 'NONE',  ( 13.50000000000000178, -10.75174404457249544, 3.700000000000000178 ) ) ;
#2427 = VERTEX_POINT ( 'NONE', #1698 ) ;
#2428 = VERTEX_POINT ( 'NONE', #900 ) ;
#2429 = DIRECTION ( 'NONE',  ( 1.235542393701589400E-16, -1.000000000000000000, 0.000000000000000000 ) ) ;
#2430 = CARTESIAN_POINT ( 'NONE',  ( 2.799999999999997158, 3.600000000000000533, -14.61658075373095222 ) ) ;
#2431 = CARTESIAN_POINT ( 'NONE',  ( -6.750000000000055955, -9.107298248878237246E-15, 13.84134295108989221 ) ) ;
#2432 = CIRCLE ( 'NONE', #3040, 1.699999999999998401 ) ;
#2433 = VERTEX_POINT ( 'NONE', #200 ) ;
#2434 = ADVANCED_FACE ( 'NONE', ( #147 ), #5015, .F. ) ;
#2435 = DIRECTION ( 'NONE',  ( -1.235542393701589400E-16, 1.000000000000000000, -0.000000000000000000 ) ) ;
#2436 = VECTOR ( 'NONE', #3878, 1000.000000000000000 ) ;
#2437 = DIRECTION ( 'NONE',  ( 4.662936703425656681E-15, 0.000000000000000000, -1.000000000000000000 ) ) ;
#2438 = LINE ( 'NONE', #2415, #1292 ) ;
#2439 = EDGE_CURVE ( 'NONE', #4805, #1813, #4449, .T. ) ;
#2440 = ORIENTED_EDGE ( 'NONE', *, *, #462, .T. ) ;
#2441 = VERTEX_POINT ( 'NONE', #3774 ) ;
#2442 = DIRECTION ( 'NONE',  ( 1.235542393701589400E-16, -1.000000000000000000, 0.000000000000000000 ) ) ;
#2443 = ORIENTED_EDGE ( 'NONE', *, *, #2708, .F. ) ;
#2444 = VERTEX_POINT ( 'NONE', #928 ) ;
#2445 = PLANE ( 'NONE',  #2008 ) ;
#2446 = LINE ( 'NONE', #862, #878 ) ;
#2447 = ORIENTED_EDGE ( 'NONE', *, *, #500, .T. ) ;
#2448 = ORIENTED_EDGE ( 'NONE', *, *, #1127, .T. ) ;
#2449 = DIRECTION ( 'NONE',  ( 1.000000000000000000, 1.008560160451632098E-16, 0.000000000000000000 ) ) ;
#2450 = DIRECTION ( 'NONE',  ( 0.8660254037844374864, 1.070011100398209694E-16, 0.5000000000000021094 ) ) ;
#2451 = CARTESIAN_POINT ( 'NONE',  ( -1.625704155516215721, 5.999999999999996447, 5.384197804570070467 ) ) ;
#2452 = AXIS2_PLACEMENT_3D ( 'NONE', #1379, #4496, #3344 ) ;
#2453 = PERSON_AND_ORGANIZATION ( #5175, #124 ) ;
#2454 = AXIS2_PLACEMENT_3D ( 'NONE', #1651, #536, #198 ) ;
#2455 = CARTESIAN_POINT ( 'NONE',  ( 2.562415898789336729E-16, 3.600000000000000089, 9.766838492538095551 ) ) ;
#2456 = CONICAL_SURFACE ( 'NONE', #2981, 0.3999999999999975797, 0.7853981633974492782 ) ;
#2457 = CARTESIAN_POINT ( 'NONE',  ( 11.25833024919768910, 3.600000000000001421, 3.266838492538146177 ) ) ;
#2458 = CARTESIAN_POINT ( 'NONE',  ( 6.749999999999974243, 2.399999999999997691, 11.69134295108993804 ) ) ;
#2459 = DIRECTION ( 'NONE',  ( -0.5000000000000039968, -6.177711968508001235E-17, 0.8660254037844363761 ) ) ;
#2460 = EDGE_CURVE ( 'NONE', #4309, #4093, #1327, .T. ) ;
#2461 = CIRCLE ( 'NONE', #3159, 1.699999999999998401 ) ;
#2462 = ORIENTED_EDGE ( 'NONE', *, *, #2667, .F. ) ;
#2463 = EDGE_LOOP ( 'NONE', ( #1053, #2296, #677, #2608 ) ) ;
#2464 = EDGE_CURVE ( 'NONE', #3995, #3187, #3450, .T. ) ;
#2465 = CARTESIAN_POINT ( 'NONE',  ( 1.405143504659692457E-15, 5.599999999999996980, 0.000000000000000000 ) ) ;
#2466 = FACE_BOUND ( 'NONE', #1504, .T. ) ;
#2467 = EDGE_CURVE ( 'NONE', #969, #4790, #3355, .T. ) ;
#2468 = EDGE_CURVE ( 'NONE', #1462, #4810, #919, .T. ) ;
#2469 = ORIENTED_EDGE ( 'NONE', *, *, #1613, .T. ) ;
#2470 = ORIENTED_EDGE ( 'NONE', *, *, #944, .T. ) ;
#2471 = VECTOR ( 'NONE', #2024, 1000.000000000000000 ) ;
#2472 = CARTESIAN_POINT ( 'NONE',  ( -6.749999999999892530, 5.599999999999996980, -11.69134295108998245 ) ) ;
#2473 = CARTESIAN_POINT ( 'NONE',  ( 1.355721808911629058E-15, 5.999999999999996447, 0.000000000000000000 ) ) ;
#2474 = DIRECTION ( 'NONE',  ( -0.000000000000000000, 1.000000000000000000, -0.000000000000000000 ) ) ;
#2475 = ORIENTED_EDGE ( 'NONE', *, *, #1008, .F. ) ;
#2476 = VERTEX_POINT ( 'NONE', #173 ) ;
#2477 = CARTESIAN_POINT ( 'NONE',  ( -7.699999999999995737, 5.200000000000001066, 9.429780353434617057E-16 ) ) ;
#2478 = CARTESIAN_POINT ( 'NONE',  ( -13.50000000000000178, 2.399999999999995914, 0.000000000000000000 ) ) ;
#2479 = DIRECTION ( 'NONE',  ( -1.000000000000000000, -1.172110456741085581E-16, 0.000000000000000000 ) ) ;
#2480 = DIRECTION ( 'NONE',  ( 0.8660254037844405950, 1.070011100398213515E-16, -0.4999999999999965028 ) ) ;
#2481 = FACE_OUTER_BOUND ( 'NONE', #1937, .T. ) ;
#2482 = VECTOR ( 'NONE', #66, 1000.000000000000000 ) ;
#2483 = CARTESIAN_POINT ( 'NONE',  ( -11.25833024919762870, 5.999999999999994671, -8.200000000000127187 ) ) ;
#2484 = CARTESIAN_POINT ( 'NONE',  ( 13.50000000000000000, 2.399999999999999467, -2.150000000000000799 ) ) ;
#2485 = DIRECTION ( 'NONE',  ( 1.000000000000000000, 1.606225440719260943E-16, 0.000000000000000000 ) ) ;
#2486 = EDGE_CURVE ( 'NONE', #2959, #4528, #3384, .T. ) ;
#2487 = ORIENTED_EDGE ( 'NONE', *, *, #726, .F. ) ;
#2488 = CONICAL_SURFACE ( 'NONE', #4780, 0.3999999999999975797, 0.7853981633974492782 ) ;
#2489 = VERTEX_POINT ( 'NONE', #2570 ) ;
#2490 = CIRCLE ( 'NONE', #423, 17.59999999999999787 ) ;
#2491 = FACE_BOUND ( 'NONE', #3462, .T. ) ;
#2492 = DIRECTION ( 'NONE',  ( 1.235542393701589400E-16, -1.000000000000000000, 0.000000000000000000 ) ) ;
#2493 = AXIS2_PLACEMENT_3D ( 'NONE', #2458, #2363, #4089 ) ;
#2494 = PLANE ( 'NONE',  #20 ) ;
#2495 = ORIENTED_EDGE ( 'NONE', *, *, #2641, .T. ) ;
#2496 = EDGE_LOOP ( 'NONE', ( #1632, #1734 ) ) ;
#2497 = CIRCLE ( 'NONE', #262, 2.149999999999999023 ) ;
#2498 = ADVANCED_FACE ( 'NONE', ( #4255 ), #3961, .F. ) ;
#2499 = DIRECTION ( 'NONE',  ( 1.000000000000000000, 1.008560160451632098E-16, 0.000000000000000000 ) ) ;
#2500 = CARTESIAN_POINT ( 'NONE',  ( -11.55638953943297942, 5.599999999999996980, 12.61625383435525904 ) ) ;
#2501 = DIRECTION ( 'NONE',  ( 0.000000000000000000, -1.000000000000000000, 0.000000000000000000 ) ) ;
#2502 = VECTOR ( 'NONE', #2015, 1000.000000000000114 ) ;
#2503 = EDGE_CURVE ( 'NONE', #1639, #2822, #1522, .T. ) ;
#2504 = VERTEX_POINT ( 'NONE', #4642 ) ;
#2505 = ORIENTED_EDGE ( 'NONE', *, *, #3029, .F. ) ;
#2506 = VECTOR ( 'NONE', #2316, 1000.000000000000000 ) ;
#2507 = CARTESIAN_POINT ( 'NONE',  ( 1.355721808911629058E-15, 5.999999999999996447, 0.000000000000000000 ) ) ;
#2508 = CARTESIAN_POINT ( 'NONE',  ( 9.954293994002400225, 5.600000000000000533, 9.841342951089945501 ) ) ;
#2509 = LINE ( 'NONE', #4190, #1572 ) ;
#2510 = FACE_OUTER_BOUND ( 'NONE', #3345, .T. ) ;
#2511 = DIRECTION ( 'NONE',  ( -0.5000000000000101030, -6.177711968508070260E-17, 0.8660254037844327124 ) ) ;
#2512 = DIRECTION ( 'NONE',  ( -0.000000000000000000, 1.000000000000000000, -0.000000000000000000 ) ) ;
#2513 = CIRCLE ( 'NONE', #3388, 17.59999999999999787 ) ;
#2514 = CARTESIAN_POINT ( 'NONE',  ( -14.05833024919760810, -1.736966300754107615E-15, -8.116580753731112097 ) ) ;
#2515 = FACE_OUTER_BOUND ( 'NONE', #4052, .T. ) ;
#2516 = ORIENTED_EDGE ( 'NONE', *, *, #4066, .F. ) ;
#2517 = ORIENTED_EDGE ( 'NONE', *, *, #4520, .F. ) ;
#2518 = DIRECTION ( 'NONE',  ( 8.548717289613705361E-15, 1.041542913924617149E-30, -1.000000000000000000 ) ) ;
#2519 = CARTESIAN_POINT ( 'NONE',  ( 4.913051654796225520, 5.599999999999999645, -16.90035276073561832 ) ) ;
#2520 = CARTESIAN_POINT ( 'NONE',  ( 17.60000000000000142, 1.129864140899899495E-17, 0.000000000000000000 ) ) ;
#2521 = AXIS2_PLACEMENT_3D ( 'NONE', #3415, #3008, #179 ) ;
#2522 = EDGE_LOOP ( 'NONE', ( #4573, #771 ) ) ;
#2523 = EDGE_LOOP ( 'NONE', ( #3006, #4480 ) ) ;
#2524 = VECTOR ( 'NONE', #1622, 1000.000000000000000 ) ;
#2525 = DIRECTION ( 'NONE',  ( 1.235542393701589400E-16, -1.000000000000000000, 0.000000000000000000 ) ) ;
#2526 = DIRECTION ( 'NONE',  ( 0.8660254037844382635, 0.000000000000000000, -0.5000000000000005551 ) ) ;
#2527 = CARTESIAN_POINT ( 'NONE',  ( -8.458330249197775430, -1.045062560281237983E-15, 8.116580753730872289 ) ) ;
#2528 = ORIENTED_EDGE ( 'NONE', *, *, #1108, .T. ) ;
#2529 = EDGE_CURVE ( 'NONE', #2764, #2489, #2840, .T. ) ;
#2530 = EDGE_LOOP ( 'NONE', ( #4852, #4905, #3336, #2348 ) ) ;
#2531 = EDGE_CURVE ( 'NONE', #2822, #2880, #3870, .T. ) ;
#2532 = DIRECTION ( 'NONE',  ( 1.235542393701589400E-16, -1.000000000000000000, -0.000000000000000000 ) ) ;
#2533 = CARTESIAN_POINT ( 'NONE',  ( -14.05833024919760810, 3.599999999999998312, -8.116580753731112097 ) ) ;
#2534 = CARTESIAN_POINT ( 'NONE',  ( 11.25833024919771574, 4.600000000000003197, -8.199999999999972644 ) ) ;
#2535 = AXIS2_PLACEMENT_3D ( 'NONE', #1314, #366, #4118 ) ;
#2536 = AXIS2_PLACEMENT_3D ( 'NONE', #227, #4959, #1448 ) ;
#2537 = ORIENTED_EDGE ( 'NONE', *, *, #5030, .T. ) ;
#2538 = CARTESIAN_POINT ( 'NONE',  ( 11.25833024919771574, 4.600000000000003197, -6.499999999999974243 ) ) ;
#2539 = CARTESIAN_POINT ( 'NONE',  ( -13.50000000000000000, 2.399999999999995914, 0.000000000000000000 ) ) ;
#2540 = AXIS2_PLACEMENT_3D ( 'NONE', #3872, #1798, #2248 ) ;
#2541 = CARTESIAN_POINT ( 'NONE',  ( 11.25833024919767311, 4.600000000000003197, 4.800000000000054001 ) ) ;
#2542 = DIRECTION ( 'NONE',  ( -1.000000000000000000, 0.000000000000000000, -0.000000000000000000 ) ) ;
#2543 = AXIS2_PLACEMENT_3D ( 'NONE', #1362, #2974, #3719 ) ;
#2544 = VERTEX_POINT ( 'NONE', #5114 ) ;
#2545 = AXIS2_PLACEMENT_3D ( 'NONE', #3332, #1288, #1630 ) ;
#2546 = ORIENTED_EDGE ( 'NONE', *, *, #978, .F. ) ;
#2547 = CARTESIAN_POINT ( 'NONE',  ( -14.05833024919777330, 3.599999999999998312, 8.116580753730824327 ) ) ;
#2548 = AXIS2_PLACEMENT_3D ( 'NONE', #3084, #252, #1809 ) ;
#2549 = CARTESIAN_POINT ( 'NONE',  ( 0.000000000000000000, 16.97268548471243577, 0.000000000000000000 ) ) ;
#2550 = CARTESIAN_POINT ( 'NONE',  ( -9.954293994002332724, 5.599999999999996980, -9.841342951090013003 ) ) ;
#2551 = ORIENTED_EDGE ( 'NONE', *, *, #4011, .F. ) ;
#2552 = EDGE_LOOP ( 'NONE', ( #4606, #651, #129, #4104 ) ) ;
#2553 = AXIS2_PLACEMENT_3D ( 'NONE', #4589, #4614, #2151 ) ;
#2554 = DIRECTION ( 'NONE',  ( 1.000000000000000000, 0.000000000000000000, 0.000000000000000000 ) ) ;
#2555 = CARTESIAN_POINT ( 'NONE',  ( 11.90279970094684181, 2.399999999999999467, -12.41625383435518160 ) ) ;
#2556 = CARTESIAN_POINT ( 'NONE',  ( 14.05833024919766672, 1.736966300754114715E-15, 8.116580753731012621 ) ) ;
#2557 = ORIENTED_EDGE ( 'NONE', *, *, #4457, .F. ) ;
#2558 = EDGE_CURVE ( 'NONE', #808, #3268, #4533, .T. ) ;
#2559 = EDGE_LOOP ( 'NONE', ( #4417, #276, #2870, #1985 ) ) ;
#2560 = AXIS2_PLACEMENT_3D ( 'NONE', #1097, #4657, #4269 ) ;
#2561 = DIRECTION ( 'NONE',  ( -0.8660254037844432595, -1.070011100398216473E-16, 0.4999999999999919509 ) ) ;
#2562 = CARTESIAN_POINT ( 'NONE',  ( 13.50000000000000178, -10.75174404457249544, 0.000000000000000000 ) ) ;
#2563 = LINE ( 'NONE', #4138, #5036 ) ;
#2564 = AXIS2_PLACEMENT_3D ( 'NONE', #4800, #5201, #804 ) ;
#2565 = ORIENTED_EDGE ( 'NONE', *, *, #3034, .F. ) ;
#2566 = ADVANCED_FACE ( 'NONE', ( #1063 ), #745, .F. ) ;
#2567 = FACE_OUTER_BOUND ( 'NONE', #2854, .T. ) ;
#2568 = DIRECTION ( 'NONE',  ( 0.000000000000000000, -0.7071067811865470176, -0.7071067811865479058 ) ) ;
#2569 = ADVANCED_FACE ( 'NONE', ( #4328 ), #2625, .F. ) ;
#2570 = CARTESIAN_POINT ( 'NONE',  ( -17.09266065111359012, 2.399999999999995470, -4.195348837209305515 ) ) ;
#2571 = EDGE_CURVE ( 'NONE', #3147, #3876, #281, .T. ) ;
#2572 = FACE_OUTER_BOUND ( 'NONE', #4332, .T. ) ;
#2573 = EDGE_CURVE ( 'NONE', #4098, #1610, #1496, .T. ) ;
#2574 = VECTOR ( 'NONE', #1843, 1000.000000000000000 ) ;
#2575 = VERTEX_POINT ( 'NONE', #5089 ) ;
#2576 = ORIENTED_EDGE ( 'NONE', *, *, #4200, .F. ) ;
#2577 = CIRCLE ( 'NONE', #547, 3.700000000000000178 ) ;
#2578 = DIRECTION ( 'NONE',  ( 0.000000000000000000, 0.000000000000000000, 1.000000000000000000 ) ) ;
#2579 = CARTESIAN_POINT ( 'NONE',  ( -8.458330249197747008, -1.045062560281234630E-15, 4.883419246268969616 ) ) ;
#2580 = CARTESIAN_POINT ( 'NONE',  ( 11.25833024919772285, 1.391014430517676645E-15, -9.733161507461877804 ) ) ;
#2581 = AXIS2_PLACEMENT_3D ( 'NONE', #703, #3866, #308 ) ;
#2582 = VERTEX_POINT ( 'NONE', #4692 ) ;
#2583 = ORIENTED_EDGE ( 'NONE', *, *, #2179, .F. ) ;
#2584 = AXIS2_PLACEMENT_3D ( 'NONE', #4958, #1341, #566 ) ;
#2585 = CARTESIAN_POINT ( 'NONE',  ( 7.010368516115058865E-16, 8.661607497131059322E-32, 9.766838492538095551 ) ) ;
#2586 = LINE ( 'NONE', #134, #3663 ) ;
#2587 = CARTESIAN_POINT ( 'NONE',  ( 5.147801551428267786, -12.38689838640493690, -16.31625383435525833 ) ) ;
#2588 = ORIENTED_EDGE ( 'NONE', *, *, #1608, .T. ) ;
#2589 = AXIS2_PLACEMENT_3D ( 'NONE', #1001, #4951, #1691 ) ;
#2590 = ORIENTED_EDGE ( 'NONE', *, *, #2404, .T. ) ;
#2591 = AXIS2_PLACEMENT_3D ( 'NONE', #2507, #3402, #2449 ) ;
#2592 = DIRECTION ( 'NONE',  ( -0.6123724356957922499, -0.7071067811865482389, -0.3535533905932763954 ) ) ;
#2593 = CARTESIAN_POINT ( 'NONE',  ( 8.458330249197667072, 1.045062560281224769E-15, 8.116580753730993081 ) ) ;
#2594 = DIRECTION ( 'NONE',  ( 0.000000000000000000, 0.7071067811865474617, -0.7071067811865474617 ) ) ;
#2595 = VERTEX_POINT ( 'NONE', #698 ) ;
#2596 = AXIS2_PLACEMENT_3D ( 'NONE', #2520, #53, #4383 ) ;
#2597 = PLANE ( 'NONE',  #1879 ) ;
#2598 = FACE_BOUND ( 'NONE', #2007, .T. ) ;
#2599 = DIRECTION ( 'NONE',  ( -0.8660254037844385966, -1.070011100398210680E-16, 0.4999999999999999445 ) ) ;
#2600 = DIRECTION ( 'NONE',  ( -0.000000000000000000, 1.000000000000000000, -0.000000000000000000 ) ) ;
#2601 = ORIENTED_EDGE ( 'NONE', *, *, #2226, .T. ) ;
#2602 = EDGE_CURVE ( 'NONE', #1473, #243, #1422, .T. ) ;
#2603 = VERTEX_POINT ( 'NONE', #4669 ) ;
#2604 = DIRECTION ( 'NONE',  ( 0.000000000000000000, 0.000000000000000000, -1.000000000000000000 ) ) ;
#2605 = DIRECTION ( 'NONE',  ( -1.000000000000000000, 0.000000000000000000, 0.000000000000000000 ) ) ;
#2606 = ADVANCED_FACE ( 'NONE', ( #1086 ), #2328, .F. ) ;
#2607 = CARTESIAN_POINT ( 'NONE',  ( -8.458330249197610229, 3.599999999999999201, -8.116580753731049924 ) ) ;
#2608 = ORIENTED_EDGE ( 'NONE', *, *, #3266, .F. ) ;
#2609 = ORIENTED_EDGE ( 'NONE', *, *, #1106, .F. ) ;
#2610 = AXIS2_PLACEMENT_3D ( 'NONE', #5170, #2812, #4431 ) ;
#2611 = DIRECTION ( 'NONE',  ( 0.000000000000000000, 0.000000000000000000, 1.000000000000000000 ) ) ;
#2612 = LINE ( 'NONE', #1558, #5088 ) ;
#2613 = CARTESIAN_POINT ( 'NONE',  ( 4.801391389914494212, 5.999999999999997335, -16.51625383435526473 ) ) ;
#2614 = ORIENTED_EDGE ( 'NONE', *, *, #3685, .T. ) ;
#2615 = ORIENTED_EDGE ( 'NONE', *, *, #4580, .F. ) ;
#2616 = VECTOR ( 'NONE', #3143, 1000.000000000000114 ) ;
#2617 = CARTESIAN_POINT ( 'NONE',  ( -6.749999999999892530, 2.399999999999996803, -9.541342951089982094 ) ) ;
#2618 = CARTESIAN_POINT ( 'NONE',  ( -11.25833024919762870, 3.599999999999998757, -3.800000000000128608 ) ) ;
#2619 = PLANE ( 'NONE',  #5173 ) ;
#2620 = VECTOR ( 'NONE', #150, 1000.000000000000000 ) ;
#2621 = ORIENTED_EDGE ( 'NONE', *, *, #1923, .T. ) ;
#2622 = DIRECTION ( 'NONE',  ( 0.5000000000000101030, 6.177711968508070260E-17, -0.8660254037844327124 ) ) ;
#2623 = VECTOR ( 'NONE', #2518, 1000.000000000000000 ) ;
#2624 = DIRECTION ( 'NONE',  ( 1.235542393701589400E-16, -1.000000000000000000, 0.000000000000000000 ) ) ;
#2625 = PLANE ( 'NONE',  #1658 ) ;
#2626 = CIRCLE ( 'NONE', #3313, 2.149999999999999023 ) ;
#2627 = LOCAL_TIME ( 21, 23, 33.00000000000000000, #1136 ) ;
#2628 = CARTESIAN_POINT ( 'NONE',  ( 11.90279970094666950, 5.600000000000000533, 12.41625383435534857 ) ) ;
#2629 = ORIENTED_EDGE ( 'NONE', *, *, #4069, .F. ) ;
#2630 = ORIENTED_EDGE ( 'NONE', *, *, #1284, .T. ) ;
#2631 = AXIS2_PLACEMENT_3D ( 'NONE', #1330, #2940, #108 ) ;
#2632 = CYLINDRICAL_SURFACE ( 'NONE', #1730, 3.700000000000000178 ) ;
#2633 = LINE ( 'NONE', #3727, #3097 ) ;
#2634 = CARTESIAN_POINT ( 'NONE',  ( 0.000000000000000000, 16.97268548471243577, 0.000000000000000000 ) ) ;
#2635 = VECTOR ( 'NONE', #579, 999.9999999999998863 ) ;
#2636 = VERTEX_POINT ( 'NONE', #2284 ) ;
#2637 = ADVANCED_FACE ( 'NONE', ( #2329, #322 ), #4307, .T. ) ;
#2638 = ORIENTED_EDGE ( 'NONE', *, *, #2332, .T. ) ;
#2639 = EDGE_CURVE ( 'NONE', #3231, #832, #2304, .T. ) ;
#2640 = FACE_OUTER_BOUND ( 'NONE', #2271, .T. ) ;
#2641 = EDGE_CURVE ( 'NONE', #1661, #4209, #2732, .T. ) ;
#2642 = DIRECTION ( 'NONE',  ( 1.235542393701589647E-16, -1.000000000000000000, 1.606719109387470606E-32 ) ) ;
#2643 = CARTESIAN_POINT ( 'NONE',  ( 11.90279970094684003, 16.97268548471243577, -12.41625383435518160 ) ) ;
#2644 = AXIS2_PLACEMENT_3D ( 'NONE', #2178, #3800, #3827 ) ;
#2645 = ORIENTED_EDGE ( 'NONE', *, *, #1769, .F. ) ;
#2646 = ORIENTED_EDGE ( 'NONE', *, *, #3299, .T. ) ;
#2647 = AXIS2_PLACEMENT_3D ( 'NONE', #2354, #1938, #4350 ) ;
#2648 = CARTESIAN_POINT ( 'NONE',  ( 6.750000000000135891, -7.372574772901430151E-15, -9.541342951089843538 ) ) ;
#2649 = CARTESIAN_POINT ( 'NONE',  ( 11.25833024919767311, 3.600000000000001421, 3.800000000000051781 ) ) ;
#2650 = DIRECTION ( 'NONE',  ( -1.000000000000000000, 0.000000000000000000, 0.000000000000000000 ) ) ;
#2651 = VERTEX_POINT ( 'NONE', #1884 ) ;
#2652 = PLANE ( 'NONE',  #3501 ) ;
#2653 = FACE_OUTER_BOUND ( 'NONE', #3583, .T. ) ;
#2654 = CARTESIAN_POINT ( 'NONE',  ( -11.25833024919776193, 4.600000000000006750, 6.499999999999895195 ) ) ;
#2655 = VECTOR ( 'NONE', #1583, 1000.000000000000000 ) ;
#2656 = DIRECTION ( 'NONE',  ( -0.4999999999999920064, -6.177711968507848393E-17, -0.8660254037844432595 ) ) ;
#2657 = ORIENTED_EDGE ( 'NONE', *, *, #1200, .T. ) ;
#2658 = VECTOR ( 'NONE', #2241, 1000.000000000000000 ) ;
#2659 = CARTESIAN_POINT ( 'NONE',  ( -14.05833024919774488, -3.900222272259922888E-15, 4.883419246268918101 ) ) ;
#2660 = LINE ( 'NONE', #358, #2072 ) ;
#2661 = EDGE_CURVE ( 'NONE', #2365, #3679, #332, .T. ) ;
#2662 = EDGE_LOOP ( 'NONE', ( #1380, #176, #3787, #503 ) ) ;
#2663 = VECTOR ( 'NONE', #3222, 1000.000000000000000 ) ;
#2664 = ORIENTED_EDGE ( 'NONE', *, *, #105, .F. ) ;
#2665 = VECTOR ( 'NONE', #1042, 1000.000000000000000 ) ;
#2666 = DIRECTION ( 'NONE',  ( -1.235542393701589400E-16, 1.000000000000000000, 0.000000000000000000 ) ) ;
#2667 = EDGE_CURVE ( 'NONE', #770, #1059, #3014, .T. ) ;
#2668 = DIRECTION ( 'NONE',  ( 8.659560562354939021E-17, -0.7071067811865470176, 0.7071067811865479058 ) ) ;
#2669 = EDGE_LOOP ( 'NONE', ( #4367, #1450, #670, #3230 ) ) ;
#2670 = VERTEX_POINT ( 'NONE', #4476 ) ;
#2671 = EDGE_CURVE ( 'NONE', #3876, #1052, #1415, .T. ) ;
#2672 = VECTOR ( 'NONE', #1287, 1000.000000000000000 ) ;
#2673 = EDGE_CURVE ( 'NONE', #3506, #1710, #2075, .T. ) ;
#2674 = CARTESIAN_POINT ( 'NONE',  ( -14.05833024919777330, -1.736966300754127731E-15, 8.116580753730824327 ) ) ;
#2675 = CARTESIAN_POINT ( 'NONE',  ( 6.749999999999973355, -7.372574772901430151E-15, 11.69134295108993804 ) ) ;
#2676 = EDGE_CURVE ( 'NONE', #3269, #737, #3280, .T. ) ;
#2677 = FACE_OUTER_BOUND ( 'NONE', #2170, .T. ) ;
#2678 = VECTOR ( 'NONE', #1515, 1000.000000000000114 ) ;
#2679 = VERTEX_POINT ( 'NONE', #1995 ) ;
#2680 = DIRECTION ( 'NONE',  ( 0.000000000000000000, 0.000000000000000000, 1.000000000000000000 ) ) ;
#2681 = AXIS2_PLACEMENT_3D ( 'NONE', #1203, #1962, #2752 ) ;
#2682 = FACE_OUTER_BOUND ( 'NONE', #4771, .T. ) ;
#2683 = DIRECTION ( 'NONE',  ( 0.000000000000000000, 0.000000000000000000, -1.000000000000000000 ) ) ;
#2684 = PERSON_AND_ORGANIZATION ( #5175, #124 ) ;
#2685 = CONICAL_SURFACE ( 'NONE', #1596, 1.699999999999998401, 0.7853981633974489451 ) ;
#2686 = ORIENTED_EDGE ( 'NONE', *, *, #1200, .F. ) ;
#2687 = DIRECTION ( 'NONE',  ( -1.235542393701589400E-16, 1.000000000000000000, -0.000000000000000000 ) ) ;
#2688 = VECTOR ( 'NONE', #1997, 999.9999999999998863 ) ;
#2689 = DIRECTION ( 'NONE',  ( -1.235542393701589400E-16, 1.000000000000000000, -0.000000000000000000 ) ) ;
#2690 = ORIENTED_EDGE ( 'NONE', *, *, #309, .F. ) ;
#2691 = VERTEX_POINT ( 'NONE', #797 ) ;
#2692 = LINE ( 'NONE', #1405, #4965 ) ;
#2693 = CARTESIAN_POINT ( 'NONE',  ( -8.458330249197645756, 3.599999999999999201, -4.883419246269145475 ) ) ;
#2694 = ORIENTED_EDGE ( 'NONE', *, *, #4828, .T. ) ;
#2695 = ORIENTED_EDGE ( 'NONE', *, *, #5169, .F. ) ;
#2696 = DIRECTION ( 'NONE',  ( 1.235542393701589400E-16, -1.000000000000000000, 0.000000000000000000 ) ) ;
#2697 = DIRECTION ( 'NONE',  ( 1.235542393701589400E-16, -1.000000000000000000, 0.000000000000000000 ) ) ;
#2698 = FACE_OUTER_BOUND ( 'NONE', #3776, .T. ) ;
#2699 = EDGE_CURVE ( 'NONE', #3982, #3976, #774, .T. ) ;
#2700 = EDGE_CURVE ( 'NONE', #1052, #306, #1332, .T. ) ;
#2701 = AXIS2_PLACEMENT_3D ( 'NONE', #4406, #4352, #4381 ) ;
#2702 = ORIENTED_EDGE ( 'NONE', *, *, #4898, .T. ) ;
#2704 = EDGE_CURVE ( 'NONE', #3675, #2651, #868, .T. ) ;
#2703 = DIRECTION ( 'NONE',  ( 0.8660254037844389297, 0.000000000000000000, 0.4999999999999995004 ) ) ;
#2705 = CARTESIAN_POINT ( 'NONE',  ( -4.801391389914150487, 16.97268548471243577, -16.51625383435536421 ) ) ;
#2706 = CARTESIAN_POINT ( 'NONE',  ( 10.30070415551617380, 5.999999999999997335, 9.641342951089947988 ) ) ;
#2707 = CONICAL_SURFACE ( 'NONE', #2361, 0.3999999999999975797, 0.7853981633974497223 ) ;
#2708 = EDGE_CURVE ( 'NONE', #229, #1957, #1185, .T. ) ;
#2709 = ORIENTED_EDGE ( 'NONE', *, *, #4511, .F. ) ;
#2710 = FACE_OUTER_BOUND ( 'NONE', #4390, .T. ) ;
#2711 = LINE ( 'NONE', #4335, #1907 ) ;
#2712 = DIRECTION ( 'NONE',  ( -8.715250743307478842E-15, -1.072357793034812923E-30, 1.000000000000000000 ) ) ;
#2713 = VERTEX_POINT ( 'NONE', #3986 ) ;
#2714 = ORIENTED_EDGE ( 'NONE', *, *, #4679, .F. ) ;
#2715 = AXIS2_PLACEMENT_3D ( 'NONE', #191, #4577, #4603 ) ;
#2716 = DIRECTION ( 'NONE',  ( 1.235542393701589400E-16, -1.000000000000000000, 0.000000000000000000 ) ) ;
#2717 = CARTESIAN_POINT ( 'NONE',  ( 6.750000000000135891, 5.600000000000000533, -11.69134295108984212 ) ) ;
#2718 = ORIENTED_EDGE ( 'NONE', *, *, #403, .F. ) ;
#2719 = ORIENTED_EDGE ( 'NONE', *, *, #2314, .F. ) ;
#2720 = CIRCLE ( 'NONE', #4081, 1.699999999999998401 ) ;
#2721 = LINE ( 'NONE', #4399, #4253 ) ;
#2722 = CARTESIAN_POINT ( 'NONE',  ( -11.25833024919776193, 4.600000000000006750, 6.499999999999895195 ) ) ;
#2723 = CIRCLE ( 'NONE', #5011, 2.149999999999999023 ) ;
#2724 = DIRECTION ( 'NONE',  ( -1.000000000000000000, -1.235542393701589400E-16, -8.548717289613705361E-15 ) ) ;
#2725 = AXIS2_PLACEMENT_3D ( 'NONE', #118, #563, #1696 ) ;
#2726 = EDGE_CURVE ( 'NONE', #918, #4358, #2416, .T. ) ;
#2727 = VERTEX_POINT ( 'NONE', #380 ) ;
#2728 = ORIENTED_EDGE ( 'NONE', *, *, #3999, .T. ) ;
#2729 = AXIS2_PLACEMENT_3D ( 'NONE', #1129, #1153, #5076 ) ;
#2730 = CARTESIAN_POINT ( 'NONE',  ( 6.750000000000135891, 5.999999999999997335, -11.69134295108984212 ) ) ;
#2731 = DIRECTION ( 'NONE',  ( -1.000000000000000000, 0.000000000000000000, 0.000000000000000000 ) ) ;
#2732 = LINE ( 'NONE', #303, #4863 ) ;
#2733 = LINE ( 'NONE', #3962, #2182 ) ;
#2734 = CALENDAR_DATE ( 2026, 26, 2 ) ;
#2735 = EDGE_CURVE ( 'NONE', #3754, #4166, #3193, .T. ) ;
#2736 = ORIENTED_EDGE ( 'NONE', *, *, #2639, .T. ) ;
#2737 = EDGE_CURVE ( 'NONE', #1375, #243, #405, .T. ) ;
#2738 = EDGE_CURVE ( 'NONE', #1819, #3989, #4540, .T. ) ;
#2739 = CIRCLE ( 'NONE', #2993, 3.700000000000000178 ) ;
#2740 = CARTESIAN_POINT ( 'NONE',  ( 9.364406786109204337E-16, 4.600000000000007638, 14.69999999999999751 ) ) ;
#2741 = DIRECTION ( 'NONE',  ( -0.000000000000000000, 1.000000000000000000, -0.000000000000000000 ) ) ;
#2742 = FACE_OUTER_BOUND ( 'NONE', #376, .T. ) ;
#2743 = EDGE_CURVE ( 'NONE', #7, #682, #3455, .T. ) ;
#2744 = ORIENTED_EDGE ( 'NONE', *, *, #4486, .F. ) ;
#2745 = ORIENTED_EDGE ( 'NONE', *, *, #1040, .F. ) ;
#2746 = CYLINDRICAL_SURFACE ( 'NONE', #4875, 2.150000000000000799 ) ;
#2747 = CARTESIAN_POINT ( 'NONE',  ( 13.50000000000000000, -6.505213034913026604E-15, 0.000000000000000000 ) ) ;
#2748 = EDGE_LOOP ( 'NONE', ( #264, #3729, #2393, #1222 ) ) ;
#2749 = ORIENTED_EDGE ( 'NONE', *, *, #4552, .T. ) ;
#2750 = AXIS2_PLACEMENT_3D ( 'NONE', #3987, #1232, #1672 ) ;
#2751 = DIRECTION ( 'NONE',  ( -0.000000000000000000, 1.000000000000000000, -0.000000000000000000 ) ) ;
#2752 = DIRECTION ( 'NONE',  ( 1.000000000000000000, 1.478457507934778886E-16, 0.000000000000000000 ) ) ;
#2753 = CARTESIAN_POINT ( 'NONE',  ( -2.800000000000001155, -3.459518702364452194E-16, -11.38341924626904600 ) ) ;
#2754 = ORIENTED_EDGE ( 'NONE', *, *, #3299, .F. ) ;
#2755 = AXIS2_PLACEMENT_3D ( 'NONE', #2132, #2159, #3041 ) ;
#2756 = VERTEX_POINT ( 'NONE', #4820 ) ;
#2757 = FACE_OUTER_BOUND ( 'NONE', #5183, .T. ) ;
#2758 = LINE ( 'NONE', #1971, #2524 ) ;
#2759 = CIRCLE ( 'NONE', #4535, 17.19999999999999929 ) ;
#2760 = DIRECTION ( 'NONE',  ( -0.000000000000000000, 1.000000000000000000, -0.000000000000000000 ) ) ;
#2761 = CARTESIAN_POINT ( 'NONE',  ( 11.25833024919767311, 4.600000000000003197, 6.500000000000052403 ) ) ;
#2762 = CARTESIAN_POINT ( 'NONE',  ( 0.000000000000000000, 0.000000000000000000, 0.000000000000000000 ) ) ;
#2763 = AXIS2_PLACEMENT_3D ( 'NONE', #2478, #4503, #1359 ) ;
#2764 = VERTEX_POINT ( 'NONE', #1155 ) ;
#2765 = ADVANCED_FACE ( 'NONE', ( #3247 ), #1209, .F. ) ;
#2766 = DIRECTION ( 'NONE',  ( -0.4999999999999980016, 0.000000000000000000, -0.8660254037844397068 ) ) ;
#2767 = DIRECTION ( 'NONE',  ( -0.000000000000000000, 1.000000000000000000, -3.697785493223492838E-32 ) ) ;
#2768 = VECTOR ( 'NONE', #1934, 1000.000000000000000 ) ;
#2769 = LINE ( 'NONE', #1891, #1794 ) ;
#2770 = ADVANCED_FACE ( 'NONE', ( #4038 ), #3644, .T. ) ;
#2771 = ORIENTED_EDGE ( 'NONE', *, *, #2052, .T. ) ;
#2772 = VERTEX_POINT ( 'NONE', #1231 ) ;
#2773 = AXIS2_PLACEMENT_3D ( 'NONE', #127, #3284, #155 ) ;
#2774 = EDGE_CURVE ( 'NONE', #2427, #3995, #2835, .T. ) ;
#2775 = DIRECTION ( 'NONE',  ( 0.000000000000000000, 0.000000000000000000, 1.000000000000000000 ) ) ;
#2776 = DIRECTION ( 'NONE',  ( -1.000000000000000000, 0.000000000000000000, 0.000000000000000000 ) ) ;
#2777 = ORIENTED_EDGE ( 'NONE', *, *, #1100, .F. ) ;
#2778 = ORIENTED_EDGE ( 'NONE', *, *, #5095, .T. ) ;
#2779 = CARTESIAN_POINT ( 'NONE',  ( -11.25833024919776193, 4.600000000000006750, 4.799999999999896794 ) ) ;
#2780 = LINE ( 'NONE', #4839, #2502 ) ;
#2781 = DIRECTION ( 'NONE',  ( 1.235542393701589400E-16, -1.000000000000000000, 0.000000000000000000 ) ) ;
#2782 = ORIENTED_EDGE ( 'NONE', *, *, #528, .F. ) ;
#2783 = ORIENTED_EDGE ( 'NONE', *, *, #2673, .T. ) ;
#2784 = DIRECTION ( 'NONE',  ( -0.000000000000000000, 1.000000000000000000, -0.000000000000000000 ) ) ;
#2785 = DIRECTION ( 'NONE',  ( -1.235542393701589400E-16, 1.000000000000000000, -0.000000000000000000 ) ) ;
#2786 = CARTESIAN_POINT ( 'NONE',  ( 11.25833024919772285, 1.391014430517676645E-15, -9.733161507461877804 ) ) ;
#2787 = CARTESIAN_POINT ( 'NONE',  ( -13.50000000000000178, 5.599999999999996980, 3.700000000000000178 ) ) ;
#2788 = ORIENTED_EDGE ( 'NONE', *, *, #693, .T. ) ;
#2789 = CARTESIAN_POINT ( 'NONE',  ( -11.55638953943280356, 2.399999999999995914, -12.61625383435542247 ) ) ;
#2790 = CARTESIAN_POINT ( 'NONE',  ( -16.70419109086099496, 16.97268548471243221, -4.100000000000000533 ) ) ;
#2791 = DIRECTION ( 'NONE',  ( -0.8660254037844405950, -1.070011100398213268E-16, 0.4999999999999965583 ) ) ;
#2792 = EDGE_LOOP ( 'NONE', ( #4012, #1251, #942, #430 ) ) ;
#2793 = ORIENTED_EDGE ( 'NONE', *, *, #4580, .T. ) ;
#2794 = CARTESIAN_POINT ( 'NONE',  ( 11.55638953943289415, 5.600000000000000533, 12.61625383435534786 ) ) ;
#2795 = CIRCLE ( 'NONE', #4248, 0.4000000000000010214 ) ;
#2796 = VECTOR ( 'NONE', #4876, 1000.000000000000114 ) ;
#2797 = DIRECTION ( 'NONE',  ( 0.000000000000000000, 1.000000000000000000, 0.000000000000000000 ) ) ;
#2798 = ADVANCED_FACE ( 'NONE', ( #3666 ), #845, .F. ) ;
#2799 = VERTEX_POINT ( 'NONE', #3296 ) ;
#2800 = ORIENTED_EDGE ( 'NONE', *, *, #4482, .F. ) ;
#2801 = AXIS2_PLACEMENT_3D ( 'NONE', #518, #101, #3535 ) ;
#2802 = AXIS2_PLACEMENT_3D ( 'NONE', #4157, #941, #2139 ) ;
#2803 = EDGE_CURVE ( 'NONE', #582, #5186, #13, .T. ) ;
#2804 = EDGE_CURVE ( 'NONE', #821, #1661, #1171, .T. ) ;
#2805 = CARTESIAN_POINT ( 'NONE',  ( 11.55638953943307179, 2.399999999999997691, -12.61625383435518621 ) ) ;
#2806 = LINE ( 'NONE', #4428, #3830 ) ;
#2807 = CIRCLE ( 'NONE', #2543, 2.700000000000001066 ) ;
#2808 = ORIENTED_EDGE ( 'NONE', *, *, #726, .T. ) ;
#2809 = AXIS2_PLACEMENT_3D ( 'NONE', #3574, #4631, #3203 ) ;
#2810 = ORIENTED_EDGE ( 'NONE', *, *, #27, .F. ) ;
#2811 = CIRCLE ( 'NONE', #4671, 0.4000000000000001887 ) ;
#2812 = DIRECTION ( 'NONE',  ( 1.235542393701589400E-16, -1.000000000000000000, 0.000000000000000000 ) ) ;
#2813 = CARTESIAN_POINT ( 'NONE',  ( -2.965301744883813771E-16, 2.399999999999997691, 0.000000000000000000 ) ) ;
#2814 = CARTESIAN_POINT ( 'NONE',  ( 11.90279970094684181, 5.999999999999998224, -12.41625383435518337 ) ) ;
#2815 = AXIS2_PLACEMENT_3D ( 'NONE', #4170, #2096, #1311 ) ;
#2816 = VERTEX_POINT ( 'NONE', #1308 ) ;
#2817 = FACE_OUTER_BOUND ( 'NONE', #263, .T. ) ;
#2818 = LINE ( 'NONE', #3200, #4029 ) ;
#2819 = LINE ( 'NONE', #46, #2796 ) ;
#2820 = VERTEX_POINT ( 'NONE', #923 ) ;
#2821 = AXIS2_PLACEMENT_3D ( 'NONE', #2717, #686, #2225 ) ;
#2822 = VERTEX_POINT ( 'NONE', #2508 ) ;
#2823 = CARTESIAN_POINT ( 'NONE',  ( -11.25833024919779213, 3.599999999999998757, 9.733161507461801421 ) ) ;
#2824 = ORIENTED_EDGE ( 'NONE', *, *, #1645, .F. ) ;
#2825 = ORIENTED_EDGE ( 'NONE', *, *, #3910, .T. ) ;
#2826 = EDGE_CURVE ( 'NONE', #243, #1240, #2946, .T. ) ;
#2827 = DIRECTION ( 'NONE',  ( 0.000000000000000000, 0.000000000000000000, 1.000000000000000000 ) ) ;
#2828 = CARTESIAN_POINT ( 'NONE',  ( -4.801391389914377861, 5.999999999999995559, 16.51625383435528960 ) ) ;
#2829 = EDGE_LOOP ( 'NONE', ( #3842, #1660, #1801 ) ) ;
#2830 = ADVANCED_FACE ( 'NONE', ( #972 ), #3768, .F. ) ;
#2831 = VERTEX_POINT ( 'NONE', #4108 ) ;
#2832 = AXIS2_PLACEMENT_3D ( 'NONE', #348, #318, #2650 ) ;
#2833 = ADVANCED_FACE ( 'NONE', ( #3379 ), #2145, .F. ) ;
#2834 = CARTESIAN_POINT ( 'NONE',  ( -11.25833024919779213, 3.599999999999998757, 9.733161507461801421 ) ) ;
#2835 = LINE ( 'NONE', #2859, #1748 ) ;
#2836 = LINE ( 'NONE', #3667, #2482 ) ;
#2837 = VECTOR ( 'NONE', #4990, 1000.000000000000114 ) ;
#2838 = PERSON_AND_ORGANIZATION ( #5175, #124 ) ;
#2839 = CARTESIAN_POINT ( 'NONE',  ( 11.25833024919771574, 5.999999999999998224, -6.499999999999974243 ) ) ;
#2840 = CIRCLE ( 'NONE', #3778, 17.60000000000000853 ) ;
#2841 = DIRECTION ( 'NONE',  ( -1.235542393701589400E-16, 1.000000000000000000, 0.000000000000000000 ) ) ;
#2842 = AXIS2_PLACEMENT_3D ( 'NONE', #504, #947, #1358 ) ;
#2843 = LINE ( 'NONE', #70, #4113 ) ;
#2844 = DIRECTION ( 'NONE',  ( -1.235542393701589400E-16, 1.000000000000000000, -0.000000000000000000 ) ) ;
#2845 = VERTEX_POINT ( 'NONE', #166 ) ;
#2846 = EDGE_LOOP ( 'NONE', ( #4091, #3287 ) ) ;
#2847 = DIRECTION ( 'NONE',  ( 0.4999999999999919509, 6.177711968507849625E-17, 0.8660254037844433705 ) ) ;
#2848 = VERTEX_POINT ( 'NONE', #2593 ) ;
#2849 = AXIS2_PLACEMENT_3D ( 'NONE', #4651, #1431, #2189 ) ;
#2850 = ORIENTED_EDGE ( 'NONE', *, *, #3816, .F. ) ;
#2851 = AXIS2_PLACEMENT_3D ( 'NONE', #4231, #1912, #1942 ) ;
#2852 = CARTESIAN_POINT ( 'NONE',  ( -6.749999999999892530, -9.107298248878237246E-15, -9.541342951089982094 ) ) ;
#2853 = LINE ( 'NONE', #4078, #1871 ) ;
#2854 = EDGE_LOOP ( 'NONE', ( #3935, #3539, #1219, #4034 ) ) ;
#2855 = CC_DESIGN_DATE_AND_TIME_ASSIGNMENT ( #848, #4111, ( #2972 ) ) ;
#2856 = ORIENTED_EDGE ( 'NONE', *, *, #3166, .F. ) ;
#2857 = FACE_OUTER_BOUND ( 'NONE', #3626, .T. ) ;
#2858 = EDGE_CURVE ( 'NONE', #3120, #447, #3538, .T. ) ;
#2859 = CARTESIAN_POINT ( 'NONE',  ( -6.749999999999892530, 5.599999999999996980, -7.991342951089983160 ) ) ;
#2860 = EDGE_CURVE ( 'NONE', #3026, #4202, #4291, .T. ) ;
#2861 = DIRECTION ( 'NONE',  ( 0.000000000000000000, 0.000000000000000000, 1.000000000000000000 ) ) ;
#2862 = PERSON_AND_ORGANIZATION_ROLE ( 'design_supplier' ) ;
#2863 = EDGE_CURVE ( 'NONE', #3895, #1045, #4161, .T. ) ;
#2864 = LINE ( 'NONE', #356, #1969 ) ;
#2865 = DIRECTION ( 'NONE',  ( 1.235542393701589400E-16, -1.000000000000000000, -0.000000000000000000 ) ) ;
#2866 = EDGE_CURVE ( 'NONE', #335, #2636, #1498, .T. ) ;
#2867 = FACE_OUTER_BOUND ( 'NONE', #576, .T. ) ;
#2868 = EDGE_CURVE ( 'NONE', #3799, #4842, #3717, .T. ) ;
#2869 = FACE_OUTER_BOUND ( 'NONE', #3786, .T. ) ;
#2870 = ORIENTED_EDGE ( 'NONE', *, *, #3904, .T. ) ;
#2871 = ORIENTED_EDGE ( 'NONE', *, *, #4611, .T. ) ;
#2872 = LINE ( 'NONE', #4731, #1886 ) ;
#2873 = DIRECTION ( 'NONE',  ( 0.000000000000000000, -0.7071067811865470176, -0.7071067811865479058 ) ) ;
#2874 = ORIENTED_EDGE ( 'NONE', *, *, #3399, .T. ) ;
#2875 = ORIENTED_EDGE ( 'NONE', *, *, #1966, .T. ) ;
#2876 = CARTESIAN_POINT ( 'NONE',  ( 14.05833024919771646, 1.736966300754120829E-15, -8.116580753730922027 ) ) ;
#2877 = CARTESIAN_POINT ( 'NONE',  ( -8.458330249197610229, -1.045062560281217867E-15, -8.116580753731049924 ) ) ;
#2878 = DIRECTION ( 'NONE',  ( -1.235542393701589400E-16, 1.000000000000000000, -0.000000000000000000 ) ) ;
#2879 = ORIENTED_EDGE ( 'NONE', *, *, #946, .F. ) ;
#2880 = VERTEX_POINT ( 'NONE', #1720 ) ;
#2881 = CIRCLE ( 'NONE', #218, 0.4000000000000001887 ) ;
#2882 = LINE ( 'NONE', #4502, #2219 ) ;
#2883 = DIRECTION ( 'NONE',  ( -1.000000000000000000, 0.000000000000000000, 8.673617379884030739E-15 ) ) ;
#2884 = ADVANCED_FACE ( 'NONE', ( #113 ), #3348, .F. ) ;
#2885 = DIRECTION ( 'NONE',  ( -1.000000000000000000, 0.000000000000000000, 0.000000000000000000 ) ) ;
#2886 = AXIS2_PLACEMENT_3D ( 'NONE', #3254, #1676, #876 ) ;
#2887 = AXIS2_PLACEMENT_3D ( 'NONE', #4955, #2918, #4534 ) ;
#2888 = DIRECTION ( 'NONE',  ( -0.8660254037844389297, 0.000000000000000000, -0.4999999999999995004 ) ) ;
#2889 = VECTOR ( 'NONE', #3423, 1000.000000000000000 ) ;
#2890 = LINE ( 'NONE', #4506, #4675 ) ;
#2891 = DIRECTION ( 'NONE',  ( 0.000000000000000000, -0.7071067811865473507, -0.7071067811865477948 ) ) ;
#2892 = ADVANCED_FACE ( 'NONE', ( #195 ), #1336, .F. ) ;
#2893 = VECTOR ( 'NONE', #509, 1000.000000000000000 ) ;
#2894 = FACE_OUTER_BOUND ( 'NONE', #3276, .T. ) ;
#2895 = CARTESIAN_POINT ( 'NONE',  ( 3.545706005997545596, 5.600000000000000533, 13.54134295108993058 ) ) ;
#2896 = CIRCLE ( 'NONE', #2725, 4.099999999999998757 ) ;
#2897 = EDGE_LOOP ( 'NONE', ( #833, #3592, #2614, #151 ) ) ;
#2898 = EDGE_CURVE ( 'NONE', #4181, #3340, #1387, .T. ) ;
#2899 = VERTEX_POINT ( 'NONE', #4189 ) ;
#2900 = AXIS2_PLACEMENT_3D ( 'NONE', #2730, #1968, #378 ) ;
#2901 = CARTESIAN_POINT ( 'NONE',  ( 8.458330249197718587, 3.600000000000000977, -8.116580753730932685 ) ) ;
#2902 = VECTOR ( 'NONE', #1296, 999.9999999999998863 ) ;
#2903 = CARTESIAN_POINT ( 'NONE',  ( 17.60000000000000142, -1.294892339038817357E-15, 2.155378366499341605E-15 ) ) ;
#2904 = EDGE_CURVE ( 'NONE', #1747, #2982, #2931, .T. ) ;
#2905 = LINE ( 'NONE', #2550, #2177 ) ;
#2906 = ORIENTED_EDGE ( 'NONE', *, *, #4460, .F. ) ;
#2907 = EDGE_LOOP ( 'NONE', ( #4993, #4753, #2106, #1125 ) ) ;
#2908 = VECTOR ( 'NONE', #2865, 1000.000000000000000 ) ;
#2909 = DIRECTION ( 'NONE',  ( 8.736604050298533138E-17, -0.7071067811865477948, -0.7071067811865473507 ) ) ;
#2910 = DIRECTION ( 'NONE',  ( -1.235542393701589400E-16, 1.000000000000000000, -1.155557966632316880E-33 ) ) ;
#2911 = LINE ( 'NONE', #3373, #1791 ) ;
#2912 = ORIENTED_EDGE ( 'NONE', *, *, #3652, .T. ) ;
#2913 = ORIENTED_EDGE ( 'NONE', *, *, #3366, .F. ) ;
#2914 = FACE_BOUND ( 'NONE', #859, .T. ) ;
#2915 = DIRECTION ( 'NONE',  ( -1.000000000000000000, -1.070816960479510870E-16, 0.000000000000000000 ) ) ;
#2916 = FACE_OUTER_BOUND ( 'NONE', #3035, .T. ) ;
#2917 = AXIS2_PLACEMENT_3D ( 'NONE', #1414, #613, #1722 ) ;
#2918 = DIRECTION ( 'NONE',  ( -1.235542393701589400E-16, 1.000000000000000000, -3.697785493223492838E-32 ) ) ;
#2919 = DIRECTION ( 'NONE',  ( -1.235542393701589400E-16, 1.000000000000000000, -3.697785493223492838E-32 ) ) ;
#2920 = VECTOR ( 'NONE', #3155, 1000.000000000000000 ) ;
#2921 = DIRECTION ( 'NONE',  ( -1.235542393701589400E-16, 1.000000000000000000, -0.000000000000000000 ) ) ;
#2922 = CARTESIAN_POINT ( 'NONE',  ( -13.50000000000000178, 5.999999999999994671, 4.099999999999997868 ) ) ;
#2923 = DIRECTION ( 'NONE',  ( 0.000000000000000000, 0.000000000000000000, 1.000000000000000000 ) ) ;
#2924 = VERTEX_POINT ( 'NONE', #5005 ) ;
#2925 = AXIS2_PLACEMENT_3D ( 'NONE', #674, #1838, #2263 ) ;
#2926 = EDGE_CURVE ( 'NONE', #4947, #2595, #760, .T. ) ;
#2927 = EDGE_LOOP ( 'NONE', ( #4010, #2270, #1161, #130 ) ) ;
#2928 = CARTESIAN_POINT ( 'NONE',  ( 13.50000000000000000, 2.399999999999999467, 0.000000000000000000 ) ) ;
#2929 = CARTESIAN_POINT ( 'NONE',  ( 9.954293994002537005, 5.600000000000000533, -9.841342951089805169 ) ) ;
#2930 = EDGE_CURVE ( 'NONE', #3982, #3754, #1671, .T. ) ;
#2931 = CIRCLE ( 'NONE', #3956, 2.700000000000001066 ) ;
#2932 = FACE_BOUND ( 'NONE', #1599, .T. ) ;
#2933 = EDGE_CURVE ( 'NONE', #4810, #3457, #3197, .T. ) ;
#2934 = ORIENTED_EDGE ( 'NONE', *, *, #2253, .F. ) ;
#2935 = ADVANCED_FACE ( 'NONE', ( #4687, #1079 ), #1030, .T. ) ;
#2936 = ORIENTED_EDGE ( 'NONE', *, *, #3491, .F. ) ;
#2937 = AXIS2_PLACEMENT_3D ( 'NONE', #3167, #4015, #18 ) ;
#2938 = FACE_OUTER_BOUND ( 'NONE', #2927, .T. ) ;
#2939 = DIRECTION ( 'NONE',  ( -0.000000000000000000, 1.000000000000000000, -3.697785493223492838E-32 ) ) ;
#2940 = DIRECTION ( 'NONE',  ( 0.8660254037844432595, 1.070011100398216473E-16, -0.4999999999999920064 ) ) ;
#2941 = AXIS2_PLACEMENT_3D ( 'NONE', #4637, #1102, #4246 ) ;
#2942 = VERTEX_POINT ( 'NONE', #4299 ) ;
#2943 = ORIENTED_EDGE ( 'NONE', *, *, #4460, .T. ) ;
#2944 = AXIS2_PLACEMENT_3D ( 'NONE', #3703, #2442, #3339 ) ;
#2945 = CARTESIAN_POINT ( 'NONE',  ( -11.25833024919773173, 3.599999999999998757, 3.266838492537993410 ) ) ;
#2946 = LINE ( 'NONE', #3322, #1590 ) ;
#2947 = CARTESIAN_POINT ( 'NONE',  ( -14.05833024919764540, 3.599999999999998312, -4.883419246269209424 ) ) ;
#2948 = ORIENTED_EDGE ( 'NONE', *, *, #3748, .T. ) ;
#2949 = CARTESIAN_POINT ( 'NONE',  ( -4.801391389914373420, 5.599999999999998757, 16.51625383435529315 ) ) ;
#2950 = CARTESIAN_POINT ( 'NONE',  ( -12.17960899631743210, 5.599999999999996980, -12.70500392352648156 ) ) ;
#2951 = LINE ( 'NONE', #1726, #4953 ) ;
#2952 = LINE ( 'NONE', #1064, #3234 ) ;
#2953 = ORIENTED_EDGE ( 'NONE', *, *, #1417, .F. ) ;
#2954 = ORIENTED_EDGE ( 'NONE', *, *, #2661, .T. ) ;
#2955 = DIRECTION ( 'NONE',  ( -0.6123724356957895854, -0.7071067811865482389, -0.3535533905932810028 ) ) ;
#2956 = FACE_OUTER_BOUND ( 'NONE', #3101, .T. ) ;
#2957 = DIRECTION ( 'NONE',  ( -0.8660254037844378194, -1.070011100398209694E-16, -0.5000000000000014433 ) ) ;
#2958 = ADVANCED_FACE ( 'NONE', ( #690 ), #2277, .F. ) ;
#2959 = VERTEX_POINT ( 'NONE', #3509 ) ;
#2960 = ORIENTED_EDGE ( 'NONE', *, *, #785, .T. ) ;
#2961 = DIRECTION ( 'NONE',  ( 1.235542393701589400E-16, -1.000000000000000000, 0.000000000000000000 ) ) ;
#2962 = EDGE_CURVE ( 'NONE', #881, #610, #2497, .T. ) ;
#2963 = CARTESIAN_POINT ( 'NONE',  ( 3.545706005997734334, 5.600000000000000533, -13.54134295108988084 ) ) ;
#2964 = CARTESIAN_POINT ( 'NONE',  ( -9.954293994002332724, 2.399999999999995914, -9.841342951090013003 ) ) ;
#2965 = ORIENTED_EDGE ( 'NONE', *, *, #1608, .F. ) ;
#2966 = VERTEX_POINT ( 'NONE', #2618 ) ;
#2967 = EDGE_CURVE ( 'NONE', #2266, #2924, #3130, .T. ) ;
#2968 = ADVANCED_FACE ( 'NONE', ( #642 ), #2005, .F. ) ;
#2969 = DIRECTION ( 'NONE',  ( 0.4999999999999979461, 6.177711968507921116E-17, 0.8660254037844397068 ) ) ;
#2970 = DIRECTION ( 'NONE',  ( -0.4999999999999906186, -6.177711968507832369E-17, -0.8660254037844441477 ) ) ;
#2971 = CARTESIAN_POINT ( 'NONE',  ( 8.099999999999999645, 1.000789338898287074E-15, 9.919639073093557256E-16 ) ) ;
#2972 = SECURITY_CLASSIFICATION ( '', '', #3224 ) ;
#2973 = VERTEX_POINT ( 'NONE', #1878 ) ;
#2974 = DIRECTION ( 'NONE',  ( -1.235542393701589400E-16, 1.000000000000000000, -0.000000000000000000 ) ) ;
#2975 = LINE ( 'NONE', #3302, #4173 ) ;
#2976 = CIRCLE ( 'NONE', #3659, 4.099999999999997868 ) ;
#2977 = DIRECTION ( 'NONE',  ( -1.235542393701589400E-16, 1.000000000000000000, -0.000000000000000000 ) ) ;
#2978 = PLANE ( 'NONE',  #957 ) ;
#2979 = CIRCLE ( 'NONE', #5085, 0.4000000000000010214 ) ;
#2980 = ORIENTED_EDGE ( 'NONE', *, *, #3264, .T. ) ;
#2981 = AXIS2_PLACEMENT_3D ( 'NONE', #1607, #4538, #3631 ) ;
#2982 = VERTEX_POINT ( 'NONE', #2649 ) ;
#2983 = FACE_OUTER_BOUND ( 'NONE', #4215, .T. ) ;
#2984 = CARTESIAN_POINT ( 'NONE',  ( 4.801391389914493324, 5.600000000000000533, -16.51625383435526118 ) ) ;
#2985 = CARTESIAN_POINT ( 'NONE',  ( 11.25833024919771574, 4.600000000000003197, -8.199999999999972644 ) ) ;
#2986 = ORIENTED_EDGE ( 'NONE', *, *, #1806, .F. ) ;
#2987 = ORIENTED_EDGE ( 'NONE', *, *, #2735, .F. ) ;
#2988 = DIRECTION ( 'NONE',  ( -0.8660254037844441477, -1.070011100398217582E-16, 0.4999999999999904521 ) ) ;
#2989 = CARTESIAN_POINT ( 'NONE',  ( -5.147801551427928501, 2.399999999999995914, -16.31625383435536847 ) ) ;
#2990 = DIRECTION ( 'NONE',  ( 1.000000000000000000, 1.606225440719265134E-16, 0.000000000000000000 ) ) ;
#2991 = ORIENTED_EDGE ( 'NONE', *, *, #2347, .F. ) ;
#2992 = VERTEX_POINT ( 'NONE', #1904 ) ;
#2993 = AXIS2_PLACEMENT_3D ( 'NONE', #4720, #3039, #4673 ) ;
#2994 = DIRECTION ( 'NONE',  ( -4.662936703425656681E-15, -5.854827030937196117E-31, 1.000000000000000000 ) ) ;
#2995 = CARTESIAN_POINT ( 'NONE',  ( -14.05833024919777330, 3.599999999999998312, 8.116580753730824327 ) ) ;
#2996 = DIRECTION ( 'NONE',  ( -0.000000000000000000, 1.000000000000000000, -0.000000000000000000 ) ) ;
#2997 = EDGE_CURVE ( 'NONE', #588, #1291, #676, .T. ) ;
#2998 = EDGE_CURVE ( 'NONE', #4028, #1206, #5107, .T. ) ;
#2999 = ORIENTED_EDGE ( 'NONE', *, *, #2314, .T. ) ;
#3001 = EDGE_CURVE ( 'NONE', #29, #757, #426, .T. ) ;
#3000 = CARTESIAN_POINT ( 'NONE',  ( -8.458330249197747008, -1.045062560281234630E-15, 4.883419246268969616 ) ) ;
#3002 = DIRECTION ( 'NONE',  ( 1.235542393701589400E-16, -1.000000000000000000, 0.000000000000000000 ) ) ;
#3003 = CARTESIAN_POINT ( 'NONE',  ( -1.625704155516096039, 5.999999999999996447, -5.384197804570175272 ) ) ;
#3004 = DIRECTION ( 'NONE',  ( 0.8660254037844390407, 1.070011100398211296E-16, 0.4999999999999993339 ) ) ;
#3005 = VERTEX_POINT ( 'NONE', #2201 ) ;
#3006 = ORIENTED_EDGE ( 'NONE', *, *, #1483, .T. ) ;
#3007 = AXIS2_PLACEMENT_3D ( 'NONE', #973, #2996, #2322 ) ;
#3008 = DIRECTION ( 'NONE',  ( -1.235542393701589400E-16, 1.000000000000000000, 0.000000000000000000 ) ) ;
#3009 = DIRECTION ( 'NONE',  ( -1.000000000000000000, -1.235542393701589400E-16, 0.000000000000000000 ) ) ;
#3010 = DIRECTION ( 'NONE',  ( 1.235542393701589400E-16, -1.000000000000000000, -0.000000000000000000 ) ) ;
#3011 = AXIS2_PLACEMENT_3D ( 'NONE', #1654, #4849, #388 ) ;
#3012 = ORIENTED_EDGE ( 'NONE', *, *, #337, .T. ) ;
#3013 = ORIENTED_EDGE ( 'NONE', *, *, #2150, .F. ) ;
#3014 = CIRCLE ( 'NONE', #756, 3.700000000000000178 ) ;
#3015 = LINE ( 'NONE', #1848, #3963 ) ;
#3016 = DIRECTION ( 'NONE',  ( 1.235542393701589400E-16, -1.000000000000000000, 0.000000000000000000 ) ) ;
#3017 = LINE ( 'NONE', #267, #1625 ) ;
#3018 = VERTEX_POINT ( 'NONE', #1489 ) ;
#3019 = AXIS2_PLACEMENT_3D ( 'NONE', #1623, #3273, #4845 ) ;
#3020 = ORIENTED_EDGE ( 'NONE', *, *, #4327, .F. ) ;
#3021 = DIRECTION ( 'NONE',  ( 8.548717289613705361E-15, 1.041542913924617149E-30, -1.000000000000000000 ) ) ;
#3022 = CIRCLE ( 'NONE', #1840, 2.149999999999999023 ) ;
#3023 = DIRECTION ( 'NONE',  ( 9.376883653928686624E-16, 0.000000000000000000, -1.000000000000000000 ) ) ;
#3024 = DIRECTION ( 'NONE',  ( 0.000000000000000000, 1.000000000000000000, 0.000000000000000000 ) ) ;
#3025 = APPROVAL ( #480, 'UNSPECIFIED' ) ;
#3026 = VERTEX_POINT ( 'NONE', #3880 ) ;
#3027 = AXIS2_PLACEMENT_3D ( 'NONE', #1709, #1739, #2053 ) ;
#3028 = DIRECTION ( 'NONE',  ( -0.000000000000000000, 0.000000000000000000, 1.000000000000000000 ) ) ;
#3029 = EDGE_CURVE ( 'NONE', #5029, #2831, #3105, .T. ) ;
#3030 = ADVANCED_FACE ( 'NONE', ( #3482 ), #1090, .T. ) ;
#3031 = FACE_OUTER_BOUND ( 'NONE', #5067, .T. ) ;
#3032 = CARTESIAN_POINT ( 'NONE',  ( -9.954293994002332724, 5.599999999999996980, -9.841342951090013003 ) ) ;
#3033 = CARTESIAN_POINT ( 'NONE',  ( -4.389786309740481879E-15, 3.600000000000000089, -16.23316150746190090 ) ) ;
#3034 = EDGE_CURVE ( 'NONE', #4757, #1950, #16, .T. ) ;
#3035 = EDGE_LOOP ( 'NONE', ( #1265, #3419, #3724, #527 ) ) ;
#3036 = ORIENTED_EDGE ( 'NONE', *, *, #4894, .T. ) ;
#3037 = ADVANCED_FACE ( 'NONE', ( #2231 ), #2086, .F. ) ;
#3038 = EDGE_CURVE ( 'NONE', #724, #2651, #3852, .T. ) ;
#3039 = DIRECTION ( 'NONE',  ( 1.235542393701589400E-16, -1.000000000000000000, 0.000000000000000000 ) ) ;
#3040 = AXIS2_PLACEMENT_3D ( 'NONE', #3822, #4662, #5079 ) ;
#3041 = DIRECTION ( 'NONE',  ( 1.000000000000000000, 1.008560160451632098E-16, 0.000000000000000000 ) ) ;
#3042 = LINE ( 'NONE', #603, #849 ) ;
#3043 = VERTEX_POINT ( 'NONE', #1465 ) ;
#3044 = ORIENTED_EDGE ( 'NONE', *, *, #1075, .T. ) ;
#3045 = DIRECTION ( 'NONE',  ( 1.000000000000000000, 0.000000000000000000, 0.000000000000000000 ) ) ;
#3046 = VECTOR ( 'NONE', #3806, 1000.000000000000227 ) ;
#3047 = DIRECTION ( 'NONE',  ( -1.000000000000000000, -1.232047923278981706E-16, 3.552713678800500929E-15 ) ) ;
#3048 = CARTESIAN_POINT ( 'NONE',  ( 6.749999999999973355, 2.399999999999998579, 9.541342951089937685 ) ) ;
#3049 = VERTEX_POINT ( 'NONE', #1440 ) ;
#3050 = ORIENTED_EDGE ( 'NONE', *, *, #2998, .F. ) ;
#3051 = CARTESIAN_POINT ( 'NONE',  ( -16.70419109086099141, 2.399999999999995914, -4.100000000000000533 ) ) ;
#3052 = DIRECTION ( 'NONE',  ( 0.000000000000000000, 0.000000000000000000, 1.000000000000000000 ) ) ;
#3053 = DIRECTION ( 'NONE',  ( -0.000000000000000000, 1.000000000000000000, -0.000000000000000000 ) ) ;
#3054 = EDGE_LOOP ( 'NONE', ( #3779, #2383, #1268, #310 ) ) ;
#3055 = DIRECTION ( 'NONE',  ( -0.5000000000000039968, 0.000000000000000000, 0.8660254037844363761 ) ) ;
#3056 = ADVANCED_FACE ( 'NONE', ( #3079 ), #839, .F. ) ;
#3057 = AXIS2_PLACEMENT_3D ( 'NONE', #933, #1319, #4989 ) ;
#3058 = DIRECTION ( 'NONE',  ( -1.235542393701589400E-16, 1.000000000000000000, -0.000000000000000000 ) ) ;
#3059 = CARTESIAN_POINT ( 'NONE',  ( 2.799999999999997158, 3.600000000000000533, -14.61658075373095222 ) ) ;
#3060 = VECTOR ( 'NONE', #2600, 1000.000000000000000 ) ;
#3061 = DIRECTION ( 'NONE',  ( 1.000000000000000000, 0.000000000000000000, 0.000000000000000000 ) ) ;
#3062 = ORIENTED_EDGE ( 'NONE', *, *, #4393, .F. ) ;
#3063 = AXIS2_PLACEMENT_3D ( 'NONE', #374, #1618, #2380 ) ;
#3064 = EDGE_CURVE ( 'NONE', #4444, #4558, #2780, .T. ) ;
#3065 = CARTESIAN_POINT ( 'NONE',  ( 11.90279970094684003, 5.999999999999998224, -12.41625383435518337 ) ) ;
#3066 = LINE ( 'NONE', #4721, #4197 ) ;
#3067 = AXIS2_PLACEMENT_3D ( 'NONE', #2065, #4112, #951 ) ;
#3068 = CONICAL_SURFACE ( 'NONE', #4418, 17.19999999999999929, 0.7853981633974482790 ) ;
#3069 = EDGE_CURVE ( 'NONE', #4599, #4542, #1247, .T. ) ;
#3070 = ORIENTED_EDGE ( 'NONE', *, *, #1862, .F. ) ;
#3071 = EDGE_LOOP ( 'NONE', ( #2800, #2953 ) ) ;
#3072 = CIRCLE ( 'NONE', #806, 1.699999999999999289 ) ;
#3073 = EDGE_CURVE ( 'NONE', #229, #444, #1538, .T. ) ;
#3074 = CARTESIAN_POINT ( 'NONE',  ( -2.965301744883813771E-16, 2.399999999999997691, 0.000000000000000000 ) ) ;
#3075 = CARTESIAN_POINT ( 'NONE',  ( 13.50000000000000000, 5.999999999999998224, 4.099999999999997868 ) ) ;
#3076 = ORIENTED_EDGE ( 'NONE', *, *, #4900, .T. ) ;
#3077 = ORIENTED_EDGE ( 'NONE', *, *, #853, .T. ) ;
#3078 = CARTESIAN_POINT ( 'NONE',  ( -8.458330249197610229, 3.599999999999999201, -8.116580753731049924 ) ) ;
#3079 = FACE_OUTER_BOUND ( 'NONE', #32, .T. ) ;
#3080 = AXIS2_PLACEMENT_3D ( 'NONE', #1719, #3295, #2092 ) ;
#3081 = DIRECTION ( 'NONE',  ( -1.235542393701589400E-16, 1.000000000000000000, -0.000000000000000000 ) ) ;
#3082 = VERTEX_POINT ( 'NONE', #3660 ) ;
#3083 = VECTOR ( 'NONE', #2288, 1000.000000000000114 ) ;
#3084 = CARTESIAN_POINT ( 'NONE',  ( 11.25833024919771574, 5.999999999999998224, -6.499999999999974243 ) ) ;
#3085 = CARTESIAN_POINT ( 'NONE',  ( 11.25833024919767311, 4.600000000000003197, 6.500000000000052403 ) ) ;
#3086 = DIRECTION ( 'NONE',  ( -0.6123724356957954695, -0.7071067811865477948, 0.3535533905932715659 ) ) ;
#3087 = VECTOR ( 'NONE', #3915, 999.9999999999998863 ) ;
#3088 = DIRECTION ( 'NONE',  ( 0.5000000000000101030, 0.000000000000000000, -0.8660254037844327124 ) ) ;
#3089 = ORIENTED_EDGE ( 'NONE', *, *, #1631, .T. ) ;
#3090 = DIRECTION ( 'NONE',  ( 1.235542393701589400E-16, -1.000000000000000000, 0.000000000000000000 ) ) ;
#3091 = CARTESIAN_POINT ( 'NONE',  ( 7.010368516115058865E-16, 8.661607497131059322E-32, 9.766838492538095551 ) ) ;
#3092 = ORIENTED_EDGE ( 'NONE', *, *, #3883, .F. ) ;
#3093 = AXIS2_PLACEMENT_3D ( 'NONE', #196, #4952, #1337 ) ;
#3094 = ORIENTED_EDGE ( 'NONE', *, *, #3328, .T. ) ;
#3095 = EDGE_CURVE ( 'NONE', #1473, #2266, #4400, .T. ) ;
#3096 = EDGE_CURVE ( 'NONE', #610, #881, #3022, .T. ) ;
#3097 = VECTOR ( 'NONE', #545, 1000.000000000000114 ) ;
#3098 = CARTESIAN_POINT ( 'NONE',  ( -2.210901595197776700E-15, 4.600000000000000533, -13.00000000000000000 ) ) ;
#3099 = LINE ( 'NONE', #5128, #3488 ) ;
#3100 = EDGE_CURVE ( 'NONE', #733, #3982, #1149, .T. ) ;
#3101 = EDGE_LOOP ( 'NONE', ( #2353, #3891, #3653, #1846 ) ) ;
#3102 = ORIENTED_EDGE ( 'NONE', *, *, #2439, .F. ) ;
#3103 = AXIS2_PLACEMENT_3D ( 'NONE', #4537, #2977, #2125 ) ;
#3104 = DIRECTION ( 'NONE',  ( -1.235542393701589400E-16, 1.000000000000000000, -0.000000000000000000 ) ) ;
#3105 = LINE ( 'NONE', #4711, #5048 ) ;
#3106 = CARTESIAN_POINT ( 'NONE',  ( 6.750000000000135891, 5.600000000000000533, -11.69134295108984212 ) ) ;
#3107 = AXIS2_PLACEMENT_3D ( 'NONE', #1254, #2406, #1649 ) ;
#3108 = ORIENTED_EDGE ( 'NONE', *, *, #2253, .T. ) ;
#3109 = CARTESIAN_POINT ( 'NONE',  ( -4.447952617325721643E-16, 3.600000000000000089, 0.000000000000000000 ) ) ;
#3110 = AXIS2_PLACEMENT_3D ( 'NONE', #3315, #4882, #2499 ) ;
#3111 = PLANE ( 'NONE',  #3605 ) ;
#3112 = DIRECTION ( 'NONE',  ( -0.000000000000000000, 1.000000000000000000, -0.000000000000000000 ) ) ;
#3113 = DIRECTION ( 'NONE',  ( 0.000000000000000000, 0.000000000000000000, 1.000000000000000000 ) ) ;
#3114 = VECTOR ( 'NONE', #2873, 1000.000000000000114 ) ;
#3115 = VERTEX_POINT ( 'NONE', #2852 ) ;
#3116 = LINE ( 'NONE', #4334, #3769 ) ;
#3117 = AXIS2_PLACEMENT_3D ( 'NONE', #2213, #4769, #1766 ) ;
#3118 = DIRECTION ( 'NONE',  ( -0.000000000000000000, 1.000000000000000000, -0.000000000000000000 ) ) ;
#3119 = CARTESIAN_POINT ( 'NONE',  ( 4.913051654795987488, 16.97268548471243577, 16.90035276073568582 ) ) ;
#3120 = VERTEX_POINT ( 'NONE', #4426 ) ;
#3121 = ORIENTED_EDGE ( 'NONE', *, *, #115, .F. ) ;
#3122 = EDGE_CURVE ( 'NONE', #1610, #3126, #3239, .T. ) ;
#3123 = CARTESIAN_POINT ( 'NONE',  ( -11.25833024919773173, 3.599999999999998757, 3.266838492537993410 ) ) ;
#3124 = CARTESIAN_POINT ( 'NONE',  ( -13.50000000000000178, 5.599999999999996980, 3.700000000000000178 ) ) ;
#3125 = ORIENTED_EDGE ( 'NONE', *, *, #3745, .F. ) ;
#3126 = VERTEX_POINT ( 'NONE', #4008 ) ;
#3127 = AXIS2_PLACEMENT_3D ( 'NONE', #2834, #3621, #2327 ) ;
#3128 = EDGE_CURVE ( 'NONE', #1045, #4314, #2321, .T. ) ;
#3129 = DIRECTION ( 'NONE',  ( 1.000000000000000000, 1.606225440719261190E-16, 0.000000000000000000 ) ) ;
#3130 = LINE ( 'NONE', #317, #3875 ) ;
#3131 = DIRECTION ( 'NONE',  ( 0.000000000000000000, 0.000000000000000000, 1.000000000000000000 ) ) ;
#3132 = ORIENTED_EDGE ( 'NONE', *, *, #280, .T. ) ;
#3133 = EDGE_CURVE ( 'NONE', #1274, #3049, #4961, .T. ) ;
#3134 = ADVANCED_FACE ( 'NONE', ( #4859 ), #3156, .F. ) ;
#3135 = ORIENTED_EDGE ( 'NONE', *, *, #2863, .T. ) ;
#3136 = CARTESIAN_POINT ( 'NONE',  ( -11.25833024919773173, -1.391014430517677631E-15, 3.266838492537993410 ) ) ;
#3137 = EDGE_CURVE ( 'NONE', #1571, #4912, #764, .T. ) ;
#3138 = DIRECTION ( 'NONE',  ( -0.5000000000000001110, -6.177711968507948233E-17, -0.8660254037844387076 ) ) ;
#3139 = DIRECTION ( 'NONE',  ( 0.000000000000000000, 0.000000000000000000, -1.000000000000000000 ) ) ;
#3140 = DIRECTION ( 'NONE',  ( 1.000000000000000000, 0.000000000000000000, 0.000000000000000000 ) ) ;
#3141 = CARTESIAN_POINT ( 'NONE',  ( 8.458330249197718587, 1.045062560281231080E-15, -8.116580753730932685 ) ) ;
#3142 = ORIENTED_EDGE ( 'NONE', *, *, #183, .F. ) ;
#3143 = DIRECTION ( 'NONE',  ( 8.659560562354937789E-17, -0.7071067811865470176, 0.7071067811865479058 ) ) ;
#3144 = APPROVAL_PERSON_ORGANIZATION ( #2838, #3025, #4892 ) ;
#3145 = CARTESIAN_POINT ( 'NONE',  ( -11.25833024919776193, 5.999999999999994671, 8.199999999999894484 ) ) ;
#3146 = LINE ( 'NONE', #5026, #2382 ) ;
#3147 = VERTEX_POINT ( 'NONE', #2805 ) ;
#3148 = ORIENTED_EDGE ( 'NONE', *, *, #2190, .F. ) ;
#3149 = AXIS2_PLACEMENT_3D ( 'NONE', #1823, #4240, #1849 ) ;
#3150 = DIRECTION ( 'NONE',  ( 1.235542393701589400E-16, -1.000000000000000000, 0.000000000000000000 ) ) ;
#3151 = LINE ( 'NONE', #3124, #1474 ) ;
#3152 = ORIENTED_EDGE ( 'NONE', *, *, #4677, .F. ) ;
#3153 = AXIS2_PLACEMENT_3D ( 'NONE', #2949, #3327, #977 ) ;
#3154 = ORIENTED_EDGE ( 'NONE', *, *, #3783, .F. ) ;
#3155 = DIRECTION ( 'NONE',  ( 0.7071067811865483499, -0.7071067811865466846, 0.000000000000000000 ) ) ;
#3156 = CYLINDRICAL_SURFACE ( 'NONE', #3625, 3.700000000000000178 ) ;
#3157 = CIRCLE ( 'NONE', #4167, 8.099999999999997868 ) ;
#3158 = DIRECTION ( 'NONE',  ( -1.000000000000000000, -1.235542393701589400E-16, 0.000000000000000000 ) ) ;
#3159 = AXIS2_PLACEMENT_3D ( 'NONE', #1392, #979, #1009 ) ;
#3160 = ORIENTED_EDGE ( 'NONE', *, *, #3069, .F. ) ;
#3161 = EDGE_CURVE ( 'NONE', #4227, #1529, #768, .T. ) ;
#3162 = VERTEX_POINT ( 'NONE', #428 ) ;
#3163 = VECTOR ( 'NONE', #290, 1000.000000000000000 ) ;
#3164 = FACE_OUTER_BOUND ( 'NONE', #1333, .T. ) ;
#3165 = DIRECTION ( 'NONE',  ( 0.000000000000000000, 1.000000000000000000, 0.000000000000000000 ) ) ;
#3166 = EDGE_CURVE ( 'NONE', #3976, #4166, #3639, .T. ) ;
#3167 = CARTESIAN_POINT ( 'NONE',  ( -13.50000000000000000, 2.399999999999995914, 0.000000000000000000 ) ) ;
#3168 = CARTESIAN_POINT ( 'NONE',  ( -8.458330249197645756, 3.599999999999999201, -4.883419246269145475 ) ) ;
#3169 = AXIS2_PLACEMENT_3D ( 'NONE', #2643, #3503, #4727 ) ;
#3170 = EDGE_CURVE ( 'NONE', #1221, #1350, #4787, .T. ) ;
#3171 = ORIENTED_EDGE ( 'NONE', *, *, #4060, .T. ) ;
#3172 = CIRCLE ( 'NONE', #1893, 7.699999999999997513 ) ;
#3173 = CYLINDRICAL_SURFACE ( 'NONE', #2815, 2.150000000000000799 ) ;
#3174 = LINE ( 'NONE', #3145, #1492 ) ;
#3175 = CARTESIAN_POINT ( 'NONE',  ( -4.447952617325721643E-16, 3.600000000000000089, 0.000000000000000000 ) ) ;
#3176 = ORIENTED_EDGE ( 'NONE', *, *, #4134, .T. ) ;
#3177 = ORIENTED_EDGE ( 'NONE', *, *, #1016, .F. ) ;
#3178 = CARTESIAN_POINT ( 'NONE',  ( 11.25833024919768910, 3.600000000000001421, 3.266838492538146177 ) ) ;
#3179 = AXIS2_PLACEMENT_3D ( 'NONE', #1441, #2724, #296 ) ;
#3180 = DIRECTION ( 'NONE',  ( 1.235542393701589400E-16, -1.000000000000000000, 0.000000000000000000 ) ) ;
#3181 = ORIENTED_EDGE ( 'NONE', *, *, #3122, .T. ) ;
#3182 = EDGE_LOOP ( 'NONE', ( #2443, #1457, #688 ) ) ;
#3183 = CIRCLE ( 'NONE', #491, 0.4000000000000010214 ) ;
#3184 = LINE ( 'NONE', #1514, #1568 ) ;
#3185 = PLANE ( 'NONE',  #4458 ) ;
#3186 = DIRECTION ( 'NONE',  ( 1.235542393701589400E-16, -1.000000000000000000, 0.000000000000000000 ) ) ;
#3187 = VERTEX_POINT ( 'NONE', #372 ) ;
#3188 = VECTOR ( 'NONE', #4262, 1000.000000000000000 ) ;
#3189 = ORIENTED_EDGE ( 'NONE', *, *, #1453, .F. ) ;
#3190 = CARTESIAN_POINT ( 'NONE',  ( 11.25833024919768910, 1.391014430517672306E-15, 3.266838492538146177 ) ) ;
#3191 = CYLINDRICAL_SURFACE ( 'NONE', #2028, 3.700000000000000178 ) ;
#3192 = VECTOR ( 'NONE', #3086, 1000.000000000000114 ) ;
#3193 = LINE ( 'NONE', #2786, #89 ) ;
#3194 = CONICAL_SURFACE ( 'NONE', #2842, 0.3999999999999975797, 0.7853981633974492782 ) ;
#3195 = CARTESIAN_POINT ( 'NONE',  ( 11.25833024919771574, 5.999999999999998224, -4.799999999999975842 ) ) ;
#3196 =( NAMED_UNIT ( * ) SI_UNIT ( $, .STERADIAN. ) SOLID_ANGLE_UNIT ( ) );
#3197 = CIRCLE ( 'NONE', #4956, 0.4000000000000001887 ) ;
#3198 = VERTEX_POINT ( 'NONE', #4446 ) ;
#3199 = DIRECTION ( 'NONE',  ( 1.235542393701589400E-16, -1.000000000000000000, 0.000000000000000000 ) ) ;
#3200 = CARTESIAN_POINT ( 'NONE',  ( -8.458330249197747008, 3.599999999999999201, 4.883419246268969616 ) ) ;
#3201 = ADVANCED_FACE ( 'NONE', ( #5189 ), #3185, .F. ) ;
#3202 = AXIS2_PLACEMENT_3D ( 'NONE', #4995, #2961, #2554 ) ;
#3203 = DIRECTION ( 'NONE',  ( 1.000000000000000000, 1.008560160451632098E-16, 0.000000000000000000 ) ) ;
#3204 = ORIENTED_EDGE ( 'NONE', *, *, #532, .T. ) ;
#3205 = ADVANCED_FACE ( 'NONE', ( #2378 ), #398, .F. ) ;
#3206 = EDGE_CURVE ( 'NONE', #4166, #2831, #938, .T. ) ;
#3207 = ORIENTED_EDGE ( 'NONE', *, *, #1481, .T. ) ;
#3208 = AXIS2_PLACEMENT_3D ( 'NONE', #1614, #4781, #1172 ) ;
#3209 = MANIFOLD_SOLID_BREP ( 'Chamfer1', #3998 ) ;
#3210 = DIRECTION ( 'NONE',  ( 0.5000000000000039968, 6.177711968507993839E-17, -0.8660254037844363761 ) ) ;
#3211 = DIRECTION ( 'NONE',  ( -1.235542393701589400E-16, 1.000000000000000000, -0.000000000000000000 ) ) ;
#3212 = ORIENTED_EDGE ( 'NONE', *, *, #598, .T. ) ;
#3213 = ORIENTED_EDGE ( 'NONE', *, *, #5124, .T. ) ;
#3214 = CARTESIAN_POINT ( 'NONE',  ( 9.364406786109204337E-16, 4.600000000000007638, 11.30000000000000071 ) ) ;
#3215 = DIRECTION ( 'NONE',  ( 0.6867236508478913315, 0.7071067811865472397, -0.1685545234223738975 ) ) ;
#3216 = DIRECTION ( 'NONE',  ( -1.235542393701589400E-16, 1.000000000000000000, -0.000000000000000000 ) ) ;
#3217 = ORIENTED_EDGE ( 'NONE', *, *, #2190, .T. ) ;
#3218 = ORIENTED_EDGE ( 'NONE', *, *, #2344, .T. ) ;
#3219 = PLANE ( 'NONE',  #5148 ) ;
#3220 = DIRECTION ( 'NONE',  ( -0.000000000000000000, 1.000000000000000000, -0.000000000000000000 ) ) ;
#3221 = VECTOR ( 'NONE', #2994, 1000.000000000000000 ) ;
#3222 = DIRECTION ( 'NONE',  ( 0.000000000000000000, 0.000000000000000000, -1.000000000000000000 ) ) ;
#3223 = AXIS2_PLACEMENT_3D ( 'NONE', #4544, #517, #2578 ) ;
#3224 = SECURITY_CLASSIFICATION_LEVEL ( 'unclassified' ) ;
#3225 = ORIENTED_EDGE ( 'NONE', *, *, #81, .T. ) ;
#3226 = VECTOR ( 'NONE', #1078, 1000.000000000000114 ) ;
#3227 = LINE ( 'NONE', #1190, #4765 ) ;
#3228 = CARTESIAN_POINT ( 'NONE',  ( 16.70419109086099496, 5.600000000000002309, 4.100000000000000533 ) ) ;
#3229 = CARTESIAN_POINT ( 'NONE',  ( -4.447952617325721643E-16, 3.600000000000000089, -1.331202777560457509E-31 ) ) ;
#3230 = ORIENTED_EDGE ( 'NONE', *, *, #1697, .T. ) ;
#3231 = VERTEX_POINT ( 'NONE', #1377 ) ;
#3232 = ADVANCED_FACE ( 'NONE', ( #3789 ), #4575, .T. ) ;
#3233 = DIRECTION ( 'NONE',  ( -0.8660254037844363761, 0.000000000000000000, -0.5000000000000039968 ) ) ;
#3234 = VECTOR ( 'NONE', #3356, 1000.000000000000000 ) ;
#3235 = ORIENTED_EDGE ( 'NONE', *, *, #149, .T. ) ;
#3236 = EDGE_CURVE ( 'NONE', #1456, #4444, #2173, .T. ) ;
#3237 = EDGE_LOOP ( 'NONE', ( #975, #3725 ) ) ;
#3238 = AXIS2_PLACEMENT_3D ( 'NONE', #3640, #2351, #1204 ) ;
#3239 = LINE ( 'NONE', #3560, #2768 ) ;
#3240 = DIRECTION ( 'NONE',  ( 1.000000000000000000, 0.000000000000000000, 0.000000000000000000 ) ) ;
#3241 = CIRCLE ( 'NONE', #3917, 1.699999999999998401 ) ;
#3242 = ORIENTED_EDGE ( 'NONE', *, *, #2468, .T. ) ;
#3243 = VECTOR ( 'NONE', #2138, 1000.000000000000000 ) ;
#3244 = ORIENTED_EDGE ( 'NONE', *, *, #1381, .F. ) ;
#3245 = VECTOR ( 'NONE', #4559, 1000.000000000000000 ) ;
#3246 = CARTESIAN_POINT ( 'NONE',  ( 16.70419109086099496, 5.600000000000002309, 4.100000000000000533 ) ) ;
#3247 = FACE_OUTER_BOUND ( 'NONE', #3923, .T. ) ;
#3248 = PLANE ( 'NONE',  #992 ) ;
#3249 = AXIS2_PLACEMENT_3D ( 'NONE', #4140, #1725, #3720 ) ;
#3250 = ORIENTED_EDGE ( 'NONE', *, *, #4129, .F. ) ;
#3251 = LINE ( 'NONE', #1234, #986 ) ;
#3252 = FACE_OUTER_BOUND ( 'NONE', #4403, .T. ) ;
#3253 = CIRCLE ( 'NONE', #3508, 1.699999999999998401 ) ;
#3254 = CARTESIAN_POINT ( 'NONE',  ( -4.801391389914150487, 16.97268548471243577, -16.51625383435536421 ) ) ;
#3255 = ORIENTED_EDGE ( 'NONE', *, *, #492, .F. ) ;
#3256 = CONICAL_SURFACE ( 'NONE', #2821, 3.700000000000000178, 0.7853981633974482790 ) ;
#3257 = VERTEX_POINT ( 'NONE', #4155 ) ;
#3258 = CARTESIAN_POINT ( 'NONE',  ( 3.545706005997545596, 2.399999999999997691, 13.54134295108993058 ) ) ;
#3259 = AXIS2_PLACEMENT_3D ( 'NONE', #1163, #4848, #2766 ) ;
#3260 = ORIENTED_EDGE ( 'NONE', *, *, #3064, .F. ) ;
#3261 = ORIENTED_EDGE ( 'NONE', *, *, #1994, .F. ) ;
#3262 = AXIS2_PLACEMENT_3D ( 'NONE', #3439, #3058, #4641 ) ;
#3263 = ADVANCED_FACE ( 'NONE', ( #2938 ), #133, .T. ) ;
#3264 = EDGE_CURVE ( 'NONE', #2880, #1616, #3370, .T. ) ;
#3265 = DIRECTION ( 'NONE',  ( -0.000000000000000000, 1.000000000000000000, -0.000000000000000000 ) ) ;
#3266 = EDGE_CURVE ( 'NONE', #3318, #4725, #1335, .T. ) ;
#3267 = CARTESIAN_POINT ( 'NONE',  ( 3.199295844483773354, 5.999999999999996447, 13.74134295108992809 ) ) ;
#3268 = VERTEX_POINT ( 'NONE', #965 ) ;
#3269 = VERTEX_POINT ( 'NONE', #4101 ) ;
#3270 = ADVANCED_FACE ( 'NONE', ( #552 ), #1352, .F. ) ;
#3271 = VECTOR ( 'NONE', #4433, 1000.000000000000000 ) ;
#3272 = FACE_OUTER_BOUND ( 'NONE', #1563, .T. ) ;
#3273 = DIRECTION ( 'NONE',  ( -1.235542393701589400E-16, 1.000000000000000000, -0.000000000000000000 ) ) ;
#3274 = CARTESIAN_POINT ( 'NONE',  ( 6.750000000000135891, 2.399999999999998579, -11.69134295108984212 ) ) ;
#3275 = AXIS2_PLACEMENT_3D ( 'NONE', #3228, #4801, #2414 ) ;
#3276 = EDGE_LOOP ( 'NONE', ( #1356, #3350, #3591, #872 ) ) ;
#3277 = LINE ( 'NONE', #2457, #402 ) ;
#3278 = DIRECTION ( 'NONE',  ( -0.8660254037844397068, -1.070011100398212159E-16, 0.4999999999999979461 ) ) ;
#3279 = DIRECTION ( 'NONE',  ( -0.000000000000000000, 1.000000000000000000, -0.000000000000000000 ) ) ;
#3280 = CIRCLE ( 'NONE', #4206, 17.60000000000000853 ) ;
#3281 = ORIENTED_EDGE ( 'NONE', *, *, #4579, .F. ) ;
#3282 = ORIENTED_EDGE ( 'NONE', *, *, #485, .T. ) ;
#3283 = AXIS2_PLACEMENT_3D ( 'NONE', #4553, #2525, #2137 ) ;
#3284 = DIRECTION ( 'NONE',  ( 8.736604050298533138E-17, -0.7071067811865477948, 0.7071067811865473507 ) ) ;
#3285 = EDGE_LOOP ( 'NONE', ( #4499, #2000, #1768, #4676 ) ) ;
#3286 = CIRCLE ( 'NONE', #4298, 1.699999999999998401 ) ;
#3287 = ORIENTED_EDGE ( 'NONE', *, *, #3133, .F. ) ;
#3288 = ADVANCED_FACE ( 'NONE', ( #4974 ), #4523, .F. ) ;
#3289 = DIRECTION ( 'NONE',  ( 0.000000000000000000, 0.000000000000000000, -1.000000000000000000 ) ) ;
#3290 = CARTESIAN_POINT ( 'NONE',  ( 11.25833024919771574, 4.600000000000003197, -6.499999999999974243 ) ) ;
#3291 = ORIENTED_EDGE ( 'NONE', *, *, #2774, .T. ) ;
#3292 = ORIENTED_EDGE ( 'NONE', *, *, #3095, .T. ) ;
#3293 = DESIGN_CONTEXT ( 'detailed design', #1642, 'design' ) ;
#3294 = ADVANCED_FACE ( 'NONE', ( #4183 ), #2445, .F. ) ;
#3295 = DIRECTION ( 'NONE',  ( -0.000000000000000000, 1.000000000000000000, -3.697785493223492838E-32 ) ) ;
#3296 = CARTESIAN_POINT ( 'NONE',  ( 11.25833024919768910, 3.600000000000001421, 3.266838492538146177 ) ) ;
#3297 = DIRECTION ( 'NONE',  ( -0.000000000000000000, 1.000000000000000000, -0.000000000000000000 ) ) ;
#3298 = ADVANCED_FACE ( 'NONE', ( #524 ), #925, .F. ) ;
#3299 = EDGE_CURVE ( 'NONE', #3633, #4623, #497, .T. ) ;
#3301 = ADVANCED_FACE ( 'NONE', ( #80 ), #3708, .F. ) ;
#3300 = CARTESIAN_POINT ( 'NONE',  ( 13.50000000000000000, 2.399999999999999467, -3.700000000000000178 ) ) ;
#3302 = CARTESIAN_POINT ( 'NONE',  ( -17.09266065111357946, 16.97268548471243221, -4.195348837209302850 ) ) ;
#3303 = VECTOR ( 'NONE', #1939, 1000.000000000000000 ) ;
#3304 = CARTESIAN_POINT ( 'NONE',  ( -3.199295844483868834, 5.999999999999995559, 13.74134295108990855 ) ) ;
#3305 = PLANE ( 'NONE',  #2545 ) ;
#3306 = FACE_OUTER_BOUND ( 'NONE', #3182, .T. ) ;
#3307 = ORIENTED_EDGE ( 'NONE', *, *, #2858, .F. ) ;
#3308 = ORIENTED_EDGE ( 'NONE', *, *, #2083, .T. ) ;
#3309 = CARTESIAN_POINT ( 'NONE',  ( 8.458330249197667072, 1.045062560281224769E-15, 8.116580753730993081 ) ) ;
#3310 = LINE ( 'NONE', #4518, #3114 ) ;
#3311 = ORIENTED_EDGE ( 'NONE', *, *, #1669, .F. ) ;
#3312 = ORIENTED_EDGE ( 'NONE', *, *, #115, .T. ) ;
#3313 = AXIS2_PLACEMENT_3D ( 'NONE', #4809, #1198, #2923 ) ;
#3314 = VECTOR ( 'NONE', #3515, 1000.000000000000114 ) ;
#3315 = CARTESIAN_POINT ( 'NONE',  ( 1.355721808911629058E-15, 5.999999999999996447, 0.000000000000000000 ) ) ;
#3316 = CARTESIAN_POINT ( 'NONE',  ( -13.50000000000000000, 2.399999999999995914, 2.149999999999999911 ) ) ;
#3317 = DIRECTION ( 'NONE',  ( 0.000000000000000000, 0.000000000000000000, -1.000000000000000000 ) ) ;
#3318 = VERTEX_POINT ( 'NONE', #3733 ) ;
#3319 = ORIENTED_EDGE ( 'NONE', *, *, #714, .F. ) ;
#3320 = VECTOR ( 'NONE', #1273, 1000.000000000000000 ) ;
#3321 = DIRECTION ( 'NONE',  ( 0.000000000000000000, -1.000000000000000000, 0.000000000000000000 ) ) ;
#3322 = CARTESIAN_POINT ( 'NONE',  ( -2.799999999999997602, -3.459518702364447756E-16, 14.61658075373095222 ) ) ;
#3323 = DIRECTION ( 'NONE',  ( 1.235542393701589400E-16, -1.000000000000000000, 0.000000000000000000 ) ) ;
#3324 = VECTOR ( 'NONE', #3817, 1000.000000000000114 ) ;
#3325 = EDGE_CURVE ( 'NONE', #83, #3268, #1713, .T. ) ;
#3326 = CIRCLE ( 'NONE', #3780, 4.099999999999997868 ) ;
#3327 = DIRECTION ( 'NONE',  ( 1.235542393701589400E-16, -1.000000000000000000, 0.000000000000000000 ) ) ;
#3328 = EDGE_CURVE ( 'NONE', #2130, #3813, #1918, .T. ) ;
#3329 = ADVANCED_FACE ( 'NONE', ( #3762 ), #159, .F. ) ;
#3330 = DIRECTION ( 'NONE',  ( 1.000000000000000000, 1.606225440719265134E-16, 0.000000000000000000 ) ) ;
#3331 = CARTESIAN_POINT ( 'NONE',  ( -11.25833024919776193, 5.999999999999994671, 6.499999999999895195 ) ) ;
#3332 = CARTESIAN_POINT ( 'NONE',  ( -14.05833024919774488, 3.599999999999998312, 4.883419246268918101 ) ) ;
#3333 = EDGE_CURVE ( 'NONE', #4126, #447, #289, .T. ) ;
#3334 = FACE_OUTER_BOUND ( 'NONE', #283, .T. ) ;
#3335 = ORIENTED_EDGE ( 'NONE', *, *, #2083, .F. ) ;
#3336 = ORIENTED_EDGE ( 'NONE', *, *, #4039, .F. ) ;
#3337 = CARTESIAN_POINT ( 'NONE',  ( -2.210901595197776700E-15, 4.600000000000000533, -13.00000000000000000 ) ) ;
#3338 = DIRECTION ( 'NONE',  ( 0.7071067811865437980, -0.7071067811865513475, 0.000000000000000000 ) ) ;
#3339 = DIRECTION ( 'NONE',  ( 1.000000000000000000, 1.126443815569355647E-16, 0.000000000000000000 ) ) ;
#3340 = VERTEX_POINT ( 'NONE', #266 ) ;
#3341 = ORIENTED_EDGE ( 'NONE', *, *, #4425, .F. ) ;
#3342 = CARTESIAN_POINT ( 'NONE',  ( 13.50000000000000000, 2.399999999999999467, -3.700000000000000178 ) ) ;
#3343 = DIRECTION ( 'NONE',  ( 0.000000000000000000, 0.000000000000000000, 1.000000000000000000 ) ) ;
#3344 = DIRECTION ( 'NONE',  ( -1.000000000000000000, -1.235542393701589647E-16, 0.000000000000000000 ) ) ;
#3345 = EDGE_LOOP ( 'NONE', ( #1260, #3020, #4492, #3449 ) ) ;
#3346 = VERTEX_POINT ( 'NONE', #235 ) ;
#3347 = DIRECTION ( 'NONE',  ( 8.715250743307478842E-15, 0.000000000000000000, -1.000000000000000000 ) ) ;
#3348 = PLANE ( 'NONE',  #2589 ) ;
#3349 = CYLINDRICAL_SURFACE ( 'NONE', #3093, 2.150000000000000799 ) ;
#3350 = ORIENTED_EDGE ( 'NONE', *, *, #5132, .F. ) ;
#3351 = AXIS2_PLACEMENT_3D ( 'NONE', #3085, #2282, #3486 ) ;
#3352 = DIRECTION ( 'NONE',  ( -0.000000000000000000, 1.000000000000000000, -0.000000000000000000 ) ) ;
#3353 = FACE_OUTER_BOUND ( 'NONE', #694, .T. ) ;
#3354 = VECTOR ( 'NONE', #729, 1000.000000000000000 ) ;
#3355 = LINE ( 'NONE', #592, #1085 ) ;
#3356 = DIRECTION ( 'NONE',  ( -1.235542393701589400E-16, 1.000000000000000000, -0.000000000000000000 ) ) ;
#3357 = DIRECTION ( 'NONE',  ( 1.000000000000000000, 0.000000000000000000, 0.000000000000000000 ) ) ;
#3358 = VERTEX_POINT ( 'NONE', #4680 ) ;
#3359 = VECTOR ( 'NONE', #2921, 1000.000000000000000 ) ;
#3360 = ORIENTED_EDGE ( 'NONE', *, *, #3850, .F. ) ;
#3361 = ADVANCED_FACE ( 'NONE', ( #4630 ), #1795, .F. ) ;
#3362 = DIRECTION ( 'NONE',  ( 1.235542393701589400E-16, -1.000000000000000000, 0.000000000000000000 ) ) ;
#3363 = LINE ( 'NONE', #2188, #4368 ) ;
#3364 = AXIS2_PLACEMENT_3D ( 'NONE', #667, #220, #3023 ) ;
#3365 = DIRECTION ( 'NONE',  ( 0.000000000000000000, -1.000000000000000000, 0.000000000000000000 ) ) ;
#3366 = EDGE_CURVE ( 'NONE', #1718, #2147, #706, .T. ) ;
#3367 = ADVANCED_FACE ( 'NONE', ( #2222 ), #92, .F. ) ;
#3368 = ORIENTED_EDGE ( 'NONE', *, *, #2503, .F. ) ;
#3369 = ORIENTED_EDGE ( 'NONE', *, *, #4486, .T. ) ;
#3370 = CIRCLE ( 'NONE', #5052, 3.700000000000000178 ) ;
#3371 = CARTESIAN_POINT ( 'NONE',  ( 6.750000000000135891, 2.399999999999998579, -11.69134295108984212 ) ) ;
#3372 = DIRECTION ( 'NONE',  ( 0.000000000000000000, -0.7071067811865470176, -0.7071067811865480168 ) ) ;
#3373 = CARTESIAN_POINT ( 'NONE',  ( -3.545706005997451893, 2.399999999999995914, -13.54134295108995367 ) ) ;
#3374 = AXIS2_PLACEMENT_3D ( 'NONE', #1298, #1267, #4968 ) ;
#3375 = ORIENTED_EDGE ( 'NONE', *, *, #3427, .T. ) ;
#3376 = ORIENTED_EDGE ( 'NONE', *, *, #2997, .F. ) ;
#3377 = VECTOR ( 'NONE', #775, 1000.000000000000000 ) ;
#3378 = FACE_OUTER_BOUND ( 'NONE', #903, .T. ) ;
#3379 = FACE_OUTER_BOUND ( 'NONE', #3898, .T. ) ;
#3380 = DIRECTION ( 'NONE',  ( 0.000000000000000000, -1.000000000000000000, 0.000000000000000000 ) ) ;
#3381 = ORIENTED_EDGE ( 'NONE', *, *, #495, .T. ) ;
#3382 = LINE ( 'NONE', #4983, #2893 ) ;
#3383 = FACE_OUTER_BOUND ( 'NONE', #2559, .T. ) ;
#3384 = LINE ( 'NONE', #4590, #4033 ) ;
#3385 = DIRECTION ( 'NONE',  ( 1.235542393701589400E-16, -1.000000000000000000, -0.000000000000000000 ) ) ;
#3386 = ORIENTED_EDGE ( 'NONE', *, *, #1516, .T. ) ;
#3387 = ORIENTED_EDGE ( 'NONE', *, *, #242, .F. ) ;
#3388 = AXIS2_PLACEMENT_3D ( 'NONE', #1230, #2785, #744 ) ;
#3389 = CARTESIAN_POINT ( 'NONE',  ( 10.30070415551630703, 5.999999999999997335, -9.641342951089802327 ) ) ;
#3390 = CARTESIAN_POINT ( 'NONE',  ( -11.25833024919766245, 3.599999999999998757, -3.266838492538225225 ) ) ;
#3391 = FACE_OUTER_BOUND ( 'NONE', #1920, .T. ) ;
#3392 = ORIENTED_EDGE ( 'NONE', *, *, #1863, .T. ) ;
#3393 = ORIENTED_EDGE ( 'NONE', *, *, #3808, .T. ) ;
#3394 = CIRCLE ( 'NONE', #4145, 17.59999999999999787 ) ;
#3395 = ADVANCED_FACE ( 'NONE', ( #1434 ), #1822, .F. ) ;
#3396 = CARTESIAN_POINT ( 'NONE',  ( 11.25833024919772285, 3.600000000000001421, -9.733161507461877804 ) ) ;
#3397 = FACE_OUTER_BOUND ( 'NONE', #4932, .T. ) ;
#3398 = FACE_OUTER_BOUND ( 'NONE', #3054, .T. ) ;
#3399 = EDGE_CURVE ( 'NONE', #808, #3269, #842, .T. ) ;
#3400 = ORIENTED_EDGE ( 'NONE', *, *, #5095, .F. ) ;
#3401 = ORIENTED_EDGE ( 'NONE', *, *, #2344, .F. ) ;
#3402 = DIRECTION ( 'NONE',  ( 1.235542393701589400E-16, -1.000000000000000000, 0.000000000000000000 ) ) ;
#3403 = DIRECTION ( 'NONE',  ( 1.000000000000000000, 1.606225440719265134E-16, 0.000000000000000000 ) ) ;
#3404 = DIRECTION ( 'NONE',  ( -1.000000000000000000, 0.000000000000000000, -1.301042606982607530E-14 ) ) ;
#3405 = VECTOR ( 'NONE', #1983, 1000.000000000000000 ) ;
#3406 = ORIENTED_EDGE ( 'NONE', *, *, #4456, .T. ) ;
#3407 = PLANE ( 'NONE',  #1212 ) ;
#3408 = DIRECTION ( 'NONE',  ( -0.000000000000000000, 1.000000000000000000, -0.000000000000000000 ) ) ;
#3409 = VECTOR ( 'NONE', #190, 1000.000000000000000 ) ;
#3410 = CARTESIAN_POINT ( 'NONE',  ( -17.09266065111357946, 5.599999999999996980, -4.195348837209302850 ) ) ;
#3411 = CARTESIAN_POINT ( 'NONE',  ( -16.70419109086099141, 2.399999999999995914, 4.100000000000000533 ) ) ;
#3412 = ORIENTED_EDGE ( 'NONE', *, *, #1640, .F. ) ;
#3413 = VECTOR ( 'NONE', #3994, 1000.000000000000000 ) ;
#3414 = VERTEX_POINT ( 'NONE', #5025 ) ;
#3415 = CARTESIAN_POINT ( 'NONE',  ( 17.60000000000000142, 2.399999999999999911, 0.000000000000000000 ) ) ;
#3416 = FACE_OUTER_BOUND ( 'NONE', #1534, .T. ) ;
#3417 = DIRECTION ( 'NONE',  ( 0.000000000000000000, 0.000000000000000000, 1.000000000000000000 ) ) ;
#3418 = AXIS2_PLACEMENT_3D ( 'NONE', #2066, #2919, #3330 ) ;
#3419 = ORIENTED_EDGE ( 'NONE', *, *, #1226, .F. ) ;
#3420 = VECTOR ( 'NONE', #4380, 999.9999999999998863 ) ;
#3421 = ORIENTED_EDGE ( 'NONE', *, *, #3467, .F. ) ;
#3422 = CARTESIAN_POINT ( 'NONE',  ( -9.954293994002469503, -12.38689838640492624, 9.841342951089877999 ) ) ;
#3423 = DIRECTION ( 'NONE',  ( -0.000000000000000000, 1.000000000000000000, -0.000000000000000000 ) ) ;
#3424 = LINE ( 'NONE', #2224, #716 ) ;
#3425 = ORIENTED_EDGE ( 'NONE', *, *, #2408, .F. ) ;
#3426 = EDGE_CURVE ( 'NONE', #4358, #2575, #685, .T. ) ;
#3427 = EDGE_CURVE ( 'NONE', #2476, #770, #2692, .T. ) ;
#3428 = ORIENTED_EDGE ( 'NONE', *, *, #1924, .F. ) ;
#3429 = AXIS2_PLACEMENT_3D ( 'NONE', #852, #3199, #3602 ) ;
#3430 = EDGE_CURVE ( 'NONE', #2239, #2575, #4292, .T. ) ;
#3431 = CARTESIAN_POINT ( 'NONE',  ( -11.90279970094658246, 2.399999999999995914, -12.41625383435542496 ) ) ;
#3432 = DIRECTION ( 'NONE',  ( 1.235542393701589400E-16, -1.000000000000000000, 0.000000000000000000 ) ) ;
#3433 = CARTESIAN_POINT ( 'NONE',  ( -6.750000000000055955, 2.399999999999996803, 9.541342951089893276 ) ) ;
#3434 = ORIENTED_EDGE ( 'NONE', *, *, #3426, .F. ) ;
#3435 = EDGE_CURVE ( 'NONE', #4886, #4469, #3015, .T. ) ;
#3436 = EDGE_CURVE ( 'NONE', #3551, #4181, #684, .T. ) ;
#3437 = PLANE ( 'NONE',  #304 ) ;
#3438 = AXIS2_PLACEMENT_3D ( 'NONE', #3888, #1521, #5087 ) ;
#3439 = CARTESIAN_POINT ( 'NONE',  ( 1.355721808911629058E-15, 5.999999999999996447, 0.000000000000000000 ) ) ;
#3440 = LINE ( 'NONE', #3003, #1003 ) ;
#3441 = DIRECTION ( 'NONE',  ( 0.000000000000000000, 0.000000000000000000, -1.000000000000000000 ) ) ;
#3442 = ORIENTED_EDGE ( 'NONE', *, *, #3491, .T. ) ;
#3443 = ORIENTED_EDGE ( 'NONE', *, *, #2149, .T. ) ;
#3444 = VECTOR ( 'NONE', #275, 1000.000000000000000 ) ;
#3445 = DIRECTION ( 'NONE',  ( -1.000000000000000000, 0.000000000000000000, 0.000000000000000000 ) ) ;
#3446 = LINE ( 'NONE', #2519, #2837 ) ;
#3447 = DIRECTION ( 'NONE',  ( -0.8660254037844339337, -1.070011100398205010E-16, -0.5000000000000079936 ) ) ;
#3448 = ORIENTED_EDGE ( 'NONE', *, *, #4361, .F. ) ;
#3449 = ORIENTED_EDGE ( 'NONE', *, *, #1546, .F. ) ;
#3450 = CIRCLE ( 'NONE', #4785, 4.099999999999998757 ) ;
#3451 = DIRECTION ( 'NONE',  ( 1.235542393701589400E-16, -1.000000000000000000, 0.000000000000000000 ) ) ;
#3452 = DIRECTION ( 'NONE',  ( 1.000000000000000000, 2.115516434118058448E-16, 0.000000000000000000 ) ) ;
#3453 = LINE ( 'NONE', #5055, #4179 ) ;
#3454 = VERTEX_POINT ( 'NONE', #2585 ) ;
#3455 = CIRCLE ( 'NONE', #5125, 1.699999999999998401 ) ;
#3456 = EDGE_CURVE ( 'NONE', #2544, #2942, #3528, .T. ) ;
#3457 = VERTEX_POINT ( 'NONE', #1024 ) ;
#3458 = DIRECTION ( 'NONE',  ( -1.000000000000000000, 0.000000000000000000, 0.000000000000000000 ) ) ;
#3459 = VECTOR ( 'NONE', #4210, 1000.000000000000000 ) ;
#3460 = CARTESIAN_POINT ( 'NONE',  ( -2.800000000000001155, -3.459518702364452194E-16, -14.61658075373095222 ) ) ;
#3461 = CARTESIAN_POINT ( 'NONE',  ( -2.210901595197776700E-15, 5.999999999999996447, -13.00000000000000000 ) ) ;
#3462 = EDGE_LOOP ( 'NONE', ( #2034, #1189 ) ) ;
#3463 = CC_DESIGN_PERSON_AND_ORGANIZATION_ASSIGNMENT ( #410, #2862, ( #3732 ) ) ;
#3464 = AXIS2_PLACEMENT_3D ( 'NONE', #3815, #2666, #211 ) ;
#3465 = FACE_OUTER_BOUND ( 'NONE', #3793, .T. ) ;
#3466 = CARTESIAN_POINT ( 'NONE',  ( 3.944991048007909320E-15, 4.874203682587033392E-31, 16.23316150746190090 ) ) ;
#3467 = EDGE_CURVE ( 'NONE', #3346, #234, #2272, .T. ) ;
#3468 = CARTESIAN_POINT ( 'NONE',  ( -13.50000000000000000, -10.75174404457249544, -3.700000000000000178 ) ) ;
#3469 = DIRECTION ( 'NONE',  ( 1.235542393701589400E-16, -1.000000000000000000, -0.000000000000000000 ) ) ;
#3470 = ADVANCED_FACE ( 'NONE', ( #2640 ), #5100, .F. ) ;
#3471 = ORIENTED_EDGE ( 'NONE', *, *, #4772, .F. ) ;
#3472 = ORIENTED_EDGE ( 'NONE', *, *, #3882, .T. ) ;
#3473 = CARTESIAN_POINT ( 'NONE',  ( -8.458330249197775430, 3.599999999999999201, 8.116580753730872289 ) ) ;
#3474 = CARTESIAN_POINT ( 'NONE',  ( -16.70419109086099496, 5.599999999999996980, 4.100000000000000533 ) ) ;
#3475 = ORIENTED_EDGE ( 'NONE', *, *, #4803, .F. ) ;
#3476 = ORIENTED_EDGE ( 'NONE', *, *, #2369, .T. ) ;
#3477 = DIRECTION ( 'NONE',  ( 0.000000000000000000, 0.000000000000000000, -1.000000000000000000 ) ) ;
#3478 = CARTESIAN_POINT ( 'NONE',  ( 16.70419109086099851, -10.75174404457249544, -3.700000000000000178 ) ) ;
#3479 = ORIENTED_EDGE ( 'NONE', *, *, #3038, .F. ) ;
#3480 = ORIENTED_EDGE ( 'NONE', *, *, #3496, .F. ) ;
#3481 = CYLINDRICAL_SURFACE ( 'NONE', #1611, 0.4000000000000001887 ) ;
#3482 = FACE_OUTER_BOUND ( 'NONE', #816, .T. ) ;
#3483 = CARTESIAN_POINT ( 'NONE',  ( -14.05833024919777330, 3.599999999999998312, 8.116580753730824327 ) ) ;
#3484 = ORIENTED_EDGE ( 'NONE', *, *, #3529, .F. ) ;
#3485 = DIRECTION ( 'NONE',  ( -0.8660254037844363761, -1.070011100398207968E-16, -0.5000000000000039968 ) ) ;
#3486 = DIRECTION ( 'NONE',  ( 0.000000000000000000, 0.000000000000000000, -1.000000000000000000 ) ) ;
#3487 = DIRECTION ( 'NONE',  ( 1.235542393701589400E-16, -1.000000000000000000, -0.000000000000000000 ) ) ;
#3488 = VECTOR ( 'NONE', #1510, 1000.000000000000114 ) ;
#3489 = AXIS2_PLACEMENT_3D ( 'NONE', #2628, #174, #3061 ) ;
#3490 = EDGE_CURVE ( 'NONE', #4227, #969, #2247, .T. ) ;
#3491 = EDGE_CURVE ( 'NONE', #802, #3675, #1898, .T. ) ;
#3492 = ORIENTED_EDGE ( 'NONE', *, *, #529, .T. ) ;
#3493 = VECTOR ( 'NONE', #5027, 999.9999999999998863 ) ;
#3494 = LINE ( 'NONE', #702, #1815 ) ;
#3495 = DIRECTION ( 'NONE',  ( -0.000000000000000000, 1.000000000000000000, -0.000000000000000000 ) ) ;
#3496 = EDGE_CURVE ( 'NONE', #2816, #2966, #993, .T. ) ;
#3497 = VECTOR ( 'NONE', #3746, 1000.000000000000000 ) ;
#3498 = AXIS2_PLACEMENT_3D ( 'NONE', #4437, #484, #1237 ) ;
#3499 = ORIENTED_EDGE ( 'NONE', *, *, #485, .F. ) ;
#3500 = VERTEX_POINT ( 'NONE', #3948 ) ;
#3501 = AXIS2_PLACEMENT_3D ( 'NONE', #1444, #3485, #3055 ) ;
#3502 = DIRECTION ( 'NONE',  ( 8.659560562354937789E-17, -0.7071067811865470176, 0.7071067811865479058 ) ) ;
#3503 = DIRECTION ( 'NONE',  ( -1.235542393701589400E-16, 1.000000000000000000, -0.000000000000000000 ) ) ;
#3504 = VECTOR ( 'NONE', #2784, 1000.000000000000000 ) ;
#3505 = ORIENTED_EDGE ( 'NONE', *, *, #3137, .T. ) ;
#3506 = VERTEX_POINT ( 'NONE', #1118 ) ;
#3507 = CARTESIAN_POINT ( 'NONE',  ( 11.25833024919767311, 3.600000000000001421, 9.200000000000054357 ) ) ;
#3508 = AXIS2_PLACEMENT_3D ( 'NONE', #316, #4607, #273 ) ;
#3509 = CARTESIAN_POINT ( 'NONE',  ( 14.05833024919766672, 3.600000000000001421, 8.116580753731012621 ) ) ;
#3510 = CARTESIAN_POINT ( 'NONE',  ( -13.50000000000000000, -10.75174404457249544, 0.000000000000000000 ) ) ;
#3511 = ORIENTED_EDGE ( 'NONE', *, *, #2122, .F. ) ;
#3512 = DIRECTION ( 'NONE',  ( 1.235542393701589400E-16, -1.000000000000000000, 0.000000000000000000 ) ) ;
#3513 = DIRECTION ( 'NONE',  ( -0.4999999999999920064, -6.177711968507848393E-17, -0.8660254037844432595 ) ) ;
#3514 = CARTESIAN_POINT ( 'NONE',  ( -11.25833024919762870, 5.999999999999994671, -6.500000000000129674 ) ) ;
#3515 = DIRECTION ( 'NONE',  ( 0.8660254037844397068, 1.070011100398212159E-16, -0.4999999999999979461 ) ) ;
#3516 = ADVANCED_FACE ( 'NONE', ( #1144 ), #2395, .F. ) ;
#3517 = ORIENTED_EDGE ( 'NONE', *, *, #1892, .T. ) ;
#3518 = AXIS2_PLACEMENT_3D ( 'NONE', #1041, #5046, #1889 ) ;
#3519 = DIRECTION ( 'NONE',  ( -1.235542393701589400E-16, 1.000000000000000000, -0.000000000000000000 ) ) ;
#3520 = LINE ( 'NONE', #4774, #4696 ) ;
#3521 = LINE ( 'NONE', #3119, #5008 ) ;
#3522 = ORIENTED_EDGE ( 'NONE', *, *, #4677, .T. ) ;
#3523 = AXIS2_PLACEMENT_3D ( 'NONE', #3510, #3081, #4688 ) ;
#3524 = ADVANCED_FACE ( 'NONE', ( #4833 ), #421, .F. ) ;
#3525 = ORIENTED_EDGE ( 'NONE', *, *, #2410, .T. ) ;
#3526 = EDGE_CURVE ( 'NONE', #1529, #4344, #2033, .T. ) ;
#3527 = AXIS2_PLACEMENT_3D ( 'NONE', #2549, #126, #2605 ) ;
#3528 = LINE ( 'NONE', #4703, #96 ) ;
#3529 = EDGE_CURVE ( 'NONE', #2333, #2820, #2341, .T. ) ;
#3530 = DIRECTION ( 'NONE',  ( 1.235542393701589400E-16, -1.000000000000000000, 0.000000000000000000 ) ) ;
#3531 = ORIENTED_EDGE ( 'NONE', *, *, #2726, .F. ) ;
#3532 = ADVANCED_FACE ( 'NONE', ( #30 ), #446, .T. ) ;
#3533 = ORIENTED_EDGE ( 'NONE', *, *, #1727, .T. ) ;
#3534 = CIRCLE ( 'NONE', #2493, 3.700000000000000178 ) ;
#3535 = DIRECTION ( 'NONE',  ( 1.000000000000000000, 0.000000000000000000, 0.000000000000000000 ) ) ;
#3536 = DIRECTION ( 'NONE',  ( -1.000000000000000000, 0.000000000000000000, 0.000000000000000000 ) ) ;
#3537 = FACE_OUTER_BOUND ( 'NONE', #663, .T. ) ;
#3538 = CIRCLE ( 'NONE', #3784, 8.099999999999997868 ) ;
#3539 = ORIENTED_EDGE ( 'NONE', *, *, #4708, .T. ) ;
#3540 = LINE ( 'NONE', #1520, #4921 ) ;
#3541 = VECTOR ( 'NONE', #1328, 1000.000000000000000 ) ;
#3542 = LINE ( 'NONE', #4279, #4351 ) ;
#3543 = DIRECTION ( 'NONE',  ( 0.000000000000000000, 0.000000000000000000, -1.000000000000000000 ) ) ;
#3544 = DIRECTION ( 'NONE',  ( 1.000000000000000000, 1.008560160451632221E-16, -1.776356839400250465E-15 ) ) ;
#3545 = APPROVAL_DATE_TIME ( #2359, #5092 ) ;
#3546 = ORIENTED_EDGE ( 'NONE', *, *, #4708, .F. ) ;
#3547 = CARTESIAN_POINT ( 'NONE',  ( -4.801391389914375196, 16.97268548471243577, 16.51625383435529315 ) ) ;
#3548 = AXIS2_PLACEMENT_3D ( 'NONE', #1135, #5172, #1401 ) ;
#3549 = DIRECTION ( 'NONE',  ( 1.235542393701589400E-16, -1.000000000000000000, 0.000000000000000000 ) ) ;
#3550 = DIRECTION ( 'NONE',  ( 1.000000000000000000, 0.000000000000000000, 0.000000000000000000 ) ) ;
#3551 = VERTEX_POINT ( 'NONE', #2823 ) ;
#3552 = EDGE_LOOP ( 'NONE', ( #3360, #270, #2325 ) ) ;
#3553 = LINE ( 'NONE', #1531, #1019 ) ;
#3554 = LINE ( 'NONE', #2317, #1455 ) ;
#3555 = AXIS2_PLACEMENT_3D ( 'NONE', #5058, #2298, #4709 ) ;
#3556 = ORIENTED_EDGE ( 'NONE', *, *, #2379, .F. ) ;
#3557 = ORIENTED_EDGE ( 'NONE', *, *, #3685, .F. ) ;
#3558 = ADVANCED_FACE ( 'NONE', ( #338 ), #2746, .F. ) ;
#3559 = DIRECTION ( 'NONE',  ( -1.235542393701589400E-16, 1.000000000000000000, -0.000000000000000000 ) ) ;
#3560 = CARTESIAN_POINT ( 'NONE',  ( 2.799999999999997602, 3.459518702364447756E-16, -14.61658075373095222 ) ) ;
#3561 = EDGE_CURVE ( 'NONE', #2799, #1098, #3656, .T. ) ;
#3562 = DIRECTION ( 'NONE',  ( 0.000000000000000000, -1.000000000000000000, 0.000000000000000000 ) ) ;
#3563 = EDGE_LOOP ( 'NONE', ( #2702, #4652, #2719, #2495 ) ) ;
#3564 = ORIENTED_EDGE ( 'NONE', *, *, #759, .F. ) ;
#3565 = CARTESIAN_POINT ( 'NONE',  ( -16.70419109086099496, 5.599999999999996980, -4.100000000000000533 ) ) ;
#3566 = LINE ( 'NONE', #843, #1682 ) ;
#3567 = DIRECTION ( 'NONE',  ( 0.000000000000000000, 0.000000000000000000, 1.000000000000000000 ) ) ;
#3568 = DIRECTION ( 'NONE',  ( 0.6867236508478928858, -0.7071067811865457964, -0.1685545234223742583 ) ) ;
#3569 = PERSON_AND_ORGANIZATION ( #5175, #124 ) ;
#3570 = ORIENTED_EDGE ( 'NONE', *, *, #3588, .T. ) ;
#3571 = AXIS2_PLACEMENT_3D ( 'NONE', #4144, #2127, #2345 ) ;
#3572 = FACE_OUTER_BOUND ( 'NONE', #1023, .T. ) ;
#3573 = DIRECTION ( 'NONE',  ( 1.235542393701589400E-16, -1.000000000000000000, 0.000000000000000000 ) ) ;
#3574 = CARTESIAN_POINT ( 'NONE',  ( 1.355721808911629058E-15, 5.999999999999996447, 0.000000000000000000 ) ) ;
#3575 = VERTEX_POINT ( 'NONE', #1982 ) ;
#3576 = AXIS2_PLACEMENT_3D ( 'NONE', #3981, #82, #3158 ) ;
#3577 = ORIENTED_EDGE ( 'NONE', *, *, #4385, .T. ) ;
#3578 = VECTOR ( 'NONE', #4239, 999.9999999999998863 ) ;
#3579 = DIRECTION ( 'NONE',  ( 0.000000000000000000, -1.000000000000000000, 0.000000000000000000 ) ) ;
#3580 = CARTESIAN_POINT ( 'NONE',  ( 6.749999999999973355, -7.372574772901430151E-15, 13.84134295108993662 ) ) ;
#3581 = EDGE_LOOP ( 'NONE', ( #968, #2783 ) ) ;
#3582 = AXIS2_PLACEMENT_3D ( 'NONE', #1391, #3352, #1781 ) ;
#3583 = EDGE_LOOP ( 'NONE', ( #2948, #5097, #257, #3235 ) ) ;
#3584 = CARTESIAN_POINT ( 'NONE',  ( 8.458330249197718587, 3.600000000000000977, -8.116580753730932685 ) ) ;
#3585 = CARTESIAN_POINT ( 'NONE',  ( -12.17960899631743388, 16.97268548471243577, -12.70500392352648156 ) ) ;
#3586 = AXIS2_PLACEMENT_3D ( 'NONE', #1673, #4193, #589 ) ;
#3587 = CARTESIAN_POINT ( 'NONE',  ( 14.05833024919771113, 3.600000000000001421, -4.883419246269017577 ) ) ;
#3588 = EDGE_CURVE ( 'NONE', #3346, #2199, #3286, .T. ) ;
#3589 = VECTOR ( 'NONE', #4897, 1000.000000000000000 ) ;
#3590 = EDGE_CURVE ( 'NONE', #2209, #2428, #1925, .T. ) ;
#3591 = ORIENTED_EDGE ( 'NONE', *, *, #3435, .F. ) ;
#3592 = ORIENTED_EDGE ( 'NONE', *, *, #4519, .F. ) ;
#3594 = ADVANCED_FACE ( 'NONE', ( #1507 ), #2422, .T. ) ;
#3593 = DIRECTION ( 'NONE',  ( 0.4893343246304989180, -0.7071067811865476838, 0.5104428653026833462 ) ) ;
#3595 = DIRECTION ( 'NONE',  ( -0.000000000000000000, 1.000000000000000000, -0.000000000000000000 ) ) ;
#3596 = DIRECTION ( 'NONE',  ( 1.235542393701589400E-16, -1.000000000000000000, 0.000000000000000000 ) ) ;
#3597 = DIRECTION ( 'NONE',  ( 1.000000000000000000, 1.235542393701589400E-16, 0.000000000000000000 ) ) ;
#3598 = EDGE_CURVE ( 'NONE', #4599, #335, #3553, .T. ) ;
#3599 = ADVANCED_FACE ( 'NONE', ( #4755 ), #2685, .F. ) ;
#3600 = LINE ( 'NONE', #5116, #3821 ) ;
#3601 = VERTEX_POINT ( 'NONE', #2794 ) ;
#3602 = DIRECTION ( 'NONE',  ( 1.000000000000000000, 1.478457507934778886E-16, 0.000000000000000000 ) ) ;
#3603 = FACE_OUTER_BOUND ( 'NONE', #156, .T. ) ;
#3604 = DIRECTION ( 'NONE',  ( 0.1973893262173847529, 0.7071067811865445751, 0.6789973887250604356 ) ) ;
#3605 = AXIS2_PLACEMENT_3D ( 'NONE', #697, #718, #1035 ) ;
#3606 = ORIENTED_EDGE ( 'NONE', *, *, #4397, .F. ) ;
#3607 = ORIENTED_EDGE ( 'NONE', *, *, #822, .F. ) ;
#3608 = DIRECTION ( 'NONE',  ( 0.000000000000000000, 0.000000000000000000, -1.000000000000000000 ) ) ;
#3609 = CIRCLE ( 'NONE', #1317, 1.699999999999997513 ) ;
#3610 = DIRECTION ( 'NONE',  ( -1.235542393701589400E-16, 1.000000000000000000, -0.000000000000000000 ) ) ;
#3611 = ORIENTED_EDGE ( 'NONE', *, *, #4385, .F. ) ;
#3612 = ORIENTED_EDGE ( 'NONE', *, *, #3651, .F. ) ;
#3613 = AXIS2_PLACEMENT_3D ( 'NONE', #1527, #2289, #2310 ) ;
#3614 = DIRECTION ( 'NONE',  ( -1.000000000000000000, 0.000000000000000000, 0.000000000000000000 ) ) ;
#3615 = DIRECTION ( 'NONE',  ( 0.4999999999999993339, 6.177711968507938372E-17, -0.8660254037844390407 ) ) ;
#3616 = DIRECTION ( 'NONE',  ( -1.235542393701589400E-16, 1.000000000000000000, -0.000000000000000000 ) ) ;
#3617 = EDGE_CURVE ( 'NONE', #1814, #3269, #5, .T. ) ;
#3618 = ORIENTED_EDGE ( 'NONE', *, *, #812, .T. ) ;
#3619 = AXIS2_PLACEMENT_3D ( 'NONE', #2047, #1236, #2068 ) ;
#3620 = VERTEX_POINT ( 'NONE', #4394 ) ;
#3621 = DIRECTION ( 'NONE',  ( -0.5000000000000082157, -6.177711968508048073E-17, 0.8660254037844340447 ) ) ;
#3622 = VECTOR ( 'NONE', #2450, 1000.000000000000000 ) ;
#3623 = DIRECTION ( 'NONE',  ( 1.235542393701589400E-16, -1.000000000000000000, 0.000000000000000000 ) ) ;
#3624 = DIRECTION ( 'NONE',  ( 0.6123724356958003545, 0.7071067811865451302, -0.3535533905932686793 ) ) ;
#3625 = AXIS2_PLACEMENT_3D ( 'NONE', #3980, #4814, #818 ) ;
#3626 = EDGE_LOOP ( 'NONE', ( #100, #3425, #5149, #1410 ) ) ;
#3627 = EDGE_CURVE ( 'NONE', #2147, #2418, #4808, .T. ) ;
#3628 = DIRECTION ( 'NONE',  ( -0.5000000000000006661, -6.177711968507953163E-17, -0.8660254037844383745 ) ) ;
#3629 = CARTESIAN_POINT ( 'NONE',  ( 8.458330249197713258, 1.045062560281230488E-15, -4.883419246269028235 ) ) ;
#3630 = AXIS2_PLACEMENT_3D ( 'NONE', #837, #3265, #2827 ) ;
#3631 = DIRECTION ( 'NONE',  ( 1.000000000000000000, 0.000000000000000000, 0.000000000000000000 ) ) ;
#3632 = EDGE_CURVE ( 'NONE', #2924, #5028, #393, .T. ) ;
#3633 = VERTEX_POINT ( 'NONE', #4024 ) ;
#3634 = ORIENTED_EDGE ( 'NONE', *, *, #4393, .T. ) ;
#3635 = AXIS2_PLACEMENT_3D ( 'NONE', #5153, #2009, #3636 ) ;
#3636 = DIRECTION ( 'NONE',  ( 1.000000000000000000, 1.606225440719260943E-16, 0.000000000000000000 ) ) ;
#3637 = ORIENTED_EDGE ( 'NONE', *, *, #4364, .F. ) ;
#3638 = ORIENTED_EDGE ( 'NONE', *, *, #4890, .T. ) ;
#3639 = LINE ( 'NONE', #11, #4871 ) ;
#3640 = CARTESIAN_POINT ( 'NONE',  ( -3.545706005997638854, -12.38689838640492624, 13.54134295108990749 ) ) ;
#3641 = VERTEX_POINT ( 'NONE', #4467 ) ;
#3642 = ORIENTED_EDGE ( 'NONE', *, *, #2122, .T. ) ;
#3643 = DIRECTION ( 'NONE',  ( 0.000000000000000000, 0.000000000000000000, 1.000000000000000000 ) ) ;
#3644 = CYLINDRICAL_SURFACE ( 'NONE', #3019, 0.3999999999999993006 ) ;
#3645 = DIRECTION ( 'NONE',  ( 8.736604050298529440E-17, -0.7071067811865475727, 0.7071067811865475727 ) ) ;
#3646 = APPLICATION_CONTEXT ( 'configuration controlled 3d designs of mechanical parts and assemblies' ) ;
#3647 = ORIENTED_EDGE ( 'NONE', *, *, #2933, .T. ) ;
#3648 = PLANE ( 'NONE',  #2237 ) ;
#3649 = PLANE ( 'NONE',  #3011 ) ;
#3650 = FACE_OUTER_BOUND ( 'NONE', #2275, .T. ) ;
#3651 = EDGE_CURVE ( 'NONE', #1344, #2258, #469, .T. ) ;
#3652 = EDGE_CURVE ( 'NONE', #832, #3187, #2905, .T. ) ;
#3653 = ORIENTED_EDGE ( 'NONE', *, *, #5034, .T. ) ;
#3654 = ORIENTED_EDGE ( 'NONE', *, *, #249, .T. ) ;
#3655 = ADVANCED_FACE ( 'NONE', ( #3728 ), #2268, .T. ) ;
#3656 = LINE ( 'NONE', #834, #1342 ) ;
#3657 = ORIENTED_EDGE ( 'NONE', *, *, #2803, .T. ) ;
#3658 = EDGE_LOOP ( 'NONE', ( #1530, #3836, #2690, #2788 ) ) ;
#3659 = AXIS2_PLACEMENT_3D ( 'NONE', #4632, #1026, #3452 ) ;
#3660 = CARTESIAN_POINT ( 'NONE',  ( -5.201391389914149066, 2.399999999999995914, -16.51625383435536421 ) ) ;
#3661 = CARTESIAN_POINT ( 'NONE',  ( -13.50000000000000000, 2.399999999999995914, 0.000000000000000000 ) ) ;
#3662 = VERTEX_POINT ( 'NONE', #3758 ) ;
#3663 = VECTOR ( 'NONE', #607, 1000.000000000000114 ) ;
#3664 = ORIENTED_EDGE ( 'NONE', *, *, #1284, .F. ) ;
#3665 = FACE_BOUND ( 'NONE', #1438, .T. ) ;
#3666 = FACE_OUTER_BOUND ( 'NONE', #1775, .T. ) ;
#3667 = CARTESIAN_POINT ( 'NONE',  ( 8.458330249197667072, 3.600000000000000977, 8.116580753730993081 ) ) ;
#3668 = AXIS2_PLACEMENT_3D ( 'NONE', #2180, #3002, #4196 ) ;
#3669 = FACE_OUTER_BOUND ( 'NONE', #2192, .T. ) ;
#3670 = LINE ( 'NONE', #4018, #2655 ) ;
#3671 = DIRECTION ( 'NONE',  ( 1.235542393701589400E-16, -1.000000000000000000, 3.697785493223492838E-32 ) ) ;
#3672 = CARTESIAN_POINT ( 'NONE',  ( 7.282507227558705044E-16, 5.999999999999996447, 13.00000000000000000 ) ) ;
#3673 = VECTOR ( 'NONE', #2532, 1000.000000000000000 ) ;
#3674 = ADVANCED_FACE ( 'NONE', ( #3677 ), #1635, .F. ) ;
#3675 = VERTEX_POINT ( 'NONE', #858 ) ;
#3676 = EDGE_LOOP ( 'NONE', ( #292, #360, #4999, #3375 ) ) ;
#3677 = FACE_OUTER_BOUND ( 'NONE', #197, .T. ) ;
#3678 = EDGE_CURVE ( 'NONE', #4513, #1901, #1922, .T. ) ;
#3679 = VERTEX_POINT ( 'NONE', #4073 ) ;
#3680 = ORIENTED_EDGE ( 'NONE', *, *, #4894, .F. ) ;
#3681 = ADVANCED_FACE ( 'NONE', ( #519 ), #2494, .F. ) ;
#3682 = ADVANCED_FACE ( 'NONE', ( #2133 ), #3705, .F. ) ;
#3683 = DIRECTION ( 'NONE',  ( 0.8660254037844328234, 1.070011100398203654E-16, 0.5000000000000101030 ) ) ;
#3684 = FACE_OUTER_BOUND ( 'NONE', #4120, .T. ) ;
#3685 = EDGE_CURVE ( 'NONE', #1851, #2333, #3310, .T. ) ;
#3686 = EDGE_LOOP ( 'NONE', ( #646, #3714, #3308, #1491 ) ) ;
#3687 = ORIENTED_EDGE ( 'NONE', *, *, #1966, .F. ) ;
#3688 = CIRCLE ( 'NONE', #3944, 0.4000000000000001887 ) ;
#3689 = CARTESIAN_POINT ( 'NONE',  ( -3.545706005997451449, 5.599999999999996980, -13.54134295108995367 ) ) ;
#3690 = DIRECTION ( 'NONE',  ( 1.235542393701589400E-16, -1.000000000000000000, 0.000000000000000000 ) ) ;
#3691 = CARTESIAN_POINT ( 'NONE',  ( -13.50000000000000000, 2.399999999999995914, -2.150000000000000799 ) ) ;
#3692 = DIRECTION ( 'NONE',  ( -1.000000000000000000, 0.000000000000000000, 0.000000000000000000 ) ) ;
#3693 = AXIS2_PLACEMENT_3D ( 'NONE', #3993, #5203, #1584 ) ;
#3694 = CARTESIAN_POINT ( 'NONE',  ( -3.944991048007909320E-15, -4.874203682587033392E-31, -16.23316150746190090 ) ) ;
#3695 = FACE_OUTER_BOUND ( 'NONE', #4941, .T. ) ;
#3696 = DIRECTION ( 'NONE',  ( -0.000000000000000000, 1.000000000000000000, -0.000000000000000000 ) ) ;
#3697 = DIRECTION ( 'NONE',  ( -0.6123724356957958026, -0.7071067811865470176, 0.3535533905932727317 ) ) ;
#3698 = AXIS2_PLACEMENT_3D ( 'NONE', #612, #3690, #90 ) ;
#3699 = VERTEX_POINT ( 'NONE', #3258 ) ;
#3700 = EDGE_LOOP ( 'NONE', ( #2447, #3929, #1081, #4963, #73, #314 ) ) ;
#3701 = VECTOR ( 'NONE', #4376, 1000.000000000000000 ) ;
#3702 = CARTESIAN_POINT ( 'NONE',  ( -1.625704155516276561, 5.999999999999996447, 5.384197804570019841 ) ) ;
#3703 = CARTESIAN_POINT ( 'NONE',  ( 1.454565200407755461E-15, 5.200000000000001066, 0.000000000000000000 ) ) ;
#3704 = EDGE_LOOP ( 'NONE', ( #516, #2120, #1900, #3212 ) ) ;
#3705 = CONICAL_SURFACE ( 'NONE', #2944, 7.699999999999997513, 0.7853981633974428389 ) ;
#3706 = EDGE_LOOP ( 'NONE', ( #657, #1895, #3160, #1138 ) ) ;
#3707 = EDGE_CURVE ( 'NONE', #2444, #3633, #4854, .T. ) ;
#3708 = CYLINDRICAL_SURFACE ( 'NONE', #1249, 2.149999999999999023 ) ;
#3709 = DIRECTION ( 'NONE',  ( -0.5000000000000039968, -6.177711968507998769E-17, 0.8660254037844363761 ) ) ;
#3710 = PLANE ( 'NONE',  #2210 ) ;
#3711 = ORIENTED_EDGE ( 'NONE', *, *, #2529, .T. ) ;
#3712 = ADVANCED_FACE ( 'NONE', ( #4909 ), #1242, .F. ) ;
#3713 = ADVANCED_FACE ( 'NONE', ( #1659 ), #432, .F. ) ;
#3714 = ORIENTED_EDGE ( 'NONE', *, *, #4519, .T. ) ;
#3715 = ADVANCED_FACE ( 'NONE', ( #909, #4490, #4939, #574, #1348, #2104, #102, #4125, #2932, #2466, #4546, #1681, #4571, #960 ), #935, .F. ) ;
#3716 = CARTESIAN_POINT ( 'NONE',  ( 17.09266065111357946, 5.600000000000000533, 4.195348837209302850 ) ) ;
#3717 = LINE ( 'NONE', #2174, #4119 ) ;
#3718 = CARTESIAN_POINT ( 'NONE',  ( -11.25833024919762870, 4.599999999999999645, -8.200000000000127187 ) ) ;
#3719 = DIRECTION ( 'NONE',  ( 1.000000000000000000, 1.606225440719265134E-16, 0.000000000000000000 ) ) ;
#3720 = DIRECTION ( 'NONE',  ( -1.000000000000000000, -1.235542393701589400E-16, 0.000000000000000000 ) ) ;
#3721 = CARTESIAN_POINT ( 'NONE',  ( -17.10419109086099709, 16.97268548471243221, -4.100000000000000533 ) ) ;
#3722 = DIRECTION ( 'NONE',  ( 0.000000000000000000, 0.000000000000000000, 1.000000000000000000 ) ) ;
#3723 = CARTESIAN_POINT ( 'NONE',  ( 4.913051654796224632, 16.97268548471243577, -16.90035276073562187 ) ) ;
#3724 = ORIENTED_EDGE ( 'NONE', *, *, #2283, .F. ) ;
#3725 = ORIENTED_EDGE ( 'NONE', *, *, #2661, .F. ) ;
#3726 = LINE ( 'NONE', #2158, #1945 ) ;
#3727 = CARTESIAN_POINT ( 'NONE',  ( 2.799999999999997158, 3.600000000000000533, -11.38341924626904955 ) ) ;
#3728 = FACE_OUTER_BOUND ( 'NONE', #452, .T. ) ;
#3729 = ORIENTED_EDGE ( 'NONE', *, *, #2221, .F. ) ;
#3730 = VERTEX_POINT ( 'NONE', #1372 ) ;
#3731 = AXIS2_PLACEMENT_3D ( 'NONE', #2928, #1370, #4148 ) ;
#3732 = PRODUCT_DEFINITION_FORMATION_WITH_SPECIFIED_SOURCE ( 'ANY', '', #65, .NOT_KNOWN. ) ;
#3733 = CARTESIAN_POINT ( 'NONE',  ( 16.70419109086099496, 5.999999999999998224, -4.099999999999997868 ) ) ;
#3734 = DIRECTION ( 'NONE',  ( -1.235542393701589400E-16, 1.000000000000000000, -0.000000000000000000 ) ) ;
#3735 = CARTESIAN_POINT ( 'NONE',  ( 3.500195786275336761E-15, 3.600000000000000089, 16.23316150746190090 ) ) ;
#3736 = EDGE_LOOP ( 'NONE', ( #620, #1032, #1679, #3089 ) ) ;
#3737 = ORIENTED_EDGE ( 'NONE', *, *, #3526, .T. ) ;
#3738 = AXIS2_PLACEMENT_3D ( 'NONE', #1687, #4131, #3317 ) ;
#3739 = DIRECTION ( 'NONE',  ( 1.235542393701589400E-16, -1.000000000000000000, 0.000000000000000000 ) ) ;
#3740 = CARTESIAN_POINT ( 'NONE',  ( 4.801391389914493324, 2.399999999999997691, -16.51625383435526118 ) ) ;
#3741 = CIRCLE ( 'NONE', #4587, 0.4000000000000001887 ) ;
#3742 = PLANE ( 'NONE',  #1157 ) ;
#3743 = CIRCLE ( 'NONE', #386, 2.150000000000000799 ) ;
#3744 = ORIENTED_EDGE ( 'NONE', *, *, #5151, .F. ) ;
#3745 = EDGE_CURVE ( 'NONE', #3018, #2397, #4710, .T. ) ;
#3746 = DIRECTION ( 'NONE',  ( 1.235542393701589400E-16, -1.000000000000000000, 1.155557966632371618E-33 ) ) ;
#3747 = DIRECTION ( 'NONE',  ( -1.000000000000000000, 0.000000000000000000, 0.000000000000000000 ) ) ;
#3748 = EDGE_CURVE ( 'NONE', #2258, #2315, #2305, .T. ) ;
#3749 = LINE ( 'NONE', #3721, #3359 ) ;
#3750 = EDGE_CURVE ( 'NONE', #2266, #1240, #1043, .T. ) ;
#3751 = LINE ( 'NONE', #4225, #626 ) ;
#3752 = FACE_OUTER_BOUND ( 'NONE', #228, .T. ) ;
#3753 = ORIENTED_EDGE ( 'NONE', *, *, #2671, .F. ) ;
#3754 = VERTEX_POINT ( 'NONE', #2580 ) ;
#3755 = DIRECTION ( 'NONE',  ( 1.000000000000000000, 1.478457507934778886E-16, 0.000000000000000000 ) ) ;
#3756 = CYLINDRICAL_SURFACE ( 'NONE', #3527, 7.699999999999997513 ) ;
#3757 = CIRCLE ( 'NONE', #2140, 17.59999999999999787 ) ;
#3758 = CARTESIAN_POINT ( 'NONE',  ( -4.913051654796108281, 2.399999999999997247, 16.90035276073566450 ) ) ;
#3759 = ORIENTED_EDGE ( 'NONE', *, *, #3678, .T. ) ;
#3760 = ORIENTED_EDGE ( 'NONE', *, *, #1381, .T. ) ;
#3761 = AXIS2_PLACEMENT_3D ( 'NONE', #873, #829, #4873 ) ;
#3762 = FACE_OUTER_BOUND ( 'NONE', #77, .T. ) ;
#3763 = CARTESIAN_POINT ( 'NONE',  ( -6.749999999999892530, -9.107298248878237246E-15, -11.69134295108998245 ) ) ;
#3764 = FACE_OUTER_BOUND ( 'NONE', #4798, .T. ) ;
#3765 = ORIENTED_EDGE ( 'NONE', *, *, #1771, .F. ) ;
#3766 = ORIENTED_EDGE ( 'NONE', *, *, #3170, .T. ) ;
#3767 = PLANE ( 'NONE',  #300 ) ;
#3768 = CYLINDRICAL_SURFACE ( 'NONE', #4702, 3.700000000000000178 ) ;
#3769 = VECTOR ( 'NONE', #2687, 1000.000000000000000 ) ;
#3770 = FACE_OUTER_BOUND ( 'NONE', #3686, .T. ) ;
#3771 = AXIS2_PLACEMENT_3D ( 'NONE', #5136, #1124, #4300 ) ;
#3772 = FACE_OUTER_BOUND ( 'NONE', #1117, .T. ) ;
#3773 = LINE ( 'NONE', #4957, #811 ) ;
#3774 = CARTESIAN_POINT ( 'NONE',  ( 9.954293994002537005, 5.600000000000000533, -9.841342951089805169 ) ) ;
#3775 = CARTESIAN_POINT ( 'NONE',  ( 7.282507227558705044E-16, 5.999999999999996447, 13.00000000000000000 ) ) ;
#3776 = EDGE_LOOP ( 'NONE', ( #2999, #4593, #3013, #3943 ) ) ;
#3777 = EDGE_CURVE ( 'NONE', #472, #1825, #2091, .T. ) ;
#3778 = AXIS2_PLACEMENT_3D ( 'NONE', #649, #2236, #719 ) ;
#3779 = ORIENTED_EDGE ( 'NONE', *, *, #4041, .F. ) ;
#3780 = AXIS2_PLACEMENT_3D ( 'NONE', #477, #4584, #2114 ) ;
#3781 = DIRECTION ( 'NONE',  ( 1.235542393701589400E-16, -1.000000000000000000, 0.000000000000000000 ) ) ;
#3782 = DIRECTION ( 'NONE',  ( 0.5000000000000102141, 6.177711968508071492E-17, -0.8660254037844328234 ) ) ;
#3783 = EDGE_CURVE ( 'NONE', #4127, #3340, #2733, .T. ) ;
#3784 = AXIS2_PLACEMENT_3D ( 'NONE', #506, #1752, #2915 ) ;
#3785 = LINE ( 'NONE', #1156, #4971 ) ;
#3786 = EDGE_LOOP ( 'NONE', ( #5130, #2423, #4935 ) ) ;
#3787 = ORIENTED_EDGE ( 'NONE', *, *, #1409, .T. ) ;
#3788 = VECTOR ( 'NONE', #739, 1000.000000000000000 ) ;
#3789 = FACE_OUTER_BOUND ( 'NONE', #3704, .T. ) ;
#3790 = CARTESIAN_POINT ( 'NONE',  ( -17.10419109086099709, 16.97268548471243221, 4.100000000000000533 ) ) ;
#3791 = DIRECTION ( 'NONE',  ( -0.5000000000000102141, -6.177711968508071492E-17, 0.8660254037844327124 ) ) ;
#3792 = VECTOR ( 'NONE', #4267, 1000.000000000000227 ) ;
#3793 = EDGE_LOOP ( 'NONE', ( #1559, #1921, #4634, #3135 ) ) ;
#3794 = ORIENTED_EDGE ( 'NONE', *, *, #5030, .F. ) ;
#3795 = AXIS2_PLACEMENT_3D ( 'NONE', #4207, #5022, #3140 ) ;
#3796 = CARTESIAN_POINT ( 'NONE',  ( -8.458330249197775430, 3.599999999999999201, 8.116580753730872289 ) ) ;
#3797 = CARTESIAN_POINT ( 'NONE',  ( -16.70419109086099141, 2.399999999999995914, 4.100000000000000533 ) ) ;
#3798 = CARTESIAN_POINT ( 'NONE',  ( 11.25833024919771574, 4.600000000000003197, -6.499999999999974243 ) ) ;
#3799 = VERTEX_POINT ( 'NONE', #2985 ) ;
#3800 = DIRECTION ( 'NONE',  ( -0.000000000000000000, 1.000000000000000000, -3.697785493223492838E-32 ) ) ;
#3801 = FACE_OUTER_BOUND ( 'NONE', #1366, .T. ) ;
#3802 = DIRECTION ( 'NONE',  ( 1.000000000000000000, 2.115516434118057955E-16, 0.000000000000000000 ) ) ;
#3803 = CARTESIAN_POINT ( 'NONE',  ( -9.954293994002332724, 2.399999999999995914, -9.841342951090013003 ) ) ;
#3804 = ORIENTED_EDGE ( 'NONE', *, *, #3069, .T. ) ;
#3805 = ORIENTED_EDGE ( 'NONE', *, *, #1322, .F. ) ;
#3806 = DIRECTION ( 'NONE',  ( -0.8660254037844397068, -1.070011100398212159E-16, 0.4999999999999979461 ) ) ;
#3807 = DIRECTION ( 'NONE',  ( 1.235542393701589400E-16, -1.000000000000000000, -0.000000000000000000 ) ) ;
#3808 = EDGE_CURVE ( 'NONE', #2060, #4970, #3785, .T. ) ;
#3809 = FACE_OUTER_BOUND ( 'NONE', #742, .T. ) ;
#3810 = EDGE_CURVE ( 'NONE', #4572, #4623, #3839, .T. ) ;
#3811 = ORIENTED_EDGE ( 'NONE', *, *, #2486, .F. ) ;
#3812 = ADVANCED_FACE ( 'NONE', ( #3809 ), #4715, .F. ) ;
#3813 = VERTEX_POINT ( 'NONE', #182 ) ;
#3814 = ADVANCED_FACE ( 'NONE', ( #3391 ), #206, .F. ) ;
#3815 = CARTESIAN_POINT ( 'NONE',  ( 6.750000000000138556, -12.38689838640493690, -11.69134295108984212 ) ) ;
#3816 = EDGE_CURVE ( 'NONE', #444, #4003, #186, .T. ) ;
#3817 = DIRECTION ( 'NONE',  ( -0.6123724356957953585, 0.7071067811865457964, -0.3535533905932758958 ) ) ;
#3818 = CARTESIAN_POINT ( 'NONE',  ( 5.475704155516247340, 5.999999999999997335, -1.284197804570095025 ) ) ;
#3819 = ORIENTED_EDGE ( 'NONE', *, *, #4583, .F. ) ;
#3820 = EDGE_LOOP ( 'NONE', ( #555, #3637 ) ) ;
#3821 = VECTOR ( 'NONE', #1553, 1000.000000000000000 ) ;
#3822 = CARTESIAN_POINT ( 'NONE',  ( 11.25833024919771574, 5.999999999999998224, -6.499999999999974243 ) ) ;
#3823 = DIRECTION ( 'NONE',  ( 1.235542393701589400E-16, -1.000000000000000000, -0.000000000000000000 ) ) ;
#3824 = CARTESIAN_POINT ( 'NONE',  ( 11.90279970094666950, 2.399999999999999467, 12.41625383435534857 ) ) ;
#3825 = VECTOR ( 'NONE', #1873, 1000.000000000000000 ) ;
#3826 = ORIENTED_EDGE ( 'NONE', *, *, #2858, .T. ) ;
#3827 = DIRECTION ( 'NONE',  ( 0.000000000000000000, 0.000000000000000000, 1.000000000000000000 ) ) ;
#3828 = CONICAL_SURFACE ( 'NONE', #1276, 3.700000000000000178, 0.7853981633974482790 ) ;
#3829 = CYLINDRICAL_SURFACE ( 'NONE', #3438, 1.699999999999998401 ) ;
#3830 = VECTOR ( 'NONE', #792, 1000.000000000000000 ) ;
#3831 = CARTESIAN_POINT ( 'NONE',  ( -11.25833024919762870, 5.999999999999994671, -6.500000000000129674 ) ) ;
#3832 = FACE_OUTER_BOUND ( 'NONE', #4121, .T. ) ;
#3833 = CONICAL_SURFACE ( 'NONE', #4497, 1.699999999999998401, 0.7853981633974485010 ) ;
#3834 = EDGE_LOOP ( 'NONE', ( #2071, #168, #1403, #4647 ) ) ;
#3835 = AXIS2_PLACEMENT_3D ( 'NONE', #2166, #3734, #995 ) ;
#3836 = ORIENTED_EDGE ( 'NONE', *, *, #1196, .T. ) ;
#3837 = DIRECTION ( 'NONE',  ( 0.000000000000000000, -0.7071067811865474617, -0.7071067811865474617 ) ) ;
#3838 = DIRECTION ( 'NONE',  ( -4.662936703425656681E-15, -5.854827030937196117E-31, 1.000000000000000000 ) ) ;
#3839 = LINE ( 'NONE', #2607, #3377 ) ;
#3840 = ADVANCED_FACE ( 'NONE', ( #5049 ), #1789, .F. ) ;
#3841 = ORIENTED_EDGE ( 'NONE', *, *, #3430, .F. ) ;
#3842 = ORIENTED_EDGE ( 'NONE', *, *, #1999, .T. ) ;
#3843 = DIRECTION ( 'NONE',  ( -0.000000000000000000, 1.000000000000000000, -0.000000000000000000 ) ) ;
#3844 = EDGE_CURVE ( 'NONE', #4317, #1070, #2014, .T. ) ;
#3845 = DIRECTION ( 'NONE',  ( -1.235542393701589400E-16, 1.000000000000000000, -0.000000000000000000 ) ) ;
#3846 = CARTESIAN_POINT ( 'NONE',  ( -11.55638953943297764, -12.38689838640492624, 12.61625383435525904 ) ) ;
#3847 = CYLINDRICAL_SURFACE ( 'NONE', #3169, 0.3999999999999993006 ) ;
#3848 = ORIENTED_EDGE ( 'NONE', *, *, #4397, .T. ) ;
#3849 = EDGE_LOOP ( 'NONE', ( #936, #520, #3050, #2318, #1374, #3 ) ) ;
#3850 = EDGE_CURVE ( 'NONE', #3318, #1749, #3042, .T. ) ;
#3851 = LINE ( 'NONE', #1903, #3221 ) ;
#3852 = LINE ( 'NONE', #5059, #4706 ) ;
#3853 = ADVANCED_FACE ( 'NONE', ( #1523 ), #4329, .F. ) ;
#3854 = CARTESIAN_POINT ( 'NONE',  ( 14.05833024919771646, 1.736966300754120829E-15, -8.116580753730922027 ) ) ;
#3855 = ORIENTED_EDGE ( 'NONE', *, *, #3816, .T. ) ;
#3856 = CARTESIAN_POINT ( 'NONE',  ( -3.545706005997640631, 2.399999999999995914, 13.54134295108990749 ) ) ;
#3857 = VECTOR ( 'NONE', #5188, 1000.000000000000114 ) ;
#3858 = CARTESIAN_POINT ( 'NONE',  ( -3.545706005997452337, 5.600000000000000533, -13.54134295108995367 ) ) ;
#3859 = DIRECTION ( 'NONE',  ( 0.000000000000000000, 0.000000000000000000, 1.000000000000000000 ) ) ;
#3860 = AXIS2_PLACEMENT_3D ( 'NONE', #2300, #4664, #3131 ) ;
#3861 = CARTESIAN_POINT ( 'NONE',  ( -17.10419109086099354, 2.399999999999995914, -4.100000000000000533 ) ) ;
#3862 = ORIENTED_EDGE ( 'NONE', *, *, #145, .F. ) ;
#3863 = ORIENTED_EDGE ( 'NONE', *, *, #1552, .F. ) ;
#3864 = VECTOR ( 'NONE', #4674, 1000.000000000000000 ) ;
#3865 = CARTESIAN_POINT ( 'NONE',  ( -4.447952617325721643E-16, 3.600000000000000089, 0.000000000000000000 ) ) ;
#3866 = DIRECTION ( 'NONE',  ( 1.235542393701589400E-16, -1.000000000000000000, 0.000000000000000000 ) ) ;
#3867 = VECTOR ( 'NONE', #2212, 999.9999999999998863 ) ;
#3868 = ORIENTED_EDGE ( 'NONE', *, *, #3883, .T. ) ;
#3869 = ORIENTED_EDGE ( 'NONE', *, *, #3427, .F. ) ;
#3870 = CIRCLE ( 'NONE', #2257, 3.700000000000000178 ) ;
#3871 = DIRECTION ( 'NONE',  ( 1.235542393701589400E-16, -1.000000000000000000, 0.000000000000000000 ) ) ;
#3872 = CARTESIAN_POINT ( 'NONE',  ( -2.210901595197776700E-15, 5.999999999999996447, -13.00000000000000000 ) ) ;
#3873 = LINE ( 'NONE', #313, #980 ) ;
#3874 = ORIENTED_EDGE ( 'NONE', *, *, #4451, .F. ) ;
#3875 = VECTOR ( 'NONE', #5135, 1000.000000000000114 ) ;
#3876 = VERTEX_POINT ( 'NONE', #1021 ) ;
#3877 = APPROVAL ( #3890, 'UNSPECIFIED' ) ;
#3878 = DIRECTION ( 'NONE',  ( -1.104671909502030758E-14, -1.349691705026574886E-30, 1.000000000000000000 ) ) ;
#3879 = VECTOR ( 'NONE', #1073, 1000.000000000000000 ) ;
#3880 = CARTESIAN_POINT ( 'NONE',  ( -5.201391389914373775, 2.399999999999995914, 16.51625383435529315 ) ) ;
#3881 = DIRECTION ( 'NONE',  ( 0.000000000000000000, 1.000000000000000000, 0.000000000000000000 ) ) ;
#3882 = EDGE_CURVE ( 'NONE', #5117, #3414, #4991, .T. ) ;
#3883 = EDGE_CURVE ( 'NONE', #4438, #3620, #1259, .T. ) ;
#3884 = ORIENTED_EDGE ( 'NONE', *, *, #251, .F. ) ;
#3885 = AXIS2_PLACEMENT_3D ( 'NONE', #2343, #2716, #4341 ) ;
#3887 = EDGE_CURVE ( 'NONE', #4348, #802, #1550, .T. ) ;
#3886 = LINE ( 'NONE', #1033, #887 ) ;
#3888 = CARTESIAN_POINT ( 'NONE',  ( -11.25833024919762870, 5.999999999999994671, -6.500000000000129674 ) ) ;
#3889 = DIRECTION ( 'NONE',  ( 0.000000000000000000, -1.000000000000000000, 0.000000000000000000 ) ) ;
#3890 = APPROVAL_STATUS ( 'not_yet_approved' ) ;
#3891 = ORIENTED_EDGE ( 'NONE', *, *, #3333, .T. ) ;
#3892 = DIRECTION ( 'NONE',  ( -0.6123724356957908066, -0.7071067811865475727, -0.3535533905932799481 ) ) ;
#3893 = LINE ( 'NONE', #1140, #1323 ) ;
#3894 = EDGE_LOOP ( 'NONE', ( #2906, #4594 ) ) ;
#3895 = VERTEX_POINT ( 'NONE', #798 ) ;
#3896 = CARTESIAN_POINT ( 'NONE',  ( -2.002711639342726869E-15, 4.600000000000000533, -11.30000000000000071 ) ) ;
#3897 = CYLINDRICAL_SURFACE ( 'NONE', #565, 0.4000000000000001887 ) ;
#3898 = EDGE_LOOP ( 'NONE', ( #575, #5000, #2954, #2576 ) ) ;
#3899 = VERTEX_POINT ( 'NONE', #2431 ) ;
#3900 = CARTESIAN_POINT ( 'NONE',  ( -2.800000000000001599, 3.599999999999999645, -11.38341924626904600 ) ) ;
#3901 = DIRECTION ( 'NONE',  ( -0.000000000000000000, 1.000000000000000000, -0.000000000000000000 ) ) ;
#3902 = AXIS2_PLACEMENT_3D ( 'NONE', #907, #3559, #3129 ) ;
#3903 = CARTESIAN_POINT ( 'NONE',  ( -9.954293994002471280, 5.599999999999996980, 9.841342951089877999 ) ) ;
#3904 = EDGE_CURVE ( 'NONE', #2433, #2141, #4455, .T. ) ;
#3905 = VERTEX_POINT ( 'NONE', #4477 ) ;
#3906 = DIRECTION ( 'NONE',  ( 0.000000000000000000, 0.000000000000000000, 1.000000000000000000 ) ) ;
#3907 = CARTESIAN_POINT ( 'NONE',  ( 11.25833024919771042, 1.391014430517675067E-15, -3.266838492538072458 ) ) ;
#3908 = CARTESIAN_POINT ( 'NONE',  ( 17.60000000000000142, 2.399999999999999911, 0.000000000000000000 ) ) ;
#3909 = LINE ( 'NONE', #1577, #4919 ) ;
#3910 = EDGE_CURVE ( 'NONE', #1070, #1870, #1279, .T. ) ;
#3911 = ORIENTED_EDGE ( 'NONE', *, *, #1137, .T. ) ;
#3912 = VECTOR ( 'NONE', #838, 999.9999999999998863 ) ;
#3913 = EDGE_CURVE ( 'NONE', #3876, #2441, #4016, .T. ) ;
#3914 = EDGE_CURVE ( 'NONE', #1529, #4790, #479, .T. ) ;
#3915 = DIRECTION ( 'NONE',  ( 0.5000000000000039968, 6.177711968507998769E-17, -0.8660254037844363761 ) ) ;
#3916 = CARTESIAN_POINT ( 'NONE',  ( 16.70419109086099496, 5.600000000000002309, -4.100000000000000533 ) ) ;
#3917 = AXIS2_PLACEMENT_3D ( 'NONE', #4979, #3321, #4922 ) ;
#3918 = AXIS2_PLACEMENT_3D ( 'NONE', #4997, #2939, #3343 ) ;
#3919 = VERTEX_POINT ( 'NONE', #1186 ) ;
#3920 = VERTEX_POINT ( 'NONE', #2022 ) ;
#3921 = DIRECTION ( 'NONE',  ( 1.235542393701589400E-16, -1.000000000000000000, 0.000000000000000000 ) ) ;
#3922 = LINE ( 'NONE', #2693, #3163 ) ;
#3923 = EDGE_LOOP ( 'NONE', ( #2664, #367, #5105, #1875 ) ) ;
#3924 = ORIENTED_EDGE ( 'NONE', *, *, #3617, .F. ) ;
#3925 = VECTOR ( 'NONE', #4293, 1000.000000000000000 ) ;
#3926 = CARTESIAN_POINT ( 'NONE',  ( -9.954293994002471280, 2.399999999999995914, 9.841342951089877999 ) ) ;
#3927 = DIRECTION ( 'NONE',  ( -1.000000000000000000, -1.235542393701589400E-16, 0.000000000000000000 ) ) ;
#3928 = CARTESIAN_POINT ( 'NONE',  ( 6.750000000000135891, 5.600000000000000533, -11.69134295108984212 ) ) ;
#3929 = ORIENTED_EDGE ( 'NONE', *, *, #939, .T. ) ;
#3930 = DIRECTION ( 'NONE',  ( 1.235542393701589400E-16, -1.000000000000000000, 0.000000000000000000 ) ) ;
#3931 = FACE_OUTER_BOUND ( 'NONE', #5061, .T. ) ;
#3932 = DIRECTION ( 'NONE',  ( 1.235542393701589400E-16, -1.000000000000000000, -0.000000000000000000 ) ) ;
#3933 = DIRECTION ( 'NONE',  ( -1.235542393701589400E-16, 1.000000000000000000, -0.000000000000000000 ) ) ;
#3934 = APPLICATION_PROTOCOL_DEFINITION ( 'international standard', 'config_control_design', 1994, #1642 ) ;
#3935 = ORIENTED_EDGE ( 'NONE', *, *, #4520, .T. ) ;
#3936 = AXIS2_PLACEMENT_3D ( 'NONE', #3865, #3090, #2334 ) ;
#3937 = EDGE_CURVE ( 'NONE', #1749, #808, #435, .T. ) ;
#3938 = CARTESIAN_POINT ( 'NONE',  ( -13.50000000000000000, 2.399999999999995914, -3.700000000000000178 ) ) ;
#3939 = CARTESIAN_POINT ( 'NONE',  ( -11.90279970094675477, 5.999999999999994671, 12.41625383435525798 ) ) ;
#3940 = DIRECTION ( 'NONE',  ( -1.235542393701589400E-16, 1.000000000000000000, 0.000000000000000000 ) ) ;
#3941 = EDGE_CURVE ( 'NONE', #4469, #1473, #2387, .T. ) ;
#3942 = ADVANCED_FACE ( 'NONE', ( #4891 ), #381, .T. ) ;
#3943 = ORIENTED_EDGE ( 'NONE', *, *, #2804, .T. ) ;
#3944 = AXIS2_PLACEMENT_3D ( 'NONE', #114, #2094, #2202 ) ;
#3945 = ORIENTED_EDGE ( 'NONE', *, *, #1159, .F. ) ;
#3946 = ADVANCED_FACE ( 'NONE', ( #1603 ), #3248, .F. ) ;
#3947 = VECTOR ( 'NONE', #3671, 1000.000000000000000 ) ;
#3948 = CARTESIAN_POINT ( 'NONE',  ( 11.25833024919771042, 3.600000000000001421, -3.266838492538072458 ) ) ;
#3949 = CARTESIAN_POINT ( 'NONE',  ( 8.458330249197713258, 3.600000000000000977, -4.883419246269028235 ) ) ;
#3950 = EDGE_LOOP ( 'NONE', ( #4783, #1207, #1511, #103 ) ) ;
#3951 = VERTEX_POINT ( 'NONE', #870 ) ;
#3952 = AXIS2_PLACEMENT_3D ( 'NONE', #3514, #3112, #3567 ) ;
#3953 = DIRECTION ( 'NONE',  ( 1.235542393701589400E-16, -1.000000000000000000, -0.000000000000000000 ) ) ;
#3954 = DIRECTION ( 'NONE',  ( 0.000000000000000000, 0.000000000000000000, 1.000000000000000000 ) ) ;
#3955 = DIRECTION ( 'NONE',  ( 0.000000000000000000, 0.000000000000000000, -1.000000000000000000 ) ) ;
#3956 = AXIS2_PLACEMENT_3D ( 'NONE', #585, #1778, #3403 ) ;
#3957 = ORIENTED_EDGE ( 'NONE', *, *, #4302, .T. ) ;
#3958 = ORIENTED_EDGE ( 'NONE', *, *, #1516, .F. ) ;
#3959 = CARTESIAN_POINT ( 'NONE',  ( -13.50000000000000178, 5.599999999999996980, -3.700000000000000178 ) ) ;
#3960 = CARTESIAN_POINT ( 'NONE',  ( 8.458330249197681283, 3.600000000000000977, 4.883419246269086855 ) ) ;
#3961 = PLANE ( 'NONE',  #1743 ) ;
#3962 = CARTESIAN_POINT ( 'NONE',  ( -11.25833024919779213, -1.391014430517684928E-15, 9.733161507461801421 ) ) ;
#3963 = VECTOR ( 'NONE', #312, 1000.000000000000114 ) ;
#3964 = EDGE_LOOP ( 'NONE', ( #2279, #4152, #997, #2163 ) ) ;
#3965 = FACE_OUTER_BOUND ( 'NONE', #1887, .T. ) ;
#3966 = CYLINDRICAL_SURFACE ( 'NONE', #3613, 0.4000000000000010214 ) ;
#3967 = DIRECTION ( 'NONE',  ( 0.000000000000000000, 0.000000000000000000, -1.000000000000000000 ) ) ;
#3968 = ORIENTED_EDGE ( 'NONE', *, *, #1100, .T. ) ;
#3969 = ORIENTED_EDGE ( 'NONE', *, *, #1994, .T. ) ;
#3970 = EDGE_CURVE ( 'NONE', #4314, #4028, #40, .T. ) ;
#3971 = EDGE_CURVE ( 'NONE', #918, #1820, #1210, .T. ) ;
#3972 = CARTESIAN_POINT ( 'NONE',  ( -2.210901595197776700E-15, 4.600000000000000533, -13.00000000000000000 ) ) ;
#3973 = DIRECTION ( 'NONE',  ( -1.235542393701589400E-16, 1.000000000000000000, -0.000000000000000000 ) ) ;
#3974 = EDGE_CURVE ( 'NONE', #240, #1331, #2407, .T. ) ;
#3975 = ORIENTED_EDGE ( 'NONE', *, *, #2700, .F. ) ;
#3976 = VERTEX_POINT ( 'NONE', #847 ) ;
#3977 = EDGE_CURVE ( 'NONE', #1749, #3358, #1487, .T. ) ;
#3978 = EDGE_CURVE ( 'NONE', #4725, #1950, #4061, .T. ) ;
#3979 = LINE ( 'NONE', #3584, #1369 ) ;
#3980 = CARTESIAN_POINT ( 'NONE',  ( 6.749999999999976019, -12.38689838640490848, 11.69134295108993804 ) ) ;
#3981 = CARTESIAN_POINT ( 'NONE',  ( 17.60000000000000142, 2.399999999999999911, 0.000000000000000000 ) ) ;
#3982 = VERTEX_POINT ( 'NONE', #1624 ) ;
#3983 = VERTEX_POINT ( 'NONE', #4846 ) ;
#3984 = LINE ( 'NONE', #1183, #3504 ) ;
#3985 = DIRECTION ( 'NONE',  ( 0.6867236508478922197, -0.7071067811865464625, 0.1685545234223740918 ) ) ;
#3986 = CARTESIAN_POINT ( 'NONE',  ( 11.25833024919767311, 4.600000000000003197, 8.200000000000050804 ) ) ;
#3987 = CARTESIAN_POINT ( 'NONE',  ( 6.749999999999973355, 2.399999999999998579, 11.69134295108993804 ) ) ;
#3988 = FACE_OUTER_BOUND ( 'NONE', #715, .T. ) ;
#3989 = VERTEX_POINT ( 'NONE', #3691 ) ;
#3990 = AXIS2_PLACEMENT_3D ( 'NONE', #4370, #930, #1173 ) ;
#3991 = DIRECTION ( 'NONE',  ( 1.235542393701589400E-16, -1.000000000000000000, -0.000000000000000000 ) ) ;
#3992 = LOCAL_TIME ( 21, 23, 33.00000000000000000, #1913 ) ;
#3993 = CARTESIAN_POINT ( 'NONE',  ( 0.000000000000000000, 16.97268548471243577, 0.000000000000000000 ) ) ;
#3994 = DIRECTION ( 'NONE',  ( -1.235542393701589400E-16, 1.000000000000000000, -0.000000000000000000 ) ) ;
#3995 = VERTEX_POINT ( 'NONE', #456 ) ;
#3996 = CIRCLE ( 'NONE', #3738, 1.699999999999998401 ) ;
#3997 = EDGE_LOOP ( 'NONE', ( #3480, #2744, #1620, #4567 ) ) ;
#3998 = CLOSED_SHELL ( 'NONE', ( #4547, #1582, #1831, #3298, #655, #5069, #4972, #2280, #1796, #3263, #3301, #439, #1223, #1732, #4099, #2968, #3037, #2307, #4862, #4445, #2833, #2434, #5066, #3361, #24, #3395, #880, #3558, #3367, #3329, #1385, #2339, #1970, #3682, #1932, #1390, #3715, #3814, #1641, #1168, #3532, #2830, #5126, #305, #2637, #3205, #1261, #1580, #271, #4739, #2798, #850, #4194, #3599, #2566, #3134, #1017, #696, #4424, #87, #4357, #210, #751, #4203, #3853, #2569, #1996, #3288, #4938, #4515, #5163, #49, #144, #5195, #1188, #1257, #3294, #4303, #1256, #4967, #4427, #1541, #3470, #2259, #3516, #1449, #334, #1034, #5003, #1790, #4996, #4092, #79, #1047, #2958, #282, #4195, #1425, #3712, #1540, #2884, #4933, #2935, #2892, #2498, #4510, #2306, #3201, #3840, #4807, #1224, #1351, #722, #4135, #1281, #86, #3812, #3713, #2606, #623, #2090, #4097, #632, #1105, #2765, #970, #2770, #668, #3232, #3942, #1252, #443, #373, #2118, #4541, #2286, #1721, #2374, #4296, #4233, #3030, #56, #3594, #634, #4838, #4969, #3946, #564, #597, #3056, #1071, #3524, #369, #5070, #1586, #3655, #788, #2215, #3681, #3674, #214, #2030, #4643, #3270, #664, #2107, #2191, #4620, #2056, #4165, #1194, #184, #463 ) ) ;
#3999 = EDGE_CURVE ( 'NONE', #1825, #472, #4441, .T. ) ;
#4000 = VECTOR ( 'NONE', #3604, 1000.000000000000114 ) ;
#4001 = DIRECTION ( 'NONE',  ( -0.6123724356957953585, 0.7071067811865457964, -0.3535533905932758958 ) ) ;
#4002 = DIRECTION ( 'NONE',  ( 0.4999999999999980016, 6.177711968507922348E-17, 0.8660254037844397068 ) ) ;
#4003 = VERTEX_POINT ( 'NONE', #91 ) ;
#4004 = ORIENTED_EDGE ( 'NONE', *, *, #2676, .F. ) ;
#4005 = VECTOR ( 'NONE', #1728, 1000.000000000000000 ) ;
#4006 = EDGE_CURVE ( 'NONE', #1, #2727, #2836, .T. ) ;
#4007 = CARTESIAN_POINT ( 'NONE',  ( 9.799999999999998934, 5.600000000000000533, 0.000000000000000000 ) ) ;
#4008 = CARTESIAN_POINT ( 'NONE',  ( 2.799999999999997602, 3.459518702364447756E-16, -11.38341924626904955 ) ) ;
#4009 = CARTESIAN_POINT ( 'NONE',  ( -4.801391389914373420, 5.599999999999998757, 16.51625383435529315 ) ) ;
#4010 = ORIENTED_EDGE ( 'NONE', *, *, #2860, .F. ) ;
#4011 = EDGE_CURVE ( 'NONE', #4093, #4309, #1735, .T. ) ;
#4012 = ORIENTED_EDGE ( 'NONE', *, *, #4934, .T. ) ;
#4013 = EDGE_CURVE ( 'NONE', #3662, #3026, #3688, .T. ) ;
#4014 = FACE_OUTER_BOUND ( 'NONE', #5156, .T. ) ;
#4015 = DIRECTION ( 'NONE',  ( -0.000000000000000000, 1.000000000000000000, -0.000000000000000000 ) ) ;
#4016 = LINE ( 'NONE', #407, #4216 ) ;
#4017 = ORIENTED_EDGE ( 'NONE', *, *, #4992, .F. ) ;
#4018 = CARTESIAN_POINT ( 'NONE',  ( 13.50000000000000000, 5.600000000000000533, 3.700000000000000178 ) ) ;
#4019 = CARTESIAN_POINT ( 'NONE',  ( -5.201391389914375551, 16.97268548471243577, 16.51625383435529315 ) ) ;
#4020 = CARTESIAN_POINT ( 'NONE',  ( -5.147801551427925837, -12.38689838640490137, -16.31625383435536847 ) ) ;
#4021 = AXIS2_PLACEMENT_3D ( 'NONE', #4697, #1500, #5093 ) ;
#4022 = ORIENTED_EDGE ( 'NONE', *, *, #5002, .T. ) ;
#4023 = ORIENTED_EDGE ( 'NONE', *, *, #4456, .F. ) ;
#4024 = CARTESIAN_POINT ( 'NONE',  ( -11.25833024919758962, -3.554270402023458983E-15, -9.733161507462034123 ) ) ;
#4025 = CIRCLE ( 'NONE', #2832, 0.4000000000000010214 ) ;
#4026 = CYLINDRICAL_SURFACE ( 'NONE', #4654, 2.149999999999999911 ) ;
#4027 = ORIENTED_EDGE ( 'NONE', *, *, #1246, .T. ) ;
#4028 = VERTEX_POINT ( 'NONE', #4163 ) ;
#4029 = VECTOR ( 'NONE', #4388, 1000.000000000000000 ) ;
#4030 = DIRECTION ( 'NONE',  ( 0.8660254037844432595, 1.070011100398216473E-16, -0.4999999999999919509 ) ) ;
#4031 = LINE ( 'NONE', #1248, #4416 ) ;
#4032 = ORIENTED_EDGE ( 'NONE', *, *, #4650, .F. ) ;
#4033 = VECTOR ( 'NONE', #981, 1000.000000000000000 ) ;
#4034 = ORIENTED_EDGE ( 'NONE', *, *, #1896, .T. ) ;
#4035 = CARTESIAN_POINT ( 'NONE',  ( -2.799999999999998046, 3.599999999999999645, 14.61658075373095222 ) ) ;
#4036 = EDGE_CURVE ( 'NONE', #3198, #1646, #250, .T. ) ;
#4037 = VECTOR ( 'NONE', #2356, 1000.000000000000114 ) ;
#4038 = FACE_OUTER_BOUND ( 'NONE', #157, .T. ) ;
#4039 = EDGE_CURVE ( 'NONE', #1646, #99, #2563, .T. ) ;
#4040 = DIRECTION ( 'NONE',  ( 1.235542393701589400E-16, -1.000000000000000000, 0.000000000000000000 ) ) ;
#4041 = EDGE_CURVE ( 'NONE', #2433, #3799, #4281, .T. ) ;
#4042 = VECTOR ( 'NONE', #915, 1000.000000000000000 ) ;
#4043 = DIRECTION ( 'NONE',  ( -1.000000000000000000, -1.235542393701589400E-16, 0.000000000000000000 ) ) ;
#4044 = LINE ( 'NONE', #440, #656 ) ;
#4045 = CARTESIAN_POINT ( 'NONE',  ( 8.458330249197667072, 3.600000000000000977, 8.116580753730993081 ) ) ;
#4046 = VECTOR ( 'NONE', #1561, 1000.000000000000000 ) ;
#4047 = CARTESIAN_POINT ( 'NONE',  ( -6.750000000000055955, 2.399999999999996803, 11.69134295108989363 ) ) ;
#4048 = ORIENTED_EDGE ( 'NONE', *, *, #5199, .F. ) ;
#4049 = VERTEX_POINT ( 'NONE', #897 ) ;
#4050 = VECTOR ( 'NONE', #3297, 1000.000000000000000 ) ;
#4051 = CARTESIAN_POINT ( 'NONE',  ( -11.25833024919762870, 4.599999999999999645, -4.800000000000131273 ) ) ;
#4052 = EDGE_LOOP ( 'NONE', ( #3531, #609, #395, #3434 ) ) ;
#4053 = ORIENTED_EDGE ( 'NONE', *, *, #2571, .F. ) ;
#4054 = DIRECTION ( 'NONE',  ( 0.000000000000000000, 1.000000000000000000, 0.000000000000000000 ) ) ;
#4055 = CARTESIAN_POINT ( 'NONE',  ( -5.201391389914149066, 5.599999999999998757, -16.51625383435536421 ) ) ;
#4056 = VERTEX_POINT ( 'NONE', #3718 ) ;
#4057 = ORIENTED_EDGE ( 'NONE', *, *, #4266, .F. ) ;
#4058 = LINE ( 'NONE', #773, #1626 ) ;
#4059 = DIRECTION ( 'NONE',  ( -1.000000000000000000, -1.232047923278981706E-16, 0.000000000000000000 ) ) ;
#4060 = EDGE_CURVE ( 'NONE', #3983, #1571, #3183, .T. ) ;
#4061 = LINE ( 'NONE', #2814, #3271 ) ;
#4062 = COORDINATED_UNIVERSAL_TIME_OFFSET ( 8, 0, .AHEAD. ) ;
#4063 = DIRECTION ( 'NONE',  ( 0.000000000000000000, 0.000000000000000000, 1.000000000000000000 ) ) ;
#4064 = CARTESIAN_POINT ( 'NONE',  ( 4.801391389914261509, 5.999999999999997335, 16.51625383435532868 ) ) ;
#4065 = CARTESIAN_POINT ( 'NONE',  ( -4.913051654795876466, 2.399999999999997247, -16.90035276073572845 ) ) ;
#4066 = EDGE_CURVE ( 'NONE', #5162, #2428, #910, .T. ) ;
#4067 = CARTESIAN_POINT ( 'NONE',  ( 2.800000000000000711, 3.600000000000000533, 14.61658075373095222 ) ) ;
#4068 = VERTEX_POINT ( 'NONE', #1309 ) ;
#4069 = EDGE_CURVE ( 'NONE', #1718, #240, #2157, .T. ) ;
#4070 = EDGE_CURVE ( 'NONE', #1367, #2992, #559, .T. ) ;
#4071 = ORIENTED_EDGE ( 'NONE', *, *, #3707, .F. ) ;
#4072 = EDGE_CURVE ( 'NONE', #3895, #272, #2509, .T. ) ;
#4073 = CARTESIAN_POINT ( 'NONE',  ( -11.25833024919762870, 5.999999999999994671, -4.800000000000131273 ) ) ;
#4074 = ORIENTED_EDGE ( 'NONE', *, *, #4222, .F. ) ;
#4075 = ORIENTED_EDGE ( 'NONE', *, *, #4331, .F. ) ;
#4076 = CIRCLE ( 'NONE', #4910, 2.150000000000000799 ) ;
#4077 = DIRECTION ( 'NONE',  ( 0.000000000000000000, 0.000000000000000000, 1.000000000000000000 ) ) ;
#4078 = CARTESIAN_POINT ( 'NONE',  ( -4.913051654796105616, 16.97268548471243577, 16.90035276073565029 ) ) ;
#4079 = CONICAL_SURFACE ( 'NONE', #3153, 0.3999999999999975797, 0.7853981633974485010 ) ;
#4080 = ORIENTED_EDGE ( 'NONE', *, *, #4646, .T. ) ;
#4081 = AXIS2_PLACEMENT_3D ( 'NONE', #3672, #3696, #3722 ) ;
#4082 = ORIENTED_EDGE ( 'NONE', *, *, #1892, .F. ) ;
#4083 = DIRECTION ( 'NONE',  ( 1.235542393701589400E-16, -1.000000000000000000, 0.000000000000000000 ) ) ;
#4084 = CARTESIAN_POINT ( 'NONE',  ( 11.25833024919772285, 3.600000000000001421, -9.733161507461877804 ) ) ;
#4085 = CARTESIAN_POINT ( 'NONE',  ( 17.09266065111357946, 16.97268548471243932, -4.195348837209301962 ) ) ;
#4086 = CALENDAR_DATE ( 2026, 26, 2 ) ;
#4087 = DIRECTION ( 'NONE',  ( 0.000000000000000000, 0.000000000000000000, -1.000000000000000000 ) ) ;
#4088 = DIRECTION ( 'NONE',  ( 1.235542393701589400E-16, -1.000000000000000000, 3.697785493223492838E-32 ) ) ;
#4089 = DIRECTION ( 'NONE',  ( -1.000000000000000000, -1.172110456741085828E-16, 0.000000000000000000 ) ) ;
#4090 = CARTESIAN_POINT ( 'NONE',  ( 2.800000000000000711, 3.600000000000000533, 11.38341924626904600 ) ) ;
#4091 = ORIENTED_EDGE ( 'NONE', *, *, #4556, .F. ) ;
#4092 = ADVANCED_FACE ( 'NONE', ( #2916 ), #3742, .F. ) ;
#4093 = VERTEX_POINT ( 'NONE', #1388 ) ;
#4094 = CARTESIAN_POINT ( 'NONE',  ( 11.25833024919765890, 3.600000000000001421, 9.733161507461954187 ) ) ;
#4095 = EDGE_CURVE ( 'NONE', #1350, #2239, #1653, .T. ) ;
#4096 = CARTESIAN_POINT ( 'NONE',  ( 7.282507227558705044E-16, 4.600000000000007638, 13.00000000000000000 ) ) ;
#4097 = ADVANCED_FACE ( 'NONE', ( #141 ), #5033, .F. ) ;
#4098 = VERTEX_POINT ( 'NONE', #4609 ) ;
#4099 = ADVANCED_FACE ( 'NONE', ( #2175 ), #3349, .F. ) ;
#4100 = ORIENTED_EDGE ( 'NONE', *, *, #1931, .T. ) ;
#4101 = CARTESIAN_POINT ( 'NONE',  ( 17.60000000000000853, 2.399999999999999911, 2.155378366499342788E-15 ) ) ;
#4102 = DIRECTION ( 'NONE',  ( 1.235542393701589400E-16, -1.000000000000000000, 0.000000000000000000 ) ) ;
#4103 = DIRECTION ( 'NONE',  ( 0.000000000000000000, 0.000000000000000000, 1.000000000000000000 ) ) ;
#4104 = ORIENTED_EDGE ( 'NONE', *, *, #3777, .T. ) ;
#4105 = ORIENTED_EDGE ( 'NONE', *, *, #4265, .F. ) ;
#4106 = CIRCLE ( 'NONE', #5115, 3.700000000000000178 ) ;
#4107 = CARTESIAN_POINT ( 'NONE',  ( -2.800000000000001599, 3.599999999999999645, -11.38341924626904600 ) ) ;
#4108 = CARTESIAN_POINT ( 'NONE',  ( 14.05833024919771113, -4.262896707516782728E-16, -4.883419246269015801 ) ) ;
#4109 = DIRECTION ( 'NONE',  ( -0.000000000000000000, 1.000000000000000000, -3.697785493223492838E-32 ) ) ;
#4110 = VECTOR ( 'NONE', #679, 1000.000000000000114 ) ;
#4111 = DATE_TIME_ROLE ( 'classification_date' ) ;
#4112 = DIRECTION ( 'NONE',  ( -0.8660254037844328234, -1.070011100398203654E-16, -0.5000000000000102141 ) ) ;
#4113 = VECTOR ( 'NONE', #3278, 1000.000000000000227 ) ;
#4114 = FACE_OUTER_BOUND ( 'NONE', #1570, .T. ) ;
#4115 = CONICAL_SURFACE ( 'NONE', #2591, 17.19999999999999929, 0.7853981633974482790 ) ;
#4116 = CARTESIAN_POINT ( 'NONE',  ( 2.800000000000001155, 3.459518702364452194E-16, 14.61658075373095222 ) ) ;
#4117 = PLANE ( 'NONE',  #2297 ) ;
#4118 = DIRECTION ( 'NONE',  ( 0.000000000000000000, 0.000000000000000000, -1.000000000000000000 ) ) ;
#4119 = VECTOR ( 'NONE', #4218, 1000.000000000000000 ) ;
#4120 = EDGE_LOOP ( 'NONE', ( #1512, #3152, #4847, #1906, #2077, #932, #736 ) ) ;
#4121 = EDGE_LOOP ( 'NONE', ( #2352, #3189, #4705 ) ) ;
#4122 = FACE_OUTER_BOUND ( 'NONE', #4557, .T. ) ;
#4123 = VECTOR ( 'NONE', #4030, 1000.000000000000114 ) ;
#4124 = FACE_OUTER_BOUND ( 'NONE', #3552, .T. ) ;
#4125 = FACE_BOUND ( 'NONE', #72, .T. ) ;
#4126 = VERTEX_POINT ( 'NONE', #2971 ) ;
#4127 = VERTEX_POINT ( 'NONE', #1779 ) ;
#4128 = DIRECTION ( 'NONE',  ( -1.235542393701589400E-16, 1.000000000000000000, -0.000000000000000000 ) ) ;
#4129 = EDGE_CURVE ( 'NONE', #724, #2060, #4981, .T. ) ;
#4130 = DIRECTION ( 'NONE',  ( 1.000000000000000000, 1.606225440719265134E-16, 0.000000000000000000 ) ) ;
#4131 = DIRECTION ( 'NONE',  ( 0.000000000000000000, -1.000000000000000000, 0.000000000000000000 ) ) ;
#4132 = ORIENTED_EDGE ( 'NONE', *, *, #1699, .T. ) ;
#4133 = VERTEX_POINT ( 'NONE', #949 ) ;
#4134 = EDGE_CURVE ( 'NONE', #3799, #4700, #1360, .T. ) ;
#4135 = ADVANCED_FACE ( 'NONE', ( #3770 ), #4586, .F. ) ;
#4136 = LINE ( 'NONE', #3689, #4374 ) ;
#4137 = DIRECTION ( 'NONE',  ( 1.235542393701589400E-16, -1.000000000000000000, -0.000000000000000000 ) ) ;
#4138 = CARTESIAN_POINT ( 'NONE',  ( -13.50000000000000178, 5.599999999999996980, -3.700000000000000178 ) ) ;
#4139 = CARTESIAN_POINT ( 'NONE',  ( 6.750000000000135891, 2.399999999999998579, -13.84134295108984247 ) ) ;
#4140 = CARTESIAN_POINT ( 'NONE',  ( 17.60000000000000142, 2.399999999999999911, 0.000000000000000000 ) ) ;
#4141 = VECTOR ( 'NONE', #2254, 1000.000000000000000 ) ;
#4142 = DIRECTION ( 'NONE',  ( 1.235542393701589400E-16, -1.000000000000000000, 0.000000000000000000 ) ) ;
#4143 = CARTESIAN_POINT ( 'NONE',  ( -17.59999999999999787, 16.97268548471243221, 0.000000000000000000 ) ) ;
#4144 = CARTESIAN_POINT ( 'NONE',  ( -4.801391389914148711, 5.599999999999998757, -16.51625383435536421 ) ) ;
#4145 = AXIS2_PLACEMENT_3D ( 'NONE', #1933, #371, #1595 ) ;
#4146 = ORIENTED_EDGE ( 'NONE', *, *, #1636, .F. ) ;
#4147 = EDGE_LOOP ( 'NONE', ( #1688, #2440, #3484, #3557 ) ) ;
#4148 = DIRECTION ( 'NONE',  ( 0.000000000000000000, 0.000000000000000000, 1.000000000000000000 ) ) ;
#4149 = CARTESIAN_POINT ( 'NONE',  ( 13.50000000000000000, 5.600000000000000533, 0.000000000000000000 ) ) ;
#4150 = DIRECTION ( 'NONE',  ( -0.6123724356957992443, 0.7071067811865466846, 0.3535533905932671805 ) ) ;
#4151 = EDGE_LOOP ( 'NONE', ( #4226, #259, #2087, #2824 ) ) ;
#4152 = ORIENTED_EDGE ( 'NONE', *, *, #28, .F. ) ;
#4153 = CIRCLE ( 'NONE', #2535, 3.700000000000000178 ) ;
#4154 = CC_DESIGN_APPROVAL ( #3877, ( #3732 ) ) ;
#4155 = CARTESIAN_POINT ( 'NONE',  ( 13.50000000000000000, 2.399999999999999467, 2.150000000000000799 ) ) ;
#4156 = DIRECTION ( 'NONE',  ( -1.000000000000000000, 0.000000000000000000, 0.000000000000000000 ) ) ;
#4157 = CARTESIAN_POINT ( 'NONE',  ( 16.70419109086099496, 16.97268548471243932, 4.100000000000000533 ) ) ;
#4158 = ORIENTED_EDGE ( 'NONE', *, *, #4605, .T. ) ;
#4159 = ORIENTED_EDGE ( 'NONE', *, *, #1013, .F. ) ;
#4160 = DIRECTION ( 'NONE',  ( 1.000000000000000000, 1.478457507934778886E-16, 0.000000000000000000 ) ) ;
#4161 = LINE ( 'NONE', #4980, #4868 ) ;
#4162 = VECTOR ( 'NONE', #2561, 1000.000000000000000 ) ;
#4163 = CARTESIAN_POINT ( 'NONE',  ( -2.800000000000001155, -3.459518702364452194E-16, -14.61658075373095222 ) ) ;
#4164 = CIRCLE ( 'NONE', #2809, 17.19999999999999929 ) ;
#4165 = ADVANCED_FACE ( 'NONE', ( #3537 ), #1902, .T. ) ;
#4166 = VERTEX_POINT ( 'NONE', #3854 ) ;
#4167 = AXIS2_PLACEMENT_3D ( 'NONE', #4221, #224, #1107 ) ;
#4169 = EDGE_CURVE ( 'NONE', #1881, #2441, #4106, .T. ) ;
#4168 = CARTESIAN_POINT ( 'NONE',  ( -13.50000000000000178, 5.999999999999994671, -4.099999999999997868 ) ) ;
#4170 = CARTESIAN_POINT ( 'NONE',  ( -6.749999999999892530, 2.399999999999996803, -11.69134295108998245 ) ) ;
#4171 = DIRECTION ( 'NONE',  ( 0.000000000000000000, 0.000000000000000000, 1.000000000000000000 ) ) ;
#4172 = LINE ( 'NONE', #540, #44 ) ;
#4173 = VECTOR ( 'NONE', #1674, 1000.000000000000000 ) ;
#4174 = EDGE_LOOP ( 'NONE', ( #530, #2986, #3819, #1046 ) ) ;
#4175 = VERTEX_POINT ( 'NONE', #247 ) ;
#4176 = FACE_OUTER_BOUND ( 'NONE', #1116, .T. ) ;
#4177 = CARTESIAN_POINT ( 'NONE',  ( -3.545706005997640631, 2.399999999999995914, 13.54134295108990749 ) ) ;
#4178 = CARTESIAN_POINT ( 'NONE',  ( -8.458330249197775430, 3.599999999999999201, 8.116580753730872289 ) ) ;
#4179 = VECTOR ( 'NONE', #2668, 1000.000000000000114 ) ;
#4180 = ORIENTED_EDGE ( 'NONE', *, *, #4266, .T. ) ;
#4181 = VERTEX_POINT ( 'NONE', #3483 ) ;
#4182 = VECTOR ( 'NONE', #3991, 1000.000000000000000 ) ;
#4183 = FACE_OUTER_BOUND ( 'NONE', #4568, .T. ) ;
#4184 = CARTESIAN_POINT ( 'NONE',  ( 2.799999999999997158, 3.600000000000000533, -11.38341924626904955 ) ) ;
#4185 = CARTESIAN_POINT ( 'NONE',  ( -16.70419109086099851, 5.999999999999994671, 4.100000000000002309 ) ) ;
#4186 = ORIENTED_EDGE ( 'NONE', *, *, #178, .F. ) ;
#4187 = ORIENTED_EDGE ( 'NONE', *, *, #4364, .T. ) ;
#4188 = CARTESIAN_POINT ( 'NONE',  ( 16.70419109086099496, 5.600000000000002309, -4.100000000000000533 ) ) ;
#4189 = CARTESIAN_POINT ( 'NONE',  ( -3.545706005997452337, 5.599999999999996980, -13.54134295108995367 ) ) ;
#4190 = CARTESIAN_POINT ( 'NONE',  ( -1.145832113344077952E-15, 3.600000000000000089, -9.766838492538095551 ) ) ;
#4191 = ORIENTED_EDGE ( 'NONE', *, *, #1044, .T. ) ;
#4192 = AXIS2_PLACEMENT_3D ( 'NONE', #5161, #1539, #4638 ) ;
#4193 = DIRECTION ( 'NONE',  ( 0.000000000000000000, 1.000000000000000000, 0.000000000000000000 ) ) ;
#4194 = ADVANCED_FACE ( 'NONE', ( #2256 ), #1830, .F. ) ;
#4195 = ADVANCED_FACE ( 'NONE', ( #2677 ), #669, .F. ) ;
#4196 = DIRECTION ( 'NONE',  ( -1.000000000000000000, -1.232047923278981706E-16, -3.552713678800500929E-15 ) ) ;
#4197 = VECTOR ( 'NONE', #5094, 1000.000000000000000 ) ;
#4198 = CARTESIAN_POINT ( 'NONE',  ( -6.749999999999892530, 5.999999999999995559, -11.69134295108998245 ) ) ;
#4199 = CARTESIAN_POINT ( 'NONE',  ( 13.50000000000000000, 2.399999999999999467, 0.000000000000000000 ) ) ;
#4200 = EDGE_CURVE ( 'NONE', #2816, #3679, #1880, .T. ) ;
#4201 = ORIENTED_EDGE ( 'NONE', *, *, #1006, .F. ) ;
#4202 = VERTEX_POINT ( 'NONE', #1103 ) ;
#4203 = ADVANCED_FACE ( 'NONE', ( #2698 ), #1466, .F. ) ;
#4204 = DIRECTION ( 'NONE',  ( 0.000000000000000000, -0.7071067811865470176, -0.7071067811865479058 ) ) ;
#4205 = CARTESIAN_POINT ( 'NONE',  ( -14.05833024919760810, 3.599999999999998312, -8.116580753731112097 ) ) ;
#4206 = AXIS2_PLACEMENT_3D ( 'NONE', #2813, #3596, #4059 ) ;
#4207 = CARTESIAN_POINT ( 'NONE',  ( -13.50000000000000000, -10.75174404457249544, 3.700000000000000178 ) ) ;
#4208 = ORIENTED_EDGE ( 'NONE', *, *, #4929, .F. ) ;
#4209 = VERTEX_POINT ( 'NONE', #644 ) ;
#4210 = DIRECTION ( 'NONE',  ( -1.235542393701589400E-16, 1.000000000000000000, -0.000000000000000000 ) ) ;
#4211 = CARTESIAN_POINT ( 'NONE',  ( 11.55638953943307001, 5.600000000000000533, -12.61625383435518444 ) ) ;
#4212 = CARTESIAN_POINT ( 'NONE',  ( 5.147801551428265121, 5.600000000000000533, -16.31625383435525833 ) ) ;
#4213 = VECTOR ( 'NONE', #1872, 1000.000000000000000 ) ;
#4214 = ORIENTED_EDGE ( 'NONE', *, *, #755, .T. ) ;
#4215 = EDGE_LOOP ( 'NONE', ( #1874, #3638, #3217, #3522 ) ) ;
#4216 = VECTOR ( 'NONE', #1974, 1000.000000000000000 ) ;
#4217 = CARTESIAN_POINT ( 'NONE',  ( 3.500195786275336761E-15, 3.600000000000000089, 16.23316150746190090 ) ) ;
#4218 = DIRECTION ( 'NONE',  ( -0.000000000000000000, 1.000000000000000000, -0.000000000000000000 ) ) ;
#4219 = DIRECTION ( 'NONE',  ( 1.235542393701589400E-16, -1.000000000000000000, 0.000000000000000000 ) ) ;
#4220 = EDGE_LOOP ( 'NONE', ( #4878, #605, #2980, #3884 ) ) ;
#4221 = CARTESIAN_POINT ( 'NONE',  ( 2.097047245132582403E-15, 0.000000000000000000, 0.000000000000000000 ) ) ;
#4222 = EDGE_CURVE ( 'NONE', #2397, #2942, #4733, .T. ) ;
#4223 = DIRECTION ( 'NONE',  ( -1.554312234475219157E-15, -1.910522504832137966E-31, 1.000000000000000000 ) ) ;
#4224 = LINE ( 'NONE', #4565, #2252 ) ;
#4225 = CARTESIAN_POINT ( 'NONE',  ( -2.800000000000001599, 3.599999999999999645, -14.61658075373095222 ) ) ;
#4226 = ORIENTED_EDGE ( 'NONE', *, *, #3170, .F. ) ;
#4227 = VERTEX_POINT ( 'NONE', #1935 ) ;
#4228 = EDGE_CURVE ( 'NONE', #2942, #99, #1490, .T. ) ;
#4229 = CARTESIAN_POINT ( 'NONE',  ( 17.09266065111359012, 2.399999999999999911, -4.195348837209304627 ) ) ;
#4230 = DIRECTION ( 'NONE',  ( 0.000000000000000000, 1.000000000000000000, 0.000000000000000000 ) ) ;
#4231 = CARTESIAN_POINT ( 'NONE',  ( -11.25833024919758962, 3.599999999999998757, -9.733161507462032347 ) ) ;
#4232 = EDGE_CURVE ( 'NONE', #1710, #3506, #5202, .T. ) ;
#4233 = ADVANCED_FACE ( 'NONE', ( #1057 ), #4247, .F. ) ;
#4234 = EDGE_LOOP ( 'NONE', ( #856, #1181, #1593, #4829 ) ) ;
#4235 = EDGE_LOOP ( 'NONE', ( #4880, #4421, #4080, #5131 ) ) ;
#4236 = EDGE_CURVE ( 'NONE', #2816, #4056, #3609, .T. ) ;
#4237 = CONICAL_SURFACE ( 'NONE', #455, 1.699999999999997513, 0.7853981633974490562 ) ;
#4238 = CARTESIAN_POINT ( 'NONE',  ( 11.25833024919767311, 5.999999999999998224, 6.500000000000052403 ) ) ;
#4239 = DIRECTION ( 'NONE',  ( -0.8660254037844363761, -1.070011100398208091E-16, -0.5000000000000039968 ) ) ;
#4240 = DIRECTION ( 'NONE',  ( 0.000000000000000000, 1.000000000000000000, 0.000000000000000000 ) ) ;
#4241 = DIRECTION ( 'NONE',  ( 0.7071067811865486830, -0.7071067811865464625, 0.000000000000000000 ) ) ;
#4242 = ORIENTED_EDGE ( 'NONE', *, *, #4270, .T. ) ;
#4243 = ORIENTED_EDGE ( 'NONE', *, *, #1640, .T. ) ;
#4244 = VECTOR ( 'NONE', #3004, 1000.000000000000000 ) ;
#4245 = CARTESIAN_POINT ( 'NONE',  ( 4.801391389914259733, 16.97268548471243577, 16.51625383435532868 ) ) ;
#4246 = DIRECTION ( 'NONE',  ( 1.000000000000000000, 0.000000000000000000, 0.000000000000000000 ) ) ;
#4247 = PLANE ( 'NONE',  #3771 ) ;
#4248 = AXIS2_PLACEMENT_3D ( 'NONE', #637, #3530, #1484 ) ;
#4249 = ORIENTED_EDGE ( 'NONE', *, *, #725, .F. ) ;
#4250 = AXIS2_PLACEMENT_3D ( 'NONE', #4526, #2474, #580 ) ;
#4251 = DIRECTION ( 'NONE',  ( -0.000000000000000000, 1.000000000000000000, -3.697785493223492838E-32 ) ) ;
#4252 = CARTESIAN_POINT ( 'NONE',  ( -3.545706005997641075, 5.599999999999996980, 13.54134295108990749 ) ) ;
#4253 = VECTOR ( 'NONE', #4908, 999.9999999999998863 ) ;
#4254 = VECTOR ( 'NONE', #25, 1000.000000000000000 ) ;
#4255 = FACE_OUTER_BOUND ( 'NONE', #1104, .T. ) ;
#4256 = DIRECTION ( 'NONE',  ( 1.235542393701589400E-16, -1.000000000000000000, 0.000000000000000000 ) ) ;
#4257 = ORIENTED_EDGE ( 'NONE', *, *, #4200, .T. ) ;
#4258 = AXIS2_PLACEMENT_3D ( 'NONE', #201, #1784, #2207 ) ;
#4259 = EDGE_LOOP ( 'NONE', ( #419, #4022, #3312, #3400 ) ) ;
#4260 = CARTESIAN_POINT ( 'NONE',  ( -9.954293994002332724, 5.599999999999996980, -9.841342951090013003 ) ) ;
#4261 = CIRCLE ( 'NONE', #2644, 1.699999999999998401 ) ;
#4262 = DIRECTION ( 'NONE',  ( -0.8660254037844328234, -1.070011100398203654E-16, -0.5000000000000101030 ) ) ;
#4263 = ORIENTED_EDGE ( 'NONE', *, *, #3810, .F. ) ;
#4264 = ORIENTED_EDGE ( 'NONE', *, *, #1928, .F. ) ;
#4265 = EDGE_CURVE ( 'NONE', #5104, #2489, #4025, .T. ) ;
#4266 = EDGE_CURVE ( 'NONE', #1331, #2147, #577, .T. ) ;
#4267 = DIRECTION ( 'NONE',  ( -0.8660254037844339337, -1.070011100398205010E-16, -0.5000000000000079936 ) ) ;
#4268 = DIRECTION ( 'NONE',  ( 1.235542393701589400E-16, -1.000000000000000000, -0.000000000000000000 ) ) ;
#4269 = DIRECTION ( 'NONE',  ( 0.000000000000000000, 0.000000000000000000, 1.000000000000000000 ) ) ;
#4270 = EDGE_CURVE ( 'NONE', #757, #1881, #2577, .T. ) ;
#4271 = ORIENTED_EDGE ( 'NONE', *, *, #2704, .F. ) ;
#4272 = ORIENTED_EDGE ( 'NONE', *, *, #5197, .F. ) ;
#4273 = DIRECTION ( 'NONE',  ( 1.235542393701589400E-16, -1.000000000000000000, 0.000000000000000000 ) ) ;
#4274 = DIRECTION ( 'NONE',  ( 1.235542393701589400E-16, -1.000000000000000000, 0.000000000000000000 ) ) ;
#4275 = AXIS2_PLACEMENT_3D ( 'NONE', #2705, #301, #321 ) ;
#4276 = DIRECTION ( 'NONE',  ( 0.000000000000000000, 1.000000000000000000, 0.000000000000000000 ) ) ;
#4277 = ORIENTED_EDGE ( 'NONE', *, *, #1169, .F. ) ;
#4278 = CARTESIAN_POINT ( 'NONE',  ( 4.801391389914493324, 5.600000000000000533, -16.51625383435526118 ) ) ;
#4279 = CARTESIAN_POINT ( 'NONE',  ( 2.800000000000000711, 3.600000000000000533, 14.61658075373095222 ) ) ;
#4280 = CARTESIAN_POINT ( 'NONE',  ( -14.05833024919764540, 3.599999999999998312, -4.883419246269209424 ) ) ;
#4281 = CIRCLE ( 'NONE', #4942, 1.699999999999998401 ) ;
#4282 = PERSON_AND_ORGANIZATION ( #5175, #124 ) ;
#4283 = VECTOR ( 'NONE', #2624, 1000.000000000000000 ) ;
#4284 = ORIENTED_EDGE ( 'NONE', *, *, #5099, .F. ) ;
#4285 = CONICAL_SURFACE ( 'NONE', #3275, 0.3999999999999975797, 0.7853981633974496113 ) ;
#4286 = DIRECTION ( 'NONE',  ( 1.000000000000000000, 1.235542393701589400E-16, 0.000000000000000000 ) ) ;
#4287 = DIRECTION ( 'NONE',  ( 0.000000000000000000, 0.000000000000000000, 1.000000000000000000 ) ) ;
#4288 = AXIS2_PLACEMENT_3D ( 'NONE', #5141, #255, #3859 ) ;
#4289 = ORIENTED_EDGE ( 'NONE', *, *, #3096, .T. ) ;
#4290 = VERTEX_POINT ( 'NONE', #2278 ) ;
#4291 = CIRCLE ( 'NONE', #1245, 0.4000000000000001887 ) ;
#4292 = LINE ( 'NONE', #1049, #4213 ) ;
#4293 = DIRECTION ( 'NONE',  ( 0.000000000000000000, 0.000000000000000000, -1.000000000000000000 ) ) ;
#4294 = ORIENTED_EDGE ( 'NONE', *, *, #1896, .F. ) ;
#4295 = ORIENTED_EDGE ( 'NONE', *, *, #309, .T. ) ;
#4296 = ADVANCED_FACE ( 'NONE', ( #1031 ), #2619, .F. ) ;
#4297 = DIRECTION ( 'NONE',  ( 0.4999999999999920619, 6.177711968507849625E-17, 0.8660254037844432595 ) ) ;
#4298 = AXIS2_PLACEMENT_3D ( 'NONE', #4726, #761, #3608 ) ;
#4299 = CARTESIAN_POINT ( 'NONE',  ( -16.70419109086099496, 5.999999999999994671, -4.099999999999997868 ) ) ;
#4300 = DIRECTION ( 'NONE',  ( 0.5000000000000039968, 6.177711968507997537E-17, -0.8660254037844363761 ) ) ;
#4301 = ORIENTED_EDGE ( 'NONE', *, *, #2439, .T. ) ;
#4302 = EDGE_CURVE ( 'NONE', #457, #1950, #1988, .T. ) ;
#4303 = ADVANCED_FACE ( 'NONE', ( #4472 ), #12, .F. ) ;
#4304 = AXIS2_PLACEMENT_3D ( 'NONE', #4601, #3451, #3045 ) ;
#4305 = CARTESIAN_POINT ( 'NONE',  ( 3.545706005997547372, -12.38689838640490848, 13.54134295108993058 ) ) ;
#4306 = LINE ( 'NONE', #1810, #239 ) ;
#4307 = PLANE ( 'NONE',  #587 ) ;
#4308 = DATE_AND_TIME ( #4745, #2119 ) ;
#4309 = VERTEX_POINT ( 'NONE', #1598 ) ;
#4310 = CARTESIAN_POINT ( 'NONE',  ( -5.147801551427928501, 5.600000000000000533, -16.31625383435536847 ) ) ;
#4311 = CARTESIAN_POINT ( 'NONE',  ( 1.355721808911629058E-15, 5.999999999999996447, 0.000000000000000000 ) ) ;
#4312 = EDGE_LOOP ( 'NONE', ( #4737, #2879, #1142, #894 ) ) ;
#4313 = VECTOR ( 'NONE', #4297, 999.9999999999998863 ) ;
#4314 = VERTEX_POINT ( 'NONE', #2753 ) ;
#4315 = DIRECTION ( 'NONE',  ( 0.000000000000000000, 0.7071067811865474617, -0.7071067811865474617 ) ) ;
#4316 = FACE_OUTER_BOUND ( 'NONE', #4764, .T. ) ;
#4317 = VERTEX_POINT ( 'NONE', #2828 ) ;
#4318 = ORIENTED_EDGE ( 'NONE', *, *, #4734, .F. ) ;
#4319 = CARTESIAN_POINT ( 'NONE',  ( 5.475704155516153193, 5.999999999999997335, 1.284197804570087253 ) ) ;
#4320 = DIRECTION ( 'NONE',  ( 1.000000000000000000, 0.000000000000000000, 0.000000000000000000 ) ) ;
#4321 = DIRECTION ( 'NONE',  ( 0.000000000000000000, 0.000000000000000000, -1.000000000000000000 ) ) ;
#4322 = CIRCLE ( 'NONE', #537, 2.700000000000008171 ) ;
#4323 = ORIENTED_EDGE ( 'NONE', *, *, #3941, .T. ) ;
#4324 = EDGE_CURVE ( 'NONE', #3905, #4701, #1543, .T. ) ;
#4325 = FACE_OUTER_BOUND ( 'NONE', #3676, .T. ) ;
#4326 = DIRECTION ( 'NONE',  ( 0.000000000000000000, 0.000000000000000000, 1.000000000000000000 ) ) ;
#4327 = EDGE_CURVE ( 'NONE', #3813, #487, #2881, .T. ) ;
#4328 = FACE_OUTER_BOUND ( 'NONE', #2907, .T. ) ;
#4329 = PLANE ( 'NONE',  #3795 ) ;
#4330 =( LENGTH_UNIT ( ) NAMED_UNIT ( * ) SI_UNIT ( .MILLI., .METRE. ) );
#4331 = EDGE_CURVE ( 'NONE', #1433, #4290, #2446, .T. ) ;
#4332 = EDGE_LOOP ( 'NONE', ( #3062, #1077, #4746 ) ) ;
#4333 = AXIS2_PLACEMENT_3D ( 'NONE', #237, #1435, #3047 ) ;
#4334 = CARTESIAN_POINT ( 'NONE',  ( 17.09266065111357946, 16.97268548471243932, 4.195348837209302850 ) ) ;
#4335 = CARTESIAN_POINT ( 'NONE',  ( -13.50000000000000000, -10.75174404457249544, -3.700000000000000178 ) ) ;
#4336 = LINE ( 'NONE', #1025, #4914 ) ;
#4337 = CONICAL_SURFACE ( 'NONE', #132, 1.699999999999998401, 0.7853981633974485010 ) ;
#4338 = ORIENTED_EDGE ( 'NONE', *, *, #3651, .T. ) ;
#4339 = ORIENTED_EDGE ( 'NONE', *, *, #4650, .T. ) ;
#4340 = CONICAL_SURFACE ( 'NONE', #55, 3.700000000000000178, 0.7853981633974482790 ) ;
#4341 = DIRECTION ( 'NONE',  ( 1.000000000000000000, 1.008560160451632098E-16, 0.000000000000000000 ) ) ;
#4342 = CARTESIAN_POINT ( 'NONE',  ( -6.749999999999892530, 2.399999999999996803, -11.69134295108998245 ) ) ;
#4343 = EDGE_LOOP ( 'NONE', ( #5091, #3811, #2029, #466 ) ) ;
#4344 = VERTEX_POINT ( 'NONE', #2037 ) ;
#4345 = CARTESIAN_POINT ( 'NONE',  ( 6.750000000000135891, 5.600000000000000533, -7.991342951089842828 ) ) ;
#4346 = DIRECTION ( 'NONE',  ( 1.000000000000000000, 0.000000000000000000, 0.000000000000000000 ) ) ;
#4347 = DIRECTION ( 'NONE',  ( 1.000000000000000000, 1.235542393701589400E-16, 0.000000000000000000 ) ) ;
#4348 = VERTEX_POINT ( 'NONE', #450 ) ;
#4349 = ORIENTED_EDGE ( 'NONE', *, *, #4070, .T. ) ;
#4350 = DIRECTION ( 'NONE',  ( -3.996802888650562757E-15, 0.000000000000000000, 1.000000000000000000 ) ) ;
#4351 = VECTOR ( 'NONE', #1837, 1000.000000000000000 ) ;
#4352 = DIRECTION ( 'NONE',  ( 1.235542393701589400E-16, -1.000000000000000000, 0.000000000000000000 ) ) ;
#4353 = DIRECTION ( 'NONE',  ( 0.000000000000000000, 1.000000000000000000, 0.000000000000000000 ) ) ;
#4354 = DIRECTION ( 'NONE',  ( 0.000000000000000000, 0.000000000000000000, -1.000000000000000000 ) ) ;
#4355 = AXIS2_PLACEMENT_3D ( 'NONE', #1909, #3138, #5140 ) ;
#4356 = EDGE_CURVE ( 'NONE', #770, #2250, #4860, .T. ) ;
#4357 = ADVANCED_FACE ( 'NONE', ( #1644 ), #399, .F. ) ;
#4358 = VERTEX_POINT ( 'NONE', #4055 ) ;
#4359 = LINE ( 'NONE', #3065, #1398 ) ;
#4360 = CARTESIAN_POINT ( 'NONE',  ( -3.545706005997451893, 2.399999999999995914, -13.54134295108995367 ) ) ;
#4361 = EDGE_CURVE ( 'NONE', #4912, #5162, #2806, .T. ) ;
#4362 = PLANE ( 'NONE',  #1132 ) ;
#4363 = ORIENTED_EDGE ( 'NONE', *, *, #789, .T. ) ;
#4364 = EDGE_CURVE ( 'NONE', #3989, #1819, #631, .T. ) ;
#4365 = VECTOR ( 'NONE', #4821, 1000.000000000000000 ) ;
#4366 = EDGE_CURVE ( 'NONE', #1870, #1616, #1567, .T. ) ;
#4367 = ORIENTED_EDGE ( 'NONE', *, *, #3970, .T. ) ;
#4368 = VECTOR ( 'NONE', #3807, 1000.000000000000000 ) ;
#4369 = DIRECTION ( 'NONE',  ( 0.8660254037844363761, 1.070011100398207968E-16, 0.5000000000000039968 ) ) ;
#4370 = CARTESIAN_POINT ( 'NONE',  ( 16.70419109086099496, 5.600000000000002309, 4.100000000000000533 ) ) ;
#4371 = ORIENTED_EDGE ( 'NONE', *, *, #5006, .T. ) ;
#4372 = ORIENTED_EDGE ( 'NONE', *, *, #4302, .F. ) ;
#4373 = AXIS2_PLACEMENT_3D ( 'NONE', #1575, #38, #826 ) ;
#4374 = VECTOR ( 'NONE', #533, 999.9999999999998863 ) ;
#4375 = CARTESIAN_POINT ( 'NONE',  ( 6.749999999999973355, 2.399999999999998579, 9.541342951089937685 ) ) ;
#4376 = DIRECTION ( 'NONE',  ( -1.000000000000000000, -1.235542393701589400E-16, 0.000000000000000000 ) ) ;
#4377 = CARTESIAN_POINT ( 'NONE',  ( -6.750000000000055955, 5.999999999999995559, 11.69134295108989363 ) ) ;
#4378 = ORIENTED_EDGE ( 'NONE', *, *, #4890, .F. ) ;
#4379 = ORIENTED_EDGE ( 'NONE', *, *, #2531, .T. ) ;
#4380 = DIRECTION ( 'NONE',  ( 0.8660254037844363761, 1.070011100398207968E-16, 0.5000000000000039968 ) ) ;
#4381 = DIRECTION ( 'NONE',  ( 1.000000000000000000, 1.235542393701589400E-16, 0.000000000000000000 ) ) ;
#4382 = DIRECTION ( 'NONE',  ( 0.000000000000000000, 0.000000000000000000, 1.000000000000000000 ) ) ;
#4383 = DIRECTION ( 'NONE',  ( -1.000000000000000000, -1.235542393701589400E-16, 0.000000000000000000 ) ) ;
#4384 = VECTOR ( 'NONE', #4879, 1000.000000000000000 ) ;
#4385 = EDGE_CURVE ( 'NONE', #2713, #1747, #4031, .T. ) ;
#4386 = ORIENTED_EDGE ( 'NONE', *, *, #1417, .T. ) ;
#4387 = FACE_OUTER_BOUND ( 'NONE', #1785, .T. ) ;
#4388 = DIRECTION ( 'NONE',  ( 1.235542393701589400E-16, -1.000000000000000000, 0.000000000000000000 ) ) ;
#4389 = DIRECTION ( 'NONE',  ( 0.4999999999999980016, 6.177711968507922348E-17, 0.8660254037844397068 ) ) ;
#4390 = EDGE_LOOP ( 'NONE', ( #1238, #1544, #3606, #3094 ) ) ;
#4391 = CC_DESIGN_PERSON_AND_ORGANIZATION_ASSIGNMENT ( #3569, #5174, ( #3732 ) ) ;
#4392 = ORIENTED_EDGE ( 'NONE', *, *, #1479, .F. ) ;
#4393 = EDGE_CURVE ( 'NONE', #1070, #1462, #429, .T. ) ;
#4394 = CARTESIAN_POINT ( 'NONE',  ( -13.50000000000000000, -9.974659986866640793E-15, 2.149999999999999023 ) ) ;
#4395 = PLANE ( 'NONE',  #1536 ) ;
#4396 = ORIENTED_EDGE ( 'NONE', *, *, #207, .T. ) ;
#4397 = EDGE_CURVE ( 'NONE', #2130, #3662, #2853, .T. ) ;
#4398 = ORIENTED_EDGE ( 'NONE', *, *, #3808, .F. ) ;
#4399 = CARTESIAN_POINT ( 'NONE',  ( 11.25833024919771574, 4.600000000000003197, -4.799999999999975842 ) ) ;
#4400 = LINE ( 'NONE', #4760, #3788 ) ;
#4401 = DIRECTION ( 'NONE',  ( -0.000000000000000000, 1.000000000000000000, -0.000000000000000000 ) ) ;
#4402 = AXIS2_PLACEMENT_3D ( 'NONE', #3431, #4273, #294 ) ;
#4403 = EDGE_LOOP ( 'NONE', ( #4105, #1147, #5150, #1535 ) ) ;
#4404 = ORIENTED_EDGE ( 'NONE', *, *, #1409, .F. ) ;
#4405 = LINE ( 'NONE', #743, #2229 ) ;
#4406 = CARTESIAN_POINT ( 'NONE',  ( 7.699999999999999289, 5.999999999999997335, 0.000000000000000000 ) ) ;
#4407 = DIRECTION ( 'NONE',  ( 1.235542393701589400E-16, -1.000000000000000000, 0.000000000000000000 ) ) ;
#4408 = DIRECTION ( 'NONE',  ( 1.235542393701589400E-16, -1.000000000000000000, 0.000000000000000000 ) ) ;
#4409 = ORIENTED_EDGE ( 'NONE', *, *, #789, .F. ) ;
#4410 = AXIS2_PLACEMENT_3D ( 'NONE', #3337, #958, #2604 ) ;
#4411 = CARTESIAN_POINT ( 'NONE',  ( -11.25833024919766245, 3.599999999999998757, -3.266838492538225225 ) ) ;
#4412 = VECTOR ( 'NONE', #3469, 1000.000000000000000 ) ;
#4413 = DIRECTION ( 'NONE',  ( -1.000000000000000000, 0.000000000000000000, 0.000000000000000000 ) ) ;
#4414 = CARTESIAN_POINT ( 'NONE',  ( -11.25833024919773173, -1.391014430517677631E-15, 3.266838492537993410 ) ) ;
#4415 = EDGE_LOOP ( 'NONE', ( #3759, #1349, #4466, #4404 ) ) ;
#4416 = VECTOR ( 'NONE', #4447, 999.9999999999998863 ) ;
#4417 = ORIENTED_EDGE ( 'NONE', *, *, #2868, .F. ) ;
#4418 = AXIS2_PLACEMENT_3D ( 'NONE', #2473, #4102, #107 ) ;
#4419 = CARTESIAN_POINT ( 'NONE',  ( 2.562415898789336729E-16, 3.600000000000000089, 9.766838492538095551 ) ) ;
#4420 = DIRECTION ( 'NONE',  ( 0.000000000000000000, 0.000000000000000000, 1.000000000000000000 ) ) ;
#4421 = ORIENTED_EDGE ( 'NONE', *, *, #467, .F. ) ;
#4422 = CIRCLE ( 'NONE', #2548, 1.699999999999998401 ) ;
#4423 = ORIENTED_EDGE ( 'NONE', *, *, #2737, .T. ) ;
#4424 = ADVANCED_FACE ( 'NONE', ( #2059, #3684 ), #769, .T. ) ;
#4425 = EDGE_CURVE ( 'NONE', #2418, #2227, #1048, .T. ) ;
#4426 = CARTESIAN_POINT ( 'NONE',  ( -8.099999999999996092, 4.799999999999996270, 0.000000000000000000 ) ) ;
#4427 = ADVANCED_FACE ( 'NONE', ( #1150 ), #1963, .F. ) ;
#4428 = CARTESIAN_POINT ( 'NONE',  ( 12.17960899631751914, 16.97268548471243577, 12.70500392352640162 ) ) ;
#4429 = ORIENTED_EDGE ( 'NONE', *, *, #2602, .F. ) ;
#4430 = ORIENTED_EDGE ( 'NONE', *, *, #277, .T. ) ;
#4431 = DIRECTION ( 'NONE',  ( 1.000000000000000000, 0.000000000000000000, 0.000000000000000000 ) ) ;
#4432 = CARTESIAN_POINT ( 'NONE',  ( -11.25833024919766245, -1.391014430517669150E-15, -3.266838492538225225 ) ) ;
#4433 = DIRECTION ( 'NONE',  ( 0.4893343246305069116, -0.7071067811865474617, -0.5104428653026760188 ) ) ;
#4434 = ORIENTED_EDGE ( 'NONE', *, *, #846, .F. ) ;
#4435 = PLANE ( 'NONE',  #3761 ) ;
#4436 = CARTESIAN_POINT ( 'NONE',  ( -2.799999999999998046, 3.599999999999999645, 11.38341924626904955 ) ) ;
#4437 = CARTESIAN_POINT ( 'NONE',  ( -9.954293994002330948, -12.38689838640490137, -9.841342951090013003 ) ) ;
#4438 = VERTEX_POINT ( 'NONE', #1180 ) ;
#4439 = ORIENTED_EDGE ( 'NONE', *, *, #3325, .T. ) ;
#4440 = DIRECTION ( 'NONE',  ( -0.000000000000000000, 1.000000000000000000, -0.000000000000000000 ) ) ;
#4441 = CIRCLE ( 'NONE', #2750, 2.150000000000000799 ) ;
#4442 = CIRCLE ( 'NONE', #3351, 1.699999999999998401 ) ;
#4443 = ORIENTED_EDGE ( 'NONE', *, *, #339, .T. ) ;
#4444 = VERTEX_POINT ( 'NONE', #4212 ) ;
#4445 = ADVANCED_FACE ( 'NONE', ( #3398 ), #4493, .F. ) ;
#4446 = CARTESIAN_POINT ( 'NONE',  ( -13.50000000000000178, 5.599999999999996980, 3.700000000000000178 ) ) ;
#4447 = DIRECTION ( 'NONE',  ( 8.659560562354936556E-17, -0.7071067811865473507, 0.7071067811865477948 ) ) ;
#4448 = ORIENTED_EDGE ( 'NONE', *, *, #3598, .F. ) ;
#4449 = CIRCLE ( 'NONE', #3103, 7.699999999999997513 ) ;
#4450 = ORIENTED_EDGE ( 'NONE', *, *, #2079, .F. ) ;
#4451 = EDGE_CURVE ( 'NONE', #4714, #2134, #2911, .T. ) ;
#4452 = DIRECTION ( 'NONE',  ( -1.235542393701589647E-16, 1.000000000000000000, -0.000000000000000000 ) ) ;
#4453 = AXIS2_PLACEMENT_3D ( 'NONE', #2533, #2970, #4585 ) ;
#4454 = DIRECTION ( 'NONE',  ( 0.000000000000000000, 0.7071067811865474617, 0.7071067811865474617 ) ) ;
#4455 = LINE ( 'NONE', #3195, #4050 ) ;
#4456 = EDGE_CURVE ( 'NONE', #4725, #3575, #4884, .T. ) ;
#4457 = EDGE_CURVE ( 'NONE', #1869, #2973, #1715, .T. ) ;
#4458 = AXIS2_PLACEMENT_3D ( 'NONE', #1617, #1179, #791 ) ;
#4460 = EDGE_CURVE ( 'NONE', #1689, #4290, #961, .T. ) ;
#4459 = DIRECTION ( 'NONE',  ( 0.000000000000000000, 0.000000000000000000, 1.000000000000000000 ) ) ;
#4461 = LINE ( 'NONE', #778, #2471 ) ;
#4462 = CARTESIAN_POINT ( 'NONE',  ( 11.90279970094666773, 16.97268548471243577, 12.41625383435534857 ) ) ;
#4463 = AXIS2_PLACEMENT_3D ( 'NONE', #4178, #2847, #885 ) ;
#4464 = FACE_OUTER_BOUND ( 'NONE', #297, .T. ) ;
#4465 = ORIENTED_EDGE ( 'NONE', *, *, #1669, .T. ) ;
#4466 = ORIENTED_EDGE ( 'NONE', *, *, #4929, .T. ) ;
#4467 = CARTESIAN_POINT ( 'NONE',  ( 11.25833024919768910, 1.391014430517672306E-15, 3.266838492538146177 ) ) ;
#4468 = VERTEX_POINT ( 'NONE', #2964 ) ;
#4469 = VERTEX_POINT ( 'NONE', #3735 ) ;
#4470 = PRODUCT_DEFINITION_SHAPE ( 'NONE', 'NONE',  #1447 ) ;
#4471 = DIRECTION ( 'NONE',  ( -1.235542393701589400E-16, 1.000000000000000000, -0.000000000000000000 ) ) ;
#4472 = FACE_OUTER_BOUND ( 'NONE', #1826, .T. ) ;
#4473 = EDGE_LOOP ( 'NONE', ( #2078, #984 ) ) ;
#4474 = ORIENTED_EDGE ( 'NONE', *, *, #1888, .T. ) ;
#4475 = CARTESIAN_POINT ( 'NONE',  ( -4.389786309740481879E-15, 3.600000000000000089, -16.23316150746190090 ) ) ;
#4476 = CARTESIAN_POINT ( 'NONE',  ( -11.55638953943297942, 5.599999999999996980, 12.61625383435525904 ) ) ;
#4477 = CARTESIAN_POINT ( 'NONE',  ( -7.699999999999995737, 5.200000000000001066, 9.674709713264086171E-16 ) ) ;
#4478 = PERSON_AND_ORGANIZATION_ROLE ( 'classification_officer' ) ;
#4479 = EDGE_CURVE ( 'NONE', #4003, #3318, #499, .T. ) ;
#4480 = ORIENTED_EDGE ( 'NONE', *, *, #625, .T. ) ;
#4481 = EDGE_CURVE ( 'NONE', #2966, #1485, #2292, .T. ) ;
#4482 = EDGE_CURVE ( 'NONE', #4736, #1814, #799, .T. ) ;
#4483 = DIRECTION ( 'NONE',  ( -0.8660254037844382635, 0.000000000000000000, 0.5000000000000005551 ) ) ;
#4484 = CARTESIAN_POINT ( 'NONE',  ( 8.458330249197718587, 1.045062560281231080E-15, -8.116580753730932685 ) ) ;
#4485 = DIRECTION ( 'NONE',  ( 0.000000000000000000, 0.000000000000000000, 1.000000000000000000 ) ) ;
#4486 = EDGE_CURVE ( 'NONE', #4056, #2816, #5083, .T. ) ;
#4487 = VERTEX_POINT ( 'NONE', #2527 ) ;
#4488 = ORIENTED_EDGE ( 'NONE', *, *, #4324, .T. ) ;
#4489 = LINE ( 'NONE', #3702, #2902 ) ;
#4490 = FACE_BOUND ( 'NONE', #2274, .T. ) ;
#4491 = ORIENTED_EDGE ( 'NONE', *, *, #3810, .T. ) ;
#4492 = ORIENTED_EDGE ( 'NONE', *, *, #3328, .F. ) ;
#4493 = CONICAL_SURFACE ( 'NONE', #5177, 1.699999999999998401, 0.7853981633974485010 ) ;
#4494 = DIRECTION ( 'NONE',  ( 0.000000000000000000, 1.000000000000000000, 0.000000000000000000 ) ) ;
#4495 = CARTESIAN_POINT ( 'NONE',  ( 3.545706005997545596, 2.399999999999997691, 13.54134295108993058 ) ) ;
#4496 = DIRECTION ( 'NONE',  ( -1.235542393701589400E-16, 1.000000000000000000, -0.000000000000000000 ) ) ;
#4497 = AXIS2_PLACEMENT_3D ( 'NONE', #2538, #2095, #4087 ) ;
#4498 = AXIS2_PLACEMENT_3D ( 'NONE', #1690, #1777, #2969 ) ;
#4499 = ORIENTED_EDGE ( 'NONE', *, *, #1324, .T. ) ;
#4500 = VECTOR ( 'NONE', #3845, 1000.000000000000000 ) ;
#4501 = EDGE_LOOP ( 'NONE', ( #15, #122, #2912, #1408 ) ) ;
#4502 = CARTESIAN_POINT ( 'NONE',  ( -4.801391389914373420, 5.999999999999995559, 16.51625383435529315 ) ) ;
#4503 = DIRECTION ( 'NONE',  ( 1.235542393701589400E-16, -1.000000000000000000, 0.000000000000000000 ) ) ;
#4504 = CARTESIAN_POINT ( 'NONE',  ( -2.800000000000001155, -3.459518702364452194E-16, -11.38341924626904600 ) ) ;
#4505 = CARTESIAN_POINT ( 'NONE',  ( 3.049999999999973621, 2.399999999999997247, 11.69134295108993804 ) ) ;
#4506 = CARTESIAN_POINT ( 'NONE',  ( 6.750000000000135891, 5.600000000000000533, -7.991342951089842828 ) ) ;
#4507 = DIRECTION ( 'NONE',  ( -1.235542393701589400E-16, 1.000000000000000000, -0.000000000000000000 ) ) ;
#4508 = CARTESIAN_POINT ( 'NONE',  ( 11.25833024919771042, 3.600000000000001421, -3.266838492538072458 ) ) ;
#4509 = CARTESIAN_POINT ( 'NONE',  ( -16.70419109086099496, 5.599999999999996980, -4.100000000000000533 ) ) ;
#4510 = ADVANCED_FACE ( 'NONE', ( #967 ), #3710, .F. ) ;
#4511 = EDGE_CURVE ( 'NONE', #1433, #3115, #4076, .T. ) ;
#4512 = ORIENTED_EDGE ( 'NONE', *, *, #2671, .T. ) ;
#4513 = VERTEX_POINT ( 'NONE', #554 ) ;
#4514 = VECTOR ( 'NONE', #22, 1000.000000000000000 ) ;
#4515 = ADVANCED_FACE ( 'NONE', ( #3764 ), #161, .F. ) ;
#4516 = CYLINDRICAL_SURFACE ( 'NONE', #3223, 1.699999999999998401 ) ;
#4517 = CARTESIAN_POINT ( 'NONE',  ( -13.50000000000000000, 2.399999999999995914, 2.150000000000000799 ) ) ;
#4518 = CARTESIAN_POINT ( 'NONE',  ( -11.25833024919776193, 4.600000000000006750, 4.799999999999896794 ) ) ;
#4519 = EDGE_CURVE ( 'NONE', #1851, #782, #3996, .T. ) ;
#4520 = EDGE_CURVE ( 'NONE', #5186, #4444, #996, .T. ) ;
#4521 = ORIENTED_EDGE ( 'NONE', *, *, #2673, .F. ) ;
#4522 = ORIENTED_EDGE ( 'NONE', *, *, #1355, .F. ) ;
#4523 = CYLINDRICAL_SURFACE ( 'NONE', #595, 3.700000000000000178 ) ;
#4524 = AXIS2_PLACEMENT_3D ( 'NONE', #4740, #4717, #616 ) ;
#4525 = CARTESIAN_POINT ( 'NONE',  ( 11.25833024919771574, 3.600000000000001421, -9.199999999999976197 ) ) ;
#4526 = CARTESIAN_POINT ( 'NONE',  ( -6.749999999999892530, 2.399999999999996803, -11.69134295108998245 ) ) ;
#4527 = EDGE_LOOP ( 'NONE', ( #5137, #920, #4191, #4851 ) ) ;
#4528 = VERTEX_POINT ( 'NONE', #2556 ) ;
#4529 = AXIS2_PLACEMENT_3D ( 'NONE', #4311, #3549, #2242 ) ;
#4530 = FACE_OUTER_BOUND ( 'NONE', #2669, .T. ) ;
#4531 = DIRECTION ( 'NONE',  ( -1.000000000000000000, 0.000000000000000000, 0.000000000000000000 ) ) ;
#4532 = CARTESIAN_POINT ( 'NONE',  ( 2.800000000000000711, 3.600000000000000533, 11.38341924626904600 ) ) ;
#4533 = CIRCLE ( 'NONE', #2925, 0.4000000000000010214 ) ;
#4534 = DIRECTION ( 'NONE',  ( -1.000000000000000000, 0.000000000000000000, 0.000000000000000000 ) ) ;
#4535 = AXIS2_PLACEMENT_3D ( 'NONE', #617, #1758, #4985 ) ;
#4536 = CARTESIAN_POINT ( 'NONE',  ( -11.90279970094675477, 2.399999999999995914, 12.41625383435525798 ) ) ;
#4537 = CARTESIAN_POINT ( 'NONE',  ( 1.355721808911629058E-15, 5.999999999999996447, 0.000000000000000000 ) ) ;
#4538 = DIRECTION ( 'NONE',  ( 1.235542393701589400E-16, -1.000000000000000000, 0.000000000000000000 ) ) ;
#4539 = DIRECTION ( 'NONE',  ( 1.000000000000000000, 1.008560160451632098E-16, 0.000000000000000000 ) ) ;
#4540 = CIRCLE ( 'NONE', #2937, 2.150000000000000799 ) ;
#4541 = ADVANCED_FACE ( 'NONE', ( #4976 ), #4555, .T. ) ;
#4542 = VERTEX_POINT ( 'NONE', #4185 ) ;
#4543 = ORIENTED_EDGE ( 'NONE', *, *, #2486, .T. ) ;
#4544 = CARTESIAN_POINT ( 'NONE',  ( 7.282507227558705044E-16, 5.999999999999996447, 13.00000000000000000 ) ) ;
#4545 = CARTESIAN_POINT ( 'NONE',  ( 17.60000000000000142, 2.399999999999999911, 0.000000000000000000 ) ) ;
#4546 = FACE_BOUND ( 'NONE', #2523, .T. ) ;
#4547 = ADVANCED_FACE ( 'NONE', ( #1746 ), #1458, .F. ) ;
#4548 = ORIENTED_EDGE ( 'NONE', *, *, #1999, .F. ) ;
#4549 = VECTOR ( 'NONE', #2957, 999.9999999999998863 ) ;
#4550 = ORIENTED_EDGE ( 'NONE', *, *, #846, .T. ) ;
#4551 = EDGE_CURVE ( 'NONE', #3500, #515, #1774, .T. ) ;
#4552 = EDGE_CURVE ( 'NONE', #2670, #4903, #213, .T. ) ;
#4553 = CARTESIAN_POINT ( 'NONE',  ( -4.801391389914373420, 5.599999999999998757, 16.51625383435529315 ) ) ;
#4554 = CARTESIAN_POINT ( 'NONE',  ( 11.25833024919771574, 3.600000000000001421, -6.499999999999974243 ) ) ;
#4555 = CYLINDRICAL_SURFACE ( 'NONE', #2802, 0.4000000000000010214 ) ;
#4556 = EDGE_CURVE ( 'NONE', #3049, #1274, #4830, .T. ) ;
#4557 = EDGE_LOOP ( 'NONE', ( #2629, #4817, #2208, #3945, #2038, #417, #3261 ) ) ;
#4558 = VERTEX_POINT ( 'NONE', #2613 ) ;
#4559 = DIRECTION ( 'NONE',  ( -0.7071067811865435759, -0.7071067811865515695, 8.659560562354886020E-17 ) ) ;
#4560 = DIRECTION ( 'NONE',  ( 0.000000000000000000, 0.000000000000000000, -1.000000000000000000 ) ) ;
#4561 = CARTESIAN_POINT ( 'NONE',  ( -6.750000000000055067, 2.399999999999995914, 11.69134295108989363 ) ) ;
#4562 = EDGE_LOOP ( 'NONE', ( #2754, #1518, #4434, #4271, #2936, #2185 ) ) ;
#4563 = PLANE ( 'NONE',  #3067 ) ;
#4564 = CYLINDRICAL_SURFACE ( 'NONE', #1557, 2.149999999999999911 ) ;
#4565 = CARTESIAN_POINT ( 'NONE',  ( -11.25833024919762870, 5.999999999999994671, -8.200000000000127187 ) ) ;
#4566 = CARTESIAN_POINT ( 'NONE',  ( 13.50000000000000178, -10.75174404457249544, -3.700000000000000178 ) ) ;
#4567 = ORIENTED_EDGE ( 'NONE', *, *, #4481, .F. ) ;
#4568 = EDGE_LOOP ( 'NONE', ( #61, #2856, #1951, #448 ) ) ;
#4569 = LINE ( 'NONE', #2547, #2623 ) ;
#4570 = CARTESIAN_POINT ( 'NONE',  ( 0.000000000000000000, 16.97268548471243577, 0.000000000000000000 ) ) ;
#4571 = FACE_OUTER_BOUND ( 'NONE', #3071, .T. ) ;
#4572 = VERTEX_POINT ( 'NONE', #636 ) ;
#4573 = ORIENTED_EDGE ( 'NONE', *, *, #242, .T. ) ;
#4574 =( GEOMETRIC_REPRESENTATION_CONTEXT ( 3 ) GLOBAL_UNCERTAINTY_ASSIGNED_CONTEXT ( ( #865 ) ) GLOBAL_UNIT_ASSIGNED_CONTEXT ( ( #4330, #1187, #3196 ) ) REPRESENTATION_CONTEXT ( 'NONE', 'WORKASPACE' ) );
#4575 = CYLINDRICAL_SURFACE ( 'NONE', #265, 0.4000000000000010214 ) ;
#4576 = CARTESIAN_POINT ( 'NONE',  ( -11.25833024919762870, 4.599999999999999645, -8.200000000000127187 ) ) ;
#4577 = DIRECTION ( 'NONE',  ( 0.000000000000000000, -1.000000000000000000, 0.000000000000000000 ) ) ;
#4578 = ORIENTED_EDGE ( 'NONE', *, *, #3748, .F. ) ;
#4579 = EDGE_CURVE ( 'NONE', #2504, #3126, #3017, .T. ) ;
#4580 = EDGE_CURVE ( 'NONE', #4175, #1841, #48, .T. ) ;
#4581 = ORIENTED_EDGE ( 'NONE', *, *, #3678, .F. ) ;
#4582 = AXIS2_PLACEMENT_3D ( 'NONE', #3661, #820, #2016 ) ;
#4583 = EDGE_CURVE ( 'NONE', #3318, #2756, #3424, .T. ) ;
#4584 = DIRECTION ( 'NONE',  ( 1.235542393701589400E-16, -1.000000000000000000, 0.000000000000000000 ) ) ;
#4585 = DIRECTION ( 'NONE',  ( -0.8660254037844440367, 0.000000000000000000, 0.4999999999999905631 ) ) ;
#4586 = CYLINDRICAL_SURFACE ( 'NONE', #3007, 1.699999999999999289 ) ;
#4587 = AXIS2_PLACEMENT_3D ( 'NONE', #169, #1756, #3692 ) ;
#4588 = DIRECTION ( 'NONE',  ( -0.000000000000000000, 1.000000000000000000, -0.000000000000000000 ) ) ;
#4589 = CARTESIAN_POINT ( 'NONE',  ( -11.25833024919776193, 4.600000000000006750, 6.499999999999895195 ) ) ;
#4590 = CARTESIAN_POINT ( 'NONE',  ( 14.05833024919766672, 3.600000000000001421, 8.116580753731012621 ) ) ;
#4591 = AXIS2_PLACEMENT_3D ( 'NONE', #1418, #3028, #2302 ) ;
#4592 = FACE_BOUND ( 'NONE', #3894, .T. ) ;
#4593 = ORIENTED_EDGE ( 'NONE', *, *, #4036, .T. ) ;
#4594 = ORIENTED_EDGE ( 'NONE', *, *, #370, .F. ) ;
#4595 = CARTESIAN_POINT ( 'NONE',  ( 7.282507227558705044E-16, 4.600000000000007638, 11.30000000000000071 ) ) ;
#4596 = DIRECTION ( 'NONE',  ( 1.235542393701589400E-16, -1.000000000000000000, 0.000000000000000000 ) ) ;
#4597 = CARTESIAN_POINT ( 'NONE',  ( 6.749999999999973355, 2.399999999999998579, 11.69134295108993804 ) ) ;
#4598 = ORIENTED_EDGE ( 'NONE', *, *, #974, .T. ) ;
#4599 = VERTEX_POINT ( 'NONE', #1407 ) ;
#4600 = VECTOR ( 'NONE', #1451, 1000.000000000000114 ) ;
#4601 = CARTESIAN_POINT ( 'NONE',  ( -4.801391389914148711, 5.599999999999998757, -16.51625383435536421 ) ) ;
#4602 = CARTESIAN_POINT ( 'NONE',  ( 11.90279970094684181, 5.999999999999998224, -12.41625383435518337 ) ) ;
#4603 = DIRECTION ( 'NONE',  ( 0.000000000000000000, 0.000000000000000000, -1.000000000000000000 ) ) ;
#4604 = EDGE_LOOP ( 'NONE', ( #2645, #3341, #2301, #4057 ) ) ;
#4605 = EDGE_CURVE ( 'NONE', #1870, #1639, #2976, .T. ) ;
#4606 = ORIENTED_EDGE ( 'NONE', *, *, #408, .F. ) ;
#4607 = DIRECTION ( 'NONE',  ( 0.000000000000000000, -1.000000000000000000, 0.000000000000000000 ) ) ;
#4608 = DIRECTION ( 'NONE',  ( 0.000000000000000000, 0.000000000000000000, 1.000000000000000000 ) ) ;
#4609 = CARTESIAN_POINT ( 'NONE',  ( 2.799999999999997158, 3.600000000000000533, -14.61658075373095222 ) ) ;
#4610 = EDGE_LOOP ( 'NONE', ( #3406, #4295, #1637, #3476, #2771, #652, #2528, #2198, #2621, #401, #2017, #709, #604, #1228, #781, #4695, #4443, #1269, #2825, #4158, #233, #4027, #4836, #3855, #1594, #1856 ) ) ;
#4611 = EDGE_CURVE ( 'NONE', #5162, #1291, #1373, .T. ) ;
#4612 = CIRCLE ( 'NONE', #1578, 3.700000000000000178 ) ;
#4613 = FACE_OUTER_BOUND ( 'NONE', #3834, .T. ) ;
#4614 = DIRECTION ( 'NONE',  ( 0.000000000000000000, -1.000000000000000000, 0.000000000000000000 ) ) ;
#4615 = EDGE_CURVE ( 'NONE', #857, #3601, #4656, .T. ) ;
#4616 = VECTOR ( 'NONE', #414, 1000.000000000000000 ) ;
#4617 = DIRECTION ( 'NONE',  ( 0.000000000000000000, 1.000000000000000000, 0.000000000000000000 ) ) ;
#4618 = EDGE_CURVE ( 'NONE', #3162, #4700, #2043, .T. ) ;
#4619 = DIRECTION ( 'NONE',  ( 1.000000000000000000, 0.000000000000000000, 0.000000000000000000 ) ) ;
#4620 = ADVANCED_FACE ( 'NONE', ( #916 ), #3068, .T. ) ;
#4621 = ORIENTED_EDGE ( 'NONE', *, *, #2113, .T. ) ;
#4622 = AXIS2_PLACEMENT_3D ( 'NONE', #3331, #4928, #1312 ) ;
#4623 = VERTEX_POINT ( 'NONE', #2877 ) ;
#4624 = CARTESIAN_POINT ( 'NONE',  ( -11.25833024919776193, 4.600000000000006750, 8.199999999999894484 ) ) ;
#4625 = DIRECTION ( 'NONE',  ( -1.235542393701589400E-16, 1.000000000000000000, -0.000000000000000000 ) ) ;
#4626 = DIRECTION ( 'NONE',  ( 1.720845688168992638E-15, 2.157041537713704155E-31, -1.000000000000000000 ) ) ;
#4627 = EDGE_LOOP ( 'NONE', ( #549, #3874, #4818, #1633, #349, #5111, #3744 ) ) ;
#4628 = ORIENTED_EDGE ( 'NONE', *, *, #2154, .F. ) ;
#4629 = VECTOR ( 'NONE', #33, 1000.000000000000000 ) ;
#4630 = FACE_OUTER_BOUND ( 'NONE', #3285, .T. ) ;
#4631 = DIRECTION ( 'NONE',  ( -1.235542393701589400E-16, 1.000000000000000000, -0.000000000000000000 ) ) ;
#4632 = CARTESIAN_POINT ( 'NONE',  ( 6.749999999999973355, 5.999999999999997335, 11.69134295108993804 ) ) ;
#4633 = AXIS2_PLACEMENT_3D ( 'NONE', #1482, #2293, #659 ) ;
#4634 = ORIENTED_EDGE ( 'NONE', *, *, #4072, .F. ) ;
#4635 = EDGE_LOOP ( 'NONE', ( #4264, #3260, #2184 ) ) ;
#4636 = CARTESIAN_POINT ( 'NONE',  ( -13.50000000000000000, 2.399999999999995914, 3.700000000000000178 ) ) ;
#4637 = CARTESIAN_POINT ( 'NONE',  ( -11.90279970094675477, 5.599999999999998757, 12.41625383435525798 ) ) ;
#4638 = DIRECTION ( 'NONE',  ( 0.000000000000000000, 0.000000000000000000, -1.000000000000000000 ) ) ;
#4639 = ORIENTED_EDGE ( 'NONE', *, *, #3430, .T. ) ;
#4640 = FACE_OUTER_BOUND ( 'NONE', #4501, .T. ) ;
#4641 = DIRECTION ( 'NONE',  ( 1.000000000000000000, 1.008560160451632098E-16, 0.000000000000000000 ) ) ;
#4642 = CARTESIAN_POINT ( 'NONE',  ( 2.799999999999997158, 3.600000000000000533, -11.38341924626904955 ) ) ;
#4643 = ADVANCED_FACE ( 'NONE', ( #3397 ), #1329, .F. ) ;
#4644 = DIRECTION ( 'NONE',  ( -0.000000000000000000, 1.000000000000000000, -0.000000000000000000 ) ) ;
#4645 = ORIENTED_EDGE ( 'NONE', *, *, #4712, .F. ) ;
#4646 = EDGE_CURVE ( 'NONE', #3620, #1819, #4945, .T. ) ;
#4647 = ORIENTED_EDGE ( 'NONE', *, *, #1016, .T. ) ;
#4648 = DIRECTION ( 'NONE',  ( 1.235542393701589400E-16, -1.000000000000000000, 0.000000000000000000 ) ) ;
#4649 = FACE_OUTER_BOUND ( 'NONE', #4527, .T. ) ;
#4650 = EDGE_CURVE ( 'NONE', #3115, #1433, #3743, .T. ) ;
#4651 = CARTESIAN_POINT ( 'NONE',  ( -16.70419109086099496, 5.599999999999996980, -4.100000000000000533 ) ) ;
#4652 = ORIENTED_EDGE ( 'NONE', *, *, #2031, .T. ) ;
#4653 = ORIENTED_EDGE ( 'NONE', *, *, #1072, .F. ) ;
#4654 = AXIS2_PLACEMENT_3D ( 'NONE', #1701, #1677, #2010 ) ;
#4655 = DIRECTION ( 'NONE',  ( -1.000000000000000000, -1.235542393701589400E-16, 0.000000000000000000 ) ) ;
#4656 = LINE ( 'NONE', #1050, #3409 ) ;
#4657 = DIRECTION ( 'NONE',  ( -0.000000000000000000, 1.000000000000000000, -0.000000000000000000 ) ) ;
#4658 = ORIENTED_EDGE ( 'NONE', *, *, #3913, .F. ) ;
#4659 = ORIENTED_EDGE ( 'NONE', *, *, #2410, .F. ) ;
#4660 = VECTOR ( 'NONE', #2955, 1000.000000000000000 ) ;
#4661 = APPROVAL_PERSON_ORGANIZATION ( #699, #3877, #2285 ) ;
#4662 = DIRECTION ( 'NONE',  ( -0.000000000000000000, 1.000000000000000000, -0.000000000000000000 ) ) ;
#4663 = CARTESIAN_POINT ( 'NONE',  ( 11.25833024919772285, 3.600000000000001421, -9.733161507461877804 ) ) ;
#4664 = DIRECTION ( 'NONE',  ( -0.000000000000000000, 1.000000000000000000, -0.000000000000000000 ) ) ;
#4665 = ORIENTED_EDGE ( 'NONE', *, *, #1324, .F. ) ;
#4666 = DIRECTION ( 'NONE',  ( 0.000000000000000000, 0.000000000000000000, 1.000000000000000000 ) ) ;
#4667 = FACE_OUTER_BOUND ( 'NONE', #955, .T. ) ;
#4668 = CIRCLE ( 'NONE', #5181, 2.150000000000000799 ) ;
#4669 = CARTESIAN_POINT ( 'NONE',  ( -16.70419109086099141, 2.399999999999995470, -3.700000000000000178 ) ) ;
#4670 = LINE ( 'NONE', #3033, #4244 ) ;
#4671 = AXIS2_PLACEMENT_3D ( 'NONE', #4278, #3930, #1005 ) ;
#4672 = ORIENTED_EDGE ( 'NONE', *, *, #3073, .F. ) ;
#4673 = DIRECTION ( 'NONE',  ( -1.000000000000000000, -1.172110456741085828E-16, 0.000000000000000000 ) ) ;
#4674 = DIRECTION ( 'NONE',  ( -0.8660254037844432595, -1.070011100398216473E-16, 0.4999999999999919509 ) ) ;
#4675 = VECTOR ( 'NONE', #538, 1000.000000000000114 ) ;
#4676 = ORIENTED_EDGE ( 'NONE', *, *, #2149, .F. ) ;
#4677 = EDGE_CURVE ( 'NONE', #588, #3699, #1797, .T. ) ;
#4678 = ORIENTED_EDGE ( 'NONE', *, *, #1483, .F. ) ;
#4679 = EDGE_CURVE ( 'NONE', #4855, #4784, #964, .T. ) ;
#4680 = CARTESIAN_POINT ( 'NONE',  ( 17.10419109086099354, 5.600000000000002309, -4.100000000000000533 ) ) ;
#4681 = EDGE_CURVE ( 'NONE', #2636, #3920, #1714, .T. ) ;
#4682 = CARTESIAN_POINT ( 'NONE',  ( 8.099999999999999645, 4.799999999999998046, 9.919639073093557256E-16 ) ) ;
#4683 = VECTOR ( 'NONE', #2144, 1000.000000000000114 ) ;
#4684 = ORIENTED_EDGE ( 'NONE', *, *, #3588, .F. ) ;
#4685 = ORIENTED_EDGE ( 'NONE', *, *, #3977, .T. ) ;
#4686 = LINE ( 'NONE', #3078, #2436 ) ;
#4687 = FACE_BOUND ( 'NONE', #4994, .T. ) ;
#4688 = DIRECTION ( 'NONE',  ( -1.000000000000000000, 0.000000000000000000, 0.000000000000000000 ) ) ;
#4689 = ORIENTED_EDGE ( 'NONE', *, *, #3910, .F. ) ;
#4690 = DIRECTION ( 'NONE',  ( 0.6123724356957909176, -0.7071067811865471286, 0.3535533905932812249 ) ) ;
#4691 = CARTESIAN_POINT ( 'NONE',  ( 11.25833024919767311, 5.999999999999998224, 6.500000000000052403 ) ) ;
#4692 = CARTESIAN_POINT ( 'NONE',  ( -11.90279970094658424, 5.999999999999994671, -12.41625383435542673 ) ) ;
#4693 = VECTOR ( 'NONE', #2146, 999.9999999999998863 ) ;
#4694 = APPROVAL_STATUS ( 'not_yet_approved' ) ;
#4695 = ORIENTED_EDGE ( 'NONE', *, *, #4425, .T. ) ;
#4696 = VECTOR ( 'NONE', #4749, 1000.000000000000000 ) ;
#4697 = CARTESIAN_POINT ( 'NONE',  ( 6.749999999999974243, 2.399999999999997691, 11.69134295108993804 ) ) ;
#4698 = DIRECTION ( 'NONE',  ( 0.000000000000000000, 0.000000000000000000, 1.000000000000000000 ) ) ;
#4699 = CIRCLE ( 'NONE', #1241, 1.699999999999998401 ) ;
#4700 = VERTEX_POINT ( 'NONE', #4525 ) ;
#4701 = VERTEX_POINT ( 'NONE', #160 ) ;
#4702 = AXIS2_PLACEMENT_3D ( 'NONE', #2562, #896, #4889 ) ;
#4703 = CARTESIAN_POINT ( 'NONE',  ( -16.70419109086099496, 5.599999999999996980, -3.700000000000000178 ) ) ;
#4704 = DIRECTION ( 'NONE',  ( 0.000000000000000000, 0.000000000000000000, 1.000000000000000000 ) ) ;
#4705 = ORIENTED_EDGE ( 'NONE', *, *, #343, .F. ) ;
#4706 = VECTOR ( 'NONE', #3823, 1000.000000000000000 ) ;
#4707 = ORIENTED_EDGE ( 'NONE', *, *, #2898, .T. ) ;
#4708 = EDGE_CURVE ( 'NONE', #4444, #29, #966, .T. ) ;
#4709 = DIRECTION ( 'NONE',  ( 0.000000000000000000, 0.000000000000000000, 1.000000000000000000 ) ) ;
#4710 = CIRCLE ( 'NONE', #2849, 0.4000000000000010214 ) ;
#4711 = CARTESIAN_POINT ( 'NONE',  ( 14.05833024919771113, 3.600000000000001421, -4.883419246269017577 ) ) ;
#4712 = EDGE_CURVE ( 'NONE', #2670, #2136, #891, .T. ) ;
#4713 = DIRECTION ( 'NONE',  ( -0.6123724356957922499, -0.7071067811865484609, -0.3535533905932762289 ) ) ;
#4714 = VERTEX_POINT ( 'NONE', #2989 ) ;
#4715 = CONICAL_SURFACE ( 'NONE', #1096, 1.699999999999998401, 0.7853981633974485010 ) ;
#4716 = DIRECTION ( 'NONE',  ( -1.000000000000000000, -1.235542393701589400E-16, 0.000000000000000000 ) ) ;
#4717 = DIRECTION ( 'NONE',  ( -1.235542393701589400E-16, 1.000000000000000000, -0.000000000000000000 ) ) ;
#4718 = CARTESIAN_POINT ( 'NONE',  ( 13.50000000000000000, 2.399999999999999467, 0.000000000000000000 ) ) ;
#4719 = ORIENTED_EDGE ( 'NONE', *, *, #912, .F. ) ;
#4720 = CARTESIAN_POINT ( 'NONE',  ( -6.749999999999891642, 2.399999999999995914, -11.69134295108998245 ) ) ;
#4721 = CARTESIAN_POINT ( 'NONE',  ( 2.800000000000000711, 3.600000000000000533, 11.38341924626904600 ) ) ;
#4722 = LINE ( 'NONE', #4143, #2220 ) ;
#4723 = VECTOR ( 'NONE', #3595, 1000.000000000000000 ) ;
#4724 = ORIENTED_EDGE ( 'NONE', *, *, #4069, .T. ) ;
#4725 = VERTEX_POINT ( 'NONE', #4602 ) ;
#4726 = CARTESIAN_POINT ( 'NONE',  ( -2.210901595197776700E-15, 4.600000000000000533, -13.00000000000000000 ) ) ;
#4727 = DIRECTION ( 'NONE',  ( -1.000000000000000000, 0.000000000000000000, 0.000000000000000000 ) ) ;
#4728 = EDGE_LOOP ( 'NONE', ( #1980, #1201, #4548, #4146 ) ) ;
#4729 = ORIENTED_EDGE ( 'NONE', *, *, #4735, .T. ) ;
#4730 = AXIS2_PLACEMENT_3D ( 'NONE', #1346, #3781, #572 ) ;
#4731 = CARTESIAN_POINT ( 'NONE',  ( 8.458330249197681283, 3.600000000000000977, 4.883419246269086855 ) ) ;
#4732 = CARTESIAN_POINT ( 'NONE',  ( 11.90279970094684181, 5.600000000000000533, -12.41625383435518160 ) ) ;
#4733 = LINE ( 'NONE', #713, #1821 ) ;
#4734 = EDGE_CURVE ( 'NONE', #4056, #1485, #1745, .T. ) ;
#4735 = EDGE_CURVE ( 'NONE', #3147, #457, #1054, .T. ) ;
#4736 = VERTEX_POINT ( 'NONE', #2084 ) ;
#4737 = ORIENTED_EDGE ( 'NONE', *, *, #1769, .T. ) ;
#4739 = ADVANCED_FACE ( 'NONE', ( #4975 ), #525, .F. ) ;
#4738 = DIRECTION ( 'NONE',  ( -1.000000000000000000, -1.235542393701589400E-16, 0.000000000000000000 ) ) ;
#4740 = CARTESIAN_POINT ( 'NONE',  ( 2.097047245132582403E-15, 0.000000000000000000, 0.000000000000000000 ) ) ;
#4741 = DIRECTION ( 'NONE',  ( -1.235542393701589400E-16, 1.000000000000000000, 0.000000000000000000 ) ) ;
#4742 = DIRECTION ( 'NONE',  ( -1.235542393701589400E-16, 1.000000000000000000, -0.000000000000000000 ) ) ;
#4743 = EDGE_CURVE ( 'NONE', #4700, #3162, #1548, .T. ) ;
#4744 = EDGE_CURVE ( 'NONE', #3126, #1045, #2586, .T. ) ;
#4745 = CALENDAR_DATE ( 2026, 26, 2 ) ;
#4746 = ORIENTED_EDGE ( 'NONE', *, *, #2468, .F. ) ;
#4747 = AXIS2_PLACEMENT_3D ( 'NONE', #4554, #1272, #4130 ) ;
#4748 = LINE ( 'NONE', #1066, #3087 ) ;
#4749 = DIRECTION ( 'NONE',  ( -1.235542393701589400E-16, 1.000000000000000000, -0.000000000000000000 ) ) ;
#4750 = LINE ( 'NONE', #331, #3578 ) ;
#4751 = VECTOR ( 'NONE', #1378, 1000.000000000000000 ) ;
#4752 = ORIENTED_EDGE ( 'NONE', *, *, #1160, .F. ) ;
#4753 = ORIENTED_EDGE ( 'NONE', *, *, #365, .T. ) ;
#4754 = AXIS2_PLACEMENT_3D ( 'NONE', #4536, #899, #3747 ) ;
#4755 = FACE_OUTER_BOUND ( 'NONE', #2217, .T. ) ;
#4756 = FACE_OUTER_BOUND ( 'NONE', #5082, .T. ) ;
#4757 = VERTEX_POINT ( 'NONE', #4211 ) ;
#4758 = EDGE_LOOP ( 'NONE', ( #288, #3108, #765, #203, #662, #3533 ) ) ;
#4759 = LINE ( 'NONE', #1148, #4949 ) ;
#4760 = CARTESIAN_POINT ( 'NONE',  ( -2.799999999999998046, 3.599999999999999645, 14.61658075373095222 ) ) ;
#4761 = DIRECTION ( 'NONE',  ( 1.000000000000000000, 2.115516434118057955E-16, 0.000000000000000000 ) ) ;
#4762 = EDGE_CURVE ( 'NONE', #2147, #2670, #2196, .T. ) ;
#4763 = ORIENTED_EDGE ( 'NONE', *, *, #1160, .T. ) ;
#4764 = EDGE_LOOP ( 'NONE', ( #2709, #2291, #950, #4017 ) ) ;
#4765 = VECTOR ( 'NONE', #4773, 1000.000000000000000 ) ;
#4766 = DIRECTION ( 'NONE',  ( 1.000000000000000000, 0.000000000000000000, 0.000000000000000000 ) ) ;
#4767 = CARTESIAN_POINT ( 'NONE',  ( 5.201391389914491015, 5.600000000000000533, -16.51625383435526118 ) ) ;
#4768 = DIRECTION ( 'NONE',  ( 0.8660254037844374864, 1.070011100398209694E-16, 0.5000000000000021094 ) ) ;
#4769 = DIRECTION ( 'NONE',  ( 1.235542393701589400E-16, -1.000000000000000000, 0.000000000000000000 ) ) ;
#4770 = EDGE_CURVE ( 'NONE', #990, #3231, #1686, .T. ) ;
#4771 = EDGE_LOOP ( 'NONE', ( #2991, #3369, #4257, #1657 ) ) ;
#4772 = EDGE_CURVE ( 'NONE', #918, #4714, #1192, .T. ) ;
#4773 = DIRECTION ( 'NONE',  ( -0.000000000000000000, 1.000000000000000000, -3.697785493223492838E-32 ) ) ;
#4774 = CARTESIAN_POINT ( 'NONE',  ( -8.099999999999997868, 16.97268548471243577, 0.000000000000000000 ) ) ;
#4775 = DIRECTION ( 'NONE',  ( -1.000000000000000000, 0.000000000000000000, -1.734723475976806148E-14 ) ) ;
#4776 = EDGE_CURVE ( 'NONE', #610, #472, #1528, .T. ) ;
#4777 = ORIENTED_EDGE ( 'NONE', *, *, #2726, .T. ) ;
#4778 = VECTOR ( 'NONE', #3624, 1000.000000000000114 ) ;
#4779 = EDGE_LOOP ( 'NONE', ( #1612, #3687, #1176, #4023 ) ) ;
#4780 = AXIS2_PLACEMENT_3D ( 'NONE', #2984, #4596, #988 ) ;
#4781 = DIRECTION ( 'NONE',  ( 0.6123724356957969128, -0.7071067811865457964, -0.3535533905932732313 ) ) ;
#4782 = CARTESIAN_POINT ( 'NONE',  ( -11.25833024919762870, 4.599999999999999645, -6.500000000000129674 ) ) ;
#4783 = ORIENTED_EDGE ( 'NONE', *, *, #2826, .T. ) ;
#4784 = VERTEX_POINT ( 'NONE', #416 ) ;
#4785 = AXIS2_PLACEMENT_3D ( 'NONE', #4198, #4142, #3802 ) ;
#4786 = LINE ( 'NONE', #3309, #1205 ) ;
#4787 = LINE ( 'NONE', #3585, #4629 ) ;
#4788 = DIRECTION ( 'NONE',  ( 0.8660254037844397068, 0.000000000000000000, -0.4999999999999979461 ) ) ;
#4789 = AXIS2_PLACEMENT_3D ( 'NONE', #274, #1805, #2255 ) ;
#4790 = VERTEX_POINT ( 'NONE', #4414 ) ;
#4791 = ORIENTED_EDGE ( 'NONE', *, *, #3941, .F. ) ;
#4792 = CARTESIAN_POINT ( 'NONE',  ( 11.90279970094667128, 5.999999999999998224, 12.41625383435534857 ) ) ;
#4793 = VECTOR ( 'NONE', #1225, 1000.000000000000000 ) ;
#4794 = FACE_BOUND ( 'NONE', #3237, .T. ) ;
#4795 = CARTESIAN_POINT ( 'NONE',  ( 6.750000000000135891, -7.372574772901430151E-15, -11.69134295108984212 ) ) ;
#4796 = CARTESIAN_POINT ( 'NONE',  ( -11.25833024919773173, 3.599999999999998757, 3.266838492537993410 ) ) ;
#4797 = CARTESIAN_POINT ( 'NONE',  ( 2.800000000000001155, 3.459518702364452194E-16, 11.38341924626904600 ) ) ;
#4798 = EDGE_LOOP ( 'NONE', ( #3213, #638, #4877, #2023 ) ) ;
#4799 = CC_DESIGN_DATE_AND_TIME_ASSIGNMENT ( #4308, #355, ( #1447 ) ) ;
#4800 = CARTESIAN_POINT ( 'NONE',  ( 11.25833024919765890, 3.600000000000001421, 9.733161507461954187 ) ) ;
#4801 = DIRECTION ( 'NONE',  ( 1.235542393701589400E-16, -1.000000000000000000, 0.000000000000000000 ) ) ;
#4802 = DIRECTION ( 'NONE',  ( 0.5000000000000101030, 6.177711968508071492E-17, -0.8660254037844328234 ) ) ;
#4803 = EDGE_CURVE ( 'NONE', #3082, #4358, #1166, .T. ) ;
#4804 = EDGE_CURVE ( 'NONE', #1052, #757, #4336, .T. ) ;
#4805 = VERTEX_POINT ( 'NONE', #236 ) ;
#4806 = ORIENTED_EDGE ( 'NONE', *, *, #2676, .T. ) ;
#4807 = ADVANCED_FACE ( 'NONE', ( #780, #2312 ), #4362, .T. ) ;
#4808 = LINE ( 'NONE', #783, #1178 ) ;
#4809 = CARTESIAN_POINT ( 'NONE',  ( -6.750000000000055955, -9.107298248878237246E-15, 11.69134295108989363 ) ) ;
#4810 = VERTEX_POINT ( 'NONE', #1979 ) ;
#4811 = ORIENTED_EDGE ( 'NONE', *, *, #1481, .F. ) ;
#4812 = CONICAL_SURFACE ( 'NONE', #3990, 0.3999999999999975797, 0.7853981633974496113 ) ;
#4813 = DIRECTION ( 'NONE',  ( -1.000000000000000000, -1.235542393701589400E-16, 0.000000000000000000 ) ) ;
#4814 = DIRECTION ( 'NONE',  ( -1.235542393701589400E-16, 1.000000000000000000, -0.000000000000000000 ) ) ;
#4815 = DIRECTION ( 'NONE',  ( -1.000000000000000000, -1.126443815569355647E-16, 0.000000000000000000 ) ) ;
#4816 = VECTOR ( 'NONE', #641, 1000.000000000000000 ) ;
#4817 = ORIENTED_EDGE ( 'NONE', *, *, #1888, .F. ) ;
#4818 = ORIENTED_EDGE ( 'NONE', *, *, #4888, .T. ) ;
#4819 = DIRECTION ( 'NONE',  ( -0.4999999999999963918, -6.177711968507906325E-17, -0.8660254037844407060 ) ) ;
#4820 = CARTESIAN_POINT ( 'NONE',  ( 16.70419109086099496, 5.600000000000000533, -3.700000000000000178 ) ) ;
#4821 = DIRECTION ( 'NONE',  ( -1.235542393701589400E-16, 1.000000000000000000, -3.697785493223492838E-32 ) ) ;
#4822 = ORIENTED_EDGE ( 'NONE', *, *, #4615, .F. ) ;
#4823 = AXIS2_PLACEMENT_3D ( 'NONE', #4907, #3362, #4936 ) ;
#4824 = CARTESIAN_POINT ( 'NONE',  ( -7.010368516115058865E-16, -8.661607497131059322E-32, -9.766838492538095551 ) ) ;
#4825 = AXIS2_PLACEMENT_3D ( 'NONE', #3775, #1365, #148 ) ;
#4826 = DIRECTION ( 'NONE',  ( -0.8660254037844363761, -1.070011100398208091E-16, -0.5000000000000039968 ) ) ;
#4827 = DIRECTION ( 'NONE',  ( -1.235542393701589400E-16, 1.000000000000000000, -0.000000000000000000 ) ) ;
#4828 = EDGE_CURVE ( 'NONE', #4344, #1170, #3146, .T. ) ;
#4829 = ORIENTED_EDGE ( 'NONE', *, *, #2404, .F. ) ;
#4830 = CIRCLE ( 'NONE', #2540, 1.699999999999998401 ) ;
#4831 = ORIENTED_EDGE ( 'NONE', *, *, #2113, .F. ) ;
#4832 = AXIS2_PLACEMENT_3D ( 'NONE', #212, #1302, #553 ) ;
#4833 = FACE_OUTER_BOUND ( 'NONE', #599, .T. ) ;
#4834 = EDGE_CURVE ( 'NONE', #5176, #1981, #2612, .T. ) ;
#4835 = ORIENTED_EDGE ( 'NONE', *, *, #1421, .F. ) ;
#4836 = ORIENTED_EDGE ( 'NONE', *, *, #3073, .T. ) ;
#4837 = EDGE_CURVE ( 'NONE', #2973, #2848, #4750, .T. ) ;
#4838 = ADVANCED_FACE ( 'NONE', ( #807 ), #1876, .T. ) ;
#4839 = CARTESIAN_POINT ( 'NONE',  ( 5.147801551428266897, 5.600000000000000533, -16.31625383435525833 ) ) ;
#4840 = VECTOR ( 'NONE', #3593, 1000.000000000000000 ) ;
#4841 = DIRECTION ( 'NONE',  ( -1.235542393701589647E-16, 1.000000000000000000, -0.000000000000000000 ) ) ;
#4842 = VERTEX_POINT ( 'NONE', #635 ) ;
#4843 = ORIENTED_EDGE ( 'NONE', *, *, #5099, .T. ) ;
#4844 = CARTESIAN_POINT ( 'NONE',  ( 13.50000000000000178, -10.75174404457249544, -3.700000000000000178 ) ) ;
#4845 = DIRECTION ( 'NONE',  ( -1.000000000000000000, 0.000000000000000000, 0.000000000000000000 ) ) ;
#4846 = CARTESIAN_POINT ( 'NONE',  ( 17.10419109086099354, 5.600000000000002309, 4.100000000000000533 ) ) ;
#4847 = ORIENTED_EDGE ( 'NONE', *, *, #2997, .T. ) ;
#4848 = DIRECTION ( 'NONE',  ( 0.8660254037844398178, 1.070011100398212282E-16, -0.4999999999999980571 ) ) ;
#4849 = DIRECTION ( 'NONE',  ( 0.4999999999999904521, 6.177711968507828671E-17, 0.8660254037844441477 ) ) ;
#4850 = FACE_OUTER_BOUND ( 'NONE', #1793, .T. ) ;
#4851 = ORIENTED_EDGE ( 'NONE', *, *, #1666, .F. ) ;
#4852 = ORIENTED_EDGE ( 'NONE', *, *, #436, .T. ) ;
#4853 = AXIS2_PLACEMENT_3D ( 'NONE', #2262, #1131, #2303 ) ;
#4854 = LINE ( 'NONE', #1321, #4384 ) ;
#4855 = VERTEX_POINT ( 'NONE', #1919 ) ;
#4856 = ORIENTED_EDGE ( 'NONE', *, *, #939, .F. ) ;
#4857 = AXIS2_PLACEMENT_3D ( 'NONE', #4149, #4230, #1347 ) ;
#4858 = EDGE_CURVE ( 'NONE', #2575, #1820, #1141, .T. ) ;
#4859 = FACE_OUTER_BOUND ( 'NONE', #1842, .T. ) ;
#4860 = LINE ( 'NONE', #2426, #298 ) ;
#4861 = ORIENTED_EDGE ( 'NONE', *, *, #3937, .F. ) ;
#4862 = ADVANCED_FACE ( 'NONE', ( #2742 ), #4337, .F. ) ;
#4863 = VECTOR ( 'NONE', #1940, 1000.000000000000000 ) ;
#4864 = EDGE_CURVE ( 'NONE', #2959, #1869, #2391, .T. ) ;
#4865 = ORIENTED_EDGE ( 'NONE', *, *, #2904, .T. ) ;
#4866 = EDGE_CURVE ( 'NONE', #4542, #2136, #4164, .T. ) ;
#4867 = CARTESIAN_POINT ( 'NONE',  ( 13.50000000000000178, -10.75174404457249544, 0.000000000000000000 ) ) ;
#4868 = VECTOR ( 'NONE', #4137, 1000.000000000000000 ) ;
#4869 = CARTESIAN_POINT ( 'NONE',  ( 16.70419109086099496, 5.999999999999998224, 4.099999999999997868 ) ) ;
#4870 = DIRECTION ( 'NONE',  ( -0.000000000000000000, 1.000000000000000000, -0.000000000000000000 ) ) ;
#4871 = VECTOR ( 'NONE', #1643, 1000.000000000000000 ) ;
#4872 = ORIENTED_EDGE ( 'NONE', *, *, #2704, .T. ) ;
#4873 = DIRECTION ( 'NONE',  ( -1.000000000000000000, -1.235542393701589400E-16, 0.000000000000000000 ) ) ;
#4874 = LINE ( 'NONE', #1263, #2672 ) ;
#4875 = AXIS2_PLACEMENT_3D ( 'NONE', #1197, #4440, #2775 ) ;
#4876 = DIRECTION ( 'NONE',  ( 0.8660254037844440367, 1.070011100398217459E-16, -0.4999999999999905631 ) ) ;
#4877 = ORIENTED_EDGE ( 'NONE', *, *, #4772, .T. ) ;
#4878 = ORIENTED_EDGE ( 'NONE', *, *, #875, .T. ) ;
#4879 = DIRECTION ( 'NONE',  ( 1.235542393701589400E-16, -1.000000000000000000, -0.000000000000000000 ) ) ;
#4880 = ORIENTED_EDGE ( 'NONE', *, *, #337, .F. ) ;
#4881 = ORIENTED_EDGE ( 'NONE', *, *, #4072, .T. ) ;
#4882 = DIRECTION ( 'NONE',  ( -1.235542393701589400E-16, 1.000000000000000000, -0.000000000000000000 ) ) ;
#4883 = CARTESIAN_POINT ( 'NONE',  ( -9.954293994002471280, 5.599999999999996980, 9.841342951089877999 ) ) ;
#4884 = LINE ( 'NONE', #3818, #2214 ) ;
#4885 = ORIENTED_EDGE ( 'NONE', *, *, #4270, .F. ) ;
#4886 = VERTEX_POINT ( 'NONE', #2223 ) ;
#4887 = CARTESIAN_POINT ( 'NONE',  ( 10.30070415551617380, 5.999999999999997335, 9.641342951089947988 ) ) ;
#4888 = EDGE_CURVE ( 'NONE', #4714, #3082, #2045, .T. ) ;
#4889 = DIRECTION ( 'NONE',  ( -1.000000000000000000, 0.000000000000000000, 0.000000000000000000 ) ) ;
#4890 = EDGE_CURVE ( 'NONE', #1616, #1462, #2769, .T. ) ;
#4891 = FACE_OUTER_BOUND ( 'NONE', #4151, .T. ) ;
#4892 = APPROVAL_ROLE ( '' ) ;
#4893 = VECTOR ( 'NONE', #4286, 1000.000000000000000 ) ;
#4894 = EDGE_CURVE ( 'NONE', #1291, #3457, #3521, .T. ) ;
#4895 = LINE ( 'NONE', #898, #1706 ) ;
#4896 = AXIS2_PLACEMENT_3D ( 'NONE', #2747, #2396, #121 ) ;
#4897 = DIRECTION ( 'NONE',  ( 1.235542393701589400E-16, -1.000000000000000000, 0.000000000000000000 ) ) ;
#4898 = EDGE_CURVE ( 'NONE', #4209, #2845, #5120, .T. ) ;
#4899 = CYLINDRICAL_SURFACE ( 'NONE', #3693, 17.59999999999999787 ) ;
#4900 = EDGE_CURVE ( 'NONE', #4736, #2764, #4722, .T. ) ;
#4901 = DIRECTION ( 'NONE',  ( -0.000000000000000000, 1.000000000000000000, -3.697785493223492838E-32 ) ) ;
#4902 = DIRECTION ( 'NONE',  ( 1.235542393701589400E-16, -1.000000000000000000, 0.000000000000000000 ) ) ;
#4903 = VERTEX_POINT ( 'NONE', #4930 ) ;
#4904 = AXIS2_PLACEMENT_3D ( 'NONE', #422, #784, #3357 ) ;
#4905 = ORIENTED_EDGE ( 'NONE', *, *, #1569, .F. ) ;
#4906 = AXIS2_PLACEMENT_3D ( 'NONE', #3411, #5017, #1395 ) ;
#4907 = CARTESIAN_POINT ( 'NONE',  ( -2.965301744883810320E-16, 2.399999999999997691, 0.000000000000000000 ) ) ;
#4908 = DIRECTION ( 'NONE',  ( 8.659560562354936556E-17, -0.7071067811865473507, 0.7071067811865477948 ) ) ;
#4909 = FACE_OUTER_BOUND ( 'NONE', #315, .T. ) ;
#4910 = AXIS2_PLACEMENT_3D ( 'NONE', #2110, #892, #4103 ) ;
#4911 = ORIENTED_EDGE ( 'NONE', *, *, #5124, .F. ) ;
#4912 = VERTEX_POINT ( 'NONE', #901 ) ;
#4913 = VECTOR ( 'NONE', #4813, 1000.000000000000000 ) ;
#4914 = VECTOR ( 'NONE', #3940, 1000.000000000000000 ) ;
#4915 = CARTESIAN_POINT ( 'NONE',  ( 13.50000000000000000, 5.600000000000000533, -3.700000000000000178 ) ) ;
#4916 = CARTESIAN_POINT ( 'NONE',  ( -11.55638953943280356, -12.38689838640490137, -12.61625383435542247 ) ) ;
#4917 = DIRECTION ( 'NONE',  ( -1.235542393701589400E-16, 1.000000000000000000, -1.155557966632371618E-33 ) ) ;
#4918 = ORIENTED_EDGE ( 'NONE', *, *, #1165, .F. ) ;
#4919 = VECTOR ( 'NONE', #383, 1000.000000000000000 ) ;
#4920 = EDGE_LOOP ( 'NONE', ( #2155, #2417, #4430, #3335 ) ) ;
#4921 = VECTOR ( 'NONE', #5112, 1000.000000000000000 ) ;
#4922 = DIRECTION ( 'NONE',  ( 0.000000000000000000, 0.000000000000000000, -1.000000000000000000 ) ) ;
#4923 = DIRECTION ( 'NONE',  ( 1.235542393701589400E-16, -1.000000000000000000, 0.000000000000000000 ) ) ;
#4924 = EDGE_CURVE ( 'NONE', #2992, #123, #4668, .T. ) ;
#4925 = DIRECTION ( 'NONE',  ( 0.000000000000000000, 0.000000000000000000, -1.000000000000000000 ) ) ;
#4926 = DIRECTION ( 'NONE',  ( 0.4999999999999995004, 6.177711968507939605E-17, -0.8660254037844389297 ) ) ;
#4927 = DIRECTION ( 'NONE',  ( -1.235542393701589400E-16, 1.000000000000000000, -0.000000000000000000 ) ) ;
#4928 = DIRECTION ( 'NONE',  ( -0.000000000000000000, 1.000000000000000000, -0.000000000000000000 ) ) ;
#4929 = EDGE_CURVE ( 'NONE', #682, #7, #2720, .T. ) ;
#4930 = CARTESIAN_POINT ( 'NONE',  ( -11.55638953943298119, 2.399999999999995914, 12.61625383435526260 ) ) ;
#4931 = FACE_OUTER_BOUND ( 'NONE', #1808, .T. ) ;
#4932 = EDGE_LOOP ( 'NONE', ( #2588, #786, #1195, #4522 ) ) ;
#4933 = ADVANCED_FACE ( 'NONE', ( #4464 ), #3305, .F. ) ;
#4934 = EDGE_CURVE ( 'NONE', #4701, #3905, #803, .T. ) ;
#4935 = ORIENTED_EDGE ( 'NONE', *, *, #2933, .F. ) ;
#4936 = DIRECTION ( 'NONE',  ( -1.000000000000000000, -1.232047923278981706E-16, -4.440892098500626162E-15 ) ) ;
#4937 = PLANE ( 'NONE',  #1411 ) ;
#4938 = ADVANCED_FACE ( 'NONE', ( #1313 ), #855, .F. ) ;
#4939 = FACE_BOUND ( 'NONE', #493, .T. ) ;
#4940 = ORIENTED_EDGE ( 'NONE', *, *, #2194, .F. ) ;
#4941 = EDGE_LOOP ( 'NONE', ( #4581, #1437, #3428, #1143 ) ) ;
#4942 = AXIS2_PLACEMENT_3D ( 'NONE', #3798, #3380, #4925 ) ;
#4943 = DIRECTION ( 'NONE',  ( -1.235542393701589400E-16, 1.000000000000000000, -0.000000000000000000 ) ) ;
#4944 = CIRCLE ( 'NONE', #415, 17.60000000000000853 ) ;
#4945 = LINE ( 'NONE', #3316, #3243 ) ;
#4946 = DIRECTION ( 'NONE',  ( 0.8660254037844327124, 0.000000000000000000, 0.5000000000000101030 ) ) ;
#4947 = VERTEX_POINT ( 'NONE', #2098 ) ;
#4948 = ORIENTED_EDGE ( 'NONE', *, *, #500, .F. ) ;
#4949 = VECTOR ( 'NONE', #1707, 1000.000000000000000 ) ;
#4950 = CARTESIAN_POINT ( 'NONE',  ( 1.405143504659692063E-15, 5.600000000000000533, 0.000000000000000000 ) ) ;
#4951 = DIRECTION ( 'NONE',  ( 0.5000000000000075495, 6.177711968508040678E-17, -0.8660254037844342667 ) ) ;
#4952 = DIRECTION ( 'NONE',  ( -0.000000000000000000, 1.000000000000000000, -0.000000000000000000 ) ) ;
#4953 = VECTOR ( 'NONE', #226, 1000.000000000000000 ) ;
#4954 = ORIENTED_EDGE ( 'NONE', *, *, #3783, .T. ) ;
#4955 = CARTESIAN_POINT ( 'NONE',  ( -6.750000000000053291, -12.38689838640492624, 11.69134295108989363 ) ) ;
#4956 = AXIS2_PLACEMENT_3D ( 'NONE', #1123, #2299, #4346 ) ;
#4957 = CARTESIAN_POINT ( 'NONE',  ( 9.954293994002402002, -12.38689838640490848, 9.841342951089945501 ) ) ;
#4958 = CARTESIAN_POINT ( 'NONE',  ( 4.801391389914261509, 5.600000000000000533, 16.51625383435532868 ) ) ;
#4959 = DIRECTION ( 'NONE',  ( -1.235542393701589400E-16, 1.000000000000000000, -0.000000000000000000 ) ) ;
#4960 = CARTESIAN_POINT ( 'NONE',  ( -16.70419109086099496, 16.97268548471243221, 4.100000000000000533 ) ) ;
#4961 = CIRCLE ( 'NONE', #3630, 1.699999999999998401 ) ;
#4962 = ORIENTED_EDGE ( 'NONE', *, *, #1094, .F. ) ;
#4963 = ORIENTED_EDGE ( 'NONE', *, *, #403, .T. ) ;
#4964 = CARTESIAN_POINT ( 'NONE',  ( -11.90279970094658246, 5.599999999999998757, -12.41625383435542496 ) ) ;
#4965 = VECTOR ( 'NONE', #4655, 1000.000000000000000 ) ;
#4966 = FACE_OUTER_BOUND ( 'NONE', #85, .T. ) ;
#4967 = ADVANCED_FACE ( 'NONE', ( #4850 ), #1217, .F. ) ;
#4968 = DIRECTION ( 'NONE',  ( 0.000000000000000000, 0.000000000000000000, -1.000000000000000000 ) ) ;
#4969 = ADVANCED_FACE ( 'NONE', ( #2869 ), #2456, .T. ) ;
#4970 = VERTEX_POINT ( 'NONE', #2514 ) ;
#4971 = VECTOR ( 'NONE', #624, 1000.000000000000000 ) ;
#4972 = ADVANCED_FACE ( 'NONE', ( #3650 ), #831, .T. ) ;
#4973 = ORIENTED_EDGE ( 'NONE', *, *, #52, .F. ) ;
#4974 = FACE_OUTER_BOUND ( 'NONE', #2295, .T. ) ;
#4975 = FACE_OUTER_BOUND ( 'NONE', #1266, .T. ) ;
#4976 = FACE_OUTER_BOUND ( 'NONE', #2366, .T. ) ;
#4977 = ORIENTED_EDGE ( 'NONE', *, *, #1383, .T. ) ;
#4978 = ORIENTED_EDGE ( 'NONE', *, *, #2962, .T. ) ;
#4979 = CARTESIAN_POINT ( 'NONE',  ( 7.282507227558705044E-16, 4.600000000000007638, 13.00000000000000000 ) ) ;
#4980 = CARTESIAN_POINT ( 'NONE',  ( -1.145832113344077952E-15, 3.600000000000000089, -9.766838492538095551 ) ) ;
#4981 = LINE ( 'NONE', #2947, #2244 ) ;
#4982 = VERTEX_POINT ( 'NONE', #2922 ) ;
#4983 = CARTESIAN_POINT ( 'NONE',  ( 8.458330249197713258, 3.600000000000000977, -4.883419246269028235 ) ) ;
#4984 = CYLINDRICAL_SURFACE ( 'NONE', #5108, 1.699999999999998401 ) ;
#4985 = DIRECTION ( 'NONE',  ( 1.000000000000000000, 1.008560160451632098E-16, -1.776356839400250465E-15 ) ) ;
#4986 = CARTESIAN_POINT ( 'NONE',  ( -12.17960899631762040, 2.399999999999996358, 12.70500392352632346 ) ) ;
#4987 = ORIENTED_EDGE ( 'NONE', *, *, #5151, .T. ) ;
#4988 = EDGE_LOOP ( 'NONE', ( #3255, #1022, #223 ) ) ;
#4989 = DIRECTION ( 'NONE',  ( 0.4999999999999980016, 0.000000000000000000, 0.8660254037844397068 ) ) ;
#4990 = DIRECTION ( 'NONE',  ( -0.1973893262173971597, 0.7071067811865465735, 0.6789973887250547735 ) ) ;
#4991 = LINE ( 'NONE', #720, #1509 ) ;
#4992 = EDGE_CURVE ( 'NONE', #3115, #1689, #2438, .T. ) ;
#4993 = ORIENTED_EDGE ( 'NONE', *, *, #2150, .T. ) ;
#4994 = EDGE_LOOP ( 'NONE', ( #1174, #1065 ) ) ;
#4995 = CARTESIAN_POINT ( 'NONE',  ( 4.801391389914493324, 5.600000000000000533, -16.51625383435526118 ) ) ;
#4996 = ADVANCED_FACE ( 'NONE', ( #2894 ), #4117, .F. ) ;
#4997 = CARTESIAN_POINT ( 'NONE',  ( 11.25833024919767311, 5.999999999999998224, 6.500000000000052403 ) ) ;
#4998 = CARTESIAN_POINT ( 'NONE',  ( 7.699999999999999289, 5.999999999999997335, -4.099999999999997868 ) ) ;
#4999 = ORIENTED_EDGE ( 'NONE', *, *, #1318, .T. ) ;
#5000 = ORIENTED_EDGE ( 'NONE', *, *, #2347, .T. ) ;
#5001 = VECTOR ( 'NONE', #4917, 1000.000000000000000 ) ;
#5002 = EDGE_CURVE ( 'NONE', #1915, #708, #2004, .T. ) ;
#5003 = ADVANCED_FACE ( 'NONE', ( #461, #1655 ), #2027, .T. ) ;
#5004 = DIRECTION ( 'NONE',  ( -1.000000000000000000, 0.000000000000000000, 0.000000000000000000 ) ) ;
#5005 = CARTESIAN_POINT ( 'NONE',  ( 2.562415898789336729E-16, 3.600000000000000089, 9.766838492538095551 ) ) ;
#5006 = EDGE_CURVE ( 'NONE', #4970, #3633, #2819, .T. ) ;
#5007 = DIRECTION ( 'NONE',  ( 1.000000000000000000, 1.235542393701589400E-16, 0.000000000000000000 ) ) ;
#5008 = VECTOR ( 'NONE', #2364, 1000.000000000000000 ) ;
#5009 = ORIENTED_EDGE ( 'NONE', *, *, #280, .F. ) ;
#5010 = VECTOR ( 'NONE', #766, 999.9999999999998863 ) ;
#5011 = AXIS2_PLACEMENT_3D ( 'NONE', #5037, #4251, #2680 ) ;
#5012 = LINE ( 'NONE', #2148, #3497 ) ;
#5013 = CIRCLE ( 'NONE', #3668, 17.60000000000000853 ) ;
#5014 = CYLINDRICAL_SURFACE ( 'NONE', #1634, 7.699999999999997513 ) ;
#5015 = CYLINDRICAL_SURFACE ( 'NONE', #4622, 1.699999999999999289 ) ;
#5016 = CONICAL_SURFACE ( 'NONE', #2135, 0.3999999999999975797, 0.7853981633974483900 ) ;
#5017 = DIRECTION ( 'NONE',  ( 1.235542393701589400E-16, -1.000000000000000000, 0.000000000000000000 ) ) ;
#5018 = ORIENTED_EDGE ( 'NONE', *, *, #3632, .T. ) ;
#5019 = EDGE_LOOP ( 'NONE', ( #2044, #687, #3132, #522 ) ) ;
#5020 = CARTESIAN_POINT ( 'NONE',  ( 1.405143504659692260E-15, 5.599999999999998757, 0.000000000000000000 ) ) ;
#5021 = FACE_BOUND ( 'NONE', #3820, .T. ) ;
#5022 = DIRECTION ( 'NONE',  ( -0.000000000000000000, 0.000000000000000000, 1.000000000000000000 ) ) ;
#5023 = ORIENTED_EDGE ( 'NONE', *, *, #2904, .F. ) ;
#5024 = ORIENTED_EDGE ( 'NONE', *, *, #105, .T. ) ;
#5025 = CARTESIAN_POINT ( 'NONE',  ( -12.17960899631761329, 5.599999999999998757, 12.70500392352631458 ) ) ;
#5026 = CARTESIAN_POINT ( 'NONE',  ( -8.458330249197747008, 3.599999999999999201, 4.883419246268969616 ) ) ;
#5027 = DIRECTION ( 'NONE',  ( -0.8660254037844378194, -1.070011100398209694E-16, -0.5000000000000014433 ) ) ;
#5028 = VERTEX_POINT ( 'NONE', #4090 ) ;
#5029 = VERTEX_POINT ( 'NONE', #2070 ) ;
#5030 = EDGE_CURVE ( 'NONE', #3601, #2822, #97, .T. ) ;
#5031 = FACE_OUTER_BOUND ( 'NONE', #333, .T. ) ;
#5032 = DIRECTION ( 'NONE',  ( 1.235542393701589400E-16, -1.000000000000000000, -0.000000000000000000 ) ) ;
#5033 = CYLINDRICAL_SURFACE ( 'NONE', #2917, 2.149999999999999023 ) ;
#5034 = EDGE_CURVE ( 'NONE', #447, #3120, #1693, .T. ) ;
#5035 = ORIENTED_EDGE ( 'NONE', *, *, #2743, .F. ) ;
#5036 = VECTOR ( 'NONE', #2594, 1000.000000000000114 ) ;
#5038 = EDGE_CURVE ( 'NONE', #4068, #4028, #3751, .T. ) ;
#5037 = CARTESIAN_POINT ( 'NONE',  ( -6.750000000000055955, -9.107298248878237246E-15, 11.69134295108989363 ) ) ;
#5039 = DIRECTION ( 'NONE',  ( 1.235542393701589400E-16, -1.000000000000000000, 0.000000000000000000 ) ) ;
#5040 = VECTOR ( 'NONE', #3782, 999.9999999999998863 ) ;
#5041 = LINE ( 'NONE', #2541, #258 ) ;
#5042 = LINE ( 'NONE', #954, #4412 ) ;
#5043 = EDGE_LOOP ( 'NONE', ( #1092, #2401, #4973, #4318 ) ) ;
#5044 = AXIS2_PLACEMENT_3D ( 'NONE', #4462, #1629, #1216 ) ;
#5045 = EDGE_LOOP ( 'NONE', ( #2583, #3804, #1604, #1741 ) ) ;
#5046 = DIRECTION ( 'NONE',  ( -1.235542393701589400E-16, 1.000000000000000000, -0.000000000000000000 ) ) ;
#5047 = LINE ( 'NONE', #934, #1998 ) ;
#5048 = VECTOR ( 'NONE', #1854, 1000.000000000000000 ) ;
#5049 = FACE_OUTER_BOUND ( 'NONE', #202, .T. ) ;
#5050 = EDGE_LOOP ( 'NONE', ( #4243, #3177, #2313, #1499 ) ) ;
#5051 = EDGE_LOOP ( 'NONE', ( #424, #2088, #3737, #2694, #3386, #963 ) ) ;
#5052 = AXIS2_PLACEMENT_3D ( 'NONE', #2058, #4494, #3289 ) ;
#5053 = DIRECTION ( 'NONE',  ( 0.000000000000000000, -1.000000000000000000, 0.000000000000000000 ) ) ;
#5054 = CARTESIAN_POINT ( 'NONE',  ( 11.25833024919771042, 3.600000000000001421, -3.266838492538072458 ) ) ;
#5055 = CARTESIAN_POINT ( 'NONE',  ( -11.25833024919776193, 4.600000000000006750, 8.199999999999894484 ) ) ;
#5056 = ORIENTED_EDGE ( 'NONE', *, *, #4803, .T. ) ;
#5057 = EDGE_LOOP ( 'NONE', ( #21, #1243 ) ) ;
#5058 = CARTESIAN_POINT ( 'NONE',  ( -6.750000000000055955, 2.399999999999996803, 11.69134295108989363 ) ) ;
#5059 = CARTESIAN_POINT ( 'NONE',  ( -14.05833024919764540, 3.599999999999998312, -4.883419246269209424 ) ) ;
#5060 = DIRECTION ( 'NONE',  ( 0.000000000000000000, 0.000000000000000000, 1.000000000000000000 ) ) ;
#5061 = EDGE_LOOP ( 'NONE', ( #548, #2112, #3311, #2319 ) ) ;
#5062 = FACE_OUTER_BOUND ( 'NONE', #1754, .T. ) ;
#5063 = CARTESIAN_POINT ( 'NONE',  ( 13.50000000000000000, 5.600000000000000533, 0.000000000000000000 ) ) ;
#5064 = DIRECTION ( 'NONE',  ( -1.000000000000000000, -1.235542393701589400E-16, -1.171285290979539992E-14 ) ) ;
#5065 = LINE ( 'NONE', #3803, #1532 ) ;
#5066 = ADVANCED_FACE ( 'NONE', ( #1343 ), #618, .F. ) ;
#5067 = EDGE_LOOP ( 'NONE', ( #4201, #1300, #3443, #1683 ) ) ;
#5068 = ORIENTED_EDGE ( 'NONE', *, *, #2571, .T. ) ;
#5069 = ADVANCED_FACE ( 'NONE', ( #2572 ), #293, .T. ) ;
#5070 = ADVANCED_FACE ( 'NONE', ( #3832 ), #1058, .T. ) ;
#5071 = LINE ( 'NONE', #2309, #3083 ) ;
#5072 = LINE ( 'NONE', #3091, #3354 ) ;
#5073 = ORIENTED_EDGE ( 'NONE', *, *, #2804, .F. ) ;
#5074 = ORIENTED_EDGE ( 'NONE', *, *, #3490, .F. ) ;
#5075 = CARTESIAN_POINT ( 'NONE',  ( -14.05833024919774488, 3.599999999999998312, 4.883419246268918101 ) ) ;
#5076 = DIRECTION ( 'NONE',  ( 0.000000000000000000, 0.000000000000000000, 1.000000000000000000 ) ) ;
#5077 = ORIENTED_EDGE ( 'NONE', *, *, #5164, .F. ) ;
#5078 = ORIENTED_EDGE ( 'NONE', *, *, #2467, .T. ) ;
#5079 = DIRECTION ( 'NONE',  ( 0.000000000000000000, 0.000000000000000000, 1.000000000000000000 ) ) ;
#5080 = DIRECTION ( 'NONE',  ( 0.000000000000000000, 0.000000000000000000, -1.000000000000000000 ) ) ;
#5081 = CARTESIAN_POINT ( 'NONE',  ( -11.25833024919762870, 5.999999999999994671, -4.800000000000131273 ) ) ;
#5082 = EDGE_LOOP ( 'NONE', ( #488, #4885, #543, #31, #1193 ) ) ;
#5083 = CIRCLE ( 'NONE', #2715, 1.699999999999997513 ) ;
#5084 = CARTESIAN_POINT ( 'NONE',  ( -6.749999999999892530, 5.599999999999996980, -11.69134295108998245 ) ) ;
#5085 = AXIS2_PLACEMENT_3D ( 'NONE', #3246, #2429, #1547 ) ;
#5086 = EDGE_CURVE ( 'NONE', #1059, #83, #1282, .T. ) ;
#5087 = DIRECTION ( 'NONE',  ( 0.000000000000000000, 0.000000000000000000, 1.000000000000000000 ) ) ;
#5088 = VECTOR ( 'NONE', #1948, 1000.000000000000000 ) ;
#5089 = CARTESIAN_POINT ( 'NONE',  ( -4.913051654795874690, 5.599999999999998757, -16.90035276073572135 ) ) ;
#5090 = PERSON_AND_ORGANIZATION ( #5175, #124 ) ;
#5091 = ORIENTED_EDGE ( 'NONE', *, *, #1960, .T. ) ;
#5092 = APPROVAL ( #4694, 'UNSPECIFIED' ) ;
#5093 = DIRECTION ( 'NONE',  ( -1.000000000000000000, -1.172110456741085828E-16, -9.376883653928686624E-16 ) ) ;
#5094 = DIRECTION ( 'NONE',  ( 1.235542393701589400E-16, -1.000000000000000000, -0.000000000000000000 ) ) ;
#5095 = EDGE_CURVE ( 'NONE', #3919, #3257, #1760, .T. ) ;
#5096 = EDGE_CURVE ( 'NONE', #1851, #36, #2238, .T. ) ;
#5097 = ORIENTED_EDGE ( 'NONE', *, *, #1832, .F. ) ;
#5098 = EDGE_LOOP ( 'NONE', ( #4684, #681, #368, #2609 ) ) ;
#5099 = EDGE_CURVE ( 'NONE', #4133, #4098, #4670, .T. ) ;
#5100 = PLANE ( 'NONE',  #4633 ) ;
#5101 = AXIS2_PLACEMENT_3D ( 'NONE', #4342, #1074, #4704 ) ;
#5102 = CARTESIAN_POINT ( 'NONE',  ( -5.147801551428151434, 5.600000000000000533, 16.31625383435529386 ) ) ;
#5103 = AXIS2_PLACEMENT_3D ( 'NONE', #1750, #2230, #1439 ) ;
#5104 = VERTEX_POINT ( 'NONE', #3861 ) ;
#5105 = ORIENTED_EDGE ( 'NONE', *, *, #1862, .T. ) ;
#5106 = CARTESIAN_POINT ( 'NONE',  ( -13.50000000000000178, 5.599999999999996980, -3.700000000000000178 ) ) ;
#5107 = LINE ( 'NONE', #3460, #2678 ) ;
#5108 = AXIS2_PLACEMENT_3D ( 'NONE', #1363, #3408, #4326 ) ;
#5109 = CARTESIAN_POINT ( 'NONE',  ( 7.699999999999999289, 5.999999999999997335, -4.099999999999997868 ) ) ;
#5110 = CIRCLE ( 'NONE', #3518, 2.700000000000000622 ) ;
#5111 = ORIENTED_EDGE ( 'NONE', *, *, #1645, .T. ) ;
#5112 = DIRECTION ( 'NONE',  ( -1.104671909502030758E-14, -1.349691705026574886E-30, 1.000000000000000000 ) ) ;
#5113 = CARTESIAN_POINT ( 'NONE',  ( -6.750000000000055955, -9.107298248878237246E-15, 9.541342951089893276 ) ) ;
#5114 = CARTESIAN_POINT ( 'NONE',  ( -16.70419109086099496, 5.599999999999996980, -3.700000000000000178 ) ) ;
#5115 = AXIS2_PLACEMENT_3D ( 'NONE', #3928, #4276, #4321 ) ;
#5116 = CARTESIAN_POINT ( 'NONE',  ( 9.800000000000000711, -10.75174404457249544, 0.000000000000000000 ) ) ;
#5117 = VERTEX_POINT ( 'NONE', #4986 ) ;
#5118 = LINE ( 'NONE', #285, #4600 ) ;
#5119 = CARTESIAN_POINT ( 'NONE',  ( 9.954293994002400225, 2.399999999999997691, 9.841342951089945501 ) ) ;
#5120 = LINE ( 'NONE', #1503, #3413 ) ;
#5121 = VECTOR ( 'NONE', #3487, 1000.000000000000000 ) ;
#5122 = ORIENTED_EDGE ( 'NONE', *, *, #3887, .F. ) ;
#5123 = ORIENTED_EDGE ( 'NONE', *, *, #2226, .F. ) ;
#5124 = EDGE_CURVE ( 'NONE', #2134, #2899, #2952, .T. ) ;
#5125 = AXIS2_PLACEMENT_3D ( 'NONE', #1602, #3220, #5171 ) ;
#5126 = ADVANCED_FACE ( 'NONE', ( #594 ), #2978, .F. ) ;
#5127 = CARTESIAN_POINT ( 'NONE',  ( -8.458330249197645756, -1.045062560281222008E-15, -4.883419246269145475 ) ) ;
#5128 = CARTESIAN_POINT ( 'NONE',  ( -14.05833024919760810, 3.599999999999998312, -8.116580753731112097 ) ) ;
#5129 = EDGE_CURVE ( 'NONE', #1901, #682, #256, .T. ) ;
#5130 = ORIENTED_EDGE ( 'NONE', *, *, #560, .F. ) ;
#5131 = ORIENTED_EDGE ( 'NONE', *, *, #2738, .T. ) ;
#5132 = EDGE_CURVE ( 'NONE', #4469, #1375, #5042, .T. ) ;
#5133 = LINE ( 'NONE', #1122, #4913 ) ;
#5134 = VECTOR ( 'NONE', #2368, 1000.000000000000114 ) ;
#5135 = DIRECTION ( 'NONE',  ( 0.8660254037844382635, 1.070011100398210310E-16, -0.5000000000000005551 ) ) ;
#5136 = CARTESIAN_POINT ( 'NONE',  ( -3.545706005997641075, 5.600000000000000533, 13.54134295108990749 ) ) ;
#5137 = ORIENTED_EDGE ( 'NONE', *, *, #4934, .F. ) ;
#5138 = VECTOR ( 'NONE', #3010, 1000.000000000000000 ) ;
#5139 = LINE ( 'NONE', #3136, #1060 ) ;
#5140 = DIRECTION ( 'NONE',  ( -0.8660254037844385966, 0.000000000000000000, 0.5000000000000000000 ) ) ;
#5141 = CARTESIAN_POINT ( 'NONE',  ( 13.50000000000000000, 2.399999999999999467, 0.000000000000000000 ) ) ;
#5142 = DIRECTION ( 'NONE',  ( -1.235542393701589400E-16, 1.000000000000000000, -0.000000000000000000 ) ) ;
#5143 = PERSON_AND_ORGANIZATION_ROLE ( 'creator' ) ;
#5144 = EDGE_LOOP ( 'NONE', ( #4289, #4978 ) ) ;
#5145 = DIRECTION ( 'NONE',  ( -1.235542393701589400E-16, 1.000000000000000000, -0.000000000000000000 ) ) ;
#5146 = CARTESIAN_POINT ( 'NONE',  ( 1.058905358525656765E-15, 3.600000000000000089, 15.70000000000000639 ) ) ;
#5147 = CARTESIAN_POINT ( 'NONE',  ( -16.70419109086099496, 5.599999999999996980, 4.100000000000000533 ) ) ;
#5148 = AXIS2_PLACEMENT_3D ( 'NONE', #3960, #4819, #1208 ) ;
#5149 = ORIENTED_EDGE ( 'NONE', *, *, #470, .F. ) ;
#5150 = ORIENTED_EDGE ( 'NONE', *, *, #3745, .T. ) ;
#5151 = EDGE_CURVE ( 'NONE', #4468, #990, #5065, .T. ) ;
#5152 = VECTOR ( 'NONE', #3021, 1000.000000000000000 ) ;
#5153 = CARTESIAN_POINT ( 'NONE',  ( -11.25833024919776193, 3.599999999999998757, 6.499999999999895195 ) ) ;
#5154 = DIRECTION ( 'NONE',  ( 0.000000000000000000, -0.7071067811865474617, 0.7071067811865474617 ) ) ;
#5155 = ORIENTED_EDGE ( 'NONE', *, *, #244, .F. ) ;
#5156 = EDGE_LOOP ( 'NONE', ( #4954, #1014, #109, #3911 ) ) ;
#5157 = AXIS2_PLACEMENT_3D ( 'NONE', #4509, #4902, #541 ) ;
#5158 = EDGE_CURVE ( 'NONE', #4202, #487, #4172, .T. ) ;
#5159 = DIRECTION ( 'NONE',  ( -1.235542393701589400E-16, 1.000000000000000000, -0.000000000000000000 ) ) ;
#5160 = CARTESIAN_POINT ( 'NONE',  ( 6.749999999999973355, 5.600000000000000533, 11.69134295108993804 ) ) ;
#5161 = CARTESIAN_POINT ( 'NONE',  ( -6.750000000000055955, 5.599999999999996980, 11.69134295108989363 ) ) ;
#5162 = VERTEX_POINT ( 'NONE', #568 ) ;
#5163 = ADVANCED_FACE ( 'NONE', ( #4592, #2183 ), #983, .T. ) ;
#5164 = EDGE_CURVE ( 'NONE', #2636, #4209, #1708, .T. ) ;
#5165 = ORIENTED_EDGE ( 'NONE', *, *, #628, .T. ) ;
#5166 = AXIS2_PLACEMENT_3D ( 'NONE', #1037, #650, #4619 ) ;
#5167 = CONICAL_SURFACE ( 'NONE', #2801, 0.3999999999999975797, 0.7853981633974496113 ) ;
#5168 = CARTESIAN_POINT ( 'NONE',  ( -17.09266065111359012, 2.399999999999995470, 4.195348837209306403 ) ) ;
#5169 = EDGE_CURVE ( 'NONE', #1098, #2772, #3909, .T. ) ;
#5170 = CARTESIAN_POINT ( 'NONE',  ( 11.90279970094666950, 5.600000000000000533, 12.41625383435534857 ) ) ;
#5171 = DIRECTION ( 'NONE',  ( 0.000000000000000000, 0.000000000000000000, 1.000000000000000000 ) ) ;
#5172 = DIRECTION ( 'NONE',  ( -0.000000000000000000, 1.000000000000000000, -0.000000000000000000 ) ) ;
#5173 = AXIS2_PLACEMENT_3D ( 'NONE', #3903, #4713, #1905 ) ;
#5174 = PERSON_AND_ORGANIZATION_ROLE ( 'creator' ) ;
#5175 = PERSON ( 'UNSPECIFIED', 'UNSPECIFIED', 'UNSPECIFIED', ('UNSPECIFIED'), ('UNSPECIFIED'), ('UNSPECIFIED') ) ;
#5176 = VERTEX_POINT ( 'NONE', #4797 ) ;
#5177 = AXIS2_PLACEMENT_3D ( 'NONE', #3290, #2501, #1303 ) ;
#5178 = DIRECTION ( 'NONE',  ( -1.000000000000000000, -1.126443815569355647E-16, 0.000000000000000000 ) ) ;
#5179 = CARTESIAN_POINT ( 'NONE',  ( -8.458330249197775430, -1.045062560281237983E-15, 8.116580753730872289 ) ) ;
#5180 = DIRECTION ( 'NONE',  ( 1.235542393701589400E-16, -1.000000000000000000, 0.000000000000000000 ) ) ;
#5181 = AXIS2_PLACEMENT_3D ( 'NONE', #4047, #4901, #4485 ) ;
#5182 = EDGE_LOOP ( 'NONE', ( #3863, #4488, #1967, #3307 ) ) ;
#5183 = EDGE_LOOP ( 'NONE', ( #3517, #192, #1984, #2601 ) ) ;
#5184 = DIRECTION ( 'NONE',  ( 0.000000000000000000, 0.000000000000000000, -1.000000000000000000 ) ) ;
#5185 = FACE_OUTER_BOUND ( 'NONE', #4235, .T. ) ;
#5186 = VERTEX_POINT ( 'NONE', #1497 ) ;
#5187 = ORIENTED_EDGE ( 'NONE', *, *, #3974, .F. ) ;
#5188 = DIRECTION ( 'NONE',  ( 0.000000000000000000, 0.7071067811865474617, 0.7071067811865474617 ) ) ;
#5189 = FACE_OUTER_BOUND ( 'NONE', #152, .T. ) ;
#5190 = DIRECTION ( 'NONE',  ( 0.4999999999999980016, 6.177711968507922348E-17, 0.8660254037844398178 ) ) ;
#5191 = ORIENTED_EDGE ( 'NONE', *, *, #853, .F. ) ;
#5192 = ORIENTED_EDGE ( 'NONE', *, *, #5158, .T. ) ;
#5193 = DIRECTION ( 'NONE',  ( 1.235542393701589400E-16, -1.000000000000000000, 0.000000000000000000 ) ) ;
#5194 = FACE_BOUND ( 'NONE', #1847, .T. ) ;
#5195 = ADVANCED_FACE ( 'NONE', ( #3988 ), #2264, .F. ) ;
#5196 = DIRECTION ( 'NONE',  ( -0.8660254037844390407, -1.070011100398211296E-16, -0.4999999999999993339 ) ) ;
#5197 = EDGE_CURVE ( 'NONE', #2315, #3754, #1472, .T. ) ;
#5198 = CARTESIAN_POINT ( 'NONE',  ( -11.90279970094658424, 16.97268548471243577, -12.41625383435542496 ) ) ;
#5199 = EDGE_CURVE ( 'NONE', #1059, #1841, #3600, .T. ) ;
#5200 = EDGE_LOOP ( 'NONE', ( #1929, #2590 ) ) ;
#5201 = DIRECTION ( 'NONE',  ( -0.5000000000000039968, -6.177711968507993839E-17, 0.8660254037844363761 ) ) ;
#5202 = CIRCLE ( 'NONE', #3860, 2.149999999999999023 ) ;
#5203 = DIRECTION ( 'NONE',  ( -1.235542393701589400E-16, 1.000000000000000000, -0.000000000000000000 ) ) ;
#5204 = CARTESIAN_POINT ( 'NONE',  ( 6.749999999999973355, 2.399999999999998579, 13.84134295108993840 ) ) ;
ENDSEC;
END-ISO-10303-21;
