ISO-10303-21;
HEADER;
FILE_DESCRIPTION (( 'STEP AP203' ),
    '1' );
FILE_NAME ('InRunnerLowerCarrierPlate.STEP',
    '2026-02-26T13:22:09',
    ( '' ),
    ( '' ),
    'SwSTEP 2.0',
    'SolidWorks 2024',
    '' );
FILE_SCHEMA (( 'CONFIG_CONTROL_DESIGN' ));
ENDSEC;

DATA;
#1 = EDGE_CURVE ( 'NONE', #372, #982, #988, .T. ) ;
#2 = EDGE_LOOP ( 'NONE', ( #767, #1209, #1671, #1250 ) ) ;
#3 = DIRECTION ( 'NONE',  ( -0.8660254037844363761, 0.000000000000000000, -0.5000000000000039968 ) ) ;
#4 = VECTOR ( 'NONE', #228, 1000.000000000000114 ) ;
#5 = VERTEX_POINT ( 'NONE', #653 ) ;
#6 = EDGE_CURVE ( 'NONE', #1362, #622, #1271, .T. ) ;
#7 = DIRECTION ( 'NONE',  ( 1.000000000000000000, 0.000000000000000000, 0.000000000000000000 ) ) ;
#8 = DIRECTION ( 'NONE',  ( 0.4999999999999919509, -0.000000000000000000, 0.8660254037844433705 ) ) ;
#9 = VECTOR ( 'NONE', #1721, 1000.000000000000000 ) ;
#10 = CARTESIAN_POINT ( 'NONE',  ( -6.750000000000055067, 2.600000000000000089, 13.29134295108989150 ) ) ;
#11 = ADVANCED_FACE ( 'NONE', ( #802 ), #675, .F. ) ;
#12 = DIRECTION ( 'NONE',  ( 1.000000000000000000, -0.000000000000000000, 2.109423746787797427E-15 ) ) ;
#13 = ORIENTED_EDGE ( 'NONE', *, *, #1245, .F. ) ;
#14 = CARTESIAN_POINT ( 'NONE',  ( 9.550000000000117950, 2.600000000000000089, -10.07476219735885969 ) ) ;
#15 = ORIENTED_EDGE ( 'NONE', *, *, #1453, .T. ) ;
#16 = EDGE_CURVE ( 'NONE', #304, #1645, #1414, .T. ) ;
#17 = CARTESIAN_POINT ( 'NONE',  ( -3.949999999999878941, 2.600000000000000089, -13.30792370482091158 ) ) ;
#18 = VECTOR ( 'NONE', #719, 1000.000000000000227 ) ;
#19 = CARTESIAN_POINT ( 'NONE',  ( 6.750000000000135891, 2.600000000000000089, -11.69134295108984212 ) ) ;
#20 = VERTEX_POINT ( 'NONE', #1864 ) ;
#21 = ADVANCED_FACE ( 'NONE', ( #667 ), #509, .F. ) ;
#22 = DIRECTION ( 'NONE',  ( -0.000000000000000000, -1.000000000000000000, -0.000000000000000000 ) ) ;
#23 = VERTEX_POINT ( 'NONE', #1704 ) ;
#24 = VERTEX_POINT ( 'NONE', #84 ) ;
#25 = VECTOR ( 'NONE', #1639, 1000.000000000000000 ) ;
#26 = CIRCLE ( 'NONE', #1407, 1.599999999999998979 ) ;
#27 = VECTOR ( 'NONE', #503, 1000.000000000000114 ) ;
#28 = CYLINDRICAL_SURFACE ( 'NONE', #564, 1.599999999999998979 ) ;
#29 = CARTESIAN_POINT ( 'NONE',  ( -3.950000000000050804, 2.600000000000000089, 10.07476219735895384 ) ) ;
#30 = DIRECTION ( 'NONE',  ( -0.000000000000000000, -1.000000000000000000, -0.000000000000000000 ) ) ;
#31 = VERTEX_POINT ( 'NONE', #1116 ) ;
#32 = DIRECTION ( 'NONE',  ( -0.8660254037844387076, 0.000000000000000000, -0.4999999999999997224 ) ) ;
#33 = ORIENTED_EDGE ( 'NONE', *, *, #1755, .T. ) ;
#34 = CIRCLE ( 'NONE', #626, 8.099999999999999645 ) ;
#35 = CARTESIAN_POINT ( 'NONE',  ( -6.749999999999891642, 2.600000000000000089, -11.69134295108998245 ) ) ;
#36 = VECTOR ( 'NONE', #851, 1000.000000000000000 ) ;
#37 = DIRECTION ( 'NONE',  ( -0.000000000000000000, -1.000000000000000000, -0.000000000000000000 ) ) ;
#38 = ORIENTED_EDGE ( 'NONE', *, *, #1329, .T. ) ;
#39 = VERTEX_POINT ( 'NONE', #364 ) ;
#40 = FACE_OUTER_BOUND ( 'NONE', #717, .T. ) ;
#41 = VERTEX_POINT ( 'NONE', #1573 ) ;
#42 = EDGE_CURVE ( 'NONE', #1130, #411, #829, .T. ) ;
#43 = DIRECTION ( 'NONE',  ( -0.000000000000000000, -1.000000000000000000, -0.000000000000000000 ) ) ;
#44 = ORIENTED_EDGE ( 'NONE', *, *, #1046, .F. ) ;
#45 = LINE ( 'NONE', #640, #54 ) ;
#46 = CARTESIAN_POINT ( 'NONE',  ( 6.749999999999973355, 2.600000000000000089, 10.09134295108993840 ) ) ;
#47 = EDGE_CURVE ( 'NONE', #622, #1230, #1063, .T. ) ;
#48 = CARTESIAN_POINT ( 'NONE',  ( 9.549999999999966960, 2.600000000000000089, 13.30792370482089737 ) ) ;
#49 = DIRECTION ( 'NONE',  ( 0.000000000000000000, 0.000000000000000000, -1.000000000000000000 ) ) ;
#50 = CARTESIAN_POINT ( 'NONE',  ( 6.750000000000135891, 5.000000000000000000, -11.69134295108984212 ) ) ;
#51 = ORIENTED_EDGE ( 'NONE', *, *, #62, .F. ) ;
#52 = EDGE_CURVE ( 'NONE', #1765, #1647, #1125, .T. ) ;
#53 = CIRCLE ( 'NONE', #1618, 1.599999999999998979 ) ;
#54 = VECTOR ( 'NONE', #1241, 1000.000000000000000 ) ;
#55 = CARTESIAN_POINT ( 'NONE',  ( -6.750000000000040856, 0.000000000000000000, 8.458181443627990959 ) ) ;
#56 = LINE ( 'NONE', #1253, #1878 ) ;
#57 = ADVANCED_FACE ( 'NONE', ( #1722 ), #1406, .F. ) ;
#58 = FACE_BOUND ( 'NONE', #399, .T. ) ;
#59 = CARTESIAN_POINT ( 'NONE',  ( 0.000000000000000000, 5.000000000000000000, 0.000000000000000000 ) ) ;
#60 = VECTOR ( 'NONE', #1418, 1000.000000000000000 ) ;
#61 = DIRECTION ( 'NONE',  ( 0.000000000000000000, 0.000000000000000000, -1.000000000000000000 ) ) ;
#62 = EDGE_CURVE ( 'NONE', #1009, #639, #660, .T. ) ;
#63 = EDGE_CURVE ( 'NONE', #1259, #185, #371, .T. ) ;
#64 = DIRECTION ( 'NONE',  ( -0.000000000000000000, -1.000000000000000000, -0.000000000000000000 ) ) ;
#65 = FACE_OUTER_BOUND ( 'NONE', #1384, .T. ) ;
#66 = DIRECTION ( 'NONE',  ( -0.8660254037844397068, 0.000000000000000000, 0.4999999999999979461 ) ) ;
#67 = CARTESIAN_POINT ( 'NONE',  ( -6.750000000000055067, 2.600000000000000089, 11.69134295108989363 ) ) ;
#68 = VECTOR ( 'NONE', #1572, 1000.000000000000000 ) ;
#69 = DIRECTION ( 'NONE',  ( -0.8660254037844387076, 0.000000000000000000, -0.4999999999999998890 ) ) ;
#70 = ORIENTED_EDGE ( 'NONE', *, *, #1075, .T. ) ;
#71 = AXIS2_PLACEMENT_3D ( 'NONE', #1616, #1911, #1742 ) ;
#72 = EDGE_CURVE ( 'NONE', #1356, #850, #1264, .T. ) ;
#73 = PLANE ( 'NONE',  #1649 ) ;
#74 = LINE ( 'NONE', #81, #1274 ) ;
#75 = ADVANCED_FACE ( 'NONE', ( #1733 ), #1846, .T. ) ;
#76 = CARTESIAN_POINT ( 'NONE',  ( 9.550000000000117950, 0.000000000000000000, -10.07476219735885969 ) ) ;
#77 = PLANE ( 'NONE',  #1815 ) ;
#78 = CYLINDRICAL_SURFACE ( 'NONE', #803, 8.099999999999999645 ) ;
#79 = ADVANCED_FACE ( 'NONE', ( #1097, #1421 ), #77, .T. ) ;
#80 = CARTESIAN_POINT ( 'NONE',  ( -9.549999999999872813, 2.600000000000000089, -13.30792370482096132 ) ) ;
#81 = CARTESIAN_POINT ( 'NONE',  ( -3.950000000000064571, 0.000000000000000000, 13.30792370482085474 ) ) ;
#82 = EDGE_CURVE ( 'NONE', #459, #304, #117, .T. ) ;
#83 = CARTESIAN_POINT ( 'NONE',  ( 13.50000000000000000, 5.000000000000000000, 1.599999999999998979 ) ) ;
#84 = CARTESIAN_POINT ( 'NONE',  ( -10.70000000000000107, 0.000000000000000000, -1.616580753730950892 ) ) ;
#85 = VECTOR ( 'NONE', #290, 1000.000000000000000 ) ;
#86 = DIRECTION ( 'NONE',  ( 0.000000000000000000, 0.000000000000000000, -1.000000000000000000 ) ) ;
#87 = EDGE_LOOP ( 'NONE', ( #1498, #478, #1812, #33 ) ) ;
#88 = CARTESIAN_POINT ( 'NONE',  ( -6.750000000000055067, 5.000000000000000000, 11.69134295108989363 ) ) ;
#89 = DIRECTION ( 'NONE',  ( 0.000000000000000000, 0.000000000000000000, -1.000000000000000000 ) ) ;
#90 = EDGE_LOOP ( 'NONE', ( #870, #1315, #1292, #522 ) ) ;
#91 = AXIS2_PLACEMENT_3D ( 'NONE', #1223, #471, #1242 ) ;
#92 = CARTESIAN_POINT ( 'NONE',  ( 9.550000000000117950, 2.600000000000000089, -10.07476219735885969 ) ) ;
#93 = DIRECTION ( 'NONE',  ( -2.164934898019055254E-15, 0.000000000000000000, 1.000000000000000000 ) ) ;
#94 = VECTOR ( 'NONE', #1386, 1000.000000000000000 ) ;
#95 = LINE ( 'NONE', #1258, #1303 ) ;
#96 = VERTEX_POINT ( 'NONE', #1754 ) ;
#97 = ORIENTED_EDGE ( 'NONE', *, *, #344, .T. ) ;
#98 = CARTESIAN_POINT ( 'NONE',  ( 10.70000000000000107, 0.000000000000000000, -1.616580753730949560 ) ) ;
#99 = CARTESIAN_POINT ( 'NONE',  ( -13.50000000000000000, 5.000000000000000000, -1.599999999999998979 ) ) ;
#100 = DIRECTION ( 'NONE',  ( -0.8660254037844339337, 0.000000000000000000, -0.5000000000000079936 ) ) ;
#101 = ORIENTED_EDGE ( 'NONE', *, *, #1240, .T. ) ;
#102 = ORIENTED_EDGE ( 'NONE', *, *, #1249, .F. ) ;
#103 = CARTESIAN_POINT ( 'NONE',  ( 10.70000000000000107, 0.000000000000000000, -1.616580753730949560 ) ) ;
#104 = LINE ( 'NONE', #1301, #1325 ) ;
#105 = EDGE_CURVE ( 'NONE', #1015, #255, #1607, .T. ) ;
#106 = ORIENTED_EDGE ( 'NONE', *, *, #958, .T. ) ;
#107 = VERTEX_POINT ( 'NONE', #1486 ) ;
#108 = CARTESIAN_POINT ( 'NONE',  ( 10.70000000000000107, 0.000000000000000000, 1.616580753730950892 ) ) ;
#109 = LINE ( 'NONE', #1268, #1749 ) ;
#110 = LINE ( 'NONE', #1047, #1560 ) ;
#111 = ORIENTED_EDGE ( 'NONE', *, *, #902, .F. ) ;
#112 = DIRECTION ( 'NONE',  ( -0.000000000000000000, -1.000000000000000000, -0.000000000000000000 ) ) ;
#113 = LINE ( 'NONE', #727, #760 ) ;
#114 = AXIS2_PLACEMENT_3D ( 'NONE', #576, #1160, #700 ) ;
#115 = ORIENTED_EDGE ( 'NONE', *, *, #215, .F. ) ;
#116 = VECTOR ( 'NONE', #1472, 1000.000000000000000 ) ;
#117 = CIRCLE ( 'NONE', #1216, 1.599999999999998979 ) ;
#118 = VERTEX_POINT ( 'NONE', #539 ) ;
#119 = LINE ( 'NONE', #1179, #959 ) ;
#120 = ADVANCED_FACE ( 'NONE', ( #1464 ), #997, .F. ) ;
#121 = PERSON_AND_ORGANIZATION_ROLE ( 'creator' ) ;
#122 = DIRECTION ( 'NONE',  ( 0.000000000000000000, 0.000000000000000000, -1.000000000000000000 ) ) ;
#123 = ORIENTED_EDGE ( 'NONE', *, *, #16, .F. ) ;
#124 = ORIENTED_EDGE ( 'NONE', *, *, #1798, .F. ) ;
#125 = LINE ( 'NONE', #1476, #1383 ) ;
#126 = LINE ( 'NONE', #582, #845 ) ;
#127 = AXIS2_PLACEMENT_3D ( 'NONE', #29, #1693, #1394 ) ;
#128 = ORIENTED_EDGE ( 'NONE', *, *, #830, .F. ) ;
#129 = ORIENTED_EDGE ( 'NONE', *, *, #1479, .F. ) ;
#130 = CARTESIAN_POINT ( 'NONE',  ( -13.50000000000000000, 2.600000000000000089, -1.599999999999998979 ) ) ;
#131 = EDGE_CURVE ( 'NONE', #512, #571, #1333, .T. ) ;
#132 = CALENDAR_DATE ( 2026, 26, 2 ) ;
#133 = DIRECTION ( 'NONE',  ( 0.8660254037844385966, 0.000000000000000000, -0.5000000000000000000 ) ) ;
#134 = LINE ( 'NONE', #1364, #1281 ) ;
#135 = LINE ( 'NONE', #414, #1764 ) ;
#136 = CC_DESIGN_DATE_AND_TIME_ASSIGNMENT ( #1772, #1022, ( #950 ) ) ;
#137 = CARTESIAN_POINT ( 'NONE',  ( -13.50000000000000000, 2.600000000000000089, 0.000000000000000000 ) ) ;
#138 = VERTEX_POINT ( 'NONE', #1594 ) ;
#139 = EDGE_LOOP ( 'NONE', ( #1489, #1366, #928, #162 ) ) ;
#140 = FACE_OUTER_BOUND ( 'NONE', #262, .T. ) ;
#141 = EDGE_LOOP ( 'NONE', ( #729, #712, #1190, #1136 ) ) ;
#142 = EDGE_CURVE ( 'NONE', #917, #1887, #135, .T. ) ;
#143 = PERSON_AND_ORGANIZATION_ROLE ( 'classification_officer' ) ;
#144 = DIRECTION ( 'NONE',  ( 9.103828801926285209E-15, 0.000000000000000000, -1.000000000000000000 ) ) ;
#145 = ORIENTED_EDGE ( 'NONE', *, *, #1089, .F. ) ;
#146 = DIRECTION ( 'NONE',  ( 0.000000000000000000, 1.000000000000000000, 0.000000000000000000 ) ) ;
#147 = LINE ( 'NONE', #559, #1930 ) ;
#148 = ADVANCED_FACE ( 'NONE', ( #1314, #424 ), #553, .T. ) ;
#149 = CARTESIAN_POINT ( 'NONE',  ( 16.29999999999999716, 2.600000000000000089, -1.616580753730949782 ) ) ;
#150 = ORIENTED_EDGE ( 'NONE', *, *, #62, .T. ) ;
#151 = VECTOR ( 'NONE', #1272, 1000.000000000000000 ) ;
#152 = ORIENTED_EDGE ( 'NONE', *, *, #1173, .T. ) ;
#153 = DIRECTION ( 'NONE',  ( 0.000000000000000000, 1.000000000000000000, 0.000000000000000000 ) ) ;
#154 = EDGE_LOOP ( 'NONE', ( #896, #1283, #326, #633, #725, #1849 ) ) ;
#155 = APPROVAL_STATUS ( 'not_yet_approved' ) ;
#156 = CARTESIAN_POINT ( 'NONE',  ( 16.29999999999999716, 2.600000000000000089, 1.616580753730952225 ) ) ;
#157 = DIRECTION ( 'NONE',  ( 0.000000000000000000, 0.000000000000000000, 1.000000000000000000 ) ) ;
#158 = CARTESIAN_POINT ( 'NONE',  ( 6.749999999999973355, 2.600000000000000089, 11.69134295108993804 ) ) ;
#159 = VERTEX_POINT ( 'NONE', #1007 ) ;
#160 = DIRECTION ( 'NONE',  ( -0.000000000000000000, -1.000000000000000000, -0.000000000000000000 ) ) ;
#161 = VECTOR ( 'NONE', #954, 1000.000000000000000 ) ;
#162 = ORIENTED_EDGE ( 'NONE', *, *, #6, .F. ) ;
#163 = ORIENTED_EDGE ( 'NONE', *, *, #648, .F. ) ;
#164 = DIRECTION ( 'NONE',  ( -0.000000000000000000, -1.000000000000000000, -0.000000000000000000 ) ) ;
#165 = VECTOR ( 'NONE', #955, 1000.000000000000000 ) ;
#166 = DIRECTION ( 'NONE',  ( -0.8660254037844375974, 0.000000000000000000, -0.5000000000000019984 ) ) ;
#167 = EDGE_CURVE ( 'NONE', #850, #20, #104, .T. ) ;
#168 = CARTESIAN_POINT ( 'NONE',  ( 3.950000000000120970, 0.000000000000000000, -10.07476219735892364 ) ) ;
#169 = ORIENTED_EDGE ( 'NONE', *, *, #1583, .T. ) ;
#170 = CARTESIAN_POINT ( 'NONE',  ( -9.550000000000045119, 0.000000000000000000, 10.07476219735893075 ) ) ;
#171 = EDGE_LOOP ( 'NONE', ( #1588, #1387, #862, #145, #375, #1040 ) ) ;
#172 = APPROVAL ( #1012, 'UNSPECIFIED' ) ;
#173 = CARTESIAN_POINT ( 'NONE',  ( 3.949999999999970868, 0.000000000000000000, 13.30792370482088316 ) ) ;
#174 = LINE ( 'NONE', #1851, #400 ) ;
#175 = CARTESIAN_POINT ( 'NONE',  ( -10.70000000000000107, 2.600000000000000089, -1.616580753730950892 ) ) ;
#176 = ORIENTED_EDGE ( 'NONE', *, *, #259, .T. ) ;
#177 = FACE_OUTER_BOUND ( 'NONE', #999, .T. ) ;
#178 = ORIENTED_EDGE ( 'NONE', *, *, #1397, .F. ) ;
#179 = VECTOR ( 'NONE', #1151, 1000.000000000000000 ) ;
#180 = CARTESIAN_POINT ( 'NONE',  ( 3.949999999999977973, 2.600000000000000089, 10.07476219735897871 ) ) ;
#181 = CARTESIAN_POINT ( 'NONE',  ( -3.949999999999878941, 0.000000000000000000, -13.30792370482091158 ) ) ;
#182 = ORIENTED_EDGE ( 'NONE', *, *, #808, .T. ) ;
#183 = ORIENTED_EDGE ( 'NONE', *, *, #1534, .T. ) ;
#184 = LINE ( 'NONE', #175, #1601 ) ;
#185 = VERTEX_POINT ( 'NONE', #860 ) ;
#186 = LINE ( 'NONE', #196, #1499 ) ;
#187 = EDGE_LOOP ( 'NONE', ( #1523, #699 ) ) ;
#188 = VECTOR ( 'NONE', #901, 1000.000000000000000 ) ;
#189 = EDGE_CURVE ( 'NONE', #1508, #1905, #113, .T. ) ;
#190 = LINE ( 'NONE', #790, #1907 ) ;
#191 = AXIS2_PLACEMENT_3D ( 'NONE', #813, #1703, #1543 ) ;
#192 = CARTESIAN_POINT ( 'NONE',  ( 13.50000000000000000, 5.000000000000000000, 0.000000000000000000 ) ) ;
#193 = CARTESIAN_POINT ( 'NONE',  ( 6.749999999999964473, 2.600000000000000089, 14.92450445855184071 ) ) ;
#194 = EDGE_LOOP ( 'NONE', ( #102, #128, #1531, #1568 ) ) ;
#195 = EDGE_CURVE ( 'NONE', #1891, #1064, #1008, .T. ) ;
#196 = CARTESIAN_POINT ( 'NONE',  ( 6.750000000000175859, 2.600000000000000089, -14.92450445855174479 ) ) ;
#197 = ORIENTED_EDGE ( 'NONE', *, *, #1876, .T. ) ;
#198 = EDGE_CURVE ( 'NONE', #982, #1637, #696, .T. ) ;
#199 = LINE ( 'NONE', #797, #1814 ) ;
#200 = FACE_OUTER_BOUND ( 'NONE', #991, .T. ) ;
#201 = LINE ( 'NONE', #1558, #789 ) ;
#202 = EDGE_LOOP ( 'NONE', ( #1630, #575, #1019, #197, #610, #875 ) ) ;
#203 = EDGE_CURVE ( 'NONE', #1577, #1891, #880, .T. ) ;
#204 = DIRECTION ( 'NONE',  ( -0.000000000000000000, -1.000000000000000000, -0.000000000000000000 ) ) ;
#205 = VECTOR ( 'NONE', #1112, 1000.000000000000000 ) ;
#206 = DIRECTION ( 'NONE',  ( -0.8660254037844328234, 0.000000000000000000, -0.5000000000000101030 ) ) ;
#207 = VECTOR ( 'NONE', #1419, 1000.000000000000227 ) ;
#208 = EDGE_CURVE ( 'NONE', #417, #1786, #1167, .T. ) ;
#209 = CARTESIAN_POINT ( 'NONE',  ( 10.70000000000000107, 2.600000000000000089, 1.616580753730950892 ) ) ;
#210 = VECTOR ( 'NONE', #1559, 1000.000000000000000 ) ;
#211 = CARTESIAN_POINT ( 'NONE',  ( -6.750000000000055067, 2.600000000000000089, 11.69134295108989363 ) ) ;
#212 = DIRECTION ( 'NONE',  ( -0.000000000000000000, -1.000000000000000000, -0.000000000000000000 ) ) ;
#213 = VECTOR ( 'NONE', #1104, 999.9999999999998863 ) ;
#214 = DIRECTION ( 'NONE',  ( -0.000000000000000000, -1.000000000000000000, -0.000000000000000000 ) ) ;
#215 = EDGE_CURVE ( 'NONE', #778, #1888, #573, .T. ) ;
#216 = DESIGN_CONTEXT ( 'detailed design', #1527, 'design' ) ;
#217 = DIRECTION ( 'NONE',  ( -0.8660254037844408170, 0.000000000000000000, 0.4999999999999961697 ) ) ;
#218 = FACE_OUTER_BOUND ( 'NONE', #90, .T. ) ;
#219 = CARTESIAN_POINT ( 'NONE',  ( 9.549999999999966960, 0.000000000000000000, 13.30792370482089737 ) ) ;
#220 = EDGE_CURVE ( 'NONE', #893, #185, #280, .T. ) ;
#221 = DIRECTION ( 'NONE',  ( 0.8660254037844363761, 0.000000000000000000, 0.5000000000000039968 ) ) ;
#222 = VECTOR ( 'NONE', #1900, 1000.000000000000000 ) ;
#223 = CARTESIAN_POINT ( 'NONE',  ( -9.550000000000062883, 2.600000000000000089, 13.30792370482083165 ) ) ;
#224 = DIRECTION ( 'NONE',  ( 0.8660254037844443697, 0.000000000000000000, -0.4999999999999900635 ) ) ;
#225 = CARTESIAN_POINT ( 'NONE',  ( -6.749999999999860556, 0.000000000000000000, -14.92450445855188690 ) ) ;
#226 = CARTESIAN_POINT ( 'NONE',  ( 16.29999999999999716, 2.600000000000000089, -1.616580753730949782 ) ) ;
#227 = ORIENTED_EDGE ( 'NONE', *, *, #1173, .F. ) ;
#228 = DIRECTION ( 'NONE',  ( 0.8660254037844397068, 0.000000000000000000, -0.4999999999999979461 ) ) ;
#229 = EDGE_LOOP ( 'NONE', ( #1304, #1379, #444, #906 ) ) ;
#230 = AXIS2_PLACEMENT_3D ( 'NONE', #1679, #933, #496 ) ;
#231 = DIRECTION ( 'NONE',  ( 0.8660254037844432595, 0.000000000000000000, -0.4999999999999919509 ) ) ;
#232 = ORIENTED_EDGE ( 'NONE', *, *, #383, .F. ) ;
#233 = FACE_OUTER_BOUND ( 'NONE', #721, .T. ) ;
#234 = CARTESIAN_POINT ( 'NONE',  ( 0.000000000000000000, 0.000000000000000000, 0.000000000000000000 ) ) ;
#235 = CIRCLE ( 'NONE', #1119, 1.599999999999998979 ) ;
#236 = LINE ( 'NONE', #1575, #524 ) ;
#237 = ORIENTED_EDGE ( 'NONE', *, *, #1126, .F. ) ;
#238 = ORIENTED_EDGE ( 'NONE', *, *, #689, .F. ) ;
#239 = PLANE ( 'NONE',  #1586 ) ;
#240 = CARTESIAN_POINT ( 'NONE',  ( 13.49999999999999822, 2.600000000000000089, -3.233161507461900896 ) ) ;
#241 = DIRECTION ( 'NONE',  ( -0.8660254037844340447, 0.000000000000000000, -0.5000000000000078826 ) ) ;
#242 = EDGE_CURVE ( 'NONE', #1905, #1368, #872, .T. ) ;
#243 = ORIENTED_EDGE ( 'NONE', *, *, #283, .F. ) ;
#244 = VECTOR ( 'NONE', #632, 1000.000000000000114 ) ;
#245 = CARTESIAN_POINT ( 'NONE',  ( -6.749999999999891642, 5.000000000000000000, -11.69134295108998245 ) ) ;
#246 = DIRECTION ( 'NONE',  ( -0.000000000000000000, -1.000000000000000000, -0.000000000000000000 ) ) ;
#247 = VECTOR ( 'NONE', #1712, 1000.000000000000000 ) ;
#248 = ORIENTED_EDGE ( 'NONE', *, *, #702, .F. ) ;
#249 = CC_DESIGN_DATE_AND_TIME_ASSIGNMENT ( #1171, #1320, ( #709 ) ) ;
#250 = ORIENTED_EDGE ( 'NONE', *, *, #1163, .F. ) ;
#251 = EDGE_CURVE ( 'NONE', #107, #1768, #126, .T. ) ;
#252 = DIRECTION ( 'NONE',  ( 0.000000000000000000, 0.000000000000000000, -1.000000000000000000 ) ) ;
#253 = DIRECTION ( 'NONE',  ( -0.000000000000000000, -1.000000000000000000, -0.000000000000000000 ) ) ;
#254 = LINE ( 'NONE', #1412, #869 ) ;
#255 = VERTEX_POINT ( 'NONE', #1784 ) ;
#256 = ORIENTED_EDGE ( 'NONE', *, *, #752, .F. ) ;
#257 = PLANE ( 'NONE',  #1388 ) ;
#258 = DIRECTION ( 'NONE',  ( -9.159339953157543036E-15, 0.000000000000000000, 1.000000000000000000 ) ) ;
#259 = EDGE_CURVE ( 'NONE', #1888, #24, #292, .T. ) ;
#260 = ORIENTED_EDGE ( 'NONE', *, *, #1106, .F. ) ;
#261 = ADVANCED_FACE ( 'NONE', ( #686 ), #1289, .T. ) ;
#262 = EDGE_LOOP ( 'NONE', ( #1914, #1882, #1774, #287 ) ) ;
#263 = PRODUCT ( 'InRunnerLowerCarrierPlate', 'InRunnerLowerCarrierPlate', '', ( #1631 ) ) ;
#264 = CARTESIAN_POINT ( 'NONE',  ( 0.000000000000000000, 2.600000000000000089, 0.000000000000000000 ) ) ;
#265 = FACE_OUTER_BOUND ( 'NONE', #321, .T. ) ;
#266 = ORIENTED_EDGE ( 'NONE', *, *, #403, .F. ) ;
#267 = EDGE_CURVE ( 'NONE', #1506, #411, #1493, .T. ) ;
#268 = CARTESIAN_POINT ( 'NONE',  ( -9.550000000000048672, 2.600000000000000089, 10.07476219735893075 ) ) ;
#269 = CARTESIAN_POINT ( 'NONE',  ( 6.750000000000098588, 0.000000000000000000, -8.458181443627939444 ) ) ;
#270 = CIRCLE ( 'NONE', #611, 1.599999999999998979 ) ;
#271 = ORIENTED_EDGE ( 'NONE', *, *, #1028, .T. ) ;
#272 = CIRCLE ( 'NONE', #1374, 1.599999999999998979 ) ;
#273 = EDGE_CURVE ( 'NONE', #443, #1829, #147, .T. ) ;
#274 = ORIENTED_EDGE ( 'NONE', *, *, #673, .F. ) ;
#275 = PLANE ( 'NONE',  #1244 ) ;
#276 = COORDINATED_UNIVERSAL_TIME_OFFSET ( 8, 0, .AHEAD. ) ;
#277 = EDGE_CURVE ( 'NONE', #1797, #778, #722, .T. ) ;
#278 = LINE ( 'NONE', #431, #85 ) ;
#279 = DIRECTION ( 'NONE',  ( -0.000000000000000000, -1.000000000000000000, -0.000000000000000000 ) ) ;
#280 = LINE ( 'NONE', #269, #941 ) ;
#281 = AXIS2_PLACEMENT_3D ( 'NONE', #268, #1485, #589 ) ;
#282 = ORIENTED_EDGE ( 'NONE', *, *, #1240, .F. ) ;
#283 = EDGE_CURVE ( 'NONE', #1239, #1647, #1191, .T. ) ;
#284 = VECTOR ( 'NONE', #1695, 1000.000000000000227 ) ;
#285 = VERTEX_POINT ( 'NONE', #130 ) ;
#286 = CARTESIAN_POINT ( 'NONE',  ( -6.749999999999860556, 2.600000000000000089, -14.92450445855188690 ) ) ;
#287 = ORIENTED_EDGE ( 'NONE', *, *, #131, .T. ) ;
#288 = APPROVAL_DATE_TIME ( #448, #1853 ) ;
#289 = ADVANCED_FACE ( 'NONE', ( #1338 ), #1610, .F. ) ;
#290 = DIRECTION ( 'NONE',  ( 2.164934898019055254E-15, 0.000000000000000000, -1.000000000000000000 ) ) ;
#291 = CARTESIAN_POINT ( 'NONE',  ( -6.750000000000040856, 2.600000000000000089, 8.458181443627990959 ) ) ;
#292 = LINE ( 'NONE', #852, #350 ) ;
#293 = DIRECTION ( 'NONE',  ( 1.000000000000000000, 0.000000000000000000, 0.000000000000000000 ) ) ;
#294 = VERTEX_POINT ( 'NONE', #1328 ) ;
#295 = ORIENTED_EDGE ( 'NONE', *, *, #1674, .F. ) ;
#296 = DIRECTION ( 'NONE',  ( 0.5000000000000003331, -0.000000000000000000, 0.8660254037844385966 ) ) ;
#297 = COORDINATED_UNIVERSAL_TIME_OFFSET ( 8, 0, .AHEAD. ) ;
#298 = PLANE ( 'NONE',  #706 ) ;
#299 = DIRECTION ( 'NONE',  ( 0.5000000000000016653, 0.000000000000000000, -0.8660254037844377084 ) ) ;
#300 = DIRECTION ( 'NONE',  ( 1.000000000000000000, -0.000000000000000000, 1.165734175856414367E-14 ) ) ;
#301 = ORIENTED_EDGE ( 'NONE', *, *, #131, .F. ) ;
#302 = VECTOR ( 'NONE', #890, 1000.000000000000000 ) ;
#303 = CIRCLE ( 'NONE', #1744, 1.599999999999998979 ) ;
#304 = VERTEX_POINT ( 'NONE', #1932 ) ;
#305 = VECTOR ( 'NONE', #591, 1000.000000000000114 ) ;
#306 = PLANE ( 'NONE',  #1371 ) ;
#307 = EDGE_LOOP ( 'NONE', ( #834, #1174, #1580, #38 ) ) ;
#308 = APPROVAL_DATE_TIME ( #1802, #172 ) ;
#309 = CIRCLE ( 'NONE', #1817, 1.599999999999998979 ) ;
#310 = LINE ( 'NONE', #1363, #1530 ) ;
#311 = DIRECTION ( 'NONE',  ( 0.000000000000000000, 1.000000000000000000, 0.000000000000000000 ) ) ;
#312 = FACE_OUTER_BOUND ( 'NONE', #1322, .T. ) ;
#313 = VERTEX_POINT ( 'NONE', #108 ) ;
#314 = CARTESIAN_POINT ( 'NONE',  ( -13.50000000000000000, 2.600000000000000089, 0.000000000000000000 ) ) ;
#315 = ORIENTED_EDGE ( 'NONE', *, *, #1868, .T. ) ;
#316 = ORIENTED_EDGE ( 'NONE', *, *, #1089, .T. ) ;
#317 = VECTOR ( 'NONE', #828, 1000.000000000000000 ) ;
#318 = CARTESIAN_POINT ( 'NONE',  ( -6.750000000000040856, 0.000000000000000000, 8.458181443627990959 ) ) ;
#319 = PLANE ( 'NONE',  #127 ) ;
#320 = CARTESIAN_POINT ( 'NONE',  ( 6.750000000000175859, 2.600000000000000089, -14.92450445855174479 ) ) ;
#321 = EDGE_LOOP ( 'NONE', ( #1158, #70 ) ) ;
#322 = DIRECTION ( 'NONE',  ( -0.4999999999999901190, 0.000000000000000000, -0.8660254037844443697 ) ) ;
#323 = ORIENTED_EDGE ( 'NONE', *, *, #208, .T. ) ;
#324 = DIRECTION ( 'NONE',  ( 0.8660254037844339337, 0.000000000000000000, 0.5000000000000079936 ) ) ;
#325 = DIRECTION ( 'NONE',  ( -0.000000000000000000, -1.000000000000000000, -0.000000000000000000 ) ) ;
#326 = ORIENTED_EDGE ( 'NONE', *, *, #242, .F. ) ;
#327 = LINE ( 'NONE', #508, #684 ) ;
#328 = ORIENTED_EDGE ( 'NONE', *, *, #1114, .T. ) ;
#329 = ADVANCED_FACE ( 'NONE', ( #1771 ), #407, .F. ) ;
#330 = LINE ( 'NONE', #14, #487 ) ;
#331 = ORIENTED_EDGE ( 'NONE', *, *, #1587, .T. ) ;
#332 = CIRCLE ( 'NONE', #1872, 17.60000000000000142 ) ;
#333 = PLANE ( 'NONE',  #705 ) ;
#334 = CARTESIAN_POINT ( 'NONE',  ( 6.750000000000098588, 0.000000000000000000, -8.458181443627939444 ) ) ;
#335 = EDGE_CURVE ( 'NONE', #523, #388, #119, .T. ) ;
#336 = VERTEX_POINT ( 'NONE', #1200 ) ;
#337 = CARTESIAN_POINT ( 'NONE',  ( -10.70000000000000107, 0.000000000000000000, -1.616580753730950892 ) ) ;
#338 = ORIENTED_EDGE ( 'NONE', *, *, #1680, .F. ) ;
#339 = ADVANCED_FACE ( 'NONE', ( #140 ), #275, .F. ) ;
#340 = CARTESIAN_POINT ( 'NONE',  ( 6.749999999999973355, 5.000000000000000000, 10.09134295108993840 ) ) ;
#341 = ORIENTED_EDGE ( 'NONE', *, *, #1462, .F. ) ;
#342 = CIRCLE ( 'NONE', #1001, 1.599999999999998979 ) ;
#343 = VECTOR ( 'NONE', #1625, 1000.000000000000000 ) ;
#344 = EDGE_CURVE ( 'NONE', #943, #1758, #1779, .T. ) ;
#345 = FACE_OUTER_BOUND ( 'NONE', #720, .T. ) ;
#346 = LINE ( 'NONE', #1844, #1598 ) ;
#347 = ADVANCED_FACE ( 'NONE', ( #713, #1030 ), #1915, .T. ) ;
#348 = CARTESIAN_POINT ( 'NONE',  ( 0.000000000000000000, 0.000000000000000000, 0.000000000000000000 ) ) ;
#349 = CARTESIAN_POINT ( 'NONE',  ( 6.749999999999973355, 5.000000000000000000, 11.69134295108993804 ) ) ;
#350 = VECTOR ( 'NONE', #1436, 1000.000000000000000 ) ;
#351 = LINE ( 'NONE', #531, #1842 ) ;
#352 = EDGE_LOOP ( 'NONE', ( #1822, #169, #1763, #861 ) ) ;
#353 = DIRECTION ( 'NONE',  ( -9.103828801926285209E-15, 0.000000000000000000, 1.000000000000000000 ) ) ;
#354 = LINE ( 'NONE', #1373, #1098 ) ;
#355 = DIRECTION ( 'NONE',  ( 0.000000000000000000, -1.000000000000000000, 0.000000000000000000 ) ) ;
#356 = DIRECTION ( 'NONE',  ( -0.5000000000000019984, 0.000000000000000000, 0.8660254037844375974 ) ) ;
#357 = CARTESIAN_POINT ( 'NONE',  ( -6.750000000000072831, 2.600000000000000089, 14.92450445855179453 ) ) ;
#358 = VECTOR ( 'NONE', #1525, 1000.000000000000114 ) ;
#359 = DIRECTION ( 'NONE',  ( -0.4999999999999919509, 0.000000000000000000, -0.8660254037844433705 ) ) ;
#360 = AXIS2_PLACEMENT_3D ( 'NONE', #19, #1928, #1293 ) ;
#361 = ADVANCED_FACE ( 'NONE', ( #855, #1305, #1170, #1497, #1646, #731, #418, #1021 ), #1481, .F. ) ;
#362 = CARTESIAN_POINT ( 'NONE',  ( 3.950000000000156497, 2.600000000000000089, -13.30792370482082454 ) ) ;
#363 = LINE ( 'NONE', #1124, #1165 ) ;
#364 = CARTESIAN_POINT ( 'NONE',  ( 13.50000000000000000, 2.600000000000000089, -1.599999999999998979 ) ) ;
#365 = PLANE ( 'NONE',  #703 ) ;
#366 = ORIENTED_EDGE ( 'NONE', *, *, #887, .F. ) ;
#367 = AXIS2_PLACEMENT_3D ( 'NONE', #1589, #1603, #1269 ) ;
#368 = DIRECTION ( 'NONE',  ( -0.000000000000000000, -1.000000000000000000, -0.000000000000000000 ) ) ;
#369 = DIRECTION ( 'NONE',  ( 0.000000000000000000, 0.000000000000000000, 1.000000000000000000 ) ) ;
#370 = CARTESIAN_POINT ( 'NONE',  ( 9.550000000000155254, 2.600000000000000089, -13.30792370482076059 ) ) ;
#371 = LINE ( 'NONE', #1247, #616 ) ;
#372 = VERTEX_POINT ( 'NONE', #885 ) ;
#373 = LINE ( 'NONE', #1118, #645 ) ;
#374 = ORIENTED_EDGE ( 'NONE', *, *, #1319, .T. ) ;
#375 = ORIENTED_EDGE ( 'NONE', *, *, #945, .F. ) ;
#376 = CARTESIAN_POINT ( 'NONE',  ( -3.950000000000050804, 2.600000000000000089, 10.07476219735895384 ) ) ;
#377 = CARTESIAN_POINT ( 'NONE',  ( 6.749999999999978684, 0.000000000000000000, 8.458181443628035368 ) ) ;
#378 = ORIENTED_EDGE ( 'NONE', *, *, #958, .F. ) ;
#379 = LINE ( 'NONE', #1270, #9 ) ;
#380 = CARTESIAN_POINT ( 'NONE',  ( 0.000000000000000000, 2.600000000000000089, 0.000000000000000000 ) ) ;
#381 = DIRECTION ( 'NONE',  ( -0.000000000000000000, -1.000000000000000000, -0.000000000000000000 ) ) ;
#382 = EDGE_LOOP ( 'NONE', ( #1080, #446, #425, #532 ) ) ;
#383 = EDGE_CURVE ( 'NONE', #1637, #1920, #1789, .T. ) ;
#384 = EDGE_LOOP ( 'NONE', ( #1596, #505, #884, #678, #476, #1182 ) ) ;
#385 = CARTESIAN_POINT ( 'NONE',  ( 6.750000000000135891, 2.600000000000000089, -10.09134295108984425 ) ) ;
#386 = AXIS2_PLACEMENT_3D ( 'NONE', #264, #567, #1318 ) ;
#387 = DIRECTION ( 'NONE',  ( -0.000000000000000000, -1.000000000000000000, -0.000000000000000000 ) ) ;
#388 = VERTEX_POINT ( 'NONE', #438 ) ;
#389 = DIRECTION ( 'NONE',  ( 0.000000000000000000, 0.000000000000000000, -1.000000000000000000 ) ) ;
#390 = CARTESIAN_POINT ( 'NONE',  ( 3.949999999999970868, 2.600000000000000089, 13.30792370482088316 ) ) ;
#391 = EDGE_CURVE ( 'NONE', #842, #1465, #1348, .T. ) ;
#392 = EDGE_LOOP ( 'NONE', ( #467, #1127, #592, #1747 ) ) ;
#393 = EDGE_LOOP ( 'NONE', ( #823, #617 ) ) ;
#394 = ADVANCED_FACE ( 'NONE', ( #1800 ), #445, .F. ) ;
#395 = ORIENTED_EDGE ( 'NONE', *, *, #1658, .T. ) ;
#396 = DIRECTION ( 'NONE',  ( 2.109423746787797427E-15, 0.000000000000000000, -1.000000000000000000 ) ) ;
#397 = CARTESIAN_POINT ( 'NONE',  ( 6.750000000000135891, 5.000000000000000000, -13.29134295108984176 ) ) ;
#398 = ADVANCED_FACE ( 'NONE', ( #1848 ), #306, .F. ) ;
#399 = EDGE_LOOP ( 'NONE', ( #1149, #1921 ) ) ;
#400 = VECTOR ( 'NONE', #771, 1000.000000000000000 ) ;
#401 = LINE ( 'NONE', #1879, #36 ) ;
#402 = DIRECTION ( 'NONE',  ( -0.000000000000000000, -1.000000000000000000, -0.000000000000000000 ) ) ;
#403 = EDGE_CURVE ( 'NONE', #497, #566, #1390, .T. ) ;
#404 = VECTOR ( 'NONE', #1593, 1000.000000000000000 ) ;
#405 = EDGE_LOOP ( 'NONE', ( #1146, #1821, #1205, #44, #602, #1456 ) ) ;
#406 = ORIENTED_EDGE ( 'NONE', *, *, #1881, .T. ) ;
#407 = CYLINDRICAL_SURFACE ( 'NONE', #114, 8.099999999999999645 ) ;
#408 = VECTOR ( 'NONE', #1635, 1000.000000000000000 ) ;
#409 = PERSON_AND_ORGANIZATION ( #1059, #900 ) ;
#410 = DIRECTION ( 'NONE',  ( 0.000000000000000000, -0.000000000000000000, 1.000000000000000000 ) ) ;
#411 = VERTEX_POINT ( 'NONE', #488 ) ;
#412 = EDGE_CURVE ( 'NONE', #1645, #904, #53, .T. ) ;
#413 = CARTESIAN_POINT ( 'NONE',  ( 0.000000000000000000, 0.000000000000000000, 0.000000000000000000 ) ) ;
#414 = CARTESIAN_POINT ( 'NONE',  ( -3.949999999999878941, 2.600000000000000089, -13.30792370482091158 ) ) ;
#415 = ORIENTED_EDGE ( 'NONE', *, *, #63, .T. ) ;
#416 = ADVANCED_FACE ( 'NONE', ( #766 ), #915, .F. ) ;
#417 = VERTEX_POINT ( 'NONE', #1090 ) ;
#418 = FACE_OUTER_BOUND ( 'NONE', #886, .T. ) ;
#419 = CARTESIAN_POINT ( 'NONE',  ( 0.000000000000000000, 0.000000000000000000, 0.000000000000000000 ) ) ;
#420 = CARTESIAN_POINT ( 'NONE',  ( -9.549999999999903011, 0.000000000000000000, -10.07476219735905865 ) ) ;
#421 = EDGE_CURVE ( 'NONE', #1233, #497, #1377, .T. ) ;
#422 = ORIENTED_EDGE ( 'NONE', *, *, #142, .T. ) ;
#423 = CARTESIAN_POINT ( 'NONE',  ( -9.550000000000062883, 2.600000000000000089, 13.30792370482083165 ) ) ;
#424 = FACE_OUTER_BOUND ( 'NONE', #1677, .T. ) ;
#425 = ORIENTED_EDGE ( 'NONE', *, *, #105, .F. ) ;
#426 = VECTOR ( 'NONE', #733, 1000.000000000000227 ) ;
#427 = EDGE_CURVE ( 'NONE', #533, #285, #270, .T. ) ;
#428 = ORIENTED_EDGE ( 'NONE', *, *, #483, .F. ) ;
#429 = DIRECTION ( 'NONE',  ( -0.000000000000000000, -1.000000000000000000, -0.000000000000000000 ) ) ;
#430 = APPROVAL_ROLE ( '' ) ;
#431 = CARTESIAN_POINT ( 'NONE',  ( 3.949999999999970868, 0.000000000000000000, 13.30792370482088316 ) ) ;
#432 = CARTESIAN_POINT ( 'NONE',  ( -13.49999999999999822, 2.600000000000000089, 3.233161507461900896 ) ) ;
#433 = DIRECTION ( 'NONE',  ( -1.000000000000000000, 0.000000000000000000, -2.164934898019055254E-15 ) ) ;
#434 = CIRCLE ( 'NONE', #1512, 1.599999999999998979 ) ;
#435 = CARTESIAN_POINT ( 'NONE',  ( 0.000000000000000000, 5.000000000000000000, -8.099999999999999645 ) ) ;
#436 = ORIENTED_EDGE ( 'NONE', *, *, #203, .T. ) ;
#437 = VERTEX_POINT ( 'NONE', #615 ) ;
#438 = CARTESIAN_POINT ( 'NONE',  ( -9.549999999999903011, 2.600000000000000089, -10.07476219735905865 ) ) ;
#439 = CARTESIAN_POINT ( 'NONE',  ( 16.29999999999999716, 2.600000000000000089, -1.616580753730949782 ) ) ;
#440 = VERTEX_POINT ( 'NONE', #1690 ) ;
#441 = DIRECTION ( 'NONE',  ( -0.000000000000000000, -1.000000000000000000, -0.000000000000000000 ) ) ;
#442 = DIRECTION ( 'NONE',  ( 1.137978600240785454E-14, 0.000000000000000000, -1.000000000000000000 ) ) ;
#443 = VERTEX_POINT ( 'NONE', #170 ) ;
#444 = ORIENTED_EDGE ( 'NONE', *, *, #1453, .F. ) ;
#445 = CYLINDRICAL_SURFACE ( 'NONE', #1056, 1.599999999999998979 ) ;
#446 = ORIENTED_EDGE ( 'NONE', *, *, #1824, .F. ) ;
#447 = EDGE_CURVE ( 'NONE', #1027, #336, #1648, .T. ) ;
#448 = DATE_AND_TIME ( #1349, #1065 ) ;
#449 = CARTESIAN_POINT ( 'NONE',  ( 6.749999999999973355, 5.000000000000000000, 11.69134295108993804 ) ) ;
#450 = DIRECTION ( 'NONE',  ( -0.4999999999999997780, 0.000000000000000000, 0.8660254037844388186 ) ) ;
#451 = LINE ( 'NONE', #1335, #807 ) ;
#452 = EDGE_LOOP ( 'NONE', ( #227, #1346, #1031, #1327 ) ) ;
#453 = CIRCLE ( 'NONE', #1556, 1.599999999999998979 ) ;
#454 = AXIS2_PLACEMENT_3D ( 'NONE', #419, #864, #7 ) ;
#455 = AXIS2_PLACEMENT_3D ( 'NONE', #1762, #1023, #704 ) ;
#456 = DIRECTION ( 'NONE',  ( -0.5000000000000003331, 0.000000000000000000, -0.8660254037844385966 ) ) ;
#457 = ORIENTED_EDGE ( 'NONE', *, *, #1441, .F. ) ;
#458 = VECTOR ( 'NONE', #814, 1000.000000000000000 ) ;
#459 = VERTEX_POINT ( 'NONE', #340 ) ;
#460 = CIRCLE ( 'NONE', #1154, 1.599999999999998979 ) ;
#461 = FACE_OUTER_BOUND ( 'NONE', #710, .T. ) ;
#462 = ADVANCED_FACE ( 'NONE', ( #1820 ), #466, .F. ) ;
#463 = CYLINDRICAL_SURFACE ( 'NONE', #1545, 1.599999999999998979 ) ;
#464 = ORIENTED_EDGE ( 'NONE', *, *, #1734, .T. ) ;
#465 = AXIS2_PLACEMENT_3D ( 'NONE', #1352, #450, #1806 ) ;
#466 = PLANE ( 'NONE',  #1682 ) ;
#467 = ORIENTED_EDGE ( 'NONE', *, *, #220, .T. ) ;
#468 = EDGE_LOOP ( 'NONE', ( #1553, #115, #366, #1475, #1838, #341 ) ) ;
#469 = EDGE_CURVE ( 'NONE', #571, #1336, #1831, .T. ) ;
#470 = DIRECTION ( 'NONE',  ( 0.000000000000000000, 0.000000000000000000, -1.000000000000000000 ) ) ;
#471 = DIRECTION ( 'NONE',  ( -0.000000000000000000, -1.000000000000000000, -0.000000000000000000 ) ) ;
#472 = AXIS2_PLACEMENT_3D ( 'NONE', #390, #433, #93 ) ;
#473 = ADVANCED_FACE ( 'NONE', ( #177 ), #1360, .F. ) ;
#474 = EDGE_LOOP ( 'NONE', ( #1142, #605, #1326, #939 ) ) ;
#475 = DIRECTION ( 'NONE',  ( 0.000000000000000000, 0.000000000000000000, 1.000000000000000000 ) ) ;
#476 = ORIENTED_EDGE ( 'NONE', *, *, #1316, .F. ) ;
#477 = CARTESIAN_POINT ( 'NONE',  ( -6.750000000000040856, 2.600000000000000089, 8.458181443627990959 ) ) ;
#478 = ORIENTED_EDGE ( 'NONE', *, *, #251, .F. ) ;
#479 = ADVANCED_FACE ( 'NONE', ( #1081 ), #1839, .F. ) ;
#480 = CARTESIAN_POINT ( 'NONE',  ( 6.749999999999964473, 2.600000000000000089, 14.92450445855184071 ) ) ;
#481 = FACE_OUTER_BOUND ( 'NONE', #1169, .T. ) ;
#482 = EDGE_LOOP ( 'NONE', ( #464, #490, #282, #1547 ) ) ;
#483 = EDGE_CURVE ( 'NONE', #107, #440, #330, .T. ) ;
#484 = EDGE_LOOP ( 'NONE', ( #586, #698, #1337, #1091 ) ) ;
#485 = CARTESIAN_POINT ( 'NONE',  ( -6.749999999999891642, 5.000000000000000000, -13.29134295108998209 ) ) ;
#486 = ORIENTED_EDGE ( 'NONE', *, *, #1041, .F. ) ;
#487 = VECTOR ( 'NONE', #1535, 1000.000000000000227 ) ;
#488 = CARTESIAN_POINT ( 'NONE',  ( 6.749999999999964473, 0.000000000000000000, 14.92450445855184071 ) ) ;
#489 = EDGE_CURVE ( 'NONE', #1508, #1604, #186, .T. ) ;
#490 = ORIENTED_EDGE ( 'NONE', *, *, #1937, .F. ) ;
#491 = CIRCLE ( 'NONE', #455, 1.599999999999998979 ) ;
#492 = PLANE ( 'NONE',  #1150 ) ;
#493 = CARTESIAN_POINT ( 'NONE',  ( 16.29999999999999716, 0.000000000000000000, -1.616580753730949782 ) ) ;
#494 = LINE ( 'NONE', #1096, #284 ) ;
#495 = DIRECTION ( 'NONE',  ( -0.000000000000000000, 0.000000000000000000, 1.000000000000000000 ) ) ;
#496 = DIRECTION ( 'NONE',  ( 0.8660254037844387076, 0.000000000000000000, 0.4999999999999998890 ) ) ;
#497 = VERTEX_POINT ( 'NONE', #1400 ) ;
#498 = CIRCLE ( 'NONE', #1224, 1.599999999999998979 ) ;
#499 = CARTESIAN_POINT ( 'NONE',  ( -9.549999999999872813, 0.000000000000000000, -13.30792370482096132 ) ) ;
#500 = VECTOR ( 'NONE', #1899, 1000.000000000000000 ) ;
#501 = CARTESIAN_POINT ( 'NONE',  ( 6.749999999999973355, 2.600000000000000089, 11.69134295108993804 ) ) ;
#502 = DIRECTION ( 'NONE',  ( 0.000000000000000000, 0.000000000000000000, -1.000000000000000000 ) ) ;
#503 = DIRECTION ( 'NONE',  ( -0.8660254037844397068, 0.000000000000000000, 0.4999999999999979461 ) ) ;
#504 = CARTESIAN_POINT ( 'NONE',  ( 6.749999999999973355, 2.600000000000000089, 11.69134295108993804 ) ) ;
#505 = ORIENTED_EDGE ( 'NONE', *, *, #1234, .F. ) ;
#506 = LINE ( 'NONE', #1308, #1711 ) ;
#507 = FACE_BOUND ( 'NONE', #1177, .T. ) ;
#508 = CARTESIAN_POINT ( 'NONE',  ( 6.749999999999978684, 2.600000000000000089, 8.458181443628035368 ) ) ;
#509 = PLANE ( 'NONE',  #1120 ) ;
#510 = EDGE_CURVE ( 'NONE', #1819, #1074, #1584, .T. ) ;
#511 = CARTESIAN_POINT ( 'NONE',  ( -3.950000000000050804, 2.600000000000000089, 10.07476219735895384 ) ) ;
#512 = VERTEX_POINT ( 'NONE', #1100 ) ;
#513 = VECTOR ( 'NONE', #1490, 1000.000000000000114 ) ;
#514 = DIRECTION ( 'NONE',  ( -0.8660254037844387076, 0.000000000000000000, -0.4999999999999997780 ) ) ;
#515 = AXIS2_PLACEMENT_3D ( 'NONE', #1886, #995, #693 ) ;
#516 = LINE ( 'NONE', #1153, #1469 ) ;
#517 = VECTOR ( 'NONE', #1582, 1000.000000000000000 ) ;
#518 = DIRECTION ( 'NONE',  ( -0.000000000000000000, -1.000000000000000000, -0.000000000000000000 ) ) ;
#519 = CARTESIAN_POINT ( 'NONE',  ( 6.749999999999964473, 2.600000000000000089, 14.92450445855184071 ) ) ;
#520 = ORIENTED_EDGE ( 'NONE', *, *, #1415, .F. ) ;
#521 = FACE_OUTER_BOUND ( 'NONE', #1699, .T. ) ;
#522 = ORIENTED_EDGE ( 'NONE', *, *, #746, .T. ) ;
#523 = VERTEX_POINT ( 'NONE', #908 ) ;
#524 = VECTOR ( 'NONE', #214, 1000.000000000000000 ) ;
#525 = LINE ( 'NONE', #1750, #205 ) ;
#526 = DIRECTION ( 'NONE',  ( 0.000000000000000000, 0.000000000000000000, 1.000000000000000000 ) ) ;
#527 = CIRCLE ( 'NONE', #1633, 1.599999999999998979 ) ;
#528 = CARTESIAN_POINT ( 'NONE',  ( 9.549999999999974065, 2.600000000000000089, 10.07476219735899292 ) ) ;
#529 = CARTESIAN_POINT ( 'NONE',  ( 6.749999999999973355, 2.600000000000000089, 13.29134295108993769 ) ) ;
#530 = EDGE_CURVE ( 'NONE', #1605, #1509, #734, .T. ) ;
#531 = CARTESIAN_POINT ( 'NONE',  ( -3.949999999999908251, 2.600000000000000089, -10.07476219735900713 ) ) ;
#532 = ORIENTED_EDGE ( 'NONE', *, *, #1674, .T. ) ;
#533 = VERTEX_POINT ( 'NONE', #668 ) ;
#534 = DIRECTION ( 'NONE',  ( -0.000000000000000000, -1.000000000000000000, -0.000000000000000000 ) ) ;
#535 = PRODUCT_RELATED_PRODUCT_CATEGORY ( 'detail', '', ( #263 ) ) ;
#536 = FACE_OUTER_BOUND ( 'NONE', #392, .T. ) ;
#537 = VERTEX_POINT ( 'NONE', #1706 ) ;
#538 = CARTESIAN_POINT ( 'NONE',  ( -6.749999999999920064, 2.600000000000000089, -8.458181443628083329 ) ) ;
#539 = CARTESIAN_POINT ( 'NONE',  ( 9.549999999999974065, 2.600000000000000089, 10.07476219735899292 ) ) ;
#540 = EDGE_CURVE ( 'NONE', #1434, #336, #373, .T. ) ;
#541 = EDGE_LOOP ( 'NONE', ( #841, #457, #1478, #1778 ) ) ;
#542 = DIRECTION ( 'NONE',  ( -0.000000000000000000, -1.000000000000000000, -0.000000000000000000 ) ) ;
#543 = ORIENTED_EDGE ( 'NONE', *, *, #267, .T. ) ;
#544 = DIRECTION ( 'NONE',  ( 1.000000000000000000, 0.000000000000000000, 0.000000000000000000 ) ) ;
#545 = ADVANCED_FACE ( 'NONE', ( #521 ), #78, .F. ) ;
#546 = EDGE_CURVE ( 'NONE', #1887, #1675, #351, .T. ) ;
#547 = VECTOR ( 'NONE', #1468, 1000.000000000000000 ) ;
#548 = DIRECTION ( 'NONE',  ( 0.000000000000000000, 0.000000000000000000, -1.000000000000000000 ) ) ;
#549 = CC_DESIGN_APPROVAL ( #599, ( #1404 ) ) ;
#550 = ORIENTED_EDGE ( 'NONE', *, *, #956, .T. ) ;
#551 = AXIS2_PLACEMENT_3D ( 'NONE', #1424, #1571, #1262 ) ;
#552 = CARTESIAN_POINT ( 'NONE',  ( -3.950000000000064571, 2.600000000000000089, 13.30792370482085474 ) ) ;
#553 = PLANE ( 'NONE',  #71 ) ;
#554 = CLOSED_SHELL ( 'NONE', ( #1290, #289, #394, #1446, #619, #1370, #329, #261, #1111, #361, #75, #545, #1148, #1306, #473, #416, #1502, #479, #347, #1803, #21, #1524, #1334, #681, #1309, #120, #1841, #1873, #614, #398, #825, #920, #799, #1455, #1761, #822, #735, #339, #1256, #1214, #79, #1003, #1912, #1705, #11, #1122, #1048, #1018, #1380, #1184, #462, #1787, #1068, #1670, #148, #865, #57, #1267, #1713, #1737 ) ) ;
#555 = AXIS2_PLACEMENT_3D ( 'NONE', #1261, #1701, #1860 ) ;
#556 = ORIENTED_EDGE ( 'NONE', *, *, #1399, .F. ) ;
#557 = EDGE_CURVE ( 'NONE', #255, #782, #1865, .T. ) ;
#558 = VERTEX_POINT ( 'NONE', #972 ) ;
#559 = CARTESIAN_POINT ( 'NONE',  ( -9.550000000000048672, 0.000000000000000000, 10.07476219735893075 ) ) ;
#560 = LINE ( 'NONE', #439, #1183 ) ;
#561 = EDGE_LOOP ( 'NONE', ( #183, #751, #1395, #1072 ) ) ;
#562 = LINE ( 'NONE', #1492, #1540 ) ;
#563 = DIRECTION ( 'NONE',  ( -0.000000000000000000, -1.000000000000000000, -0.000000000000000000 ) ) ;
#564 = AXIS2_PLACEMENT_3D ( 'NONE', #35, #1077, #470 ) ;
#565 = EDGE_LOOP ( 'NONE', ( #1192, #1746, #1299, #1225 ) ) ;
#566 = VERTEX_POINT ( 'NONE', #511 ) ;
#567 = DIRECTION ( 'NONE',  ( 0.000000000000000000, -1.000000000000000000, 0.000000000000000000 ) ) ;
#568 = EDGE_CURVE ( 'NONE', #1893, #285, #1291, .T. ) ;
#569 = PERSON_AND_ORGANIZATION ( #1059, #900 ) ;
#570 = FACE_BOUND ( 'NONE', #1668, .T. ) ;
#571 = VERTEX_POINT ( 'NONE', #1265 ) ;
#572 = CARTESIAN_POINT ( 'NONE',  ( 3.949999999999970868, 2.600000000000000089, 13.30792370482088316 ) ) ;
#573 = LINE ( 'NONE', #1017, #18 ) ;
#574 = ORIENTED_EDGE ( 'NONE', *, *, #546, .T. ) ;
#575 = ORIENTED_EDGE ( 'NONE', *, *, #421, .T. ) ;
#576 = CARTESIAN_POINT ( 'NONE',  ( 0.000000000000000000, 5.000000000000000000, 0.000000000000000000 ) ) ;
#577 = COORDINATED_UNIVERSAL_TIME_OFFSET ( 8, 0, .AHEAD. ) ;
#578 = FACE_OUTER_BOUND ( 'NONE', #1777, .T. ) ;
#579 = VERTEX_POINT ( 'NONE', #1561 ) ;
#580 = AXIS2_PLACEMENT_3D ( 'NONE', #1367, #43, #1219 ) ;
#581 = DIRECTION ( 'NONE',  ( 0.8660254037844387076, 0.000000000000000000, 0.4999999999999997780 ) ) ;
#582 = CARTESIAN_POINT ( 'NONE',  ( 9.550000000000117950, 2.600000000000000089, -10.07476219735885969 ) ) ;
#583 = CARTESIAN_POINT ( 'NONE',  ( 13.49999999999999822, 0.000000000000000000, -3.233161507461900896 ) ) ;
#584 = EDGE_LOOP ( 'NONE', ( #1054, #676, #1279, #1145 ) ) ;
#585 = VECTOR ( 'NONE', #231, 1000.000000000000000 ) ;
#586 = ORIENTED_EDGE ( 'NONE', *, *, #1189, .T. ) ;
#587 = CARTESIAN_POINT ( 'NONE',  ( -16.29999999999999716, 2.600000000000000089, -1.616580753730952225 ) ) ;
#588 = DIRECTION ( 'NONE',  ( 0.000000000000000000, 1.000000000000000000, 0.000000000000000000 ) ) ;
#589 = DIRECTION ( 'NONE',  ( -0.8660254037844409281, 0.000000000000000000, 0.4999999999999960587 ) ) ;
#590 = VECTOR ( 'NONE', #1884, 1000.000000000000000 ) ;
#591 = DIRECTION ( 'NONE',  ( 0.8660254037844384856, 0.000000000000000000, -0.5000000000000003331 ) ) ;
#592 = ORIENTED_EDGE ( 'NONE', *, *, #1805, .F. ) ;
#593 = EDGE_CURVE ( 'NONE', #159, #1765, #1422, .T. ) ;
#594 = AXIS2_PLACEMENT_3D ( 'NONE', #348, #1550, #475 ) ;
#595 = CARTESIAN_POINT ( 'NONE',  ( 10.70000000000000107, 2.600000000000000089, -1.616580753730949560 ) ) ;
#596 = ORIENTED_EDGE ( 'NONE', *, *, #1062, .F. ) ;
#597 = DATE_AND_TIME ( #909, #867 ) ;
#598 = CARTESIAN_POINT ( 'NONE',  ( -13.50000000000000178, 2.600000000000000089, -3.233161507461902673 ) ) ;
#599 = APPROVAL ( #155, 'UNSPECIFIED' ) ;
#600 = DIRECTION ( 'NONE',  ( -0.000000000000000000, -1.000000000000000000, -0.000000000000000000 ) ) ;
#601 = FACE_OUTER_BOUND ( 'NONE', #87, .T. ) ;
#602 = ORIENTED_EDGE ( 'NONE', *, *, #1896, .F. ) ;
#603 = DIRECTION ( 'NONE',  ( 0.4999999999999960587, -0.000000000000000000, 0.8660254037844409281 ) ) ;
#604 = ORIENTED_EDGE ( 'NONE', *, *, #757, .T. ) ;
#605 = ORIENTED_EDGE ( 'NONE', *, *, #808, .F. ) ;
#606 = EDGE_CURVE ( 'NONE', #579, #313, #95, .T. ) ;
#607 = EDGE_CURVE ( 'NONE', #336, #1027, #453, .T. ) ;
#608 = LINE ( 'NONE', #1816, #1757 ) ;
#609 = LINE ( 'NONE', #583, #1934 ) ;
#610 = ORIENTED_EDGE ( 'NONE', *, *, #105, .T. ) ;
#611 = AXIS2_PLACEMENT_3D ( 'NONE', #314, #22, #1518 ) ;
#612 = LOCAL_TIME ( 21, 22, 9.000000000000000000, #577 ) ;
#613 = AXIS2_PLACEMENT_3D ( 'NONE', #156, #1923, #133 ) ;
#614 = ADVANCED_FACE ( 'NONE', ( #677 ), #365, .F. ) ;
#615 = CARTESIAN_POINT ( 'NONE',  ( 9.549999999999974065, 0.000000000000000000, 10.07476219735899292 ) ) ;
#616 = VECTOR ( 'NONE', #1135, 1000.000000000000000 ) ;
#617 = ORIENTED_EDGE ( 'NONE', *, *, #1640, .F. ) ;
#618 = CC_DESIGN_APPROVAL ( #172, ( #950 ) ) ;
#619 = ADVANCED_FACE ( 'NONE', ( #990 ), #1874, .F. ) ;
#620 = LINE ( 'NONE', #1692, #818 ) ;
#621 = CARTESIAN_POINT ( 'NONE',  ( -6.750000000000040856, 2.600000000000000089, 8.458181443627990959 ) ) ;
#622 = VERTEX_POINT ( 'NONE', #824 ) ;
#623 = CARTESIAN_POINT ( 'NONE',  ( -9.550000000000062883, 0.000000000000000000, 13.30792370482083165 ) ) ;
#624 = EDGE_CURVE ( 'NONE', #5, #1094, #1128, .T. ) ;
#625 = ORIENTED_EDGE ( 'NONE', *, *, #776, .F. ) ;
#626 = AXIS2_PLACEMENT_3D ( 'NONE', #413, #146, #157 ) ;
#627 = DIRECTION ( 'NONE',  ( -0.000000000000000000, -1.000000000000000000, -0.000000000000000000 ) ) ;
#628 = ORIENTED_EDGE ( 'NONE', *, *, #1099, .T. ) ;
#629 = AXIS2_PLACEMENT_3D ( 'NONE', #211, #1396, #1226 ) ;
#630 = EDGE_CURVE ( 'NONE', #1637, #1660, #654, .T. ) ;
#631 = FACE_OUTER_BOUND ( 'NONE', #913, .T. ) ;
#632 = DIRECTION ( 'NONE',  ( 0.8660254037844375974, 0.000000000000000000, 0.5000000000000016653 ) ) ;
#633 = ORIENTED_EDGE ( 'NONE', *, *, #970, .F. ) ;
#634 = ORIENTED_EDGE ( 'NONE', *, *, #1700, .F. ) ;
#635 = DIRECTION ( 'NONE',  ( -0.000000000000000000, -1.000000000000000000, -0.000000000000000000 ) ) ;
#636 = EDGE_CURVE ( 'NONE', #537, #1745, #236, .T. ) ;
#637 = ORIENTED_EDGE ( 'NONE', *, *, #1041, .T. ) ;
#638 = CARTESIAN_POINT ( 'NONE',  ( -10.70000000000000107, 0.000000000000000000, 1.616580753730949560 ) ) ;
#639 = VERTEX_POINT ( 'NONE', #831 ) ;
#640 = CARTESIAN_POINT ( 'NONE',  ( -6.750000000000072831, 2.600000000000000089, 14.92450445855179453 ) ) ;
#641 = CARTESIAN_POINT ( 'NONE',  ( -6.749999999999891642, 5.000000000000000000, -10.09134295108998458 ) ) ;
#642 = EDGE_LOOP ( 'NONE', ( #248, #1417, #436, #1051 ) ) ;
#643 = FACE_OUTER_BOUND ( 'NONE', #202, .T. ) ;
#644 = DIRECTION ( 'NONE',  ( 0.000000000000000000, 1.000000000000000000, 0.000000000000000000 ) ) ;
#645 = VECTOR ( 'NONE', #381, 1000.000000000000000 ) ;
#646 = DIRECTION ( 'NONE',  ( -0.000000000000000000, -1.000000000000000000, -0.000000000000000000 ) ) ;
#647 = ORIENTED_EDGE ( 'NONE', *, *, #383, .T. ) ;
#648 = EDGE_CURVE ( 'NONE', #41, #1230, #1427, .T. ) ;
#649 = FACE_BOUND ( 'NONE', #768, .T. ) ;
#650 = LOCAL_TIME ( 21, 22, 9.000000000000000000, #297 ) ;
#651 = LINE ( 'NONE', #1105, #161 ) ;
#652 = LINE ( 'NONE', #1254, #1005 ) ;
#653 = CARTESIAN_POINT ( 'NONE',  ( 3.949999999999977973, 0.000000000000000000, 10.07476219735897871 ) ) ;
#654 = LINE ( 'NONE', #1585, #1482 ) ;
#655 = VECTOR ( 'NONE', #1549, 1000.000000000000227 ) ;
#656 = FACE_OUTER_BOUND ( 'NONE', #1519, .T. ) ;
#657 = AXIS2_PLACEMENT_3D ( 'NONE', #1420, #1069, #353 ) ;
#658 = DIRECTION ( 'NONE',  ( -0.000000000000000000, -1.000000000000000000, -0.000000000000000000 ) ) ;
#659 = CARTESIAN_POINT ( 'NONE',  ( 9.549999999999966960, 2.600000000000000089, 13.30792370482089737 ) ) ;
#660 = LINE ( 'NONE', #839, #1471 ) ;
#661 = VECTOR ( 'NONE', #1144, 1000.000000000000000 ) ;
#662 = DIRECTION ( 'NONE',  ( -0.000000000000000000, -1.000000000000000000, -0.000000000000000000 ) ) ;
#663 = VERTEX_POINT ( 'NONE', #840 ) ;
#664 = DIRECTION ( 'NONE',  ( 0.8660254037844397068, 0.000000000000000000, -0.4999999999999979461 ) ) ;
#665 = CARTESIAN_POINT ( 'NONE',  ( -6.750000000000055067, 2.600000000000000089, 13.29134295108989150 ) ) ;
#666 = CARTESIAN_POINT ( 'NONE',  ( -3.950000000000064571, 0.000000000000000000, 13.30792370482085474 ) ) ;
#667 = FACE_OUTER_BOUND ( 'NONE', #974, .T. ) ;
#668 = CARTESIAN_POINT ( 'NONE',  ( -13.50000000000000000, 2.600000000000000089, 1.599999999999998979 ) ) ;
#669 = ORIENTED_EDGE ( 'NONE', *, *, #530, .F. ) ;
#670 = DIRECTION ( 'NONE',  ( -0.8660254037844432595, 0.000000000000000000, 0.4999999999999918954 ) ) ;
#671 = VECTOR ( 'NONE', #759, 1000.000000000000114 ) ;
#672 = CARTESIAN_POINT ( 'NONE',  ( 13.50000000000000000, 2.600000000000000089, 1.599999999999998979 ) ) ;
#673 = EDGE_CURVE ( 'NONE', #1233, #443, #1438, .T. ) ;
#674 = DIRECTION ( 'NONE',  ( 4.607425552194398854E-15, 0.000000000000000000, -1.000000000000000000 ) ) ;
#675 = PLANE ( 'NONE',  #1408 ) ;
#676 = ORIENTED_EDGE ( 'NONE', *, *, #1587, .F. ) ;
#677 = FACE_OUTER_BOUND ( 'NONE', #584, .T. ) ;
#678 = ORIENTED_EDGE ( 'NONE', *, *, #1319, .F. ) ;
#679 = CIRCLE ( 'NONE', #91, 1.599999999999998979 ) ;
#680 = CARTESIAN_POINT ( 'NONE',  ( -3.949999999999908251, 2.600000000000000089, -10.07476219735900713 ) ) ;
#681 = ADVANCED_FACE ( 'NONE', ( #951 ), #1552, .F. ) ;
#682 = PLANE ( 'NONE',  #973 ) ;
#683 = ORIENTED_EDGE ( 'NONE', *, *, #983, .F. ) ;
#684 = VECTOR ( 'NONE', #929, 1000.000000000000114 ) ;
#685 = DIRECTION ( 'NONE',  ( 0.8660254037844443697, 0.000000000000000000, -0.4999999999999900080 ) ) ;
#686 = FACE_OUTER_BOUND ( 'NONE', #883, .T. ) ;
#687 = EDGE_CURVE ( 'NONE', #411, #1745, #125, .T. ) ;
#688 = CARTESIAN_POINT ( 'NONE',  ( -9.550000000000048672, 2.600000000000000089, 10.07476219735893075 ) ) ;
#689 = EDGE_CURVE ( 'NONE', #1758, #1786, #1034, .T. ) ;
#690 = ORIENTED_EDGE ( 'NONE', *, *, #887, .T. ) ;
#691 = PLANE ( 'NONE',  #1793 ) ;
#692 = CARTESIAN_POINT ( 'NONE',  ( 6.750000000000135891, 2.600000000000000089, -11.69134295108984212 ) ) ;
#693 = DIRECTION ( 'NONE',  ( 0.000000000000000000, 0.000000000000000000, 1.000000000000000000 ) ) ;
#694 = ORIENTED_EDGE ( 'NONE', *, *, #47, .T. ) ;
#695 = CARTESIAN_POINT ( 'NONE',  ( -9.550000000000062883, 2.600000000000000089, 13.30792370482083165 ) ) ;
#696 = LINE ( 'NONE', #1157, #408 ) ;
#697 = ADVANCED_BREP_SHAPE_REPRESENTATION ( 'InRunnerLowerCarrierPlate', ( #1678, #454 ), #1211 ) ;
#698 = ORIENTED_EDGE ( 'NONE', *, *, #816, .F. ) ;
#699 = ORIENTED_EDGE ( 'NONE', *, *, #510, .T. ) ;
#700 = DIRECTION ( 'NONE',  ( 0.000000000000000000, 0.000000000000000000, -1.000000000000000000 ) ) ;
#701 = CARTESIAN_POINT ( 'NONE',  ( 13.50000000000000000, 2.600000000000000089, 0.000000000000000000 ) ) ;
#702 = EDGE_CURVE ( 'NONE', #1082, #1064, #726, .T. ) ;
#703 = AXIS2_PLACEMENT_3D ( 'NONE', #357, #1698, #221 ) ;
#704 = DIRECTION ( 'NONE',  ( 0.000000000000000000, 0.000000000000000000, -1.000000000000000000 ) ) ;
#705 = AXIS2_PLACEMENT_3D ( 'NONE', #1222, #1663, #1554 ) ;
#706 = AXIS2_PLACEMENT_3D ( 'NONE', #745, #1350, #1321 ) ;
#707 = DIRECTION ( 'NONE',  ( 0.000000000000000000, 0.000000000000000000, -1.000000000000000000 ) ) ;
#708 = DIRECTION ( 'NONE',  ( 0.000000000000000000, 0.000000000000000000, -1.000000000000000000 ) ) ;
#709 = SECURITY_CLASSIFICATION ( '', '', #1622 ) ;
#710 = EDGE_LOOP ( 'NONE', ( #123, #742, #1004, #1138 ) ) ;
#711 = EDGE_CURVE ( 'NONE', #440, #893, #1332, .T. ) ;
#712 = ORIENTED_EDGE ( 'NONE', *, *, #1755, .F. ) ;
#713 = FACE_BOUND ( 'NONE', #740, .T. ) ;
#714 = PERSON_AND_ORGANIZATION_ROLE ( 'creator' ) ;
#715 = DIRECTION ( 'NONE',  ( -0.000000000000000000, -1.000000000000000000, -0.000000000000000000 ) ) ;
#716 = AXIS2_PLACEMENT_3D ( 'NONE', #889, #1642, #1382 ) ;
#717 = EDGE_LOOP ( 'NONE', ( #1656, #1317, #894, #1221 ) ) ;
#718 = DIRECTION ( 'NONE',  ( -0.000000000000000000, -1.000000000000000000, -0.000000000000000000 ) ) ;
#719 = DIRECTION ( 'NONE',  ( 0.8660254037844385966, 0.000000000000000000, -0.5000000000000000000 ) ) ;
#720 = EDGE_LOOP ( 'NONE', ( #1614, #1790, #596, #1808 ) ) ;
#721 = EDGE_LOOP ( 'NONE', ( #1208, #1298, #428, #773 ) ) ;
#722 = LINE ( 'NONE', #587, #25 ) ;
#723 = PERSON_AND_ORGANIZATION ( #1059, #900 ) ;
#724 = FACE_OUTER_BOUND ( 'NONE', #1608, .T. ) ;
#725 = ORIENTED_EDGE ( 'NONE', *, *, #1358, .F. ) ;
#726 = LINE ( 'NONE', #10, #1351 ) ;
#727 = CARTESIAN_POINT ( 'NONE',  ( 6.750000000000175859, 2.600000000000000089, -14.92450445855174479 ) ) ;
#728 = DIRECTION ( 'NONE',  ( 0.000000000000000000, 1.000000000000000000, 0.000000000000000000 ) ) ;
#729 = ORIENTED_EDGE ( 'NONE', *, *, #242, .T. ) ;
#730 = ORIENTED_EDGE ( 'NONE', *, *, #779, .T. ) ;
#731 = FACE_BOUND ( 'NONE', #384, .T. ) ;
#732 = ORIENTED_EDGE ( 'NONE', *, *, #72, .T. ) ;
#733 = DIRECTION ( 'NONE',  ( -0.8660254037844385966, 0.000000000000000000, 0.5000000000000000000 ) ) ;
#734 = CIRCLE ( 'NONE', #1743, 1.599999999999998979 ) ;
#735 = ADVANCED_FACE ( 'NONE', ( #1203 ), #761, .F. ) ;
#736 = LINE ( 'NONE', #1503, #878 ) ;
#737 = DIRECTION ( 'NONE',  ( 0.000000000000000000, 0.000000000000000000, -1.000000000000000000 ) ) ;
#738 = CARTESIAN_POINT ( 'NONE',  ( -10.70000000000000107, 2.600000000000000089, -1.616580753730950892 ) ) ;
#739 = ORIENTED_EDGE ( 'NONE', *, *, #975, .F. ) ;
#740 = EDGE_LOOP ( 'NONE', ( #1044, #338 ) ) ;
#741 = DIRECTION ( 'NONE',  ( -0.8660254037844340447, 0.000000000000000000, -0.5000000000000078826 ) ) ;
#742 = ORIENTED_EDGE ( 'NONE', *, *, #82, .F. ) ;
#743 = EDGE_CURVE ( 'NONE', #566, #1440, #736, .T. ) ;
#744 = PERSON_AND_ORGANIZATION ( #1059, #900 ) ;
#745 = CARTESIAN_POINT ( 'NONE',  ( 6.750000000000175859, 2.600000000000000089, -14.92450445855174479 ) ) ;
#746 = EDGE_CURVE ( 'NONE', #388, #1727, #134, .T. ) ;
#747 = CARTESIAN_POINT ( 'NONE',  ( 6.750000000000098588, 2.600000000000000089, -8.458181443627939444 ) ) ;
#748 = AXIS2_PLACEMENT_3D ( 'NONE', #1343, #311, #911 ) ;
#749 = CARTESIAN_POINT ( 'NONE',  ( 9.550000000000155254, 2.600000000000000089, -13.30792370482076059 ) ) ;
#750 = EDGE_LOOP ( 'NONE', ( #848, #1840 ) ) ;
#751 = ORIENTED_EDGE ( 'NONE', *, *, #1028, .F. ) ;
#752 = EDGE_CURVE ( 'NONE', #1230, #622, #34, .T. ) ;
#753 = VECTOR ( 'NONE', #674, 1000.000000000000000 ) ;
#754 = CARTESIAN_POINT ( 'NONE',  ( -9.550000000000048672, 2.600000000000000089, 10.07476219735893075 ) ) ;
#755 = VERTEX_POINT ( 'NONE', #432 ) ;
#756 = ORIENTED_EDGE ( 'NONE', *, *, #762, .T. ) ;
#757 = EDGE_CURVE ( 'NONE', #1064, #1891, #498, .T. ) ;
#758 = APPROVAL_ROLE ( '' ) ;
#759 = DIRECTION ( 'NONE',  ( -0.8660254037844384856, 0.000000000000000000, 0.5000000000000003331 ) ) ;
#760 = VECTOR ( 'NONE', #402, 1000.000000000000000 ) ;
#761 = PLANE ( 'NONE',  #465 ) ;
#762 = EDGE_CURVE ( 'NONE', #1605, #1024, #562, .T. ) ;
#763 = FACE_OUTER_BOUND ( 'NONE', #874, .T. ) ;
#764 = ORIENTED_EDGE ( 'NONE', *, *, #624, .T. ) ;
#765 = EDGE_CURVE ( 'NONE', #1509, #39, #1175, .T. ) ;
#766 = FACE_OUTER_BOUND ( 'NONE', #1619, .T. ) ;
#767 = ORIENTED_EDGE ( 'NONE', *, *, #1234, .T. ) ;
#768 = EDGE_LOOP ( 'NONE', ( #1756, #1689 ) ) ;
#769 = EDGE_CURVE ( 'NONE', #1465, #443, #1323, .T. ) ;
#770 = CYLINDRICAL_SURFACE ( 'NONE', #555, 1.599999999999998979 ) ;
#771 = DIRECTION ( 'NONE',  ( -0.8660254037844432595, 0.000000000000000000, 0.4999999999999919509 ) ) ;
#772 = FACE_OUTER_BOUND ( 'NONE', #922, .T. ) ;
#773 = ORIENTED_EDGE ( 'NONE', *, *, #251, .T. ) ;
#774 = AXIS2_PLACEMENT_3D ( 'NONE', #1628, #153, #1043 ) ;
#775 = VECTOR ( 'NONE', #1792, 1000.000000000000227 ) ;
#776 = EDGE_CURVE ( 'NONE', #1920, #1356, #1016, .T. ) ;
#777 = CARTESIAN_POINT ( 'NONE',  ( -3.950000000000064571, 2.600000000000000089, 13.30792370482085474 ) ) ;
#778 = VERTEX_POINT ( 'NONE', #1185 ) ;
#779 = EDGE_CURVE ( 'NONE', #537, #1788, #1918, .T. ) ;
#780 = PLANE ( 'NONE',  #1311 ) ;
#781 = LINE ( 'NONE', #1232, #655 ) ;
#782 = VERTEX_POINT ( 'NONE', #423 ) ;
#783 = EDGE_LOOP ( 'NONE', ( #316, #1199, #1302, #1496 ) ) ;
#784 = CARTESIAN_POINT ( 'NONE',  ( 0.000000000000000000, 2.600000000000000089, 0.000000000000000000 ) ) ;
#785 = EDGE_LOOP ( 'NONE', ( #1376, #868, #683, #150 ) ) ;
#786 = VECTOR ( 'NONE', #1070, 1000.000000000000000 ) ;
#787 = DIRECTION ( 'NONE',  ( 0.8660254037844409281, 0.000000000000000000, -0.4999999999999960587 ) ) ;
#788 = EDGE_LOOP ( 'NONE', ( #690, #1707, #378, #271 ) ) ;
#789 = VECTOR ( 'NONE', #66, 1000.000000000000114 ) ;
#790 = CARTESIAN_POINT ( 'NONE',  ( 13.50000000000000178, 2.600000000000000089, 3.233161507461902673 ) ) ;
#791 = DIRECTION ( 'NONE',  ( 0.000000000000000000, 0.000000000000000000, -1.000000000000000000 ) ) ;
#792 = ORIENTED_EDGE ( 'NONE', *, *, #1658, .F. ) ;
#793 = CARTESIAN_POINT ( 'NONE',  ( 9.550000000000155254, 2.600000000000000089, -13.30792370482076059 ) ) ;
#794 = ORIENTED_EDGE ( 'NONE', *, *, #816, .T. ) ;
#795 = DIRECTION ( 'NONE',  ( 0.8660254037844328234, 0.000000000000000000, 0.5000000000000101030 ) ) ;
#796 = ORIENTED_EDGE ( 'NONE', *, *, #983, .T. ) ;
#797 = CARTESIAN_POINT ( 'NONE',  ( 16.29999999999999716, 2.600000000000000089, 1.616580753730952225 ) ) ;
#798 = CYLINDRICAL_SURFACE ( 'NONE', #1823, 1.599999999999998979 ) ;
#799 = ADVANCED_FACE ( 'NONE', ( #1615 ), #1783, .F. ) ;
#800 = ORIENTED_EDGE ( 'NONE', *, *, #1126, .T. ) ;
#801 = CARTESIAN_POINT ( 'NONE',  ( 13.50000000000000000, 5.000000000000000000, -1.599999999999998979 ) ) ;
#802 = FACE_OUTER_BOUND ( 'NONE', #1488, .T. ) ;
#803 = AXIS2_PLACEMENT_3D ( 'NONE', #815, #1409, #1416 ) ;
#804 = CARTESIAN_POINT ( 'NONE',  ( 6.749999999999978684, 2.600000000000000089, 8.458181443628035368 ) ) ;
#805 = APPROVAL_PERSON_ORGANIZATION ( #1916, #172, #758 ) ;
#806 = ORIENTED_EDGE ( 'NONE', *, *, #568, .F. ) ;
#807 = VECTOR ( 'NONE', #882, 1000.000000000000000 ) ;
#808 = EDGE_CURVE ( 'NONE', #497, #1829, #1775, .T. ) ;
#809 = VECTOR ( 'NONE', #821, 1000.000000000000000 ) ;
#810 = DIRECTION ( 'NONE',  ( -0.000000000000000000, -1.000000000000000000, -0.000000000000000000 ) ) ;
#811 = VECTOR ( 'NONE', #64, 1000.000000000000000 ) ;
#812 = DIRECTION ( 'NONE',  ( -0.000000000000000000, -1.000000000000000000, -0.000000000000000000 ) ) ;
#813 = CARTESIAN_POINT ( 'NONE',  ( 10.70000000000000107, 2.600000000000000089, 1.616580753730950892 ) ) ;
#814 = DIRECTION ( 'NONE',  ( -0.8660254037844387076, 0.000000000000000000, -0.4999999999999998890 ) ) ;
#815 = CARTESIAN_POINT ( 'NONE',  ( 0.000000000000000000, 5.000000000000000000, 0.000000000000000000 ) ) ;
#816 = EDGE_CURVE ( 'NONE', #1788, #5, #1025, .T. ) ;
#817 = DIRECTION ( 'NONE',  ( -4.329869796038108930E-15, 0.000000000000000000, 1.000000000000000000 ) ) ;
#818 = VECTOR ( 'NONE', #324, 1000.000000000000227 ) ;
#819 = LINE ( 'NONE', #1447, #1088 ) ;
#820 = PLANE ( 'NONE',  #657 ) ;
#821 = DIRECTION ( 'NONE',  ( 0.8660254037844432595, 0.000000000000000000, -0.4999999999999919509 ) ) ;
#822 = ADVANCED_FACE ( 'NONE', ( #1634 ), #1795, .F. ) ;
#823 = ORIENTED_EDGE ( 'NONE', *, *, #1103, .F. ) ;
#824 = CARTESIAN_POINT ( 'NONE',  ( 0.000000000000000000, 0.000000000000000000, -8.099999999999999645 ) ) ;
#825 = ADVANCED_FACE ( 'NONE', ( #200 ), #319, .F. ) ;
#826 = DIRECTION ( 'NONE',  ( -0.000000000000000000, -1.000000000000000000, -0.000000000000000000 ) ) ;
#827 = CARTESIAN_POINT ( 'NONE',  ( -6.749999999999891642, 2.600000000000000089, -10.09134295108998458 ) ) ;
#828 = DIRECTION ( 'NONE',  ( -0.000000000000000000, -1.000000000000000000, -0.000000000000000000 ) ) ;
#829 = LINE ( 'NONE', #219, #27 ) ;
#830 = EDGE_CURVE ( 'NONE', #1893, #1042, #679, .T. ) ;
#831 = CARTESIAN_POINT ( 'NONE',  ( 3.950000000000156497, 0.000000000000000000, -13.30792370482082454 ) ) ;
#832 = AXIS2_PLACEMENT_3D ( 'NONE', #1890, #1344, #737 ) ;
#833 = EDGE_CURVE ( 'NONE', #459, #904, #346, .T. ) ;
#834 = ORIENTED_EDGE ( 'NONE', *, *, #42, .T. ) ;
#835 = AXIS2_PLACEMENT_3D ( 'NONE', #1940, #1365, #1818 ) ;
#836 = CARTESIAN_POINT ( 'NONE',  ( 6.750000000000135891, 2.600000000000000089, -11.69134295108984212 ) ) ;
#837 = EDGE_LOOP ( 'NONE', ( #178, #1029 ) ) ;
#838 = LINE ( 'NONE', #1732, #1883 ) ;
#839 = CARTESIAN_POINT ( 'NONE',  ( 3.950000000000156497, 2.600000000000000089, -13.30792370482082454 ) ) ;
#840 = CARTESIAN_POINT ( 'NONE',  ( -16.29999999999999716, 0.000000000000000000, 1.616580753730949782 ) ) ;
#841 = ORIENTED_EDGE ( 'NONE', *, *, #1583, .F. ) ;
#842 = VERTEX_POINT ( 'NONE', #919 ) ;
#843 = FACE_OUTER_BOUND ( 'NONE', #1541, .T. ) ;
#844 = VECTOR ( 'NONE', #279, 1000.000000000000000 ) ;
#845 = VECTOR ( 'NONE', #1186, 1000.000000000000000 ) ;
#846 =( NAMED_UNIT ( * ) PLANE_ANGLE_UNIT ( ) SI_UNIT ( $, .RADIAN. ) );
#847 = PLANE ( 'NONE',  #367 ) ;
#848 = ORIENTED_EDGE ( 'NONE', *, *, #975, .T. ) ;
#849 = CIRCLE ( 'NONE', #1284, 1.599999999999998979 ) ;
#850 = VERTEX_POINT ( 'NONE', #493 ) ;
#851 = DIRECTION ( 'NONE',  ( -0.000000000000000000, -1.000000000000000000, -0.000000000000000000 ) ) ;
#852 = CARTESIAN_POINT ( 'NONE',  ( -13.50000000000000178, 0.000000000000000000, -3.233161507461902673 ) ) ;
#853 = ORIENTED_EDGE ( 'NONE', *, *, #1415, .T. ) ;
#854 = ORIENTED_EDGE ( 'NONE', *, *, #830, .T. ) ;
#855 = FACE_BOUND ( 'NONE', #154, .T. ) ;
#856 = LINE ( 'NONE', #376, #60 ) ;
#857 = DIRECTION ( 'NONE',  ( 0.000000000000000000, 0.000000000000000000, 1.000000000000000000 ) ) ;
#858 = EDGE_LOOP ( 'NONE', ( #1398, #301, #1685, #1287 ) ) ;
#859 = CARTESIAN_POINT ( 'NONE',  ( -3.949999999999908251, 0.000000000000000000, -10.07476219735900713 ) ) ;
#860 = CARTESIAN_POINT ( 'NONE',  ( 3.950000000000120970, 0.000000000000000000, -10.07476219735892364 ) ) ;
#861 = ORIENTED_EDGE ( 'NONE', *, *, #540, .F. ) ;
#862 = ORIENTED_EDGE ( 'NONE', *, *, #42, .F. ) ;
#863 = CARTESIAN_POINT ( 'NONE',  ( -6.749999999999891642, 2.600000000000000089, -11.69134295108998245 ) ) ;
#864 = DIRECTION ( 'NONE',  ( 0.000000000000000000, 0.000000000000000000, 1.000000000000000000 ) ) ;
#865 = ADVANCED_FACE ( 'NONE', ( #461 ), #798, .F. ) ;
#866 = LINE ( 'NONE', #598, #116 ) ;
#867 = LOCAL_TIME ( 21, 22, 9.000000000000000000, #1791 ) ;
#868 = ORIENTED_EDGE ( 'NONE', *, *, #189, .F. ) ;
#869 = VECTOR ( 'NONE', #658, 1000.000000000000000 ) ;
#870 = ORIENTED_EDGE ( 'NONE', *, *, #1141, .T. ) ;
#871 = CARTESIAN_POINT ( 'NONE',  ( 13.49999999999999822, 2.600000000000000089, -3.233161507461900896 ) ) ;
#872 = LINE ( 'NONE', #1477, #343 ) ;
#873 = AXIS2_PLACEMENT_3D ( 'NONE', #67, #212, #49 ) ;
#874 = EDGE_LOOP ( 'NONE', ( #764, #1526, #520, #794 ) ) ;
#875 = ORIENTED_EDGE ( 'NONE', *, *, #557, .T. ) ;
#876 = CARTESIAN_POINT ( 'NONE',  ( -10.70000000000000107, 2.600000000000000089, 1.616580753730949560 ) ) ;
#877 = FACE_OUTER_BOUND ( 'NONE', #2, .T. ) ;
#878 = VECTOR ( 'NONE', #441, 1000.000000000000000 ) ;
#879 = CARTESIAN_POINT ( 'NONE',  ( -9.550000000000062883, 0.000000000000000000, 13.30792370482083165 ) ) ;
#880 = LINE ( 'NONE', #1927, #1297 ) ;
#881 = VECTOR ( 'NONE', #1288, 1000.000000000000227 ) ;
#882 = DIRECTION ( 'NONE',  ( -0.000000000000000000, -1.000000000000000000, -0.000000000000000000 ) ) ;
#883 = EDGE_LOOP ( 'NONE', ( #1391, #97, #1155, #1592 ) ) ;
#884 = ORIENTED_EDGE ( 'NONE', *, *, #167, .F. ) ;
#885 = CARTESIAN_POINT ( 'NONE',  ( 13.50000000000000178, 2.600000000000000089, 3.233161507461902673 ) ) ;
#886 = EDGE_LOOP ( 'NONE', ( #1536, #238 ) ) ;
#887 = EDGE_CURVE ( 'NONE', #663, #778, #1702, .T. ) ;
#888 = FACE_OUTER_BOUND ( 'NONE', #141, .T. ) ;
#889 = CARTESIAN_POINT ( 'NONE',  ( -16.29999999999999716, 2.600000000000000089, 1.616580753730949782 ) ) ;
#890 = DIRECTION ( 'NONE',  ( -0.000000000000000000, -1.000000000000000000, -0.000000000000000000 ) ) ;
#891 = CC_DESIGN_PERSON_AND_ORGANIZATION_ASSIGNMENT ( #1510, #714, ( #1404 ) ) ;
#892 = CARTESIAN_POINT ( 'NONE',  ( 3.950000000000120970, 2.600000000000000089, -10.07476219735892364 ) ) ;
#893 = VERTEX_POINT ( 'NONE', #334 ) ;
#894 = ORIENTED_EDGE ( 'NONE', *, *, #198, .F. ) ;
#895 = DIRECTION ( 'NONE',  ( 0.8660254037844384856, 0.000000000000000000, -0.5000000000000002220 ) ) ;
#896 = ORIENTED_EDGE ( 'NONE', *, *, #1563, .F. ) ;
#897 = EDGE_CURVE ( 'NONE', #1074, #1819, #342, .T. ) ;
#898 = PERSON_AND_ORGANIZATION ( #1059, #900 ) ;
#899 = FACE_BOUND ( 'NONE', #187, .T. ) ;
#900 = ORGANIZATION ( 'UNSPECIFIED', 'UNSPECIFIED', '' ) ;
#901 = DIRECTION ( 'NONE',  ( -0.000000000000000000, -1.000000000000000000, -0.000000000000000000 ) ) ;
#902 = EDGE_CURVE ( 'NONE', #1675, #294, #174, .T. ) ;
#903 = CARTESIAN_POINT ( 'NONE',  ( -13.49999999999999822, 0.000000000000000000, 3.233161507461900896 ) ) ;
#904 = VERTEX_POINT ( 'NONE', #46 ) ;
#905 = EDGE_CURVE ( 'NONE', #1920, #23, #354, .T. ) ;
#906 = ORIENTED_EDGE ( 'NONE', *, *, #980, .T. ) ;
#907 = LOCAL_TIME ( 21, 22, 9.000000000000000000, #276 ) ;
#908 = CARTESIAN_POINT ( 'NONE',  ( -6.749999999999920064, 2.600000000000000089, -8.458181443628083329 ) ) ;
#909 = CALENDAR_DATE ( 2026, 26, 2 ) ;
#910 = LINE ( 'NONE', #1511, #671 ) ;
#911 = DIRECTION ( 'NONE',  ( 0.000000000000000000, 0.000000000000000000, 1.000000000000000000 ) ) ;
#912 = DIRECTION ( 'NONE',  ( 0.000000000000000000, 0.000000000000000000, 1.000000000000000000 ) ) ;
#913 = EDGE_LOOP ( 'NONE', ( #1903, #739, #1835, #315 ) ) ;
#914 = AXIS2_PLACEMENT_3D ( 'NONE', #1086, #1688, #502 ) ;
#915 = PLANE ( 'NONE',  #1340 ) ;
#916 = ORIENTED_EDGE ( 'NONE', *, *, #746, .F. ) ;
#917 = VERTEX_POINT ( 'NONE', #17 ) ;
#918 = FACE_OUTER_BOUND ( 'NONE', #1474, .T. ) ;
#919 = CARTESIAN_POINT ( 'NONE',  ( -6.750000000000072831, 0.000000000000000000, 14.92450445855179453 ) ) ;
#920 = ADVANCED_FACE ( 'NONE', ( #481 ), #1093, .F. ) ;
#921 = FACE_OUTER_BOUND ( 'NONE', #307, .T. ) ;
#922 = EDGE_LOOP ( 'NONE', ( #250, #993, #604, #1770 ) ) ;
#923 = DIRECTION ( 'NONE',  ( 0.000000000000000000, 0.000000000000000000, -1.000000000000000000 ) ) ;
#924 = VERTEX_POINT ( 'NONE', #641 ) ;
#925 = EDGE_LOOP ( 'NONE', ( #1076, #1159, #323, #1085 ) ) ;
#926 = CARTESIAN_POINT ( 'NONE',  ( -16.29999999999999716, 2.600000000000000089, -1.616580753730952225 ) ) ;
#927 = CARTESIAN_POINT ( 'NONE',  ( 2.155378366499341605E-15, 5.000000000000000000, 17.60000000000000142 ) ) ;
#928 = ORIENTED_EDGE ( 'NONE', *, *, #47, .F. ) ;
#929 = DIRECTION ( 'NONE',  ( 0.8660254037844375974, 0.000000000000000000, 0.5000000000000016653 ) ) ;
#930 = ORIENTED_EDGE ( 'NONE', *, *, #1245, .T. ) ;
#931 = VERTEX_POINT ( 'NONE', #1084 ) ;
#932 = VECTOR ( 'NONE', #144, 1000.000000000000000 ) ;
#933 = DIRECTION ( 'NONE',  ( -0.4999999999999998890, 0.000000000000000000, 0.8660254037844387076 ) ) ;
#934 = ORIENTED_EDGE ( 'NONE', *, *, #630, .T. ) ;
#935 = CARTESIAN_POINT ( 'NONE',  ( 0.000000000000000000, 0.000000000000000000, -17.60000000000000142 ) ) ;
#936 = LINE ( 'NONE', #1212, #1852 ) ;
#937 = ORIENTED_EDGE ( 'NONE', *, *, #1114, .F. ) ;
#938 = DIRECTION ( 'NONE',  ( -9.159339953157543036E-15, 0.000000000000000000, 1.000000000000000000 ) ) ;
#939 = ORIENTED_EDGE ( 'NONE', *, *, #673, .T. ) ;
#940 = VECTOR ( 'NONE', #581, 1000.000000000000227 ) ;
#941 = VECTOR ( 'NONE', #1776, 1000.000000000000000 ) ;
#942 = DIRECTION ( 'NONE',  ( -0.8660254037844443697, 0.000000000000000000, 0.4999999999999901190 ) ) ;
#943 = VERTEX_POINT ( 'NONE', #927 ) ;
#944 = VECTOR ( 'NONE', #1855, 1000.000000000000114 ) ;
#945 = EDGE_CURVE ( 'NONE', #1094, #437, #1529, .T. ) ;
#946 = DIRECTION ( 'NONE',  ( -1.137978600240785612E-14, 0.000000000000000000, 1.000000000000000000 ) ) ;
#947 = DIRECTION ( 'NONE',  ( -0.8660254037844363761, 0.000000000000000000, -0.5000000000000039968 ) ) ;
#948 = DIRECTION ( 'NONE',  ( 0.8660254037844363761, 0.000000000000000000, 0.5000000000000039968 ) ) ;
#949 = DIRECTION ( 'NONE',  ( -0.000000000000000000, -1.000000000000000000, -0.000000000000000000 ) ) ;
#950 = PRODUCT_DEFINITION ( 'UNKNOWN', '', #1404, #216 ) ;
#951 = FACE_OUTER_BOUND ( 'NONE', #229, .T. ) ;
#952 = VERTEX_POINT ( 'NONE', #181 ) ;
#953 = CARTESIAN_POINT ( 'NONE',  ( 9.550000000000155254, 2.600000000000000089, -13.30792370482076059 ) ) ;
#954 = DIRECTION ( 'NONE',  ( -0.000000000000000000, -1.000000000000000000, -0.000000000000000000 ) ) ;
#955 = DIRECTION ( 'NONE',  ( -1.165734175856414367E-14, 0.000000000000000000, 1.000000000000000000 ) ) ;
#956 = EDGE_CURVE ( 'NONE', #96, #372, #781, .T. ) ;
#957 = CARTESIAN_POINT ( 'NONE',  ( -9.549999999999872813, 0.000000000000000000, -13.30792370482096132 ) ) ;
#958 = EDGE_CURVE ( 'NONE', #31, #1797, #56, .T. ) ;
#959 = VECTOR ( 'NONE', #741, 1000.000000000000114 ) ;
#960 = CARTESIAN_POINT ( 'NONE',  ( 3.949999999999977973, 0.000000000000000000, 10.07476219735897871 ) ) ;
#961 = AXIS2_PLACEMENT_3D ( 'NONE', #1411, #1538, #1402 ) ;
#962 = AXIS2_PLACEMENT_3D ( 'NONE', #137, #1345, #1187 ) ;
#963 = AXIS2_PLACEMENT_3D ( 'NONE', #59, #969, #1567 ) ;
#964 = UNCERTAINTY_MEASURE_WITH_UNIT (LENGTH_MEASURE( 1.000000000000000082E-05 ), #994, 'distance_accuracy_value', 'NONE');
#965 = DIRECTION ( 'NONE',  ( -1.000000000000000000, 0.000000000000000000, -4.607425552194398854E-15 ) ) ;
#966 = AXIS2_PLACEMENT_3D ( 'NONE', #223, #965, #1294 ) ;
#967 = LINE ( 'NONE', #1133, #207 ) ;
#968 = DIRECTION ( 'NONE',  ( 0.4999999999999900635, -0.000000000000000000, 0.8660254037844444808 ) ) ;
#969 = DIRECTION ( 'NONE',  ( -0.000000000000000000, -1.000000000000000000, -0.000000000000000000 ) ) ;
#970 = EDGE_CURVE ( 'NONE', #639, #1905, #936, .T. ) ;
#971 = ORIENTED_EDGE ( 'NONE', *, *, #607, .F. ) ;
#972 = CARTESIAN_POINT ( 'NONE',  ( -10.70000000000000107, 2.600000000000000089, -1.616580753730950892 ) ) ;
#973 = AXIS2_PLACEMENT_3D ( 'NONE', #1739, #1002, #100 ) ;
#974 = EDGE_LOOP ( 'NONE', ( #1516, #1347, #1107, #543 ) ) ;
#975 = EDGE_CURVE ( 'NONE', #1509, #1605, #434, .T. ) ;
#976 = PLANE ( 'NONE',  #966 ) ;
#977 = CARTESIAN_POINT ( 'NONE',  ( -6.750000000000055067, 5.000000000000000000, 13.29134295108989150 ) ) ;
#978 = DIRECTION ( 'NONE',  ( 0.000000000000000000, 1.000000000000000000, 0.000000000000000000 ) ) ;
#979 = CARTESIAN_POINT ( 'NONE',  ( 0.000000000000000000, 5.000000000000000000, -8.099999999999999645 ) ) ;
#980 = EDGE_CURVE ( 'NONE', #931, #1094, #651, .T. ) ;
#981 = DIRECTION ( 'NONE',  ( -0.8660254037844363761, 0.000000000000000000, -0.5000000000000039968 ) ) ;
#982 = VERTEX_POINT ( 'NONE', #209 ) ;
#983 = EDGE_CURVE ( 'NONE', #1009, #1508, #608, .T. ) ;
#984 = DIRECTION ( 'NONE',  ( 1.137978600240785454E-14, 0.000000000000000000, -1.000000000000000000 ) ) ;
#985 = LINE ( 'NONE', #1564, #585 ) ;
#986 = ORIENTED_EDGE ( 'NONE', *, *, #776, .T. ) ;
#987 = CARTESIAN_POINT ( 'NONE',  ( 6.750000000000135891, 2.600000000000000089, -10.09134295108984425 ) ) ;
#988 = LINE ( 'NONE', #1880, #458 ) ;
#989 = EDGE_LOOP ( 'NONE', ( #1385, #243, #1378, #1450 ) ) ;
#990 = FACE_OUTER_BOUND ( 'NONE', #452, .T. ) ;
#991 = EDGE_LOOP ( 'NONE', ( #1220, #295, #1657, #1164 ) ) ;
#992 = VECTOR ( 'NONE', #981, 999.9999999999998863 ) ;
#993 = ORIENTED_EDGE ( 'NONE', *, *, #702, .T. ) ;
#994 =( LENGTH_UNIT ( ) NAMED_UNIT ( * ) SI_UNIT ( .MILLI., .METRE. ) );
#995 = DIRECTION ( 'NONE',  ( 0.000000000000000000, 1.000000000000000000, 0.000000000000000000 ) ) ;
#996 = LINE ( 'NONE', #695, #68 ) ;
#997 = PLANE ( 'NONE',  #472 ) ;
#998 = ORIENTED_EDGE ( 'NONE', *, *, #1249, .T. ) ;
#999 = EDGE_LOOP ( 'NONE', ( #374, #1925, #625, #1454 ) ) ;
#1000 = CARTESIAN_POINT ( 'NONE',  ( 16.29999999999999716, 2.600000000000000089, -1.616580753730949782 ) ) ;
#1001 = AXIS2_PLACEMENT_3D ( 'NONE', #1664, #37, #1826 ) ;
#1002 = DIRECTION ( 'NONE',  ( 0.5000000000000081046, 0.000000000000000000, -0.8660254037844340447 ) ) ;
#1003 = ADVANCED_FACE ( 'NONE', ( #1276 ), #682, .F. ) ;
#1004 = ORIENTED_EDGE ( 'NONE', *, *, #833, .T. ) ;
#1005 = VECTOR ( 'NONE', #938, 1000.000000000000000 ) ;
#1006 = CARTESIAN_POINT ( 'NONE',  ( -9.550000000000062883, 2.600000000000000089, 13.30792370482083165 ) ) ;
#1007 = CARTESIAN_POINT ( 'NONE',  ( -9.549999999999872813, 2.600000000000000089, -13.30792370482096132 ) ) ;
#1008 = CIRCLE ( 'NONE', #1359, 1.599999999999998979 ) ;
#1009 = VERTEX_POINT ( 'NONE', #362 ) ;
#1010 = ORIENTED_EDGE ( 'NONE', *, *, #167, .T. ) ;
#1011 = DIRECTION ( 'NONE',  ( 0.8660254037844408170, 0.000000000000000000, -0.4999999999999961142 ) ) ;
#1012 = APPROVAL_STATUS ( 'not_yet_approved' ) ;
#1013 = FACE_BOUND ( 'NONE', #1087, .T. ) ;
#1014 = ORIENTED_EDGE ( 'NONE', *, *, #1035, .T. ) ;
#1015 = VERTEX_POINT ( 'NONE', #1877 ) ;
#1016 = LINE ( 'NONE', #871, #940 ) ;
#1017 = CARTESIAN_POINT ( 'NONE',  ( -16.29999999999999716, 0.000000000000000000, -1.616580753730952225 ) ) ;
#1018 = ADVANCED_FACE ( 'NONE', ( #507, #1867 ), #847, .T. ) ;
#1019 = ORIENTED_EDGE ( 'NONE', *, *, #403, .T. ) ;
#1020 = ORIENTED_EDGE ( 'NONE', *, *, #198, .T. ) ;
#1021 = FACE_BOUND ( 'NONE', #1724, .T. ) ;
#1022 = DATE_TIME_ROLE ( 'creation_date' ) ;
#1023 = DIRECTION ( 'NONE',  ( -0.000000000000000000, -1.000000000000000000, -0.000000000000000000 ) ) ;
#1024 = VERTEX_POINT ( 'NONE', #672 ) ;
#1025 = LINE ( 'NONE', #1624, #844 ) ;
#1026 = CARTESIAN_POINT ( 'NONE',  ( 0.000000000000000000, 5.000000000000000000, -17.60000000000000142 ) ) ;
#1027 = VERTEX_POINT ( 'NONE', #827 ) ;
#1028 = EDGE_CURVE ( 'NONE', #31, #663, #254, .T. ) ;
#1029 = ORIENTED_EDGE ( 'NONE', *, *, #427, .F. ) ;
#1030 = FACE_OUTER_BOUND ( 'NONE', #1830, .T. ) ;
#1031 = ORIENTED_EDGE ( 'NONE', *, *, #412, .T. ) ;
#1032 = COORDINATED_UNIVERSAL_TIME_OFFSET ( 8, 0, .AHEAD. ) ;
#1033 = DIRECTION ( 'NONE',  ( 0.4999999999999998890, 0.000000000000000000, -0.8660254037844387076 ) ) ;
#1034 = CIRCLE ( 'NONE', #748, 17.60000000000000142 ) ;
#1035 = EDGE_CURVE ( 'NONE', #558, #512, #819, .T. ) ;
#1036 = DIRECTION ( 'NONE',  ( -0.000000000000000000, -1.000000000000000000, -0.000000000000000000 ) ) ;
#1037 = DIRECTION ( 'NONE',  ( 0.000000000000000000, 0.000000000000000000, 1.000000000000000000 ) ) ;
#1038 = VECTOR ( 'NONE', #1156, 1000.000000000000000 ) ;
#1039 = CARTESIAN_POINT ( 'NONE',  ( 9.550000000000155254, 0.000000000000000000, -13.30792370482076059 ) ) ;
#1040 = ORIENTED_EDGE ( 'NONE', *, *, #624, .F. ) ;
#1041 = EDGE_CURVE ( 'NONE', #294, #1727, #516, .T. ) ;
#1042 = VERTEX_POINT ( 'NONE', #1432 ) ;
#1043 = DIRECTION ( 'NONE',  ( 0.000000000000000000, -0.000000000000000000, 1.000000000000000000 ) ) ;
#1044 = ORIENTED_EDGE ( 'NONE', *, *, #1868, .F. ) ;
#1045 = CALENDAR_DATE ( 2026, 26, 2 ) ;
#1046 = EDGE_CURVE ( 'NONE', #1574, #842, #74, .T. ) ;
#1047 = CARTESIAN_POINT ( 'NONE',  ( 6.750000000000135891, 2.600000000000000089, -13.29134295108984176 ) ) ;
#1048 = ADVANCED_FACE ( 'NONE', ( #65 ), #1709, .F. ) ;
#1049 = DIRECTION ( 'NONE',  ( 0.000000000000000000, 0.000000000000000000, -1.000000000000000000 ) ) ;
#1050 = FACE_OUTER_BOUND ( 'NONE', #1312, .T. ) ;
#1051 = ORIENTED_EDGE ( 'NONE', *, *, #195, .T. ) ;
#1052 = EDGE_LOOP ( 'NONE', ( #1627, #1612 ) ) ;
#1053 = CARTESIAN_POINT ( 'NONE',  ( -13.50000000000000000, 2.600000000000000089, 0.000000000000000000 ) ) ;
#1054 = ORIENTED_EDGE ( 'NONE', *, *, #391, .T. ) ;
#1055 = CARTESIAN_POINT ( 'NONE',  ( -6.749999999999860556, 2.600000000000000089, -14.92450445855188690 ) ) ;
#1056 = AXIS2_PLACEMENT_3D ( 'NONE', #1053, #1457, #1810 ) ;
#1057 = CC_DESIGN_APPROVAL ( #1853, ( #709 ) ) ;
#1058 = CARTESIAN_POINT ( 'NONE',  ( -6.750000000000055067, 2.600000000000000089, 11.69134295108989363 ) ) ;
#1059 = PERSON ( 'UNSPECIFIED', 'UNSPECIFIED', 'UNSPECIFIED', ('UNSPECIFIED'), ('UNSPECIFIED'), ('UNSPECIFIED') ) ;
#1060 = VECTOR ( 'NONE', #442, 1000.000000000000000 ) ;
#1061 = FACE_OUTER_BOUND ( 'NONE', #194, .T. ) ;
#1062 = EDGE_CURVE ( 'NONE', #1797, #1235, #967, .T. ) ;
#1063 = CIRCLE ( 'NONE', #1652, 8.099999999999999645 ) ;
#1064 = VERTEX_POINT ( 'NONE', #665 ) ;
#1065 = LOCAL_TIME ( 21, 22, 9.000000000000000000, #1032 ) ;
#1066 = DIRECTION ( 'NONE',  ( 0.8660254037844363761, 0.000000000000000000, 0.5000000000000039968 ) ) ;
#1067 = ORIENTED_EDGE ( 'NONE', *, *, #765, .F. ) ;
#1068 = ADVANCED_FACE ( 'NONE', ( #536 ), #1751, .F. ) ;
#1069 = DIRECTION ( 'NONE',  ( -1.000000000000000000, 0.000000000000000000, -9.103828801926285209E-15 ) ) ;
#1070 = DIRECTION ( 'NONE',  ( 0.000000000000000000, 0.000000000000000000, -1.000000000000000000 ) ) ;
#1071 = CARTESIAN_POINT ( 'NONE',  ( 0.000000000000000000, 5.000000000000000000, 0.000000000000000000 ) ) ;
#1072 = ORIENTED_EDGE ( 'NONE', *, *, #1854, .T. ) ;
#1073 = CARTESIAN_POINT ( 'NONE',  ( 10.70000000000000107, 2.600000000000000089, -1.616580753730949560 ) ) ;
#1074 = VERTEX_POINT ( 'NONE', #397 ) ;
#1075 = EDGE_CURVE ( 'NONE', #943, #417, #332, .T. ) ;
#1076 = ORIENTED_EDGE ( 'NONE', *, *, #344, .F. ) ;
#1077 = DIRECTION ( 'NONE',  ( -0.000000000000000000, -1.000000000000000000, -0.000000000000000000 ) ) ;
#1078 = DIRECTION ( 'NONE',  ( 0.5000000000000039968, 0.000000000000000000, -0.8660254037844363761 ) ) ;
#1079 = LINE ( 'NONE', #1413, #944 ) ;
#1080 = ORIENTED_EDGE ( 'NONE', *, *, #1046, .T. ) ;
#1081 = FACE_OUTER_BOUND ( 'NONE', #565, .T. ) ;
#1082 = VERTEX_POINT ( 'NONE', #977 ) ;
#1083 = CARTESIAN_POINT ( 'NONE',  ( 9.550000000000117950, 0.000000000000000000, -10.07476219735885969 ) ) ;
#1084 = CARTESIAN_POINT ( 'NONE',  ( 6.749999999999978684, 2.600000000000000089, 8.458181443628035368 ) ) ;
#1085 = ORIENTED_EDGE ( 'NONE', *, *, #1537, .T. ) ;
#1086 = CARTESIAN_POINT ( 'NONE',  ( -6.749999999999891642, 5.000000000000000000, -11.69134295108998245 ) ) ;
#1087 = EDGE_LOOP ( 'NONE', ( #406, #1811 ) ) ;
#1088 = VECTOR ( 'NONE', #526, 1000.000000000000000 ) ;
#1089 = EDGE_CURVE ( 'NONE', #437, #1130, #1140, .T. ) ;
#1090 = CARTESIAN_POINT ( 'NONE',  ( 0.000000000000000000, 5.000000000000000000, -17.60000000000000142 ) ) ;
#1091 = ORIENTED_EDGE ( 'NONE', *, *, #636, .T. ) ;
#1092 = CARTESIAN_POINT ( 'NONE',  ( 6.750000000000098588, 2.600000000000000089, -8.458181443627939444 ) ) ;
#1093 = PLANE ( 'NONE',  #1439 ) ;
#1094 = VERTEX_POINT ( 'NONE', #377 ) ;
#1095 = EDGE_CURVE ( 'NONE', #159, #1239, #985, .T. ) ;
#1096 = CARTESIAN_POINT ( 'NONE',  ( -13.49999999999999822, 0.000000000000000000, 3.233161507461900896 ) ) ;
#1097 = FACE_BOUND ( 'NONE', #837, .T. ) ;
#1098 = VECTOR ( 'NONE', #325, 1000.000000000000000 ) ;
#1099 = EDGE_CURVE ( 'NONE', #1898, #138, #235, .T. ) ;
#1100 = CARTESIAN_POINT ( 'NONE',  ( -10.70000000000000107, 2.600000000000000089, 1.616580753730949560 ) ) ;
#1101 = ORIENTED_EDGE ( 'NONE', *, *, #1805, .T. ) ;
#1102 = AXIS2_PLACEMENT_3D ( 'NONE', #48, #1246, #1845 ) ;
#1103 = EDGE_CURVE ( 'NONE', #1362, #41, #1651, .T. ) ;
#1104 = DIRECTION ( 'NONE',  ( 0.8660254037844363761, 0.000000000000000000, 0.5000000000000039968 ) ) ;
#1105 = CARTESIAN_POINT ( 'NONE',  ( 6.749999999999978684, 2.600000000000000089, 8.458181443628035368 ) ) ;
#1106 = EDGE_CURVE ( 'NONE', #1042, #1893, #272, .T. ) ;
#1107 = ORIENTED_EDGE ( 'NONE', *, *, #1723, .F. ) ;
#1108 = CYLINDRICAL_SURFACE ( 'NONE', #629, 1.599999999999998979 ) ;
#1109 = DIRECTION ( 'NONE',  ( -0.000000000000000000, -1.000000000000000000, -0.000000000000000000 ) ) ;
#1110 = DIRECTION ( 'NONE',  ( 0.000000000000000000, 0.000000000000000000, -1.000000000000000000 ) ) ;
#1111 = ADVANCED_FACE ( 'NONE', ( #899, #1936, #570, #1013, #1484, #1459, #265, #1611 ), #1331, .T. ) ;
#1112 = DIRECTION ( 'NONE',  ( -0.000000000000000000, -1.000000000000000000, -0.000000000000000000 ) ) ;
#1113 = DIRECTION ( 'NONE',  ( -0.5000000000000101030, 0.000000000000000000, 0.8660254037844328234 ) ) ;
#1114 = EDGE_CURVE ( 'NONE', #1235, #558, #866, .T. ) ;
#1115 = LINE ( 'NONE', #1606, #247 ) ;
#1116 = CARTESIAN_POINT ( 'NONE',  ( -16.29999999999999716, 2.600000000000000089, 1.616580753730949782 ) ) ;
#1117 = AXIS2_PLACEMENT_3D ( 'NONE', #863, #1620, #1922 ) ;
#1118 = CARTESIAN_POINT ( 'NONE',  ( -6.749999999999891642, 2.600000000000000089, -13.29134295108998209 ) ) ;
#1119 = AXIS2_PLACEMENT_3D ( 'NONE', #836, #387, #89 ) ;
#1120 = AXIS2_PLACEMENT_3D ( 'NONE', #519, #356, #1426 ) ;
#1121 = CARTESIAN_POINT ( 'NONE',  ( 6.750000000000175859, 0.000000000000000000, -14.92450445855174479 ) ) ;
#1122 = ADVANCED_FACE ( 'NONE', ( #724 ), #1623, .F. ) ;
#1123 = CARTESIAN_POINT ( 'NONE',  ( 6.750000000000098588, 2.600000000000000089, -8.458181443627939444 ) ) ;
#1124 = CARTESIAN_POINT ( 'NONE',  ( -9.549999999999903011, 2.600000000000000089, -10.07476219735905865 ) ) ;
#1125 = LINE ( 'NONE', #957, #809 ) ;
#1126 = EDGE_CURVE ( 'NONE', #1074, #138, #110, .T. ) ;
#1127 = ORIENTED_EDGE ( 'NONE', *, *, #63, .F. ) ;
#1128 = LINE ( 'NONE', #960, #4 ) ;
#1129 = VECTOR ( 'NONE', #1938, 1000.000000000000000 ) ;
#1130 = VERTEX_POINT ( 'NONE', #1172 ) ;
#1131 = AXIS2_PLACEMENT_3D ( 'NONE', #1300, #978, #1753 ) ;
#1132 = DIRECTION ( 'NONE',  ( 0.000000000000000000, 0.000000000000000000, -1.000000000000000000 ) ) ;
#1133 = CARTESIAN_POINT ( 'NONE',  ( -16.29999999999999716, 2.600000000000000089, -1.616580753730952225 ) ) ;
#1134 = LINE ( 'NONE', #538, #500 ) ;
#1135 = DIRECTION ( 'NONE',  ( -0.000000000000000000, -1.000000000000000000, -0.000000000000000000 ) ) ;
#1136 = ORIENTED_EDGE ( 'NONE', *, *, #189, .T. ) ;
#1137 = CARTESIAN_POINT ( 'NONE',  ( -6.750000000000072831, 2.600000000000000089, 14.92450445855179453 ) ) ;
#1138 = ORIENTED_EDGE ( 'NONE', *, *, #1392, .T. ) ;
#1139 = LINE ( 'NONE', #1875, #1410 ) ;
#1140 = LINE ( 'NONE', #1579, #1780 ) ;
#1141 = EDGE_CURVE ( 'NONE', #1727, #1765, #1641, .T. ) ;
#1142 = ORIENTED_EDGE ( 'NONE', *, *, #273, .T. ) ;
#1143 = LINE ( 'NONE', #552, #1038 ) ;
#1144 = DIRECTION ( 'NONE',  ( -0.000000000000000000, -1.000000000000000000, -0.000000000000000000 ) ) ;
#1145 = ORIENTED_EDGE ( 'NONE', *, *, #1824, .T. ) ;
#1146 = ORIENTED_EDGE ( 'NONE', *, *, #273, .F. ) ;
#1147 = VECTOR ( 'NONE', #3, 999.9999999999998863 ) ;
#1148 = ADVANCED_FACE ( 'NONE', ( #877 ), #1310, .F. ) ;
#1149 = ORIENTED_EDGE ( 'NONE', *, *, #195, .F. ) ;
#1150 = AXIS2_PLACEMENT_3D ( 'NONE', #1431, #1708, #664 ) ;
#1151 = DIRECTION ( 'NONE',  ( -1.165734175856414367E-14, 0.000000000000000000, 1.000000000000000000 ) ) ;
#1152 = DIRECTION ( 'NONE',  ( -0.000000000000000000, -1.000000000000000000, -0.000000000000000000 ) ) ;
#1153 = CARTESIAN_POINT ( 'NONE',  ( -6.749999999999920064, 0.000000000000000000, -8.458181443628083329 ) ) ;
#1154 = AXIS2_PLACEMENT_3D ( 'NONE', #701, #368, #1738 ) ;
#1155 = ORIENTED_EDGE ( 'NONE', *, *, #689, .T. ) ;
#1156 = DIRECTION ( 'NONE',  ( -0.000000000000000000, -1.000000000000000000, -0.000000000000000000 ) ) ;
#1157 = CARTESIAN_POINT ( 'NONE',  ( 10.70000000000000107, 2.600000000000000089, 1.616580753730950892 ) ) ;
#1158 = ORIENTED_EDGE ( 'NONE', *, *, #1282, .T. ) ;
#1159 = ORIENTED_EDGE ( 'NONE', *, *, #1282, .F. ) ;
#1160 = DIRECTION ( 'NONE',  ( -0.000000000000000000, -1.000000000000000000, -0.000000000000000000 ) ) ;
#1161 = APPLICATION_PROTOCOL_DEFINITION ( 'international standard', 'config_control_design', 1994, #1353 ) ;
#1162 = DIRECTION ( 'NONE',  ( -0.000000000000000000, -1.000000000000000000, -0.000000000000000000 ) ) ;
#1163 = EDGE_CURVE ( 'NONE', #1082, #1577, #491, .T. ) ;
#1164 = ORIENTED_EDGE ( 'NONE', *, *, #743, .T. ) ;
#1165 = VECTOR ( 'NONE', #1435, 1000.000000000000000 ) ;
#1166 = DIRECTION ( 'NONE',  ( -0.000000000000000000, -1.000000000000000000, -0.000000000000000000 ) ) ;
#1167 = LINE ( 'NONE', #1026, #1206 ) ;
#1168 = ORIENTED_EDGE ( 'NONE', *, *, #743, .F. ) ;
#1169 = EDGE_LOOP ( 'NONE', ( #1691, #1168, #266, #182 ) ) ;
#1170 = FACE_BOUND ( 'NONE', #468, .T. ) ;
#1171 = DATE_AND_TIME ( #132, #907 ) ;
#1172 = CARTESIAN_POINT ( 'NONE',  ( 9.549999999999966960, 0.000000000000000000, 13.30792370482089737 ) ) ;
#1173 = EDGE_CURVE ( 'NONE', #304, #459, #26, .T. ) ;
#1174 = ORIENTED_EDGE ( 'NONE', *, *, #267, .F. ) ;
#1175 = LINE ( 'NONE', #1653, #1694 ) ;
#1176 = CARTESIAN_POINT ( 'NONE',  ( -3.950000000000064571, 2.600000000000000089, 13.30792370482085474 ) ) ;
#1177 = EDGE_LOOP ( 'NONE', ( #971, #1544 ) ) ;
#1178 = ORIENTED_EDGE ( 'NONE', *, *, #1654, .T. ) ;
#1179 = CARTESIAN_POINT ( 'NONE',  ( -6.749999999999920064, 2.600000000000000089, -8.458181443628083329 ) ) ;
#1180 = APPROVAL_DATE_TIME ( #597, #599 ) ;
#1181 = CARTESIAN_POINT ( 'NONE',  ( -13.50000000000000178, 2.600000000000000089, -3.233161507461902673 ) ) ;
#1182 = ORIENTED_EDGE ( 'NONE', *, *, #1595, .F. ) ;
#1183 = VECTOR ( 'NONE', #857, 1000.000000000000000 ) ;
#1184 = ADVANCED_FACE ( 'NONE', ( #888 ), #298, .F. ) ;
#1185 = CARTESIAN_POINT ( 'NONE',  ( -16.29999999999999716, 0.000000000000000000, -1.616580753730952225 ) ) ;
#1186 = DIRECTION ( 'NONE',  ( -0.000000000000000000, -1.000000000000000000, -0.000000000000000000 ) ) ;
#1187 = DIRECTION ( 'NONE',  ( 0.000000000000000000, 0.000000000000000000, -1.000000000000000000 ) ) ;
#1188 = ORIENTED_EDGE ( 'NONE', *, *, #1441, .T. ) ;
#1189 = EDGE_CURVE ( 'NONE', #1745, #5, #278, .T. ) ;
#1190 = ORIENTED_EDGE ( 'NONE', *, *, #489, .F. ) ;
#1191 = LINE ( 'NONE', #286, #1813 ) ;
#1192 = ORIENTED_EDGE ( 'NONE', *, *, #606, .T. ) ;
#1193 = PERSON_AND_ORGANIZATION ( #1059, #900 ) ;
#1194 = CARTESIAN_POINT ( 'NONE',  ( -6.749999999999860556, 2.600000000000000089, -14.92450445855188690 ) ) ;
#1195 = VECTOR ( 'NONE', #1766, 1000.000000000000000 ) ;
#1196 = DIRECTION ( 'NONE',  ( -0.000000000000000000, -1.000000000000000000, -0.000000000000000000 ) ) ;
#1197 = CIRCLE ( 'NONE', #1725, 1.599999999999998979 ) ;
#1198 = CYLINDRICAL_SURFACE ( 'NONE', #962, 1.599999999999998979 ) ;
#1199 = ORIENTED_EDGE ( 'NONE', *, *, #1329, .F. ) ;
#1200 = CARTESIAN_POINT ( 'NONE',  ( -6.749999999999891642, 2.600000000000000089, -13.29134295108998209 ) ) ;
#1201 = CALENDAR_DATE ( 2026, 26, 2 ) ;
#1202 = DIRECTION ( 'NONE',  ( -0.8660254037844387076, 0.000000000000000000, -0.4999999999999998890 ) ) ;
#1203 = FACE_OUTER_BOUND ( 'NONE', #561, .T. ) ;
#1204 = PLANE ( 'NONE',  #1686 ) ;
#1205 = ORIENTED_EDGE ( 'NONE', *, *, #391, .F. ) ;
#1206 = VECTOR ( 'NONE', #1324, 1000.000000000000000 ) ;
#1207 = CARTESIAN_POINT ( 'NONE',  ( 6.749999999999973355, 2.600000000000000089, 11.69134295108993804 ) ) ;
#1208 = ORIENTED_EDGE ( 'NONE', *, *, #1563, .T. ) ;
#1209 = ORIENTED_EDGE ( 'NONE', *, *, #1809, .F. ) ;
#1210 = VECTOR ( 'NONE', #1066, 999.9999999999998863 ) ;
#1211 =( GEOMETRIC_REPRESENTATION_CONTEXT ( 3 ) GLOBAL_UNCERTAINTY_ASSIGNED_CONTEXT ( ( #964 ) ) GLOBAL_UNIT_ASSIGNED_CONTEXT ( ( #994, #846, #1285 ) ) REPRESENTATION_CONTEXT ( 'NONE', 'WORKASPACE' ) );
#1212 = CARTESIAN_POINT ( 'NONE',  ( 3.950000000000156497, 0.000000000000000000, -13.30792370482082454 ) ) ;
#1213 = AXIS2_PLACEMENT_3D ( 'NONE', #1123, #1113, #1861 ) ;
#1214 = ADVANCED_FACE ( 'NONE', ( #578 ), #1782, .F. ) ;
#1215 = LINE ( 'NONE', #168, #1060 ) ;
#1216 = AXIS2_PLACEMENT_3D ( 'NONE', #349, #1856, #1767 ) ;
#1217 = ORIENTED_EDGE ( 'NONE', *, *, #1662, .T. ) ;
#1218 = VECTOR ( 'NONE', #206, 1000.000000000000000 ) ;
#1219 = DIRECTION ( 'NONE',  ( 0.000000000000000000, 0.000000000000000000, -1.000000000000000000 ) ) ;
#1220 = ORIENTED_EDGE ( 'NONE', *, *, #1896, .T. ) ;
#1221 = ORIENTED_EDGE ( 'NONE', *, *, #1862, .T. ) ;
#1222 = CARTESIAN_POINT ( 'NONE',  ( -16.29999999999999716, 2.600000000000000089, -1.616580753730952225 ) ) ;
#1223 = CARTESIAN_POINT ( 'NONE',  ( -13.50000000000000000, 5.000000000000000000, 0.000000000000000000 ) ) ;
#1224 = AXIS2_PLACEMENT_3D ( 'NONE', #1058, #718, #1049 ) ;
#1225 = ORIENTED_EDGE ( 'NONE', *, *, #1809, .T. ) ;
#1226 = DIRECTION ( 'NONE',  ( 0.000000000000000000, 0.000000000000000000, -1.000000000000000000 ) ) ;
#1227 = ORIENTED_EDGE ( 'NONE', *, *, #1937, .T. ) ;
#1228 = DIRECTION ( 'NONE',  ( 0.4999999999999997780, 0.000000000000000000, -0.8660254037844388186 ) ) ;
#1229 = EDGE_LOOP ( 'NONE', ( #101, #422, #1266, #1361, #1599, #1929 ) ) ;
#1230 = VERTEX_POINT ( 'NONE', #1632 ) ;
#1231 = CYLINDRICAL_SURFACE ( 'NONE', #961, 1.599999999999998979 ) ;
#1232 = CARTESIAN_POINT ( 'NONE',  ( 16.29999999999999716, 2.600000000000000089, 1.616580753730952225 ) ) ;
#1233 = VERTEX_POINT ( 'NONE', #1491 ) ;
#1234 = EDGE_CURVE ( 'NONE', #20, #579, #1908, .T. ) ;
#1235 = VERTEX_POINT ( 'NONE', #1341 ) ;
#1236 = LINE ( 'NONE', #337, #94 ) ;
#1237 = ORIENTED_EDGE ( 'NONE', *, *, #1141, .F. ) ;
#1238 = DIRECTION ( 'NONE',  ( -0.8660254037844384856, 0.000000000000000000, 0.5000000000000002220 ) ) ;
#1239 = VERTEX_POINT ( 'NONE', #1055 ) ;
#1240 = EDGE_CURVE ( 'NONE', #1239, #917, #1650, .T. ) ;
#1241 = DIRECTION ( 'NONE',  ( -0.000000000000000000, -1.000000000000000000, -0.000000000000000000 ) ) ;
#1242 = DIRECTION ( 'NONE',  ( 0.000000000000000000, 0.000000000000000000, -1.000000000000000000 ) ) ;
#1243 = ORIENTED_EDGE ( 'NONE', *, *, #1106, .T. ) ;
#1244 = AXIS2_PLACEMENT_3D ( 'NONE', #876, #296, #895 ) ;
#1245 = EDGE_CURVE ( 'NONE', #1356, #96, #560, .T. ) ;
#1246 = DIRECTION ( 'NONE',  ( 0.4999999999999980016, -0.000000000000000000, 0.8660254037844398178 ) ) ;
#1247 = CARTESIAN_POINT ( 'NONE',  ( 3.950000000000120970, 2.600000000000000089, -10.07476219735892364 ) ) ;
#1248 = DIRECTION ( 'NONE',  ( 0.000000000000000000, 0.000000000000000000, -1.000000000000000000 ) ) ;
#1249 = EDGE_CURVE ( 'NONE', #1042, #533, #310, .T. ) ;
#1250 = ORIENTED_EDGE ( 'NONE', *, *, #1798, .T. ) ;
#1251 = EDGE_CURVE ( 'NONE', #512, #755, #910, .T. ) ;
#1252 = LINE ( 'NONE', #1092, #1218 ) ;
#1253 = CARTESIAN_POINT ( 'NONE',  ( -16.29999999999999716, 2.600000000000000089, 1.616580753730949782 ) ) ;
#1254 = CARTESIAN_POINT ( 'NONE',  ( -3.949999999999878941, 0.000000000000000000, -13.30792370482091158 ) ) ;
#1255 = DIRECTION ( 'NONE',  ( 0.000000000000000000, -1.000000000000000000, 0.000000000000000000 ) ) ;
#1256 = ADVANCED_FACE ( 'NONE', ( #1807 ), #239, .F. ) ;
#1257 = VECTOR ( 'NONE', #542, 1000.000000000000000 ) ;
#1258 = CARTESIAN_POINT ( 'NONE',  ( 13.50000000000000178, 0.000000000000000000, 3.233161507461902673 ) ) ;
#1259 = VERTEX_POINT ( 'NONE', #892 ) ;
#1260 = AXIS2_PLACEMENT_3D ( 'NONE', #784, #355, #948 ) ;
#1261 = CARTESIAN_POINT ( 'NONE',  ( 6.750000000000135891, 2.600000000000000089, -11.69134295108984212 ) ) ;
#1262 = DIRECTION ( 'NONE',  ( 9.159339953157543036E-15, 0.000000000000000000, -1.000000000000000000 ) ) ;
#1263 = CARTESIAN_POINT ( 'NONE',  ( -13.50000000000000000, 2.600000000000000089, 0.000000000000000000 ) ) ;
#1264 = LINE ( 'NONE', #226, #1716 ) ;
#1265 = CARTESIAN_POINT ( 'NONE',  ( -10.70000000000000107, 0.000000000000000000, 1.616580753730949560 ) ) ;
#1266 = ORIENTED_EDGE ( 'NONE', *, *, #1700, .T. ) ;
#1267 = ADVANCED_FACE ( 'NONE', ( #1061 ), #1198, .F. ) ;
#1268 = CARTESIAN_POINT ( 'NONE',  ( -13.49999999999999822, 2.600000000000000089, 3.233161507461900896 ) ) ;
#1269 = DIRECTION ( 'NONE',  ( -0.8660254037844432595, 0.000000000000000000, 0.4999999999999919509 ) ) ;
#1270 = CARTESIAN_POINT ( 'NONE',  ( -6.749999999999891642, 2.600000000000000089, -10.09134295108998458 ) ) ;
#1271 = LINE ( 'NONE', #979, #517 ) ;
#1272 = DIRECTION ( 'NONE',  ( -0.000000000000000000, -1.000000000000000000, -0.000000000000000000 ) ) ;
#1273 = ORIENTED_EDGE ( 'NONE', *, *, #1, .T. ) ;
#1274 = VECTOR ( 'NONE', #217, 1000.000000000000000 ) ;
#1275 = CARTESIAN_POINT ( 'NONE',  ( 3.950000000000120970, 2.600000000000000089, -10.07476219735892364 ) ) ;
#1276 = FACE_OUTER_BOUND ( 'NONE', #482, .T. ) ;
#1277 = CARTESIAN_POINT ( 'NONE',  ( 6.749999999999973355, 2.600000000000000089, 13.29134295108993769 ) ) ;
#1278 = ORIENTED_EDGE ( 'NONE', *, *, #335, .F. ) ;
#1279 = ORIENTED_EDGE ( 'NONE', *, *, #557, .F. ) ;
#1280 = CARTESIAN_POINT ( 'NONE',  ( 9.919639073093559228E-16, 5.000000000000000000, 8.099999999999999645 ) ) ;
#1281 = VECTOR ( 'NONE', #600, 1000.000000000000000 ) ;
#1282 = EDGE_CURVE ( 'NONE', #417, #943, #1715, .T. ) ;
#1283 = ORIENTED_EDGE ( 'NONE', *, *, #1295, .F. ) ;
#1284 = AXIS2_PLACEMENT_3D ( 'NONE', #245, #518, #389 ) ;
#1285 =( NAMED_UNIT ( * ) SI_UNIT ( $, .STERADIAN. ) SOLID_ANGLE_UNIT ( ) );
#1286 = CARTESIAN_POINT ( 'NONE',  ( 0.000000000000000000, 5.000000000000000000, 0.000000000000000000 ) ) ;
#1287 = ORIENTED_EDGE ( 'NONE', *, *, #1399, .T. ) ;
#1288 = DIRECTION ( 'NONE',  ( -0.8660254037844443697, 0.000000000000000000, 0.4999999999999900080 ) ) ;
#1289 = CYLINDRICAL_SURFACE ( 'NONE', #832, 17.60000000000000142 ) ;
#1290 = ADVANCED_FACE ( 'NONE', ( #843 ), #1655, .F. ) ;
#1291 = LINE ( 'NONE', #1892, #151 ) ;
#1292 = ORIENTED_EDGE ( 'NONE', *, *, #1602, .F. ) ;
#1293 = DIRECTION ( 'NONE',  ( 0.000000000000000000, 0.000000000000000000, -1.000000000000000000 ) ) ;
#1294 = DIRECTION ( 'NONE',  ( -4.607425552194398854E-15, 0.000000000000000000, 1.000000000000000000 ) ) ;
#1295 = EDGE_CURVE ( 'NONE', #1368, #1768, #1636, .T. ) ;
#1296 = CARTESIAN_POINT ( 'NONE',  ( -13.50000000000000000, 5.000000000000000000, 0.000000000000000000 ) ) ;
#1297 = VECTOR ( 'NONE', #563, 1000.000000000000000 ) ;
#1298 = ORIENTED_EDGE ( 'NONE', *, *, #711, .F. ) ;
#1299 = ORIENTED_EDGE ( 'NONE', *, *, #1, .F. ) ;
#1300 = CARTESIAN_POINT ( 'NONE',  ( 0.000000000000000000, 5.000000000000000000, 0.000000000000000000 ) ) ;
#1301 = CARTESIAN_POINT ( 'NONE',  ( 16.29999999999999716, 0.000000000000000000, -1.616580753730949782 ) ) ;
#1302 = ORIENTED_EDGE ( 'NONE', *, *, #1576, .F. ) ;
#1303 = VECTOR ( 'NONE', #69, 1000.000000000000000 ) ;
#1304 = ORIENTED_EDGE ( 'NONE', *, *, #945, .T. ) ;
#1305 = FACE_BOUND ( 'NONE', #1909, .T. ) ;
#1306 = ADVANCED_FACE ( 'NONE', ( #312 ), #1204, .F. ) ;
#1307 = AXIS2_PLACEMENT_3D ( 'NONE', #1917, #8, #1501 ) ;
#1308 = CARTESIAN_POINT ( 'NONE',  ( -3.950000000000050804, 0.000000000000000000, 10.07476219735895384 ) ) ;
#1309 = ADVANCED_FACE ( 'NONE', ( #763 ), #1494, .F. ) ;
#1310 = PLANE ( 'NONE',  #613 ) ;
#1311 = AXIS2_PLACEMENT_3D ( 'NONE', #1520, #1850, #946 ) ;
#1312 = EDGE_LOOP ( 'NONE', ( #669, #756, #1428, #1067 ) ) ;
#1313 = LINE ( 'NONE', #1566, #1857 ) ;
#1314 = FACE_BOUND ( 'NONE', #1052, .T. ) ;
#1315 = ORIENTED_EDGE ( 'NONE', *, *, #593, .F. ) ;
#1316 = EDGE_CURVE ( 'NONE', #1660, #23, #1515, .T. ) ;
#1317 = ORIENTED_EDGE ( 'NONE', *, *, #630, .F. ) ;
#1318 = DIRECTION ( 'NONE',  ( 0.000000000000000000, -0.000000000000000000, -1.000000000000000000 ) ) ;
#1319 = EDGE_CURVE ( 'NONE', #23, #850, #609, .T. ) ;
#1320 = DATE_TIME_ROLE ( 'classification_date' ) ;
#1321 = DIRECTION ( 'NONE',  ( -0.8660254037844328234, 0.000000000000000000, -0.5000000000000101030 ) ) ;
#1322 = EDGE_LOOP ( 'NONE', ( #1010, #124, #13, #732 ) ) ;
#1323 = LINE ( 'NONE', #879, #1195 ) ;
#1324 = DIRECTION ( 'NONE',  ( -0.000000000000000000, -1.000000000000000000, -0.000000000000000000 ) ) ;
#1325 = VECTOR ( 'NONE', #1037, 1000.000000000000000 ) ;
#1326 = ORIENTED_EDGE ( 'NONE', *, *, #421, .F. ) ;
#1327 = ORIENTED_EDGE ( 'NONE', *, *, #833, .F. ) ;
#1328 = CARTESIAN_POINT ( 'NONE',  ( -6.749999999999920064, 0.000000000000000000, -8.458181443628083329 ) ) ;
#1329 = EDGE_CURVE ( 'NONE', #1437, #1130, #451, .T. ) ;
#1330 = APPROVAL_ROLE ( '' ) ;
#1331 = PLANE ( 'NONE',  #1342 ) ;
#1332 = LINE ( 'NONE', #747, #188 ) ;
#1333 = LINE ( 'NONE', #1452, #661 ) ;
#1334 = ADVANCED_FACE ( 'NONE', ( #1600 ), #1796, .F. ) ;
#1335 = CARTESIAN_POINT ( 'NONE',  ( 9.549999999999966960, 2.600000000000000089, 13.30792370482089737 ) ) ;
#1336 = VERTEX_POINT ( 'NONE', #903 ) ;
#1337 = ORIENTED_EDGE ( 'NONE', *, *, #779, .F. ) ;
#1338 = FACE_OUTER_BOUND ( 'NONE', #352, .T. ) ;
#1339 = ORIENTED_EDGE ( 'NONE', *, *, #1640, .T. ) ;
#1340 = AXIS2_PLACEMENT_3D ( 'NONE', #1073, #456, #1238 ) ;
#1341 = CARTESIAN_POINT ( 'NONE',  ( -13.50000000000000178, 2.600000000000000089, -3.233161507461902673 ) ) ;
#1342 = AXIS2_PLACEMENT_3D ( 'NONE', #1773, #588, #410 ) ;
#1343 = CARTESIAN_POINT ( 'NONE',  ( 0.000000000000000000, 0.000000000000000000, 0.000000000000000000 ) ) ;
#1344 = DIRECTION ( 'NONE',  ( -0.000000000000000000, -1.000000000000000000, -0.000000000000000000 ) ) ;
#1345 = DIRECTION ( 'NONE',  ( -0.000000000000000000, -1.000000000000000000, -0.000000000000000000 ) ) ;
#1346 = ORIENTED_EDGE ( 'NONE', *, *, #16, .T. ) ;
#1347 = ORIENTED_EDGE ( 'NONE', *, *, #636, .F. ) ;
#1348 = LINE ( 'NONE', #1906, #1147 ) ;
#1349 = CALENDAR_DATE ( 2026, 26, 2 ) ;
#1350 = DIRECTION ( 'NONE',  ( 0.5000000000000101030, 0.000000000000000000, -0.8660254037844328234 ) ) ;
#1351 = VECTOR ( 'NONE', #1196, 1000.000000000000000 ) ;
#1352 = CARTESIAN_POINT ( 'NONE',  ( -13.49999999999999822, 2.600000000000000089, 3.233161507461900896 ) ) ;
#1353 = APPLICATION_CONTEXT ( 'configuration controlled 3d designs of mechanical parts and assemblies' ) ;
#1354 = CIRCLE ( 'NONE', #1131, 8.099999999999999645 ) ;
#1355 = DIRECTION ( 'NONE',  ( 0.000000000000000000, 0.000000000000000000, -1.000000000000000000 ) ) ;
#1356 = VERTEX_POINT ( 'NONE', #149 ) ;
#1357 = ORIENTED_EDGE ( 'NONE', *, *, #1358, .T. ) ;
#1358 = EDGE_CURVE ( 'NONE', #185, #639, #1215, .T. ) ;
#1359 = AXIS2_PLACEMENT_3D ( 'NONE', #1919, #246, #708 ) ;
#1360 = PLANE ( 'NONE',  #1710 ) ;
#1361 = ORIENTED_EDGE ( 'NONE', *, *, #335, .T. ) ;
#1362 = VERTEX_POINT ( 'NONE', #435 ) ;
#1363 = CARTESIAN_POINT ( 'NONE',  ( -13.50000000000000000, 2.600000000000000089, 1.599999999999998979 ) ) ;
#1364 = CARTESIAN_POINT ( 'NONE',  ( -9.549999999999903011, 2.600000000000000089, -10.07476219735905865 ) ) ;
#1365 = DIRECTION ( 'NONE',  ( -0.4999999999999980016, 0.000000000000000000, -0.8660254037844398178 ) ) ;
#1366 = ORIENTED_EDGE ( 'NONE', *, *, #648, .T. ) ;
#1367 = CARTESIAN_POINT ( 'NONE',  ( -6.749999999999891642, 2.600000000000000089, -11.69134295108998245 ) ) ;
#1368 = VERTEX_POINT ( 'NONE', #1039 ) ;
#1369 = ORIENTED_EDGE ( 'NONE', *, *, #897, .F. ) ;
#1370 = ADVANCED_FACE ( 'NONE', ( #1050 ), #463, .F. ) ;
#1371 = AXIS2_PLACEMENT_3D ( 'NONE', #777, #603, #787 ) ;
#1372 = FACE_OUTER_BOUND ( 'NONE', #541, .T. ) ;
#1373 = CARTESIAN_POINT ( 'NONE',  ( 13.49999999999999822, 2.600000000000000089, -3.233161507461900896 ) ) ;
#1374 = AXIS2_PLACEMENT_3D ( 'NONE', #1296, #1897, #548 ) ;
#1375 = PLANE ( 'NONE',  #1102 ) ;
#1376 = ORIENTED_EDGE ( 'NONE', *, *, #970, .T. ) ;
#1377 = LINE ( 'NONE', #754, #1869 ) ;
#1378 = ORIENTED_EDGE ( 'NONE', *, *, #1095, .F. ) ;
#1379 = ORIENTED_EDGE ( 'NONE', *, *, #1590, .F. ) ;
#1380 = ADVANCED_FACE ( 'NONE', ( #601 ), #691, .F. ) ;
#1381 = LINE ( 'NONE', #480, #1665 ) ;
#1382 = DIRECTION ( 'NONE',  ( 0.000000000000000000, 0.000000000000000000, 1.000000000000000000 ) ) ;
#1383 = VECTOR ( 'NONE', #166, 999.9999999999998863 ) ;
#1384 = EDGE_LOOP ( 'NONE', ( #1495, #1799, #1827, #1227 ) ) ;
#1385 = ORIENTED_EDGE ( 'NONE', *, *, #52, .T. ) ;
#1386 = DIRECTION ( 'NONE',  ( 0.000000000000000000, 0.000000000000000000, 1.000000000000000000 ) ) ;
#1387 = ORIENTED_EDGE ( 'NONE', *, *, #687, .F. ) ;
#1388 = AXIS2_PLACEMENT_3D ( 'NONE', #92, #968, #685 ) ;
#1389 = CC_DESIGN_PERSON_AND_ORGANIZATION_ASSIGNMENT ( #898, #1500, ( #1404 ) ) ;
#1390 = LINE ( 'NONE', #477, #1210 ) ;
#1391 = ORIENTED_EDGE ( 'NONE', *, *, #1075, .F. ) ;
#1392 = EDGE_CURVE ( 'NONE', #904, #1645, #1760, .T. ) ;
#1393 = CARTESIAN_POINT ( 'NONE',  ( 6.750000000000135891, 5.000000000000000000, -10.09134295108984425 ) ) ;
#1394 = DIRECTION ( 'NONE',  ( 4.329869796038108930E-15, 0.000000000000000000, -1.000000000000000000 ) ) ;
#1395 = ORIENTED_EDGE ( 'NONE', *, *, #1847, .F. ) ;
#1396 = DIRECTION ( 'NONE',  ( -0.000000000000000000, -1.000000000000000000, -0.000000000000000000 ) ) ;
#1397 = EDGE_CURVE ( 'NONE', #285, #533, #1197, .T. ) ;
#1398 = ORIENTED_EDGE ( 'NONE', *, *, #1462, .T. ) ;
#1399 = EDGE_CURVE ( 'NONE', #558, #24, #184, .T. ) ;
#1400 = CARTESIAN_POINT ( 'NONE',  ( -6.750000000000040856, 2.600000000000000089, 8.458181443627990959 ) ) ;
#1401 = ORIENTED_EDGE ( 'NONE', *, *, #1251, .T. ) ;
#1402 = DIRECTION ( 'NONE',  ( 0.000000000000000000, 0.000000000000000000, -1.000000000000000000 ) ) ;
#1403 = CARTESIAN_POINT ( 'NONE',  ( 6.749999999999978684, 0.000000000000000000, 8.458181443628035368 ) ) ;
#1404 = PRODUCT_DEFINITION_FORMATION_WITH_SPECIFIED_SOURCE ( 'ANY', '', #263, .NOT_KNOWN. ) ;
#1405 = LINE ( 'NONE', #76, #881 ) ;
#1406 = CYLINDRICAL_SURFACE ( 'NONE', #873, 1.599999999999998979 ) ;
#1407 = AXIS2_PLACEMENT_3D ( 'NONE', #449, #1162, #122 ) ;
#1408 = AXIS2_PLACEMENT_3D ( 'NONE', #1871, #1696, #1714 ) ;
#1409 = DIRECTION ( 'NONE',  ( -0.000000000000000000, -1.000000000000000000, -0.000000000000000000 ) ) ;
#1410 = VECTOR ( 'NONE', #1152, 1000.000000000000000 ) ;
#1411 = CARTESIAN_POINT ( 'NONE',  ( 13.50000000000000000, 2.600000000000000089, 0.000000000000000000 ) ) ;
#1412 = CARTESIAN_POINT ( 'NONE',  ( -16.29999999999999716, 2.600000000000000089, 1.616580753730949782 ) ) ;
#1413 = CARTESIAN_POINT ( 'NONE',  ( 3.949999999999977973, 2.600000000000000089, 10.07476219735897871 ) ) ;
#1414 = LINE ( 'NONE', #529, #210 ) ;
#1415 = EDGE_CURVE ( 'NONE', #1788, #931, #1079, .T. ) ;
#1416 = DIRECTION ( 'NONE',  ( 0.000000000000000000, 0.000000000000000000, -1.000000000000000000 ) ) ;
#1417 = ORIENTED_EDGE ( 'NONE', *, *, #1881, .F. ) ;
#1418 = DIRECTION ( 'NONE',  ( -4.329869796038108930E-15, 0.000000000000000000, 1.000000000000000000 ) ) ;
#1419 = DIRECTION ( 'NONE',  ( 0.8660254037844385966, 0.000000000000000000, -0.5000000000000000000 ) ) ;
#1420 = CARTESIAN_POINT ( 'NONE',  ( -9.549999999999903011, 2.600000000000000089, -10.07476219735905865 ) ) ;
#1421 = FACE_OUTER_BOUND ( 'NONE', #1591, .T. ) ;
#1422 = LINE ( 'NONE', #1858, #1901 ) ;
#1423 = CARTESIAN_POINT ( 'NONE',  ( -13.50000000000000000, 0.000000000000000000, -3.233161507461902673 ) ) ;
#1424 = CARTESIAN_POINT ( 'NONE',  ( -3.949999999999878941, 2.600000000000000089, -13.30792370482091158 ) ) ;
#1425 = LINE ( 'NONE', #528, #404 ) ;
#1426 = DIRECTION ( 'NONE',  ( 0.8660254037844375974, 0.000000000000000000, 0.5000000000000019984 ) ) ;
#1427 = LINE ( 'NONE', #1280, #590 ) ;
#1428 = ORIENTED_EDGE ( 'NONE', *, *, #1680, .T. ) ;
#1429 = AXIS2_PLACEMENT_3D ( 'NONE', #1071, #728, #912 ) ;
#1430 = ORIENTED_EDGE ( 'NONE', *, *, #6, .T. ) ;
#1431 = CARTESIAN_POINT ( 'NONE',  ( 0.000000000000000000, 2.600000000000000089, 0.000000000000000000 ) ) ;
#1432 = CARTESIAN_POINT ( 'NONE',  ( -13.50000000000000000, 5.000000000000000000, 1.599999999999998979 ) ) ;
#1433 = EDGE_CURVE ( 'NONE', #1437, #1506, #201, .T. ) ;
#1434 = VERTEX_POINT ( 'NONE', #485 ) ;
#1435 = DIRECTION ( 'NONE',  ( 9.103828801926285209E-15, 0.000000000000000000, -1.000000000000000000 ) ) ;
#1436 = DIRECTION ( 'NONE',  ( 0.8660254037844387076, 0.000000000000000000, 0.4999999999999998890 ) ) ;
#1437 = VERTEX_POINT ( 'NONE', #659 ) ;
#1438 = LINE ( 'NONE', #688, #1257 ) ;
#1439 = AXIS2_PLACEMENT_3D ( 'NONE', #621, #1078, #947 ) ;
#1440 = VERTEX_POINT ( 'NONE', #1522 ) ;
#1441 = EDGE_CURVE ( 'NONE', #1434, #924, #1514, .T. ) ;
#1442 = ORIENTED_EDGE ( 'NONE', *, *, #1859, .T. ) ;
#1443 = CARTESIAN_POINT ( 'NONE',  ( 9.550000000000155254, 0.000000000000000000, -13.30792370482076059 ) ) ;
#1444 = AXIS2_PLACEMENT_3D ( 'NONE', #158, #1863, #1532 ) ;
#1445 = CARTESIAN_POINT ( 'NONE',  ( -6.750000000000055067, 2.600000000000000089, 10.09134295108989399 ) ) ;
#1446 = ADVANCED_FACE ( 'NONE', ( #772 ), #1108, .F. ) ;
#1447 = CARTESIAN_POINT ( 'NONE',  ( -10.70000000000000107, 2.600000000000000089, -1.616580753730950892 ) ) ;
#1448 = ORIENTED_EDGE ( 'NONE', *, *, #1734, .F. ) ;
#1449 = ORIENTED_EDGE ( 'NONE', *, *, #1613, .T. ) ;
#1450 = ORIENTED_EDGE ( 'NONE', *, *, #593, .T. ) ;
#1451 = LINE ( 'NONE', #987, #317 ) ;
#1452 = CARTESIAN_POINT ( 'NONE',  ( -10.70000000000000107, 2.600000000000000089, 1.616580753730949560 ) ) ;
#1453 = EDGE_CURVE ( 'NONE', #931, #118, #327, .T. ) ;
#1454 = ORIENTED_EDGE ( 'NONE', *, *, #905, .T. ) ;
#1455 = ADVANCED_FACE ( 'NONE', ( #58, #643 ), #1667, .T. ) ;
#1456 = ORIENTED_EDGE ( 'NONE', *, *, #1794, .F. ) ;
#1457 = DIRECTION ( 'NONE',  ( -0.000000000000000000, -1.000000000000000000, -0.000000000000000000 ) ) ;
#1458 = LINE ( 'NONE', #1866, #1504 ) ;
#1459 = FACE_BOUND ( 'NONE', #750, .T. ) ;
#1460 = PRODUCT_DEFINITION_SHAPE ( 'NONE', 'NONE',  #950 ) ;
#1461 = ORIENTED_EDGE ( 'NONE', *, *, #82, .T. ) ;
#1462 = EDGE_CURVE ( 'NONE', #24, #571, #1236, .T. ) ;
#1463 = CARTESIAN_POINT ( 'NONE',  ( 13.50000000000000000, 2.600000000000000089, 0.000000000000000000 ) ) ;
#1464 = FACE_OUTER_BOUND ( 'NONE', #484, .T. ) ;
#1465 = VERTEX_POINT ( 'NONE', #623 ) ;
#1466 = AXIS2_PLACEMENT_3D ( 'NONE', #50, #646, #1248 ) ;
#1467 = ORIENTED_EDGE ( 'NONE', *, *, #1924, .T. ) ;
#1468 = DIRECTION ( 'NONE',  ( -0.000000000000000000, -1.000000000000000000, -0.000000000000000000 ) ) ;
#1469 = VECTOR ( 'NONE', #241, 1000.000000000000114 ) ;
#1470 = PERSON_AND_ORGANIZATION_ROLE ( 'design_owner' ) ;
#1471 = VECTOR ( 'NONE', #1109, 1000.000000000000000 ) ;
#1472 = DIRECTION ( 'NONE',  ( 0.8660254037844387076, 0.000000000000000000, 0.4999999999999998890 ) ) ;
#1473 = VECTOR ( 'NONE', #984, 1000.000000000000000 ) ;
#1474 = EDGE_LOOP ( 'NONE', ( #1357, #51, #1626, #415 ) ) ;
#1475 = ORIENTED_EDGE ( 'NONE', *, *, #1534, .F. ) ;
#1476 = CARTESIAN_POINT ( 'NONE',  ( 6.749999999999964473, 0.000000000000000000, 14.92450445855184071 ) ) ;
#1477 = CARTESIAN_POINT ( 'NONE',  ( 6.750000000000175859, 0.000000000000000000, -14.92450445855174479 ) ) ;
#1478 = ORIENTED_EDGE ( 'NONE', *, *, #540, .T. ) ;
#1479 = EDGE_CURVE ( 'NONE', #952, #1675, #652, .T. ) ;
#1480 = ORIENTED_EDGE ( 'NONE', *, *, #1576, .T. ) ;
#1481 = PLANE ( 'NONE',  #774 ) ;
#1482 = VECTOR ( 'NONE', #204, 1000.000000000000000 ) ;
#1483 = APPLICATION_PROTOCOL_DEFINITION ( 'international standard', 'config_control_design', 1994, #1527 ) ;
#1484 = FACE_BOUND ( 'NONE', #1801, .T. ) ;
#1485 = DIRECTION ( 'NONE',  ( -0.4999999999999960587, 0.000000000000000000, -0.8660254037844409281 ) ) ;
#1486 = CARTESIAN_POINT ( 'NONE',  ( 9.550000000000117950, 2.600000000000000089, -10.07476219735885969 ) ) ;
#1487 = CARTESIAN_POINT ( 'NONE',  ( 13.50000000000000000, 2.600000000000000089, 0.000000000000000000 ) ) ;
#1488 = EDGE_LOOP ( 'NONE', ( #637, #916, #1278, #395 ) ) ;
#1489 = ORIENTED_EDGE ( 'NONE', *, *, #1103, .T. ) ;
#1490 = DIRECTION ( 'NONE',  ( 0.8660254037844384856, 0.000000000000000000, -0.5000000000000003331 ) ) ;
#1491 = CARTESIAN_POINT ( 'NONE',  ( -9.550000000000048672, 2.600000000000000089, 10.07476219735893075 ) ) ;
#1492 = CARTESIAN_POINT ( 'NONE',  ( 13.50000000000000000, 2.600000000000000089, 1.599999999999998979 ) ) ;
#1493 = LINE ( 'NONE', #1939, #302 ) ;
#1494 = PLANE ( 'NONE',  #835 ) ;
#1495 = ORIENTED_EDGE ( 'NONE', *, *, #1479, .T. ) ;
#1496 = ORIENTED_EDGE ( 'NONE', *, *, #1590, .T. ) ;
#1497 = FACE_BOUND ( 'NONE', #405, .T. ) ;
#1498 = ORIENTED_EDGE ( 'NONE', *, *, #1295, .T. ) ;
#1499 = VECTOR ( 'NONE', #795, 1000.000000000000000 ) ;
#1500 = PERSON_AND_ORGANIZATION_ROLE ( 'design_supplier' ) ;
#1501 = DIRECTION ( 'NONE',  ( 0.8660254037844432595, 0.000000000000000000, -0.4999999999999918954 ) ) ;
#1502 = ADVANCED_FACE ( 'NONE', ( #40 ), #1837, .F. ) ;
#1503 = CARTESIAN_POINT ( 'NONE',  ( -3.950000000000050804, 2.600000000000000089, 10.07476219735895384 ) ) ;
#1504 = VECTOR ( 'NONE', #253, 1000.000000000000000 ) ;
#1505 = DIRECTION ( 'NONE',  ( 1.165734175856414367E-14, 0.000000000000000000, -1.000000000000000000 ) ) ;
#1506 = VERTEX_POINT ( 'NONE', #193 ) ;
#1507 = CARTESIAN_POINT ( 'NONE',  ( 13.50000000000000000, 5.000000000000000000, 0.000000000000000000 ) ) ;
#1508 = VERTEX_POINT ( 'NONE', #320 ) ;
#1509 = VERTEX_POINT ( 'NONE', #801 ) ;
#1510 = PERSON_AND_ORGANIZATION ( #1059, #900 ) ;
#1511 = CARTESIAN_POINT ( 'NONE',  ( -10.70000000000000107, 2.600000000000000089, 1.616580753730949560 ) ) ;
#1512 = AXIS2_PLACEMENT_3D ( 'NONE', #192, #812, #791 ) ;
#1513 = DIRECTION ( 'NONE',  ( -0.8660254037844377084, 0.000000000000000000, -0.5000000000000016653 ) ) ;
#1514 = CIRCLE ( 'NONE', #914, 1.599999999999998979 ) ;
#1515 = LINE ( 'NONE', #98, #305 ) ;
#1516 = ORIENTED_EDGE ( 'NONE', *, *, #687, .T. ) ;
#1517 = EDGE_CURVE ( 'NONE', #1604, #107, #1828, .T. ) ;
#1518 = DIRECTION ( 'NONE',  ( 0.000000000000000000, 0.000000000000000000, -1.000000000000000000 ) ) ;
#1519 = EDGE_LOOP ( 'NONE', ( #1736, #1369, #800, #1442 ) ) ;
#1520 = CARTESIAN_POINT ( 'NONE',  ( 3.950000000000120970, 2.600000000000000089, -10.07476219735892364 ) ) ;
#1521 = DIRECTION ( 'NONE',  ( 0.000000000000000000, 0.000000000000000000, -1.000000000000000000 ) ) ;
#1522 = CARTESIAN_POINT ( 'NONE',  ( -3.950000000000050804, 0.000000000000000000, 10.07476219735895384 ) ) ;
#1523 = ORIENTED_EDGE ( 'NONE', *, *, #897, .T. ) ;
#1524 = ADVANCED_FACE ( 'NONE', ( #921 ), #1375, .F. ) ;
#1525 = DIRECTION ( 'NONE',  ( -0.8660254037844384856, 0.000000000000000000, 0.5000000000000003331 ) ) ;
#1526 = ORIENTED_EDGE ( 'NONE', *, *, #980, .F. ) ;
#1527 = APPLICATION_CONTEXT ( 'configuration controlled 3d designs of mechanical parts and assemblies' ) ;
#1528 = CARTESIAN_POINT ( 'NONE',  ( 2.155378366499341605E-15, 0.000000000000000000, 17.60000000000000142 ) ) ;
#1529 = LINE ( 'NONE', #1403, #244 ) ;
#1530 = VECTOR ( 'NONE', #164, 1000.000000000000000 ) ;
#1531 = ORIENTED_EDGE ( 'NONE', *, *, #568, .T. ) ;
#1532 = DIRECTION ( 'NONE',  ( 0.000000000000000000, 0.000000000000000000, -1.000000000000000000 ) ) ;
#1533 = ORIENTED_EDGE ( 'NONE', *, *, #1517, .T. ) ;
#1534 = EDGE_CURVE ( 'NONE', #1336, #663, #494, .T. ) ;
#1535 = DIRECTION ( 'NONE',  ( -0.8660254037844443697, 0.000000000000000000, 0.4999999999999900080 ) ) ;
#1536 = ORIENTED_EDGE ( 'NONE', *, *, #1537, .F. ) ;
#1537 = EDGE_CURVE ( 'NONE', #1786, #1758, #1697, .T. ) ;
#1538 = DIRECTION ( 'NONE',  ( -0.000000000000000000, -1.000000000000000000, -0.000000000000000000 ) ) ;
#1539 = DIRECTION ( 'NONE',  ( 0.8660254037844443697, 0.000000000000000000, -0.4999999999999900635 ) ) ;
#1540 = VECTOR ( 'NONE', #1036, 1000.000000000000000 ) ;
#1541 = EDGE_LOOP ( 'NONE', ( #1836, #1217, #628, #237 ) ) ;
#1542 = ORIENTED_EDGE ( 'NONE', *, *, #752, .T. ) ;
#1543 = DIRECTION ( 'NONE',  ( 0.000000000000000000, 0.000000000000000000, 1.000000000000000000 ) ) ;
#1544 = ORIENTED_EDGE ( 'NONE', *, *, #447, .F. ) ;
#1545 = AXIS2_PLACEMENT_3D ( 'NONE', #1487, #1644, #252 ) ;
#1546 = CARTESIAN_POINT ( 'NONE',  ( 13.49999999999999822, 2.600000000000000089, -3.233161507461900896 ) ) ;
#1547 = ORIENTED_EDGE ( 'NONE', *, *, #283, .T. ) ;
#1548 = DIRECTION ( 'NONE',  ( -0.8660254037844375974, 0.000000000000000000, -0.5000000000000019984 ) ) ;
#1549 = DIRECTION ( 'NONE',  ( -0.8660254037844385966, 0.000000000000000000, 0.5000000000000000000 ) ) ;
#1550 = DIRECTION ( 'NONE',  ( 0.000000000000000000, 1.000000000000000000, 0.000000000000000000 ) ) ;
#1551 = DIRECTION ( 'NONE',  ( 0.000000000000000000, 0.000000000000000000, 1.000000000000000000 ) ) ;
#1552 = PLANE ( 'NONE',  #1720 ) ;
#1553 = ORIENTED_EDGE ( 'NONE', *, *, #259, .F. ) ;
#1554 = DIRECTION ( 'NONE',  ( -0.8660254037844385966, 0.000000000000000000, 0.5000000000000000000 ) ) ;
#1555 = DIRECTION ( 'NONE',  ( -0.000000000000000000, -1.000000000000000000, -0.000000000000000000 ) ) ;
#1556 = AXIS2_PLACEMENT_3D ( 'NONE', #1717, #662, #86 ) ;
#1557 = APPROVAL_PERSON_ORGANIZATION ( #723, #599, #1330 ) ;
#1558 = CARTESIAN_POINT ( 'NONE',  ( 9.549999999999966960, 2.600000000000000089, 13.30792370482089737 ) ) ;
#1559 = DIRECTION ( 'NONE',  ( -0.000000000000000000, -1.000000000000000000, -0.000000000000000000 ) ) ;
#1560 = VECTOR ( 'NONE', #715, 1000.000000000000000 ) ;
#1561 = CARTESIAN_POINT ( 'NONE',  ( 13.50000000000000000, 0.000000000000000000, 3.233161507461902673 ) ) ;
#1562 = CC_DESIGN_SECURITY_CLASSIFICATION ( #709, ( #1404 ) ) ;
#1563 = EDGE_CURVE ( 'NONE', #1768, #893, #1405, .T. ) ;
#1564 = CARTESIAN_POINT ( 'NONE',  ( -9.549999999999872813, 2.600000000000000089, -13.30792370482096132 ) ) ;
#1565 = AXIS2_PLACEMENT_3D ( 'NONE', #504, #1569, #61 ) ;
#1566 = CARTESIAN_POINT ( 'NONE',  ( -3.949999999999908251, 2.600000000000000089, -10.07476219735900713 ) ) ;
#1567 = DIRECTION ( 'NONE',  ( 0.000000000000000000, 0.000000000000000000, -1.000000000000000000 ) ) ;
#1568 = ORIENTED_EDGE ( 'NONE', *, *, #1397, .T. ) ;
#1569 = DIRECTION ( 'NONE',  ( -0.000000000000000000, -1.000000000000000000, -0.000000000000000000 ) ) ;
#1570 = DIRECTION ( 'NONE',  ( 0.000000000000000000, 0.000000000000000000, -1.000000000000000000 ) ) ;
#1571 = DIRECTION ( 'NONE',  ( 1.000000000000000000, -0.000000000000000000, 9.159339953157543036E-15 ) ) ;
#1572 = DIRECTION ( 'NONE',  ( -0.000000000000000000, -1.000000000000000000, -0.000000000000000000 ) ) ;
#1573 = CARTESIAN_POINT ( 'NONE',  ( 9.919639073093559228E-16, 5.000000000000000000, 8.099999999999999645 ) ) ;
#1574 = VERTEX_POINT ( 'NONE', #666 ) ;
#1575 = CARTESIAN_POINT ( 'NONE',  ( 3.949999999999970868, 2.600000000000000089, 13.30792370482088316 ) ) ;
#1576 = EDGE_CURVE ( 'NONE', #118, #1437, #1425, .T. ) ;
#1577 = VERTEX_POINT ( 'NONE', #1741 ) ;
#1578 = FACE_OUTER_BOUND ( 'NONE', #989, .T. ) ;
#1579 = CARTESIAN_POINT ( 'NONE',  ( 9.549999999999974065, 0.000000000000000000, 10.07476219735899292 ) ) ;
#1580 = ORIENTED_EDGE ( 'NONE', *, *, #1433, .F. ) ;
#1581 = LINE ( 'NONE', #1006, #753 ) ;
#1582 = DIRECTION ( 'NONE',  ( -0.000000000000000000, -1.000000000000000000, -0.000000000000000000 ) ) ;
#1583 = EDGE_CURVE ( 'NONE', #924, #1027, #379, .T. ) ;
#1584 = CIRCLE ( 'NONE', #1466, 1.599999999999998979 ) ;
#1585 = CARTESIAN_POINT ( 'NONE',  ( 10.70000000000000107, 2.600000000000000089, -1.616580753730949560 ) ) ;
#1586 = AXIS2_PLACEMENT_3D ( 'NONE', #738, #544, #1355 ) ;
#1587 = EDGE_CURVE ( 'NONE', #782, #1465, #996, .T. ) ;
#1588 = ORIENTED_EDGE ( 'NONE', *, *, #1189, .F. ) ;
#1589 = CARTESIAN_POINT ( 'NONE',  ( 0.000000000000000000, 2.600000000000000089, 0.000000000000000000 ) ) ;
#1590 = EDGE_CURVE ( 'NONE', #118, #437, #838, .T. ) ;
#1591 = EDGE_LOOP ( 'NONE', ( #1597, #328, #1014, #1401, #1752, #106 ) ) ;
#1592 = ORIENTED_EDGE ( 'NONE', *, *, #208, .F. ) ;
#1593 = DIRECTION ( 'NONE',  ( -2.109423746787797427E-15, 0.000000000000000000, 1.000000000000000000 ) ) ;
#1594 = CARTESIAN_POINT ( 'NONE',  ( 6.750000000000135891, 2.600000000000000089, -13.29134295108984176 ) ) ;
#1595 = EDGE_CURVE ( 'NONE', #313, #1660, #1115, .T. ) ;
#1596 = ORIENTED_EDGE ( 'NONE', *, *, #606, .F. ) ;
#1597 = ORIENTED_EDGE ( 'NONE', *, *, #1062, .T. ) ;
#1598 = VECTOR ( 'NONE', #1555, 1000.000000000000000 ) ;
#1599 = ORIENTED_EDGE ( 'NONE', *, *, #1602, .T. ) ;
#1600 = FACE_OUTER_BOUND ( 'NONE', #783, .T. ) ;
#1601 = VECTOR ( 'NONE', #635, 1000.000000000000000 ) ;
#1602 = EDGE_CURVE ( 'NONE', #388, #159, #363, .T. ) ;
#1603 = DIRECTION ( 'NONE',  ( 0.000000000000000000, -1.000000000000000000, 0.000000000000000000 ) ) ;
#1604 = VERTEX_POINT ( 'NONE', #370 ) ;
#1605 = VERTEX_POINT ( 'NONE', #83 ) ;
#1606 = CARTESIAN_POINT ( 'NONE',  ( 10.70000000000000107, 0.000000000000000000, 1.616580753730950892 ) ) ;
#1607 = LINE ( 'NONE', #1176, #222 ) ;
#1608 = EDGE_LOOP ( 'NONE', ( #1933, #792, #634, #574 ) ) ;
#1609 = EDGE_LOOP ( 'NONE', ( #260, #998, #1661, #806 ) ) ;
#1610 = CYLINDRICAL_SURFACE ( 'NONE', #1117, 1.599999999999998979 ) ;
#1611 = FACE_BOUND ( 'NONE', #393, .T. ) ;
#1612 = ORIENTED_EDGE ( 'NONE', *, *, #1099, .F. ) ;
#1613 = EDGE_CURVE ( 'NONE', #924, #1434, #849, .T. ) ;
#1614 = ORIENTED_EDGE ( 'NONE', *, *, #215, .T. ) ;
#1615 = FACE_OUTER_BOUND ( 'NONE', #474, .T. ) ;
#1616 = CARTESIAN_POINT ( 'NONE',  ( 0.000000000000000000, 2.600000000000000089, 0.000000000000000000 ) ) ;
#1617 = ORIENTED_EDGE ( 'NONE', *, *, #905, .F. ) ;
#1618 = AXIS2_PLACEMENT_3D ( 'NONE', #1207, #627, #923 ) ;
#1619 = EDGE_LOOP ( 'NONE', ( #1638, #1617, #232, #934 ) ) ;
#1620 = DIRECTION ( 'NONE',  ( -0.000000000000000000, -1.000000000000000000, -0.000000000000000000 ) ) ;
#1621 = AXIS2_PLACEMENT_3D ( 'NONE', #1181, #1033, #1202 ) ;
#1622 = SECURITY_CLASSIFICATION_LEVEL ( 'unclassified' ) ;
#1623 = PLANE ( 'NONE',  #1307 ) ;
#1624 = CARTESIAN_POINT ( 'NONE',  ( 3.949999999999977973, 2.600000000000000089, 10.07476219735897871 ) ) ;
#1625 = DIRECTION ( 'NONE',  ( 0.8660254037844328234, 0.000000000000000000, 0.5000000000000101030 ) ) ;
#1626 = ORIENTED_EDGE ( 'NONE', *, *, #1924, .F. ) ;
#1627 = ORIENTED_EDGE ( 'NONE', *, *, #1859, .F. ) ;
#1628 = CARTESIAN_POINT ( 'NONE',  ( 0.000000000000000000, 0.000000000000000000, 0.000000000000000000 ) ) ;
#1629 = VECTOR ( 'NONE', #1926, 1000.000000000000000 ) ;
#1630 = ORIENTED_EDGE ( 'NONE', *, *, #1666, .T. ) ;
#1631 = MECHANICAL_CONTEXT ( 'NONE', #1353, 'mechanical' ) ;
#1632 = CARTESIAN_POINT ( 'NONE',  ( 9.919639073093559228E-16, 0.000000000000000000, 8.099999999999999645 ) ) ;
#1633 = AXIS2_PLACEMENT_3D ( 'NONE', #1463, #112, #707 ) ;
#1634 = FACE_OUTER_BOUND ( 'NONE', #788, .T. ) ;
#1635 = DIRECTION ( 'NONE',  ( 0.000000000000000000, 0.000000000000000000, -1.000000000000000000 ) ) ;
#1636 = LINE ( 'NONE', #1443, #179 ) ;
#1637 = VERTEX_POINT ( 'NONE', #1889 ) ;
#1638 = ORIENTED_EDGE ( 'NONE', *, *, #1316, .T. ) ;
#1639 = DIRECTION ( 'NONE',  ( -0.000000000000000000, -1.000000000000000000, -0.000000000000000000 ) ) ;
#1640 = EDGE_CURVE ( 'NONE', #41, #1362, #1354, .T. ) ;
#1641 = LINE ( 'NONE', #420, #932 ) ;
#1642 = DIRECTION ( 'NONE',  ( -1.000000000000000000, 0.000000000000000000, 0.000000000000000000 ) ) ;
#1643 = CC_DESIGN_PERSON_AND_ORGANIZATION_ASSIGNMENT ( #1193, #1470, ( #263 ) ) ;
#1644 = DIRECTION ( 'NONE',  ( -0.000000000000000000, -1.000000000000000000, -0.000000000000000000 ) ) ;
#1645 = VERTEX_POINT ( 'NONE', #1277 ) ;
#1646 = FACE_BOUND ( 'NONE', #171, .T. ) ;
#1647 = VERTEX_POINT ( 'NONE', #225 ) ;
#1648 = CIRCLE ( 'NONE', #580, 1.599999999999998979 ) ;
#1649 = AXIS2_PLACEMENT_3D ( 'NONE', #80, #359, #670 ) ;
#1650 = LINE ( 'NONE', #1194, #775 ) ;
#1651 = CIRCLE ( 'NONE', #515, 8.099999999999999645 ) ;
#1652 = AXIS2_PLACEMENT_3D ( 'NONE', #234, #644, #1551 ) ;
#1653 = CARTESIAN_POINT ( 'NONE',  ( 13.50000000000000000, 2.600000000000000089, -1.599999999999998979 ) ) ;
#1654 = EDGE_CURVE ( 'NONE', #1235, #1888, #401, .T. ) ;
#1655 = CYLINDRICAL_SURFACE ( 'NONE', #360, 1.599999999999998979 ) ;
#1656 = ORIENTED_EDGE ( 'NONE', *, *, #1595, .T. ) ;
#1657 = ORIENTED_EDGE ( 'NONE', *, *, #1876, .F. ) ;
#1658 = EDGE_CURVE ( 'NONE', #523, #294, #1134, .T. ) ;
#1659 = DIRECTION ( 'NONE',  ( 0.8660254037844408170, 0.000000000000000000, -0.4999999999999961142 ) ) ;
#1660 = VERTEX_POINT ( 'NONE', #103 ) ;
#1661 = ORIENTED_EDGE ( 'NONE', *, *, #427, .T. ) ;
#1662 = EDGE_CURVE ( 'NONE', #1819, #1898, #1451, .T. ) ;
#1663 = DIRECTION ( 'NONE',  ( -0.5000000000000001110, 0.000000000000000000, -0.8660254037844387076 ) ) ;
#1664 = CARTESIAN_POINT ( 'NONE',  ( 6.750000000000135891, 5.000000000000000000, -11.69134295108984212 ) ) ;
#1665 = VECTOR ( 'NONE', #1548, 999.9999999999998863 ) ;
#1666 = EDGE_CURVE ( 'NONE', #782, #1233, #1581, .T. ) ;
#1667 = PLANE ( 'NONE',  #1260 ) ;
#1668 = EDGE_LOOP ( 'NONE', ( #854, #1243 ) ) ;
#1669 = CARTESIAN_POINT ( 'NONE',  ( 3.950000000000156497, 2.600000000000000089, -13.30792370482082454 ) ) ;
#1670 = ADVANCED_FACE ( 'NONE', ( #233 ), #257, .F. ) ;
#1671 = ORIENTED_EDGE ( 'NONE', *, *, #956, .F. ) ;
#1672 = CARTESIAN_POINT ( 'NONE',  ( -9.549999999999903011, 0.000000000000000000, -10.07476219735905865 ) ) ;
#1673 = CARTESIAN_POINT ( 'NONE',  ( -16.29999999999999716, 0.000000000000000000, 1.616580753730949782 ) ) ;
#1674 = EDGE_CURVE ( 'NONE', #1015, #1574, #1143, .T. ) ;
#1675 = VERTEX_POINT ( 'NONE', #859 ) ;
#1676 = DIRECTION ( 'NONE',  ( 0.000000000000000000, 0.000000000000000000, -1.000000000000000000 ) ) ;
#1677 = EDGE_LOOP ( 'NONE', ( #1533, #1931, #1101, #1467, #796, #1913 ) ) ;
#1678 = MANIFOLD_SOLID_BREP ( 'CirPattern1', #554 ) ;
#1679 = CARTESIAN_POINT ( 'NONE',  ( 13.50000000000000178, 2.600000000000000089, 3.233161507461902673 ) ) ;
#1680 = EDGE_CURVE ( 'NONE', #1024, #39, #527, .T. ) ;
#1681 = EDGE_LOOP ( 'NONE', ( #1188, #1449 ) ) ;
#1682 = AXIS2_PLACEMENT_3D ( 'NONE', #1669, #322, #942 ) ;
#1683 = DIRECTION ( 'NONE',  ( -0.000000000000000000, -1.000000000000000000, -0.000000000000000000 ) ) ;
#1684 = DIRECTION ( 'NONE',  ( -0.000000000000000000, -1.000000000000000000, -0.000000000000000000 ) ) ;
#1685 = ORIENTED_EDGE ( 'NONE', *, *, #1035, .F. ) ;
#1686 = AXIS2_PLACEMENT_3D ( 'NONE', #1000, #293, #1895 ) ;
#1687 = EDGE_LOOP ( 'NONE', ( #1941, #730, #853, #15, #1480, #1832 ) ) ;
#1688 = DIRECTION ( 'NONE',  ( -0.000000000000000000, -1.000000000000000000, -0.000000000000000000 ) ) ;
#1689 = ORIENTED_EDGE ( 'NONE', *, *, #412, .F. ) ;
#1690 = CARTESIAN_POINT ( 'NONE',  ( 6.750000000000098588, 2.600000000000000089, -8.458181443627939444 ) ) ;
#1691 = ORIENTED_EDGE ( 'NONE', *, *, #1794, .T. ) ;
#1692 = CARTESIAN_POINT ( 'NONE',  ( -6.749999999999860556, 0.000000000000000000, -14.92450445855188690 ) ) ;
#1693 = DIRECTION ( 'NONE',  ( 1.000000000000000000, -0.000000000000000000, 4.329869796038108930E-15 ) ) ;
#1694 = VECTOR ( 'NONE', #1166, 1000.000000000000000 ) ;
#1695 = DIRECTION ( 'NONE',  ( -0.8660254037844387076, 0.000000000000000000, -0.4999999999999997780 ) ) ;
#1696 = DIRECTION ( 'NONE',  ( -0.5000000000000079936, 0.000000000000000000, 0.8660254037844341557 ) ) ;
#1697 = CIRCLE ( 'NONE', #594, 17.60000000000000142 ) ;
#1698 = DIRECTION ( 'NONE',  ( -0.5000000000000039968, 0.000000000000000000, 0.8660254037844363761 ) ) ;
#1699 = EDGE_LOOP ( 'NONE', ( #163, #1339, #1430, #256 ) ) ;
#1700 = EDGE_CURVE ( 'NONE', #1887, #523, #1313, .T. ) ;
#1701 = DIRECTION ( 'NONE',  ( -0.000000000000000000, -1.000000000000000000, -0.000000000000000000 ) ) ;
#1702 = LINE ( 'NONE', #1673, #786 ) ;
#1703 = DIRECTION ( 'NONE',  ( -1.000000000000000000, 0.000000000000000000, 0.000000000000000000 ) ) ;
#1704 = CARTESIAN_POINT ( 'NONE',  ( 13.49999999999999822, 0.000000000000000000, -3.233161507461900896 ) ) ;
#1705 = ADVANCED_FACE ( 'NONE', ( #218 ), #820, .F. ) ;
#1706 = CARTESIAN_POINT ( 'NONE',  ( 3.949999999999970868, 2.600000000000000089, 13.30792370482088316 ) ) ;
#1707 = ORIENTED_EDGE ( 'NONE', *, *, #277, .F. ) ;
#1708 = DIRECTION ( 'NONE',  ( 0.000000000000000000, -1.000000000000000000, 0.000000000000000000 ) ) ;
#1709 = PLANE ( 'NONE',  #551 ) ;
#1710 = AXIS2_PLACEMENT_3D ( 'NONE', #1546, #1228, #32 ) ;
#1711 = VECTOR ( 'NONE', #817, 1000.000000000000000 ) ;
#1712 = DIRECTION ( 'NONE',  ( 0.000000000000000000, 0.000000000000000000, -1.000000000000000000 ) ) ;
#1713 = ADVANCED_FACE ( 'NONE', ( #1372 ), #28, .F. ) ;
#1714 = DIRECTION ( 'NONE',  ( 0.8660254037844340447, 0.000000000000000000, 0.5000000000000078826 ) ) ;
#1715 = CIRCLE ( 'NONE', #1429, 17.60000000000000142 ) ;
#1716 = VECTOR ( 'NONE', #949, 1000.000000000000000 ) ;
#1717 = CARTESIAN_POINT ( 'NONE',  ( -6.749999999999891642, 2.600000000000000089, -11.69134295108998245 ) ) ;
#1718 = LINE ( 'NONE', #1275, #1473 ) ;
#1719 = DIRECTION ( 'NONE',  ( 0.000000000000000000, 1.000000000000000000, 0.000000000000000000 ) ) ;
#1720 = AXIS2_PLACEMENT_3D ( 'NONE', #804, #299, #1513 ) ;
#1721 = DIRECTION ( 'NONE',  ( -0.000000000000000000, -1.000000000000000000, -0.000000000000000000 ) ) ;
#1722 = FACE_OUTER_BOUND ( 'NONE', #642, .T. ) ;
#1723 = EDGE_CURVE ( 'NONE', #1506, #537, #1381, .T. ) ;
#1724 = EDGE_LOOP ( 'NONE', ( #694, #1542 ) ) ;
#1725 = AXIS2_PLACEMENT_3D ( 'NONE', #1263, #30, #1676 ) ;
#1726 = DIRECTION ( 'NONE',  ( -0.000000000000000000, -1.000000000000000000, -0.000000000000000000 ) ) ;
#1727 = VERTEX_POINT ( 'NONE', #1672 ) ;
#1728 = FACE_OUTER_BOUND ( 'NONE', #1740, .T. ) ;
#1729 = CC_DESIGN_PERSON_AND_ORGANIZATION_ASSIGNMENT ( #569, #121, ( #950 ) ) ;
#1730 = DIRECTION ( 'NONE',  ( -2.109423746787797427E-15, 0.000000000000000000, 1.000000000000000000 ) ) ;
#1731 = ORIENTED_EDGE ( 'NONE', *, *, #52, .F. ) ;
#1732 = CARTESIAN_POINT ( 'NONE',  ( 9.549999999999974065, 2.600000000000000089, 10.07476219735899292 ) ) ;
#1733 = FACE_OUTER_BOUND ( 'NONE', #925, .T. ) ;
#1734 = EDGE_CURVE ( 'NONE', #1647, #952, #620, .T. ) ;
#1735 = DIRECTION ( 'NONE',  ( -0.000000000000000000, -1.000000000000000000, -0.000000000000000000 ) ) ;
#1736 = ORIENTED_EDGE ( 'NONE', *, *, #1662, .F. ) ;
#1737 = ADVANCED_FACE ( 'NONE', ( #656 ), #770, .F. ) ;
#1738 = DIRECTION ( 'NONE',  ( 0.000000000000000000, 0.000000000000000000, -1.000000000000000000 ) ) ;
#1739 = CARTESIAN_POINT ( 'NONE',  ( -6.749999999999860556, 2.600000000000000089, -14.92450445855188690 ) ) ;
#1740 = EDGE_LOOP ( 'NONE', ( #1894, #274, #1885, #331 ) ) ;
#1741 = CARTESIAN_POINT ( 'NONE',  ( -6.750000000000055067, 5.000000000000000000, 10.09134295108989399 ) ) ;
#1742 = DIRECTION ( 'NONE',  ( -0.8660254037844328234, 0.000000000000000000, -0.5000000000000101030 ) ) ;
#1743 = AXIS2_PLACEMENT_3D ( 'NONE', #1507, #160, #1110 ) ;
#1744 = AXIS2_PLACEMENT_3D ( 'NONE', #88, #826, #1570 ) ;
#1745 = VERTEX_POINT ( 'NONE', #173 ) ;
#1746 = ORIENTED_EDGE ( 'NONE', *, *, #1862, .F. ) ;
#1747 = ORIENTED_EDGE ( 'NONE', *, *, #711, .T. ) ;
#1748 = DIRECTION ( 'NONE',  ( 0.8660254037844387076, 0.000000000000000000, 0.4999999999999997780 ) ) ;
#1749 = VECTOR ( 'NONE', #514, 1000.000000000000227 ) ;
#1750 = CARTESIAN_POINT ( 'NONE',  ( -3.949999999999878941, 2.600000000000000089, -13.30792370482091158 ) ) ;
#1751 = PLANE ( 'NONE',  #1213 ) ;
#1752 = ORIENTED_EDGE ( 'NONE', *, *, #1847, .T. ) ;
#1753 = DIRECTION ( 'NONE',  ( 0.000000000000000000, 0.000000000000000000, 1.000000000000000000 ) ) ;
#1754 = CARTESIAN_POINT ( 'NONE',  ( 16.29999999999999716, 2.600000000000000089, 1.616580753730952225 ) ) ;
#1755 = EDGE_CURVE ( 'NONE', #1604, #1368, #1833, .T. ) ;
#1756 = ORIENTED_EDGE ( 'NONE', *, *, #1392, .F. ) ;
#1757 = VECTOR ( 'NONE', #224, 1000.000000000000000 ) ;
#1758 = VERTEX_POINT ( 'NONE', #1528 ) ;
#1759 = CARTESIAN_POINT ( 'NONE',  ( 2.155378366499341605E-15, 5.000000000000000000, 17.60000000000000142 ) ) ;
#1760 = CIRCLE ( 'NONE', #1444, 1.599999999999998979 ) ;
#1761 = ADVANCED_FACE ( 'NONE', ( #345 ), #333, .F. ) ;
#1762 = CARTESIAN_POINT ( 'NONE',  ( -6.750000000000055067, 5.000000000000000000, 11.69134295108989363 ) ) ;
#1763 = ORIENTED_EDGE ( 'NONE', *, *, #447, .T. ) ;
#1764 = VECTOR ( 'NONE', #258, 1000.000000000000000 ) ;
#1765 = VERTEX_POINT ( 'NONE', #499 ) ;
#1766 = DIRECTION ( 'NONE',  ( 4.607425552194398854E-15, 0.000000000000000000, -1.000000000000000000 ) ) ;
#1767 = DIRECTION ( 'NONE',  ( 0.000000000000000000, 0.000000000000000000, -1.000000000000000000 ) ) ;
#1768 = VERTEX_POINT ( 'NONE', #1083 ) ;
#1769 = CC_DESIGN_PERSON_AND_ORGANIZATION_ASSIGNMENT ( #409, #143, ( #709 ) ) ;
#1770 = ORIENTED_EDGE ( 'NONE', *, *, #203, .F. ) ;
#1771 = FACE_OUTER_BOUND ( 'NONE', #139, .T. ) ;
#1772 = DATE_AND_TIME ( #1045, #650 ) ;
#1773 = CARTESIAN_POINT ( 'NONE',  ( 0.000000000000000000, 5.000000000000000000, 0.000000000000000000 ) ) ;
#1774 = ORIENTED_EDGE ( 'NONE', *, *, #1251, .F. ) ;
#1775 = LINE ( 'NONE', #291, #1629 ) ;
#1776 = DIRECTION ( 'NONE',  ( -0.8660254037844328234, 0.000000000000000000, -0.5000000000000101030 ) ) ;
#1777 = EDGE_LOOP ( 'NONE', ( #176, #556, #937, #1178 ) ) ;
#1778 = ORIENTED_EDGE ( 'NONE', *, *, #607, .T. ) ;
#1779 = LINE ( 'NONE', #1759, #547 ) ;
#1780 = VECTOR ( 'NONE', #1730, 1000.000000000000000 ) ;
#1781 = APPROVAL_STATUS ( 'not_yet_approved' ) ;
#1782 = PLANE ( 'NONE',  #1621 ) ;
#1783 = PLANE ( 'NONE',  #281 ) ;
#1784 = CARTESIAN_POINT ( 'NONE',  ( -6.750000000000072831, 2.600000000000000089, 14.92450445855179453 ) ) ;
#1785 = CARTESIAN_POINT ( 'NONE',  ( 9.549999999999974065, 2.600000000000000089, 10.07476219735899292 ) ) ;
#1786 = VERTEX_POINT ( 'NONE', #935 ) ;
#1787 = ADVANCED_FACE ( 'NONE', ( #918 ), #780, .F. ) ;
#1788 = VERTEX_POINT ( 'NONE', #180 ) ;
#1789 = LINE ( 'NONE', #595, #513 ) ;
#1790 = ORIENTED_EDGE ( 'NONE', *, *, #1654, .F. ) ;
#1791 = COORDINATED_UNIVERSAL_TIME_OFFSET ( 8, 0, .AHEAD. ) ;
#1792 = DIRECTION ( 'NONE',  ( 0.8660254037844339337, 0.000000000000000000, 0.5000000000000079936 ) ) ;
#1793 = AXIS2_PLACEMENT_3D ( 'NONE', #749, #300, #1505 ) ;
#1794 = EDGE_CURVE ( 'NONE', #1829, #1440, #1825, .T. ) ;
#1795 = PLANE ( 'NONE',  #716 ) ;
#1796 = PLANE ( 'NONE',  #1904 ) ;
#1797 = VERTEX_POINT ( 'NONE', #926 ) ;
#1798 = EDGE_CURVE ( 'NONE', #96, #20, #199, .T. ) ;
#1799 = ORIENTED_EDGE ( 'NONE', *, *, #546, .F. ) ;
#1800 = FACE_OUTER_BOUND ( 'NONE', #1609, .T. ) ;
#1801 = EDGE_LOOP ( 'NONE', ( #1461, #152 ) ) ;
#1802 = DATE_AND_TIME ( #1201, #612 ) ;
#1803 = ADVANCED_FACE ( 'NONE', ( #631 ), #1231, .F. ) ;
#1804 = CARTESIAN_POINT ( 'NONE',  ( 16.29999999999999716, 0.000000000000000000, 1.616580753730952225 ) ) ;
#1805 = EDGE_CURVE ( 'NONE', #440, #1259, #1252, .T. ) ;
#1806 = DIRECTION ( 'NONE',  ( 0.8660254037844387076, 0.000000000000000000, 0.4999999999999997224 ) ) ;
#1807 = FACE_OUTER_BOUND ( 'NONE', #858, .T. ) ;
#1808 = ORIENTED_EDGE ( 'NONE', *, *, #277, .T. ) ;
#1809 = EDGE_CURVE ( 'NONE', #372, #579, #190, .T. ) ;
#1810 = DIRECTION ( 'NONE',  ( 0.000000000000000000, 0.000000000000000000, -1.000000000000000000 ) ) ;
#1811 = ORIENTED_EDGE ( 'NONE', *, *, #1163, .T. ) ;
#1812 = ORIENTED_EDGE ( 'NONE', *, *, #1517, .F. ) ;
#1813 = VECTOR ( 'NONE', #429, 1000.000000000000000 ) ;
#1814 = VECTOR ( 'NONE', #1683, 1000.000000000000000 ) ;
#1815 = AXIS2_PLACEMENT_3D ( 'NONE', #380, #1255, #495 ) ;
#1816 = CARTESIAN_POINT ( 'NONE',  ( 3.950000000000156497, 2.600000000000000089, -13.30792370482082454 ) ) ;
#1817 = AXIS2_PLACEMENT_3D ( 'NONE', #692, #534, #1132 ) ;
#1818 = DIRECTION ( 'NONE',  ( -0.8660254037844397068, 0.000000000000000000, 0.4999999999999979461 ) ) ;
#1819 = VERTEX_POINT ( 'NONE', #1393 ) ;
#1820 = FACE_OUTER_BOUND ( 'NONE', #785, .T. ) ;
#1821 = ORIENTED_EDGE ( 'NONE', *, *, #769, .F. ) ;
#1822 = ORIENTED_EDGE ( 'NONE', *, *, #1613, .F. ) ;
#1823 = AXIS2_PLACEMENT_3D ( 'NONE', #501, #1684, #1521 ) ;
#1824 = EDGE_CURVE ( 'NONE', #255, #842, #45, .T. ) ;
#1825 = LINE ( 'NONE', #318, #213 ) ;
#1826 = DIRECTION ( 'NONE',  ( 0.000000000000000000, 0.000000000000000000, -1.000000000000000000 ) ) ;
#1827 = ORIENTED_EDGE ( 'NONE', *, *, #142, .F. ) ;
#1828 = LINE ( 'NONE', #793, #165 ) ;
#1829 = VERTEX_POINT ( 'NONE', #55 ) ;
#1830 = EDGE_LOOP ( 'NONE', ( #550, #1273, #1020, #647, #986, #930 ) ) ;
#1831 = LINE ( 'NONE', #638, #358 ) ;
#1832 = ORIENTED_EDGE ( 'NONE', *, *, #1433, .T. ) ;
#1833 = LINE ( 'NONE', #953, #811 ) ;
#1834 = DIRECTION ( 'NONE',  ( 0.000000000000000000, 0.000000000000000000, -1.000000000000000000 ) ) ;
#1835 = ORIENTED_EDGE ( 'NONE', *, *, #765, .T. ) ;
#1836 = ORIENTED_EDGE ( 'NONE', *, *, #510, .F. ) ;
#1837 = PLANE ( 'NONE',  #191 ) ;
#1838 = ORIENTED_EDGE ( 'NONE', *, *, #469, .F. ) ;
#1839 = PLANE ( 'NONE',  #230 ) ;
#1840 = ORIENTED_EDGE ( 'NONE', *, *, #530, .T. ) ;
#1841 = ADVANCED_FACE ( 'NONE', ( #649, #1843 ), #492, .T. ) ;
#1842 = VECTOR ( 'NONE', #1726, 1000.000000000000000 ) ;
#1843 = FACE_OUTER_BOUND ( 'NONE', #1687, .T. ) ;
#1844 = CARTESIAN_POINT ( 'NONE',  ( 6.749999999999973355, 2.600000000000000089, 10.09134295108993840 ) ) ;
#1845 = DIRECTION ( 'NONE',  ( 0.8660254037844397068, 0.000000000000000000, -0.4999999999999979461 ) ) ;
#1846 = CYLINDRICAL_SURFACE ( 'NONE', #963, 17.60000000000000142 ) ;
#1847 = EDGE_CURVE ( 'NONE', #755, #31, #109, .T. ) ;
#1848 = FACE_OUTER_BOUND ( 'NONE', #382, .T. ) ;
#1849 = ORIENTED_EDGE ( 'NONE', *, *, #220, .F. ) ;
#1850 = DIRECTION ( 'NONE',  ( -1.000000000000000000, 0.000000000000000000, -1.137978600240785612E-14 ) ) ;
#1851 = CARTESIAN_POINT ( 'NONE',  ( -3.949999999999908251, 0.000000000000000000, -10.07476219735900713 ) ) ;
#1852 = VECTOR ( 'NONE', #1539, 1000.000000000000000 ) ;
#1853 = APPROVAL ( #1781, 'UNSPECIFIED' ) ;
#1854 = EDGE_CURVE ( 'NONE', #755, #1336, #1458, .T. ) ;
#1855 = DIRECTION ( 'NONE',  ( 0.8660254037844397068, 0.000000000000000000, -0.4999999999999979461 ) ) ;
#1856 = DIRECTION ( 'NONE',  ( -0.000000000000000000, -1.000000000000000000, -0.000000000000000000 ) ) ;
#1857 = VECTOR ( 'NONE', #1910, 1000.000000000000000 ) ;
#1858 = CARTESIAN_POINT ( 'NONE',  ( -9.549999999999872813, 2.600000000000000089, -13.30792370482096132 ) ) ;
#1859 = EDGE_CURVE ( 'NONE', #138, #1898, #309, .T. ) ;
#1860 = DIRECTION ( 'NONE',  ( 0.000000000000000000, 0.000000000000000000, -1.000000000000000000 ) ) ;
#1861 = DIRECTION ( 'NONE',  ( 0.8660254037844328234, 0.000000000000000000, 0.5000000000000101030 ) ) ;
#1862 = EDGE_CURVE ( 'NONE', #982, #313, #1139, .T. ) ;
#1863 = DIRECTION ( 'NONE',  ( -0.000000000000000000, -1.000000000000000000, -0.000000000000000000 ) ) ;
#1864 = CARTESIAN_POINT ( 'NONE',  ( 16.29999999999999716, 0.000000000000000000, 1.616580753730952225 ) ) ;
#1865 = LINE ( 'NONE', #1137, #992 ) ;
#1866 = CARTESIAN_POINT ( 'NONE',  ( -13.49999999999999822, 2.600000000000000089, 3.233161507461900896 ) ) ;
#1867 = FACE_OUTER_BOUND ( 'NONE', #1229, .T. ) ;
#1868 = EDGE_CURVE ( 'NONE', #39, #1024, #460, .T. ) ;
#1869 = VECTOR ( 'NONE', #1659, 1000.000000000000000 ) ;
#1870 = DIRECTION ( 'NONE',  ( -0.000000000000000000, -1.000000000000000000, -0.000000000000000000 ) ) ;
#1871 = CARTESIAN_POINT ( 'NONE',  ( -6.749999999999920064, 2.600000000000000089, -8.458181443628083329 ) ) ;
#1872 = AXIS2_PLACEMENT_3D ( 'NONE', #1286, #1719, #369 ) ;
#1873 = ADVANCED_FACE ( 'NONE', ( #1728 ), #976, .F. ) ;
#1874 = CYLINDRICAL_SURFACE ( 'NONE', #1565, 1.599999999999998979 ) ;
#1875 = CARTESIAN_POINT ( 'NONE',  ( 10.70000000000000107, 2.600000000000000089, 1.616580753730950892 ) ) ;
#1876 = EDGE_CURVE ( 'NONE', #566, #1015, #856, .T. ) ;
#1877 = CARTESIAN_POINT ( 'NONE',  ( -3.950000000000064571, 2.600000000000000089, 13.30792370482085474 ) ) ;
#1878 = VECTOR ( 'NONE', #1834, 1000.000000000000000 ) ;
#1879 = CARTESIAN_POINT ( 'NONE',  ( -13.50000000000000178, 2.600000000000000089, -3.233161507461902673 ) ) ;
#1880 = CARTESIAN_POINT ( 'NONE',  ( 13.50000000000000178, 2.600000000000000089, 3.233161507461902673 ) ) ;
#1881 = EDGE_CURVE ( 'NONE', #1577, #1082, #303, .T. ) ;
#1882 = ORIENTED_EDGE ( 'NONE', *, *, #1854, .F. ) ;
#1883 = VECTOR ( 'NONE', #1870, 1000.000000000000000 ) ;
#1884 = DIRECTION ( 'NONE',  ( -0.000000000000000000, -1.000000000000000000, -0.000000000000000000 ) ) ;
#1885 = ORIENTED_EDGE ( 'NONE', *, *, #1666, .F. ) ;
#1886 = CARTESIAN_POINT ( 'NONE',  ( 0.000000000000000000, 5.000000000000000000, 0.000000000000000000 ) ) ;
#1887 = VERTEX_POINT ( 'NONE', #680 ) ;
#1888 = VERTEX_POINT ( 'NONE', #1423 ) ;
#1889 = CARTESIAN_POINT ( 'NONE',  ( 10.70000000000000107, 2.600000000000000089, -1.616580753730949560 ) ) ;
#1890 = CARTESIAN_POINT ( 'NONE',  ( 0.000000000000000000, 5.000000000000000000, 0.000000000000000000 ) ) ;
#1891 = VERTEX_POINT ( 'NONE', #1445 ) ;
#1892 = CARTESIAN_POINT ( 'NONE',  ( -13.50000000000000000, 2.600000000000000089, -1.599999999999998979 ) ) ;
#1893 = VERTEX_POINT ( 'NONE', #99 ) ;
#1894 = ORIENTED_EDGE ( 'NONE', *, *, #769, .T. ) ;
#1895 = DIRECTION ( 'NONE',  ( 0.000000000000000000, 0.000000000000000000, -1.000000000000000000 ) ) ;
#1896 = EDGE_CURVE ( 'NONE', #1440, #1574, #506, .T. ) ;
#1897 = DIRECTION ( 'NONE',  ( -0.000000000000000000, -1.000000000000000000, -0.000000000000000000 ) ) ;
#1898 = VERTEX_POINT ( 'NONE', #385 ) ;
#1899 = DIRECTION ( 'NONE',  ( -0.000000000000000000, -1.000000000000000000, -0.000000000000000000 ) ) ;
#1900 = DIRECTION ( 'NONE',  ( -0.8660254037844408170, 0.000000000000000000, 0.4999999999999961697 ) ) ;
#1901 = VECTOR ( 'NONE', #1735, 1000.000000000000000 ) ;
#1902 = APPROVAL_PERSON_ORGANIZATION ( #744, #1853, #430 ) ;
#1903 = ORIENTED_EDGE ( 'NONE', *, *, #762, .F. ) ;
#1904 = AXIS2_PLACEMENT_3D ( 'NONE', #1785, #12, #396 ) ;
#1905 = VERTEX_POINT ( 'NONE', #1121 ) ;
#1906 = CARTESIAN_POINT ( 'NONE',  ( -6.750000000000072831, 0.000000000000000000, 14.92450445855179453 ) ) ;
#1907 = VECTOR ( 'NONE', #810, 1000.000000000000000 ) ;
#1908 = LINE ( 'NONE', #1804, #426 ) ;
#1909 = EDGE_LOOP ( 'NONE', ( #129, #1448, #1731, #1237, #486, #111 ) ) ;
#1910 = DIRECTION ( 'NONE',  ( -0.8660254037844432595, 0.000000000000000000, 0.4999999999999919509 ) ) ;
#1911 = DIRECTION ( 'NONE',  ( 0.000000000000000000, -1.000000000000000000, -0.000000000000000000 ) ) ;
#1912 = ADVANCED_FACE ( 'NONE', ( #1578 ), #73, .F. ) ;
#1913 = ORIENTED_EDGE ( 'NONE', *, *, #489, .T. ) ;
#1914 = ORIENTED_EDGE ( 'NONE', *, *, #469, .T. ) ;
#1915 = PLANE ( 'NONE',  #386 ) ;
#1916 = PERSON_AND_ORGANIZATION ( #1059, #900 ) ;
#1917 = CARTESIAN_POINT ( 'NONE',  ( -3.949999999999908251, 2.600000000000000089, -10.07476219735900713 ) ) ;
#1918 = LINE ( 'NONE', #572, #1129 ) ;
#1919 = CARTESIAN_POINT ( 'NONE',  ( -6.750000000000055067, 2.600000000000000089, 11.69134295108989363 ) ) ;
#1920 = VERTEX_POINT ( 'NONE', #240 ) ;
#1921 = ORIENTED_EDGE ( 'NONE', *, *, #757, .F. ) ;
#1922 = DIRECTION ( 'NONE',  ( 0.000000000000000000, 0.000000000000000000, -1.000000000000000000 ) ) ;
#1923 = DIRECTION ( 'NONE',  ( 0.5000000000000001110, -0.000000000000000000, 0.8660254037844387076 ) ) ;
#1924 = EDGE_CURVE ( 'NONE', #1259, #1009, #1718, .T. ) ;
#1925 = ORIENTED_EDGE ( 'NONE', *, *, #72, .F. ) ;
#1926 = DIRECTION ( 'NONE',  ( -0.000000000000000000, -1.000000000000000000, -0.000000000000000000 ) ) ;
#1927 = CARTESIAN_POINT ( 'NONE',  ( -6.750000000000055067, 2.600000000000000089, 10.09134295108989399 ) ) ;
#1928 = DIRECTION ( 'NONE',  ( -0.000000000000000000, -1.000000000000000000, -0.000000000000000000 ) ) ;
#1929 = ORIENTED_EDGE ( 'NONE', *, *, #1095, .T. ) ;
#1930 = VECTOR ( 'NONE', #1011, 1000.000000000000000 ) ;
#1931 = ORIENTED_EDGE ( 'NONE', *, *, #483, .T. ) ;
#1932 = CARTESIAN_POINT ( 'NONE',  ( 6.749999999999973355, 5.000000000000000000, 13.29134295108993769 ) ) ;
#1933 = ORIENTED_EDGE ( 'NONE', *, *, #902, .T. ) ;
#1934 = VECTOR ( 'NONE', #1748, 1000.000000000000227 ) ;
#1935 = SHAPE_DEFINITION_REPRESENTATION ( #1460, #697 ) ;
#1936 = FACE_BOUND ( 'NONE', #1681, .T. ) ;
#1937 = EDGE_CURVE ( 'NONE', #917, #952, #525, .T. ) ;
#1938 = DIRECTION ( 'NONE',  ( 2.164934898019055254E-15, 0.000000000000000000, -1.000000000000000000 ) ) ;
#1939 = CARTESIAN_POINT ( 'NONE',  ( 6.749999999999964473, 2.600000000000000089, 14.92450445855184071 ) ) ;
#1940 = CARTESIAN_POINT ( 'NONE',  ( 3.949999999999977973, 2.600000000000000089, 10.07476219735897871 ) ) ;
#1941 = ORIENTED_EDGE ( 'NONE', *, *, #1723, .T. ) ;
ENDSEC;
END-ISO-10303-21;
