ISO-10303-21;
HEADER;
FILE_DESCRIPTION (( 'STEP AP203' ),
    '1' );
FILE_NAME ('BasePlate.STEP',
    '2026-02-26T13:36:00',
    ( '' ),
    ( '' ),
    'SwSTEP 2.0',
    'SolidWorks 2024',
    '' );
FILE_SCHEMA (( 'CONFIG_CONTROL_DESIGN' ));
ENDSEC;

DATA;
#1 = EDGE_CURVE ( 'NONE', #423, #94, #1159, .T. ) ;
#2 = ORIENTED_EDGE ( 'NONE', *, *, #1548, .T. ) ;
#3 = DIRECTION ( 'NONE',  ( 0.000000000000000000, 0.000000000000000000, -1.000000000000000000 ) ) ;
#4 = LOCAL_TIME ( 21, 36, 0.000000000000000000, #1536 ) ;
#5 = ORIENTED_EDGE ( 'NONE', *, *, #658, .F. ) ;
#6 = DIRECTION ( 'NONE',  ( 0.000000000000000000, 0.000000000000000000, -1.000000000000000000 ) ) ;
#7 = CARTESIAN_POINT ( 'NONE',  ( -12.66771471198950394, 0.000000000000000000, -37.94112549695442027 ) ) ;
#8 = EDGE_LOOP ( 'NONE', ( #1528, #43, #240, #228 ) ) ;
#9 = ADVANCED_FACE ( 'NONE', ( #215 ), #344, .F. ) ;
#10 = DIRECTION ( 'NONE',  ( 0.000000000000000000, 0.000000000000000000, -1.000000000000000000 ) ) ;
#11 = APPROVAL ( #457, 'UNSPECIFIED' ) ;
#12 = ORIENTED_EDGE ( 'NONE', *, *, #675, .T. ) ;
#13 = DIRECTION ( 'NONE',  ( -0.000000000000000000, -1.000000000000000000, -0.000000000000000000 ) ) ;
#14 = DIRECTION ( 'NONE',  ( 0.000000000000000000, 0.000000000000000000, -1.000000000000000000 ) ) ;
#15 = DIRECTION ( 'NONE',  ( 0.000000000000000000, 0.000000000000000000, -1.000000000000000000 ) ) ;
#16 = LINE ( 'NONE', #409, #972 ) ;
#17 = ORIENTED_EDGE ( 'NONE', *, *, #1397, .T. ) ;
#18 = FACE_OUTER_BOUND ( 'NONE', #1315, .T. ) ;
#19 = EDGE_LOOP ( 'NONE', ( #1497, #156, #1212 ) ) ;
#20 = AXIS2_PLACEMENT_3D ( 'NONE', #992, #574, #329 ) ;
#21 = DIRECTION ( 'NONE',  ( 0.000000000000000000, 0.000000000000000000, -1.000000000000000000 ) ) ;
#22 = DIRECTION ( 'NONE',  ( 0.000000000000000000, 0.000000000000000000, 1.000000000000000000 ) ) ;
#23 = DIRECTION ( 'NONE',  ( 0.000000000000000000, 0.000000000000000000, -1.000000000000000000 ) ) ;
#24 = VECTOR ( 'NONE', #294, 1000.000000000000000 ) ;
#25 = DIRECTION ( 'NONE',  ( -1.000000000000000000, 0.000000000000000000, -4.163336342344332293E-15 ) ) ;
#26 = ORIENTED_EDGE ( 'NONE', *, *, #42, .F. ) ;
#27 = DIRECTION ( 'NONE',  ( -0.000000000000000000, -1.000000000000000000, -0.000000000000000000 ) ) ;
#28 = ORIENTED_EDGE ( 'NONE', *, *, #1158, .T. ) ;
#29 = FACE_BOUND ( 'NONE', #440, .T. ) ;
#30 = LOCAL_TIME ( 21, 36, 0.000000000000000000, #1134 ) ;
#31 = CYLINDRICAL_SURFACE ( 'NONE', #471, 40.00000000000000000 ) ;
#32 = ADVANCED_FACE ( 'NONE', ( #909 ), #1696, .F. ) ;
#33 = LINE ( 'NONE', #996, #807 ) ;
#34 = ORIENTED_EDGE ( 'NONE', *, *, #868, .T. ) ;
#35 = CARTESIAN_POINT ( 'NONE',  ( 1.047444401652940057E-12, 0.000000000000000000, -100.0000000000000000 ) ) ;
#36 = ORIENTED_EDGE ( 'NONE', *, *, #91, .T. ) ;
#37 = CARTESIAN_POINT ( 'NONE',  ( -102.0000000000000142, 0.000000000000000000, 9.797958971132725736 ) ) ;
#38 = EDGE_LOOP ( 'NONE', ( #563, #565, #963, #870 ) ) ;
#39 = CARTESIAN_POINT ( 'NONE',  ( -11.25833024919769620, 1.560000000000001386, -8.300000000000004263 ) ) ;
#40 = EDGE_CURVE ( 'NONE', #1034, #981, #1433, .T. ) ;
#41 = EDGE_CURVE ( 'NONE', #1521, #1538, #1307, .T. ) ;
#42 = EDGE_CURVE ( 'NONE', #642, #1401, #1424, .T. ) ;
#43 = ORIENTED_EDGE ( 'NONE', *, *, #1278, .T. ) ;
#44 = CARTESIAN_POINT ( 'NONE',  ( -5.999999999999986677, 8.000000000000000000, 29.39387691339812037 ) ) ;
#45 = ORIENTED_EDGE ( 'NONE', *, *, #221, .T. ) ;
#46 = FACE_BOUND ( 'NONE', #473, .T. ) ;
#47 = ORIENTED_EDGE ( 'NONE', *, *, #479, .F. ) ;
#48 = LINE ( 'NONE', #205, #141 ) ;
#49 = LINE ( 'NONE', #1101, #1370 ) ;
#50 = CIRCLE ( 'NONE', #417, 40.00000000000000000 ) ;
#51 = AXIS2_PLACEMENT_3D ( 'NONE', #1249, #1377, #595 ) ;
#52 = DATE_AND_TIME ( #1281, #592 ) ;
#53 = DIRECTION ( 'NONE',  ( 0.000000000000000000, 0.000000000000000000, -1.000000000000000000 ) ) ;
#54 = ORIENTED_EDGE ( 'NONE', *, *, #1703, .F. ) ;
#55 = CIRCLE ( 'NONE', #893, 10.00000000000001066 ) ;
#56 = DIRECTION ( 'NONE',  ( 0.000000000000000000, 0.000000000000000000, -1.000000000000000000 ) ) ;
#57 = EDGE_CURVE ( 'NONE', #1425, #338, #1679, .T. ) ;
#58 = EDGE_LOOP ( 'NONE', ( #1500, #1589, #117, #1726 ) ) ;
#59 = CARTESIAN_POINT ( 'NONE',  ( 11.25833024919769620, 1.560000000000001386, 4.699999999999997513 ) ) ;
#60 = AXIS2_PLACEMENT_3D ( 'NONE', #177, #1537, #1682 ) ;
#61 = ORIENTED_EDGE ( 'NONE', *, *, #1550, .T. ) ;
#62 = CC_DESIGN_APPROVAL ( #1290, ( #1153 ) ) ;
#63 = DIRECTION ( 'NONE',  ( 0.000000000000000000, 0.000000000000000000, -1.000000000000000000 ) ) ;
#64 = PERSON_AND_ORGANIZATION_ROLE ( 'creator' ) ;
#65 = ORIENTED_EDGE ( 'NONE', *, *, #1039, .F. ) ;
#66 = VERTEX_POINT ( 'NONE', #381 ) ;
#67 = EDGE_CURVE ( 'NONE', #1538, #897, #1556, .T. ) ;
#68 = CYLINDRICAL_SURFACE ( 'NONE', #165, 40.00000000000000000 ) ;
#69 = EDGE_CURVE ( 'NONE', #1404, #766, #1294, .T. ) ;
#70 = CARTESIAN_POINT ( 'NONE',  ( 5.999999999999986677, 8.000000000000000000, -29.39387691339812037 ) ) ;
#71 = CARTESIAN_POINT ( 'NONE',  ( 37.94112549695428527, 0.000000000000000000, 12.66771471198990540 ) ) ;
#72 = PERSON_AND_ORGANIZATION_ROLE ( 'classification_officer' ) ;
#73 = CARTESIAN_POINT ( 'NONE',  ( -102.0000000000000142, 0.000000000000000000, -9.797958971132722183 ) ) ;
#74 = ORIENTED_EDGE ( 'NONE', *, *, #1130, .T. ) ;
#75 = VERTEX_POINT ( 'NONE', #901 ) ;
#76 = LINE ( 'NONE', #1024, #1567 ) ;
#77 = CARTESIAN_POINT ( 'NONE',  ( -25.42812707978034936, 8.000000000000000000, -25.42812707978061226 ) ) ;
#78 = CIRCLE ( 'NONE', #884, 1.799999999999997824 ) ;
#79 = DIRECTION ( 'NONE',  ( 0.000000000000000000, 0.000000000000000000, -1.000000000000000000 ) ) ;
#80 = CIRCLE ( 'NONE', #20, 3.360000000000000320 ) ;
#81 = VECTOR ( 'NONE', #1051, 1000.000000000000000 ) ;
#82 = CALENDAR_DATE ( 2026, 26, 2 ) ;
#83 = DIRECTION ( 'NONE',  ( -0.2000000000000099476, 0.000000000000000000, 0.9797958971132691985 ) ) ;
#84 = AXIS2_PLACEMENT_3D ( 'NONE', #1640, #1237, #1105 ) ;
#85 = AXIS2_PLACEMENT_3D ( 'NONE', #1723, #103, #237 ) ;
#86 = ORIENTED_EDGE ( 'NONE', *, *, #1676, .F. ) ;
#87 = FACE_OUTER_BOUND ( 'NONE', #648, .T. ) ;
#88 = ORIENTED_EDGE ( 'NONE', *, *, #610, .T. ) ;
#89 = DIRECTION ( 'NONE',  ( -0.000000000000000000, -1.000000000000000000, -0.000000000000000000 ) ) ;
#90 = DIRECTION ( 'NONE',  ( 0.000000000000000000, 0.000000000000000000, -1.000000000000000000 ) ) ;
#91 = EDGE_CURVE ( 'NONE', #929, #234, #245, .T. ) ;
#92 = AXIS2_PLACEMENT_3D ( 'NONE', #494, #213, #222 ) ;
#93 = EDGE_LOOP ( 'NONE', ( #1246, #1614, #1632 ) ) ;
#94 = VERTEX_POINT ( 'NONE', #106 ) ;
#95 = DIRECTION ( 'NONE',  ( 0.1999999999999962919, 0.000000000000000000, 0.9797958971132719741 ) ) ;
#96 = ORIENTED_EDGE ( 'NONE', *, *, #1602, .T. ) ;
#97 = CARTESIAN_POINT ( 'NONE',  ( 7.632783294297972909E-16, 8.000000000000000000, 11.19999999999999574 ) ) ;
#98 = CARTESIAN_POINT ( 'NONE',  ( -3.999999999999989786, 8.000000000000000000, -19.59591794226540529 ) ) ;
#99 = DIRECTION ( 'NONE',  ( 0.000000000000000000, 0.000000000000000000, -1.000000000000000000 ) ) ;
#100 = ORIENTED_EDGE ( 'NONE', *, *, #429, .F. ) ;
#101 = CARTESIAN_POINT ( 'NONE',  ( -11.25833024919769620, 1.560000000000001386, -4.700000000000004619 ) ) ;
#102 = VERTEX_POINT ( 'NONE', #1174 ) ;
#103 = DIRECTION ( 'NONE',  ( -0.000000000000000000, -1.000000000000000000, -0.000000000000000000 ) ) ;
#104 = PLANE ( 'NONE',  #1111 ) ;
#105 = CIRCLE ( 'NONE', #1481, 1.799999999999997824 ) ;
#106 = CARTESIAN_POINT ( 'NONE',  ( 9.797958971133789774, 0.000000000000000000, -101.9999999999999147 ) ) ;
#107 = AXIS2_PLACEMENT_3D ( 'NONE', #529, #819, #396 ) ;
#108 = EDGE_LOOP ( 'NONE', ( #1671, #518, #45, #723 ) ) ;
#109 = VECTOR ( 'NONE', #95, 1000.000000000000227 ) ;
#110 = EDGE_CURVE ( 'NONE', #1401, #94, #510, .T. ) ;
#111 = LINE ( 'NONE', #1161, #1737 ) ;
#112 = VECTOR ( 'NONE', #933, 1000.000000000000000 ) ;
#113 = AXIS2_PLACEMENT_3D ( 'NONE', #620, #609, #627 ) ;
#114 = ORIENTED_EDGE ( 'NONE', *, *, #322, .F. ) ;
#115 = DIRECTION ( 'NONE',  ( -0.000000000000000000, -1.000000000000000000, -0.000000000000000000 ) ) ;
#116 = LINE ( 'NONE', #1574, #672 ) ;
#117 = ORIENTED_EDGE ( 'NONE', *, *, #994, .T. ) ;
#118 = DIRECTION ( 'NONE',  ( 0.2000000000000099476, 0.000000000000000000, -0.9797958971132691985 ) ) ;
#119 = EDGE_CURVE ( 'NONE', #1463, #998, #960, .T. ) ;
#120 = ORIENTED_EDGE ( 'NONE', *, *, #503, .T. ) ;
#121 = CARTESIAN_POINT ( 'NONE',  ( 19.59591794226539463, 8.000000000000000000, 4.000000000000061284 ) ) ;
#122 = ADVANCED_FACE ( 'NONE', ( #1075 ), #1338, .F. ) ;
#123 = DIRECTION ( 'NONE',  ( -0.000000000000000000, -1.000000000000000000, -0.000000000000000000 ) ) ;
#124 = EDGE_LOOP ( 'NONE', ( #1238, #88, #499, #1325 ) ) ;
#125 = CARTESIAN_POINT ( 'NONE',  ( -29.39387691339805642, 8.000000000000000000, -6.000000000000293987 ) ) ;
#126 = EDGE_LOOP ( 'NONE', ( #1275, #1355, #780, #728 ) ) ;
#127 = CYLINDRICAL_SURFACE ( 'NONE', #500, 40.00000000000000000 ) ;
#128 = DIRECTION ( 'NONE',  ( 0.000000000000000000, 0.000000000000000000, -1.000000000000000000 ) ) ;
#129 = ADVANCED_FACE ( 'NONE', ( #416 ), #1473, .T. ) ;
#130 = CARTESIAN_POINT ( 'NONE',  ( 0.000000000000000000, 0.000000000000000000, -40.00000000000000000 ) ) ;
#131 = VECTOR ( 'NONE', #770, 1000.000000000000000 ) ;
#132 = ORIENTED_EDGE ( 'NONE', *, *, #631, .T. ) ;
#133 = CARTESIAN_POINT ( 'NONE',  ( 0.000000000000000000, 0.000000000000000000, -13.00000000000000000 ) ) ;
#134 = AXIS2_PLACEMENT_3D ( 'NONE', #400, #541, #1612 ) ;
#135 = VECTOR ( 'NONE', #1529, 1000.000000000000000 ) ;
#136 = FACE_BOUND ( 'NONE', #850, .T. ) ;
#137 = ORIENTED_EDGE ( 'NONE', *, *, #69, .F. ) ;
#138 = DIRECTION ( 'NONE',  ( -0.000000000000000000, -1.000000000000000000, -0.000000000000000000 ) ) ;
#139 = CARTESIAN_POINT ( 'NONE',  ( -3.491481338843133355E-13, 8.000000000000000000, 100.0000000000000000 ) ) ;
#140 = AXIS2_PLACEMENT_3D ( 'NONE', #1668, #726, #1378 ) ;
#141 = VECTOR ( 'NONE', #733, 999.9999999999998863 ) ;
#142 = AXIS2_PLACEMENT_3D ( 'NONE', #1186, #13, #6 ) ;
#143 = DIRECTION ( 'NONE',  ( -0.000000000000000000, -1.000000000000000000, -0.000000000000000000 ) ) ;
#144 = EDGE_CURVE ( 'NONE', #820, #1734, #1591, .T. ) ;
#145 = EDGE_CURVE ( 'NONE', #1160, #1517, #105, .T. ) ;
#146 = ORIENTED_EDGE ( 'NONE', *, *, #1676, .T. ) ;
#147 = CARTESIAN_POINT ( 'NONE',  ( -11.25833024919769620, 8.000000000000000000, -6.500000000000004441 ) ) ;
#148 = ORIENTED_EDGE ( 'NONE', *, *, #337, .T. ) ;
#149 = CARTESIAN_POINT ( 'NONE',  ( 37.94112549695429237, 0.000000000000000000, -12.66771471198990184 ) ) ;
#150 = CARTESIAN_POINT ( 'NONE',  ( -11.25833024919769620, 8.000000000000000000, -4.700000000000006395 ) ) ;
#151 = CARTESIAN_POINT ( 'NONE',  ( 9.797958971132370465, 0.000000000000000000, 102.0000000000000284 ) ) ;
#152 =( NAMED_UNIT ( * ) PLANE_ANGLE_UNIT ( ) SI_UNIT ( $, .RADIAN. ) );
#153 = ORIENTED_EDGE ( 'NONE', *, *, #1602, .F. ) ;
#154 = CARTESIAN_POINT ( 'NONE',  ( 102.0000000000000142, 8.000000000000000000, 9.797958971132722183 ) ) ;
#155 = EDGE_CURVE ( 'NONE', #1653, #904, #1619, .T. ) ;
#156 = ORIENTED_EDGE ( 'NONE', *, *, #986, .T. ) ;
#157 = CARTESIAN_POINT ( 'NONE',  ( 25.42812707978049502, 0.000000000000000000, 25.42812707978059450 ) ) ;
#158 = DIRECTION ( 'NONE',  ( 0.000000000000000000, -0.7071067811865477948, -0.7071067811865473507 ) ) ;
#159 = CARTESIAN_POINT ( 'NONE',  ( 2.204364238465235576E-16, 1.560000000000001386, -11.19999999999999929 ) ) ;
#160 = ORIENTED_EDGE ( 'NONE', *, *, #196, .F. ) ;
#161 = DIRECTION ( 'NONE',  ( -0.000000000000000000, -1.000000000000000000, -0.000000000000000000 ) ) ;
#162 = ORIENTED_EDGE ( 'NONE', *, *, #1470, .T. ) ;
#163 = VECTOR ( 'NONE', #497, 1000.000000000000000 ) ;
#164 = CARTESIAN_POINT ( 'NONE',  ( 25.42812707978049502, 8.000000000000000000, 25.42812707978059095 ) ) ;
#165 = AXIS2_PLACEMENT_3D ( 'NONE', #1230, #566, #1137 ) ;
#166 = CARTESIAN_POINT ( 'NONE',  ( -37.94112549695428527, 8.000000000000000000, -12.66771471198990540 ) ) ;
#167 = VECTOR ( 'NONE', #804, 1000.000000000000000 ) ;
#168 = AXIS2_PLACEMENT_3D ( 'NONE', #718, #1254, #53 ) ;
#169 = LINE ( 'NONE', #1250, #586 ) ;
#170 = ORIENTED_EDGE ( 'NONE', *, *, #569, .T. ) ;
#171 = CARTESIAN_POINT ( 'NONE',  ( -11.25833024919769976, 0.000000000000000000, 4.699999999999999289 ) ) ;
#172 = ORIENTED_EDGE ( 'NONE', *, *, #685, .T. ) ;
#173 = CYLINDRICAL_SURFACE ( 'NONE', #223, 40.00000000000000000 ) ;
#174 = EDGE_CURVE ( 'NONE', #922, #848, #412, .T. ) ;
#175 = EDGE_CURVE ( 'NONE', #280, #1073, #1330, .T. ) ;
#176 = FACE_OUTER_BOUND ( 'NONE', #1513, .T. ) ;
#177 = CARTESIAN_POINT ( 'NONE',  ( -19.59591794226541950, 8.000000000000000000, 3.999999999999920952 ) ) ;
#178 = EDGE_LOOP ( 'NONE', ( #170, #1489, #811, #756 ) ) ;
#179 = PLANE ( 'NONE',  #250 ) ;
#180 = VERTEX_POINT ( 'NONE', #1480 ) ;
#181 = DIRECTION ( 'NONE',  ( 0.000000000000000000, 0.000000000000000000, -1.000000000000000000 ) ) ;
#182 = ORIENTED_EDGE ( 'NONE', *, *, #1731, .T. ) ;
#183 = PLANE ( 'NONE',  #1457 ) ;
#184 = DIRECTION ( 'NONE',  ( 0.9797958971132713080, 0.000000000000000000, 0.1999999999999998446 ) ) ;
#185 = EDGE_CURVE ( 'NONE', #1653, #1007, #1498, .T. ) ;
#186 = PERSON_AND_ORGANIZATION ( #907, #1658 ) ;
#187 = ORIENTED_EDGE ( 'NONE', *, *, #995, .F. ) ;
#188 = CARTESIAN_POINT ( 'NONE',  ( -11.25833024919769976, 0.000000000000000000, 3.139999999999997904 ) ) ;
#189 = ORIENTED_EDGE ( 'NONE', *, *, #1651, .F. ) ;
#190 = FACE_BOUND ( 'NONE', #745, .T. ) ;
#191 = DIRECTION ( 'NONE',  ( 0.9797958971132713080, 0.000000000000000000, -0.1999999999999997058 ) ) ;
#192 = AXIS2_PLACEMENT_3D ( 'NONE', #139, #1357, #938 ) ;
#193 = DIRECTION ( 'NONE',  ( 0.000000000000000000, 0.000000000000000000, -1.000000000000000000 ) ) ;
#194 = CIRCLE ( 'NONE', #1399, 3.360000000000000320 ) ;
#195 = AXIS2_PLACEMENT_3D ( 'NONE', #797, #401, #25 ) ;
#196 = EDGE_CURVE ( 'NONE', #858, #1434, #261, .T. ) ;
#197 = PERSON_AND_ORGANIZATION ( #907, #1658 ) ;
#198 = ADVANCED_FACE ( 'NONE', ( #520 ), #1505, .F. ) ;
#199 = VERTEX_POINT ( 'NONE', #813 ) ;
#200 = CIRCLE ( 'NONE', #521, 10.00000000000001066 ) ;
#201 = CONICAL_SURFACE ( 'NONE', #781, 3.360000000000000320, 0.7853981633974480570 ) ;
#202 = ORIENTED_EDGE ( 'NONE', *, *, #1483, .T. ) ;
#203 = CARTESIAN_POINT ( 'NONE',  ( -11.25833024919769620, 1.560000000000001386, -6.500000000000004441 ) ) ;
#204 = ORIENTED_EDGE ( 'NONE', *, *, #286, .F. ) ;
#205 = CARTESIAN_POINT ( 'NONE',  ( 11.25833024919769620, 0.000000000000000000, 9.859999999999997655 ) ) ;
#206 = CARTESIAN_POINT ( 'NONE',  ( -37.94112549695429237, 0.000000000000000000, 12.66771471198990184 ) ) ;
#207 =( NAMED_UNIT ( * ) SI_UNIT ( $, .STERADIAN. ) SOLID_ANGLE_UNIT ( ) );
#208 = VERTEX_POINT ( 'NONE', #150 ) ;
#209 = EDGE_LOOP ( 'NONE', ( #289, #513, #34, #1571 ) ) ;
#210 = DIRECTION ( 'NONE',  ( 0.000000000000000000, 0.000000000000000000, -1.000000000000000000 ) ) ;
#211 = ORIENTED_EDGE ( 'NONE', *, *, #41, .T. ) ;
#212 = CARTESIAN_POINT ( 'NONE',  ( -12.66771471199003685, 8.000000000000000000, 37.94112549695424264 ) ) ;
#213 = DIRECTION ( 'NONE',  ( -0.000000000000000000, -1.000000000000000000, -0.000000000000000000 ) ) ;
#214 = DATE_TIME_ROLE ( 'creation_date' ) ;
#215 = FACE_OUTER_BOUND ( 'NONE', #1382, .T. ) ;
#216 = ORIENTED_EDGE ( 'NONE', *, *, #41, .F. ) ;
#217 = FACE_OUTER_BOUND ( 'NONE', #1271, .T. ) ;
#218 = EDGE_CURVE ( 'NONE', #297, #1641, #680, .T. ) ;
#219 = VERTEX_POINT ( 'NONE', #951 ) ;
#220 = DIRECTION ( 'NONE',  ( -0.000000000000000000, -1.000000000000000000, -0.000000000000000000 ) ) ;
#221 = EDGE_CURVE ( 'NONE', #1579, #640, #777, .T. ) ;
#222 = DIRECTION ( 'NONE',  ( 0.000000000000000000, 0.000000000000000000, -1.000000000000000000 ) ) ;
#223 = AXIS2_PLACEMENT_3D ( 'NONE', #1541, #340, #227 ) ;
#224 = ORIENTED_EDGE ( 'NONE', *, *, #312, .T. ) ;
#225 = VECTOR ( 'NONE', #1188, 1000.000000000000000 ) ;
#226 = VERTEX_POINT ( 'NONE', #164 ) ;
#227 = DIRECTION ( 'NONE',  ( 0.000000000000000000, 0.000000000000000000, -1.000000000000000000 ) ) ;
#228 = ORIENTED_EDGE ( 'NONE', *, *, #1149, .F. ) ;
#229 = DIRECTION ( 'NONE',  ( 0.000000000000000000, 0.000000000000000000, -1.000000000000000000 ) ) ;
#230 = EDGE_CURVE ( 'NONE', #1008, #1643, #690, .T. ) ;
#231 = DIRECTION ( 'NONE',  ( 0.000000000000000000, -1.000000000000000000, 0.000000000000000000 ) ) ;
#232 = CIRCLE ( 'NONE', #956, 40.00000000000000000 ) ;
#233 = DIRECTION ( 'NONE',  ( -0.9797958971132713080, 0.000000000000000000, -0.1999999999999996780 ) ) ;
#234 = VERTEX_POINT ( 'NONE', #267 ) ;
#235 = CARTESIAN_POINT ( 'NONE',  ( 0.000000000000000000, 8.000000000000000000, 0.000000000000000000 ) ) ;
#236 = EDGE_LOOP ( 'NONE', ( #5, #1304, #1096, #1363 ) ) ;
#237 = DIRECTION ( 'NONE',  ( 0.000000000000000000, 0.000000000000000000, -1.000000000000000000 ) ) ;
#238 = DIRECTION ( 'NONE',  ( 1.000000000000000000, 0.000000000000000000, 9.714451465470108685E-15 ) ) ;
#239 = DIRECTION ( 'NONE',  ( -0.000000000000000000, -1.000000000000000000, -0.000000000000000000 ) ) ;
#240 = ORIENTED_EDGE ( 'NONE', *, *, #455, .T. ) ;
#241 = DIRECTION ( 'NONE',  ( -0.1999999999999998446, 0.000000000000000000, 0.9797958971132713080 ) ) ;
#242 = ORIENTED_EDGE ( 'NONE', *, *, #1251, .T. ) ;
#243 = DIRECTION ( 'NONE',  ( 0.000000000000000000, 0.000000000000000000, -1.000000000000000000 ) ) ;
#244 = CARTESIAN_POINT ( 'NONE',  ( 29.39387691339809905, 0.000000000000000000, 6.000000000000088818 ) ) ;
#245 = CIRCLE ( 'NONE', #747, 3.360000000000000320 ) ;
#246 = EDGE_CURVE ( 'NONE', #75, #1244, #1594, .T. ) ;
#247 = CONICAL_SURFACE ( 'NONE', #1712, 3.360000000000000320, 0.7853981633974482790 ) ;
#248 = EDGE_CURVE ( 'NONE', #432, #732, #1339, .T. ) ;
#249 = ORIENTED_EDGE ( 'NONE', *, *, #717, .F. ) ;
#250 = AXIS2_PLACEMENT_3D ( 'NONE', #44, #581, #450 ) ;
#251 = DIRECTION ( 'NONE',  ( -0.000000000000000000, -1.000000000000000000, -0.000000000000000000 ) ) ;
#252 = CIRCLE ( 'NONE', #946, 1.799999999999999600 ) ;
#253 = CYLINDRICAL_SURFACE ( 'NONE', #1120, 1.799999999999997824 ) ;
#254 = ORIENTED_EDGE ( 'NONE', *, *, #764, .F. ) ;
#255 = FACE_OUTER_BOUND ( 'NONE', #475, .T. ) ;
#256 = ORIENTED_EDGE ( 'NONE', *, *, #1269, .T. ) ;
#257 = CARTESIAN_POINT ( 'NONE',  ( 7.632783294297972909E-16, 0.000000000000000000, 9.639999999999993463 ) ) ;
#258 = FACE_OUTER_BOUND ( 'NONE', #1454, .T. ) ;
#259 = VERTEX_POINT ( 'NONE', #1194 ) ;
#260 = CARTESIAN_POINT ( 'NONE',  ( -9.797958971133077455, 0.000000000000000000, 101.9999999999999858 ) ) ;
#261 = LINE ( 'NONE', #276, #360 ) ;
#262 = CARTESIAN_POINT ( 'NONE',  ( 0.000000000000000000, 1.560000000000001386, -14.79999999999999893 ) ) ;
#263 = EDGE_LOOP ( 'NONE', ( #686, #1450, #492, #1584 ) ) ;
#264 = DIRECTION ( 'NONE',  ( -0.000000000000000000, -1.000000000000000000, -0.000000000000000000 ) ) ;
#265 = ORIENTED_EDGE ( 'NONE', *, *, #908, .F. ) ;
#266 = CARTESIAN_POINT ( 'NONE',  ( 11.25833024919769620, 0.000000000000000000, 6.499999999999997335 ) ) ;
#267 = CARTESIAN_POINT ( 'NONE',  ( 11.25833024919769798, 0.000000000000000000, -9.860000000000002984 ) ) ;
#268 = EDGE_CURVE ( 'NONE', #936, #1124, #1740, .T. ) ;
#269 = CARTESIAN_POINT ( 'NONE',  ( -9.797958971133077455, 8.000000000000000000, 101.9999999999999858 ) ) ;
#270 = ORIENTED_EDGE ( 'NONE', *, *, #706, .F. ) ;
#271 = DIRECTION ( 'NONE',  ( 0.000000000000000000, 0.000000000000000000, -1.000000000000000000 ) ) ;
#272 = CIRCLE ( 'NONE', #662, 3.360000000000000320 ) ;
#273 = FACE_BOUND ( 'NONE', #1445, .T. ) ;
#274 = ORIENTED_EDGE ( 'NONE', *, *, #145, .F. ) ;
#275 = LINE ( 'NONE', #812, #420 ) ;
#276 = CARTESIAN_POINT ( 'NONE',  ( -3.999999999999989786, 0.000000000000000000, -19.59591794226540529 ) ) ;
#277 = VECTOR ( 'NONE', #1519, 1000.000000000000000 ) ;
#278 = AXIS2_PLACEMENT_3D ( 'NONE', #649, #519, #1472 ) ;
#279 = CARTESIAN_POINT ( 'NONE',  ( 7.632783294297972909E-16, 8.000000000000000000, 12.99999999999999467 ) ) ;
#280 = VERTEX_POINT ( 'NONE', #1642 ) ;
#281 = DIRECTION ( 'NONE',  ( -0.000000000000000000, -1.000000000000000000, -0.000000000000000000 ) ) ;
#282 = ORIENTED_EDGE ( 'NONE', *, *, #1278, .F. ) ;
#283 = PLANE ( 'NONE',  #474 ) ;
#284 = DIRECTION ( 'NONE',  ( 0.1999999999999996780, -0.000000000000000000, 0.9797958971132713080 ) ) ;
#285 = FACE_OUTER_BOUND ( 'NONE', #552, .T. ) ;
#286 = EDGE_CURVE ( 'NONE', #527, #736, #1270, .T. ) ;
#287 = ORIENTED_EDGE ( 'NONE', *, *, #854, .F. ) ;
#288 = CARTESIAN_POINT ( 'NONE',  ( 0.000000000000000000, 8.000000000000000000, -40.00000000000000000 ) ) ;
#289 = ORIENTED_EDGE ( 'NONE', *, *, #1362, .F. ) ;
#290 = DIRECTION ( 'NONE',  ( -0.000000000000000000, -1.000000000000000000, -0.000000000000000000 ) ) ;
#291 = CARTESIAN_POINT ( 'NONE',  ( -19.59591794226536621, 8.000000000000000000, -4.000000000000198952 ) ) ;
#292 = ORIENTED_EDGE ( 'NONE', *, *, #1408, .F. ) ;
#293 = EDGE_CURVE ( 'NONE', #66, #912, #1531, .T. ) ;
#294 = DIRECTION ( 'NONE',  ( -0.000000000000000000, -1.000000000000000000, -0.000000000000000000 ) ) ;
#295 = AXIS2_PLACEMENT_3D ( 'NONE', #1439, #1299, #762 ) ;
#296 = ADVANCED_FACE ( 'NONE', ( #1515 ), #1261, .T. ) ;
#297 = VERTEX_POINT ( 'NONE', #59 ) ;
#298 = VECTOR ( 'NONE', #158, 999.9999999999998863 ) ;
#299 = DIRECTION ( 'NONE',  ( -0.1999999999999893807, 0.000000000000000000, -0.9797958971132733064 ) ) ;
#300 = ADVANCED_FACE ( 'NONE', ( #599 ), #1195, .F. ) ;
#301 = DIRECTION ( 'NONE',  ( -0.000000000000000000, -1.000000000000000000, -0.000000000000000000 ) ) ;
#302 = AXIS2_PLACEMENT_3D ( 'NONE', #484, #739, #210 ) ;
#303 = AXIS2_PLACEMENT_3D ( 'NONE', #1606, #1358, #1743 ) ;
#304 = VECTOR ( 'NONE', #1384, 1000.000000000000000 ) ;
#305 = CARTESIAN_POINT ( 'NONE',  ( -19.59591794226541950, 8.000000000000000000, 3.999999999999920952 ) ) ;
#306 = DIRECTION ( 'NONE',  ( 0.000000000000000000, 0.000000000000000000, 1.000000000000000000 ) ) ;
#307 = EDGE_LOOP ( 'NONE', ( #425, #313 ) ) ;
#308 = LINE ( 'NONE', #839, #1002 ) ;
#309 = ORIENTED_EDGE ( 'NONE', *, *, #1289, .F. ) ;
#310 = CC_DESIGN_APPROVAL ( #817, ( #561 ) ) ;
#311 = DIRECTION ( 'NONE',  ( -0.000000000000000000, -1.000000000000000000, -0.000000000000000000 ) ) ;
#312 = EDGE_CURVE ( 'NONE', #1404, #858, #584, .T. ) ;
#313 = ORIENTED_EDGE ( 'NONE', *, *, #615, .F. ) ;
#314 = CARTESIAN_POINT ( 'NONE',  ( 3.999999999999989786, 8.000000000000000000, 19.59591794226540529 ) ) ;
#315 = FACE_OUTER_BOUND ( 'NONE', #326, .T. ) ;
#316 = CALENDAR_DATE ( 2026, 26, 2 ) ;
#317 = ORIENTED_EDGE ( 'NONE', *, *, #940, .F. ) ;
#318 = LINE ( 'NONE', #1373, #1115 ) ;
#319 = ORIENTED_EDGE ( 'NONE', *, *, #1677, .T. ) ;
#320 = FACE_BOUND ( 'NONE', #984, .T. ) ;
#321 = DIRECTION ( 'NONE',  ( -0.1999999999999996780, 0.000000000000000000, 0.9797958971132713080 ) ) ;
#322 = EDGE_CURVE ( 'NONE', #1734, #820, #80, .T. ) ;
#323 = ADVANCED_FACE ( 'NONE', ( #1107 ), #1239, .T. ) ;
#324 = DIRECTION ( 'NONE',  ( -0.000000000000000000, -1.000000000000000000, -0.000000000000000000 ) ) ;
#325 = PERSON_AND_ORGANIZATION_ROLE ( 'design_owner' ) ;
#326 = EDGE_LOOP ( 'NONE', ( #1663, #872, #806, #1583 ) ) ;
#327 = VERTEX_POINT ( 'NONE', #966 ) ;
#328 = PRODUCT_DEFINITION_SHAPE ( 'NONE', 'NONE',  #561 ) ;
#329 = DIRECTION ( 'NONE',  ( 0.000000000000000000, 0.000000000000000000, -1.000000000000000000 ) ) ;
#330 = VECTOR ( 'NONE', #548, 1000.000000000000000 ) ;
#331 = EDGE_LOOP ( 'NONE', ( #1091, #619, #430, #182 ) ) ;
#332 = CONICAL_SURFACE ( 'NONE', #1224, 3.360000000000000320, 0.7853981633974480570 ) ;
#333 = LINE ( 'NONE', #305, #1508 ) ;
#334 = AXIS2_PLACEMENT_3D ( 'NONE', #845, #324, #987 ) ;
#335 = VECTOR ( 'NONE', #1690, 999.9999999999998863 ) ;
#336 = SHAPE_DEFINITION_REPRESENTATION ( #328, #1310 ) ;
#337 = EDGE_CURVE ( 'NONE', #642, #1201, #1141, .T. ) ;
#338 = VERTEX_POINT ( 'NONE', #1664 ) ;
#339 = VERTEX_POINT ( 'NONE', #37 ) ;
#340 = DIRECTION ( 'NONE',  ( -0.000000000000000000, -1.000000000000000000, -0.000000000000000000 ) ) ;
#341 = ORIENTED_EDGE ( 'NONE', *, *, #1514, .T. ) ;
#342 = CARTESIAN_POINT ( 'NONE',  ( -25.42812707978064068, 8.000000000000000000, 25.42812707978055542 ) ) ;
#343 = FACE_OUTER_BOUND ( 'NONE', #1248, .T. ) ;
#344 = CYLINDRICAL_SURFACE ( 'NONE', #942, 1.799999999999997824 ) ;
#345 = ADVANCED_FACE ( 'NONE', ( #593, #46, #1655, #190, #320, #851, #836, #1129, #1410, #1391, #29 ), #462, .F. ) ;
#346 = ORIENTED_EDGE ( 'NONE', *, *, #615, .T. ) ;
#347 = LINE ( 'NONE', #1705, #109 ) ;
#348 = DIRECTION ( 'NONE',  ( 0.000000000000000000, 0.000000000000000000, -1.000000000000000000 ) ) ;
#349 = CARTESIAN_POINT ( 'NONE',  ( 1.047444401652940057E-12, 8.000000000000000000, -100.0000000000000000 ) ) ;
#350 = DIRECTION ( 'NONE',  ( 1.000000000000000000, 0.000000000000000000, 0.000000000000000000 ) ) ;
#351 = DIRECTION ( 'NONE',  ( -0.000000000000000000, -1.000000000000000000, -0.000000000000000000 ) ) ;
#352 = ORIENTED_EDGE ( 'NONE', *, *, #1158, .F. ) ;
#353 = EDGE_CURVE ( 'NONE', #1073, #485, #1313, .T. ) ;
#354 = DIRECTION ( 'NONE',  ( 0.000000000000000000, 0.000000000000000000, -1.000000000000000000 ) ) ;
#355 = PRODUCT_RELATED_PRODUCT_CATEGORY ( 'detail', '', ( #436 ) ) ;
#356 = ORIENTED_EDGE ( 'NONE', *, *, #1039, .T. ) ;
#357 = ADVANCED_FACE ( 'NONE', ( #731 ), #68, .T. ) ;
#358 = CARTESIAN_POINT ( 'NONE',  ( 29.39387691339818076, 8.000000000000000000, -5.999999999999678479 ) ) ;
#359 = DIRECTION ( 'NONE',  ( 0.000000000000000000, 1.000000000000000000, 0.000000000000000000 ) ) ;
#360 = VECTOR ( 'NONE', #1605, 1000.000000000000000 ) ;
#361 = VECTOR ( 'NONE', #1418, 1000.000000000000000 ) ;
#362 = VERTEX_POINT ( 'NONE', #1001 ) ;
#363 = CIRCLE ( 'NONE', #1317, 1.799999999999999600 ) ;
#364 = ORIENTED_EDGE ( 'NONE', *, *, #1178, .F. ) ;
#365 = DIRECTION ( 'NONE',  ( 0.000000000000000000, 0.000000000000000000, -1.000000000000000000 ) ) ;
#366 = CIRCLE ( 'NONE', #502, 1.799999999999997824 ) ;
#367 = ORIENTED_EDGE ( 'NONE', *, *, #1724, .T. ) ;
#368 = CYLINDRICAL_SURFACE ( 'NONE', #1344, 1.799999999999997824 ) ;
#369 = ADVANCED_FACE ( 'NONE', ( #1375 ), #173, .T. ) ;
#370 = CARTESIAN_POINT ( 'NONE',  ( 0.000000000000000000, 0.000000000000000000, -13.00000000000000000 ) ) ;
#371 = APPROVAL_PERSON_ORGANIZATION ( #1681, #817, #727 ) ;
#372 = AXIS2_PLACEMENT_3D ( 'NONE', #487, #1280, #79 ) ;
#373 = CARTESIAN_POINT ( 'NONE',  ( 5.999999999999986677, 0.000000000000000000, -29.39387691339812037 ) ) ;
#374 = ORIENTED_EDGE ( 'NONE', *, *, #1730, .T. ) ;
#375 = LINE ( 'NONE', #1721, #413 ) ;
#376 = ORIENTED_EDGE ( 'NONE', *, *, #1181, .T. ) ;
#377 = FACE_OUTER_BOUND ( 'NONE', #934, .T. ) ;
#378 = LINE ( 'NONE', #1701, #1563 ) ;
#379 = EDGE_CURVE ( 'NONE', #1140, #219, #76, .T. ) ;
#380 = EDGE_CURVE ( 'NONE', #1411, #959, #347, .T. ) ;
#381 = CARTESIAN_POINT ( 'NONE',  ( 1.054383295556847487E-12, 0.000000000000000000, -100.0000000000000142 ) ) ;
#382 = ORIENTED_EDGE ( 'NONE', *, *, #429, .T. ) ;
#383 = DIRECTION ( 'NONE',  ( -0.000000000000000000, -1.000000000000000000, -0.000000000000000000 ) ) ;
#384 = DIRECTION ( 'NONE',  ( -0.000000000000000000, -1.000000000000000000, -0.000000000000000000 ) ) ;
#385 = ORIENTED_EDGE ( 'NONE', *, *, #218, .F. ) ;
#386 = DIRECTION ( 'NONE',  ( -0.000000000000000000, -1.000000000000000000, -0.000000000000000000 ) ) ;
#387 = VECTOR ( 'NONE', #281, 1000.000000000000000 ) ;
#388 = EDGE_LOOP ( 'NONE', ( #256, #1336, #187, #224 ) ) ;
#389 = AXIS2_PLACEMENT_3D ( 'NONE', #291, #1263, #828 ) ;
#390 = LINE ( 'NONE', #1202, #693 ) ;
#391 = FACE_BOUND ( 'NONE', #1398, .T. ) ;
#392 = ORIENTED_EDGE ( 'NONE', *, *, #312, .F. ) ;
#393 = PLANE ( 'NONE',  #1119 ) ;
#394 = DIRECTION ( 'NONE',  ( -0.000000000000000000, -1.000000000000000000, -0.000000000000000000 ) ) ;
#395 = EDGE_LOOP ( 'NONE', ( #1510, #543, #1079, #1523 ) ) ;
#396 = DIRECTION ( 'NONE',  ( 0.1999999999999893530, 0.000000000000000000, 0.9797958971132733064 ) ) ;
#397 = ADVANCED_FACE ( 'NONE', ( #87 ), #1043, .T. ) ;
#398 = ORIENTED_EDGE ( 'NONE', *, *, #885, .F. ) ;
#399 = LINE ( 'NONE', #670, #948 ) ;
#400 = CARTESIAN_POINT ( 'NONE',  ( -11.25833024919769976, 0.000000000000000000, 6.499999999999998224 ) ) ;
#401 = DIRECTION ( 'NONE',  ( -0.000000000000000000, -1.000000000000000000, -0.000000000000000000 ) ) ;
#402 = ORIENTED_EDGE ( 'NONE', *, *, #1331, .F. ) ;
#403 = DIRECTION ( 'NONE',  ( -0.000000000000000000, -1.000000000000000000, -0.000000000000000000 ) ) ;
#404 = CARTESIAN_POINT ( 'NONE',  ( -11.25833024919769620, 0.000000000000000000, -6.500000000000004441 ) ) ;
#405 = ORIENTED_EDGE ( 'NONE', *, *, #57, .T. ) ;
#406 = DIRECTION ( 'NONE',  ( -0.000000000000000000, -1.000000000000000000, -0.000000000000000000 ) ) ;
#407 = CARTESIAN_POINT ( 'NONE',  ( 12.66771471199030152, 8.000000000000000000, -37.94112549695415026 ) ) ;
#408 = EDGE_CURVE ( 'NONE', #414, #1643, #1436, .T. ) ;
#409 = CARTESIAN_POINT ( 'NONE',  ( 7.632783294297972909E-16, 0.000000000000000000, 11.19999999999999574 ) ) ;
#410 = ORIENTED_EDGE ( 'NONE', *, *, #658, .T. ) ;
#411 = DIRECTION ( 'NONE',  ( -0.000000000000000000, -1.000000000000000000, -0.000000000000000000 ) ) ;
#412 = CIRCLE ( 'NONE', #1535, 1.799999999999999600 ) ;
#413 = VECTOR ( 'NONE', #1687, 1000.000000000000114 ) ;
#414 = VERTEX_POINT ( 'NONE', #1559 ) ;
#415 = LINE ( 'NONE', #1593, #952 ) ;
#416 = FACE_OUTER_BOUND ( 'NONE', #694, .T. ) ;
#417 = AXIS2_PLACEMENT_3D ( 'NONE', #1394, #715, #193 ) ;
#418 = VECTOR ( 'NONE', #220, 1000.000000000000000 ) ;
#419 = FACE_BOUND ( 'NONE', #1560, .T. ) ;
#420 = VECTOR ( 'NONE', #1490, 1000.000000000000000 ) ;
#421 = EDGE_CURVE ( 'NONE', #1073, #259, #111, .T. ) ;
#422 = DIRECTION ( 'NONE',  ( -0.000000000000000000, -1.000000000000000000, -0.000000000000000000 ) ) ;
#423 = VERTEX_POINT ( 'NONE', #1144 ) ;
#424 = DIRECTION ( 'NONE',  ( 0.9797958971132713080, 0.000000000000000000, 0.1999999999999996780 ) ) ;
#425 = ORIENTED_EDGE ( 'NONE', *, *, #1470, .F. ) ;
#426 = CARTESIAN_POINT ( 'NONE',  ( -5.999999999999986677, 8.000000000000000000, -29.39387691339811681 ) ) ;
#427 = DIRECTION ( 'NONE',  ( 0.000000000000000000, 0.000000000000000000, -1.000000000000000000 ) ) ;
#428 = EDGE_CURVE ( 'NONE', #485, #824, #757, .T. ) ;
#429 = EDGE_CURVE ( 'NONE', #936, #1068, #1196, .T. ) ;
#430 = ORIENTED_EDGE ( 'NONE', *, *, #185, .T. ) ;
#431 = CARTESIAN_POINT ( 'NONE',  ( 0.000000000000000000, 0.000000000000000000, -16.35999999999999943 ) ) ;
#432 = VERTEX_POINT ( 'NONE', #607 ) ;
#433 = DIRECTION ( 'NONE',  ( 0.000000000000000000, 0.000000000000000000, 1.000000000000000000 ) ) ;
#434 = DIRECTION ( 'NONE',  ( -0.000000000000000000, -1.000000000000000000, -0.000000000000000000 ) ) ;
#435 = DIRECTION ( 'NONE',  ( -0.000000000000000000, -1.000000000000000000, -0.000000000000000000 ) ) ;
#436 = PRODUCT ( 'BasePlate', 'BasePlate', '', ( #1274 ) ) ;
#437 = EDGE_LOOP ( 'NONE', ( #465, #1471, #1390, #976 ) ) ;
#438 = CARTESIAN_POINT ( 'NONE',  ( 11.25833024919769798, 0.000000000000000000, -4.700000000000003730 ) ) ;
#439 = EDGE_CURVE ( 'NONE', #904, #66, #375, .T. ) ;
#440 = EDGE_LOOP ( 'NONE', ( #1722, #1061, #1704, #364 ) ) ;
#441 = AXIS2_PLACEMENT_3D ( 'NONE', #203, #301, #1635 ) ;
#442 = DIRECTION ( 'NONE',  ( -0.000000000000000000, -1.000000000000000000, -0.000000000000000000 ) ) ;
#443 = AXIS2_PLACEMENT_3D ( 'NONE', #1009, #491, #365 ) ;
#444 = DIRECTION ( 'NONE',  ( -0.9797958971132713080, 0.000000000000000000, 0.1999999999999996780 ) ) ;
#445 = CIRCLE ( 'NONE', #1173, 10.00000000000001066 ) ;
#446 = DIRECTION ( 'NONE',  ( -0.000000000000000000, -1.000000000000000000, -0.000000000000000000 ) ) ;
#447 = AXIS2_PLACEMENT_3D ( 'NONE', #1037, #89, #348 ) ;
#448 = PERSON_AND_ORGANIZATION ( #907, #1658 ) ;
#449 = ORIENTED_EDGE ( 'NONE', *, *, #738, .F. ) ;
#450 = DIRECTION ( 'NONE',  ( -0.9797958971132713080, 0.000000000000000000, -0.1999999999999996780 ) ) ;
#451 = ORIENTED_EDGE ( 'NONE', *, *, #1, .T. ) ;
#452 = ADVANCED_FACE ( 'NONE', ( #1698 ), #476, .F. ) ;
#453 = CARTESIAN_POINT ( 'NONE',  ( -37.94112549695429237, 8.000000000000000000, 12.66771471198990184 ) ) ;
#454 = CARTESIAN_POINT ( 'NONE',  ( 7.632783294297972909E-16, 0.000000000000000000, 12.99999999999999467 ) ) ;
#455 = EDGE_CURVE ( 'NONE', #678, #1353, #805, .T. ) ;
#456 = CARTESIAN_POINT ( 'NONE',  ( 11.25833024919769620, 8.000000000000000000, 6.499999999999997335 ) ) ;
#457 = APPROVAL_STATUS ( 'not_yet_approved' ) ;
#458 = DIRECTION ( 'NONE',  ( -0.000000000000000000, -1.000000000000000000, -0.000000000000000000 ) ) ;
#459 = ORIENTED_EDGE ( 'NONE', *, *, #683, .T. ) ;
#460 = CARTESIAN_POINT ( 'NONE',  ( 11.25833024919769798, 0.000000000000000000, -9.860000000000002984 ) ) ;
#461 = EDGE_LOOP ( 'NONE', ( #1416, #1460, #1295, #1142 ) ) ;
#462 = PLANE ( 'NONE',  #1617 ) ;
#463 = DIRECTION ( 'NONE',  ( 0.1999999999999962919, 0.000000000000000000, 0.9797958971132719741 ) ) ;
#464 = PERSON_AND_ORGANIZATION_ROLE ( 'creator' ) ;
#465 = ORIENTED_EDGE ( 'NONE', *, *, #955, .F. ) ;
#466 = ORIENTED_EDGE ( 'NONE', *, *, #962, .T. ) ;
#467 = CARTESIAN_POINT ( 'NONE',  ( 0.000000000000000000, 0.000000000000000000, 0.000000000000000000 ) ) ;
#468 = CIRCLE ( 'NONE', #832, 40.00000000000000000 ) ;
#469 = DIRECTION ( 'NONE',  ( -0.000000000000000000, -1.000000000000000000, -0.000000000000000000 ) ) ;
#470 = CIRCLE ( 'NONE', #1197, 1.799999999999997824 ) ;
#471 = AXIS2_PLACEMENT_3D ( 'NONE', #601, #704, #697 ) ;
#472 = APPROVAL_DATE_TIME ( #1692, #817 ) ;
#473 = EDGE_LOOP ( 'NONE', ( #1738, #1320 ) ) ;
#474 = AXIS2_PLACEMENT_3D ( 'NONE', #1337, #1213, #1356 ) ;
#475 = EDGE_LOOP ( 'NONE', ( #65, #748, #1604, #1104 ) ) ;
#476 = CYLINDRICAL_SURFACE ( 'NONE', #443, 1.799999999999999600 ) ;
#477 = CARTESIAN_POINT ( 'NONE',  ( 11.25833024919769798, 0.000000000000000000, -6.500000000000002665 ) ) ;
#478 = CARTESIAN_POINT ( 'NONE',  ( 100.0000000000000142, 0.000000000000000000, 6.938893903907228378E-15 ) ) ;
#479 = EDGE_CURVE ( 'NONE', #1502, #1728, #554, .T. ) ;
#480 = APPROVAL_ROLE ( '' ) ;
#481 = ADVANCED_FACE ( 'NONE', ( #774 ), #1277, .F. ) ;
#482 = CARTESIAN_POINT ( 'NONE',  ( 11.25833024919769798, 1.560000000000001386, -6.500000000000002665 ) ) ;
#483 = VERTEX_POINT ( 'NONE', #501 ) ;
#484 = CARTESIAN_POINT ( 'NONE',  ( 11.25833024919769620, 0.000000000000000000, 6.499999999999997335 ) ) ;
#485 = VERTEX_POINT ( 'NONE', #101 ) ;
#486 = CARTESIAN_POINT ( 'NONE',  ( 11.25833024919769798, 0.000000000000000000, -3.140000000000002345 ) ) ;
#487 = CARTESIAN_POINT ( 'NONE',  ( 1.047444401652940057E-12, 8.000000000000000000, -100.0000000000000000 ) ) ;
#488 = ORIENTED_EDGE ( 'NONE', *, *, #868, .F. ) ;
#489 = ORIENTED_EDGE ( 'NONE', *, *, #842, .T. ) ;
#490 = ADVANCED_FACE ( 'NONE', ( #217 ), #633, .F. ) ;
#491 = DIRECTION ( 'NONE',  ( -0.000000000000000000, -1.000000000000000000, -0.000000000000000000 ) ) ;
#492 = ORIENTED_EDGE ( 'NONE', *, *, #218, .T. ) ;
#493 = PLANE ( 'NONE',  #1715 ) ;
#494 = CARTESIAN_POINT ( 'NONE',  ( -100.0000000000000000, 8.000000000000000000, 0.000000000000000000 ) ) ;
#495 = VECTOR ( 'NONE', #1033, 1000.000000000000000 ) ;
#496 = CIRCLE ( 'NONE', #1680, 3.360000000000000320 ) ;
#497 = DIRECTION ( 'NONE',  ( -0.2000000000000099476, 0.000000000000000000, 0.9797958971132691985 ) ) ;
#498 = VECTOR ( 'NONE', #825, 1000.000000000000000 ) ;
#499 = ORIENTED_EDGE ( 'NONE', *, *, #877, .F. ) ;
#500 = AXIS2_PLACEMENT_3D ( 'NONE', #1455, #138, #1053 ) ;
#501 = CARTESIAN_POINT ( 'NONE',  ( -25.42812707978064068, 0.000000000000000000, 25.42812707978055897 ) ) ;
#502 = AXIS2_PLACEMENT_3D ( 'NONE', #1080, #1618, #1092 ) ;
#503 = EDGE_CURVE ( 'NONE', #180, #1244, #468, .T. ) ;
#504 = ORIENTED_EDGE ( 'NONE', *, *, #1461, .T. ) ;
#505 = FACE_OUTER_BOUND ( 'NONE', #1152, .T. ) ;
#506 = ADVANCED_FACE ( 'NONE', ( #746 ), #247, .F. ) ;
#507 = VECTOR ( 'NONE', #1739, 1000.000000000000000 ) ;
#508 = DIRECTION ( 'NONE',  ( -0.000000000000000000, -1.000000000000000000, -0.000000000000000000 ) ) ;
#509 = AXIS2_PLACEMENT_3D ( 'NONE', #404, #384, #1314 ) ;
#510 = LINE ( 'NONE', #1041, #886 ) ;
#511 = ORIENTED_EDGE ( 'NONE', *, *, #1654, .T. ) ;
#512 = DIRECTION ( 'NONE',  ( -0.000000000000000000, -1.000000000000000000, -0.000000000000000000 ) ) ;
#513 = ORIENTED_EDGE ( 'NONE', *, *, #1211, .F. ) ;
#514 = LINE ( 'NONE', #1561, #559 ) ;
#515 = CARTESIAN_POINT ( 'NONE',  ( -11.25833024919769976, 8.000000000000000000, 6.499999999999998224 ) ) ;
#516 = ORIENTED_EDGE ( 'NONE', *, *, #740, .T. ) ;
#517 = CARTESIAN_POINT ( 'NONE',  ( 25.42812707978050213, 8.000000000000000000, 25.42812707978058384 ) ) ;
#518 = ORIENTED_EDGE ( 'NONE', *, *, #1116, .F. ) ;
#519 = DIRECTION ( 'NONE',  ( -0.000000000000000000, -1.000000000000000000, -0.000000000000000000 ) ) ;
#520 = FACE_OUTER_BOUND ( 'NONE', #263, .T. ) ;
#521 = AXIS2_PLACEMENT_3D ( 'NONE', #349, #508, #238 ) ;
#522 = CARTESIAN_POINT ( 'NONE',  ( 11.25833024919769620, 8.000000000000000000, 4.699999999999999289 ) ) ;
#523 = ADVANCED_FACE ( 'NONE', ( #618 ), #1154, .T. ) ;
#524 = AXIS2_PLACEMENT_3D ( 'NONE', #985, #696, #975 ) ;
#525 = CC_DESIGN_PERSON_AND_ORGANIZATION_ASSIGNMENT ( #1669, #464, ( #1153 ) ) ;
#526 = VECTOR ( 'NONE', #1184, 1000.000000000000000 ) ;
#527 = VERTEX_POINT ( 'NONE', #677 ) ;
#528 = AXIS2_PLACEMENT_3D ( 'NONE', #689, #562, #534 ) ;
#529 = CARTESIAN_POINT ( 'NONE',  ( 29.39387691339818076, 8.000000000000000000, -5.999999999999678479 ) ) ;
#530 = VERTEX_POINT ( 'NONE', #537 ) ;
#531 = CARTESIAN_POINT ( 'NONE',  ( -11.25833024919769976, 0.000000000000000000, 9.859999999999997655 ) ) ;
#532 = CARTESIAN_POINT ( 'NONE',  ( -11.25833024919769976, 8.000000000000000000, 6.499999999999998224 ) ) ;
#533 = CARTESIAN_POINT ( 'NONE',  ( 0.000000000000000000, 0.000000000000000000, -16.35999999999999943 ) ) ;
#534 = DIRECTION ( 'NONE',  ( 0.000000000000000000, 0.000000000000000000, -1.000000000000000000 ) ) ;
#535 = EDGE_CURVE ( 'NONE', #840, #297, #1078, .T. ) ;
#536 = ORIENTED_EDGE ( 'NONE', *, *, #1534, .T. ) ;
#537 = CARTESIAN_POINT ( 'NONE',  ( -12.66771471199003685, 8.000000000000000000, 37.94112549695424264 ) ) ;
#538 = FACE_BOUND ( 'NONE', #1189, .T. ) ;
#539 = ORIENTED_EDGE ( 'NONE', *, *, #772, .F. ) ;
#540 = FACE_OUTER_BOUND ( 'NONE', #1616, .T. ) ;
#541 = DIRECTION ( 'NONE',  ( -0.000000000000000000, -1.000000000000000000, -0.000000000000000000 ) ) ;
#542 = CARTESIAN_POINT ( 'NONE',  ( -37.94112549695428527, 0.000000000000000000, -12.66771471198990540 ) ) ;
#543 = ORIENTED_EDGE ( 'NONE', *, *, #1730, .F. ) ;
#544 = DIRECTION ( 'NONE',  ( 0.000000000000000000, 0.000000000000000000, -1.000000000000000000 ) ) ;
#545 = EDGE_LOOP ( 'NONE', ( #265, #1487, #2, #869, #1716, #575, #292, #949, #591, #96, #1311, #26, #148 ) ) ;
#546 = ADVANCED_FACE ( 'NONE', ( #1601 ), #1469, .F. ) ;
#547 = CARTESIAN_POINT ( 'NONE',  ( -11.25833024919769976, 1.560000000000001386, 4.699999999999998401 ) ) ;
#548 = DIRECTION ( 'NONE',  ( -0.000000000000000000, -1.000000000000000000, -0.000000000000000000 ) ) ;
#549 = CARTESIAN_POINT ( 'NONE',  ( -11.25833024919769620, 0.000000000000000000, -6.500000000000004441 ) ) ;
#550 = CARTESIAN_POINT ( 'NONE',  ( -100.0000000000000000, 8.000000000000000000, 0.000000000000000000 ) ) ;
#551 = VECTOR ( 'NONE', #233, 1000.000000000000000 ) ;
#552 = EDGE_LOOP ( 'NONE', ( #784, #1711, #702, #1334 ) ) ;
#553 = DIRECTION ( 'NONE',  ( 0.9797958971132713080, 0.000000000000000000, 0.1999999999999998446 ) ) ;
#554 = CIRCLE ( 'NONE', #1085, 1.799999999999997824 ) ;
#555 = VECTOR ( 'NONE', #926, 1000.000000000000227 ) ;
#556 = ORIENTED_EDGE ( 'NONE', *, *, #630, .F. ) ;
#557 = CARTESIAN_POINT ( 'NONE',  ( 25.42812707978078635, 8.000000000000000000, -25.42812707978053410 ) ) ;
#558 = DIRECTION ( 'NONE',  ( 0.000000000000000000, 0.000000000000000000, -1.000000000000000000 ) ) ;
#559 = VECTOR ( 'NONE', #1438, 1000.000000000000000 ) ;
#560 = ADVANCED_FACE ( 'NONE', ( #1062 ), #1070, .F. ) ;
#561 = PRODUCT_DEFINITION ( 'UNKNOWN', '', #1153, #1474 ) ;
#562 = DIRECTION ( 'NONE',  ( -0.000000000000000000, -1.000000000000000000, -0.000000000000000000 ) ) ;
#563 = ORIENTED_EDGE ( 'NONE', *, *, #428, .F. ) ;
#564 = CARTESIAN_POINT ( 'NONE',  ( 11.25833024919769620, 1.560000000000001386, 8.299999999999997158 ) ) ;
#565 = ORIENTED_EDGE ( 'NONE', *, *, #353, .F. ) ;
#566 = DIRECTION ( 'NONE',  ( -0.000000000000000000, -1.000000000000000000, -0.000000000000000000 ) ) ;
#567 = LINE ( 'NONE', #314, #1319 ) ;
#568 = DIRECTION ( 'NONE',  ( -0.000000000000000000, -1.000000000000000000, -0.000000000000000000 ) ) ;
#569 = EDGE_CURVE ( 'NONE', #339, #483, #809, .T. ) ;
#570 = FACE_BOUND ( 'NONE', #1098, .T. ) ;
#571 = ORIENTED_EDGE ( 'NONE', *, *, #1015, .T. ) ;
#572 = FACE_OUTER_BOUND ( 'NONE', #1374, .T. ) ;
#573 = EDGE_LOOP ( 'NONE', ( #1629, #895, #132, #1162 ) ) ;
#574 = DIRECTION ( 'NONE',  ( -0.000000000000000000, -1.000000000000000000, -0.000000000000000000 ) ) ;
#575 = ORIENTED_EDGE ( 'NONE', *, *, #1362, .T. ) ;
#576 = DIRECTION ( 'NONE',  ( -0.000000000000000000, -1.000000000000000000, -0.000000000000000000 ) ) ;
#577 = CARTESIAN_POINT ( 'NONE',  ( -9.797958971131656369, 0.000000000000000000, -102.0000000000000995 ) ) ;
#578 = ADVANCED_FACE ( 'NONE', ( #18 ), #332, .F. ) ;
#579 = EDGE_CURVE ( 'NONE', #234, #929, #194, .T. ) ;
#580 = ORIENTED_EDGE ( 'NONE', *, *, #1102, .T. ) ;
#581 = DIRECTION ( 'NONE',  ( 0.1999999999999996780, 0.000000000000000000, -0.9797958971132713080 ) ) ;
#582 = ORIENTED_EDGE ( 'NONE', *, *, #1071, .T. ) ;
#583 = VECTOR ( 'NONE', #1349, 1000.000000000000114 ) ;
#584 = LINE ( 'NONE', #1383, #1395 ) ;
#585 = AXIS2_PLACEMENT_3D ( 'NONE', #625, #1177, #1296 ) ;
#586 = VECTOR ( 'NONE', #446, 1000.000000000000000 ) ;
#587 = CARTESIAN_POINT ( 'NONE',  ( 29.39387691339809905, 8.000000000000000000, 6.000000000000088818 ) ) ;
#588 = DATE_TIME_ROLE ( 'classification_date' ) ;
#589 = ORIENTED_EDGE ( 'NONE', *, *, #119, .T. ) ;
#590 = LINE ( 'NONE', #1522, #498 ) ;
#591 = ORIENTED_EDGE ( 'NONE', *, *, #782, .T. ) ;
#592 = LOCAL_TIME ( 21, 36, 0.000000000000000000, #1122 ) ;
#593 = FACE_BOUND ( 'NONE', #307, .T. ) ;
#594 = AXIS2_PLACEMENT_3D ( 'NONE', #1047, #1340, #786 ) ;
#595 = DIRECTION ( 'NONE',  ( 0.1999999999999893807, 0.000000000000000000, 0.9797958971132733064 ) ) ;
#596 = CARTESIAN_POINT ( 'NONE',  ( 1.047444401652940057E-12, 8.000000000000000000, -100.0000000000000000 ) ) ;
#597 = ORIENTED_EDGE ( 'NONE', *, *, #1440, .F. ) ;
#598 = ORIENTED_EDGE ( 'NONE', *, *, #1550, .F. ) ;
#599 = FACE_OUTER_BOUND ( 'NONE', #768, .T. ) ;
#600 = ADVANCED_FACE ( 'NONE', ( #1451 ), #1258, .F. ) ;
#601 = CARTESIAN_POINT ( 'NONE',  ( 0.000000000000000000, 8.000000000000000000, 0.000000000000000000 ) ) ;
#602 = LINE ( 'NONE', #837, #891 ) ;
#603 = APPROVAL_ROLE ( '' ) ;
#604 = DIRECTION ( 'NONE',  ( 0.000000000000000000, 0.000000000000000000, -1.000000000000000000 ) ) ;
#605 = EDGE_LOOP ( 'NONE', ( #356, #242, #1000 ) ) ;
#606 = ORIENTED_EDGE ( 'NONE', *, *, #877, .T. ) ;
#607 = CARTESIAN_POINT ( 'NONE',  ( -11.25833024919769976, 8.000000000000000000, 8.299999999999995381 ) ) ;
#608 = VECTOR ( 'NONE', #1709, 1000.000000000000000 ) ;
#609 = DIRECTION ( 'NONE',  ( 0.000000000000000000, 1.000000000000000000, 0.000000000000000000 ) ) ;
#610 = EDGE_CURVE ( 'NONE', #483, #1699, #390, .T. ) ;
#611 = VECTOR ( 'NONE', #553, 1000.000000000000000 ) ;
#612 = CC_DESIGN_PERSON_AND_ORGANIZATION_ASSIGNMENT ( #1293, #64, ( #561 ) ) ;
#613 = CARTESIAN_POINT ( 'NONE',  ( -11.25833024919769620, 8.000000000000000000, -6.500000000000004441 ) ) ;
#614 = CIRCLE ( 'NONE', #1031, 1.799999999999997824 ) ;
#615 = EDGE_CURVE ( 'NONE', #362, #1256, #496, .T. ) ;
#616 = ORIENTED_EDGE ( 'NONE', *, *, #1620, .F. ) ;
#617 = VERTEX_POINT ( 'NONE', #1608 ) ;
#618 = FACE_OUTER_BOUND ( 'NONE', #968, .T. ) ;
#619 = ORIENTED_EDGE ( 'NONE', *, *, #155, .F. ) ;
#620 = CARTESIAN_POINT ( 'NONE',  ( 0.000000000000000000, 8.000000000000000000, 0.000000000000000000 ) ) ;
#621 = DIRECTION ( 'NONE',  ( -0.000000000000000000, -1.000000000000000000, -0.000000000000000000 ) ) ;
#622 = EDGE_CURVE ( 'NONE', #736, #297, #1624, .T. ) ;
#623 = ORIENTED_EDGE ( 'NONE', *, *, #1199, .T. ) ;
#624 = EDGE_LOOP ( 'NONE', ( #991, #1557 ) ) ;
#625 = CARTESIAN_POINT ( 'NONE',  ( 19.59591794226539463, 8.000000000000000000, 4.000000000000061284 ) ) ;
#626 = ORIENTED_EDGE ( 'NONE', *, *, #930, .T. ) ;
#627 = DIRECTION ( 'NONE',  ( -1.000000000000000000, 0.000000000000000000, -3.491481338843133355E-15 ) ) ;
#628 = DIRECTION ( 'NONE',  ( 0.1999999999999997058, -0.000000000000000000, 0.9797958971132713080 ) ) ;
#629 = DIRECTION ( 'NONE',  ( -0.9797958971132713080, 0.000000000000000000, 0.1999999999999996780 ) ) ;
#630 = EDGE_CURVE ( 'NONE', #1068, #910, #920, .T. ) ;
#631 = EDGE_CURVE ( 'NONE', #824, #259, #272, .T. ) ;
#632 = EDGE_LOOP ( 'NONE', ( #1106, #737, #216, #1672 ) ) ;
#633 = CYLINDRICAL_SURFACE ( 'NONE', #302, 1.799999999999998712 ) ;
#634 = EDGE_LOOP ( 'NONE', ( #74, #1113, #1409, #773 ) ) ;
#635 = DIRECTION ( 'NONE',  ( -0.000000000000000000, -1.000000000000000000, -0.000000000000000000 ) ) ;
#636 = FACE_OUTER_BOUND ( 'NONE', #655, .T. ) ;
#637 = AXIS2_PLACEMENT_3D ( 'NONE', #1465, #657, #1054 ) ;
#638 = AXIS2_PLACEMENT_3D ( 'NONE', #1090, #403, #10 ) ;
#639 = ORIENTED_EDGE ( 'NONE', *, *, #986, .F. ) ;
#640 = VERTEX_POINT ( 'NONE', #154 ) ;
#641 = CARTESIAN_POINT ( 'NONE',  ( 11.25833024919769620, 0.000000000000000000, 6.499999999999997335 ) ) ;
#642 = VERTEX_POINT ( 'NONE', #684 ) ;
#643 = DIRECTION ( 'NONE',  ( -1.000000000000000000, 0.000000000000000000, -4.163336342344332293E-15 ) ) ;
#644 = LINE ( 'NONE', #1011, #131 ) ;
#645 = CC_DESIGN_APPROVAL ( #11, ( #954 ) ) ;
#646 = ORIENTED_EDGE ( 'NONE', *, *, #1016, .T. ) ;
#647 = CARTESIAN_POINT ( 'NONE',  ( 5.999999999999986677, 8.000000000000000000, 29.39387691339811681 ) ) ;
#648 = EDGE_LOOP ( 'NONE', ( #1420, #1407, #511, #1183 ) ) ;
#649 = CARTESIAN_POINT ( 'NONE',  ( 7.632783294297972909E-16, 0.000000000000000000, 12.99999999999999467 ) ) ;
#650 = EDGE_CURVE ( 'NONE', #280, #208, #1143, .T. ) ;
#651 = FACE_BOUND ( 'NONE', #624, .T. ) ;
#652 = LINE ( 'NONE', #1084, #225 ) ;
#653 = ORIENTED_EDGE ( 'NONE', *, *, #764, .T. ) ;
#654 = DIRECTION ( 'NONE',  ( 0.9797958971132713080, 0.000000000000000000, 0.1999999999999998446 ) ) ;
#655 = EDGE_LOOP ( 'NONE', ( #1586, #580, #451, #153 ) ) ;
#656 = CARTESIAN_POINT ( 'NONE',  ( 29.39387691339809905, 8.000000000000000000, 6.000000000000088818 ) ) ;
#657 = DIRECTION ( 'NONE',  ( -0.000000000000000000, -1.000000000000000000, -0.000000000000000000 ) ) ;
#658 = EDGE_CURVE ( 'NONE', #208, #485, #947, .T. ) ;
#659 = CC_DESIGN_DATE_AND_TIME_ASSIGNMENT ( #52, #588, ( #954 ) ) ;
#660 = CARTESIAN_POINT ( 'NONE',  ( -102.0000000000000142, 8.000000000000000000, -9.797958971132722183 ) ) ;
#661 = AXIS2_PLACEMENT_3D ( 'NONE', #482, #1014, #99 ) ;
#662 = AXIS2_PLACEMENT_3D ( 'NONE', #1462, #251, #271 ) ;
#663 = ORIENTED_EDGE ( 'NONE', *, *, #1167, .F. ) ;
#664 = AXIS2_PLACEMENT_3D ( 'NONE', #1333, #469, #1241 ) ;
#665 = CONICAL_SURFACE ( 'NONE', #1649, 3.360000000000000320, 0.7853981633974482790 ) ;
#666 = DIRECTION ( 'NONE',  ( -0.000000000000000000, -1.000000000000000000, -0.000000000000000000 ) ) ;
#667 = CIRCLE ( 'NONE', #1542, 40.00000000000000000 ) ;
#668 = CARTESIAN_POINT ( 'NONE',  ( 0.000000000000000000, 8.000000000000000000, 0.000000000000000000 ) ) ;
#669 = ORIENTED_EDGE ( 'NONE', *, *, #794, .F. ) ;
#670 = CARTESIAN_POINT ( 'NONE',  ( -12.66771471198950394, 8.000000000000000000, -37.94112549695442027 ) ) ;
#671 = CARTESIAN_POINT ( 'NONE',  ( 7.632783294297972909E-16, 8.000000000000000000, 12.99999999999999467 ) ) ;
#672 = VECTOR ( 'NONE', #1182, 1000.000000000000000 ) ;
#673 = DIRECTION ( 'NONE',  ( -0.000000000000000000, -1.000000000000000000, -0.000000000000000000 ) ) ;
#674 = AXIS2_PLACEMENT_3D ( 'NONE', #1264, #846, #350 ) ;
#675 = EDGE_CURVE ( 'NONE', #766, #1463, #1354, .T. ) ;
#676 = EDGE_LOOP ( 'NONE', ( #1204, #1166, #346, #254 ) ) ;
#677 = CARTESIAN_POINT ( 'NONE',  ( 11.25833024919769620, 8.000000000000000000, 8.299999999999995381 ) ) ;
#678 = VERTEX_POINT ( 'NONE', #1628 ) ;
#679 = DIRECTION ( 'NONE',  ( 0.2000000000000032585, 0.000000000000000000, -0.9797958971132706418 ) ) ;
#680 = LINE ( 'NONE', #1214, #298 ) ;
#681 = LINE ( 'NONE', #269, #779 ) ;
#682 = ORIENTED_EDGE ( 'NONE', *, *, #1255, .F. ) ;
#683 = EDGE_CURVE ( 'NONE', #226, #640, #1321, .T. ) ;
#684 = CARTESIAN_POINT ( 'NONE',  ( 102.0000000000000142, 0.000000000000000000, -9.797958971132725736 ) ) ;
#685 = EDGE_CURVE ( 'NONE', #1702, #226, #1727, .T. ) ;
#686 = ORIENTED_EDGE ( 'NONE', *, *, #1461, .F. ) ;
#687 = CARTESIAN_POINT ( 'NONE',  ( 0.000000000000000000, 8.000000000000000000, -13.00000000000000000 ) ) ;
#688 = CARTESIAN_POINT ( 'NONE',  ( 100.0000000000000000, 8.000000000000000000, 0.000000000000000000 ) ) ;
#689 = CARTESIAN_POINT ( 'NONE',  ( 11.25833024919769620, 8.000000000000000000, 6.499999999999997335 ) ) ;
#690 = CIRCLE ( 'NONE', #1055, 40.00000000000000000 ) ;
#691 = ORIENTED_EDGE ( 'NONE', *, *, #286, .T. ) ;
#692 = DIRECTION ( 'NONE',  ( -0.9797958971132713080, 0.000000000000000000, -0.1999999999999998446 ) ) ;
#693 = VECTOR ( 'NONE', #1335, 1000.000000000000227 ) ;
#694 = EDGE_LOOP ( 'NONE', ( #1685, #1328, #489, #606 ) ) ;
#695 = AXIS2_PLACEMENT_3D ( 'NONE', #724, #434, #1272 ) ;
#696 = DIRECTION ( 'NONE',  ( -0.000000000000000000, -1.000000000000000000, -0.000000000000000000 ) ) ;
#697 = DIRECTION ( 'NONE',  ( 0.000000000000000000, 0.000000000000000000, -1.000000000000000000 ) ) ;
#698 = PLANE ( 'NONE',  #389 ) ;
#699 = EDGE_LOOP ( 'NONE', ( #944, #711, #1117, #1661 ) ) ;
#700 = DIRECTION ( 'NONE',  ( -0.000000000000000000, -1.000000000000000000, -0.000000000000000000 ) ) ;
#701 = LOCAL_TIME ( 21, 36, 0.000000000000000000, #980 ) ;
#702 = ORIENTED_EDGE ( 'NONE', *, *, #1610, .F. ) ;
#703 = CARTESIAN_POINT ( 'NONE',  ( 0.000000000000000000, 8.000000000000000000, 0.000000000000000000 ) ) ;
#704 = DIRECTION ( 'NONE',  ( -0.000000000000000000, -1.000000000000000000, -0.000000000000000000 ) ) ;
#705 = EDGE_CURVE ( 'NONE', #1577, #1244, #720, .T. ) ;
#706 = EDGE_CURVE ( 'NONE', #887, #1425, #1257, .T. ) ;
#707 = PLANE ( 'NONE',  #140 ) ;
#708 = LINE ( 'NONE', #1379, #814 ) ;
#709 = EDGE_LOOP ( 'NONE', ( #466, #843, #1216 ) ) ;
#710 = DIRECTION ( 'NONE',  ( 1.000000000000000000, 0.000000000000000000, 9.714451465470108685E-15 ) ) ;
#711 = ORIENTED_EDGE ( 'NONE', *, *, #1167, .T. ) ;
#712 = DIRECTION ( 'NONE',  ( -0.000000000000000000, -1.000000000000000000, -0.000000000000000000 ) ) ;
#713 = ORIENTED_EDGE ( 'NONE', *, *, #535, .F. ) ;
#714 = LINE ( 'NONE', #852, #892 ) ;
#715 = DIRECTION ( 'NONE',  ( 0.000000000000000000, 1.000000000000000000, 0.000000000000000000 ) ) ;
#716 = APPROVAL_DATE_TIME ( #1150, #1290 ) ;
#717 = EDGE_CURVE ( 'NONE', #678, #902, #958, .T. ) ;
#718 = CARTESIAN_POINT ( 'NONE',  ( 11.25833024919769798, 1.560000000000001386, -6.500000000000002665 ) ) ;
#719 = ORIENTED_EDGE ( 'NONE', *, *, #1094, .T. ) ;
#720 = LINE ( 'NONE', #1652, #1056 ) ;
#721 = ORIENTED_EDGE ( 'NONE', *, *, #144, .F. ) ;
#722 = CARTESIAN_POINT ( 'NONE',  ( -19.59591794226536621, 0.000000000000000000, -4.000000000000198952 ) ) ;
#723 = ORIENTED_EDGE ( 'NONE', *, *, #1610, .T. ) ;
#724 = CARTESIAN_POINT ( 'NONE',  ( 7.632783294297972909E-16, 1.560000000000001386, 12.99999999999999467 ) ) ;
#725 = CIRCLE ( 'NONE', #1225, 3.360000000000000320 ) ;
#726 = DIRECTION ( 'NONE',  ( 0.9797958971132720851, 0.000000000000000000, -0.1999999999999963196 ) ) ;
#727 = APPROVAL_ROLE ( '' ) ;
#728 = ORIENTED_EDGE ( 'NONE', *, *, #1332, .T. ) ;
#729 = EDGE_CURVE ( 'NONE', #483, #1411, #318, .T. ) ;
#730 = ORIENTED_EDGE ( 'NONE', *, *, #630, .T. ) ;
#731 = FACE_OUTER_BOUND ( 'NONE', #1019, .T. ) ;
#732 = VERTEX_POINT ( 'NONE', #1496 ) ;
#733 = DIRECTION ( 'NONE',  ( 8.659560562354931626E-17, -0.7071067811865477948, 0.7071067811865473507 ) ) ;
#734 = DIRECTION ( 'NONE',  ( 0.000000000000000000, 0.000000000000000000, -1.000000000000000000 ) ) ;
#735 = FACE_OUTER_BOUND ( 'NONE', #58, .T. ) ;
#736 = VERTEX_POINT ( 'NONE', #564 ) ;
#737 = ORIENTED_EDGE ( 'NONE', *, *, #1242, .T. ) ;
#738 = EDGE_CURVE ( 'NONE', #338, #234, #990, .T. ) ;
#739 = DIRECTION ( 'NONE',  ( -0.000000000000000000, -1.000000000000000000, -0.000000000000000000 ) ) ;
#740 = EDGE_CURVE ( 'NONE', #102, #414, #1145, .T. ) ;
#741 = CARTESIAN_POINT ( 'NONE',  ( 0.000000000000000000, 0.000000000000000000, -14.79999999999999716 ) ) ;
#742 = CARTESIAN_POINT ( 'NONE',  ( 25.42812707978078635, 8.000000000000000000, -25.42812707978053055 ) ) ;
#743 = PERSON_AND_ORGANIZATION_ROLE ( 'design_supplier' ) ;
#744 = ORIENTED_EDGE ( 'NONE', *, *, #1421, .F. ) ;
#745 = EDGE_LOOP ( 'NONE', ( #86, #1443 ) ) ;
#746 = FACE_OUTER_BOUND ( 'NONE', #1236, .T. ) ;
#747 = AXIS2_PLACEMENT_3D ( 'NONE', #1442, #239, #771 ) ;
#748 = ORIENTED_EDGE ( 'NONE', *, *, #1332, .F. ) ;
#749 = DIRECTION ( 'NONE',  ( -0.000000000000000000, -1.000000000000000000, -0.000000000000000000 ) ) ;
#750 = EDGE_CURVE ( 'NONE', #897, #1359, #590, .T. ) ;
#751 = CARTESIAN_POINT ( 'NONE',  ( 9.797958971132370465, 8.000000000000000000, 102.0000000000000284 ) ) ;
#752 = CONICAL_SURFACE ( 'NONE', #1539, 3.360000000000000320, 0.7853981633974480570 ) ;
#753 = VECTOR ( 'NONE', #1412, 1000.000000000000114 ) ;
#754 = APPLICATION_PROTOCOL_DEFINITION ( 'international standard', 'config_control_design', 1994, #1369 ) ;
#755 = ORIENTED_EDGE ( 'NONE', *, *, #706, .T. ) ;
#756 = ORIENTED_EDGE ( 'NONE', *, *, #1211, .T. ) ;
#757 = LINE ( 'NONE', #911, #1341 ) ;
#758 = AXIS2_PLACEMENT_3D ( 'NONE', #687, #1220, #21 ) ;
#759 = ORIENTED_EDGE ( 'NONE', *, *, #1178, .T. ) ;
#760 = CYLINDRICAL_SURFACE ( 'NONE', #810, 1.799999999999999600 ) ;
#761 = CIRCLE ( 'NONE', #983, 1.799999999999997824 ) ;
#762 = DIRECTION ( 'NONE',  ( 1.000000000000000000, 0.000000000000000000, 1.047444401652940007E-14 ) ) ;
#763 = ADVANCED_FACE ( 'NONE', ( #572 ), #1361, .F. ) ;
#764 = EDGE_CURVE ( 'NONE', #848, #1256, #1633, .T. ) ;
#765 = CARTESIAN_POINT ( 'NONE',  ( -11.25833024919769620, 0.000000000000000000, -6.500000000000004441 ) ) ;
#766 = VERTEX_POINT ( 'NONE', #1511 ) ;
#767 = DIRECTION ( 'NONE',  ( 0.000000000000000000, 1.000000000000000000, 0.000000000000000000 ) ) ;
#768 = EDGE_LOOP ( 'NONE', ( #1650, #597, #730, #146 ) ) ;
#769 = LINE ( 'NONE', #741, #1486 ) ;
#770 = DIRECTION ( 'NONE',  ( -0.000000000000000000, -1.000000000000000000, -0.000000000000000000 ) ) ;
#771 = DIRECTION ( 'NONE',  ( 0.000000000000000000, 0.000000000000000000, -1.000000000000000000 ) ) ;
#772 = EDGE_CURVE ( 'NONE', #199, #414, #308, .T. ) ;
#773 = ORIENTED_EDGE ( 'NONE', *, *, #1048, .F. ) ;
#774 = FACE_OUTER_BOUND ( 'NONE', #1017, .T. ) ;
#775 = ORIENTED_EDGE ( 'NONE', *, *, #1598, .T. ) ;
#776 = DIRECTION ( 'NONE',  ( 0.000000000000000000, 0.000000000000000000, -1.000000000000000000 ) ) ;
#777 = CIRCLE ( 'NONE', #1621, 10.00000000000001066 ) ;
#778 = FACE_OUTER_BOUND ( 'NONE', #395, .T. ) ;
#779 = VECTOR ( 'NONE', #123, 1000.000000000000000 ) ;
#780 = ORIENTED_EDGE ( 'NONE', *, *, #740, .F. ) ;
#781 = AXIS2_PLACEMENT_3D ( 'NONE', #937, #1479, #1323 ) ;
#782 = EDGE_CURVE ( 'NONE', #1034, #219, #945, .T. ) ;
#783 = DIRECTION ( 'NONE',  ( -0.000000000000000000, -1.000000000000000000, -0.000000000000000000 ) ) ;
#784 = ORIENTED_EDGE ( 'NONE', *, *, #685, .F. ) ;
#785 = DIRECTION ( 'NONE',  ( 1.000000000000000000, 0.000000000000000000, 1.249000902703299846E-14 ) ) ;
#786 = DIRECTION ( 'NONE',  ( 1.000000000000000000, 0.000000000000000000, 1.047444401652940007E-14 ) ) ;
#787 = CARTESIAN_POINT ( 'NONE',  ( 9.837147532763208731E-16, 1.560000000000001386, 14.79999999999999361 ) ) ;
#788 = ORIENTED_EDGE ( 'NONE', *, *, #631, .F. ) ;
#789 = CARTESIAN_POINT ( 'NONE',  ( 11.25833024919769620, 0.000000000000000000, 4.699999999999998401 ) ) ;
#790 = EDGE_CURVE ( 'NONE', #965, #338, #964, .T. ) ;
#791 = FACE_OUTER_BOUND ( 'NONE', #461, .T. ) ;
#792 = ORIENTED_EDGE ( 'NONE', *, *, #974, .F. ) ;
#793 = LINE ( 'NONE', #1329, #507 ) ;
#794 = EDGE_CURVE ( 'NONE', #732, #1720, #831, .T. ) ;
#795 = DIRECTION ( 'NONE',  ( -0.000000000000000000, -1.000000000000000000, -0.000000000000000000 ) ) ;
#796 =( LENGTH_UNIT ( ) NAMED_UNIT ( * ) SI_UNIT ( .MILLI., .METRE. ) );
#797 = CARTESIAN_POINT ( 'NONE',  ( -3.491481338843133355E-13, 8.000000000000000000, 100.0000000000000000 ) ) ;
#798 = ORIENTED_EDGE ( 'NONE', *, *, #917, .F. ) ;
#799 = DIRECTION ( 'NONE',  ( 0.000000000000000000, 0.000000000000000000, -1.000000000000000000 ) ) ;
#800 = ORIENTED_EDGE ( 'NONE', *, *, #1149, .T. ) ;
#801 = LINE ( 'NONE', #121, #1005 ) ;
#802 = CARTESIAN_POINT ( 'NONE',  ( 12.66771471198976862, 8.000000000000000000, 37.94112549695432790 ) ) ;
#803 = EDGE_CURVE ( 'NONE', #848, #922, #363, .T. ) ;
#804 = DIRECTION ( 'NONE',  ( -0.000000000000000000, -1.000000000000000000, -0.000000000000000000 ) ) ;
#805 = CIRCLE ( 'NONE', #943, 40.00000000000000000 ) ;
#806 = ORIENTED_EDGE ( 'NONE', *, *, #1200, .T. ) ;
#807 = VECTOR ( 'NONE', #568, 1000.000000000000000 ) ;
#808 = CIRCLE ( 'NONE', #695, 1.799999999999999600 ) ;
#809 = LINE ( 'NONE', #1190, #861 ) ;
#810 = AXIS2_PLACEMENT_3D ( 'NONE', #477, #1587, #776 ) ;
#811 = ORIENTED_EDGE ( 'NONE', *, *, #1199, .F. ) ;
#812 = CARTESIAN_POINT ( 'NONE',  ( 102.0000000000000142, 8.000000000000000000, 9.797958971132722183 ) ) ;
#813 = CARTESIAN_POINT ( 'NONE',  ( 100.0000000000000142, 8.000000000000000000, 6.938893903907228378E-15 ) ) ;
#814 = VECTOR ( 'NONE', #1123, 1000.000000000000000 ) ;
#815 = CARTESIAN_POINT ( 'NONE',  ( -9.797958971133077455, 8.000000000000000000, 101.9999999999999858 ) ) ;
#816 = ADVANCED_FACE ( 'NONE', ( #1245 ), #179, .F. ) ;
#817 = APPROVAL ( #997, 'UNSPECIFIED' ) ;
#818 = ORIENTED_EDGE ( 'NONE', *, *, #248, .T. ) ;
#819 = DIRECTION ( 'NONE',  ( -0.9797958971132734174, 0.000000000000000000, 0.1999999999999893807 ) ) ;
#820 = VERTEX_POINT ( 'NONE', #188 ) ;
#821 = CARTESIAN_POINT ( 'NONE',  ( 11.25833024919769620, 0.000000000000000000, 3.139999999999997016 ) ) ;
#822 = DIRECTION ( 'NONE',  ( -0.000000000000000000, -1.000000000000000000, -0.000000000000000000 ) ) ;
#823 = PLANE ( 'NONE',  #303 ) ;
#824 = VERTEX_POINT ( 'NONE', #982 ) ;
#825 = DIRECTION ( 'NONE',  ( -0.000000000000000000, -1.000000000000000000, -0.000000000000000000 ) ) ;
#826 = EDGE_LOOP ( 'NONE', ( #598, #1108, #1135, #1229 ) ) ;
#827 = DIRECTION ( 'NONE',  ( 0.9797958971132713080, 0.000000000000000000, -0.1999999999999996780 ) ) ;
#828 = DIRECTION ( 'NONE',  ( 0.2000000000000100864, 0.000000000000000000, -0.9797958971132690875 ) ) ;
#829 = VECTOR ( 'NONE', #1630, 1000.000000000000000 ) ;
#830 = ORIENTED_EDGE ( 'NONE', *, *, #455, .F. ) ;
#831 = LINE ( 'NONE', #171, #1625 ) ;
#832 = AXIS2_PLACEMENT_3D ( 'NONE', #1035, #1585, #903 ) ;
#833 = CIRCLE ( 'NONE', #1569, 1.799999999999999600 ) ;
#834 = ORIENTED_EDGE ( 'NONE', *, *, #921, .T. ) ;
#835 = AXIS2_PLACEMENT_3D ( 'NONE', #993, #576, #862 ) ;
#836 = FACE_OUTER_BOUND ( 'NONE', #545, .T. ) ;
#837 = CARTESIAN_POINT ( 'NONE',  ( -9.797958971131656369, 8.000000000000000000, -102.0000000000000995 ) ) ;
#838 = EDGE_LOOP ( 'NONE', ( #1347, #1268, #876, #1388 ) ) ;
#839 = CARTESIAN_POINT ( 'NONE',  ( 3.999999999999993339, 8.000000000000000000, -19.59591794226540884 ) ) ;
#840 = VERTEX_POINT ( 'NONE', #522 ) ;
#841 = CARTESIAN_POINT ( 'NONE',  ( 11.25833024919769620, 0.000000000000000000, 8.299999999999995381 ) ) ;
#842 = EDGE_CURVE ( 'NONE', #1185, #959, #1342, .T. ) ;
#843 = ORIENTED_EDGE ( 'NONE', *, *, #705, .T. ) ;
#844 = FACE_OUTER_BOUND ( 'NONE', #1415, .T. ) ;
#845 = CARTESIAN_POINT ( 'NONE',  ( -11.25833024919769976, 0.000000000000000000, 6.499999999999998224 ) ) ;
#846 = DIRECTION ( 'NONE',  ( 0.000000000000000000, 0.000000000000000000, 1.000000000000000000 ) ) ;
#847 = DIRECTION ( 'NONE',  ( 0.000000000000000000, 0.000000000000000000, -1.000000000000000000 ) ) ;
#848 = VERTEX_POINT ( 'NONE', #262 ) ;
#849 = DIRECTION ( 'NONE',  ( 0.000000000000000000, -0.7071067811865474617, -0.7071067811865474617 ) ) ;
#850 = EDGE_LOOP ( 'NONE', ( #137, #1192, #1077 ) ) ;
#851 = FACE_BOUND ( 'NONE', #1045, .T. ) ;
#852 = CARTESIAN_POINT ( 'NONE',  ( -5.999999999999986677, 0.000000000000000000, -29.39387691339811681 ) ) ;
#853 = LINE ( 'NONE', #900, #863 ) ;
#854 = EDGE_CURVE ( 'NONE', #199, #1209, #1324, .T. ) ;
#855 = APPROVAL_DATE_TIME ( #988, #11 ) ;
#856 = ORIENTED_EDGE ( 'NONE', *, *, #268, .T. ) ;
#857 = VECTOR ( 'NONE', #83, 1000.000000000000000 ) ;
#858 = VERTEX_POINT ( 'NONE', #542 ) ;
#859 = AXIS2_PLACEMENT_3D ( 'NONE', #703, #311, #1673 ) ;
#860 = DIRECTION ( 'NONE',  ( 0.000000000000000000, 1.000000000000000000, -0.000000000000000000 ) ) ;
#861 = VECTOR ( 'NONE', #424, 1000.000000000000000 ) ;
#862 = DIRECTION ( 'NONE',  ( 0.000000000000000000, 0.000000000000000000, -1.000000000000000000 ) ) ;
#863 = VECTOR ( 'NONE', #621, 1000.000000000000000 ) ;
#864 = AXIS2_PLACEMENT_3D ( 'NONE', #1660, #458, #604 ) ;
#865 = DIRECTION ( 'NONE',  ( -0.000000000000000000, -1.000000000000000000, -0.000000000000000000 ) ) ;
#866 = EDGE_CURVE ( 'NONE', #1124, #910, #725, .T. ) ;
#867 = PERSON_AND_ORGANIZATION ( #907, #1658 ) ;
#868 = EDGE_CURVE ( 'NONE', #1683, #897, #445, .T. ) ;
#869 = ORIENTED_EDGE ( 'NONE', *, *, #610, .F. ) ;
#870 = ORIENTED_EDGE ( 'NONE', *, *, #1289, .T. ) ;
#871 = DIRECTION ( 'NONE',  ( -0.000000000000000000, -1.000000000000000000, -0.000000000000000000 ) ) ;
#872 = ORIENTED_EDGE ( 'NONE', *, *, #1677, .F. ) ;
#873 = CARTESIAN_POINT ( 'NONE',  ( -11.25833024919769976, 0.000000000000000000, 6.499999999999998224 ) ) ;
#874 = CYLINDRICAL_SURFACE ( 'NONE', #92, 10.00000000000001066 ) ;
#875 = VERTEX_POINT ( 'NONE', #151 ) ;
#876 = ORIENTED_EDGE ( 'NONE', *, *, #750, .F. ) ;
#877 = EDGE_CURVE ( 'NONE', #959, #1699, #681, .T. ) ;
#878 = DIRECTION ( 'NONE',  ( -0.000000000000000000, -1.000000000000000000, -0.000000000000000000 ) ) ;
#879 = DIRECTION ( 'NONE',  ( 1.000000000000000000, 0.000000000000000000, 1.047444401652940007E-14 ) ) ;
#880 = FACE_OUTER_BOUND ( 'NONE', #209, .T. ) ;
#881 = DIRECTION ( 'NONE',  ( 0.000000000000000000, 0.000000000000000000, -1.000000000000000000 ) ) ;
#882 = ORIENTED_EDGE ( 'NONE', *, *, #717, .T. ) ;
#883 = CARTESIAN_POINT ( 'NONE',  ( 3.999999999999993339, 8.000000000000000000, -19.59591794226540884 ) ) ;
#884 = AXIS2_PLACEMENT_3D ( 'NONE', #613, #1718, #1413 ) ;
#885 = EDGE_CURVE ( 'NONE', #1517, #1068, #16, .T. ) ;
#886 = VECTOR ( 'NONE', #299, 1000.000000000000114 ) ;
#887 = VERTEX_POINT ( 'NONE', #941 ) ;
#888 = CARTESIAN_POINT ( 'NONE',  ( 0.000000000000000000, 0.000000000000000000, -13.00000000000000000 ) ) ;
#889 = VECTOR ( 'NONE', #27, 1000.000000000000000 ) ;
#890 = DIRECTION ( 'NONE',  ( -0.000000000000000000, -1.000000000000000000, -0.000000000000000000 ) ) ;
#891 = VECTOR ( 'NONE', #967, 1000.000000000000000 ) ;
#892 = VECTOR ( 'NONE', #444, 1000.000000000000000 ) ;
#893 = AXIS2_PLACEMENT_3D ( 'NONE', #1611, #406, #785 ) ;
#894 = DIRECTION ( 'NONE',  ( 0.000000000000000000, 0.000000000000000000, -1.000000000000000000 ) ) ;
#895 = ORIENTED_EDGE ( 'NONE', *, *, #428, .T. ) ;
#896 = DIRECTION ( 'NONE',  ( -0.000000000000000000, -1.000000000000000000, -0.000000000000000000 ) ) ;
#897 = VERTEX_POINT ( 'NONE', #660 ) ;
#898 = CARTESIAN_POINT ( 'NONE',  ( -3.491481338843133355E-13, 0.000000000000000000, 100.0000000000000000 ) ) ;
#899 = VECTOR ( 'NONE', #1527, 999.9999999999998863 ) ;
#900 = CARTESIAN_POINT ( 'NONE',  ( 102.0000000000000142, 8.000000000000000000, -9.797958971132725736 ) ) ;
#901 = CARTESIAN_POINT ( 'NONE',  ( 12.66771471198976862, 8.000000000000000000, 37.94112549695432790 ) ) ;
#902 = VERTEX_POINT ( 'NONE', #130 ) ;
#903 = DIRECTION ( 'NONE',  ( -1.000000000000000000, 0.000000000000000000, -3.491481338843133355E-15 ) ) ;
#904 = VERTEX_POINT ( 'NONE', #1208 ) ;
#905 = DIRECTION ( 'NONE',  ( 0.000000000000000000, 0.000000000000000000, -1.000000000000000000 ) ) ;
#906 = CARTESIAN_POINT ( 'NONE',  ( -11.25833024919769976, 0.000000000000000000, 3.139999999999997904 ) ) ;
#907 = PERSON ( 'UNSPECIFIED', 'UNSPECIFIED', 'UNSPECIFIED', ('UNSPECIFIED'), ('UNSPECIFIED'), ('UNSPECIFIED') ) ;
#908 = EDGE_CURVE ( 'NONE', #1702, #1201, #652, .T. ) ;
#909 = FACE_OUTER_BOUND ( 'NONE', #236, .T. ) ;
#910 = VERTEX_POINT ( 'NONE', #1732 ) ;
#911 = CARTESIAN_POINT ( 'NONE',  ( -11.25833024919769620, 0.000000000000000000, -3.140000000000004121 ) ) ;
#912 = VERTEX_POINT ( 'NONE', #7 ) ;
#913 = FACE_OUTER_BOUND ( 'NONE', #388, .T. ) ;
#914 = AXIS2_PLACEMENT_3D ( 'NONE', #426, #284, #827 ) ;
#915 = AXIS2_PLACEMENT_3D ( 'NONE', #935, #1615, #1477 ) ;
#916 = AXIS2_PLACEMENT_3D ( 'NONE', #35, #1125, #710 ) ;
#917 = EDGE_CURVE ( 'NONE', #766, #1434, #1485, .T. ) ;
#918 = CC_DESIGN_PERSON_AND_ORGANIZATION_ASSIGNMENT ( #448, #325, ( #436 ) ) ;
#919 = ORIENTED_EDGE ( 'NONE', *, *, #842, .F. ) ;
#920 = LINE ( 'NONE', #257, #1482 ) ;
#921 = EDGE_CURVE ( 'NONE', #1517, #1160, #470, .T. ) ;
#922 = VERTEX_POINT ( 'NONE', #159 ) ;
#923 = DIRECTION ( 'NONE',  ( 8.659560562354932858E-17, -0.7071067811865474617, 0.7071067811865474617 ) ) ;
#924 = CARTESIAN_POINT ( 'NONE',  ( -11.25833024919769620, 0.000000000000000000, -8.300000000000002487 ) ) ;
#925 = LOCAL_TIME ( 21, 36, 0.000000000000000000, #1012 ) ;
#926 = DIRECTION ( 'NONE',  ( 0.1999999999999962919, 0.000000000000000000, 0.9797958971132719741 ) ) ;
#927 = ORIENTED_EDGE ( 'NONE', *, *, #380, .T. ) ;
#928 = DIRECTION ( 'NONE',  ( 0.9797958971132691985, -0.000000000000000000, 0.2000000000000099476 ) ) ;
#929 = VERTEX_POINT ( 'NONE', #961 ) ;
#930 = EDGE_CURVE ( 'NONE', #1185, #875, #1067, .T. ) ;
#931 = DIRECTION ( 'NONE',  ( -0.000000000000000000, -1.000000000000000000, -0.000000000000000000 ) ) ;
#932 = DIRECTION ( 'NONE',  ( 0.000000000000000000, 0.000000000000000000, 1.000000000000000000 ) ) ;
#933 = DIRECTION ( 'NONE',  ( -0.000000000000000000, -1.000000000000000000, -0.000000000000000000 ) ) ;
#934 = EDGE_LOOP ( 'NONE', ( #402, #755, #405, #1666 ) ) ;
#935 = CARTESIAN_POINT ( 'NONE',  ( 11.25833024919769620, 1.560000000000001386, 6.499999999999997335 ) ) ;
#936 = VERTEX_POINT ( 'NONE', #787 ) ;
#937 = CARTESIAN_POINT ( 'NONE',  ( -11.25833024919769620, 0.000000000000000000, -6.500000000000004441 ) ) ;
#938 = DIRECTION ( 'NONE',  ( 0.000000000000000000, 0.000000000000000000, -1.000000000000000000 ) ) ;
#939 = ADVANCED_FACE ( 'NONE', ( #285 ), #823, .F. ) ;
#940 = EDGE_CURVE ( 'NONE', #840, #527, #1286, .T. ) ;
#941 = CARTESIAN_POINT ( 'NONE',  ( 11.25833024919769798, 8.000000000000000000, -4.700000000000004619 ) ) ;
#942 = AXIS2_PLACEMENT_3D ( 'NONE', #765, #351, #881 ) ;
#943 = AXIS2_PLACEMENT_3D ( 'NONE', #235, #767, #1713 ) ;
#944 = ORIENTED_EDGE ( 'NONE', *, *, #1494, .F. ) ;
#945 = CIRCLE ( 'NONE', #916, 10.00000000000001066 ) ;
#946 = AXIS2_PLACEMENT_3D ( 'NONE', #1298, #115, #229 ) ;
#947 = LINE ( 'NONE', #1488, #387 ) ;
#948 = VECTOR ( 'NONE', #931, 1000.000000000000000 ) ;
#949 = ORIENTED_EDGE ( 'NONE', *, *, #40, .F. ) ;
#950 = CARTESIAN_POINT ( 'NONE',  ( 0.000000000000000000, 8.000000000000000000, -14.79999999999999716 ) ) ;
#951 = CARTESIAN_POINT ( 'NONE',  ( 1.047444401652940057E-12, 0.000000000000000000, -110.0000000000000142 ) ) ;
#952 = VECTOR ( 'NONE', #923, 1000.000000000000114 ) ;
#953 = FACE_BOUND ( 'NONE', #1345, .T. ) ;
#954 = SECURITY_CLASSIFICATION ( '', '', #1546 ) ;
#955 = EDGE_CURVE ( 'NONE', #617, #1720, #1456, .T. ) ;
#956 = AXIS2_PLACEMENT_3D ( 'NONE', #1466, #1458, #15 ) ;
#957 = ORIENTED_EDGE ( 'NONE', *, *, #622, .F. ) ;
#958 = LINE ( 'NONE', #288, #135 ) ;
#959 = VERTEX_POINT ( 'NONE', #815 ) ;
#960 = LINE ( 'NONE', #453, #1645 ) ;
#961 = CARTESIAN_POINT ( 'NONE',  ( 11.25833024919769798, 0.000000000000000000, -3.140000000000002345 ) ) ;
#962 = EDGE_CURVE ( 'NONE', #180, #1577, #1475, .T. ) ;
#963 = ORIENTED_EDGE ( 'NONE', *, *, #421, .T. ) ;
#964 = LINE ( 'NONE', #1228, #24 ) ;
#965 = VERTEX_POINT ( 'NONE', #1095 ) ;
#966 = CARTESIAN_POINT ( 'NONE',  ( -3.560870277882206144E-13, 8.000000000000000000, 100.0000000000000142 ) ) ;
#967 = DIRECTION ( 'NONE',  ( -0.000000000000000000, -1.000000000000000000, -0.000000000000000000 ) ) ;
#968 = EDGE_LOOP ( 'NONE', ( #1260, #287, #1302, #1697 ) ) ;
#969 = ADVANCED_FACE ( 'NONE', ( #1631 ), #1499, .F. ) ;
#970 = DIRECTION ( 'NONE',  ( 0.000000000000000000, 1.000000000000000000, 0.000000000000000000 ) ) ;
#971 = CC_DESIGN_PERSON_AND_ORGANIZATION_ASSIGNMENT ( #1253, #743, ( #1153 ) ) ;
#972 = VECTOR ( 'NONE', #1215, 1000.000000000000000 ) ;
#973 = ORIENTED_EDGE ( 'NONE', *, *, #248, .F. ) ;
#974 = EDGE_CURVE ( 'NONE', #527, #840, #614, .T. ) ;
#975 = DIRECTION ( 'NONE',  ( 0.000000000000000000, 0.000000000000000000, -1.000000000000000000 ) ) ;
#976 = ORIENTED_EDGE ( 'NONE', *, *, #1200, .F. ) ;
#977 = CYLINDRICAL_SURFACE ( 'NONE', #835, 1.799999999999998712 ) ;
#978 = CIRCLE ( 'NONE', #142, 1.799999999999999600 ) ;
#979 = LINE ( 'NONE', #587, #277 ) ;
#980 = COORDINATED_UNIVERSAL_TIME_OFFSET ( 8, 0, .AHEAD. ) ;
#981 = VERTEX_POINT ( 'NONE', #1636 ) ;
#982 = CARTESIAN_POINT ( 'NONE',  ( -11.25833024919769620, 0.000000000000000000, -3.140000000000004121 ) ) ;
#983 = AXIS2_PLACEMENT_3D ( 'NONE', #515, #1350, #23 ) ;
#984 = EDGE_LOOP ( 'NONE', ( #721, #114 ) ) ;
#985 = CARTESIAN_POINT ( 'NONE',  ( 100.0000000000000000, 8.000000000000000000, 0.000000000000000000 ) ) ;
#986 = EDGE_CURVE ( 'NONE', #1434, #998, #1121, .T. ) ;
#987 = DIRECTION ( 'NONE',  ( 0.000000000000000000, 0.000000000000000000, -1.000000000000000000 ) ) ;
#988 = DATE_AND_TIME ( #82, #4 ) ;
#989 = ORIENTED_EDGE ( 'NONE', *, *, #1102, .F. ) ;
#990 = LINE ( 'NONE', #460, #1741 ) ;
#991 = ORIENTED_EDGE ( 'NONE', *, *, #940, .T. ) ;
#992 = CARTESIAN_POINT ( 'NONE',  ( -11.25833024919769976, 0.000000000000000000, 6.499999999999998224 ) ) ;
#993 = CARTESIAN_POINT ( 'NONE',  ( -11.25833024919769976, 0.000000000000000000, 6.499999999999998224 ) ) ;
#994 = EDGE_CURVE ( 'NONE', #530, #327, #333, .T. ) ;
#995 = EDGE_CURVE ( 'NONE', #1404, #1463, #50, .T. ) ;
#996 = CARTESIAN_POINT ( 'NONE',  ( -3.560870277882206144E-13, 8.000000000000000000, 100.0000000000000142 ) ) ;
#997 = APPROVAL_STATUS ( 'not_yet_approved' ) ;
#998 = VERTEX_POINT ( 'NONE', #206 ) ;
#999 = AXIS2_PLACEMENT_3D ( 'NONE', #454, #871, #181 ) ;
#1000 = ORIENTED_EDGE ( 'NONE', *, *, #230, .F. ) ;
#1001 = CARTESIAN_POINT ( 'NONE',  ( 4.114813245135107032E-16, 0.000000000000000000, -9.639999999999998792 ) ) ;
#1002 = VECTOR ( 'NONE', #692, 1000.000000000000000 ) ;
#1003 = DIRECTION ( 'NONE',  ( -0.9797958971132713080, 0.000000000000000000, -0.1999999999999996780 ) ) ;
#1004 = CARTESIAN_POINT ( 'NONE',  ( -3.999999999999993339, 0.000000000000000000, 19.59591794226540884 ) ) ;
#1005 = VECTOR ( 'NONE', #679, 1000.000000000000000 ) ;
#1006 = CALENDAR_DATE ( 2026, 26, 2 ) ;
#1007 = VERTEX_POINT ( 'NONE', #1273 ) ;
#1008 = VERTEX_POINT ( 'NONE', #71 ) ;
#1009 = CARTESIAN_POINT ( 'NONE',  ( 11.25833024919769798, 0.000000000000000000, -6.500000000000002665 ) ) ;
#1010 = DIRECTION ( 'NONE',  ( -0.9797958971132713080, 0.000000000000000000, -0.1999999999999998446 ) ) ;
#1011 = CARTESIAN_POINT ( 'NONE',  ( -102.0000000000000142, 8.000000000000000000, 9.797958971132725736 ) ) ;
#1012 = COORDINATED_UNIVERSAL_TIME_OFFSET ( 8, 0, .AHEAD. ) ;
#1013 = DIRECTION ( 'NONE',  ( 0.000000000000000000, 0.000000000000000000, -1.000000000000000000 ) ) ;
#1014 = DIRECTION ( 'NONE',  ( -0.000000000000000000, -1.000000000000000000, -0.000000000000000000 ) ) ;
#1015 = EDGE_CURVE ( 'NONE', #1170, #1641, #1648, .T. ) ;
#1016 = EDGE_CURVE ( 'NONE', #1160, #936, #169, .T. ) ;
#1017 = EDGE_LOOP ( 'NONE', ( #792, #691, #1639, #713 ) ) ;
#1018 = DIRECTION ( 'NONE',  ( -0.000000000000000000, -1.000000000000000000, -0.000000000000000000 ) ) ;
#1019 = EDGE_LOOP ( 'NONE', ( #830, #882, #775, #189 ) ) ;
#1020 = CARTESIAN_POINT ( 'NONE',  ( 102.0000000000000142, 8.000000000000000000, -9.797958971132725736 ) ) ;
#1021 = CARTESIAN_POINT ( 'NONE',  ( 1.174759653943308043E-15, 0.000000000000000000, 16.35999999999999233 ) ) ;
#1022 = CARTESIAN_POINT ( 'NONE',  ( -11.25833024919769620, 0.000000000000000000, -6.500000000000004441 ) ) ;
#1023 = ORIENTED_EDGE ( 'NONE', *, *, #917, .T. ) ;
#1024 = CARTESIAN_POINT ( 'NONE',  ( 1.047444401652940057E-12, 8.000000000000000000, -110.0000000000000142 ) ) ;
#1025 = VECTOR ( 'NONE', #442, 1000.000000000000000 ) ;
#1026 = ORIENTED_EDGE ( 'NONE', *, *, #535, .T. ) ;
#1027 = ADVANCED_FACE ( 'NONE', ( #176 ), #698, .T. ) ;
#1028 = DIRECTION ( 'NONE',  ( 0.000000000000000000, 0.000000000000000000, -1.000000000000000000 ) ) ;
#1029 = AXIS2_PLACEMENT_3D ( 'NONE', #641, #878, #354 ) ;
#1030 = CARTESIAN_POINT ( 'NONE',  ( 12.66771471198976862, 0.000000000000000000, 37.94112549695432790 ) ) ;
#1031 = AXIS2_PLACEMENT_3D ( 'NONE', #456, #865, #1406 ) ;
#1032 = CIRCLE ( 'NONE', #85, 3.360000000000000320 ) ;
#1033 = DIRECTION ( 'NONE',  ( -0.9797958971132713080, 0.000000000000000000, 0.1999999999999997058 ) ) ;
#1034 = VERTEX_POINT ( 'NONE', #577 ) ;
#1035 = CARTESIAN_POINT ( 'NONE',  ( 0.000000000000000000, 0.000000000000000000, 0.000000000000000000 ) ) ;
#1036 = ORIENTED_EDGE ( 'NONE', *, *, #1130, .F. ) ;
#1037 = CARTESIAN_POINT ( 'NONE',  ( 0.000000000000000000, 0.000000000000000000, -13.00000000000000000 ) ) ;
#1038 = CIRCLE ( 'NONE', #594, 40.00000000000000000 ) ;
#1039 = EDGE_CURVE ( 'NONE', #1008, #1209, #49, .T. ) ;
#1040 = LINE ( 'NONE', #1318, #1267 ) ;
#1041 = CARTESIAN_POINT ( 'NONE',  ( 29.39387691339818076, 0.000000000000000000, -5.999999999999678479 ) ) ;
#1042 = ORIENTED_EDGE ( 'NONE', *, *, #155, .T. ) ;
#1043 = PLANE ( 'NONE',  #585 ) ;
#1044 = FACE_OUTER_BOUND ( 'NONE', #573, .T. ) ;
#1045 = EDGE_LOOP ( 'NONE', ( #309, #788 ) ) ;
#1046 = CARTESIAN_POINT ( 'NONE',  ( -3.560870277882206144E-13, 0.000000000000000000, 100.0000000000000142 ) ) ;
#1047 = CARTESIAN_POINT ( 'NONE',  ( 0.000000000000000000, 8.000000000000000000, 0.000000000000000000 ) ) ;
#1048 = EDGE_CURVE ( 'NONE', #1521, #1034, #602, .T. ) ;
#1049 = ADVANCED_FACE ( 'NONE', ( #1646 ), #752, .F. ) ;
#1050 = ORIENTED_EDGE ( 'NONE', *, *, #1116, .T. ) ;
#1051 = DIRECTION ( 'NONE',  ( 0.000000000000000000, 1.000000000000000000, 0.000000000000000000 ) ) ;
#1052 = ORIENTED_EDGE ( 'NONE', *, *, #42, .T. ) ;
#1053 = DIRECTION ( 'NONE',  ( 0.000000000000000000, 0.000000000000000000, -1.000000000000000000 ) ) ;
#1054 = DIRECTION ( 'NONE',  ( 0.000000000000000000, 0.000000000000000000, -1.000000000000000000 ) ) ;
#1055 = AXIS2_PLACEMENT_3D ( 'NONE', #1093, #1187, #932 ) ;
#1056 = VECTOR ( 'NONE', #1662, 1000.000000000000000 ) ;
#1057 = VECTOR ( 'NONE', #394, 1000.000000000000000 ) ;
#1058 = CARTESIAN_POINT ( 'NONE',  ( -11.25833024919769976, 1.560000000000001386, 6.499999999999998224 ) ) ;
#1059 = AXIS2_PLACEMENT_3D ( 'NONE', #873, #635, #905 ) ;
#1060 = ADVANCED_FACE ( 'NONE', ( #1678 ), #707, .F. ) ;
#1061 = ORIENTED_EDGE ( 'NONE', *, *, #293, .T. ) ;
#1062 = FACE_OUTER_BOUND ( 'NONE', #699, .T. ) ;
#1063 = ORIENTED_EDGE ( 'NONE', *, *, #1493, .F. ) ;
#1064 = DIRECTION ( 'NONE',  ( -0.000000000000000000, -1.000000000000000000, -0.000000000000000000 ) ) ;
#1065 = UNCERTAINTY_MEASURE_WITH_UNIT (LENGTH_MEASURE( 1.000000000000000082E-05 ), #796, 'distance_accuracy_value', 'NONE');
#1066 = CIRCLE ( 'NONE', #1656, 3.360000000000000320 ) ;
#1067 = LINE ( 'NONE', #1492, #1057 ) ;
#1068 = VERTEX_POINT ( 'NONE', #1367 ) ;
#1069 = EDGE_CURVE ( 'NONE', #327, #1577, #33, .T. ) ;
#1070 = PLANE ( 'NONE',  #107 ) ;
#1071 = EDGE_CURVE ( 'NONE', #485, #1073, #833, .T. ) ;
#1072 = DIRECTION ( 'NONE',  ( 0.000000000000000000, 1.000000000000000000, -0.000000000000000000 ) ) ;
#1073 = VERTEX_POINT ( 'NONE', #39 ) ;
#1074 = DIRECTION ( 'NONE',  ( -0.2000000000000030642, 0.000000000000000000, 0.9797958971132706418 ) ) ;
#1075 = FACE_OUTER_BOUND ( 'NONE', #838, .T. ) ;
#1076 = CARTESIAN_POINT ( 'NONE',  ( 7.632783294297972909E-16, 0.000000000000000000, 12.99999999999999467 ) ) ;
#1077 = ORIENTED_EDGE ( 'NONE', *, *, #675, .F. ) ;
#1078 = LINE ( 'NONE', #789, #1453 ) ;
#1079 = ORIENTED_EDGE ( 'NONE', *, *, #1493, .T. ) ;
#1080 = CARTESIAN_POINT ( 'NONE',  ( 11.25833024919769798, 8.000000000000000000, -6.500000000000002665 ) ) ;
#1081 = CARTESIAN_POINT ( 'NONE',  ( 0.000000000000000000, 1.560000000000001386, -13.00000000000000000 ) ) ;
#1082 = VECTOR ( 'NONE', #231, 1000.000000000000000 ) ;
#1083 = DIRECTION ( 'NONE',  ( -0.000000000000000000, -1.000000000000000000, -0.000000000000000000 ) ) ;
#1084 = CARTESIAN_POINT ( 'NONE',  ( 5.999999999999986677, 0.000000000000000000, 29.39387691339811681 ) ) ;
#1085 = AXIS2_PLACEMENT_3D ( 'NONE', #1552, #512, #1303 ) ;
#1086 = AXIS2_PLACEMENT_3D ( 'NONE', #125, #928, #118 ) ;
#1087 = ORIENTED_EDGE ( 'NONE', *, *, #1494, .T. ) ;
#1088 = CONICAL_SURFACE ( 'NONE', #334, 3.360000000000000320, 0.7853981633974480570 ) ;
#1089 = AXIS2_PLACEMENT_3D ( 'NONE', #898, #1171, #643 ) ;
#1090 = CARTESIAN_POINT ( 'NONE',  ( 11.25833024919769798, 0.000000000000000000, -6.500000000000002665 ) ) ;
#1091 = ORIENTED_EDGE ( 'NONE', *, *, #439, .F. ) ;
#1092 = DIRECTION ( 'NONE',  ( 0.000000000000000000, 0.000000000000000000, -1.000000000000000000 ) ) ;
#1093 = CARTESIAN_POINT ( 'NONE',  ( 0.000000000000000000, 0.000000000000000000, 0.000000000000000000 ) ) ;
#1094 = EDGE_CURVE ( 'NONE', #1185, #226, #979, .T. ) ;
#1095 = CARTESIAN_POINT ( 'NONE',  ( 11.25833024919769798, 8.000000000000000000, -8.300000000000000711 ) ) ;
#1096 = ORIENTED_EDGE ( 'NONE', *, *, #175, .T. ) ;
#1097 = DIRECTION ( 'NONE',  ( 0.000000000000000000, 0.000000000000000000, -1.000000000000000000 ) ) ;
#1098 = EDGE_LOOP ( 'NONE', ( #834, #1218 ) ) ;
#1099 = DIRECTION ( 'NONE',  ( -0.000000000000000000, -1.000000000000000000, 0.000000000000000000 ) ) ;
#1100 = CARTESIAN_POINT ( 'NONE',  ( -100.0000000000000142, 0.000000000000000000, -6.938893903907228378E-15 ) ) ;
#1101 = CARTESIAN_POINT ( 'NONE',  ( 3.999999999999989786, 0.000000000000000000, 19.59591794226540529 ) ) ;
#1102 = EDGE_CURVE ( 'NONE', #1140, #423, #1714, .T. ) ;
#1103 = ADVANCED_FACE ( 'NONE', ( #315 ), #1088, .F. ) ;
#1104 = ORIENTED_EDGE ( 'NONE', *, *, #854, .T. ) ;
#1105 = DIRECTION ( 'NONE',  ( 0.000000000000000000, 0.000000000000000000, 1.000000000000000000 ) ) ;
#1106 = ORIENTED_EDGE ( 'NONE', *, *, #40, .T. ) ;
#1107 = FACE_OUTER_BOUND ( 'NONE', #108, .T. ) ;
#1108 = ORIENTED_EDGE ( 'NONE', *, *, #1360, .F. ) ;
#1109 = FACE_OUTER_BOUND ( 'NONE', #1566, .T. ) ;
#1110 = DIRECTION ( 'NONE',  ( -0.000000000000000000, -1.000000000000000000, -0.000000000000000000 ) ) ;
#1111 = AXIS2_PLACEMENT_3D ( 'NONE', #98, #628, #1708 ) ;
#1112 = CARTESIAN_POINT ( 'NONE',  ( -11.25833024919769976, 0.000000000000000000, 9.859999999999997655 ) ) ;
#1113 = ORIENTED_EDGE ( 'NONE', *, *, #379, .T. ) ;
#1114 = CARTESIAN_POINT ( 'NONE',  ( 7.632783294297972909E-16, 0.000000000000000000, 12.99999999999999467 ) ) ;
#1115 = VECTOR ( 'NONE', #970, 1000.000000000000000 ) ;
#1116 = EDGE_CURVE ( 'NONE', #1579, #642, #853, .T. ) ;
#1117 = ORIENTED_EDGE ( 'NONE', *, *, #110, .T. ) ;
#1118 = DIRECTION ( 'NONE',  ( -0.2000000000000100864, 0.000000000000000000, 0.9797958971132690875 ) ) ;
#1119 = AXIS2_PLACEMENT_3D ( 'NONE', #656, #1729, #1074 ) ;
#1120 = AXIS2_PLACEMENT_3D ( 'NONE', #1327, #1191, #847 ) ;
#1121 = LINE ( 'NONE', #1004, #1684 ) ;
#1122 = COORDINATED_UNIVERSAL_TIME_OFFSET ( 8, 0, .AHEAD. ) ;
#1123 = DIRECTION ( 'NONE',  ( -0.000000000000000000, -1.000000000000000000, -0.000000000000000000 ) ) ;
#1124 = VERTEX_POINT ( 'NONE', #1021 ) ;
#1125 = DIRECTION ( 'NONE',  ( -0.000000000000000000, -1.000000000000000000, -0.000000000000000000 ) ) ;
#1126 = CIRCLE ( 'NONE', #1491, 1.799999999999997824 ) ;
#1127 = ORIENTED_EDGE ( 'NONE', *, *, #175, .F. ) ;
#1128 = ADVANCED_FACE ( 'NONE', ( #778 ), #1172, .F. ) ;
#1129 = FACE_BOUND ( 'NONE', #605, .T. ) ;
#1130 = EDGE_CURVE ( 'NONE', #1521, #1140, #200, .T. ) ;
#1131 = ORIENTED_EDGE ( 'NONE', *, *, #293, .F. ) ;
#1132 = CARTESIAN_POINT ( 'NONE',  ( 11.25833024919769798, 1.560000000000001386, -4.700000000000002842 ) ) ;
#1133 = DIRECTION ( 'NONE',  ( -0.000000000000000000, -1.000000000000000000, -0.000000000000000000 ) ) ;
#1134 = COORDINATED_UNIVERSAL_TIME_OFFSET ( 8, 0, .AHEAD. ) ;
#1135 = ORIENTED_EDGE ( 'NONE', *, *, #738, .T. ) ;
#1136 = ORIENTED_EDGE ( 'NONE', *, *, #1331, .T. ) ;
#1137 = DIRECTION ( 'NONE',  ( 0.000000000000000000, 0.000000000000000000, -1.000000000000000000 ) ) ;
#1138 = FACE_OUTER_BOUND ( 'NONE', #331, .T. ) ;
#1139 = CARTESIAN_POINT ( 'NONE',  ( 11.25833024919769798, 0.000000000000000000, -6.500000000000002665 ) ) ;
#1140 = VERTEX_POINT ( 'NONE', #1164 ) ;
#1141 = CIRCLE ( 'NONE', #1252, 10.00000000000001066 ) ;
#1142 = ORIENTED_EDGE ( 'NONE', *, *, #1440, .T. ) ;
#1143 = CIRCLE ( 'NONE', #1647, 1.799999999999997824 ) ;
#1144 = CARTESIAN_POINT ( 'NONE',  ( 9.797958971133789774, 8.000000000000000000, -101.9999999999999147 ) ) ;
#1145 = CIRCLE ( 'NONE', #84, 40.00000000000000000 ) ;
#1146 = CONICAL_SURFACE ( 'NONE', #1059, 3.360000000000000320, 0.7853981633974480570 ) ;
#1147 = DIRECTION ( 'NONE',  ( 0.1999999999999998446, 0.000000000000000000, -0.9797958971132713080 ) ) ;
#1148 = CARTESIAN_POINT ( 'NONE',  ( 9.837147532763206759E-16, 8.000000000000000000, 14.79999999999999183 ) ) ;
#1149 = EDGE_CURVE ( 'NONE', #1007, #1353, #1447, .T. ) ;
#1150 = DATE_AND_TIME ( #1555, #925 ) ;
#1151 = ORIENTED_EDGE ( 'NONE', *, *, #246, .F. ) ;
#1152 = EDGE_LOOP ( 'NONE', ( #47, #17, #1575, #1063 ) ) ;
#1153 = PRODUCT_DEFINITION_FORMATION_WITH_SPECIFIED_SOURCE ( 'ANY', '', #436, .NOT_KNOWN. ) ;
#1154 = PLANE ( 'NONE',  #1507 ) ;
#1155 = ORIENTED_EDGE ( 'NONE', *, *, #1483, .F. ) ;
#1156 = DIRECTION ( 'NONE',  ( -0.000000000000000000, -1.000000000000000000, -0.000000000000000000 ) ) ;
#1157 = CYLINDRICAL_SURFACE ( 'NONE', #372, 10.00000000000000888 ) ;
#1158 = EDGE_CURVE ( 'NONE', #208, #280, #78, .T. ) ;
#1159 = LINE ( 'NONE', #1549, #608 ) ;
#1160 = VERTEX_POINT ( 'NONE', #1148 ) ;
#1161 = CARTESIAN_POINT ( 'NONE',  ( -11.25833024919769620, 0.000000000000000000, -9.860000000000004761 ) ) ;
#1162 = ORIENTED_EDGE ( 'NONE', *, *, #421, .F. ) ;
#1163 = FACE_OUTER_BOUND ( 'NONE', #437, .T. ) ;
#1164 = CARTESIAN_POINT ( 'NONE',  ( 1.047444401652940057E-12, 8.000000000000000000, -110.0000000000000142 ) ) ;
#1165 = CARTESIAN_POINT ( 'NONE',  ( -3.999999999999989786, 8.000000000000000000, -19.59591794226540529 ) ) ;
#1166 = ORIENTED_EDGE ( 'NONE', *, *, #1703, .T. ) ;
#1167 = EDGE_CURVE ( 'NONE', #1634, #1401, #1725, .T. ) ;
#1168 = DIRECTION ( 'NONE',  ( 0.000000000000000000, -0.7071067811865477948, -0.7071067811865473507 ) ) ;
#1169 = VECTOR ( 'NONE', #1064, 1000.000000000000000 ) ;
#1170 = VERTEX_POINT ( 'NONE', #1423 ) ;
#1171 = DIRECTION ( 'NONE',  ( -0.000000000000000000, -1.000000000000000000, -0.000000000000000000 ) ) ;
#1172 = CYLINDRICAL_SURFACE ( 'NONE', #1459, 1.799999999999997824 ) ;
#1173 = AXIS2_PLACEMENT_3D ( 'NONE', #550, #422, #427 ) ;
#1174 = CARTESIAN_POINT ( 'NONE',  ( 37.94112549695428527, 8.000000000000000000, 12.66771471198990540 ) ) ;
#1175 = CIRCLE ( 'NONE', #758, 1.799999999999997824 ) ;
#1176 = EDGE_LOOP ( 'NONE', ( #663, #1468, #1050, #1052 ) ) ;
#1177 = DIRECTION ( 'NONE',  ( -0.9797958971132706418, 0.000000000000000000, -0.2000000000000032307 ) ) ;
#1178 = EDGE_CURVE ( 'NONE', #904, #902, #1532, .T. ) ;
#1179 = ORIENTED_EDGE ( 'NONE', *, *, #866, .T. ) ;
#1180 = CARTESIAN_POINT ( 'NONE',  ( 0.000000000000000000, 0.000000000000000000, 0.000000000000000000 ) ) ;
#1181 = EDGE_CURVE ( 'NONE', #875, #1702, #1544, .T. ) ;
#1182 = DIRECTION ( 'NONE',  ( -0.9797958971132713080, 0.000000000000000000, -0.1999999999999998446 ) ) ;
#1183 = ORIENTED_EDGE ( 'NONE', *, *, #246, .T. ) ;
#1184 = DIRECTION ( 'NONE',  ( 0.9797958971132713080, 0.000000000000000000, -0.1999999999999996780 ) ) ;
#1185 = VERTEX_POINT ( 'NONE', #751 ) ;
#1186 = CARTESIAN_POINT ( 'NONE',  ( -11.25833024919769976, 1.560000000000001386, 6.499999999999998224 ) ) ;
#1187 = DIRECTION ( 'NONE',  ( 0.000000000000000000, 1.000000000000000000, -0.000000000000000000 ) ) ;
#1188 = DIRECTION ( 'NONE',  ( 0.9797958971132713080, 0.000000000000000000, -0.1999999999999996780 ) ) ;
#1189 = EDGE_LOOP ( 'NONE', ( #744, #516, #539 ) ) ;
#1190 = CARTESIAN_POINT ( 'NONE',  ( -5.999999999999986677, 0.000000000000000000, 29.39387691339812037 ) ) ;
#1191 = DIRECTION ( 'NONE',  ( -0.000000000000000000, -1.000000000000000000, -0.000000000000000000 ) ) ;
#1192 = ORIENTED_EDGE ( 'NONE', *, *, #995, .T. ) ;
#1193 = CARTESIAN_POINT ( 'NONE',  ( -102.0000000000000142, 8.000000000000000000, 9.797958971132725736 ) ) ;
#1194 = CARTESIAN_POINT ( 'NONE',  ( -11.25833024919769620, 0.000000000000000000, -9.860000000000004761 ) ) ;
#1195 = CONICAL_SURFACE ( 'NONE', #999, 3.360000000000000320, 0.7853981633974482790 ) ;
#1196 = CIRCLE ( 'NONE', #1368, 1.799999999999999600 ) ;
#1197 = AXIS2_PLACEMENT_3D ( 'NONE', #279, #143, #1198 ) ;
#1198 = DIRECTION ( 'NONE',  ( 0.000000000000000000, 0.000000000000000000, -1.000000000000000000 ) ) ;
#1199 = EDGE_CURVE ( 'NONE', #1683, #1411, #378, .T. ) ;
#1200 = EDGE_CURVE ( 'NONE', #1720, #820, #1562, .T. ) ;
#1201 = VERTEX_POINT ( 'NONE', #1306 ) ;
#1202 = CARTESIAN_POINT ( 'NONE',  ( -29.39387691339813813, 0.000000000000000000, 5.999999999999883649 ) ) ;
#1203 = FACE_BOUND ( 'NONE', #8, .T. ) ;
#1204 = ORIENTED_EDGE ( 'NONE', *, *, #174, .F. ) ;
#1205 = CARTESIAN_POINT ( 'NONE',  ( 12.66771471199030152, 8.000000000000000000, -37.94112549695415026 ) ) ;
#1206 = DIRECTION ( 'NONE',  ( -0.000000000000000000, -1.000000000000000000, -0.000000000000000000 ) ) ;
#1207 = AXIS2_PLACEMENT_3D ( 'NONE', #668, #1072, #306 ) ;
#1208 = CARTESIAN_POINT ( 'NONE',  ( 12.66771471199030152, 0.000000000000000000, -37.94112549695415026 ) ) ;
#1209 = VERTEX_POINT ( 'NONE', #478 ) ;
#1210 = CARTESIAN_POINT ( 'NONE',  ( 11.25833024919769798, 0.000000000000000000, -6.500000000000002665 ) ) ;
#1211 = EDGE_CURVE ( 'NONE', #1683, #339, #644, .T. ) ;
#1212 = ORIENTED_EDGE ( 'NONE', *, *, #1269, .F. ) ;
#1213 = DIRECTION ( 'NONE',  ( -0.1999999999999997058, 0.000000000000000000, -0.9797958971132713080 ) ) ;
#1214 = CARTESIAN_POINT ( 'NONE',  ( 11.25833024919769620, 0.000000000000000000, 3.139999999999997016 ) ) ;
#1215 = DIRECTION ( 'NONE',  ( -0.000000000000000000, -1.000000000000000000, -0.000000000000000000 ) ) ;
#1216 = ORIENTED_EDGE ( 'NONE', *, *, #503, .F. ) ;
#1217 = CARTESIAN_POINT ( 'NONE',  ( -3.999999999999993339, 8.000000000000000000, 19.59591794226540884 ) ) ;
#1218 = ORIENTED_EDGE ( 'NONE', *, *, #145, .T. ) ;
#1219 = ADVANCED_FACE ( 'NONE', ( #343 ), #104, .T. ) ;
#1220 = DIRECTION ( 'NONE',  ( -0.000000000000000000, -1.000000000000000000, -0.000000000000000000 ) ) ;
#1221 = DIRECTION ( 'NONE',  ( -0.000000000000000000, -1.000000000000000000, 0.000000000000000000 ) ) ;
#1222 = AXIS2_PLACEMENT_3D ( 'NONE', #532, #795, #128 ) ;
#1223 = CARTESIAN_POINT ( 'NONE',  ( 100.0000000000000142, 8.000000000000000000, 6.938893903907228378E-15 ) ) ;
#1224 = AXIS2_PLACEMENT_3D ( 'NONE', #1590, #264, #1735 ) ;
#1225 = AXIS2_PLACEMENT_3D ( 'NONE', #1076, #1467, #1613 ) ;
#1226 = ORIENTED_EDGE ( 'NONE', *, *, #1094, .F. ) ;
#1227 = AXIS2_PLACEMENT_3D ( 'NONE', #1717, #1422, #1028 ) ;
#1228 = CARTESIAN_POINT ( 'NONE',  ( 11.25833024919769798, 0.000000000000000000, -8.300000000000002487 ) ) ;
#1229 = ORIENTED_EDGE ( 'NONE', *, *, #579, .T. ) ;
#1230 = CARTESIAN_POINT ( 'NONE',  ( 0.000000000000000000, 8.000000000000000000, 0.000000000000000000 ) ) ;
#1231 = ADVANCED_FACE ( 'NONE', ( #880 ), #874, .T. ) ;
#1232 = ADVANCED_FACE ( 'NONE', ( #636 ), #1157, .T. ) ;
#1233 = DIRECTION ( 'NONE',  ( -0.000000000000000000, -1.000000000000000000, -0.000000000000000000 ) ) ;
#1234 =( GEOMETRIC_REPRESENTATION_CONTEXT ( 3 ) GLOBAL_UNCERTAINTY_ASSIGNED_CONTEXT ( ( #1065 ) ) GLOBAL_UNIT_ASSIGNED_CONTEXT ( ( #796, #152, #207 ) ) REPRESENTATION_CONTEXT ( 'NONE', 'WORKASPACE' ) );
#1235 = DIRECTION ( 'NONE',  ( 0.000000000000000000, 0.000000000000000000, -1.000000000000000000 ) ) ;
#1236 = EDGE_LOOP ( 'NONE', ( #100, #856, #1179, #556 ) ) ;
#1237 = DIRECTION ( 'NONE',  ( 0.000000000000000000, 1.000000000000000000, -0.000000000000000000 ) ) ;
#1238 = ORIENTED_EDGE ( 'NONE', *, *, #729, .F. ) ;
#1239 = CYLINDRICAL_SURFACE ( 'NONE', #524, 10.00000000000001066 ) ;
#1240 = FACE_OUTER_BOUND ( 'NONE', #1607, .T. ) ;
#1241 = DIRECTION ( 'NONE',  ( 0.000000000000000000, 0.000000000000000000, -1.000000000000000000 ) ) ;
#1242 = EDGE_CURVE ( 'NONE', #981, #1538, #1040, .T. ) ;
#1243 = DIRECTION ( 'NONE',  ( -0.000000000000000000, -1.000000000000000000, -0.000000000000000000 ) ) ;
#1244 = VERTEX_POINT ( 'NONE', #1030 ) ;
#1245 = FACE_OUTER_BOUND ( 'NONE', #178, .T. ) ;
#1246 = ORIENTED_EDGE ( 'NONE', *, *, #994, .F. ) ;
#1247 = CARTESIAN_POINT ( 'NONE',  ( 100.0000000000000000, 0.000000000000000000, 0.000000000000000000 ) ) ;
#1248 = EDGE_LOOP ( 'NONE', ( #160, #392, #1429, #1023 ) ) ;
#1249 = CARTESIAN_POINT ( 'NONE',  ( 19.59591794226544792, 8.000000000000000000, -3.999999999999784173 ) ) ;
#1250 = CARTESIAN_POINT ( 'NONE',  ( 9.837147532763206759E-16, 0.000000000000000000, 14.79999999999999183 ) ) ;
#1251 = EDGE_CURVE ( 'NONE', #1209, #1643, #116, .T. ) ;
#1252 = AXIS2_PLACEMENT_3D ( 'NONE', #1247, #1099, #433 ) ;
#1253 = PERSON_AND_ORGANIZATION ( #907, #1658 ) ;
#1254 = DIRECTION ( 'NONE',  ( -0.000000000000000000, -1.000000000000000000, -0.000000000000000000 ) ) ;
#1255 = EDGE_CURVE ( 'NONE', #732, #432, #761, .T. ) ;
#1256 = VERTEX_POINT ( 'NONE', #533 ) ;
#1257 = LINE ( 'NONE', #438, #889 ) ;
#1258 = CONICAL_SURFACE ( 'NONE', #638, 3.360000000000000320, 0.7853981633974480570 ) ;
#1259 = AXIS2_PLACEMENT_3D ( 'NONE', #596, #1133, #1386 ) ;
#1260 = ORIENTED_EDGE ( 'NONE', *, *, #1251, .F. ) ;
#1261 = CYLINDRICAL_SURFACE ( 'NONE', #859, 40.00000000000000000 ) ;
#1262 = PLANE ( 'NONE',  #51 ) ;
#1263 = DIRECTION ( 'NONE',  ( 0.9797958971132691985, -0.000000000000000000, 0.2000000000000101141 ) ) ;
#1264 = CARTESIAN_POINT ( 'NONE',  ( 0.000000000000000000, 0.000000000000000000, 0.000000000000000000 ) ) ;
#1265 = CC_DESIGN_SECURITY_CLASSIFICATION ( #954, ( #1153 ) ) ;
#1266 = ORIENTED_EDGE ( 'NONE', *, *, #1376, .T. ) ;
#1267 = VECTOR ( 'NONE', #359, 1000.000000000000000 ) ;
#1268 = ORIENTED_EDGE ( 'NONE', *, *, #1408, .T. ) ;
#1269 = EDGE_CURVE ( 'NONE', #858, #998, #232, .T. ) ;
#1270 = LINE ( 'NONE', #841, #1025 ) ;
#1271 = EDGE_LOOP ( 'NONE', ( #204, #317, #1026, #341 ) ) ;
#1272 = DIRECTION ( 'NONE',  ( 0.000000000000000000, 0.000000000000000000, -1.000000000000000000 ) ) ;
#1273 = CARTESIAN_POINT ( 'NONE',  ( 1.054383295556847487E-12, 8.000000000000000000, -100.0000000000000142 ) ) ;
#1274 = MECHANICAL_CONTEXT ( 'NONE', #1674, 'mechanical' ) ;
#1275 = ORIENTED_EDGE ( 'NONE', *, *, #230, .T. ) ;
#1276 = ORIENTED_EDGE ( 'NONE', *, *, #1651, .T. ) ;
#1277 = CYLINDRICAL_SURFACE ( 'NONE', #1029, 1.799999999999998712 ) ;
#1278 = EDGE_CURVE ( 'NONE', #1653, #678, #1038, .T. ) ;
#1279 = LINE ( 'NONE', #212, #418 ) ;
#1280 = DIRECTION ( 'NONE',  ( -0.000000000000000000, -1.000000000000000000, -0.000000000000000000 ) ) ;
#1281 = CALENDAR_DATE ( 2026, 26, 2 ) ;
#1282 = LINE ( 'NONE', #1112, #899 ) ;
#1283 = CARTESIAN_POINT ( 'NONE',  ( -29.39387691339805642, 0.000000000000000000, -6.000000000000293987 ) ) ;
#1284 = ORIENTED_EDGE ( 'NONE', *, *, #1724, .F. ) ;
#1285 = DIRECTION ( 'NONE',  ( 0.000000000000000000, 0.000000000000000000, -1.000000000000000000 ) ) ;
#1286 = CIRCLE ( 'NONE', #528, 1.799999999999997824 ) ;
#1287 = ORIENTED_EDGE ( 'NONE', *, *, #479, .T. ) ;
#1288 = FACE_OUTER_BOUND ( 'NONE', #676, .T. ) ;
#1289 = EDGE_CURVE ( 'NONE', #259, #824, #1066, .T. ) ;
#1290 = APPROVAL ( #1396, 'UNSPECIFIED' ) ;
#1291 = DIRECTION ( 'NONE',  ( 0.9797958971132713080, 0.000000000000000000, 0.1999999999999996780 ) ) ;
#1292 = ADVANCED_FACE ( 'NONE', ( #419, #953, #651, #570, #391, #273, #258, #538, #136, #1203, #1603 ), #1509, .T. ) ;
#1293 = PERSON_AND_ORGANIZATION ( #907, #1658 ) ;
#1294 = LINE ( 'NONE', #1165, #495 ) ;
#1295 = ORIENTED_EDGE ( 'NONE', *, *, #885, .T. ) ;
#1296 = DIRECTION ( 'NONE',  ( -0.2000000000000032307, 0.000000000000000000, 0.9797958971132706418 ) ) ;
#1297 = ORIENTED_EDGE ( 'NONE', *, *, #794, .T. ) ;
#1298 = CARTESIAN_POINT ( 'NONE',  ( 11.25833024919769620, 1.560000000000001386, 6.499999999999997335 ) ) ;
#1299 = DIRECTION ( 'NONE',  ( 0.000000000000000000, 1.000000000000000000, 0.000000000000000000 ) ) ;
#1300 = ADVANCED_FACE ( 'NONE', ( #1044 ), #1435, .F. ) ;
#1301 = CARTESIAN_POINT ( 'NONE',  ( -5.999999999999986677, 8.000000000000000000, -29.39387691339811681 ) ) ;
#1302 = ORIENTED_EDGE ( 'NONE', *, *, #772, .T. ) ;
#1303 = DIRECTION ( 'NONE',  ( 0.000000000000000000, 0.000000000000000000, -1.000000000000000000 ) ) ;
#1304 = ORIENTED_EDGE ( 'NONE', *, *, #650, .F. ) ;
#1305 = CARTESIAN_POINT ( 'NONE',  ( 2.204364238465234590E-16, 8.000000000000000000, -11.20000000000000107 ) ) ;
#1306 = CARTESIAN_POINT ( 'NONE',  ( 102.0000000000000142, 0.000000000000000000, 9.797958971132722183 ) ) ;
#1307 = LINE ( 'NONE', #1719, #163 ) ;
#1308 = ADVANCED_FACE ( 'NONE', ( #791 ), #253, .F. ) ;
#1309 = EDGE_CURVE ( 'NONE', #617, #1734, #1282, .T. ) ;
#1310 = ADVANCED_BREP_SHAPE_REPRESENTATION ( 'BasePlate', ( #1580, #674 ), #1234 ) ;
#1311 = ORIENTED_EDGE ( 'NONE', *, *, #110, .F. ) ;
#1312 = DIRECTION ( 'NONE',  ( 0.000000000000000000, 0.000000000000000000, -1.000000000000000000 ) ) ;
#1313 = CIRCLE ( 'NONE', #441, 1.799999999999999600 ) ;
#1314 = DIRECTION ( 'NONE',  ( 0.000000000000000000, 0.000000000000000000, -1.000000000000000000 ) ) ;
#1315 = EDGE_LOOP ( 'NONE', ( #957, #504, #571, #385 ) ) ;
#1316 = CARTESIAN_POINT ( 'NONE',  ( -3.999999999999993339, 8.000000000000000000, 19.59591794226540884 ) ) ;
#1317 = AXIS2_PLACEMENT_3D ( 'NONE', #1381, #1389, #56 ) ;
#1318 = CARTESIAN_POINT ( 'NONE',  ( -25.42812707978034936, 8.000000000000000000, -25.42812707978061582 ) ) ;
#1319 = VECTOR ( 'NONE', #191, 1000.000000000000000 ) ;
#1320 = ORIENTED_EDGE ( 'NONE', *, *, #91, .F. ) ;
#1321 = LINE ( 'NONE', #647, #526 ) ;
#1322 = EDGE_LOOP ( 'NONE', ( #1495, #61, #36, #449 ) ) ;
#1323 = DIRECTION ( 'NONE',  ( 0.000000000000000000, 0.000000000000000000, -1.000000000000000000 ) ) ;
#1324 = LINE ( 'NONE', #1223, #112 ) ;
#1325 = ORIENTED_EDGE ( 'NONE', *, *, #380, .F. ) ;
#1326 = DIRECTION ( 'NONE',  ( -0.000000000000000000, -1.000000000000000000, -0.000000000000000000 ) ) ;
#1327 = CARTESIAN_POINT ( 'NONE',  ( 7.632783294297972909E-16, 0.000000000000000000, 12.99999999999999467 ) ) ;
#1328 = ORIENTED_EDGE ( 'NONE', *, *, #930, .F. ) ;
#1329 = CARTESIAN_POINT ( 'NONE',  ( 1.054383295556847487E-12, 8.000000000000000000, -100.0000000000000142 ) ) ;
#1330 = LINE ( 'NONE', #924, #330 ) ;
#1331 = EDGE_CURVE ( 'NONE', #887, #965, #1126, .T. ) ;
#1332 = EDGE_CURVE ( 'NONE', #102, #1008, #708, .T. ) ;
#1333 = CARTESIAN_POINT ( 'NONE',  ( -11.25833024919769976, 0.000000000000000000, 6.499999999999998224 ) ) ;
#1334 = ORIENTED_EDGE ( 'NONE', *, *, #683, .F. ) ;
#1335 = DIRECTION ( 'NONE',  ( 0.1999999999999962919, 0.000000000000000000, 0.9797958971132719741 ) ) ;
#1336 = ORIENTED_EDGE ( 'NONE', *, *, #119, .F. ) ;
#1337 = CARTESIAN_POINT ( 'NONE',  ( 3.999999999999989786, 8.000000000000000000, 19.59591794226540529 ) ) ;
#1338 = PLANE ( 'NONE',  #914 ) ;
#1339 = CIRCLE ( 'NONE', #1222, 1.799999999999997824 ) ;
#1340 = DIRECTION ( 'NONE',  ( 0.000000000000000000, 1.000000000000000000, 0.000000000000000000 ) ) ;
#1341 = VECTOR ( 'NONE', #1426, 999.9999999999998863 ) ;
#1342 = CIRCLE ( 'NONE', #195, 10.00000000000001066 ) ;
#1343 = CIRCLE ( 'NONE', #168, 1.799999999999999600 ) ;
#1344 = AXIS2_PLACEMENT_3D ( 'NONE', #888, #749, #243 ) ;
#1345 = EDGE_LOOP ( 'NONE', ( #367, #1136 ) ) ;
#1346 = DIRECTION ( 'NONE',  ( 0.000000000000000000, -0.7071067811865474617, -0.7071067811865474617 ) ) ;
#1347 = ORIENTED_EDGE ( 'NONE', *, *, #1242, .F. ) ;
#1348 = FACE_OUTER_BOUND ( 'NONE', #38, .T. ) ;
#1349 = DIRECTION ( 'NONE',  ( -0.1999999999999894085, 0.000000000000000000, -0.9797958971132733064 ) ) ;
#1350 = DIRECTION ( 'NONE',  ( -0.000000000000000000, -1.000000000000000000, -0.000000000000000000 ) ) ;
#1351 = CARTESIAN_POINT ( 'NONE',  ( -19.59591794226541950, 0.000000000000000000, 3.999999999999920952 ) ) ;
#1352 = ADVANCED_FACE ( 'NONE', ( #735 ), #1547, .T. ) ;
#1353 = VERTEX_POINT ( 'NONE', #1520 ) ;
#1354 = LINE ( 'NONE', #1217, #611 ) ;
#1355 = ORIENTED_EDGE ( 'NONE', *, *, #408, .F. ) ;
#1356 = DIRECTION ( 'NONE',  ( -0.9797958971132713080, 0.000000000000000000, 0.1999999999999997058 ) ) ;
#1357 = DIRECTION ( 'NONE',  ( -0.000000000000000000, -1.000000000000000000, -0.000000000000000000 ) ) ;
#1358 = DIRECTION ( 'NONE',  ( -0.1999999999999996780, 0.000000000000000000, -0.9797958971132713080 ) ) ;
#1359 = VERTEX_POINT ( 'NONE', #73 ) ;
#1360 = EDGE_CURVE ( 'NONE', #338, #1425, #1343, .T. ) ;
#1361 = CYLINDRICAL_SURFACE ( 'NONE', #1484, 1.799999999999997824 ) ;
#1362 = EDGE_CURVE ( 'NONE', #339, #1359, #1428, .T. ) ;
#1363 = ORIENTED_EDGE ( 'NONE', *, *, #353, .T. ) ;
#1364 = CARTESIAN_POINT ( 'NONE',  ( 19.59591794226544792, 8.000000000000000000, -3.999999999999784173 ) ) ;
#1365 = CARTESIAN_POINT ( 'NONE',  ( 0.000000000000000000, 0.000000000000000000, -13.00000000000000000 ) ) ;
#1366 = VECTOR ( 'NONE', #629, 1000.000000000000000 ) ;
#1367 = CARTESIAN_POINT ( 'NONE',  ( 7.632783294297972909E-16, 1.560000000000001386, 11.19999999999999396 ) ) ;
#1368 = AXIS2_PLACEMENT_3D ( 'NONE', #1568, #1018, #1312 ) ;
#1369 = APPLICATION_CONTEXT ( 'configuration controlled 3d designs of mechanical parts and assemblies' ) ;
#1370 = VECTOR ( 'NONE', #1526, 1000.000000000000000 ) ;
#1371 = EDGE_LOOP ( 'NONE', ( #616, #1478 ) ) ;
#1372 = CONICAL_SURFACE ( 'NONE', #447, 3.360000000000000320, 0.7853981633974482790 ) ;
#1373 = CARTESIAN_POINT ( 'NONE',  ( -25.42812707978064068, 8.000000000000000000, 25.42812707978055897 ) ) ;
#1374 = EDGE_LOOP ( 'NONE', ( #274, #646, #382, #398 ) ) ;
#1375 = FACE_OUTER_BOUND ( 'NONE', #1592, .T. ) ;
#1376 = EDGE_CURVE ( 'NONE', #1579, #1634, #1670, .T. ) ;
#1377 = DIRECTION ( 'NONE',  ( -0.9797958971132734174, 0.000000000000000000, 0.1999999999999894085 ) ) ;
#1378 = DIRECTION ( 'NONE',  ( -0.1999999999999962919, 0.000000000000000000, -0.9797958971132719741 ) ) ;
#1379 = CARTESIAN_POINT ( 'NONE',  ( 37.94112549695428527, 8.000000000000000000, 12.66771471198990540 ) ) ;
#1380 = ORIENTED_EDGE ( 'NONE', *, *, #955, .T. ) ;
#1381 = CARTESIAN_POINT ( 'NONE',  ( 0.000000000000000000, 1.560000000000001386, -13.00000000000000000 ) ) ;
#1382 = EDGE_LOOP ( 'NONE', ( #352, #410, #582, #1127 ) ) ;
#1383 = CARTESIAN_POINT ( 'NONE',  ( -37.94112549695428527, 8.000000000000000000, -12.66771471198990540 ) ) ;
#1384 = DIRECTION ( 'NONE',  ( -0.000000000000000000, -1.000000000000000000, -0.000000000000000000 ) ) ;
#1385 = ADVANCED_FACE ( 'NONE', ( #844 ), #665, .F. ) ;
#1386 = DIRECTION ( 'NONE',  ( 1.000000000000000000, 0.000000000000000000, 1.249000902703299846E-14 ) ) ;
#1387 = DATE_AND_TIME ( #1006, #30 ) ;
#1388 = ORIENTED_EDGE ( 'NONE', *, *, #67, .F. ) ;
#1389 = DIRECTION ( 'NONE',  ( -0.000000000000000000, -1.000000000000000000, -0.000000000000000000 ) ) ;
#1390 = ORIENTED_EDGE ( 'NONE', *, *, #322, .T. ) ;
#1391 = FACE_BOUND ( 'NONE', #19, .T. ) ;
#1392 = ORIENTED_EDGE ( 'NONE', *, *, #221, .F. ) ;
#1393 = DIRECTION ( 'NONE',  ( 0.9797958971132713080, 0.000000000000000000, 0.1999999999999996780 ) ) ;
#1394 = CARTESIAN_POINT ( 'NONE',  ( 0.000000000000000000, 8.000000000000000000, 0.000000000000000000 ) ) ;
#1395 = VECTOR ( 'NONE', #712, 1000.000000000000000 ) ;
#1396 = APPROVAL_STATUS ( 'not_yet_approved' ) ;
#1397 = EDGE_CURVE ( 'NONE', #1502, #922, #1657, .T. ) ;
#1398 = EDGE_LOOP ( 'NONE', ( #1530, #818 ) ) ;
#1399 = AXIS2_PLACEMENT_3D ( 'NONE', #1210, #411, #799 ) ;
#1400 = VECTOR ( 'NONE', #849, 1000.000000000000114 ) ;
#1401 = VERTEX_POINT ( 'NONE', #1644 ) ;
#1402 = CIRCLE ( 'NONE', #1089, 10.00000000000001066 ) ;
#1403 = DIRECTION ( 'NONE',  ( 0.000000000000000000, 0.000000000000000000, 1.000000000000000000 ) ) ;
#1404 = VERTEX_POINT ( 'NONE', #166 ) ;
#1405 = FACE_OUTER_BOUND ( 'NONE', #1176, .T. ) ;
#1406 = DIRECTION ( 'NONE',  ( 0.000000000000000000, 0.000000000000000000, -1.000000000000000000 ) ) ;
#1407 = ORIENTED_EDGE ( 'NONE', *, *, #1069, .F. ) ;
#1408 = EDGE_CURVE ( 'NONE', #981, #1359, #714, .T. ) ;
#1409 = ORIENTED_EDGE ( 'NONE', *, *, #782, .F. ) ;
#1410 = FACE_BOUND ( 'NONE', #709, .T. ) ;
#1411 = VERTEX_POINT ( 'NONE', #342 ) ;
#1412 = DIRECTION ( 'NONE',  ( -0.1999999999999893807, 0.000000000000000000, -0.9797958971132733064 ) ) ;
#1413 = DIRECTION ( 'NONE',  ( 0.000000000000000000, 0.000000000000000000, -1.000000000000000000 ) ) ;
#1414 = APPLICATION_PROTOCOL_DEFINITION ( 'international standard', 'config_control_design', 1994, #1674 ) ;
#1415 = EDGE_LOOP ( 'NONE', ( #54, #1627, #653, #162 ) ) ;
#1416 = ORIENTED_EDGE ( 'NONE', *, *, #1016, .F. ) ;
#1417 = ADVANCED_FACE ( 'NONE', ( #1109 ), #31, .T. ) ;
#1418 = DIRECTION ( 'NONE',  ( -0.000000000000000000, -1.000000000000000000, -0.000000000000000000 ) ) ;
#1419 = ADVANCED_FACE ( 'NONE', ( #1240 ), #977, .F. ) ;
#1420 = ORIENTED_EDGE ( 'NONE', *, *, #705, .F. ) ;
#1421 = EDGE_CURVE ( 'NONE', #102, #199, #567, .T. ) ;
#1422 = DIRECTION ( 'NONE',  ( -0.000000000000000000, -1.000000000000000000, -0.000000000000000000 ) ) ;
#1423 = CARTESIAN_POINT ( 'NONE',  ( 11.25833024919769620, 0.000000000000000000, 9.859999999999997655 ) ) ;
#1424 = LINE ( 'NONE', #373, #551 ) ;
#1425 = VERTEX_POINT ( 'NONE', #1132 ) ;
#1426 = DIRECTION ( 'NONE',  ( 8.659560562354931626E-17, -0.7071067811865477948, 0.7071067811865473507 ) ) ;
#1427 = AXIS2_PLACEMENT_3D ( 'NONE', #1058, #673, #1597 ) ;
#1428 = CIRCLE ( 'NONE', #864, 10.00000000000001066 ) ;
#1429 = ORIENTED_EDGE ( 'NONE', *, *, #69, .T. ) ;
#1430 = LINE ( 'NONE', #358, #753 ) ;
#1431 = ADVANCED_FACE ( 'NONE', ( #1405 ), #183, .F. ) ;
#1432 = CARTESIAN_POINT ( 'NONE',  ( -19.59591794226536621, 8.000000000000000000, -4.000000000000198952 ) ) ;
#1433 = LINE ( 'NONE', #1283, #857 ) ;
#1434 = VERTEX_POINT ( 'NONE', #1100 ) ;
#1435 = CONICAL_SURFACE ( 'NONE', #509, 3.360000000000000320, 0.7853981633974480570 ) ;
#1436 = LINE ( 'NONE', #1578, #361 ) ;
#1437 = ORIENTED_EDGE ( 'NONE', *, *, #790, .T. ) ;
#1438 = DIRECTION ( 'NONE',  ( -0.000000000000000000, -1.000000000000000000, -0.000000000000000000 ) ) ;
#1439 = CARTESIAN_POINT ( 'NONE',  ( 0.000000000000000000, 0.000000000000000000, 0.000000000000000000 ) ) ;
#1440 = EDGE_CURVE ( 'NONE', #1068, #936, #808, .T. ) ;
#1441 = ADVANCED_FACE ( 'NONE', ( #1138 ), #1262, .T. ) ;
#1442 = CARTESIAN_POINT ( 'NONE',  ( 11.25833024919769798, 0.000000000000000000, -6.500000000000002665 ) ) ;
#1443 = ORIENTED_EDGE ( 'NONE', *, *, #866, .F. ) ;
#1444 = CARTESIAN_POINT ( 'NONE',  ( 7.632783294297972909E-16, 0.000000000000000000, 12.99999999999999467 ) ) ;
#1445 = EDGE_LOOP ( 'NONE', ( #1600, #28 ) ) ;
#1446 = FACE_OUTER_BOUND ( 'NONE', #634, .T. ) ;
#1447 = LINE ( 'NONE', #1432, #1449 ) ;
#1448 = ORIENTED_EDGE ( 'NONE', *, *, #1731, .F. ) ;
#1449 = VECTOR ( 'NONE', #1691, 1000.000000000000114 ) ;
#1450 = ORIENTED_EDGE ( 'NONE', *, *, #1514, .F. ) ;
#1451 = FACE_OUTER_BOUND ( 'NONE', #826, .T. ) ;
#1452 = CLOSED_SHELL ( 'NONE', ( #1573, #1570, #1049, #1588, #578, #481, #506, #763, #1516, #969, #1300, #9, #1558, #357, #1431, #939, #1665, #296, #323, #523, #1292, #345, #1694, #560, #1060, #1352, #369, #129, #397, #816, #122, #1219, #1622, #1231, #1525, #546, #1441, #1417, #1232, #1027, #32, #1637, #1419, #1103, #1308, #300, #490, #198, #452, #600, #1128, #1385 ) ) ;
#1453 = VECTOR ( 'NONE', #1326, 1000.000000000000000 ) ;
#1454 = EDGE_LOOP ( 'NONE', ( #1266, #1087, #989, #1036, #211, #1540, #488, #623, #927, #919, #719, #459, #1392 ) ) ;
#1455 = CARTESIAN_POINT ( 'NONE',  ( 0.000000000000000000, 8.000000000000000000, 0.000000000000000000 ) ) ;
#1456 = CIRCLE ( 'NONE', #1427, 1.799999999999999600 ) ;
#1457 = AXIS2_PLACEMENT_3D ( 'NONE', #1518, #321, #1393 ) ;
#1458 = DIRECTION ( 'NONE',  ( 0.000000000000000000, 1.000000000000000000, 0.000000000000000000 ) ) ;
#1459 = AXIS2_PLACEMENT_3D ( 'NONE', #370, #890, #90 ) ;
#1460 = ORIENTED_EDGE ( 'NONE', *, *, #921, .F. ) ;
#1461 = EDGE_CURVE ( 'NONE', #736, #1170, #48, .T. ) ;
#1462 = CARTESIAN_POINT ( 'NONE',  ( -11.25833024919769620, 0.000000000000000000, -6.500000000000004441 ) ) ;
#1463 = VERTEX_POINT ( 'NONE', #1675 ) ;
#1464 = DIRECTION ( 'NONE',  ( 0.000000000000000000, 0.000000000000000000, -1.000000000000000000 ) ) ;
#1465 = CARTESIAN_POINT ( 'NONE',  ( 11.25833024919769620, 0.000000000000000000, 6.499999999999997335 ) ) ;
#1466 = CARTESIAN_POINT ( 'NONE',  ( 0.000000000000000000, 0.000000000000000000, 0.000000000000000000 ) ) ;
#1467 = DIRECTION ( 'NONE',  ( -0.000000000000000000, -1.000000000000000000, -0.000000000000000000 ) ) ;
#1468 = ORIENTED_EDGE ( 'NONE', *, *, #1376, .F. ) ;
#1469 = PLANE ( 'NONE',  #1086 ) ;
#1470 = EDGE_CURVE ( 'NONE', #1256, #362, #1032, .T. ) ;
#1471 = ORIENTED_EDGE ( 'NONE', *, *, #1309, .T. ) ;
#1472 = DIRECTION ( 'NONE',  ( 0.000000000000000000, 0.000000000000000000, -1.000000000000000000 ) ) ;
#1473 = CYLINDRICAL_SURFACE ( 'NONE', #192, 10.00000000000000888 ) ;
#1474 = DESIGN_CONTEXT ( 'detailed design', #1369, 'design' ) ;
#1475 = LINE ( 'NONE', #1351, #555 ) ;
#1476 = EDGE_LOOP ( 'NONE', ( #639, #798, #12, #589 ) ) ;
#1477 = DIRECTION ( 'NONE',  ( 0.000000000000000000, 0.000000000000000000, -1.000000000000000000 ) ) ;
#1478 = ORIENTED_EDGE ( 'NONE', *, *, #1015, .F. ) ;
#1479 = DIRECTION ( 'NONE',  ( -0.000000000000000000, -1.000000000000000000, -0.000000000000000000 ) ) ;
#1480 = CARTESIAN_POINT ( 'NONE',  ( -12.66771471199003685, 0.000000000000000000, 37.94112549695424264 ) ) ;
#1481 = AXIS2_PLACEMENT_3D ( 'NONE', #671, #822, #14 ) ;
#1482 = VECTOR ( 'NONE', #1346, 1000.000000000000114 ) ;
#1483 = EDGE_CURVE ( 'NONE', #432, #617, #514, .T. ) ;
#1484 = AXIS2_PLACEMENT_3D ( 'NONE', #1114, #161, #1097 ) ;
#1485 = LINE ( 'NONE', #1626, #167 ) ;
#1486 = VECTOR ( 'NONE', #1156, 1000.000000000000000 ) ;
#1487 = ORIENTED_EDGE ( 'NONE', *, *, #1181, .F. ) ;
#1488 = CARTESIAN_POINT ( 'NONE',  ( -11.25833024919769620, 0.000000000000000000, -4.700000000000005507 ) ) ;
#1489 = ORIENTED_EDGE ( 'NONE', *, *, #729, .T. ) ;
#1490 = DIRECTION ( 'NONE',  ( -0.000000000000000000, -1.000000000000000000, -0.000000000000000000 ) ) ;
#1491 = AXIS2_PLACEMENT_3D ( 'NONE', #1695, #1243, #1013 ) ;
#1492 = CARTESIAN_POINT ( 'NONE',  ( 9.797958971132370465, 8.000000000000000000, 102.0000000000000284 ) ) ;
#1493 = EDGE_CURVE ( 'NONE', #1728, #848, #769, .T. ) ;
#1494 = EDGE_CURVE ( 'NONE', #1634, #423, #1430, .T. ) ;
#1495 = ORIENTED_EDGE ( 'NONE', *, *, #57, .F. ) ;
#1496 = CARTESIAN_POINT ( 'NONE',  ( -11.25833024919769976, 8.000000000000000000, 4.700000000000000178 ) ) ;
#1497 = ORIENTED_EDGE ( 'NONE', *, *, #196, .T. ) ;
#1498 = LINE ( 'NONE', #1364, #583 ) ;
#1499 = CYLINDRICAL_SURFACE ( 'NONE', #664, 1.799999999999998712 ) ;
#1500 = ORIENTED_EDGE ( 'NONE', *, *, #962, .F. ) ;
#1501 = DIRECTION ( 'NONE',  ( 0.000000000000000000, -0.7071067811865477948, -0.7071067811865473507 ) ) ;
#1502 = VERTEX_POINT ( 'NONE', #1305 ) ;
#1503 = DIRECTION ( 'NONE',  ( 8.659560562354932858E-17, -0.7071067811865474617, 0.7071067811865474617 ) ) ;
#1504 = VECTOR ( 'NONE', #1582, 1000.000000000000000 ) ;
#1505 = CONICAL_SURFACE ( 'NONE', #637, 3.360000000000000320, 0.7853981633974480570 ) ;
#1506 = CARTESIAN_POINT ( 'NONE',  ( -11.25833024919769620, 1.560000000000001386, -6.500000000000004441 ) ) ;
#1507 = AXIS2_PLACEMENT_3D ( 'NONE', #883, #241, #654 ) ;
#1508 = VECTOR ( 'NONE', #463, 1000.000000000000227 ) ;
#1509 = PLANE ( 'NONE',  #1207 ) ;
#1510 = ORIENTED_EDGE ( 'NONE', *, *, #1397, .F. ) ;
#1511 = CARTESIAN_POINT ( 'NONE',  ( -100.0000000000000142, 8.000000000000000000, -6.938893903907228378E-15 ) ) ;
#1512 = CIRCLE ( 'NONE', #278, 3.360000000000000320 ) ;
#1513 = EDGE_LOOP ( 'NONE', ( #1131, #1448, #800, #1276 ) ) ;
#1514 = EDGE_CURVE ( 'NONE', #297, #736, #252, .T. ) ;
#1515 = FACE_OUTER_BOUND ( 'NONE', #126, .T. ) ;
#1516 = ADVANCED_FACE ( 'NONE', ( #1163 ), #1146, .F. ) ;
#1517 = VERTEX_POINT ( 'NONE', #97 ) ;
#1518 = CARTESIAN_POINT ( 'NONE',  ( 5.999999999999986677, 8.000000000000000000, -29.39387691339812037 ) ) ;
#1519 = DIRECTION ( 'NONE',  ( 0.2000000000000030920, 0.000000000000000000, -0.9797958971132706418 ) ) ;
#1520 = CARTESIAN_POINT ( 'NONE',  ( -12.66771471198950394, 8.000000000000000000, -37.94112549695442027 ) ) ;
#1521 = VERTEX_POINT ( 'NONE', #1581 ) ;
#1522 = CARTESIAN_POINT ( 'NONE',  ( -102.0000000000000142, 8.000000000000000000, -9.797958971132722183 ) ) ;
#1523 = ORIENTED_EDGE ( 'NONE', *, *, #803, .T. ) ;
#1524 = CARTESIAN_POINT ( 'NONE',  ( 1.174759653943308043E-15, 0.000000000000000000, 16.35999999999999233 ) ) ;
#1525 = ADVANCED_FACE ( 'NONE', ( #1707 ), #493, .T. ) ;
#1526 = DIRECTION ( 'NONE',  ( 0.9797958971132713080, 0.000000000000000000, -0.1999999999999997058 ) ) ;
#1527 = DIRECTION ( 'NONE',  ( 8.659560562354931626E-17, -0.7071067811865477948, 0.7071067811865473507 ) ) ;
#1528 = ORIENTED_EDGE ( 'NONE', *, *, #185, .F. ) ;
#1529 = DIRECTION ( 'NONE',  ( -0.000000000000000000, -1.000000000000000000, -0.000000000000000000 ) ) ;
#1530 = ORIENTED_EDGE ( 'NONE', *, *, #1255, .T. ) ;
#1531 = LINE ( 'NONE', #722, #1565 ) ;
#1532 = CIRCLE ( 'NONE', #295, 40.00000000000000000 ) ;
#1533 = DIRECTION ( 'NONE',  ( -0.000000000000000000, -1.000000000000000000, -0.000000000000000000 ) ) ;
#1534 = EDGE_CURVE ( 'NONE', #530, #180, #1279, .T. ) ;
#1535 = AXIS2_PLACEMENT_3D ( 'NONE', #1081, #1206, #558 ) ;
#1536 = COORDINATED_UNIVERSAL_TIME_OFFSET ( 8, 0, .AHEAD. ) ;
#1537 = DIRECTION ( 'NONE',  ( 0.9797958971132720851, 0.000000000000000000, -0.1999999999999963196 ) ) ;
#1538 = VERTEX_POINT ( 'NONE', #77 ) ;
#1539 = AXIS2_PLACEMENT_3D ( 'NONE', #1139, #1533, #1235 ) ;
#1540 = ORIENTED_EDGE ( 'NONE', *, *, #67, .T. ) ;
#1541 = CARTESIAN_POINT ( 'NONE',  ( 0.000000000000000000, 8.000000000000000000, 0.000000000000000000 ) ) ;
#1542 = AXIS2_PLACEMENT_3D ( 'NONE', #1180, #1553, #879 ) ;
#1543 = DIRECTION ( 'NONE',  ( 0.000000000000000000, 0.000000000000000000, -1.000000000000000000 ) ) ;
#1544 = LINE ( 'NONE', #244, #1504 ) ;
#1545 = EDGE_CURVE ( 'NONE', #530, #75, #1742, .T. ) ;
#1546 = SECURITY_CLASSIFICATION_LEVEL ( 'unclassified' ) ;
#1547 = PLANE ( 'NONE',  #60 ) ;
#1548 = EDGE_CURVE ( 'NONE', #875, #1699, #1402, .T. ) ;
#1549 = CARTESIAN_POINT ( 'NONE',  ( 9.797958971133789774, 8.000000000000000000, -101.9999999999999147 ) ) ;
#1550 = EDGE_CURVE ( 'NONE', #1425, #929, #1700, .T. ) ;
#1551 = EDGE_LOOP ( 'NONE', ( #973, #202, #1380, #669 ) ) ;
#1552 = CARTESIAN_POINT ( 'NONE',  ( 0.000000000000000000, 8.000000000000000000, -13.00000000000000000 ) ) ;
#1553 = DIRECTION ( 'NONE',  ( 0.000000000000000000, 1.000000000000000000, 0.000000000000000000 ) ) ;
#1554 = DIRECTION ( 'NONE',  ( 0.000000000000000000, -0.7071067811865477948, -0.7071067811865473507 ) ) ;
#1555 = CALENDAR_DATE ( 2026, 26, 2 ) ;
#1556 = LINE ( 'NONE', #1301, #1366 ) ;
#1557 = ORIENTED_EDGE ( 'NONE', *, *, #974, .T. ) ;
#1558 = ADVANCED_FACE ( 'NONE', ( #1446 ), #1572, .T. ) ;
#1559 = CARTESIAN_POINT ( 'NONE',  ( 37.94112549695429237, 8.000000000000000000, -12.66771471198990184 ) ) ;
#1560 = EDGE_LOOP ( 'NONE', ( #374, #1287 ) ) ;
#1561 = CARTESIAN_POINT ( 'NONE',  ( -11.25833024919769976, 0.000000000000000000, 8.299999999999997158 ) ) ;
#1562 = LINE ( 'NONE', #906, #1733 ) ;
#1563 = VECTOR ( 'NONE', #1291, 1000.000000000000000 ) ;
#1564 = DIRECTION ( 'NONE',  ( -0.000000000000000000, -1.000000000000000000, -0.000000000000000000 ) ) ;
#1565 = VECTOR ( 'NONE', #1118, 1000.000000000000114 ) ;
#1566 = EDGE_LOOP ( 'NONE', ( #249, #282, #1042, #759 ) ) ;
#1567 = VECTOR ( 'NONE', #896, 1000.000000000000000 ) ;
#1568 = CARTESIAN_POINT ( 'NONE',  ( 7.632783294297972909E-16, 1.560000000000001386, 12.99999999999999467 ) ) ;
#1569 = AXIS2_PLACEMENT_3D ( 'NONE', #1506, #435, #63 ) ;
#1570 = ADVANCED_FACE ( 'NONE', ( #505 ), #368, .F. ) ;
#1571 = ORIENTED_EDGE ( 'NONE', *, *, #750, .T. ) ;
#1572 = CYLINDRICAL_SURFACE ( 'NONE', #1227, 10.00000000000000888 ) ;
#1573 = ADVANCED_FACE ( 'NONE', ( #1288 ), #1372, .F. ) ;
#1574 = CARTESIAN_POINT ( 'NONE',  ( 3.999999999999993339, 0.000000000000000000, -19.59591794226540884 ) ) ;
#1575 = ORIENTED_EDGE ( 'NONE', *, *, #174, .T. ) ;
#1576 = APPROVAL_PERSON_ORGANIZATION ( #867, #11, #480 ) ;
#1577 = VERTEX_POINT ( 'NONE', #1046 ) ;
#1578 = CARTESIAN_POINT ( 'NONE',  ( 37.94112549695429237, 8.000000000000000000, -12.66771471198990184 ) ) ;
#1579 = VERTEX_POINT ( 'NONE', #1020 ) ;
#1580 = MANIFOLD_SOLID_BREP ( 'CSK for M3 Hex Socket Countersunk Cap Screw1', #1452 ) ;
#1581 = CARTESIAN_POINT ( 'NONE',  ( -9.797958971131656369, 8.000000000000000000, -102.0000000000000995 ) ) ;
#1582 = DIRECTION ( 'NONE',  ( 0.2000000000000030920, 0.000000000000000000, -0.9797958971132706418 ) ) ;
#1583 = ORIENTED_EDGE ( 'NONE', *, *, #144, .T. ) ;
#1584 = ORIENTED_EDGE ( 'NONE', *, *, #1620, .T. ) ;
#1585 = DIRECTION ( 'NONE',  ( 0.000000000000000000, 1.000000000000000000, 0.000000000000000000 ) ) ;
#1586 = ORIENTED_EDGE ( 'NONE', *, *, #379, .F. ) ;
#1587 = DIRECTION ( 'NONE',  ( -0.000000000000000000, -1.000000000000000000, -0.000000000000000000 ) ) ;
#1588 = ADVANCED_FACE ( 'NONE', ( #377 ), #760, .F. ) ;
#1589 = ORIENTED_EDGE ( 'NONE', *, *, #1534, .F. ) ;
#1590 = CARTESIAN_POINT ( 'NONE',  ( 11.25833024919769620, 0.000000000000000000, 6.499999999999997335 ) ) ;
#1591 = CIRCLE ( 'NONE', #134, 3.360000000000000320 ) ;
#1592 = EDGE_LOOP ( 'NONE', ( #120, #1151, #1689, #536 ) ) ;
#1593 = CARTESIAN_POINT ( 'NONE',  ( 4.114813245135107032E-16, 0.000000000000000000, -9.639999999999998792 ) ) ;
#1594 = LINE ( 'NONE', #802, #829 ) ;
#1595 = AXIS2_PLACEMENT_3D ( 'NONE', #1659, #1110, #734 ) ;
#1596 = VECTOR ( 'NONE', #1003, 1000.000000000000000 ) ;
#1597 = DIRECTION ( 'NONE',  ( 0.000000000000000000, 0.000000000000000000, -1.000000000000000000 ) ) ;
#1598 = EDGE_CURVE ( 'NONE', #902, #912, #667, .T. ) ;
#1599 = CC_DESIGN_DATE_AND_TIME_ASSIGNMENT ( #1387, #214, ( #561 ) ) ;
#1600 = ORIENTED_EDGE ( 'NONE', *, *, #650, .T. ) ;
#1601 = FACE_OUTER_BOUND ( 'NONE', #632, .T. ) ;
#1602 = EDGE_CURVE ( 'NONE', #219, #94, #55, .T. ) ;
#1603 = FACE_BOUND ( 'NONE', #93, .T. ) ;
#1604 = ORIENTED_EDGE ( 'NONE', *, *, #1421, .T. ) ;
#1605 = DIRECTION ( 'NONE',  ( -0.9797958971132713080, 0.000000000000000000, 0.1999999999999997058 ) ) ;
#1606 = CARTESIAN_POINT ( 'NONE',  ( 5.999999999999986677, 8.000000000000000000, 29.39387691339811681 ) ) ;
#1607 = EDGE_LOOP ( 'NONE', ( #1155, #682, #1297, #319 ) ) ;
#1608 = CARTESIAN_POINT ( 'NONE',  ( -11.25833024919769976, 1.560000000000001386, 8.299999999999998934 ) ) ;
#1609 = ORIENTED_EDGE ( 'NONE', *, *, #1360, .T. ) ;
#1610 = EDGE_CURVE ( 'NONE', #640, #1201, #275, .T. ) ;
#1611 = CARTESIAN_POINT ( 'NONE',  ( 1.047444401652940057E-12, 0.000000000000000000, -100.0000000000000000 ) ) ;
#1612 = DIRECTION ( 'NONE',  ( 0.000000000000000000, 0.000000000000000000, -1.000000000000000000 ) ) ;
#1613 = DIRECTION ( 'NONE',  ( 0.000000000000000000, 0.000000000000000000, -1.000000000000000000 ) ) ;
#1614 = ORIENTED_EDGE ( 'NONE', *, *, #1545, .T. ) ;
#1615 = DIRECTION ( 'NONE',  ( -0.000000000000000000, -1.000000000000000000, -0.000000000000000000 ) ) ;
#1616 = EDGE_LOOP ( 'NONE', ( #376, #172, #1226, #626 ) ) ;
#1617 = AXIS2_PLACEMENT_3D ( 'NONE', #467, #860, #1403 ) ;
#1618 = DIRECTION ( 'NONE',  ( -0.000000000000000000, -1.000000000000000000, -0.000000000000000000 ) ) ;
#1619 = LINE ( 'NONE', #407, #1169 ) ;
#1620 = EDGE_CURVE ( 'NONE', #1641, #1170, #1686, .T. ) ;
#1621 = AXIS2_PLACEMENT_3D ( 'NONE', #688, #1221, #22 ) ;
#1622 = ADVANCED_FACE ( 'NONE', ( #913 ), #127, .T. ) ;
#1623 = DIRECTION ( 'NONE',  ( 0.000000000000000000, 0.000000000000000000, -1.000000000000000000 ) ) ;
#1624 = CIRCLE ( 'NONE', #915, 1.799999999999999600 ) ;
#1625 = VECTOR ( 'NONE', #700, 1000.000000000000000 ) ;
#1626 = CARTESIAN_POINT ( 'NONE',  ( -100.0000000000000142, 8.000000000000000000, -6.938893903907228378E-15 ) ) ;
#1627 = ORIENTED_EDGE ( 'NONE', *, *, #803, .F. ) ;
#1628 = CARTESIAN_POINT ( 'NONE',  ( 0.000000000000000000, 8.000000000000000000, -40.00000000000000000 ) ) ;
#1629 = ORIENTED_EDGE ( 'NONE', *, *, #1071, .F. ) ;
#1630 = DIRECTION ( 'NONE',  ( -0.000000000000000000, -1.000000000000000000, -0.000000000000000000 ) ) ;
#1631 = FACE_OUTER_BOUND ( 'NONE', #1551, .T. ) ;
#1632 = ORIENTED_EDGE ( 'NONE', *, *, #1654, .F. ) ;
#1633 = LINE ( 'NONE', #431, #1400 ) ;
#1634 = VERTEX_POINT ( 'NONE', #557 ) ;
#1635 = DIRECTION ( 'NONE',  ( 0.000000000000000000, 0.000000000000000000, -1.000000000000000000 ) ) ;
#1636 = CARTESIAN_POINT ( 'NONE',  ( -25.42812707978035291, 0.000000000000000000, -25.42812707978060871 ) ) ;
#1637 = ADVANCED_FACE ( 'NONE', ( #1348 ), #201, .F. ) ;
#1638 = CC_DESIGN_PERSON_AND_ORGANIZATION_ASSIGNMENT ( #197, #72, ( #954 ) ) ;
#1639 = ORIENTED_EDGE ( 'NONE', *, *, #622, .T. ) ;
#1640 = CARTESIAN_POINT ( 'NONE',  ( 0.000000000000000000, 8.000000000000000000, 0.000000000000000000 ) ) ;
#1641 = VERTEX_POINT ( 'NONE', #821 ) ;
#1642 = CARTESIAN_POINT ( 'NONE',  ( -11.25833024919769620, 8.000000000000000000, -8.300000000000002487 ) ) ;
#1643 = VERTEX_POINT ( 'NONE', #149 ) ;
#1644 = CARTESIAN_POINT ( 'NONE',  ( 25.42812707978078635, 0.000000000000000000, -25.42812707978053410 ) ) ;
#1645 = VECTOR ( 'NONE', #290, 1000.000000000000000 ) ;
#1646 = FACE_OUTER_BOUND ( 'NONE', #1322, .T. ) ;
#1647 = AXIS2_PLACEMENT_3D ( 'NONE', #147, #783, #544 ) ;
#1648 = CIRCLE ( 'NONE', #1595, 3.360000000000000320 ) ;
#1649 = AXIS2_PLACEMENT_3D ( 'NONE', #1365, #1233, #1543 ) ;
#1650 = ORIENTED_EDGE ( 'NONE', *, *, #268, .F. ) ;
#1651 = EDGE_CURVE ( 'NONE', #1353, #912, #399, .T. ) ;
#1652 = CARTESIAN_POINT ( 'NONE',  ( 19.59591794226539463, 0.000000000000000000, 4.000000000000061284 ) ) ;
#1653 = VERTEX_POINT ( 'NONE', #1205 ) ;
#1654 = EDGE_CURVE ( 'NONE', #327, #75, #801, .T. ) ;
#1655 = FACE_BOUND ( 'NONE', #1371, .T. ) ;
#1656 = AXIS2_PLACEMENT_3D ( 'NONE', #549, #1083, #1623 ) ;
#1657 = LINE ( 'NONE', #1667, #304 ) ;
#1658 = ORGANIZATION ( 'UNSPECIFIED', 'UNSPECIFIED', '' ) ;
#1659 = CARTESIAN_POINT ( 'NONE',  ( 11.25833024919769620, 0.000000000000000000, 6.499999999999997335 ) ) ;
#1660 = CARTESIAN_POINT ( 'NONE',  ( -100.0000000000000000, 0.000000000000000000, 0.000000000000000000 ) ) ;
#1661 = ORIENTED_EDGE ( 'NONE', *, *, #1, .F. ) ;
#1662 = DIRECTION ( 'NONE',  ( 0.2000000000000032585, 0.000000000000000000, -0.9797958971132706418 ) ) ;
#1663 = ORIENTED_EDGE ( 'NONE', *, *, #1309, .F. ) ;
#1664 = CARTESIAN_POINT ( 'NONE',  ( 11.25833024919769798, 1.560000000000001386, -8.300000000000002487 ) ) ;
#1665 = ADVANCED_FACE ( 'NONE', ( #255 ), #283, .T. ) ;
#1666 = ORIENTED_EDGE ( 'NONE', *, *, #790, .F. ) ;
#1667 = CARTESIAN_POINT ( 'NONE',  ( 2.204364238465234097E-16, 0.000000000000000000, -11.20000000000000107 ) ) ;
#1668 = CARTESIAN_POINT ( 'NONE',  ( -29.39387691339813813, 8.000000000000000000, 5.999999999999883649 ) ) ;
#1669 = PERSON_AND_ORGANIZATION ( #907, #1658 ) ;
#1670 = LINE ( 'NONE', #70, #1596 ) ;
#1671 = ORIENTED_EDGE ( 'NONE', *, *, #337, .F. ) ;
#1672 = ORIENTED_EDGE ( 'NONE', *, *, #1048, .T. ) ;
#1673 = DIRECTION ( 'NONE',  ( 0.000000000000000000, 0.000000000000000000, -1.000000000000000000 ) ) ;
#1674 = APPLICATION_CONTEXT ( 'configuration controlled 3d designs of mechanical parts and assemblies' ) ;
#1675 = CARTESIAN_POINT ( 'NONE',  ( -37.94112549695429237, 8.000000000000000000, 12.66771471198990184 ) ) ;
#1676 = EDGE_CURVE ( 'NONE', #910, #1124, #1512, .T. ) ;
#1677 = EDGE_CURVE ( 'NONE', #1720, #617, #978, .T. ) ;
#1678 = FACE_OUTER_BOUND ( 'NONE', #124, .T. ) ;
#1679 = CIRCLE ( 'NONE', #661, 1.799999999999999600 ) ;
#1680 = AXIS2_PLACEMENT_3D ( 'NONE', #133, #666, #3 ) ;
#1681 = PERSON_AND_ORGANIZATION ( #907, #1658 ) ;
#1682 = DIRECTION ( 'NONE',  ( -0.1999999999999962919, 0.000000000000000000, -0.9797958971132719741 ) ) ;
#1683 = VERTEX_POINT ( 'NONE', #1193 ) ;
#1684 = VECTOR ( 'NONE', #184, 1000.000000000000000 ) ;
#1685 = ORIENTED_EDGE ( 'NONE', *, *, #1548, .F. ) ;
#1686 = CIRCLE ( 'NONE', #1688, 3.360000000000000320 ) ;
#1687 = DIRECTION ( 'NONE',  ( -0.1999999999999894085, 0.000000000000000000, -0.9797958971132733064 ) ) ;
#1688 = AXIS2_PLACEMENT_3D ( 'NONE', #266, #386, #1464 ) ;
#1689 = ORIENTED_EDGE ( 'NONE', *, *, #1545, .F. ) ;
#1690 = DIRECTION ( 'NONE',  ( 8.659560562354931626E-17, -0.7071067811865477948, 0.7071067811865473507 ) ) ;
#1691 = DIRECTION ( 'NONE',  ( -0.2000000000000100864, 0.000000000000000000, 0.9797958971132690875 ) ) ;
#1692 = DATE_AND_TIME ( #316, #701 ) ;
#1693 = APPROVAL_PERSON_ORGANIZATION ( #186, #1290, #603 ) ;
#1694 = ADVANCED_FACE ( 'NONE', ( #540 ), #393, .F. ) ;
#1695 = CARTESIAN_POINT ( 'NONE',  ( 11.25833024919769798, 8.000000000000000000, -6.500000000000002665 ) ) ;
#1696 = CYLINDRICAL_SURFACE ( 'NONE', #1710, 1.799999999999997824 ) ;
#1697 = ORIENTED_EDGE ( 'NONE', *, *, #408, .T. ) ;
#1698 = FACE_OUTER_BOUND ( 'NONE', #1706, .T. ) ;
#1699 = VERTEX_POINT ( 'NONE', #260 ) ;
#1700 = LINE ( 'NONE', #486, #335 ) ;
#1701 = CARTESIAN_POINT ( 'NONE',  ( -5.999999999999986677, 8.000000000000000000, 29.39387691339812037 ) ) ;
#1702 = VERTEX_POINT ( 'NONE', #157 ) ;
#1703 = EDGE_CURVE ( 'NONE', #922, #362, #415, .T. ) ;
#1704 = ORIENTED_EDGE ( 'NONE', *, *, #1598, .F. ) ;
#1705 = CARTESIAN_POINT ( 'NONE',  ( -29.39387691339813813, 8.000000000000000000, 5.999999999999883649 ) ) ;
#1706 = EDGE_LOOP ( 'NONE', ( #270, #1284, #1437, #1609 ) ) ;
#1707 = FACE_OUTER_BOUND ( 'NONE', #1476, .T. ) ;
#1708 = DIRECTION ( 'NONE',  ( 0.9797958971132713080, 0.000000000000000000, -0.1999999999999997058 ) ) ;
#1709 = DIRECTION ( 'NONE',  ( -0.000000000000000000, -1.000000000000000000, -0.000000000000000000 ) ) ;
#1710 = AXIS2_PLACEMENT_3D ( 'NONE', #1022, #1564, #894 ) ;
#1711 = ORIENTED_EDGE ( 'NONE', *, *, #908, .T. ) ;
#1712 = AXIS2_PLACEMENT_3D ( 'NONE', #1444, #383, #1285 ) ;
#1713 = DIRECTION ( 'NONE',  ( 1.000000000000000000, 0.000000000000000000, 1.047444401652940007E-14 ) ) ;
#1714 = CIRCLE ( 'NONE', #1259, 10.00000000000001066 ) ;
#1715 = AXIS2_PLACEMENT_3D ( 'NONE', #1316, #1147, #1010 ) ;
#1716 = ORIENTED_EDGE ( 'NONE', *, *, #569, .F. ) ;
#1717 = CARTESIAN_POINT ( 'NONE',  ( 1.047444401652940057E-12, 8.000000000000000000, -100.0000000000000000 ) ) ;
#1718 = DIRECTION ( 'NONE',  ( -0.000000000000000000, -1.000000000000000000, -0.000000000000000000 ) ) ;
#1719 = CARTESIAN_POINT ( 'NONE',  ( -29.39387691339805642, 8.000000000000000000, -6.000000000000293987 ) ) ;
#1720 = VERTEX_POINT ( 'NONE', #547 ) ;
#1721 = CARTESIAN_POINT ( 'NONE',  ( 19.59591794226544792, 0.000000000000000000, -3.999999999999784173 ) ) ;
#1722 = ORIENTED_EDGE ( 'NONE', *, *, #439, .T. ) ;
#1723 = CARTESIAN_POINT ( 'NONE',  ( 0.000000000000000000, 0.000000000000000000, -13.00000000000000000 ) ) ;
#1724 = EDGE_CURVE ( 'NONE', #965, #887, #366, .T. ) ;
#1725 = LINE ( 'NONE', #742, #1082 ) ;
#1726 = ORIENTED_EDGE ( 'NONE', *, *, #1069, .T. ) ;
#1727 = LINE ( 'NONE', #517, #81 ) ;
#1728 = VERTEX_POINT ( 'NONE', #950 ) ;
#1729 = DIRECTION ( 'NONE',  ( -0.9797958971132706418, 0.000000000000000000, -0.2000000000000030642 ) ) ;
#1730 = EDGE_CURVE ( 'NONE', #1728, #1502, #1175, .T. ) ;
#1731 = EDGE_CURVE ( 'NONE', #1007, #66, #793, .T. ) ;
#1732 = CARTESIAN_POINT ( 'NONE',  ( 7.632783294297972909E-16, 0.000000000000000000, 9.639999999999993463 ) ) ;
#1733 = VECTOR ( 'NONE', #1554, 999.9999999999998863 ) ;
#1734 = VERTEX_POINT ( 'NONE', #531 ) ;
#1735 = DIRECTION ( 'NONE',  ( 0.000000000000000000, 0.000000000000000000, -1.000000000000000000 ) ) ;
#1736 = VECTOR ( 'NONE', #1503, 1000.000000000000114 ) ;
#1737 = VECTOR ( 'NONE', #1168, 999.9999999999998863 ) ;
#1738 = ORIENTED_EDGE ( 'NONE', *, *, #579, .F. ) ;
#1739 = DIRECTION ( 'NONE',  ( -0.000000000000000000, -1.000000000000000000, -0.000000000000000000 ) ) ;
#1740 = LINE ( 'NONE', #1524, #1736 ) ;
#1741 = VECTOR ( 'NONE', #1501, 999.9999999999998863 ) ;
#1742 = CIRCLE ( 'NONE', #113, 40.00000000000000000 ) ;
#1743 = DIRECTION ( 'NONE',  ( -0.9797958971132713080, 0.000000000000000000, 0.1999999999999996780 ) ) ;
ENDSEC;
END-ISO-10303-21;
