ISO-10303-21;
HEADER;
FILE_DESCRIPTION (( 'STEP AP203' ),
    '1' );
FILE_NAME ('LPlate.STEP',
    '2026-02-26T13:20:36',
    ( '' ),
    ( '' ),
    'SwSTEP 2.0',
    'SolidWorks 2024',
    '' );
FILE_SCHEMA (( 'CONFIG_CONTROL_DESIGN' ));
ENDSEC;

DATA;
#1 = EDGE_LOOP ( 'NONE', ( #3514, #434 ) ) ;
#2 = CARTESIAN_POINT ( 'NONE',  ( -24.20000000000000284, 8.000000000000000000, -1.616580753730955555 ) ) ;
#3 = ORIENTED_EDGE ( 'NONE', *, *, #407, .T. ) ;
#4 = ADVANCED_FACE ( 'NONE', ( #1689 ), #520, .F. ) ;
#5 = CARTESIAN_POINT ( 'NONE',  ( -13.49999999999981348, 60.00000000000002842, -20.14952439471806400 ) ) ;
#6 = LINE ( 'NONE', #2020, #3280 ) ;
#7 = CARTESIAN_POINT ( 'NONE',  ( -13.50000000000012967, 5.400000000000000355, 26.61584740964168816 ) ) ;
#8 = ORIENTED_EDGE ( 'NONE', *, *, #2494, .T. ) ;
#9 = ORIENTED_EDGE ( 'NONE', *, *, #2954, .F. ) ;
#10 = VERTEX_POINT ( 'NONE', #4569 ) ;
#11 = DIRECTION ( 'NONE',  ( 0.5000000000000101030, -0.8660254037844328234, -3.004629197474230499E-15 ) ) ;
#12 = EDGE_CURVE ( 'NONE', #1016, #4319, #4172, .T. ) ;
#13 = CARTESIAN_POINT ( 'NONE',  ( -15.50000000000000000, 1.560000000000005826, -15.49999999999999822 ) ) ;
#14 = VERTEX_POINT ( 'NONE', #1355 ) ;
#15 = CARTESIAN_POINT ( 'NONE',  ( -42.40000000000000568, 46.00000000000001421, 30.00000000000042633 ) ) ;
#16 = CARTESIAN_POINT ( 'NONE',  ( 15.50000000000000000, 1.560000000000005826, -13.70000000000000639 ) ) ;
#17 = DIRECTION ( 'NONE',  ( -0.000000000000000000, -3.552713678800500929E-15, 1.000000000000000000 ) ) ;
#18 = EDGE_LOOP ( 'NONE', ( #2329, #1498, #2915, #2567 ) ) ;
#19 = VERTEX_POINT ( 'NONE', #987 ) ;
#20 = DIRECTION ( 'NONE',  ( 0.000000000000000000, 0.000000000000000000, -1.000000000000000000 ) ) ;
#21 = CARTESIAN_POINT ( 'NONE',  ( -30.16017429317986753, 24.80000000000013216, 25.60000000000009734 ) ) ;
#22 = EDGE_CURVE ( 'NONE', #3348, #4856, #4950, .T. ) ;
#23 = ORIENTED_EDGE ( 'NONE', *, *, #1245, .T. ) ;
#24 = FACE_OUTER_BOUND ( 'NONE', #1485, .T. ) ;
#25 = EDGE_CURVE ( 'NONE', #2065, #3478, #207, .T. ) ;
#26 = CARTESIAN_POINT ( 'NONE',  ( -10.70000000000010587, 30.00000000000003553, 22.00000000000011724 ) ) ;
#27 = ORIENTED_EDGE ( 'NONE', *, *, #1934, .T. ) ;
#28 = ORIENTED_EDGE ( 'NONE', *, *, #2783, .T. ) ;
#29 = AXIS2_PLACEMENT_3D ( 'NONE', #5132, #3311, #4064 ) ;
#30 = ORIENTED_EDGE ( 'NONE', *, *, #1601, .T. ) ;
#31 = EDGE_CURVE ( 'NONE', #3625, #345, #2361, .T. ) ;
#32 = LINE ( 'NONE', #4813, #4198 ) ;
#33 = VECTOR ( 'NONE', #3533, 1000.000000000000000 ) ;
#34 = CIRCLE ( 'NONE', #1031, 1.699999999999996625 ) ;
#35 = CARTESIAN_POINT ( 'NONE',  ( -44.01658075373095613, 48.80000000000004690, 25.60000000000018616 ) ) ;
#36 = EDGE_LOOP ( 'NONE', ( #4553, #820, #532, #969, #3755, #2360 ) ) ;
#37 = DIRECTION ( 'NONE',  ( -0.000000000000000000, -1.000000000000000000, -0.000000000000000000 ) ) ;
#38 = DIRECTION ( 'NONE',  ( 0.000000000000000000, 0.000000000000000000, -1.000000000000000000 ) ) ;
#39 = CARTESIAN_POINT ( 'NONE',  ( -15.50000000000000000, 0.000000000000000000, -15.49999999999999822 ) ) ;
#40 = CIRCLE ( 'NONE', #1698, 12.00000000000000178 ) ;
#41 = AXIS2_PLACEMENT_3D ( 'NONE', #4084, #4275, #2592 ) ;
#42 = ORIENTED_EDGE ( 'NONE', *, *, #2704, .T. ) ;
#43 = ADVANCED_FACE ( 'NONE', ( #1794 ), #132, .T. ) ;
#44 = FACE_OUTER_BOUND ( 'NONE', #550, .T. ) ;
#45 = VECTOR ( 'NONE', #3738, 1000.000000000000227 ) ;
#46 = ORIENTED_EDGE ( 'NONE', *, *, #3961, .F. ) ;
#47 = CARTESIAN_POINT ( 'NONE',  ( 16.78755610176370894, 1.293321843319615638, -25.84373859570590426 ) ) ;
#48 = CARTESIAN_POINT ( 'NONE',  ( 29.80000000000000071, 8.000000000000000000, -1.616580753730949116 ) ) ;
#49 = CARTESIAN_POINT ( 'NONE',  ( -15.50000000000000000, 0.000000000000000000, -17.29999999999999005 ) ) ;
#50 = ADVANCED_FACE ( 'NONE', ( #4148 ), #3362, .F. ) ;
#51 = ORIENTED_EDGE ( 'NONE', *, *, #3799, .F. ) ;
#52 = VECTOR ( 'NONE', #4841, 1000.000000000000227 ) ;
#53 = VERTEX_POINT ( 'NONE', #887 ) ;
#54 = AXIS2_PLACEMENT_3D ( 'NONE', #1626, #2411, #4003 ) ;
#55 = AXIS2_PLACEMENT_3D ( 'NONE', #4977, #2089, #2468 ) ;
#56 = PLANE ( 'NONE',  #3441 ) ;
#57 = VECTOR ( 'NONE', #2905, 1000.000000000000000 ) ;
#58 = CIRCLE ( 'NONE', #730, 1.700000000000000178 ) ;
#59 = DIRECTION ( 'NONE',  ( 2.368335091109122803E-29, 3.221629312528199387E-15, -1.000000000000000000 ) ) ;
#60 = VERTEX_POINT ( 'NONE', #4910 ) ;
#61 = EDGE_LOOP ( 'NONE', ( #756, #3359 ) ) ;
#62 = AXIS2_PLACEMENT_3D ( 'NONE', #3858, #3915, #4341 ) ;
#63 = ORIENTED_EDGE ( 'NONE', *, *, #4911, .T. ) ;
#64 = LINE ( 'NONE', #989, #4380 ) ;
#65 = CIRCLE ( 'NONE', #2711, 29.99999999999998934 ) ;
#66 = ADVANCED_FACE ( 'NONE', ( #495 ), #2909, .F. ) ;
#67 = DIRECTION ( 'NONE',  ( -0.5000000000000101030, 0.8660254037844328234, 3.004629197474230499E-15 ) ) ;
#68 = ORIENTED_EDGE ( 'NONE', *, *, #562, .T. ) ;
#69 = DIRECTION ( 'NONE',  ( -0.000000000000000000, -1.000000000000000000, -0.000000000000000000 ) ) ;
#70 = DIRECTION ( 'NONE',  ( -0.000000000000000000, -1.000000000000000000, 0.000000000000000000 ) ) ;
#71 = CARTESIAN_POINT ( 'NONE',  ( -26.99999999999999645, 60.00000000000002842, -3.233161507461903117 ) ) ;
#72 = LINE ( 'NONE', #3144, #2712 ) ;
#73 = ORIENTED_EDGE ( 'NONE', *, *, #1093, .F. ) ;
#74 = LINE ( 'NONE', #2014, #711 ) ;
#75 = CARTESIAN_POINT ( 'NONE',  ( 15.50000000000000000, 0.000000000000000000, -15.49999999999999822 ) ) ;
#76 = VERTEX_POINT ( 'NONE', #930 ) ;
#77 = ORIENTED_EDGE ( 'NONE', *, *, #2556, .F. ) ;
#78 = ADVANCED_FACE ( 'NONE', ( #4541 ), #2525, .F. ) ;
#79 = CARTESIAN_POINT ( 'NONE',  ( -10.70000000000010054, 5.400000000000000355, 21.76610514844884392 ) ) ;
#80 = CARTESIAN_POINT ( 'NONE',  ( -57.87298721428198434, 24.79999999999993676, 25.60000000000010090 ) ) ;
#81 = CARTESIAN_POINT ( 'NONE',  ( 12.09999999999997300, 8.000000000000000000, 20.95781477158342909 ) ) ;
#82 = ORIENTED_EDGE ( 'NONE', *, *, #4317, .F. ) ;
#83 = ORIENTED_EDGE ( 'NONE', *, *, #4878, .F. ) ;
#84 = EDGE_LOOP ( 'NONE', ( #1077, #1824, #63, #3626 ) ) ;
#85 = CARTESIAN_POINT ( 'NONE',  ( 13.49999999999994671, 5.400000000000000355, 23.38268590217987608 ) ) ;
#86 = DIRECTION ( 'NONE',  ( 0.7071067811865490160, 0.7071067811865460184, 2.458281623643809940E-15 ) ) ;
#87 = ORIENTED_EDGE ( 'NONE', *, *, #4092, .T. ) ;
#88 = FACE_OUTER_BOUND ( 'NONE', #3427, .T. ) ;
#89 = LINE ( 'NONE', #3604, #3195 ) ;
#90 = LINE ( 'NONE', #71, #4311 ) ;
#91 = EDGE_CURVE ( 'NONE', #3038, #3187, #963, .T. ) ;
#92 = DIRECTION ( 'NONE',  ( -3.402186748401941492E-17, 3.361841101310300739E-15, -1.000000000000000000 ) ) ;
#93 = ORIENTED_EDGE ( 'NONE', *, *, #199, .F. ) ;
#94 = LINE ( 'NONE', #4027, #1870 ) ;
#95 = DIRECTION ( 'NONE',  ( 0.000000000000000000, -1.000000000000000000, 0.000000000000000000 ) ) ;
#96 = ORIENTED_EDGE ( 'NONE', *, *, #4325, .T. ) ;
#97 = FACE_BOUND ( 'NONE', #2772, .T. ) ;
#98 = CARTESIAN_POINT ( 'NONE',  ( 13.49999999999995559, 60.00000000000002842, 20.14952439471797163 ) ) ;
#99 = DIRECTION ( 'NONE',  ( 0.000000000000000000, 1.000000000000000000, 0.000000000000000000 ) ) ;
#100 = EDGE_CURVE ( 'NONE', #19, #3970, #34, .T. ) ;
#101 = LINE ( 'NONE', #1685, #721 ) ;
#102 = SECURITY_CLASSIFICATION ( '', '', #2573 ) ;
#103 = DIRECTION ( 'NONE',  ( 1.952430740422004218E-29, -1.000000000000000000, -3.552713678800500929E-15 ) ) ;
#104 = ORIENTED_EDGE ( 'NONE', *, *, #1579, .T. ) ;
#105 = ORIENTED_EDGE ( 'NONE', *, *, #785, .T. ) ;
#106 = CARTESIAN_POINT ( 'NONE',  ( -57.87298721428198434, 24.79999999999993676, 25.60000000000010090 ) ) ;
#107 = LINE ( 'NONE', #4444, #2298 ) ;
#108 = VERTEX_POINT ( 'NONE', #2204 ) ;
#109 = ORIENTED_EDGE ( 'NONE', *, *, #4441, .T. ) ;
#110 = DIRECTION ( 'NONE',  ( -3.402186748401941492E-17, 3.361841101310300739E-15, -1.000000000000000000 ) ) ;
#111 = DIRECTION ( 'NONE',  ( -0.000000000000000000, 1.000000000000000000, -0.000000000000000000 ) ) ;
#112 = AXIS2_PLACEMENT_3D ( 'NONE', #5106, #3136, #375 ) ;
#113 = CARTESIAN_POINT ( 'NONE',  ( 13.49999999999993960, 8.000000000000000000, 26.61584740964178053 ) ) ;
#114 = ADVANCED_FACE ( 'NONE', ( #1044 ), #4313, .F. ) ;
#115 = CARTESIAN_POINT ( 'NONE',  ( -54.63982570682006212, 24.79999999999996163, 22.00000000000010303 ) ) ;
#116 = AXIS2_PLACEMENT_3D ( 'NONE', #3030, #3870, #3508 ) ;
#117 = ORIENTED_EDGE ( 'NONE', *, *, #1798, .T. ) ;
#118 = VECTOR ( 'NONE', #1427, 1000.000000000000000 ) ;
#119 = FACE_OUTER_BOUND ( 'NONE', #3477, .T. ) ;
#120 = CARTESIAN_POINT ( 'NONE',  ( -26.90000000000000568, 48.86000000000001364, 30.00000000000018474 ) ) ;
#121 = VERTEX_POINT ( 'NONE', #2287 ) ;
#122 = DIRECTION ( 'NONE',  ( 0.000000000000000000, 0.000000000000000000, -1.000000000000000000 ) ) ;
#123 = VECTOR ( 'NONE', #4071, 1000.000000000000000 ) ;
#124 = VECTOR ( 'NONE', #4831, 1000.000000000000114 ) ;
#125 = ADVANCED_FACE ( 'NONE', ( #3470 ), #3806, .T. ) ;
#126 = FACE_BOUND ( 'NONE', #1279, .T. ) ;
#127 = VECTOR ( 'NONE', #4747, 1000.000000000000114 ) ;
#128 = VECTOR ( 'NONE', #37, 1000.000000000000000 ) ;
#129 = LINE ( 'NONE', #4907, #2792 ) ;
#130 = CARTESIAN_POINT ( 'NONE',  ( -15.50000000000000355, 8.000000000000000000, 17.29999999999999005 ) ) ;
#131 = ORIENTED_EDGE ( 'NONE', *, *, #2940, .T. ) ;
#132 = PLANE ( 'NONE',  #4530 ) ;
#133 = DIRECTION ( 'NONE',  ( 0.8660254037844387076, 0.000000000000000000, 0.4999999999999998335 ) ) ;
#134 = EDGE_CURVE ( 'NONE', #4755, #1974, #3913, .T. ) ;
#135 = VECTOR ( 'NONE', #3336, 1000.000000000000000 ) ;
#136 = VECTOR ( 'NONE', #4850, 1000.000000000000000 ) ;
#137 = VECTOR ( 'NONE', #4765, 1000.000000000000000 ) ;
#138 = FACE_OUTER_BOUND ( 'NONE', #696, .T. ) ;
#139 = EDGE_LOOP ( 'NONE', ( #685, #777, #2786, #5068 ) ) ;
#140 = FACE_BOUND ( 'NONE', #327, .T. ) ;
#141 = EDGE_CURVE ( 'NONE', #2225, #1766, #1097, .T. ) ;
#142 = VECTOR ( 'NONE', #950, 1000.000000000000000 ) ;
#143 = DIRECTION ( 'NONE',  ( 0.8660254037844336006, 0.000000000000000000, 0.5000000000000087708 ) ) ;
#144 = ORIENTED_EDGE ( 'NONE', *, *, #1109, .T. ) ;
#145 = LINE ( 'NONE', #3000, #4034 ) ;
#146 = CARTESIAN_POINT ( 'NONE',  ( -30.16017429317980358, 19.20000000000014140, 22.00000000000008171 ) ) ;
#147 = CARTESIAN_POINT ( 'NONE',  ( -26.89999999999999858, 11.14000000000000767, 30.00000000000004974 ) ) ;
#148 = ORIENTED_EDGE ( 'NONE', *, *, #2029, .T. ) ;
#149 = EDGE_CURVE ( 'NONE', #383, #3254, #1692, .T. ) ;
#150 = EDGE_LOOP ( 'NONE', ( #2530, #544, #1989, #4105 ) ) ;
#151 = CARTESIAN_POINT ( 'NONE',  ( -40.78341924626904813, 16.80000000000000071, 25.60000000000007248 ) ) ;
#152 = VERTEX_POINT ( 'NONE', #710 ) ;
#153 = EDGE_CURVE ( 'NONE', #943, #1586, #5096, .T. ) ;
#154 = PERSON_AND_ORGANIZATION ( #5120, #4359 ) ;
#155 = DIRECTION ( 'NONE',  ( 0.8660254037844394848, -0.4999999999999985012, -1.627117625333528354E-15 ) ) ;
#156 = CARTESIAN_POINT ( 'NONE',  ( -39.16683849253810479, 14.00000000000002665, 22.00000000000006395 ) ) ;
#157 = ORIENTED_EDGE ( 'NONE', *, *, #1590, .F. ) ;
#158 = EDGE_LOOP ( 'NONE', ( #408, #3524, #2059, #935 ) ) ;
#159 = CARTESIAN_POINT ( 'NONE',  ( 16.78755610176370894, 8.000000000000000000, -25.84373859570590426 ) ) ;
#160 = CARTESIAN_POINT ( 'NONE',  ( -40.78341924626905524, 48.80000000000006111, 22.00000000000018474 ) ) ;
#161 = VERTEX_POINT ( 'NONE', #4196 ) ;
#162 = ORIENTED_EDGE ( 'NONE', *, *, #1894, .F. ) ;
#163 = DIRECTION ( 'NONE',  ( -0.000000000000000000, 3.593355771666182750E-15, -1.000000000000000000 ) ) ;
#164 = CC_DESIGN_PERSON_AND_ORGANIZATION_ASSIGNMENT ( #1762, #4169, ( #2560 ) ) ;
#165 = EDGE_CURVE ( 'NONE', #1001, #108, #1503, .T. ) ;
#166 = DIRECTION ( 'NONE',  ( -0.4999999999999919509, -0.8660254037844432595, 0.000000000000000000 ) ) ;
#167 = ORIENTED_EDGE ( 'NONE', *, *, #1429, .T. ) ;
#168 = CARTESIAN_POINT ( 'NONE',  ( -59.48956796801291347, 21.99999999999993960, 25.60000000000009024 ) ) ;
#169 = CARTESIAN_POINT ( 'NONE',  ( -26.90000000000000568, 45.50000000000001421, 30.00000000000017408 ) ) ;
#170 = CARTESIAN_POINT ( 'NONE',  ( 12.42640687119288323, 8.000000000000007105, 30.00000000000003553 ) ) ;
#171 = ORIENTED_EDGE ( 'NONE', *, *, #2231, .T. ) ;
#172 = ORIENTED_EDGE ( 'NONE', *, *, #4917, .F. ) ;
#173 = EDGE_CURVE ( 'NONE', #525, #2980, #1072, .T. ) ;
#174 = LINE ( 'NONE', #4951, #1951 ) ;
#175 = ORIENTED_EDGE ( 'NONE', *, *, #2620, .F. ) ;
#176 = DIRECTION ( 'NONE',  ( 0.000000000000000000, 0.000000000000000000, 1.000000000000000000 ) ) ;
#177 = DIRECTION ( 'NONE',  ( 0.000000000000000000, -0.7071067811865467956, -0.7071067811865483499 ) ) ;
#178 = CARTESIAN_POINT ( 'NONE',  ( -42.40000000000000568, 42.00000000000000711, 30.00000000000034106 ) ) ;
#179 = CIRCLE ( 'NONE', #1268, 1.799999999999987388 ) ;
#180 = ORIENTED_EDGE ( 'NONE', *, *, #25, .T. ) ;
#181 = EDGE_CURVE ( 'NONE', #2929, #1050, #5072, .T. ) ;
#182 = CARTESIAN_POINT ( 'NONE',  ( -26.92701278571790624, 19.20000000000017337, 22.00000000000008171 ) ) ;
#183 = CARTESIAN_POINT ( 'NONE',  ( 27.00000000000000000, 5.400000000000000355, -3.233161507461902673 ) ) ;
#184 = PLANE ( 'NONE',  #2548 ) ;
#185 = ADVANCED_FACE ( 'NONE', ( #1902 ), #3094, .T. ) ;
#186 = ORIENTED_EDGE ( 'NONE', *, *, #1981, .T. ) ;
#187 = EDGE_LOOP ( 'NONE', ( #1806, #4309, #3940, #2868 ) ) ;
#188 = LINE ( 'NONE', #2159, #1200 ) ;
#189 = CARTESIAN_POINT ( 'NONE',  ( -30.16017429317980358, 19.20000000000014140, 22.00000000000008171 ) ) ;
#190 = VERTEX_POINT ( 'NONE', #628 ) ;
#191 = DIRECTION ( 'NONE',  ( 8.659560562354942719E-17, -0.7071067811865467956, 0.7071067811865483499 ) ) ;
#192 = DIRECTION ( 'NONE',  ( 0.000000000000000000, 0.000000000000000000, 1.000000000000000000 ) ) ;
#193 = CARTESIAN_POINT ( 'NONE',  ( -45.63316150746190658, 13.99999999999999289, 25.60000000000006537 ) ) ;
#194 = VECTOR ( 'NONE', #5159, 1000.000000000000000 ) ;
#195 = ORIENTED_EDGE ( 'NONE', *, *, #31, .F. ) ;
#196 = EDGE_CURVE ( 'NONE', #2153, #3344, #3392, .T. ) ;
#197 = ORIENTED_EDGE ( 'NONE', *, *, #3519, .F. ) ;
#198 = VECTOR ( 'NONE', #110, 1000.000000000000000 ) ;
#199 = EDGE_CURVE ( 'NONE', #4352, #4840, #5014, .T. ) ;
#200 = DIRECTION ( 'NONE',  ( 0.5756811139072498529, -0.7470754134985363448, 0.3323696460817366916 ) ) ;
#201 = ORIENTED_EDGE ( 'NONE', *, *, #4141, .F. ) ;
#202 = VECTOR ( 'NONE', #2972, 1000.000000000000000 ) ;
#203 = AXIS2_PLACEMENT_3D ( 'NONE', #1423, #4222, #1037 ) ;
#204 = PERSON_AND_ORGANIZATION ( #5120, #4359 ) ;
#205 = CARTESIAN_POINT ( 'NONE',  ( -57.90000000000000568, 43.70000000000001705, 30.00000000000017408 ) ) ;
#206 = VECTOR ( 'NONE', #2044, 1000.000000000000114 ) ;
#207 = LINE ( 'NONE', #182, #2607 ) ;
#208 = CARTESIAN_POINT ( 'NONE',  ( -13.50000000000011013, 0.000000000000000000, 23.38268590217978726 ) ) ;
#209 = CARTESIAN_POINT ( 'NONE',  ( -29.80000000000000071, 5.400000000000000355, 1.616580753730949116 ) ) ;
#210 = VECTOR ( 'NONE', #2382, 1000.000000000000000 ) ;
#211 = CIRCLE ( 'NONE', #720, 1.799999999999987388 ) ;
#212 = EDGE_LOOP ( 'NONE', ( #1436, #3544, #3085, #2500 ) ) ;
#213 = AXIS2_PLACEMENT_3D ( 'NONE', #1973, #3644, #2827 ) ;
#214 = EDGE_LOOP ( 'NONE', ( #3511, #4766, #590, #877 ) ) ;
#215 = CARTESIAN_POINT ( 'NONE',  ( -26.89999999999999858, 16.30000000000002558, 22.00000000000007105 ) ) ;
#216 = EDGE_CURVE ( 'NONE', #1459, #3482, #4026, .T. ) ;
#217 = VECTOR ( 'NONE', #4276, 1000.000000000000000 ) ;
#218 = DIRECTION ( 'NONE',  ( 0.000000000000000000, 0.000000000000000000, 1.000000000000000000 ) ) ;
#219 = VERTEX_POINT ( 'NONE', #3436 ) ;
#220 = CARTESIAN_POINT ( 'NONE',  ( 15.50000000000000000, 0.000000000000000000, -12.13999999999999702 ) ) ;
#221 = CARTESIAN_POINT ( 'NONE',  ( -12.09999999999983089, 8.000000000000000000, -20.95781477158351791 ) ) ;
#222 = CARTESIAN_POINT ( 'NONE',  ( -42.40000000000000568, 12.30000000000001847, 25.60000000000005826 ) ) ;
#223 = VECTOR ( 'NONE', #2503, 1000.000000000000114 ) ;
#224 = VERTEX_POINT ( 'NONE', #3014 ) ;
#225 = ORIENTED_EDGE ( 'NONE', *, *, #423, .F. ) ;
#226 = CARTESIAN_POINT ( 'NONE',  ( -44.01658075373094903, 16.80000000000001492, 22.00000000000007461 ) ) ;
#227 = ORIENTED_EDGE ( 'NONE', *, *, #5006, .T. ) ;
#228 = COORDINATED_UNIVERSAL_TIME_OFFSET ( 8, 0, .AHEAD. ) ;
#229 = ADVANCED_FACE ( 'NONE', ( #5042 ), #2256, .T. ) ;
#230 = DIRECTION ( 'NONE',  ( 0.5000000000000034417, -0.8660254037844367092, -3.219245568722465410E-15 ) ) ;
#231 = EDGE_CURVE ( 'NONE', #385, #3795, #1842, .T. ) ;
#232 = DIRECTION ( 'NONE',  ( 0.000000000000000000, 1.000000000000000000, 0.000000000000000000 ) ) ;
#233 = DIRECTION ( 'NONE',  ( -0.8660254037844390407, 0.000000000000000000, 0.4999999999999991673 ) ) ;
#234 = CARTESIAN_POINT ( 'NONE',  ( -13.49999999999978328, 5.400000000000000355, -23.38268590217996490 ) ) ;
#235 = DIRECTION ( 'NONE',  ( 0.8660254037844370423, 0.000000000000000000, 0.5000000000000026645 ) ) ;
#236 = ORIENTED_EDGE ( 'NONE', *, *, #2494, .F. ) ;
#237 = EDGE_LOOP ( 'NONE', ( #2687, #2144, #2828, #1273 ) ) ;
#238 = ADVANCED_FACE ( 'NONE', ( #2336 ), #1154, .T. ) ;
#239 = DIRECTION ( 'NONE',  ( 0.5000000000000092149, 0.000000000000000000, -0.8660254037844333785 ) ) ;
#240 = CARTESIAN_POINT ( 'NONE',  ( 27.00000000000000000, 5.400000000000000355, 0.000000000000000000 ) ) ;
#241 = FACE_BOUND ( 'NONE', #61, .T. ) ;
#242 = CARTESIAN_POINT ( 'NONE',  ( -10.70000000000010587, 8.000000000000000000, 22.00000000000003553 ) ) ;
#243 = ADVANCED_FACE ( 'NONE', ( #24 ), #1609, .F. ) ;
#244 = CARTESIAN_POINT ( 'NONE',  ( -24.20000000000000284, 5.400000000000000355, -1.616580753730955555 ) ) ;
#245 = CARTESIAN_POINT ( 'NONE',  ( -44.01658075373095613, 48.80000000000004690, 25.60000000000018616 ) ) ;
#246 = ORIENTED_EDGE ( 'NONE', *, *, #3666, .F. ) ;
#247 = DIRECTION ( 'NONE',  ( 0.6103818063152128826, -0.7921073478508945387, -2.948570141335367649E-15 ) ) ;
#248 = EDGE_LOOP ( 'NONE', ( #3444, #1229 ) ) ;
#249 = CARTESIAN_POINT ( 'NONE',  ( -27.00000000000000000, 60.00000000000002842, 3.233161507461902673 ) ) ;
#250 = PLANE ( 'NONE',  #1202 ) ;
#251 = DIRECTION ( 'NONE',  ( -0.8660254037844387076, 0.000000000000000000, -0.4999999999999998335 ) ) ;
#252 = ORIENTED_EDGE ( 'NONE', *, *, #1372, .F. ) ;
#253 = DIRECTION ( 'NONE',  ( -7.617846651086544702E-17, 3.552713678800500929E-15, -1.000000000000000000 ) ) ;
#254 = DIRECTION ( 'NONE',  ( 0.8660254037844371533, -0.000000000000000000, 0.5000000000000026645 ) ) ;
#255 = DIRECTION ( 'NONE',  ( 0.000000000000000000, 1.000000000000000000, 0.000000000000000000 ) ) ;
#256 = EDGE_CURVE ( 'NONE', #5157, #4363, #1997, .T. ) ;
#257 = CARTESIAN_POINT ( 'NONE',  ( -42.40000000000000568, 12.30000000000000604, 30.00000000000030909 ) ) ;
#258 = ORIENTED_EDGE ( 'NONE', *, *, #470, .F. ) ;
#259 = ORIENTED_EDGE ( 'NONE', *, *, #4389, .T. ) ;
#260 = ORIENTED_EDGE ( 'NONE', *, *, #4156, .T. ) ;
#261 = DIRECTION ( 'NONE',  ( -0.8660254037844443697, 0.000000000000000000, 0.4999999999999900080 ) ) ;
#262 = CARTESIAN_POINT ( 'NONE',  ( -56.25640646055099126, 20.29999999999995808, 25.60000000000008313 ) ) ;
#263 = FACE_OUTER_BOUND ( 'NONE', #4158, .T. ) ;
#264 = ORIENTED_EDGE ( 'NONE', *, *, #1648, .T. ) ;
#265 = CARTESIAN_POINT ( 'NONE',  ( -59.48956796801297031, 38.00000000000000711, 22.00000000000014921 ) ) ;
#266 = CARTESIAN_POINT ( 'NONE',  ( -40.78341924626904813, 16.80000000000000071, 25.60000000000007248 ) ) ;
#267 = LINE ( 'NONE', #3843, #1228 ) ;
#268 = ORIENTED_EDGE ( 'NONE', *, *, #4799, .F. ) ;
#269 = DIRECTION ( 'NONE',  ( 0.8660254037844432595, 0.000000000000000000, -0.4999999999999919509 ) ) ;
#270 = EDGE_LOOP ( 'NONE', ( #4532, #3513, #4582, #757 ) ) ;
#271 = EDGE_CURVE ( 'NONE', #1657, #1027, #5037, .T. ) ;
#272 = AXIS2_PLACEMENT_3D ( 'NONE', #749, #1935, #3530 ) ;
#273 = VERTEX_POINT ( 'NONE', #3937 ) ;
#274 = DIRECTION ( 'NONE',  ( 1.000000000000000000, 1.332267629550187691E-14, 0.000000000000000000 ) ) ;
#275 = DIRECTION ( 'NONE',  ( 0.000000000000000000, 1.000000000000000000, 3.854941057726261566E-15 ) ) ;
#276 = FACE_OUTER_BOUND ( 'NONE', #3673, .T. ) ;
#277 = ORIENTED_EDGE ( 'NONE', *, *, #488, .F. ) ;
#278 = AXIS2_PLACEMENT_3D ( 'NONE', #636, #1409, #4096 ) ;
#279 = AXIS2_PLACEMENT_3D ( 'NONE', #2710, #2657, #1403 ) ;
#280 = EDGE_CURVE ( 'NONE', #3905, #152, #2443, .T. ) ;
#281 = CARTESIAN_POINT ( 'NONE',  ( -56.25640646055104099, 37.99999999999997868, 30.00000000000039790 ) ) ;
#282 = PLANE ( 'NONE',  #1759 ) ;
#283 = VECTOR ( 'NONE', #3020, 1000.000000000000114 ) ;
#284 = VECTOR ( 'NONE', #1266, 1000.000000000000000 ) ;
#285 = CARTESIAN_POINT ( 'NONE',  ( -29.80000000000000071, 60.00000000000002842, -1.616580753730952003 ) ) ;
#286 = CARTESIAN_POINT ( 'NONE',  ( -42.40000000000000568, 15.70000000000000639, 30.00000000000032330 ) ) ;
#287 = ORIENTED_EDGE ( 'NONE', *, *, #2555, .F. ) ;
#288 = ADVANCED_FACE ( 'NONE', ( #3522 ), #4390, .F. ) ;
#289 = EDGE_CURVE ( 'NONE', #3909, #336, #6, .T. ) ;
#290 = ORIENTED_EDGE ( 'NONE', *, *, #3906, .F. ) ;
#291 = ORIENTED_EDGE ( 'NONE', *, *, #2756, .T. ) ;
#292 = DIRECTION ( 'NONE',  ( -0.8660254037844387076, 0.000000000000000000, -0.4999999999999998335 ) ) ;
#293 = CARTESIAN_POINT ( 'NONE',  ( -53.02324495308916141, 38.00000000000000000, 25.60000000000014708 ) ) ;
#294 = ADVANCED_FACE ( 'NONE', ( #4752 ), #761, .F. ) ;
#295 = VECTOR ( 'NONE', #4833, 1000.000000000000114 ) ;
#296 = CIRCLE ( 'NONE', #1540, 1.799999999999990941 ) ;
#297 = ADVANCED_FACE ( 'NONE', ( #1952, #4011 ), #56, .T. ) ;
#298 = DIRECTION ( 'NONE',  ( -5.495603971894524875E-15, 0.000000000000000000, 1.000000000000000000 ) ) ;
#299 = EDGE_LOOP ( 'NONE', ( #197, #4875, #4268, #4342 ) ) ;
#300 = DIRECTION ( 'NONE',  ( 0.8660254037844387076, 0.000000000000000000, 0.4999999999999998335 ) ) ;
#301 = DIRECTION ( 'NONE',  ( 0.4999999999999901745, 0.8660254037844442587, 3.219245568722515503E-15 ) ) ;
#302 = DIRECTION ( 'NONE',  ( 0.000000000000000000, 0.000000000000000000, 1.000000000000000000 ) ) ;
#303 = CARTESIAN_POINT ( 'NONE',  ( 10.69999999999994245, 60.00000000000002842, 24.99926665591081942 ) ) ;
#304 = EDGE_LOOP ( 'NONE', ( #3287, #1725, #4903, #2536 ) ) ;
#305 = VECTOR ( 'NONE', #2549, 1000.000000000000000 ) ;
#306 = VECTOR ( 'NONE', #3793, 1000.000000000000000 ) ;
#307 = VERTEX_POINT ( 'NONE', #3235 ) ;
#308 = EDGE_LOOP ( 'NONE', ( #4893, #332 ) ) ;
#309 = VECTOR ( 'NONE', #67, 1000.000000000000114 ) ;
#310 = CARTESIAN_POINT ( 'NONE',  ( -26.90000000000000568, 42.14000000000000767, 30.00000000000016698 ) ) ;
#311 = FACE_OUTER_BOUND ( 'NONE', #4238, .T. ) ;
#312 = DIRECTION ( 'NONE',  ( 0.4999999999999961142, 0.000000000000000000, 0.8660254037844409281 ) ) ;
#313 = EDGE_CURVE ( 'NONE', #5046, #3810, #3548, .T. ) ;
#314 = EDGE_LOOP ( 'NONE', ( #5000, #167, #356, #1240 ) ) ;
#315 = VECTOR ( 'NONE', #1739, 1000.000000000000114 ) ;
#316 = DIRECTION ( 'NONE',  ( -0.000000000000000000, 3.345538132240890616E-15, -1.000000000000000000 ) ) ;
#317 = PLANE ( 'NONE',  #2427 ) ;
#318 = CARTESIAN_POINT ( 'NONE',  ( 15.49999999999999645, 8.000000000000000000, 15.50000000000000178 ) ) ;
#319 = EDGE_CURVE ( 'NONE', #4013, #2249, #3121, .T. ) ;
#320 = LINE ( 'NONE', #1903, #4643 ) ;
#321 = ORIENTED_EDGE ( 'NONE', *, *, #256, .T. ) ;
#322 = ORIENTED_EDGE ( 'NONE', *, *, #31, .T. ) ;
#323 = VERTEX_POINT ( 'NONE', #2735 ) ;
#324 = CARTESIAN_POINT ( 'NONE',  ( 13.49999999999994316, 8.000000000000000000, -26.61584740964178053 ) ) ;
#325 = CARTESIAN_POINT ( 'NONE',  ( -13.49999999999981348, 60.00000000000002842, -20.14952439471806400 ) ) ;
#326 = CYLINDRICAL_SURFACE ( 'NONE', #2442, 12.00000000000000178 ) ;
#327 = EDGE_LOOP ( 'NONE', ( #2390, #1310 ) ) ;
#328 = CARTESIAN_POINT ( 'NONE',  ( 0.000000000000000000, 8.000000000000000000, 0.000000000000000000 ) ) ;
#329 = CARTESIAN_POINT ( 'NONE',  ( 13.50000000000027178, 5.400000000000000355, -25.08268590217968708 ) ) ;
#330 = DIRECTION ( 'NONE',  ( -0.000000000000000000, 1.000000000000000000, 3.552713678800500929E-15 ) ) ;
#331 = DIRECTION ( 'NONE',  ( 1.000000000000000000, 8.992806499463749045E-15, 0.000000000000000000 ) ) ;
#332 = ORIENTED_EDGE ( 'NONE', *, *, #526, .T. ) ;
#333 = CARTESIAN_POINT ( 'NONE',  ( 24.20000000000000284, 8.000000000000000000, 1.616580753730955555 ) ) ;
#334 = EDGE_CURVE ( 'NONE', #4139, #746, #1253, .T. ) ;
#335 = EDGE_CURVE ( 'NONE', #3531, #647, #1196, .T. ) ;
#336 = VERTEX_POINT ( 'NONE', #3964 ) ;
#337 = DIRECTION ( 'NONE',  ( 0.000000000000000000, 1.000000000000000000, 4.081702296416015997E-15 ) ) ;
#338 = ORIENTED_EDGE ( 'NONE', *, *, #512, .F. ) ;
#339 = EDGE_CURVE ( 'NONE', #728, #1773, #1925, .T. ) ;
#340 = CARTESIAN_POINT ( 'NONE',  ( -57.89999999999999858, 14.50000000000000533, 30.00000000000006395 ) ) ;
#341 = DIRECTION ( 'NONE',  ( -0.4999999999999901745, -0.8660254037844442587, -3.219245568722515503E-15 ) ) ;
#342 = DIRECTION ( 'NONE',  ( 0.000000000000000000, 0.000000000000000000, -1.000000000000000000 ) ) ;
#343 = VERTEX_POINT ( 'NONE', #5119 ) ;
#344 = VERTEX_POINT ( 'NONE', #2366 ) ;
#345 = VERTEX_POINT ( 'NONE', #1581 ) ;
#346 = CARTESIAN_POINT ( 'NONE',  ( -45.63316150746192079, 46.00000000000003553, 22.00000000000017764 ) ) ;
#347 = DIRECTION ( 'NONE',  ( -0.4999999999999996669, 0.8660254037844388186, 0.000000000000000000 ) ) ;
#348 = EDGE_CURVE ( 'NONE', #5076, #3728, #3692, .T. ) ;
#349 = FACE_OUTER_BOUND ( 'NONE', #4508, .T. ) ;
#350 = EDGE_LOOP ( 'NONE', ( #915, #5017, #4402, #4386 ) ) ;
#351 = CARTESIAN_POINT ( 'NONE',  ( -30.16017429317980358, 19.20000000000012719, 25.60000000000007958 ) ) ;
#352 = FACE_OUTER_BOUND ( 'NONE', #389, .T. ) ;
#353 = CARTESIAN_POINT ( 'NONE',  ( 15.50000000000000000, 8.000000000000000000, -17.29999999999999005 ) ) ;
#354 = EDGE_LOOP ( 'NONE', ( #1746, #2034, #5160, #144, #1882, #2165, #3182, #162 ) ) ;
#355 = VERTEX_POINT ( 'NONE', #4777 ) ;
#356 = ORIENTED_EDGE ( 'NONE', *, *, #3173, .T. ) ;
#357 = EDGE_CURVE ( 'NONE', #4363, #1616, #1350, .T. ) ;
#358 = DIRECTION ( 'NONE',  ( 0.000000000000000000, 0.000000000000000000, -1.000000000000000000 ) ) ;
#359 = EDGE_CURVE ( 'NONE', #2451, #3465, #1442, .T. ) ;
#360 = CARTESIAN_POINT ( 'NONE',  ( 29.80000000000000071, 5.400000000000000355, -1.616580753730949116 ) ) ;
#361 = VERTEX_POINT ( 'NONE', #1735 ) ;
#362 = APPLICATION_CONTEXT ( 'configuration controlled 3d designs of mechanical parts and assemblies' ) ;
#363 = LINE ( 'NONE', #1901, #1006 ) ;
#364 = DIRECTION ( 'NONE',  ( 0.000000000000000000, -1.000000000000000000, -3.854941057726261566E-15 ) ) ;
#365 = VECTOR ( 'NONE', #1327, 1000.000000000000000 ) ;
#366 = VECTOR ( 'NONE', #1110, 1000.000000000000000 ) ;
#367 = DIRECTION ( 'NONE',  ( 1.102003339948839560E-16, 3.493786075749806212E-15, -1.000000000000000000 ) ) ;
#368 = VECTOR ( 'NONE', #4338, 1000.000000000000114 ) ;
#369 = ORIENTED_EDGE ( 'NONE', *, *, #2017, .F. ) ;
#370 = ORIENTED_EDGE ( 'NONE', *, *, #1489, .T. ) ;
#371 = ORIENTED_EDGE ( 'NONE', *, *, #994, .T. ) ;
#372 = CARTESIAN_POINT ( 'NONE',  ( 16.30000000000025295, 5.400000000000000355, -21.76610514844869826 ) ) ;
#373 = EDGE_CURVE ( 'NONE', #2591, #2223, #4954, .T. ) ;
#374 = AXIS2_PLACEMENT_3D ( 'NONE', #601, #4091, #4936 ) ;
#375 = DIRECTION ( 'NONE',  ( 0.000000000000000000, 3.552713678800500929E-15, -1.000000000000000000 ) ) ;
#376 = CIRCLE ( 'NONE', #4626, 1.700000000000000178 ) ;
#377 = VERTEX_POINT ( 'NONE', #4490 ) ;
#378 = VECTOR ( 'NONE', #2587, 1000.000000000000000 ) ;
#379 = DIRECTION ( 'NONE',  ( -0.000000000000000000, 3.717264591378872007E-15, -1.000000000000000000 ) ) ;
#380 = CYLINDRICAL_SURFACE ( 'NONE', #442, 1.700000000000000178 ) ;
#381 = ADVANCED_FACE ( 'NONE', ( #2545, #4110, #4928, #97, #543, #3354, #2928, #126, #1713, #2515, #2092, #2571 ), #3310, .T. ) ;
#382 = VERTEX_POINT ( 'NONE', #2903 ) ;
#383 = VERTEX_POINT ( 'NONE', #4142 ) ;
#384 = CYLINDRICAL_SURFACE ( 'NONE', #1135, 1.799999999999989164 ) ;
#385 = VERTEX_POINT ( 'NONE', #3722 ) ;
#386 = FACE_OUTER_BOUND ( 'NONE', #4187, .T. ) ;
#387 = CIRCLE ( 'NONE', #2626, 1.799999999999996048 ) ;
#388 = VECTOR ( 'NONE', #4430, 1000.000000000000000 ) ;
#389 = EDGE_LOOP ( 'NONE', ( #1911, #4412, #2055, #2705 ) ) ;
#390 = AXIS2_PLACEMENT_3D ( 'NONE', #3534, #4375, #428 ) ;
#391 = PLANE ( 'NONE',  #511 ) ;
#392 = CARTESIAN_POINT ( 'NONE',  ( -39.16683849253810479, 14.00000000000001421, 25.60000000000006537 ) ) ;
#393 = EDGE_CURVE ( 'NONE', #1016, #997, #2147, .T. ) ;
#394 = CIRCLE ( 'NONE', #4811, 29.99999999999998934 ) ;
#395 = DIRECTION ( 'NONE',  ( -0.000000000000000000, -1.000000000000000000, -0.000000000000000000 ) ) ;
#396 = ORIENTED_EDGE ( 'NONE', *, *, #3451, .F. ) ;
#397 = VERTEX_POINT ( 'NONE', #2051 ) ;
#398 = ORIENTED_EDGE ( 'NONE', *, *, #1977, .T. ) ;
#399 = DIRECTION ( 'NONE',  ( -7.617846651086544702E-17, 3.552713678800500929E-15, -1.000000000000000000 ) ) ;
#400 = EDGE_CURVE ( 'NONE', #1573, #2762, #572, .T. ) ;
#401 = CARTESIAN_POINT ( 'NONE',  ( 16.30000000000025295, 60.00000000000002842, -21.76610514844869826 ) ) ;
#402 = LINE ( 'NONE', #4403, #1047 ) ;
#403 = CARTESIAN_POINT ( 'NONE',  ( 29.80000000000000071, 60.00000000000002842, 1.616580753730952003 ) ) ;
#404 = CARTESIAN_POINT ( 'NONE',  ( -57.87298721428198434, 24.79999999999993676, 25.60000000000010090 ) ) ;
#405 = ORIENTED_EDGE ( 'NONE', *, *, #2634, .F. ) ;
#406 = DIRECTION ( 'NONE',  ( 0.000000000000000000, -1.000000000000000000, -3.386180225106570465E-15 ) ) ;
#407 = EDGE_CURVE ( 'NONE', #60, #53, #2365, .T. ) ;
#408 = ORIENTED_EDGE ( 'NONE', *, *, #922, .F. ) ;
#409 = CARTESIAN_POINT ( 'NONE',  ( -54.82640687119288714, 8.000000000000000000, 22.00000000000000711 ) ) ;
#410 = LINE ( 'NONE', #1605, #5146 ) ;
#411 = VERTEX_POINT ( 'NONE', #4853 ) ;
#412 = ORIENTED_EDGE ( 'NONE', *, *, #2812, .T. ) ;
#413 = EDGE_CURVE ( 'NONE', #4856, #161, #2473, .T. ) ;
#414 = CARTESIAN_POINT ( 'NONE',  ( -30.16017429317998477, 35.20000000000017337, 25.60000000000013642 ) ) ;
#415 = LINE ( 'NONE', #2677, #1144 ) ;
#416 = CARTESIAN_POINT ( 'NONE',  ( -57.90000000000000568, 47.30000000000002558, 22.00000000000018119 ) ) ;
#417 = VERTEX_POINT ( 'NONE', #981 ) ;
#418 = ORIENTED_EDGE ( 'NONE', *, *, #1758, .T. ) ;
#419 = ORIENTED_EDGE ( 'NONE', *, *, #1749, .F. ) ;
#420 = DIRECTION ( 'NONE',  ( 6.272760089132149442E-15, -1.000000000000000000, -3.361841101310300739E-15 ) ) ;
#421 = EDGE_CURVE ( 'NONE', #4756, #1088, #3028, .T. ) ;
#422 = FACE_OUTER_BOUND ( 'NONE', #4242, .T. ) ;
#423 = EDGE_CURVE ( 'NONE', #2666, #1360, #489, .T. ) ;
#424 = DIRECTION ( 'NONE',  ( -0.5000000000000039968, 0.8660254037844363761, 3.004629197474243121E-15 ) ) ;
#425 = ORIENTED_EDGE ( 'NONE', *, *, #4760, .F. ) ;
#426 = LINE ( 'NONE', #1651, #1301 ) ;
#427 = FACE_OUTER_BOUND ( 'NONE', #2529, .T. ) ;
#428 = DIRECTION ( 'NONE',  ( 0.000000000000000000, 0.000000000000000000, -1.000000000000000000 ) ) ;
#429 = ORIENTED_EDGE ( 'NONE', *, *, #765, .F. ) ;
#430 = CARTESIAN_POINT ( 'NONE',  ( -27.00000000000000000, 0.000000000000000000, 0.000000000000000000 ) ) ;
#431 = EDGE_LOOP ( 'NONE', ( #172, #1341, #4162, #3790 ) ) ;
#432 = CARTESIAN_POINT ( 'NONE',  ( -54.82640687119288714, 8.000000000000000000, 22.00000000000000711 ) ) ;
#433 = DIRECTION ( 'NONE',  ( -0.000000000000000000, -1.000000000000000000, -0.000000000000000000 ) ) ;
#434 = ORIENTED_EDGE ( 'NONE', *, *, #4443, .F. ) ;
#435 = DIRECTION ( 'NONE',  ( 0.000000000000000000, 1.000000000000000000, 4.081702296416015997E-15 ) ) ;
#436 = EDGE_CURVE ( 'NONE', #3732, #2181, #174, .T. ) ;
#437 = LINE ( 'NONE', #4392, #2052 ) ;
#438 = ORIENTED_EDGE ( 'NONE', *, *, #2803, .F. ) ;
#439 = CIRCLE ( 'NONE', #1607, 1.799999999999990941 ) ;
#440 = EDGE_LOOP ( 'NONE', ( #157, #2413, #4417, #3027 ) ) ;
#441 = CARTESIAN_POINT ( 'NONE',  ( -44.01658075373096324, 43.20000000000004547, 25.60000000000016485 ) ) ;
#442 = AXIS2_PLACEMENT_3D ( 'NONE', #1514, #3903, #4632 ) ;
#443 = VECTOR ( 'NONE', #2631, 1000.000000000000000 ) ;
#444 = EDGE_CURVE ( 'NONE', #3822, #603, #4880, .T. ) ;
#445 = CARTESIAN_POINT ( 'NONE',  ( 26.99999999999999645, 8.000000000000000000, 3.233161507461903117 ) ) ;
#446 = ORIENTED_EDGE ( 'NONE', *, *, #836, .F. ) ;
#447 = LINE ( 'NONE', #2036, #1373 ) ;
#448 = CARTESIAN_POINT ( 'NONE',  ( 15.49999999999999645, 0.000000000000000000, 15.50000000000000178 ) ) ;
#449 = CARTESIAN_POINT ( 'NONE',  ( -27.00000000000000000, 0.000000000000000000, 1.700000000000000178 ) ) ;
#450 = AXIS2_PLACEMENT_3D ( 'NONE', #85, #2424, #3210 ) ;
#451 = CIRCLE ( 'NONE', #944, 1.700000000000000178 ) ;
#452 = APPROVAL ( #1737, 'UNSPECIFIED' ) ;
#453 = DIRECTION ( 'NONE',  ( -0.8660254037844363761, 0.000000000000000000, -0.5000000000000039968 ) ) ;
#454 = EDGE_CURVE ( 'NONE', #3538, #3909, #1304, .T. ) ;
#455 = AXIS2_PLACEMENT_3D ( 'NONE', #328, #2348, #1854 ) ;
#456 = ORIENTED_EDGE ( 'NONE', *, *, #4494, .T. ) ;
#457 = CARTESIAN_POINT ( 'NONE',  ( -44.01658075373096324, 43.20000000000005969, 22.00000000000016698 ) ) ;
#458 = DIRECTION ( 'NONE',  ( 0.000000000000000000, 0.000000000000000000, 1.000000000000000000 ) ) ;
#459 = ORIENTED_EDGE ( 'NONE', *, *, #3342, .F. ) ;
#460 = VECTOR ( 'NONE', #3400, 1000.000000000000114 ) ;
#461 = CONICAL_SURFACE ( 'NONE', #2552, 3.360000000000000320, 0.7853981633974488341 ) ;
#462 = AXIS2_PLACEMENT_3D ( 'NONE', #516, #4854, #1329 ) ;
#463 = CONICAL_SURFACE ( 'NONE', #959, 3.360000000000002096, 0.7853981633974492782 ) ;
#464 = ADVANCED_FACE ( 'NONE', ( #3744, #901 ), #2496, .T. ) ;
#465 = DIRECTION ( 'NONE',  ( -0.000000000000000000, -3.552713678800500929E-15, 1.000000000000000000 ) ) ;
#466 = AXIS2_PLACEMENT_3D ( 'NONE', #2844, #4479, #4448 ) ;
#467 = DIRECTION ( 'NONE',  ( -0.000000000000000000, 3.345538132240890616E-15, -1.000000000000000000 ) ) ;
#468 = FACE_OUTER_BOUND ( 'NONE', #1520, .T. ) ;
#469 = ORIENTED_EDGE ( 'NONE', *, *, #3819, .T. ) ;
#470 = EDGE_CURVE ( 'NONE', #695, #4041, #1090, .T. ) ;
#471 = VECTOR ( 'NONE', #2602, 1000.000000000000000 ) ;
#472 = EDGE_LOOP ( 'NONE', ( #4719, #1163, #3209, #1101 ) ) ;
#473 = DIRECTION ( 'NONE',  ( 1.254552017826426891E-14, 0.000000000000000000, -1.000000000000000000 ) ) ;
#474 = AXIS2_PLACEMENT_3D ( 'NONE', #4067, #4809, #4087 ) ;
#475 = ORIENTED_EDGE ( 'NONE', *, *, #2521, .T. ) ;
#476 = CARTESIAN_POINT ( 'NONE',  ( 0.000000000000000000, 5.400000000000000355, 0.000000000000000000 ) ) ;
#477 = CYLINDRICAL_SURFACE ( 'NONE', #4451, 1.700000000000000178 ) ;
#478 = DIRECTION ( 'NONE',  ( -0.8660254037844363761, 0.000000000000000000, 0.5000000000000039968 ) ) ;
#479 = LINE ( 'NONE', #4278, #1123 ) ;
#480 = DIRECTION ( 'NONE',  ( 1.000000000000000000, 0.000000000000000000, 1.254552017826427048E-14 ) ) ;
#481 = CARTESIAN_POINT ( 'NONE',  ( -28.54359353944891353, 23.70000000000013785, 30.00000000000034817 ) ) ;
#482 = ORIENTED_EDGE ( 'NONE', *, *, #5006, .F. ) ;
#483 = LINE ( 'NONE', #220, #4462 ) ;
#484 = DIRECTION ( 'NONE',  ( 0.000000000000000000, 0.000000000000000000, 1.000000000000000000 ) ) ;
#485 = DIRECTION ( 'NONE',  ( -0.4999999999999985012, -0.8660254037844394848, 0.000000000000000000 ) ) ;
#487 = EDGE_LOOP ( 'NONE', ( #3992, #2331, #1584, #702 ) ) ;
#486 = EDGE_CURVE ( 'NONE', #4948, #1740, #1527, .T. ) ;
#488 = EDGE_CURVE ( 'NONE', #2140, #603, #1788, .T. ) ;
#489 = LINE ( 'NONE', #2070, #795 ) ;
#490 = CARTESIAN_POINT ( 'NONE',  ( -26.92701278571807322, 35.20000000000023022, 25.60000000000013642 ) ) ;
#491 = EDGE_CURVE ( 'NONE', #3396, #4153, #4246, .T. ) ;
#492 = CARTESIAN_POINT ( 'NONE',  ( -18.63677956447317996, 48.31145418945639847, 22.00000000000018474 ) ) ;
#493 = FACE_OUTER_BOUND ( 'NONE', #2127, .T. ) ;
#494 = EDGE_LOOP ( 'NONE', ( #1252, #322 ) ) ;
#495 = FACE_OUTER_BOUND ( 'NONE', #3588, .T. ) ;
#496 = DIRECTION ( 'NONE',  ( 0.000000000000000000, -1.000000000000000000, 0.000000000000000000 ) ) ;
#497 = ADVANCED_FACE ( 'NONE', ( #1814 ), #250, .T. ) ;
#498 = CARTESIAN_POINT ( 'NONE',  ( -42.40000000000000568, 47.70000000000002416, 25.60000000000018261 ) ) ;
#499 = ORIENTED_EDGE ( 'NONE', *, *, #888, .T. ) ;
#500 = ORIENTED_EDGE ( 'NONE', *, *, #1152, .F. ) ;
#501 = CARTESIAN_POINT ( 'NONE',  ( -23.76322043552682928, 0.000000000000000000, -18.31145418945635939 ) ) ;
#502 = CARTESIAN_POINT ( 'NONE',  ( -30.16017429317998477, 35.20000000000018758, 22.00000000000013856 ) ) ;
#503 = CYLINDRICAL_SURFACE ( 'NONE', #3203, 1.700000000000000178 ) ;
#504 = EDGE_CURVE ( 'NONE', #4333, #3081, #5131, .T. ) ;
#505 = FACE_OUTER_BOUND ( 'NONE', #2308, .T. ) ;
#506 = VERTEX_POINT ( 'NONE', #1867 ) ;
#507 = LINE ( 'NONE', #409, #1208 ) ;
#508 = CARTESIAN_POINT ( 'NONE',  ( -28.54359353944907696, 38.00000000000018474, 25.60000000000014708 ) ) ;
#509 = EDGE_LOOP ( 'NONE', ( #4247, #258, #1677, #991 ) ) ;
#510 = DIRECTION ( 'NONE',  ( 0.4999999999999895639, 0.000000000000000000, 0.8660254037844447028 ) ) ;
#511 = AXIS2_PLACEMENT_3D ( 'NONE', #3736, #4098, #166 ) ;
#512 = EDGE_CURVE ( 'NONE', #4304, #2235, #3066, .T. ) ;
#513 = DIRECTION ( 'NONE',  ( -0.000000000000000000, -3.552713678800500929E-15, 1.000000000000000000 ) ) ;
#514 = CARTESIAN_POINT ( 'NONE',  ( 15.50000000000000000, 8.000000000000000000, -15.49999999999999822 ) ) ;
#515 = ADVANCED_FACE ( 'NONE', ( #2197 ), #4641, .T. ) ;
#516 = CARTESIAN_POINT ( 'NONE',  ( 13.49999999999994671, 5.400000000000000355, 23.38268590217987608 ) ) ;
#517 = CARTESIAN_POINT ( 'NONE',  ( 15.50000000000000000, 0.000000000000000000, -15.49999999999999822 ) ) ;
#518 = EDGE_LOOP ( 'NONE', ( #2157, #1159, #713, #3712 ) ) ;
#519 = ORIENTED_EDGE ( 'NONE', *, *, #2593, .T. ) ;
#520 = PLANE ( 'NONE',  #4368 ) ;
#521 = CARTESIAN_POINT ( 'NONE',  ( -26.90000000000000568, 45.50000000000002132, 28.44000000000016826 ) ) ;
#522 = MANIFOLD_SOLID_BREP ( 'CirPattern5', #4109 ) ;
#523 = AXIS2_PLACEMENT_3D ( 'NONE', #514, #3334, #2517 ) ;
#524 = EDGE_LOOP ( 'NONE', ( #4277, #3572 ) ) ;
#525 = VERTEX_POINT ( 'NONE', #3430 ) ;
#526 = EDGE_CURVE ( 'NONE', #1573, #683, #3365, .T. ) ;
#527 = LINE ( 'NONE', #4204, #1120 ) ;
#528 = VECTOR ( 'NONE', #2045, 1000.000000000000000 ) ;
#529 = AXIS2_PLACEMENT_3D ( 'NONE', #811, #2419, #3594 ) ;
#530 = CARTESIAN_POINT ( 'NONE',  ( -13.49999999999978328, 5.400000000000000355, -23.38268590217996490 ) ) ;
#531 = VECTOR ( 'NONE', #3219, 1000.000000000000000 ) ;
#532 = ORIENTED_EDGE ( 'NONE', *, *, #4583, .F. ) ;
#533 = AXIS2_PLACEMENT_3D ( 'NONE', #4584, #5091, #1421 ) ;
#534 = DIRECTION ( 'NONE',  ( -0.5000000000000039968, 0.8660254037844363761, 0.000000000000000000 ) ) ;
#535 = EDGE_CURVE ( 'NONE', #1974, #3180, #4377, .T. ) ;
#536 = FACE_OUTER_BOUND ( 'NONE', #4676, .T. ) ;
#537 = FACE_OUTER_BOUND ( 'NONE', #906, .T. ) ;
#538 = ORIENTED_EDGE ( 'NONE', *, *, #2629, .F. ) ;
#539 = VERTEX_POINT ( 'NONE', #5008 ) ;
#540 = CONICAL_SURFACE ( 'NONE', #2024, 3.360000000000000320, 0.7853981633974488341 ) ;
#541 = AXIS2_PLACEMENT_3D ( 'NONE', #2172, #4565, #2824 ) ;
#542 = AXIS2_PLACEMENT_3D ( 'NONE', #5028, #670, #2700 ) ;
#543 = FACE_BOUND ( 'NONE', #1169, .T. ) ;
#544 = ORIENTED_EDGE ( 'NONE', *, *, #4892, .F. ) ;
#545 = CARTESIAN_POINT ( 'NONE',  ( -26.92701278571797729, 24.80000000000016414, 25.60000000000010090 ) ) ;
#546 = MECHANICAL_CONTEXT ( 'NONE', #4732, 'mechanical' ) ;
#547 = VECTOR ( 'NONE', #2016, 1000.000000000000000 ) ;
#548 = LINE ( 'NONE', #4116, #3965 ) ;
#549 = LINE ( 'NONE', #4226, #3641 ) ;
#550 = EDGE_LOOP ( 'NONE', ( #3878, #2716, #2480, #4365 ) ) ;
#551 = ADVANCED_FACE ( 'NONE', ( #311 ), #1897, .F. ) ;
#552 = DIRECTION ( 'NONE',  ( -0.000000000000000000, 3.221629312528199387E-15, -1.000000000000000000 ) ) ;
#553 = DIRECTION ( 'NONE',  ( 0.000000000000000000, 0.000000000000000000, -1.000000000000000000 ) ) ;
#554 = CIRCLE ( 'NONE', #3466, 1.700000000000000178 ) ;
#555 = DIRECTION ( 'NONE',  ( 0.000000000000000000, 1.000000000000000000, 0.000000000000000000 ) ) ;
#556 = AXIS2_PLACEMENT_3D ( 'NONE', #4173, #4570, #2632 ) ;
#557 = CARTESIAN_POINT ( 'NONE',  ( -56.25640646055099126, 21.99999999999995737, 25.60000000000009024 ) ) ;
#558 = ORIENTED_EDGE ( 'NONE', *, *, #4799, .T. ) ;
#559 = EDGE_LOOP ( 'NONE', ( #3918, #2849, #418, #4409 ) ) ;
#560 = CARTESIAN_POINT ( 'NONE',  ( 10.69999999999994600, 30.00000000000003553, 22.00000000000011724 ) ) ;
#561 = AXIS2_PLACEMENT_3D ( 'NONE', #3783, #4544, #967 ) ;
#562 = EDGE_CURVE ( 'NONE', #1616, #377, #2651, .T. ) ;
#563 = DIRECTION ( 'NONE',  ( 0.000000000000000000, 1.000000000000000000, 3.854941057726261566E-15 ) ) ;
#564 = ORIENTED_EDGE ( 'NONE', *, *, #738, .T. ) ;
#565 = CARTESIAN_POINT ( 'NONE',  ( -44.01658075373094903, 16.80000000000000071, 25.60000000000007248 ) ) ;
#566 = DIRECTION ( 'NONE',  ( -0.000000000000000000, 3.593355771666226926E-15, -1.000000000000000000 ) ) ;
#567 = DIRECTION ( 'NONE',  ( 0.000000000000000000, 1.000000000000000000, 4.081702296416015997E-15 ) ) ;
#568 = ORIENTED_EDGE ( 'NONE', *, *, #421, .T. ) ;
#569 = CARTESIAN_POINT ( 'NONE',  ( 13.50000000000031442, 60.00000000000002842, -26.61584740964158868 ) ) ;
#570 = VERTEX_POINT ( 'NONE', #4220 ) ;
#571 = EDGE_CURVE ( 'NONE', #4437, #1967, #1004, .T. ) ;
#572 = LINE ( 'NONE', #954, #1612 ) ;
#573 = ORIENTED_EDGE ( 'NONE', *, *, #3885, .F. ) ;
#574 = DIRECTION ( 'NONE',  ( 3.402186748401744277E-17, 3.577052802596770261E-15, -1.000000000000000000 ) ) ;
#575 = ADVANCED_FACE ( 'NONE', ( #3088 ), #5032, .T. ) ;
#576 = DIRECTION ( 'NONE',  ( 1.000000000000000000, 6.272760089132151808E-15, -2.146163712481998068E-16 ) ) ;
#577 = DIRECTION ( 'NONE',  ( 0.4999999999999996669, -0.8660254037844388186, 0.000000000000000000 ) ) ;
#578 = ORIENTED_EDGE ( 'NONE', *, *, #4097, .F. ) ;
#579 = ORIENTED_EDGE ( 'NONE', *, *, #4339, .T. ) ;
#580 = FACE_OUTER_BOUND ( 'NONE', #2818, .T. ) ;
#581 = DIRECTION ( 'NONE',  ( -0.000000000000000000, -1.000000000000000000, -0.000000000000000000 ) ) ;
#582 = ORIENTED_EDGE ( 'NONE', *, *, #980, .F. ) ;
#583 = ORIENTED_EDGE ( 'NONE', *, *, #173, .T. ) ;
#584 = CARTESIAN_POINT ( 'NONE',  ( 26.99999999999999645, 5.400000000000000355, 3.233161507461903117 ) ) ;
#585 = EDGE_CURVE ( 'NONE', #1035, #5114, #2251, .T. ) ;
#586 = LINE ( 'NONE', #2160, #1927 ) ;
#587 = LINE ( 'NONE', #3403, #3119 ) ;
#588 = PLANE ( 'NONE',  #2177 ) ;
#589 = PLANE ( 'NONE',  #1303 ) ;
#590 = ORIENTED_EDGE ( 'NONE', *, *, #3229, .T. ) ;
#591 = ORIENTED_EDGE ( 'NONE', *, *, #1043, .F. ) ;
#592 = CARTESIAN_POINT ( 'NONE',  ( -13.50000000000009948, 5.400000000000000355, 20.14952439471788281 ) ) ;
#593 = ORIENTED_EDGE ( 'NONE', *, *, #785, .F. ) ;
#594 = COORDINATED_UNIVERSAL_TIME_OFFSET ( 8, 0, .AHEAD. ) ;
#595 = DIRECTION ( 'NONE',  ( -0.000000000000000000, 1.000000000000000000, -0.000000000000000000 ) ) ;
#596 = CARTESIAN_POINT ( 'NONE',  ( -57.87298721428201986, 40.79999999999999716, 25.60000000000015774 ) ) ;
#597 = AXIS2_PLACEMENT_3D ( 'NONE', #4999, #4630, #1056 ) ;
#598 = DIRECTION ( 'NONE',  ( 0.5000000000000004441, 0.000000000000000000, -0.8660254037844384856 ) ) ;
#599 = FACE_OUTER_BOUND ( 'NONE', #3208, .T. ) ;
#600 = EDGE_CURVE ( 'NONE', #76, #1246, #1864, .T. ) ;
#601 = CARTESIAN_POINT ( 'NONE',  ( -13.50000000000011013, 5.400000000000000355, 23.38268590217978726 ) ) ;
#602 = VERTEX_POINT ( 'NONE', #3800 ) ;
#603 = VERTEX_POINT ( 'NONE', #3384 ) ;
#604 = CARTESIAN_POINT ( 'NONE',  ( 15.50000000000000000, 0.000000000000000000, -15.49999999999999822 ) ) ;
#605 = FACE_OUTER_BOUND ( 'NONE', #1517, .T. ) ;
#606 = DIRECTION ( 'NONE',  ( -0.000000000000000000, 1.000000000000000000, -0.000000000000000000 ) ) ;
#607 = FACE_OUTER_BOUND ( 'NONE', #4133, .T. ) ;
#608 = VERTEX_POINT ( 'NONE', #2385 ) ;
#609 = CARTESIAN_POINT ( 'NONE',  ( -28.54359353944907696, 36.30000000000017479, 30.00000000000039080 ) ) ;
#610 = PLANE ( 'NONE',  #2098 ) ;
#611 = CARTESIAN_POINT ( 'NONE',  ( -26.92701278571790624, 19.20000000000017337, 22.00000000000008171 ) ) ;
#612 = AXIS2_PLACEMENT_3D ( 'NONE', #2613, #1396, #3425 ) ;
#613 = EDGE_CURVE ( 'NONE', #1246, #76, #709, .T. ) ;
#614 = ORIENTED_EDGE ( 'NONE', *, *, #1062, .T. ) ;
#615 = ORIENTED_EDGE ( 'NONE', *, *, #2315, .F. ) ;
#616 = EDGE_CURVE ( 'NONE', #3047, #1088, #2487, .T. ) ;
#617 = ADVANCED_FACE ( 'NONE', ( #3605 ), #503, .F. ) ;
#618 = AXIS2_PLACEMENT_3D ( 'NONE', #604, #2106, #3399 ) ;
#619 = AXIS2_PLACEMENT_3D ( 'NONE', #2991, #4591, #680 ) ;
#620 = CARTESIAN_POINT ( 'NONE',  ( -26.90000000000000568, 45.50000000000004263, 22.00000000000017053 ) ) ;
#621 = EDGE_LOOP ( 'NONE', ( #1138, #884, #2904, #4272 ) ) ;
#622 = AXIS2_PLACEMENT_3D ( 'NONE', #2280, #2987, #1400 ) ;
#623 = PERSON_AND_ORGANIZATION ( #5120, #4359 ) ;
#624 = CARTESIAN_POINT ( 'NONE',  ( 12.42640687119289744, 8.000000000000000000, 25.99600812772489888 ) ) ;
#625 = ADVANCED_FACE ( 'NONE', ( #1699 ), #1244, .F. ) ;
#626 = DIRECTION ( 'NONE',  ( -0.000000000000000000, -1.000000000000000000, -0.000000000000000000 ) ) ;
#627 = AXIS2_PLACEMENT_3D ( 'NONE', #1829, #1164, #2324 ) ;
#628 = CARTESIAN_POINT ( 'NONE',  ( -10.69999999999979678, 5.400000000000000355, -21.76610514844899313 ) ) ;
#629 = CARTESIAN_POINT ( 'NONE',  ( -15.50000000000000000, 8.000000000000000000, -13.70000000000000817 ) ) ;
#630 = VECTOR ( 'NONE', #3052, 1000.000000000000000 ) ;
#631 = EDGE_CURVE ( 'NONE', #1167, #4548, #451, .T. ) ;
#632 = CARTESIAN_POINT ( 'NONE',  ( 0.000000000000000000, 0.000000000000000000, 0.000000000000000000 ) ) ;
#633 = ORIENTED_EDGE ( 'NONE', *, *, #3100, .F. ) ;
#634 = AXIS2_PLACEMENT_3D ( 'NONE', #4411, #830, #567 ) ;
#635 = ORIENTED_EDGE ( 'NONE', *, *, #313, .F. ) ;
#636 = CARTESIAN_POINT ( 'NONE',  ( 15.50000000000000000, 8.000000000000000000, -15.49999999999999822 ) ) ;
#637 = DIRECTION ( 'NONE',  ( 0.000000000000000000, -1.000000000000000000, -3.097720492815725095E-15 ) ) ;
#638 = AXIS2_PLACEMENT_3D ( 'NONE', #3773, #3434, #3853 ) ;
#639 = AXIS2_PLACEMENT_3D ( 'NONE', #2768, #1186, #1596 ) ;
#640 = CARTESIAN_POINT ( 'NONE',  ( -30.16017429318005583, 40.80000000000015348, 25.60000000000015774 ) ) ;
#641 = ORIENTED_EDGE ( 'NONE', *, *, #1977, .F. ) ;
#642 = CARTESIAN_POINT ( 'NONE',  ( 30.77511220352753440, 5.400000000000000355, 1.616580753730951336 ) ) ;
#643 = CYLINDRICAL_SURFACE ( 'NONE', #1943, 1.799999999999990941 ) ;
#644 = LINE ( 'NONE', #3485, #3881 ) ;
#645 = ORIENTED_EDGE ( 'NONE', *, *, #216, .F. ) ;
#646 = PLANE ( 'NONE',  #2196 ) ;
#647 = VERTEX_POINT ( 'NONE', #3247 ) ;
#648 = CARTESIAN_POINT ( 'NONE',  ( -44.01658075373095613, 11.20000000000001528, 22.00000000000005329 ) ) ;
#649 = CARTESIAN_POINT ( 'NONE',  ( 27.00000000000000000, 60.00000000000002842, -3.233161507461902673 ) ) ;
#650 = VERTEX_POINT ( 'NONE', #3681 ) ;
#651 = CARTESIAN_POINT ( 'NONE',  ( 10.69999999999994245, 60.00000000000002842, 24.99926665591081942 ) ) ;
#652 = DIRECTION ( 'NONE',  ( 0.000000000000000000, -0.7071067811865471286, -0.7071067811865479058 ) ) ;
#653 = DIRECTION ( 'NONE',  ( 0.000000000000000000, 0.000000000000000000, 1.000000000000000000 ) ) ;
#654 = DIRECTION ( 'NONE',  ( 0.000000000000000000, 0.000000000000000000, 1.000000000000000000 ) ) ;
#655 = DIRECTION ( 'NONE',  ( 0.000000000000000000, 1.000000000000000000, 3.717264591378872007E-15 ) ) ;
#656 = DIRECTION ( 'NONE',  ( 0.000000000000000000, 0.000000000000000000, -1.000000000000000000 ) ) ;
#657 = EDGE_LOOP ( 'NONE', ( #1919, #260, #2814, #4597, #3578, #4969 ) ) ;
#658 = ORIENTED_EDGE ( 'NONE', *, *, #4036, .T. ) ;
#659 = CARTESIAN_POINT ( 'NONE',  ( -28.54359353944891353, 20.30000000000014992, 25.60000000000008313 ) ) ;
#660 = EDGE_CURVE ( 'NONE', #2576, #1359, #3191, .T. ) ;
#661 = CARTESIAN_POINT ( 'NONE',  ( -54.63982570682006212, 24.79999999999995097, 25.60000000000010090 ) ) ;
#662 = FACE_BOUND ( 'NONE', #875, .T. ) ;
#663 = VERTEX_POINT ( 'NONE', #824 ) ;
#664 = LINE ( 'NONE', #3532, #2193 ) ;
#665 = DIRECTION ( 'NONE',  ( -0.000000000000000000, 1.000000000000000000, -0.000000000000000000 ) ) ;
#666 = CARTESIAN_POINT ( 'NONE',  ( -42.40000000000000568, 30.00000000000003553, 22.00000000000012079 ) ) ;
#667 = FACE_OUTER_BOUND ( 'NONE', #1694, .T. ) ;
#668 = EDGE_CURVE ( 'NONE', #3741, #4301, #1597, .T. ) ;
#669 = ORIENTED_EDGE ( 'NONE', *, *, #5098, .F. ) ;
#670 = DIRECTION ( 'NONE',  ( -0.000000000000000000, 1.000000000000000000, -0.000000000000000000 ) ) ;
#671 = ORIENTED_EDGE ( 'NONE', *, *, #1103, .F. ) ;
#672 = ORIENTED_EDGE ( 'NONE', *, *, #613, .T. ) ;
#673 = DIRECTION ( 'NONE',  ( -0.000000000000000000, 1.000000000000000000, -0.000000000000000000 ) ) ;
#674 = DIRECTION ( 'NONE',  ( -0.000000000000000000, 1.000000000000000000, -0.000000000000000000 ) ) ;
#675 = ORIENTED_EDGE ( 'NONE', *, *, #1129, .F. ) ;
#676 = CARTESIAN_POINT ( 'NONE',  ( -26.99999999999999645, 8.000000000000000000, -3.233161507461903117 ) ) ;
#677 = EDGE_CURVE ( 'NONE', #2317, #343, #2706, .T. ) ;
#678 = CARTESIAN_POINT ( 'NONE',  ( -54.63982570682013318, 40.80000000000001847, 22.00000000000015987 ) ) ;
#679 = PLANE ( 'NONE',  #4561 ) ;
#680 = DIRECTION ( 'NONE',  ( -0.5000000000000044409, 0.000000000000000000, -0.8660254037844360431 ) ) ;
#681 = VECTOR ( 'NONE', #1828, 1000.000000000000000 ) ;
#682 = DIRECTION ( 'NONE',  ( -0.000000000000000000, 1.000000000000000000, -0.000000000000000000 ) ) ;
#683 = VERTEX_POINT ( 'NONE', #2799 ) ;
#684 = ORIENTED_EDGE ( 'NONE', *, *, #280, .F. ) ;
#685 = ORIENTED_EDGE ( 'NONE', *, *, #1886, .F. ) ;
#686 = FACE_OUTER_BOUND ( 'NONE', #4438, .T. ) ;
#687 = APPROVAL_PERSON_ORGANIZATION ( #3011, #4536, #3313 ) ;
#688 = LINE ( 'NONE', #1054, #4881 ) ;
#689 = EDGE_CURVE ( 'NONE', #14, #323, #479, .T. ) ;
#690 = LINE ( 'NONE', #2267, #2167 ) ;
#691 = ORIENTED_EDGE ( 'NONE', *, *, #2472, .F. ) ;
#692 = DIRECTION ( 'NONE',  ( 0.000000000000000000, 1.000000000000000000, 3.854941057726261566E-15 ) ) ;
#693 = DIRECTION ( 'NONE',  ( -0.000000000000000000, -3.552713678800500929E-15, 1.000000000000000000 ) ) ;
#694 = DIRECTION ( 'NONE',  ( 0.000000000000000000, 1.000000000000000000, 4.081702296416015997E-15 ) ) ;
#695 = VERTEX_POINT ( 'NONE', #3412 ) ;
#696 = EDGE_LOOP ( 'NONE', ( #1183, #2115, #929, #1800 ) ) ;
#697 = ADVANCED_FACE ( 'NONE', ( #5010 ), #703, .F. ) ;
#698 = AXIS2_PLACEMENT_3D ( 'NONE', #4486, #4007, #484 ) ;
#699 = ORIENTED_EDGE ( 'NONE', *, *, #3685, .T. ) ;
#700 = DIRECTION ( 'NONE',  ( 1.000000000000000000, -0.000000000000000000, 0.000000000000000000 ) ) ;
#701 = CARTESIAN_POINT ( 'NONE',  ( 27.00000000000000000, 5.400000000000000355, 1.700000000000000178 ) ) ;
#702 = ORIENTED_EDGE ( 'NONE', *, *, #1662, .F. ) ;
#703 = CYLINDRICAL_SURFACE ( 'NONE', #203, 1.700000000000000178 ) ;
#704 = AXIS2_PLACEMENT_3D ( 'NONE', #2871, #1264, #2432 ) ;
#705 = AXIS2_PLACEMENT_3D ( 'NONE', #414, #1558, #854 ) ;
#706 = CARTESIAN_POINT ( 'NONE',  ( -44.01658075373096324, 43.20000000000005969, 22.00000000000016698 ) ) ;
#707 = LINE ( 'NONE', #3497, #3593 ) ;
#708 = AXIS2_PLACEMENT_3D ( 'NONE', #1883, #239, #1825 ) ;
#709 = CIRCLE ( 'NONE', #2528, 1.799999999999989164 ) ;
#710 = CARTESIAN_POINT ( 'NONE',  ( -26.92701278571790624, 19.20000000000015916, 25.60000000000007958 ) ) ;
#711 = VECTOR ( 'NONE', #2490, 1000.000000000000000 ) ;
#712 = DIRECTION ( 'NONE',  ( 0.8660254037844336006, -0.000000000000000000, 0.5000000000000087708 ) ) ;
#713 = ORIENTED_EDGE ( 'NONE', *, *, #888, .F. ) ;
#714 = ORIENTED_EDGE ( 'NONE', *, *, #3758, .F. ) ;
#715 = ORIENTED_EDGE ( 'NONE', *, *, #4971, .F. ) ;
#716 = CARTESIAN_POINT ( 'NONE',  ( -30.16017429317998477, 35.20000000000017337, 25.60000000000013642 ) ) ;
#717 = EDGE_CURVE ( 'NONE', #1035, #911, #2653, .T. ) ;
#718 = AXIS2_PLACEMENT_3D ( 'NONE', #4269, #2224, #755 ) ;
#719 = CARTESIAN_POINT ( 'NONE',  ( 15.50000000000000000, 0.000000000000000000, -13.70000000000000817 ) ) ;
#720 = AXIS2_PLACEMENT_3D ( 'NONE', #3358, #4958, #2967 ) ;
#721 = VECTOR ( 'NONE', #2520, 1000.000000000000000 ) ;
#722 = AXIS2_PLACEMENT_3D ( 'NONE', #4442, #3529, #794 ) ;
#723 = CYLINDRICAL_SURFACE ( 'NONE', #3607, 1.799999999999989164 ) ;
#724 = ORIENTED_EDGE ( 'NONE', *, *, #4156, .F. ) ;
#725 = LINE ( 'NONE', #3902, #4627 ) ;
#726 = CYLINDRICAL_SURFACE ( 'NONE', #2272, 1.799999999999989164 ) ;
#727 = CARTESIAN_POINT ( 'NONE',  ( -42.40000000000000568, 14.00000000000000533, 30.00000000000031619 ) ) ;
#728 = VERTEX_POINT ( 'NONE', #676 ) ;
#729 = VECTOR ( 'NONE', #1478, 1000.000000000000227 ) ;
#730 = AXIS2_PLACEMENT_3D ( 'NONE', #1653, #3658, #4618 ) ;
#731 = LINE ( 'NONE', #3907, #3206 ) ;
#732 = EDGE_CURVE ( 'NONE', #2754, #1930, #3781, .T. ) ;
#733 = ORIENTED_EDGE ( 'NONE', *, *, #4361, .T. ) ;
#734 = EDGE_LOOP ( 'NONE', ( #4942, #2186 ) ) ;
#735 = CIRCLE ( 'NONE', #2050, 1.700000000000000178 ) ;
#736 = DIRECTION ( 'NONE',  ( -0.000000000000000000, -3.552713678800500929E-15, 1.000000000000000000 ) ) ;
#737 = EDGE_LOOP ( 'NONE', ( #3261, #3169, #4798, #4089, #96, #1931 ) ) ;
#738 = EDGE_CURVE ( 'NONE', #224, #2479, #5045, .T. ) ;
#739 = AXIS2_PLACEMENT_3D ( 'NONE', #3258, #4492, #2499 ) ;
#740 = DIRECTION ( 'NONE',  ( 1.000000000000000000, 1.998401444325287295E-15, -2.146163712482384364E-16 ) ) ;
#741 = CARTESIAN_POINT ( 'NONE',  ( 13.49999999999994671, 5.400000000000000355, 21.68268590217987679 ) ) ;
#742 = EDGE_CURVE ( 'NONE', #1278, #1001, #2108, .T. ) ;
#743 = FACE_OUTER_BOUND ( 'NONE', #4431, .T. ) ;
#744 = EDGE_LOOP ( 'NONE', ( #4382, #321, #3115, #68, #970, #398 ) ) ;
#745 = EDGE_LOOP ( 'NONE', ( #4526, #4495, #4336, #1999 ) ) ;
#746 = VERTEX_POINT ( 'NONE', #4383 ) ;
#747 = DIRECTION ( 'NONE',  ( -0.000000000000000000, -1.000000000000000000, -0.000000000000000000 ) ) ;
#748 = FACE_OUTER_BOUND ( 'NONE', #1745, .T. ) ;
#749 = CARTESIAN_POINT ( 'NONE',  ( 30.77511220352753440, 2.022992871964639061, 1.616580753730951336 ) ) ;
#750 = CARTESIAN_POINT ( 'NONE',  ( -57.90000000000000568, 45.50000000000003553, 22.00000000000017408 ) ) ;
#751 = LINE ( 'NONE', #1938, #33 ) ;
#752 = DIRECTION ( 'NONE',  ( 0.000000000000000000, -1.000000000000000000, 0.000000000000000000 ) ) ;
#753 = CARTESIAN_POINT ( 'NONE',  ( -26.92701278571790624, 19.20000000000015916, 25.60000000000007958 ) ) ;
#754 = VERTEX_POINT ( 'NONE', #432 ) ;
#755 = DIRECTION ( 'NONE',  ( 2.109423746787797427E-15, 0.000000000000000000, -1.000000000000000000 ) ) ;
#756 = ORIENTED_EDGE ( 'NONE', *, *, #5105, .T. ) ;
#757 = ORIENTED_EDGE ( 'NONE', *, *, #4398, .F. ) ;
#758 = CARTESIAN_POINT ( 'NONE',  ( 13.49999999999994671, 5.400000000000000355, 21.68268590217987679 ) ) ;
#759 = ORIENTED_EDGE ( 'NONE', *, *, #4619, .F. ) ;
#760 = CARTESIAN_POINT ( 'NONE',  ( -45.63316150746190658, 14.00000000000000533, 22.00000000000006395 ) ) ;
#761 = CYLINDRICAL_SURFACE ( 'NONE', #1198, 1.799999999999989164 ) ;
#762 = CARTESIAN_POINT ( 'NONE',  ( 29.80000000000000071, 5.400000000000000355, 1.616580753730952003 ) ) ;
#763 = CARTESIAN_POINT ( 'NONE',  ( -42.40000000000000568, 14.00000000000000533, 30.00000000000031619 ) ) ;
#764 = ORIENTED_EDGE ( 'NONE', *, *, #1662, .T. ) ;
#765 = EDGE_CURVE ( 'NONE', #506, #4717, #804, .T. ) ;
#766 = ORIENTED_EDGE ( 'NONE', *, *, #4083, .T. ) ;
#767 = ORIENTED_EDGE ( 'NONE', *, *, #4721, .F. ) ;
#768 = CARTESIAN_POINT ( 'NONE',  ( -5.349999999999891287, 8.000000000000000000, -9.266471820493551448 ) ) ;
#769 = FACE_OUTER_BOUND ( 'NONE', #3934, .T. ) ;
#770 = ORIENTED_EDGE ( 'NONE', *, *, #3580, .F. ) ;
#771 = CARTESIAN_POINT ( 'NONE',  ( 16.30000000000025295, 8.000000000000000000, -21.76610514844869826 ) ) ;
#772 = DIRECTION ( 'NONE',  ( 0.000000000000000000, 1.000000000000000000, 0.000000000000000000 ) ) ;
#773 = ORIENTED_EDGE ( 'NONE', *, *, #4760, .T. ) ;
#774 = ORIENTED_EDGE ( 'NONE', *, *, #2831, .F. ) ;
#775 = DIRECTION ( 'NONE',  ( -0.000000000000000000, 3.345538132240890616E-15, -1.000000000000000000 ) ) ;
#776 = CC_DESIGN_APPROVAL ( #4536, ( #852 ) ) ;
#777 = ORIENTED_EDGE ( 'NONE', *, *, #407, .F. ) ;
#778 = DIRECTION ( 'NONE',  ( 0.000000000000000000, 0.000000000000000000, -1.000000000000000000 ) ) ;
#780 = EDGE_CURVE ( 'NONE', #835, #754, #2088, .T. ) ;
#779 = ORIENTED_EDGE ( 'NONE', *, *, #1965, .T. ) ;
#781 = DIRECTION ( 'NONE',  ( -1.000000000000000000, -8.992806499463749045E-15, 0.000000000000000000 ) ) ;
#782 = DIRECTION ( 'NONE',  ( -0.8660254037844397068, 0.000000000000000000, 0.4999999999999979461 ) ) ;
#783 = VECTOR ( 'NONE', #4184, 1000.000000000000000 ) ;
#784 = AXIS2_PLACEMENT_3D ( 'NONE', #2782, #4806, #435 ) ;
#785 = EDGE_CURVE ( 'NONE', #4836, #382, #74, .T. ) ;
#786 = AXIS2_PLACEMENT_3D ( 'NONE', #448, #4478, #38 ) ;
#787 = CARTESIAN_POINT ( 'NONE',  ( -26.99999999999999645, 5.400000000000000355, -3.233161507461903117 ) ) ;
#788 = VECTOR ( 'NONE', #3464, 1000.000000000000000 ) ;
#789 = ORIENTED_EDGE ( 'NONE', *, *, #3665, .T. ) ;
#790 = ORIENTED_EDGE ( 'NONE', *, *, #91, .T. ) ;
#791 = ORIENTED_EDGE ( 'NONE', *, *, #289, .F. ) ;
#792 = DIRECTION ( 'NONE',  ( -0.000000000000000000, 1.000000000000000000, -0.000000000000000000 ) ) ;
#793 = VECTOR ( 'NONE', #2974, 1000.000000000000000 ) ;
#794 = DIRECTION ( 'NONE',  ( 1.073081856240826668E-15, 0.000000000000000000, 1.000000000000000000 ) ) ;
#795 = VECTOR ( 'NONE', #4904, 1000.000000000000000 ) ;
#796 = EDGE_CURVE ( 'NONE', #3330, #3180, #828, .T. ) ;
#797 = CYLINDRICAL_SURFACE ( 'NONE', #5036, 1.799999999999985612 ) ;
#798 = AXIS2_PLACEMENT_3D ( 'NONE', #2806, #4485, #4410 ) ;
#799 = DIRECTION ( 'NONE',  ( 0.000000000000000000, 0.000000000000000000, 1.000000000000000000 ) ) ;
#800 = CARTESIAN_POINT ( 'NONE',  ( -40.78341924626905524, 48.80000000000006111, 22.00000000000018474 ) ) ;
#801 = ORIENTED_EDGE ( 'NONE', *, *, #1074, .F. ) ;
#802 = AXIS2_PLACEMENT_3D ( 'NONE', #2352, #606, #1776 ) ;
#803 = ORIENTED_EDGE ( 'NONE', *, *, #3768, .T. ) ;
#804 = LINE ( 'NONE', #3983, #206 ) ;
#805 = CARTESIAN_POINT ( 'NONE',  ( -31.77675504691080022, 22.00000000000012079, 25.60000000000009024 ) ) ;
#806 = AXIS2_PLACEMENT_3D ( 'NONE', #5141, #4449, #453 ) ;
#807 = VECTOR ( 'NONE', #5026, 1000.000000000000000 ) ;
#808 = VERTEX_POINT ( 'NONE', #3273 ) ;
#809 = VECTOR ( 'NONE', #1094, 1000.000000000000000 ) ;
#810 = AXIS2_PLACEMENT_3D ( 'NONE', #39, #4350, #1623 ) ;
#811 = CARTESIAN_POINT ( 'NONE',  ( 24.19999999999999929, 60.00000000000002842, -1.616580753730953779 ) ) ;
#812 = AXIS2_PLACEMENT_3D ( 'NONE', #2669, #4300, #2222 ) ;
#813 = ADVANCED_FACE ( 'NONE', ( #3589 ), #2621, .F. ) ;
#814 = CARTESIAN_POINT ( 'NONE',  ( -57.89999999999999858, 14.50000000000000533, 30.00000000000006395 ) ) ;
#815 = ORIENTED_EDGE ( 'NONE', *, *, #1424, .T. ) ;
#816 = ORIENTED_EDGE ( 'NONE', *, *, #2670, .T. ) ;
#817 = PLANE ( 'NONE',  #1036 ) ;
#818 = FACE_BOUND ( 'NONE', #4662, .T. ) ;
#819 = CARTESIAN_POINT ( 'NONE',  ( 13.49999999999993960, 60.00000000000002842, 26.61584740964178053 ) ) ;
#820 = ORIENTED_EDGE ( 'NONE', *, *, #256, .F. ) ;
#821 = LINE ( 'NONE', #3218, #4543 ) ;
#822 = CARTESIAN_POINT ( 'NONE',  ( -53.02324495308910457, 21.99999999999996803, 25.60000000000009024 ) ) ;
#823 = CARTESIAN_POINT ( 'NONE',  ( 12.42640687119288323, 8.000000000000035527, 22.00000000000003553 ) ) ;
#824 = CARTESIAN_POINT ( 'NONE',  ( -28.54359353944891353, 20.30000000000013571, 30.00000000000033396 ) ) ;
#825 = VERTEX_POINT ( 'NONE', #1631 ) ;
#826 = DIRECTION ( 'NONE',  ( 0.000000000000000000, 1.000000000000000000, 4.081702296416015997E-15 ) ) ;
#827 = ORIENTED_EDGE ( 'NONE', *, *, #1749, .T. ) ;
#828 = LINE ( 'NONE', #2414, #3454 ) ;
#829 = ADVANCED_FACE ( 'NONE', ( #3613 ), #4119, .F. ) ;
#830 = DIRECTION ( 'NONE',  ( -0.000000000000000000, 3.717264591378872007E-15, -1.000000000000000000 ) ) ;
#831 = ORIENTED_EDGE ( 'NONE', *, *, #3382, .F. ) ;
#832 = CARTESIAN_POINT ( 'NONE',  ( -25.31043203198699132, 22.00000000000016698, 25.60000000000009024 ) ) ;
#833 = ADVANCED_FACE ( 'NONE', ( #119 ), #2066, .F. ) ;
#834 = DIRECTION ( 'NONE',  ( 0.000000000000000000, 0.000000000000000000, -1.000000000000000000 ) ) ;
#835 = VERTEX_POINT ( 'NONE', #3251 ) ;
#836 = EDGE_CURVE ( 'NONE', #3540, #14, #94, .T. ) ;
#837 = ORIENTED_EDGE ( 'NONE', *, *, #1614, .T. ) ;
#838 = CARTESIAN_POINT ( 'NONE',  ( 10.69999999999999218, 8.000000000000000000, 2.257083409062941795E-14 ) ) ;
#839 = CARTESIAN_POINT ( 'NONE',  ( -40.78341924626905524, 48.80000000000004690, 25.60000000000018616 ) ) ;
#840 = DIRECTION ( 'NONE',  ( 0.000000000000000000, 1.000000000000000000, 0.000000000000000000 ) ) ;
#841 = VERTEX_POINT ( 'NONE', #4454 ) ;
#842 = CARTESIAN_POINT ( 'NONE',  ( -40.78341924626905524, 48.80000000000004690, 25.60000000000018616 ) ) ;
#843 = DIRECTION ( 'NONE',  ( -0.8660254037844447028, 0.000000000000000000, 0.4999999999999895084 ) ) ;
#844 = CARTESIAN_POINT ( 'NONE',  ( 16.30000000000025295, 60.00000000000002842, -21.76610514844869826 ) ) ;
#845 = CARTESIAN_POINT ( 'NONE',  ( 10.70000000000029239, 60.00000000000002842, -24.99926665591067021 ) ) ;
#846 = ADVANCED_FACE ( 'NONE', ( #1603 ), #3227, .F. ) ;
#847 = VECTOR ( 'NONE', #895, 1000.000000000000114 ) ;
#848 = VERTEX_POINT ( 'NONE', #4428 ) ;
#849 = DIRECTION ( 'NONE',  ( 0.000000000000000000, -1.000000000000000000, -3.700743415417189520E-15 ) ) ;
#850 = CARTESIAN_POINT ( 'NONE',  ( -27.00000000000000000, 60.00000000000002842, 3.233161507461902673 ) ) ;
#851 = ORIENTED_EDGE ( 'NONE', *, *, #796, .F. ) ;
#852 = PRODUCT_DEFINITION_FORMATION_WITH_SPECIFIED_SOURCE ( 'ANY', '', #2560, .NOT_KNOWN. ) ;
#853 = EDGE_CURVE ( 'NONE', #754, #2666, #507, .T. ) ;
#854 = DIRECTION ( 'NONE',  ( 0.5000000000000101030, -0.8660254037844328234, 0.000000000000000000 ) ) ;
#855 = FACE_OUTER_BOUND ( 'NONE', #559, .T. ) ;
#856 = EDGE_LOOP ( 'NONE', ( #759, #3591 ) ) ;
#857 = VERTEX_POINT ( 'NONE', #3197 ) ;
#858 = VECTOR ( 'NONE', #1632, 999.9999999999998863 ) ;
#859 = ORIENTED_EDGE ( 'NONE', *, *, #1335, .T. ) ;
#860 = PLANE ( 'NONE',  #1610 ) ;
#861 = CARTESIAN_POINT ( 'NONE',  ( -15.50000000000000000, 1.560000000000005826, -17.29999999999999005 ) ) ;
#862 = VECTOR ( 'NONE', #4291, 1000.000000000000000 ) ;
#863 = ORIENTED_EDGE ( 'NONE', *, *, #4054, .F. ) ;
#864 = FACE_OUTER_BOUND ( 'NONE', #354, .T. ) ;
#865 = LINE ( 'NONE', #3635, #4949 ) ;
#866 = CARTESIAN_POINT ( 'NONE',  ( -26.92701278571797729, 24.80000000000016414, 25.60000000000010090 ) ) ;
#867 = AXIS2_PLACEMENT_3D ( 'NONE', #1529, #1821, #2658 ) ;
#868 = VECTOR ( 'NONE', #1033, 1000.000000000000114 ) ;
#869 = AXIS2_PLACEMENT_3D ( 'NONE', #3684, #1249, #849 ) ;
#870 = CARTESIAN_POINT ( 'NONE',  ( 15.49999999999999645, 0.000000000000000000, 12.14000000000000234 ) ) ;
#871 = EDGE_LOOP ( 'NONE', ( #2170, #4496, #920, #3982 ) ) ;
#872 = DIRECTION ( 'NONE',  ( -7.617846651086544702E-17, 3.552713678800500929E-15, -1.000000000000000000 ) ) ;
#873 = CARTESIAN_POINT ( 'NONE',  ( -15.50000000000000355, 0.000000000000000000, 13.70000000000001172 ) ) ;
#874 = EDGE_CURVE ( 'NONE', #2181, #1661, #1532, .T. ) ;
#875 = EDGE_LOOP ( 'NONE', ( #9, #5138 ) ) ;
#876 = VECTOR ( 'NONE', #3845, 1000.000000000000000 ) ;
#877 = ORIENTED_EDGE ( 'NONE', *, *, #4634, .F. ) ;
#878 = VECTOR ( 'NONE', #2879, 1000.000000000000000 ) ;
#879 = CARTESIAN_POINT ( 'NONE',  ( -26.89999999999999858, 14.50000000000001421, 28.44000000000005457 ) ) ;
#880 = CIRCLE ( 'NONE', #4889, 1.699999999999996625 ) ;
#881 = VECTOR ( 'NONE', #3095, 999.9999999999998863 ) ;
#882 = CARTESIAN_POINT ( 'NONE',  ( -28.54359353944891353, 22.00000000000013856, 30.00000000000034106 ) ) ;
#883 = PLANE ( 'NONE',  #474 ) ;
#884 = ORIENTED_EDGE ( 'NONE', *, *, #4441, .F. ) ;
#885 = ORIENTED_EDGE ( 'NONE', *, *, #359, .T. ) ;
#886 = VECTOR ( 'NONE', #1877, 1000.000000000000000 ) ;
#887 = CARTESIAN_POINT ( 'NONE',  ( -26.89999999999999858, 16.30000000000000426, 28.44000000000006168 ) ) ;
#888 = EDGE_CURVE ( 'NONE', #1773, #3795, #4772, .T. ) ;
#889 = LINE ( 'NONE', #2481, #123 ) ;
#890 = FACE_OUTER_BOUND ( 'NONE', #4452, .T. ) ;
#891 = EDGE_LOOP ( 'NONE', ( #1375, #3653, #131, #87, #3097, #4290 ) ) ;
#892 = DIRECTION ( 'NONE',  ( -0.000000000000000000, 1.000000000000000000, -0.000000000000000000 ) ) ;
#893 = DIRECTION ( 'NONE',  ( 1.000000000000000000, 0.000000000000000000, 5.495603971894524875E-15 ) ) ;
#894 = FACE_OUTER_BOUND ( 'NONE', #3087, .T. ) ;
#895 = DIRECTION ( 'NONE',  ( -0.7071067811865461294, 0.7071067811865489050, 2.644518867078458797E-15 ) ) ;
#896 = ORIENTED_EDGE ( 'NONE', *, *, #4694, .T. ) ;
#897 = CARTESIAN_POINT ( 'NONE',  ( 1.675926263239042842E-15, 8.000000000000000000, 22.00000000000003908 ) ) ;
#898 = FACE_BOUND ( 'NONE', #4774, .T. ) ;
#899 = ADVANCED_FACE ( 'NONE', ( #2437 ), #2877, .T. ) ;
#900 = ORIENTED_EDGE ( 'NONE', *, *, #3859, .F. ) ;
#901 = FACE_OUTER_BOUND ( 'NONE', #5165, .T. ) ;
#902 = DIRECTION ( 'NONE',  ( 1.000000000000000000, 6.272760089132151808E-15, -2.146163712481998068E-16 ) ) ;
#903 = DIRECTION ( 'NONE',  ( 0.8660254037844390407, 0.000000000000000000, -0.4999999999999991673 ) ) ;
#904 = EDGE_CURVE ( 'NONE', #5125, #4351, #1658, .T. ) ;
#905 = CARTESIAN_POINT ( 'NONE',  ( 0.000000000000000000, 8.000000000000000000, 0.000000000000000000 ) ) ;
#906 = EDGE_LOOP ( 'NONE', ( #2505, #4330, #4343, #4974 ) ) ;
#907 = ORIENTED_EDGE ( 'NONE', *, *, #600, .T. ) ;
#908 = CARTESIAN_POINT ( 'NONE',  ( -54.63982570682013318, 40.80000000000000426, 25.60000000000015774 ) ) ;
#909 = DIRECTION ( 'NONE',  ( -0.4999999999999998335, 0.000000000000000000, 0.8660254037844387076 ) ) ;
#910 = EDGE_CURVE ( 'NONE', #3732, #5005, #4797, .T. ) ;
#911 = VERTEX_POINT ( 'NONE', #2466 ) ;
#912 = ORIENTED_EDGE ( 'NONE', *, *, #1260, .T. ) ;
#913 = CARTESIAN_POINT ( 'NONE',  ( -8.150000000000009237, 8.000000000000000000, 14.11621408168635661 ) ) ;
#914 = CARTESIAN_POINT ( 'NONE',  ( -54.63982570682006212, 24.79999999999995097, 25.60000000000010090 ) ) ;
#915 = ORIENTED_EDGE ( 'NONE', *, *, #1095, .T. ) ;
#916 = DIRECTION ( 'NONE',  ( -3.402186748401941492E-17, 3.361841101310300739E-15, -1.000000000000000000 ) ) ;
#917 = FACE_OUTER_BOUND ( 'NONE', #5063, .T. ) ;
#918 = FACE_BOUND ( 'NONE', #1823, .T. ) ;
#919 = ORIENTED_EDGE ( 'NONE', *, *, #2478, .F. ) ;
#920 = ORIENTED_EDGE ( 'NONE', *, *, #1065, .F. ) ;
#921 = CIRCLE ( 'NONE', #3757, 1.799999999999989164 ) ;
#922 = EDGE_CURVE ( 'NONE', #3976, #411, #483, .T. ) ;
#923 = DIRECTION ( 'NONE',  ( -7.617846651086545934E-17, 3.663735981263016583E-15, -1.000000000000000000 ) ) ;
#924 = ORIENTED_EDGE ( 'NONE', *, *, #2334, .F. ) ;
#925 = LINE ( 'NONE', #2497, #2519 ) ;
#926 = DIRECTION ( 'NONE',  ( 0.000000000000000000, 0.000000000000000000, -1.000000000000000000 ) ) ;
#927 = LOCAL_TIME ( 21, 20, 36.00000000000000000, #594 ) ;
#928 = CYLINDRICAL_SURFACE ( 'NONE', #2474, 1.700000000000000178 ) ;
#929 = ORIENTED_EDGE ( 'NONE', *, *, #153, .T. ) ;
#930 = CARTESIAN_POINT ( 'NONE',  ( -26.90000000000000568, 47.30000000000003268, 22.00000000000017764 ) ) ;
#931 = LINE ( 'NONE', #2892, #202 ) ;
#932 = EDGE_CURVE ( 'NONE', #603, #3032, #3374, .T. ) ;
#933 = AXIS2_PLACEMENT_3D ( 'NONE', #819, #1182, #2406 ) ;
#934 = CARTESIAN_POINT ( 'NONE',  ( -15.50000000000000000, 8.000000000000000000, -17.29999999999999005 ) ) ;
#935 = ORIENTED_EDGE ( 'NONE', *, *, #5035, .T. ) ;
#936 = ORIENTED_EDGE ( 'NONE', *, *, #2194, .F. ) ;
#937 = LINE ( 'NONE', #913, #1775 ) ;
#938 = ADVANCED_FACE ( 'NONE', ( #2188 ), #945, .F. ) ;
#939 = VECTOR ( 'NONE', #1165, 1000.000000000000114 ) ;
#940 = VECTOR ( 'NONE', #2501, 999.9999999999998863 ) ;
#941 = DIRECTION ( 'NONE',  ( -1.254552017826427048E-14, 0.000000000000000000, 1.000000000000000000 ) ) ;
#942 = VECTOR ( 'NONE', #4705, 1000.000000000000227 ) ;
#943 = VERTEX_POINT ( 'NONE', #4943 ) ;
#944 = AXIS2_PLACEMENT_3D ( 'NONE', #3270, #1654, #4866 ) ;
#945 = PLANE ( 'NONE',  #3960 ) ;
#946 = CARTESIAN_POINT ( 'NONE',  ( 29.80000000000000071, 60.00000000000002842, -1.616580753730949116 ) ) ;
#947 = LINE ( 'NONE', #2540, #3299 ) ;
#948 = EDGE_CURVE ( 'NONE', #3698, #4885, #3791, .T. ) ;
#949 = ORIENTED_EDGE ( 'NONE', *, *, #2209, .T. ) ;
#950 = DIRECTION ( 'NONE',  ( -0.000000000000000000, 1.000000000000000000, -0.000000000000000000 ) ) ;
#951 = ORIENTED_EDGE ( 'NONE', *, *, #3581, .T. ) ;
#952 = AXIS2_PLACEMENT_3D ( 'NONE', #1705, #4824, #2392 ) ;
#953 = AXIS2_PLACEMENT_3D ( 'NONE', #476, #4019, #1184 ) ;
#954 = CARTESIAN_POINT ( 'NONE',  ( 27.00000000000000000, 5.400000000000000355, -1.700000000000000178 ) ) ;
#955 = ORIENTED_EDGE ( 'NONE', *, *, #5098, .T. ) ;
#956 = DATE_AND_TIME ( #2518, #927 ) ;
#957 = AXIS2_PLACEMENT_3D ( 'NONE', #2203, #232, #653 ) ;
#958 = EDGE_CURVE ( 'NONE', #3557, #1312, #4604, .T. ) ;
#959 = AXIS2_PLACEMENT_3D ( 'NONE', #4640, #736, #3849 ) ;
#960 = DIRECTION ( 'NONE',  ( -0.4999999999999997224, 0.8660254037844388186, 3.219245568722496570E-15 ) ) ;
#961 = CARTESIAN_POINT ( 'NONE',  ( -40.78341924626906234, 43.20000000000004547, 25.60000000000016485 ) ) ;
#962 = ORIENTED_EDGE ( 'NONE', *, *, #1116, .T. ) ;
#963 = LINE ( 'NONE', #2553, #1121 ) ;
#964 = DIRECTION ( 'NONE',  ( 0.000000000000000000, 1.000000000000000000, 0.000000000000000000 ) ) ;
#965 = ADVANCED_FACE ( 'NONE', ( #2537 ), #2141, .F. ) ;
#966 = AXIS2_PLACEMENT_3D ( 'NONE', #234, #4991, #2971 ) ;
#967 = DIRECTION ( 'NONE',  ( 9.714451465470122884E-15, 0.000000000000000000, -1.000000000000000000 ) ) ;
#968 = CIRCLE ( 'NONE', #1638, 1.700000000000000178 ) ;
#969 = ORIENTED_EDGE ( 'NONE', *, *, #2149, .T. ) ;
#970 = ORIENTED_EDGE ( 'NONE', *, *, #4489, .T. ) ;
#971 = FACE_OUTER_BOUND ( 'NONE', #4186, .T. ) ;
#972 = AXIS2_PLACEMENT_3D ( 'NONE', #1402, #5013, #3315 ) ;
#973 = DIRECTION ( 'NONE',  ( 0.000000000000000000, 1.000000000000000000, 0.000000000000000000 ) ) ;
#974 = ORIENTED_EDGE ( 'NONE', *, *, #1232, .F. ) ;
#975 = CARTESIAN_POINT ( 'NONE',  ( -13.98755610176389830, 5.400000000000000355, -27.46031934943675523 ) ) ;
#976 = CARTESIAN_POINT ( 'NONE',  ( -10.69999999999976659, 8.000000000000000000, -24.99926665591089048 ) ) ;
#977 = DIRECTION ( 'NONE',  ( 0.000000000000000000, 1.000000000000000000, 0.000000000000000000 ) ) ;
#978 = EDGE_LOOP ( 'NONE', ( #2852, #3266, #2646, #2295 ) ) ;
#979 = ORIENTED_EDGE ( 'NONE', *, *, #660, .F. ) ;
#980 = EDGE_CURVE ( 'NONE', #1194, #992, #4975, .T. ) ;
#981 = CARTESIAN_POINT ( 'NONE',  ( -26.89999999999999858, 12.70000000000004725, 22.00000000000005684 ) ) ;
#982 = ORIENTED_EDGE ( 'NONE', *, *, #2069, .F. ) ;
#983 = CALENDAR_DATE ( 2026, 26, 2 ) ;
#984 = CARTESIAN_POINT ( 'NONE',  ( -13.49999999999978328, 5.400000000000000355, -23.38268590217996490 ) ) ;
#985 = LINE ( 'NONE', #205, #4733 ) ;
#986 = ORIENTED_EDGE ( 'NONE', *, *, #4218, .T. ) ;
#987 = CARTESIAN_POINT ( 'NONE',  ( -13.50000000000011013, 5.400000000000000355, 21.68268590217978442 ) ) ;
#988 = LINE ( 'NONE', #866, #3467 ) ;
#989 = CARTESIAN_POINT ( 'NONE',  ( 1.469576158976824144E-15, 0.000000000000000000, -12.00000000000000178 ) ) ;
#990 = EDGE_CURVE ( 'NONE', #2617, #3822, #3761, .T. ) ;
#991 = ORIENTED_EDGE ( 'NONE', *, *, #2731, .F. ) ;
#992 = VERTEX_POINT ( 'NONE', #242 ) ;
#993 = LINE ( 'NONE', #1747, #4112 ) ;
#994 = EDGE_CURVE ( 'NONE', #1246, #3465, #4210, .T. ) ;
#995 = EDGE_CURVE ( 'NONE', #3531, #5087, #4159, .T. ) ;
#996 = PLANE ( 'NONE',  #1504 ) ;
#997 = VERTEX_POINT ( 'NONE', #2219 ) ;
#998 = CYLINDRICAL_SURFACE ( 'NONE', #2032, 29.99999999999998934 ) ;
#999 = LINE ( 'NONE', #221, #783 ) ;
#1000 = LINE ( 'NONE', #222, #2960 ) ;
#1001 = VERTEX_POINT ( 'NONE', #2162 ) ;
#1002 = EDGE_CURVE ( 'NONE', #570, #2701, #4183, .T. ) ;
#1003 = ORIENTED_EDGE ( 'NONE', *, *, #22, .T. ) ;
#1004 = LINE ( 'NONE', #649, #3284 ) ;
#1005 = ORIENTED_EDGE ( 'NONE', *, *, #3551, .F. ) ;
#1006 = VECTOR ( 'NONE', #3520, 1000.000000000000000 ) ;
#1007 = ADVANCED_FACE ( 'NONE', ( #4578 ), #998, .T. ) ;
#1008 = DATE_AND_TIME ( #3386, #3521 ) ;
#1009 = CARTESIAN_POINT ( 'NONE',  ( 12.42640687119288323, 8.000000000000035527, 22.00000000000003553 ) ) ;
#1010 = PLANE ( 'NONE',  #3894 ) ;
#1011 = DIRECTION ( 'NONE',  ( 0.4999999999999988898, 0.000000000000000000, 0.8660254037844392627 ) ) ;
#1012 = CARTESIAN_POINT ( 'NONE',  ( -26.90000000000000568, 45.50000000000001421, 30.00000000000017408 ) ) ;
#1013 = CARTESIAN_POINT ( 'NONE',  ( -42.40000000000000568, 14.00000000000001954, 25.60000000000006537 ) ) ;
#1014 = CARTESIAN_POINT ( 'NONE',  ( -15.50000000000000355, 0.000000000000000000, 18.86000000000000298 ) ) ;
#1015 = ORIENTED_EDGE ( 'NONE', *, *, #1069, .F. ) ;
#1016 = VERTEX_POINT ( 'NONE', #3302 ) ;
#1017 = DIRECTION ( 'NONE',  ( 0.000000000000000000, 1.000000000000000000, 4.081702296416015997E-15 ) ) ;
#1018 = LINE ( 'NONE', #2691, #3705 ) ;
#1019 = EDGE_CURVE ( 'NONE', #1741, #2440, #4921, .T. ) ;
#1020 = FACE_BOUND ( 'NONE', #3760, .T. ) ;
#1021 = EDGE_LOOP ( 'NONE', ( #499, #3922, #3293, #1833 ) ) ;
#1022 = CARTESIAN_POINT ( 'NONE',  ( -40.78341924626904813, 16.80000000000001492, 22.00000000000007461 ) ) ;
#1023 = LINE ( 'NONE', #1731, #3772 ) ;
#1024 = CARTESIAN_POINT ( 'NONE',  ( -5.349999999999980993, 8.000000000000000000, -9.266471820493480394 ) ) ;
#1025 = CIRCLE ( 'NONE', #523, 1.799999999999989164 ) ;
#1026 = PLANE ( 'NONE',  #3309 ) ;
#1027 = VERTEX_POINT ( 'NONE', #609 ) ;
#1028 = LINE ( 'NONE', #2248, #876 ) ;
#1029 = ORIENTED_EDGE ( 'NONE', *, *, #4004, .F. ) ;
#1030 = AXIS2_PLACEMENT_3D ( 'NONE', #3679, #893, #2061 ) ;
#1031 = AXIS2_PLACEMENT_3D ( 'NONE', #4227, #4617, #654 ) ;
#1032 = DIRECTION ( 'NONE',  ( 0.000000000000000000, 0.000000000000000000, -1.000000000000000000 ) ) ;
#1033 = DIRECTION ( 'NONE',  ( 0.7071067811865461294, -0.000000000000000000, -0.7071067811865489050 ) ) ;
#1034 = CARTESIAN_POINT ( 'NONE',  ( 24.19999999999999929, 60.00000000000002842, -1.616580753730953779 ) ) ;
#1035 = VERTEX_POINT ( 'NONE', #3349 ) ;
#1036 = AXIS2_PLACEMENT_3D ( 'NONE', #4784, #2001, #1617 ) ;
#1037 = DIRECTION ( 'NONE',  ( 0.000000000000000000, 1.000000000000000000, 4.081702296416015997E-15 ) ) ;
#1038 = VECTOR ( 'NONE', #3988, 1000.000000000000114 ) ;
#1039 = DATE_TIME_ROLE ( 'classification_date' ) ;
#1040 = CARTESIAN_POINT ( 'NONE',  ( 0.000000000000000000, 0.000000000000000000, 0.000000000000000000 ) ) ;
#1041 = DIRECTION ( 'NONE',  ( -0.5000000000000034417, 0.8660254037844367092, 3.219245568722465410E-15 ) ) ;
#1042 = AXIS2_PLACEMENT_3D ( 'NONE', #3642, #4873, #20 ) ;
#1043 = EDGE_CURVE ( 'NONE', #4153, #3615, #587, .T. ) ;
#1044 = FACE_OUTER_BOUND ( 'NONE', #18, .T. ) ;
#1045 = PLANE ( 'NONE',  #3631 ) ;
#1046 = DIRECTION ( 'NONE',  ( 0.000000000000000000, 1.000000000000000000, 4.081702296416015997E-15 ) ) ;
#1047 = VECTOR ( 'NONE', #1621, 1000.000000000000114 ) ;
#1048 = EDGE_CURVE ( 'NONE', #3132, #3129, #145, .T. ) ;
#1049 = AXIS2_PLACEMENT_3D ( 'NONE', #4466, #155, #3747 ) ;
#1050 = VERTEX_POINT ( 'NONE', #1320 ) ;
#1051 = VECTOR ( 'NONE', #1813, 1000.000000000000114 ) ;
#1052 = EDGE_LOOP ( 'NONE', ( #4422, #3926, #3343, #3 ) ) ;
#1053 = CARTESIAN_POINT ( 'NONE',  ( 24.20000000000000284, 60.00000000000002842, 1.616580753730955555 ) ) ;
#1054 = CARTESIAN_POINT ( 'NONE',  ( -30.16017429318005583, 40.80000000000016769, 22.00000000000015987 ) ) ;
#1055 = CIRCLE ( 'NONE', #556, 1.700000000000000178 ) ;
#1056 = DIRECTION ( 'NONE',  ( 0.000000000000000000, -1.000000000000000000, -3.097720492815725095E-15 ) ) ;
#1057 = EDGE_LOOP ( 'NONE', ( #4095, #1645, #4834, #2558, #1430, #1061 ) ) ;
#1058 = CARTESIAN_POINT ( 'NONE',  ( 15.49999999999999645, 1.560000000000005826, 15.50000000000000178 ) ) ;
#1059 = LINE ( 'NONE', #3406, #4395 ) ;
#1060 = AXIS2_PLACEMENT_3D ( 'NONE', #557, #1287, #1336 ) ;
#1061 = ORIENTED_EDGE ( 'NONE', *, *, #4927, .F. ) ;
#1062 = EDGE_CURVE ( 'NONE', #2451, #1838, #2899, .T. ) ;
#1063 = CARTESIAN_POINT ( 'NONE',  ( -29.80000000000000071, 5.400000000000000355, -1.616580753730952003 ) ) ;
#1064 = ORIENTED_EDGE ( 'NONE', *, *, #1362, .F. ) ;
#1065 = EDGE_CURVE ( 'NONE', #14, #2317, #4100, .T. ) ;
#1066 = LINE ( 'NONE', #310, #1051 ) ;
#1067 = CARTESIAN_POINT ( 'NONE',  ( -15.50000000000000355, 8.000000000000000000, 15.50000000000000178 ) ) ;
#1069 = EDGE_CURVE ( 'NONE', #3038, #1445, #4239, .T. ) ;
#1068 = EDGE_LOOP ( 'NONE', ( #2637, #405 ) ) ;
#1070 = CARTESIAN_POINT ( 'NONE',  ( -28.54359353944891353, 22.00000000000013856, 30.00000000000034106 ) ) ;
#1071 = DIRECTION ( 'NONE',  ( 0.000000000000000000, -1.000000000000000000, -3.097720492815725095E-15 ) ) ;
#1072 = LINE ( 'NONE', #3416, #2858 ) ;
#1073 = DIRECTION ( 'NONE',  ( 0.000000000000000000, 0.000000000000000000, -1.000000000000000000 ) ) ;
#1074 = EDGE_CURVE ( 'NONE', #3741, #1150, #1702, .T. ) ;
#1075 = LINE ( 'NONE', #2659, #886 ) ;
#1076 = ORIENTED_EDGE ( 'NONE', *, *, #2029, .F. ) ;
#1077 = ORIENTED_EDGE ( 'NONE', *, *, #504, .T. ) ;
#1078 = ORIENTED_EDGE ( 'NONE', *, *, #689, .F. ) ;
#1079 = CARTESIAN_POINT ( 'NONE',  ( -26.99999999999999645, 5.400000000000000355, -3.233161507461903117 ) ) ;
#1080 = LINE ( 'NONE', #325, #3788 ) ;
#1081 = EDGE_CURVE ( 'NONE', #683, #1573, #4381, .T. ) ;
#1082 = DIRECTION ( 'NONE',  ( -1.000000000000000000, 0.000000000000000000, 1.031762615983161979E-16 ) ) ;
#1083 = CARTESIAN_POINT ( 'NONE',  ( -56.25640646055099126, 20.29999999999995808, 25.60000000000008313 ) ) ;
#1084 = DIRECTION ( 'NONE',  ( -0.000000000000000000, 3.221629312528199387E-15, -1.000000000000000000 ) ) ;
#1085 = EDGE_LOOP ( 'NONE', ( #2943, #3458, #5142, #4702 ) ) ;
#1086 = DIRECTION ( 'NONE',  ( -1.000000000000000000, -8.992806499463750622E-15, -2.146163712482759319E-16 ) ) ;
#1087 = ORIENTED_EDGE ( 'NONE', *, *, #3859, .T. ) ;
#1088 = VERTEX_POINT ( 'NONE', #3055 ) ;
#1089 = CARTESIAN_POINT ( 'NONE',  ( -28.54359353944907696, 39.70000000000017337, 30.00000000000040501 ) ) ;
#1090 = LINE ( 'NONE', #2624, #3697 ) ;
#1091 = CARTESIAN_POINT ( 'NONE',  ( -13.50000000000009948, 60.00000000000002842, 20.14952439471788281 ) ) ;
#1092 = VERTEX_POINT ( 'NONE', #265 ) ;
#1093 = EDGE_CURVE ( 'NONE', #4139, #1204, #3507, .T. ) ;
#1094 = DIRECTION ( 'NONE',  ( 0.000000000000000000, -1.000000000000000000, 0.000000000000000000 ) ) ;
#1095 = EDGE_CURVE ( 'NONE', #3129, #2140, #664, .T. ) ;
#1096 = DIRECTION ( 'NONE',  ( 0.000000000000000000, 0.000000000000000000, -1.000000000000000000 ) ) ;
#1097 = LINE ( 'NONE', #741, #2023 ) ;
#1098 = AXIS2_PLACEMENT_3D ( 'NONE', #4208, #5022, #218 ) ;
#1099 = CARTESIAN_POINT ( 'NONE',  ( 8.150000000000133582, 8.000000000000000000, -14.11621408168625003 ) ) ;
#1100 = ORIENTED_EDGE ( 'NONE', *, *, #3145, .F. ) ;
#1101 = ORIENTED_EDGE ( 'NONE', *, *, #423, .T. ) ;
#1102 = VERTEX_POINT ( 'NONE', #1513 ) ;
#1103 = EDGE_CURVE ( 'NONE', #1016, #1364, #4712, .T. ) ;
#1104 = LINE ( 'NONE', #4234, #4796 ) ;
#1105 = FACE_BOUND ( 'NONE', #2523, .T. ) ;
#1106 = FACE_OUTER_BOUND ( 'NONE', #3076, .T. ) ;
#1107 = EDGE_LOOP ( 'NONE', ( #2582, #3262, #5164, #5080 ) ) ;
#1108 = DIRECTION ( 'NONE',  ( 0.000000000000000000, 1.000000000000000000, 0.000000000000000000 ) ) ;
#1109 = EDGE_CURVE ( 'NONE', #4041, #2841, #3455, .T. ) ;
#1110 = DIRECTION ( 'NONE',  ( -0.000000000000000000, 1.000000000000000000, -0.000000000000000000 ) ) ;
#1111 = DIRECTION ( 'NONE',  ( 0.000000000000000000, 1.000000000000000000, 4.081702296416015997E-15 ) ) ;
#1112 = ORIENTED_EDGE ( 'NONE', *, *, #1473, .T. ) ;
#1113 = ORIENTED_EDGE ( 'NONE', *, *, #1798, .F. ) ;
#1114 = CIRCLE ( 'NONE', #4698, 1.699999999999996625 ) ;
#1115 = VERTEX_POINT ( 'NONE', #3105 ) ;
#1116 = EDGE_CURVE ( 'NONE', #2902, #2274, #4879, .T. ) ;
#1117 = DIRECTION ( 'NONE',  ( -0.8660254037844412611, 0.000000000000000000, 0.4999999999999956146 ) ) ;
#1118 = CARTESIAN_POINT ( 'NONE',  ( 10.70000000000029239, 5.400000000000000355, -24.99926665591067021 ) ) ;
#1119 = VERTEX_POINT ( 'NONE', #2643 ) ;
#1120 = VECTOR ( 'NONE', #4178, 1000.000000000000114 ) ;
#1121 = VECTOR ( 'NONE', #3890, 1000.000000000000114 ) ;
#1122 = FACE_OUTER_BOUND ( 'NONE', #1418, .T. ) ;
#1123 = VECTOR ( 'NONE', #4586, 1000.000000000000000 ) ;
#1124 = CARTESIAN_POINT ( 'NONE',  ( -26.92701278571807322, 35.20000000000024443, 22.00000000000013856 ) ) ;
#1125 = VECTOR ( 'NONE', #1781, 1000.000000000000000 ) ;
#1126 = LINE ( 'NONE', #1201, #2391 ) ;
#1127 = ORIENTED_EDGE ( 'NONE', *, *, #454, .F. ) ;
#1128 = ORIENTED_EDGE ( 'NONE', *, *, #3312, .T. ) ;
#1129 = EDGE_CURVE ( 'NONE', #808, #3478, #1465, .T. ) ;
#1130 = ORIENTED_EDGE ( 'NONE', *, *, #2994, .F. ) ;
#1131 = LINE ( 'NONE', #3898, #862 ) ;
#1132 = CIRCLE ( 'NONE', #2035, 3.360000000000002096 ) ;
#1133 = DIRECTION ( 'NONE',  ( -0.4999999999999979461, -0.8660254037844397068, -3.004629197474254559E-15 ) ) ;
#1134 = VECTOR ( 'NONE', #2476, 1000.000000000000114 ) ;
#1135 = AXIS2_PLACEMENT_3D ( 'NONE', #3170, #4845, #2751 ) ;
#1136 = VECTOR ( 'NONE', #2164, 1000.000000000000000 ) ;
#1137 = DIRECTION ( 'NONE',  ( 0.000000000000000000, 0.000000000000000000, 1.000000000000000000 ) ) ;
#1138 = ORIENTED_EDGE ( 'NONE', *, *, #3989, .T. ) ;
#1139 = CARTESIAN_POINT ( 'NONE',  ( 15.50000000000000000, 1.560000000000005826, -15.49999999999999822 ) ) ;
#1140 = FACE_OUTER_BOUND ( 'NONE', #237, .T. ) ;
#1141 = LINE ( 'NONE', #2726, #4807 ) ;
#1142 = VERTEX_POINT ( 'NONE', #771 ) ;
#1143 = AXIS2_PLACEMENT_3D ( 'NONE', #3357, #4038, #3389 ) ;
#1144 = VECTOR ( 'NONE', #4692, 1000.000000000000000 ) ;
#1145 = CARTESIAN_POINT ( 'NONE',  ( -26.92701278571790624, 19.20000000000015916, 25.60000000000007958 ) ) ;
#1146 = ORIENTED_EDGE ( 'NONE', *, *, #4042, .T. ) ;
#1147 = ADVANCED_FACE ( 'NONE', ( #2302 ), #4297, .T. ) ;
#1148 = ORIENTED_EDGE ( 'NONE', *, *, #2704, .F. ) ;
#1149 = AXIS2_PLACEMENT_3D ( 'NONE', #3794, #1858, #3818 ) ;
#1150 = VERTEX_POINT ( 'NONE', #5024 ) ;
#1151 = VECTOR ( 'NONE', #1426, 1000.000000000000000 ) ;
#1152 = EDGE_CURVE ( 'NONE', #2249, #4075, #725, .T. ) ;
#1153 = DIRECTION ( 'NONE',  ( 0.4999999999999996669, -0.8660254037844388186, 0.000000000000000000 ) ) ;
#1154 = PLANE ( 'NONE',  #529 ) ;
#1155 = CARTESIAN_POINT ( 'NONE',  ( 5.349999999999957900, 8.000000000000000000, 9.266471820493515921 ) ) ;
#1156 = PLANE ( 'NONE',  #1799 ) ;
#1157 = VERTEX_POINT ( 'NONE', #2746 ) ;
#1158 = ORIENTED_EDGE ( 'NONE', *, *, #535, .T. ) ;
#1159 = ORIENTED_EDGE ( 'NONE', *, *, #2375, .F. ) ;
#1160 = CARTESIAN_POINT ( 'NONE',  ( 15.49999999999999645, 0.000000000000000000, 18.86000000000000298 ) ) ;
#1161 = CC_DESIGN_DATE_AND_TIME_ASSIGNMENT ( #1008, #1039, ( #102 ) ) ;
#1162 = FACE_OUTER_BOUND ( 'NONE', #1345, .T. ) ;
#1163 = ORIENTED_EDGE ( 'NONE', *, *, #436, .F. ) ;
#1164 = DIRECTION ( 'NONE',  ( -0.000000000000000000, 1.000000000000000000, -0.000000000000000000 ) ) ;
#1165 = DIRECTION ( 'NONE',  ( 0.8660254037844397068, 0.000000000000000000, -0.4999999999999979461 ) ) ;
#1166 = ORIENTED_EDGE ( 'NONE', *, *, #2773, .F. ) ;
#1167 = VERTEX_POINT ( 'NONE', #2269 ) ;
#1168 = DIRECTION ( 'NONE',  ( 1.254552017826427048E-14, 0.000000000000000000, -1.000000000000000000 ) ) ;
#1169 = EDGE_LOOP ( 'NONE', ( #3192, #4598, #2678, #1100, #2407, #633 ) ) ;
#1170 = CARTESIAN_POINT ( 'NONE',  ( -42.40000000000000568, 14.00000000000001954, 25.60000000000006537 ) ) ;
#1171 = EDGE_CURVE ( 'NONE', #3344, #3976, #4387, .T. ) ;
#1172 = ORIENTED_EDGE ( 'NONE', *, *, #2600, .T. ) ;
#1173 = DIRECTION ( 'NONE',  ( -0.000000000000000000, -1.000000000000000000, -0.000000000000000000 ) ) ;
#1174 = CARTESIAN_POINT ( 'NONE',  ( -5.349999999999995204, 8.000000000000000000, 9.266471820493489275 ) ) ;
#1175 = EDGE_CURVE ( 'NONE', #4316, #3640, #1620, .T. ) ;
#1176 = ORIENTED_EDGE ( 'NONE', *, *, #1316, .F. ) ;
#1177 = ORIENTED_EDGE ( 'NONE', *, *, #1348, .T. ) ;
#1178 = ORIENTED_EDGE ( 'NONE', *, *, #2834, .F. ) ;
#1179 = CARTESIAN_POINT ( 'NONE',  ( -54.63982570682003370, 19.19999999999997087, 25.60000000000007958 ) ) ;
#1180 = DIRECTION ( 'NONE',  ( 0.000000000000000000, -1.000000000000000000, -3.854941057726261566E-15 ) ) ;
#1181 = AXIS2_PLACEMENT_3D ( 'NONE', #1750, #3175, #143 ) ;
#1182 = DIRECTION ( 'NONE',  ( -0.4999999999999980016, 0.000000000000000000, -0.8660254037844398178 ) ) ;
#1183 = ORIENTED_EDGE ( 'NONE', *, *, #1524, .F. ) ;
#1184 = DIRECTION ( 'NONE',  ( 0.000000000000000000, -0.000000000000000000, 1.000000000000000000 ) ) ;
#1185 = CARTESIAN_POINT ( 'NONE',  ( 24.20000000000000284, 5.400000000000000355, 1.616580753730955555 ) ) ;
#1186 = DIRECTION ( 'NONE',  ( 1.998401444325286506E-15, -1.000000000000000000, -3.445107828157266365E-15 ) ) ;
#1187 = ORIENTED_EDGE ( 'NONE', *, *, #2834, .T. ) ;
#1188 = DIRECTION ( 'NONE',  ( 0.000000000000000000, -1.000000000000000000, 0.000000000000000000 ) ) ;
#1189 = EDGE_CURVE ( 'NONE', #3698, #1050, #5135, .T. ) ;
#1190 = CC_DESIGN_APPROVAL ( #5089, ( #2460 ) ) ;
#1191 = ORIENTED_EDGE ( 'NONE', *, *, #3178, .F. ) ;
#1192 = DIRECTION ( 'NONE',  ( 0.000000000000000000, -1.000000000000000000, 0.000000000000000000 ) ) ;
#1193 = CARTESIAN_POINT ( 'NONE',  ( -54.63982570682006212, 24.79999999999996163, 22.00000000000010303 ) ) ;
#1194 = VERTEX_POINT ( 'NONE', #3138 ) ;
#1195 = VECTOR ( 'NONE', #1966, 1000.000000000000000 ) ;
#1196 = LINE ( 'NONE', #4729, #1700 ) ;
#1197 = VECTOR ( 'NONE', #1215, 1000.000000000000000 ) ;
#1198 = AXIS2_PLACEMENT_3D ( 'NONE', #2396, #3620, #364 ) ;
#1199 = EDGE_CURVE ( 'NONE', #3238, #4559, #4741, .T. ) ;
#1200 = VECTOR ( 'NONE', #2137, 1000.000000000000000 ) ;
#1201 = CARTESIAN_POINT ( 'NONE',  ( -31.77675504691096364, 38.00000000000017053, 22.00000000000014921 ) ) ;
#1202 = AXIS2_PLACEMENT_3D ( 'NONE', #4610, #2676, #1476 ) ;
#1203 = ORIENTED_EDGE ( 'NONE', *, *, #421, .F. ) ;
#1204 = VERTEX_POINT ( 'NONE', #2819 ) ;
#1205 = ORIENTED_EDGE ( 'NONE', *, *, #765, .T. ) ;
#1206 = CIRCLE ( 'NONE', #5044, 1.799999999999992495 ) ;
#1207 = DIRECTION ( 'NONE',  ( 0.000000000000000000, 0.000000000000000000, 1.000000000000000000 ) ) ;
#1208 = VECTOR ( 'NONE', #1992, 1000.000000000000000 ) ;
#1209 = CARTESIAN_POINT ( 'NONE',  ( -30.16017429317998477, 35.20000000000018758, 22.00000000000013856 ) ) ;
#1210 = EDGE_CURVE ( 'NONE', #397, #2225, #1787, .T. ) ;
#1211 = LINE ( 'NONE', #2744, #4782 ) ;
#1212 = EDGE_LOOP ( 'NONE', ( #4176, #2008, #912, #4262 ) ) ;
#1213 = AXIS2_PLACEMENT_3D ( 'NONE', #2031, #1647, #1959 ) ;
#1214 = CYLINDRICAL_SURFACE ( 'NONE', #3963, 1.700000000000000178 ) ;
#1215 = DIRECTION ( 'NONE',  ( 0.000000000000000000, -1.000000000000000000, -0.000000000000000000 ) ) ;
#1216 = DIRECTION ( 'NONE',  ( 5.495603971894524875E-15, -3.677924201333648689E-15, -1.000000000000000000 ) ) ;
#1217 = CARTESIAN_POINT ( 'NONE',  ( -40.78341924626906234, 43.20000000000004547, 25.60000000000016485 ) ) ;
#1218 = ORIENTED_EDGE ( 'NONE', *, *, #4986, .T. ) ;
#1219 = DIRECTION ( 'NONE',  ( 0.000000000000000000, 1.000000000000000000, 4.081702296416015997E-15 ) ) ;
#1220 = VECTOR ( 'NONE', #1783, 1000.000000000000000 ) ;
#1221 = ORIENTED_EDGE ( 'NONE', *, *, #22, .F. ) ;
#1222 = DIRECTION ( 'NONE',  ( 0.4999999999999974465, 0.000000000000000000, -0.8660254037844400399 ) ) ;
#1223 = LINE ( 'NONE', #2015, #858 ) ;
#1224 = EDGE_CURVE ( 'NONE', #1773, #273, #426, .T. ) ;
#1225 = DIRECTION ( 'NONE',  ( -0.000000000000000000, 3.593355771666226926E-15, -1.000000000000000000 ) ) ;
#1226 = EDGE_CURVE ( 'NONE', #3540, #2674, #4477, .T. ) ;
#1227 = VECTOR ( 'NONE', #2887, 1000.000000000000114 ) ;
#1228 = VECTOR ( 'NONE', #2668, 1000.000000000000000 ) ;
#1229 = ORIENTED_EDGE ( 'NONE', *, *, #3581, .F. ) ;
#1230 = EDGE_CURVE ( 'NONE', #3081, #2729, #3999, .T. ) ;
#1231 = VECTOR ( 'NONE', #1216, 1000.000000000000000 ) ;
#1232 = EDGE_CURVE ( 'NONE', #1756, #190, #3165, .T. ) ;
#1233 = CARTESIAN_POINT ( 'NONE',  ( -57.89999999999999858, 14.50000000000000533, 30.00000000000006395 ) ) ;
#1234 = AXIS2_PLACEMENT_3D ( 'NONE', #5016, #4125, #4965 ) ;
#1235 = DIRECTION ( 'NONE',  ( -1.952430740422004218E-29, 1.000000000000000000, 3.552713678800500929E-15 ) ) ;
#1236 = ORIENTED_EDGE ( 'NONE', *, *, #2964, .T. ) ;
#1237 = ORIENTED_EDGE ( 'NONE', *, *, #504, .F. ) ;
#1238 = EDGE_CURVE ( 'NONE', #3141, #2976, #2709, .T. ) ;
#1239 = FACE_OUTER_BOUND ( 'NONE', #1606, .T. ) ;
#1240 = ORIENTED_EDGE ( 'NONE', *, *, #196, .F. ) ;
#1241 = CARTESIAN_POINT ( 'NONE',  ( -44.01658075373095613, 48.80000000000006111, 22.00000000000018474 ) ) ;
#1242 = FACE_OUTER_BOUND ( 'NONE', #4823, .T. ) ;
#1243 = DIRECTION ( 'NONE',  ( -0.000000000000000000, 3.345538132240890616E-15, -1.000000000000000000 ) ) ;
#1244 = CYLINDRICAL_SURFACE ( 'NONE', #3617, 1.799999999999989164 ) ;
#1245 = EDGE_CURVE ( 'NONE', #570, #1387, #4465, .T. ) ;
#1246 = VERTEX_POINT ( 'NONE', #1964 ) ;
#1247 = CARTESIAN_POINT ( 'NONE',  ( -10.69999999999999396, 8.000000000000000000, -9.741096818061118185E-14 ) ) ;
#1248 = ORIENTED_EDGE ( 'NONE', *, *, #4398, .T. ) ;
#1249 = DIRECTION ( 'NONE',  ( -7.617846651086544702E-17, 3.552713678800500929E-15, -1.000000000000000000 ) ) ;
#1250 = CARTESIAN_POINT ( 'NONE',  ( 0.000000000000000000, 8.000000000000000000, 0.000000000000000000 ) ) ;
#1251 = ORIENTED_EDGE ( 'NONE', *, *, #2685, .F. ) ;
#1252 = ORIENTED_EDGE ( 'NONE', *, *, #5093, .T. ) ;
#1253 = LINE ( 'NONE', #2830, #4622 ) ;
#1254 = ADVANCED_FACE ( 'NONE', ( #4423 ), #2870, .F. ) ;
#1255 = PLANE ( 'NONE',  #3211 ) ;
#1256 = ORIENTED_EDGE ( 'NONE', *, *, #4891, .F. ) ;
#1257 = VERTEX_POINT ( 'NONE', #4446 ) ;
#1258 = FACE_OUTER_BOUND ( 'NONE', #1734, .T. ) ;
#1259 = CARTESIAN_POINT ( 'NONE',  ( -57.89999999999999858, 14.50000000000001066, 28.44000000000005812 ) ) ;
#1260 = EDGE_CURVE ( 'NONE', #53, #60, #2456, .T. ) ;
#1261 = LINE ( 'NONE', #3216, #4053 ) ;
#1262 = EDGE_LOOP ( 'NONE', ( #2319, #3612 ) ) ;
#1263 = DIRECTION ( 'NONE',  ( -7.617846651086544702E-17, 3.552713678800500929E-15, -1.000000000000000000 ) ) ;
#1264 = DIRECTION ( 'NONE',  ( -0.000000000000000000, -1.000000000000000000, -0.000000000000000000 ) ) ;
#1265 = DIRECTION ( 'NONE',  ( 0.000000000000000000, -1.000000000000000000, 0.000000000000000000 ) ) ;
#1266 = DIRECTION ( 'NONE',  ( -0.000000000000000000, 1.000000000000000000, -0.000000000000000000 ) ) ;
#1267 = LINE ( 'NONE', #1600, #3708 ) ;
#1268 = AXIS2_PLACEMENT_3D ( 'NONE', #3866, #973, #2562 ) ;
#1269 = CARTESIAN_POINT ( 'NONE',  ( -26.89999999999999858, 14.50000000000003730, 22.00000000000006395 ) ) ;
#1270 = EDGE_LOOP ( 'NONE', ( #2372, #1846, #4167, #2079 ) ) ;
#1271 = CARTESIAN_POINT ( 'NONE',  ( -42.40000000000000568, 30.00000000000003553, 22.00000000000012079 ) ) ;
#1272 = FACE_OUTER_BOUND ( 'NONE', #871, .T. ) ;
#1273 = ORIENTED_EDGE ( 'NONE', *, *, #3838, .T. ) ;
#1274 = EDGE_CURVE ( 'NONE', #4154, #4468, #402, .T. ) ;
#1275 = CARTESIAN_POINT ( 'NONE',  ( -27.00000000000000000, 5.400000000000000355, 0.000000000000000000 ) ) ;
#1276 = CARTESIAN_POINT ( 'NONE',  ( -26.99999999999999645, 60.00000000000002842, -3.233161507461903117 ) ) ;
#1277 = LINE ( 'NONE', #2096, #1134 ) ;
#1278 = VERTEX_POINT ( 'NONE', #4863 ) ;
#1279 = EDGE_LOOP ( 'NONE', ( #5107, #1522 ) ) ;
#1280 = CIRCLE ( 'NONE', #2355, 3.360000000000002096 ) ;
#1281 = CARTESIAN_POINT ( 'NONE',  ( -15.50000000000000000, 0.000000000000000000, -15.49999999999999822 ) ) ;
#1282 = CARTESIAN_POINT ( 'NONE',  ( -31.77675504691096364, 38.00000000000015632, 25.60000000000014708 ) ) ;
#1283 = ADVANCED_FACE ( 'NONE', ( #3634 ), #1214, .F. ) ;
#1284 = VECTOR ( 'NONE', #1652, 1000.000000000000000 ) ;
#1285 = AXIS2_PLACEMENT_3D ( 'NONE', #1281, #4514, #2129 ) ;
#1286 = ADVANCED_FACE ( 'NONE', ( #3584, #864 ), #2457, .T. ) ;
#1287 = DIRECTION ( 'NONE',  ( -0.000000000000000000, 3.345538132240845257E-15, -1.000000000000000000 ) ) ;
#1288 = VERTEX_POINT ( 'NONE', #4050 ) ;
#1289 = DIRECTION ( 'NONE',  ( 0.000000000000000000, -1.000000000000000000, -3.758567531283081775E-15 ) ) ;
#1290 = CYLINDRICAL_SURFACE ( 'NONE', #704, 29.99999999999998934 ) ;
#1291 = DIRECTION ( 'NONE',  ( 0.5000000000000095479, -0.8660254037844331565, 0.000000000000000000 ) ) ;
#1292 = VECTOR ( 'NONE', #2741, 1000.000000000000000 ) ;
#1293 = DIRECTION ( 'NONE',  ( -5.495603971894524875E-15, 3.677924201333648689E-15, 1.000000000000000000 ) ) ;
#1294 = AXIS2_PLACEMENT_3D ( 'NONE', #4348, #1108, #3923 ) ;
#1295 = DIRECTION ( 'NONE',  ( 0.000000000000000000, 1.000000000000000000, 0.000000000000000000 ) ) ;
#1296 = ORIENTED_EDGE ( 'NONE', *, *, #1920, .F. ) ;
#1297 = DIRECTION ( 'NONE',  ( -0.000000000000000000, -3.552713678800500929E-15, 1.000000000000000000 ) ) ;
#1298 = FACE_OUTER_BOUND ( 'NONE', #4502, .T. ) ;
#1299 = LINE ( 'NONE', #2143, #5060 ) ;
#1300 = ORIENTED_EDGE ( 'NONE', *, *, #1372, .T. ) ;
#1301 = VECTOR ( 'NONE', #2484, 1000.000000000000000 ) ;
#1302 = ADVANCED_FACE ( 'NONE', ( #2766 ), #1594, .F. ) ;
#1303 = AXIS2_PLACEMENT_3D ( 'NONE', #193, #4081, #485 ) ;
#1304 = LINE ( 'NONE', #3691, #2862 ) ;
#1305 = EDGE_CURVE ( 'NONE', #2370, #746, #821, .T. ) ;
#1306 = DIRECTION ( 'NONE',  ( 0.000000000000000000, 0.000000000000000000, 1.000000000000000000 ) ) ;
#1307 = DIRECTION ( 'NONE',  ( -0.000000000000000000, 1.000000000000000000, -0.000000000000000000 ) ) ;
#1308 = ORIENTED_EDGE ( 'NONE', *, *, #2362, .F. ) ;
#1309 = VECTOR ( 'NONE', #712, 999.9999999999998863 ) ;
#1310 = ORIENTED_EDGE ( 'NONE', *, *, #2133, .F. ) ;
#1311 = LINE ( 'NONE', #183, #3453 ) ;
#1312 = VERTEX_POINT ( 'NONE', #1241 ) ;
#1313 = ORIENTED_EDGE ( 'NONE', *, *, #1810, .T. ) ;
#1314 = CARTESIAN_POINT ( 'NONE',  ( -25.31043203198699132, 22.00000000000016698, 25.60000000000009024 ) ) ;
#1315 = DIRECTION ( 'NONE',  ( 0.5000000000000095479, -0.8660254037844331565, -2.790012826226010182E-15 ) ) ;
#1316 = EDGE_CURVE ( 'NONE', #3861, #4304, #447, .T. ) ;
#1317 = ADVANCED_FACE ( 'NONE', ( #88 ), #3489, .F. ) ;
#1318 = CARTESIAN_POINT ( 'NONE',  ( -13.50000000000011013, 5.400000000000000355, 23.38268590217978726 ) ) ;
#1319 = VERTEX_POINT ( 'NONE', #1063 ) ;
#1320 = CARTESIAN_POINT ( 'NONE',  ( 29.95641278034914734, 8.000000000000000000, 1.616580753730951558 ) ) ;
#1321 = CARTESIAN_POINT ( 'NONE',  ( -25.31043203198716185, 38.00000000000025580, 22.00000000000014921 ) ) ;
#1322 = LINE ( 'NONE', #170, #1136 ) ;
#1323 = ORIENTED_EDGE ( 'NONE', *, *, #4464, .F. ) ;
#1324 = EDGE_CURVE ( 'NONE', #1387, #2594, #1028, .T. ) ;
#1325 = DIRECTION ( 'NONE',  ( 7.617846651086517585E-17, -1.000000000000000000, -3.663735981263016583E-15 ) ) ;
#1326 = EDGE_LOOP ( 'NONE', ( #4378, #1956, #1593, #4711 ) ) ;
#1327 = DIRECTION ( 'NONE',  ( 1.102003339948839560E-16, 3.493786075749806212E-15, -1.000000000000000000 ) ) ;
#1328 = APPROVAL_STATUS ( 'not_yet_approved' ) ;
#1329 = DIRECTION ( 'NONE',  ( 0.000000000000000000, 0.000000000000000000, 1.000000000000000000 ) ) ;
#1330 = FACE_OUTER_BOUND ( 'NONE', #4014, .T. ) ;
#1331 = ORIENTED_EDGE ( 'NONE', *, *, #3060, .T. ) ;
#1332 = ADVANCED_FACE ( 'NONE', ( #4688, #3927 ), #646, .T. ) ;
#1333 = DIRECTION ( 'NONE',  ( 0.000000000000000000, 0.000000000000000000, 1.000000000000000000 ) ) ;
#1334 = LINE ( 'NONE', #2939, #3282 ) ;
#1335 = EDGE_CURVE ( 'NONE', #1102, #2135, #1860, .T. ) ;
#1336 = DIRECTION ( 'NONE',  ( 0.000000000000000000, 1.000000000000000000, 4.081702296416015997E-15 ) ) ;
#1337 = ORIENTED_EDGE ( 'NONE', *, *, #3277, .T. ) ;
#1338 = ORIENTED_EDGE ( 'NONE', *, *, #1710, .T. ) ;
#1339 = CARTESIAN_POINT ( 'NONE',  ( -42.40000000000000568, 46.00000000000002842, 25.60000000000017550 ) ) ;
#1340 = CYLINDRICAL_SURFACE ( 'NONE', #3346, 1.700000000000000178 ) ;
#1341 = ORIENTED_EDGE ( 'NONE', *, *, #4830, .T. ) ;
#1342 = CARTESIAN_POINT ( 'NONE',  ( -39.16683849253811189, 46.00000000000005684, 25.60000000000017550 ) ) ;
#1343 = DIRECTION ( 'NONE',  ( 0.000000000000000000, 0.000000000000000000, -1.000000000000000000 ) ) ;
#1344 = LINE ( 'NONE', #4874, #878 ) ;
#1345 = EDGE_LOOP ( 'NONE', ( #3098, #1497, #3321, #3476 ) ) ;
#1346 = ORIENTED_EDGE ( 'NONE', *, *, #2085, .F. ) ;
#1347 = CIRCLE ( 'NONE', #4512, 1.699999999999996625 ) ;
#1348 = EDGE_CURVE ( 'NONE', #4445, #1644, #731, .T. ) ;
#1349 = LOCAL_TIME ( 21, 20, 36.00000000000000000, #4930 ) ;
#1350 = LINE ( 'NONE', #79, #2779 ) ;
#1351 = ORIENTED_EDGE ( 'NONE', *, *, #2299, .F. ) ;
#1352 = CARTESIAN_POINT ( 'NONE',  ( -26.89999999999999858, 17.86000000000001364, 30.00000000000007105 ) ) ;
#1353 = LINE ( 'NONE', #156, #315 ) ;
#1354 = VERTEX_POINT ( 'NONE', #2672 ) ;
#1355 = CARTESIAN_POINT ( 'NONE',  ( -39.16683849253811189, 46.00000000000005684, 25.60000000000017550 ) ) ;
#1356 = CARTESIAN_POINT ( 'NONE',  ( 0.000000000000000000, 8.000000000000000000, 0.000000000000000000 ) ) ;
#1357 = CARTESIAN_POINT ( 'NONE',  ( -59.48956796801291347, 21.99999999999993960, 25.60000000000009024 ) ) ;
#1358 = VECTOR ( 'NONE', #902, 1000.000000000000000 ) ;
#1359 = VERTEX_POINT ( 'NONE', #333 ) ;
#1360 = VERTEX_POINT ( 'NONE', #5061 ) ;
#1361 = LINE ( 'NONE', #1314, #4108 ) ;
#1362 = EDGE_CURVE ( 'NONE', #5005, #3942, #3112, .T. ) ;
#1363 = FACE_OUTER_BOUND ( 'NONE', #2075, .T. ) ;
#1364 = VERTEX_POINT ( 'NONE', #1471 ) ;
#1365 = VECTOR ( 'NONE', #1683, 1000.000000000000000 ) ;
#1366 = DIRECTION ( 'NONE',  ( 0.000000000000000000, 0.000000000000000000, 1.000000000000000000 ) ) ;
#1367 = LINE ( 'NONE', #946, #4192 ) ;
#1368 = LINE ( 'NONE', #3763, #1220 ) ;
#1369 = ORIENTED_EDGE ( 'NONE', *, *, #4721, .T. ) ;
#1370 = ORIENTED_EDGE ( 'NONE', *, *, #1836, .F. ) ;
#1371 = VECTOR ( 'NONE', #1394, 1000.000000000000000 ) ;
#1372 = EDGE_CURVE ( 'NONE', #152, #808, #3061, .T. ) ;
#1373 = VECTOR ( 'NONE', #69, 1000.000000000000000 ) ;
#1374 = CARTESIAN_POINT ( 'NONE',  ( -15.50000000000000000, 8.000000000000000000, -15.49999999999999822 ) ) ;
#1375 = ORIENTED_EDGE ( 'NONE', *, *, #3178, .T. ) ;
#1376 = PERSON_AND_ORGANIZATION_ROLE ( 'classification_officer' ) ;
#1377 = CC_DESIGN_DATE_AND_TIME_ASSIGNMENT ( #4613, #3802, ( #2460 ) ) ;
#1378 = AXIS2_PLACEMENT_3D ( 'NONE', #814, #2025, #3622 ) ;
#1379 = AXIS2_PLACEMENT_3D ( 'NONE', #3031, #5083, #1111 ) ;
#1380 = CARTESIAN_POINT ( 'NONE',  ( -30.16017429317998477, 35.20000000000017337, 25.60000000000013642 ) ) ;
#1381 = ADVANCED_FACE ( 'NONE', ( #2328 ), #3142, .T. ) ;
#1382 = PLANE ( 'NONE',  #4982 ) ;
#1383 = ORIENTED_EDGE ( 'NONE', *, *, #4645, .T. ) ;
#1384 = ORIENTED_EDGE ( 'NONE', *, *, #2742, .F. ) ;
#1385 = CYLINDRICAL_SURFACE ( 'NONE', #374, 1.699999999999996625 ) ;
#1386 = VECTOR ( 'NONE', #2369, 1000.000000000000000 ) ;
#1387 = VERTEX_POINT ( 'NONE', #3821 ) ;
#1388 = ORIENTED_EDGE ( 'NONE', *, *, #3758, .T. ) ;
#1389 = EDGE_CURVE ( 'NONE', #343, #5125, #1917, .T. ) ;
#1390 = DIRECTION ( 'NONE',  ( 2.146163712482459552E-16, 3.345538132240890616E-15, -1.000000000000000000 ) ) ;
#1391 = VECTOR ( 'NONE', #2630, 1000.000000000000000 ) ;
#1392 = DIRECTION ( 'NONE',  ( 0.000000000000000000, -1.000000000000000000, 0.000000000000000000 ) ) ;
#1393 = ORIENTED_EDGE ( 'NONE', *, *, #2555, .T. ) ;
#1394 = DIRECTION ( 'NONE',  ( -1.000000000000000000, 0.000000000000000000, 7.617846651086544702E-17 ) ) ;
#1395 = EDGE_CURVE ( 'NONE', #10, #506, #5113, .T. ) ;
#1396 = DIRECTION ( 'NONE',  ( -0.000000000000000000, -3.552713678800500929E-15, 1.000000000000000000 ) ) ;
#1397 = DIRECTION ( 'NONE',  ( 0.000000000000000000, -3.552713678800500929E-15, 1.000000000000000000 ) ) ;
#1398 = ORIENTED_EDGE ( 'NONE', *, *, #2581, .F. ) ;
#1399 = ORIENTED_EDGE ( 'NONE', *, *, #444, .F. ) ;
#1400 = DIRECTION ( 'NONE',  ( -0.8660254037844336006, 0.000000000000000000, -0.5000000000000087708 ) ) ;
#1401 = ORIENTED_EDGE ( 'NONE', *, *, #4218, .F. ) ;
#1402 = CARTESIAN_POINT ( 'NONE',  ( -57.89999999999999858, 14.50000000000000533, 30.00000000000006395 ) ) ;
#1403 = DIRECTION ( 'NONE',  ( 0.000000000000000000, -1.000000000000000000, -3.758567531283081775E-15 ) ) ;
#1404 = CARTESIAN_POINT ( 'NONE',  ( -13.50000000000012612, 8.000000000000000000, -26.61584740964169171 ) ) ;
#1405 = FACE_OUTER_BOUND ( 'NONE', #2436, .T. ) ;
#1406 = EDGE_CURVE ( 'NONE', #1868, #5023, #3539, .T. ) ;
#1407 = ORIENTED_EDGE ( 'NONE', *, *, #2017, .T. ) ;
#1408 = ORIENTED_EDGE ( 'NONE', *, *, #3782, .F. ) ;
#1409 = DIRECTION ( 'NONE',  ( 0.000000000000000000, 1.000000000000000000, 0.000000000000000000 ) ) ;
#1410 = ADVANCED_FACE ( 'NONE', ( #2618 ), #1834, .F. ) ;
#1411 = FACE_BOUND ( 'NONE', #1946, .T. ) ;
#1412 = ORIENTED_EDGE ( 'NONE', *, *, #1724, .T. ) ;
#1413 = DIRECTION ( 'NONE',  ( -1.000000000000000000, 0.000000000000000000, 6.671245638583922968E-16 ) ) ;
#1414 = DIRECTION ( 'NONE',  ( 0.000000000000000000, -1.000000000000000000, 0.000000000000000000 ) ) ;
#1415 = LINE ( 'NONE', #1024, #3717 ) ;
#1416 = VERTEX_POINT ( 'NONE', #113 ) ;
#1417 = DIRECTION ( 'NONE',  ( -0.8660254037844442587, 0.4999999999999902300, 1.759062599773003062E-15 ) ) ;
#1418 = EDGE_LOOP ( 'NONE', ( #790, #764, #641, #1015 ) ) ;
#1419 = EDGE_CURVE ( 'NONE', #3180, #1974, #1132, .T. ) ;
#1420 = PLANE ( 'NONE',  #3212 ) ;
#1421 = DIRECTION ( 'NONE',  ( 0.000000000000000000, 0.000000000000000000, 1.000000000000000000 ) ) ;
#1422 = VERTEX_POINT ( 'NONE', #661 ) ;
#1423 = CARTESIAN_POINT ( 'NONE',  ( -28.54359353944891353, 22.00000000000015277, 25.60000000000009024 ) ) ;
#1424 = EDGE_CURVE ( 'NONE', #2489, #1991, #4303, .T. ) ;
#1425 = PLANE ( 'NONE',  #2880 ) ;
#1426 = DIRECTION ( 'NONE',  ( -1.000000000000000000, 0.000000000000000000, 0.000000000000000000 ) ) ;
#1427 = DIRECTION ( 'NONE',  ( -1.000000000000000000, -1.332267629550187533E-14, -2.146163712482680926E-16 ) ) ;
#1428 = DIRECTION ( 'NONE',  ( 3.402186748401744277E-17, 3.577052802596770261E-15, -1.000000000000000000 ) ) ;
#1429 = EDGE_CURVE ( 'NONE', #121, #3976, #2720, .T. ) ;
#1430 = ORIENTED_EDGE ( 'NONE', *, *, #4188, .F. ) ;
#1431 = EDGE_LOOP ( 'NONE', ( #2327, #1707, #3719, #425 ) ) ;
#1432 = CARTESIAN_POINT ( 'NONE',  ( 21.21320343559646915, 8.000000000000000000, 21.21320343559638033 ) ) ;
#1433 = DIRECTION ( 'NONE',  ( 1.000000000000000000, 1.332267629550187533E-14, 2.146163712482680926E-16 ) ) ;
#1434 = EDGE_CURVE ( 'NONE', #5023, #1035, #1018, .T. ) ;
#1435 = LINE ( 'NONE', #2217, #681 ) ;
#1436 = ORIENTED_EDGE ( 'NONE', *, *, #2831, .T. ) ;
#1437 = DIRECTION ( 'NONE',  ( 0.000000000000000000, -1.000000000000000000, 0.000000000000000000 ) ) ;
#1438 = DIRECTION ( 'NONE',  ( -0.8660254037844336006, 0.000000000000000000, -0.5000000000000087708 ) ) ;
#1439 = VECTOR ( 'NONE', #3001, 1000.000000000000114 ) ;
#1440 = VERTEX_POINT ( 'NONE', #2215 ) ;
#1441 = ORIENTED_EDGE ( 'NONE', *, *, #2620, .T. ) ;
#1442 = CIRCLE ( 'NONE', #2187, 1.799999999999989164 ) ;
#1443 = DIRECTION ( 'NONE',  ( 0.000000000000000000, 1.000000000000000000, 0.000000000000000000 ) ) ;
#1444 = ADVANCED_FACE ( 'NONE', ( #4322 ), #2606, .F. ) ;
#1445 = VERTEX_POINT ( 'NONE', #4655 ) ;
#1446 = AXIS2_PLACEMENT_3D ( 'NONE', #1053, #2263, #292 ) ;
#1447 = AXIS2_PLACEMENT_3D ( 'NONE', #1139, #3029, #3869 ) ;
#1448 = FACE_OUTER_BOUND ( 'NONE', #3260, .T. ) ;
#1449 = FACE_BOUND ( 'NONE', #524, .T. ) ;
#1450 = AXIS2_PLACEMENT_3D ( 'NONE', #3841, #4659, #4713 ) ;
#1451 = DIRECTION ( 'NONE',  ( -0.000000000000000000, 0.000000000000000000, -1.000000000000000000 ) ) ;
#1452 = EDGE_CURVE ( 'NONE', #4126, #1756, #1080, .T. ) ;
#1453 = AXIS2_PLACEMENT_3D ( 'NONE', #240, #1826, #4628 ) ;
#1454 = CARTESIAN_POINT ( 'NONE',  ( -15.50000000000000355, 0.000000000000000000, 15.50000000000000178 ) ) ;
#1455 = ORIENTED_EDGE ( 'NONE', *, *, #1984, .F. ) ;
#1456 = AXIS2_PLACEMENT_3D ( 'NONE', #430, #3224, #3609 ) ;
#1457 = ORIENTED_EDGE ( 'NONE', *, *, #3900, .F. ) ;
#1458 = CIRCLE ( 'NONE', #2793, 1.700000000000000178 ) ;
#1459 = VERTEX_POINT ( 'NONE', #3448 ) ;
#1460 = DIRECTION ( 'NONE',  ( -0.4999999999999979461, -0.000000000000000000, 0.8660254037844397068 ) ) ;
#1461 = CARTESIAN_POINT ( 'NONE',  ( 16.29999999999994387, 8.000000000000000000, -24.99926665591083363 ) ) ;
#1462 = CIRCLE ( 'NONE', #1715, 12.00000000000000000 ) ;
#1463 = FACE_BOUND ( 'NONE', #1630, .T. ) ;
#1464 = ORIENTED_EDGE ( 'NONE', *, *, #1727, .F. ) ;
#1465 = LINE ( 'NONE', #351, #4205 ) ;
#1466 = DIRECTION ( 'NONE',  ( -0.000000000000000000, -1.000000000000000000, -0.000000000000000000 ) ) ;
#1467 = CARTESIAN_POINT ( 'NONE',  ( -54.63982570682013318, 40.80000000000000426, 25.60000000000015774 ) ) ;
#1468 = EDGE_CURVE ( 'NONE', #1288, #1319, #4260, .T. ) ;
#1469 = VECTOR ( 'NONE', #2054, 999.9999999999998863 ) ;
#1470 = ORIENTED_EDGE ( 'NONE', *, *, #289, .T. ) ;
#1471 = CARTESIAN_POINT ( 'NONE',  ( -23.76322043552682928, 8.000000000000000000, -18.31145418945635939 ) ) ;
#1472 = ORIENTED_EDGE ( 'NONE', *, *, #3768, .F. ) ;
#1473 = EDGE_CURVE ( 'NONE', #3141, #3482, #1510, .T. ) ;
#1474 = ORIENTED_EDGE ( 'NONE', *, *, #4572, .F. ) ;
#1475 = CARTESIAN_POINT ( 'NONE',  ( -13.50000000000009948, 5.400000000000000355, 20.14952439471788281 ) ) ;
#1476 = DIRECTION ( 'NONE',  ( 0.8660254037844368202, 0.000000000000000000, 0.5000000000000032196 ) ) ;
#1477 = ORIENTED_EDGE ( 'NONE', *, *, #2069, .T. ) ;
#1478 = DIRECTION ( 'NONE',  ( -0.4999999999999979461, -0.8660254037844397068, -3.004629197474254559E-15 ) ) ;
#1479 = EDGE_CURVE ( 'NONE', #4468, #4120, #4206, .T. ) ;
#1480 = LINE ( 'NONE', #4337, #2305 ) ;
#1481 = DIRECTION ( 'NONE',  ( 1.000000000000000000, 0.000000000000000000, -0.000000000000000000 ) ) ;
#1482 = ADVANCED_FACE ( 'NONE', ( #748 ), #2239, .F. ) ;
#1483 = DIRECTION ( 'NONE',  ( -0.000000000000000000, -1.000000000000000000, -0.000000000000000000 ) ) ;
#1484 = ORIENTED_EDGE ( 'NONE', *, *, #1175, .F. ) ;
#1485 = EDGE_LOOP ( 'NONE', ( #5155, #1351, #1535, #2919 ) ) ;
#1486 = ORIENTED_EDGE ( 'NONE', *, *, #3665, .F. ) ;
#1487 = DIRECTION ( 'NONE',  ( 0.5756811139072521843, -0.7470754134985368999, -0.3323696460817316956 ) ) ;
#1488 = CARTESIAN_POINT ( 'NONE',  ( -57.90000000000000568, 45.50000000000000711, 30.00000000000017764 ) ) ;
#1489 = EDGE_CURVE ( 'NONE', #4812, #3243, #5051, .T. ) ;
#1490 = DIRECTION ( 'NONE',  ( -0.8660254037844397068, 0.000000000000000000, 0.4999999999999979461 ) ) ;
#1491 = VERTEX_POINT ( 'NONE', #1461 ) ;
#1492 = CARTESIAN_POINT ( 'NONE',  ( -16.30000000000012150, 60.00000000000002842, 24.99926665591072350 ) ) ;
#1493 = DIRECTION ( 'NONE',  ( -1.102003339948843381E-16, 3.445107828157265971E-15, -1.000000000000000000 ) ) ;
#1494 = LINE ( 'NONE', #3871, #2881 ) ;
#1495 = CARTESIAN_POINT ( 'NONE',  ( -59.48956796801291347, 21.99999999999993960, 25.60000000000009024 ) ) ;
#1496 = ORIENTED_EDGE ( 'NONE', *, *, #4695, .F. ) ;
#1497 = ORIENTED_EDGE ( 'NONE', *, *, #4538, .T. ) ;
#1498 = ORIENTED_EDGE ( 'NONE', *, *, #2428, .F. ) ;
#1499 = CARTESIAN_POINT ( 'NONE',  ( 13.50000000000031442, 60.00000000000002842, -26.61584740964158868 ) ) ;
#1500 = VERTEX_POINT ( 'NONE', #2264 ) ;
#1501 = ADVANCED_FACE ( 'NONE', ( #1105, #1884 ), #2664, .T. ) ;
#1502 = CARTESIAN_POINT ( 'NONE',  ( -30.16017429317986753, 24.80000000000013216, 25.60000000000009734 ) ) ;
#1503 = LINE ( 'NONE', #3042, #3536 ) ;
#1504 = AXIS2_PLACEMENT_3D ( 'NONE', #640, #3452, #2585 ) ;
#1505 = CARTESIAN_POINT ( 'NONE',  ( -24.19999999999999929, 60.00000000000002842, 1.616580753730953779 ) ) ;
#1506 = ORIENTED_EDGE ( 'NONE', *, *, #4753, .T. ) ;
#1507 = ORIENTED_EDGE ( 'NONE', *, *, #631, .F. ) ;
#1508 = VERTEX_POINT ( 'NONE', #5021 ) ;
#1509 = DIRECTION ( 'NONE',  ( -1.000000000000000000, 0.000000000000000000, -2.720046410331633918E-15 ) ) ;
#1510 = LINE ( 'NONE', #1804, #630 ) ;
#1511 = CARTESIAN_POINT ( 'NONE',  ( -57.87298721428201276, 35.19999999999999574, 25.60000000000013642 ) ) ;
#1512 = ORIENTED_EDGE ( 'NONE', *, *, #3917, .T. ) ;
#1513 = CARTESIAN_POINT ( 'NONE',  ( -57.89999999999999858, 12.70000000000002238, 28.44000000000005102 ) ) ;
#1514 = CARTESIAN_POINT ( 'NONE',  ( -27.00000000000000000, 5.400000000000000355, 0.000000000000000000 ) ) ;
#1515 = CARTESIAN_POINT ( 'NONE',  ( 29.80000000000000071, 8.000000000000000000, -1.616580753730949116 ) ) ;
#1516 = EDGE_CURVE ( 'NONE', #3652, #336, #688, .T. ) ;
#1517 = EDGE_LOOP ( 'NONE', ( #3677, #2402, #919, #1569 ) ) ;
#1518 = CARTESIAN_POINT ( 'NONE',  ( 13.50000000000023981, 60.00000000000002842, -20.14952439471778334 ) ) ;
#1519 = ORIENTED_EDGE ( 'NONE', *, *, #4911, .F. ) ;
#1520 = EDGE_LOOP ( 'NONE', ( #615, #3054, #1369, #3542 ) ) ;
#1521 = FACE_OUTER_BOUND ( 'NONE', #2212, .T. ) ;
#1522 = ORIENTED_EDGE ( 'NONE', *, *, #2418, .F. ) ;
#1523 = VECTOR ( 'NONE', #665, 1000.000000000000000 ) ;
#1524 = EDGE_CURVE ( 'NONE', #4093, #3928, #3836, .T. ) ;
#1525 = CARTESIAN_POINT ( 'NONE',  ( -59.48956796801297031, 37.99999999999999289, 25.60000000000014708 ) ) ;
#1526 = AXIS2_PLACEMENT_3D ( 'NONE', #2238, #1509, #3133 ) ;
#1527 = CIRCLE ( 'NONE', #2611, 3.360000000000002096 ) ;
#1528 = DIRECTION ( 'NONE',  ( 3.402186748401744277E-17, 3.577052802596770261E-15, -1.000000000000000000 ) ) ;
#1529 = CARTESIAN_POINT ( 'NONE',  ( 13.50000000000023981, 60.00000000000002842, -20.14952439471778334 ) ) ;
#1530 = CC_DESIGN_PERSON_AND_ORGANIZATION_ASSIGNMENT ( #2931, #4587, ( #2460 ) ) ;
#1531 = EDGE_CURVE ( 'NONE', #3698, #4301, #2109, .T. ) ;
#1532 = CIRCLE ( 'NONE', #869, 29.99999999999998934 ) ;
#1533 = DIRECTION ( 'NONE',  ( -0.000000000000000000, -1.000000000000000000, 0.000000000000000000 ) ) ;
#1534 = LINE ( 'NONE', #2316, #3891 ) ;
#1535 = ORIENTED_EDGE ( 'NONE', *, *, #2584, .F. ) ;
#1536 = ORIENTED_EDGE ( 'NONE', *, *, #562, .F. ) ;
#1537 = ORIENTED_EDGE ( 'NONE', *, *, #3551, .T. ) ;
#1538 = LINE ( 'NONE', #324, #4953 ) ;
#1539 = AXIS2_PLACEMENT_3D ( 'NONE', #845, #480, #1168 ) ;
#1540 = AXIS2_PLACEMENT_3D ( 'NONE', #3199, #433, #778 ) ;
#1541 = ADVANCED_FACE ( 'NONE', ( #1239 ), #3944, .F. ) ;
#1542 = PLANE ( 'NONE',  #1770 ) ;
#1543 = ORIENTED_EDGE ( 'NONE', *, *, #3308, .F. ) ;
#1544 = DIRECTION ( 'NONE',  ( 0.000000000000000000, 1.000000000000000000, 0.000000000000000000 ) ) ;
#1545 = LINE ( 'NONE', #3949, #1195 ) ;
#1546 = DIRECTION ( 'NONE',  ( -2.109423746787797427E-15, 0.000000000000000000, 1.000000000000000000 ) ) ;
#1547 = EDGE_LOOP ( 'NONE', ( #3503, #3222, #2166, #73 ) ) ;
#1548 = VECTOR ( 'NONE', #1856, 1000.000000000000000 ) ;
#1549 = CARTESIAN_POINT ( 'NONE',  ( 12.42640687119288323, 8.000000000000035527, 22.00000000000003553 ) ) ;
#1550 = ORIENTED_EDGE ( 'NONE', *, *, #1758, .F. ) ;
#1551 = PLANE ( 'NONE',  #806 ) ;
#1552 = ADVANCED_FACE ( 'NONE', ( #422 ), #1588, .T. ) ;
#1553 = VERTEX_POINT ( 'NONE', #3134 ) ;
#1554 = VECTOR ( 'NONE', #1293, 1000.000000000000000 ) ;
#1555 = CYLINDRICAL_SURFACE ( 'NONE', #4805, 1.700000000000000178 ) ;
#1556 = VERTEX_POINT ( 'NONE', #861 ) ;
#1557 = CARTESIAN_POINT ( 'NONE',  ( -5.350000000000020961, 8.000000000000000000, 9.266471820493462630 ) ) ;
#1558 = DIRECTION ( 'NONE',  ( -0.8660254037844328234, -0.5000000000000101030, -1.817990202823767988E-15 ) ) ;
#1559 = LINE ( 'NONE', #3153, #2957 ) ;
#1560 = DIRECTION ( 'NONE',  ( -0.000000000000000000, 3.221629312528199387E-15, -1.000000000000000000 ) ) ;
#1561 = ORIENTED_EDGE ( 'NONE', *, *, #4814, .T. ) ;
#1562 = ORIENTED_EDGE ( 'NONE', *, *, #4414, .T. ) ;
#1563 = ORIENTED_EDGE ( 'NONE', *, *, #2994, .T. ) ;
#1564 = DIRECTION ( 'NONE',  ( -5.495603971894524875E-15, 0.000000000000000000, 1.000000000000000000 ) ) ;
#1565 = ADVANCED_FACE ( 'NONE', ( #818, #2002 ), #3185, .T. ) ;
#1566 = DIRECTION ( 'NONE',  ( -0.000000000000000000, -3.552713678800500929E-15, 1.000000000000000000 ) ) ;
#1567 = CARTESIAN_POINT ( 'NONE',  ( -53.02324495308916141, 38.00000000000001421, 22.00000000000014921 ) ) ;
#1568 = DIRECTION ( 'NONE',  ( 0.5000000000000095479, -0.8660254037844331565, -2.790012826226010182E-15 ) ) ;
#1569 = ORIENTED_EDGE ( 'NONE', *, *, #1019, .T. ) ;
#1570 = DIRECTION ( 'NONE',  ( 0.8660254037844408170, -0.4999999999999961697, -1.710384352180486092E-15 ) ) ;
#1571 = DIRECTION ( 'NONE',  ( 0.8660254037844390407, 0.000000000000000000, -0.4999999999999991673 ) ) ;
#1572 = CYLINDRICAL_SURFACE ( 'NONE', #390, 1.799999999999989164 ) ;
#1573 = VERTEX_POINT ( 'NONE', #2453 ) ;
#1574 = ORIENTED_EDGE ( 'NONE', *, *, #1516, .F. ) ;
#1575 = LINE ( 'NONE', #4769, #1960 ) ;
#1576 = VERTEX_POINT ( 'NONE', #4399 ) ;
#1577 = CARTESIAN_POINT ( 'NONE',  ( -13.50000000000012967, 60.00000000000002842, 26.61584740964168816 ) ) ;
#1578 = EDGE_LOOP ( 'NONE', ( #2662, #4915, #3765, #568 ) ) ;
#1579 = EDGE_CURVE ( 'NONE', #1102, #108, #1873, .T. ) ;
#1580 = PLANE ( 'NONE',  #1181 ) ;
#1581 = CARTESIAN_POINT ( 'NONE',  ( -13.49999999999978328, 0.000000000000000000, -21.68268590217996916 ) ) ;
#1582 = ADVANCED_FACE ( 'NONE', ( #3159 ), #2838, .T. ) ;
#1583 = DIRECTION ( 'NONE',  ( 0.000000000000000000, -1.000000000000000000, -3.221629312528199387E-15 ) ) ;
#1584 = ORIENTED_EDGE ( 'NONE', *, *, #2927, .F. ) ;
#1585 = EDGE_LOOP ( 'NONE', ( #4920, #429, #2590, #2739 ) ) ;
#1586 = VERTEX_POINT ( 'NONE', #2404 ) ;
#1587 = DIRECTION ( 'NONE',  ( -9.714451465470121306E-15, 0.000000000000000000, 1.000000000000000000 ) ) ;
#1588 = PLANE ( 'NONE',  #1213 ) ;
#1589 = VECTOR ( 'NONE', #1852, 1000.000000000000000 ) ;
#1590 = EDGE_CURVE ( 'NONE', #108, #1102, #4391, .T. ) ;
#1591 = EDGE_CURVE ( 'NONE', #808, #4107, #2376, .T. ) ;
#1592 = CARTESIAN_POINT ( 'NONE',  ( -57.87298721428200565, 35.19999999999999574, 22.00000000000014211 ) ) ;
#1593 = ORIENTED_EDGE ( 'NONE', *, *, #4354, .T. ) ;
#1594 = CYLINDRICAL_SURFACE ( 'NONE', #4207, 1.700000000000000178 ) ;
#1595 = DIRECTION ( 'NONE',  ( 0.000000000000000000, -1.000000000000000000, 0.000000000000000000 ) ) ;
#1596 = DIRECTION ( 'NONE',  ( 0.000000000000000000, 3.445107828157266365E-15, -1.000000000000000000 ) ) ;
#1597 = LINE ( 'NONE', #4793, #4708 ) ;
#1598 = ORIENTED_EDGE ( 'NONE', *, *, #1019, .F. ) ;
#1599 = EDGE_CURVE ( 'NONE', #3243, #825, #2463, .T. ) ;
#1600 = CARTESIAN_POINT ( 'NONE',  ( -29.80000000000000071, 60.00000000000002842, 1.616580753730949116 ) ) ;
#1601 = EDGE_CURVE ( 'NONE', #3146, #3820, #1866, .T. ) ;
#1602 = EDGE_LOOP ( 'NONE', ( #3059, #2749, #3143, #1736, #4726, #4871 ) ) ;
#1603 = FACE_OUTER_BOUND ( 'NONE', #1085, .T. ) ;
#1604 = LINE ( 'NONE', #3198, #3439 ) ;
#1605 = CARTESIAN_POINT ( 'NONE',  ( -57.89999999999999858, 12.70000000000002061, 30.00000000000005684 ) ) ;
#1606 = EDGE_LOOP ( 'NONE', ( #1146, #1078, #446, #4209 ) ) ;
#1607 = AXIS2_PLACEMENT_3D ( 'NONE', #13, #3582, #3921 ) ;
#1608 = ADVANCED_FACE ( 'NONE', ( #4305 ), #1420, .F. ) ;
#1609 = PLANE ( 'NONE',  #705 ) ;
#1610 = AXIS2_PLACEMENT_3D ( 'NONE', #1179, #420, #4758 ) ;
#1611 = FACE_OUTER_BOUND ( 'NONE', #2572, .T. ) ;
#1612 = VECTOR ( 'NONE', #4063, 1000.000000000000000 ) ;
#1613 = ORIENTED_EDGE ( 'NONE', *, *, #4265, .T. ) ;
#1614 = EDGE_CURVE ( 'NONE', #3465, #857, #1066, .T. ) ;
#1615 = ORIENTED_EDGE ( 'NONE', *, *, #3323, .F. ) ;
#1616 = VERTEX_POINT ( 'NONE', #1475 ) ;
#1617 = DIRECTION ( 'NONE',  ( -5.495603971894524875E-15, 0.000000000000000000, 1.000000000000000000 ) ) ;
#1618 = AXIS2_PLACEMENT_3D ( 'NONE', #1807, #2112, #1366 ) ;
#1619 = ORIENTED_EDGE ( 'NONE', *, *, #5059, .F. ) ;
#1620 = CIRCLE ( 'NONE', #4037, 3.360000000000000320 ) ;
#1621 = DIRECTION ( 'NONE',  ( 0.5000000000000034417, -0.8660254037844367092, -3.219245568722465410E-15 ) ) ;
#1622 = CARTESIAN_POINT ( 'NONE',  ( 5.349999999999980993, 8.000000000000000000, 9.266471820493480394 ) ) ;
#1623 = DIRECTION ( 'NONE',  ( 0.000000000000000000, 0.000000000000000000, -1.000000000000000000 ) ) ;
#1624 = DIRECTION ( 'NONE',  ( 0.000000000000000000, 1.000000000000000000, 4.081702296416015997E-15 ) ) ;
#1625 = ORIENTED_EDGE ( 'NONE', *, *, #932, .T. ) ;
#1626 = CARTESIAN_POINT ( 'NONE',  ( 21.21320343559646915, 8.000000000000000000, 21.21320343559638033 ) ) ;
#1627 = CIRCLE ( 'NONE', #2956, 3.360000000000002096 ) ;
#1628 = AXIS2_PLACEMENT_3D ( 'NONE', #2072, #2446, #1306 ) ;
#1629 = AXIS2_PLACEMENT_3D ( 'NONE', #1633, #1225, #3172 ) ;
#1630 = EDGE_LOOP ( 'NONE', ( #5034, #3908 ) ) ;
#1631 = CARTESIAN_POINT ( 'NONE',  ( 15.49999999999999645, 0.000000000000000000, 18.86000000000000298 ) ) ;
#1632 = DIRECTION ( 'NONE',  ( -0.8660254037844336006, 0.000000000000000000, -0.5000000000000087708 ) ) ;
#1633 = CARTESIAN_POINT ( 'NONE',  ( -28.54359353944907696, 38.00000000000018474, 25.60000000000014708 ) ) ;
#1634 = AXIS2_PLACEMENT_3D ( 'NONE', #1276, #2859, #903 ) ;
#1635 = VECTOR ( 'NONE', #1546, 1000.000000000000000 ) ;
#1636 = ORIENTED_EDGE ( 'NONE', *, *, #1710, .F. ) ;
#1637 = ADVANCED_FACE ( 'NONE', ( #2675 ), #463, .F. ) ;
#1638 = AXIS2_PLACEMENT_3D ( 'NONE', #3523, #1953, #3126 ) ;
#1639 = CARTESIAN_POINT ( 'NONE',  ( 0.000000000000000000, 5.400000000000000355, 0.000000000000000000 ) ) ;
#1640 = VECTOR ( 'NONE', #1041, 1000.000000000000114 ) ;
#1641 = ADVANCED_FACE ( 'NONE', ( #3409 ), #2649, .F. ) ;
#1642 = CARTESIAN_POINT ( 'NONE',  ( 24.19999999999999929, 8.000000000000000000, -1.616580753730953779 ) ) ;
#1643 = VERTEX_POINT ( 'NONE', #5065 ) ;
#1644 = VERTEX_POINT ( 'NONE', #648 ) ;
#1645 = ORIENTED_EDGE ( 'NONE', *, *, #1389, .F. ) ;
#1646 = DIRECTION ( 'NONE',  ( -0.000000000000000000, -3.552713678800500929E-15, 1.000000000000000000 ) ) ;
#1647 = DIRECTION ( 'NONE',  ( 0.4999999999999992228, 0.000000000000000000, 0.8660254037844391517 ) ) ;
#1648 = EDGE_CURVE ( 'NONE', #2666, #3732, #2226, .T. ) ;
#1649 = LINE ( 'NONE', #3242, #1885 ) ;
#1650 = ORIENTED_EDGE ( 'NONE', *, *, #585, .F. ) ;
#1651 = CARTESIAN_POINT ( 'NONE',  ( -24.19999999999999929, 8.000000000000000000, 2.596858092102800434E-14 ) ) ;
#1652 = DIRECTION ( 'NONE',  ( 0.000000000000000000, -1.000000000000000000, 0.000000000000000000 ) ) ;
#1653 = CARTESIAN_POINT ( 'NONE',  ( -56.25640646055099126, 21.99999999999994316, 30.00000000000034106 ) ) ;
#1654 = DIRECTION ( 'NONE',  ( -0.000000000000000000, 3.593355771666182750E-15, -1.000000000000000000 ) ) ;
#1655 = EDGE_CURVE ( 'NONE', #307, #344, #2279, .T. ) ;
#1656 = DIRECTION ( 'NONE',  ( 0.5000000000000039968, -0.8660254037844363761, -3.004629197474243121E-15 ) ) ;
#1657 = VERTEX_POINT ( 'NONE', #1089 ) ;
#1658 = LINE ( 'NONE', #457, #3619 ) ;
#1659 = FACE_OUTER_BOUND ( 'NONE', #4213, .T. ) ;
#1660 = ORIENTED_EDGE ( 'NONE', *, *, #1755, .F. ) ;
#1661 = VERTEX_POINT ( 'NONE', #5090 ) ;
#1662 = EDGE_CURVE ( 'NONE', #3187, #4288, #2416, .T. ) ;
#1663 = DIRECTION ( 'NONE',  ( 0.000000000000000000, 1.000000000000000000, 0.000000000000000000 ) ) ;
#1664 = FACE_OUTER_BOUND ( 'NONE', #5154, .T. ) ;
#1665 = CARTESIAN_POINT ( 'NONE',  ( -84.80000000000001137, 60.00000000000014211, 25.60000000000021458 ) ) ;
#1666 = ORIENTED_EDGE ( 'NONE', *, *, #1984, .T. ) ;
#1667 = VERTEX_POINT ( 'NONE', #1193 ) ;
#1668 = ORIENTED_EDGE ( 'NONE', *, *, #3173, .F. ) ;
#1669 = LINE ( 'NONE', #838, #4621 ) ;
#1670 = CYLINDRICAL_SURFACE ( 'NONE', #1060, 1.700000000000000178 ) ;
#1671 = ORIENTED_EDGE ( 'NONE', *, *, #1755, .T. ) ;
#1672 = DIRECTION ( 'NONE',  ( -1.000000000000000000, -1.998401444325287295E-15, 2.146163712482384364E-16 ) ) ;
#1673 = FACE_OUTER_BOUND ( 'NONE', #2192, .T. ) ;
#1674 = CARTESIAN_POINT ( 'NONE',  ( -26.90000000000000568, 45.50000000000004263, 22.00000000000017053 ) ) ;
#1675 = AXIS2_PLACEMENT_3D ( 'NONE', #3962, #2064, #4078 ) ;
#1676 = LINE ( 'NONE', #2875, #847 ) ;
#1677 = ORIENTED_EDGE ( 'NONE', *, *, #2397, .F. ) ;
#1678 = DIRECTION ( 'NONE',  ( -1.000000000000000000, 0.000000000000000000, 7.617846651086544702E-17 ) ) ;
#1679 = ADVANCED_FACE ( 'NONE', ( #4356 ), #4008, .T. ) ;
#1680 = FACE_BOUND ( 'NONE', #4926, .T. ) ;
#1681 = ORIENTED_EDGE ( 'NONE', *, *, #4596, .T. ) ;
#1682 = VECTOR ( 'NONE', #230, 1000.000000000000114 ) ;
#1683 = DIRECTION ( 'NONE',  ( -0.000000000000000000, -1.000000000000000000, -0.000000000000000000 ) ) ;
#1684 = LINE ( 'NONE', #2886, #1358 ) ;
#1685 = CARTESIAN_POINT ( 'NONE',  ( 13.49999999999995559, 5.400000000000000355, 20.14952439471797163 ) ) ;
#1686 = LINE ( 'NONE', #3236, #4815 ) ;
#1687 = ORIENTED_EDGE ( 'NONE', *, *, #3984, .F. ) ;
#1688 = CIRCLE ( 'NONE', #4614, 3.360000000000002096 ) ;
#1689 = FACE_OUTER_BOUND ( 'NONE', #2228, .T. ) ;
#1690 = CYLINDRICAL_SURFACE ( 'NONE', #4706, 1.799999999999989164 ) ;
#1691 = AXIS2_PLACEMENT_3D ( 'NONE', #3756, #1390, #2978 ) ;
#1692 = CIRCLE ( 'NONE', #3023, 1.799999999999987388 ) ;
#1693 = LINE ( 'NONE', #3265, #309 ) ;
#1694 = EDGE_LOOP ( 'NONE', ( #180, #675, #252, #3181 ) ) ;
#1695 = VERTEX_POINT ( 'NONE', #4826 ) ;
#1696 = LINE ( 'NONE', #560, #2778 ) ;
#1697 = DIRECTION ( 'NONE',  ( 0.5000000000000039968, 0.000000000000000000, 0.8660254037844363761 ) ) ;
#1698 = AXIS2_PLACEMENT_3D ( 'NONE', #1356, #964, #3363 ) ;
#1699 = FACE_OUTER_BOUND ( 'NONE', #1107, .T. ) ;
#1700 = VECTOR ( 'NONE', #5150, 1000.000000000000000 ) ;
#1701 = EDGE_CURVE ( 'NONE', #411, #4459, #1792, .T. ) ;
#1702 = CIRCLE ( 'NONE', #455, 29.99999999999998934 ) ;
#1703 = LINE ( 'NONE', #4899, #2917 ) ;
#1704 = ORIENTED_EDGE ( 'NONE', *, *, #3505, .F. ) ;
#1705 = CARTESIAN_POINT ( 'NONE',  ( -42.40000000000000568, 30.00000000000001066, 30.00000000000030198 ) ) ;
#1706 = CARTESIAN_POINT ( 'NONE',  ( -28.54359353944891353, 23.70000000000015206, 25.60000000000009734 ) ) ;
#1707 = ORIENTED_EDGE ( 'NONE', *, *, #4389, .F. ) ;
#1708 = VECTOR ( 'NONE', #1544, 1000.000000000000000 ) ;
#1709 = LINE ( 'NONE', #3292, #223 ) ;
#1710 = EDGE_CURVE ( 'NONE', #2591, #1556, #1945, .T. ) ;
#1711 = AXIS2_PLACEMENT_3D ( 'NONE', #3568, #406, #5166 ) ;
#1712 = AXIS2_PLACEMENT_3D ( 'NONE', #75, #3932, #358 ) ;
#1713 = FACE_BOUND ( 'NONE', #4914, .T. ) ;
#1714 = APPROVAL_STATUS ( 'not_yet_approved' ) ;
#1715 = AXIS2_PLACEMENT_3D ( 'NONE', #666, #1809, #3002 ) ;
#1716 = LINE ( 'NONE', #2150, #4045 ) ;
#1717 = FACE_OUTER_BOUND ( 'NONE', #5112, .T. ) ;
#1718 = ORIENTED_EDGE ( 'NONE', *, *, #2243, .F. ) ;
#1719 = ORIENTED_EDGE ( 'NONE', *, *, #1965, .F. ) ;
#1720 = AXIS2_PLACEMENT_3D ( 'NONE', #3474, #1483, #3096 ) ;
#1721 = DIRECTION ( 'NONE',  ( 0.000000000000000000, 0.000000000000000000, -1.000000000000000000 ) ) ;
#1722 = FACE_OUTER_BOUND ( 'NONE', #1212, .T. ) ;
#1723 = ADVANCED_FACE ( 'NONE', ( #1272 ), #3986, .F. ) ;
#1724 = EDGE_CURVE ( 'NONE', #943, #4093, #4473, .T. ) ;
#1725 = ORIENTED_EDGE ( 'NONE', *, *, #3685, .F. ) ;
#1726 = DIRECTION ( 'NONE',  ( -0.8660254037844383745, 0.000000000000000000, -0.5000000000000003331 ) ) ;
#1727 = EDGE_CURVE ( 'NONE', #1500, #4836, #4637, .T. ) ;
#1728 = DIRECTION ( 'NONE',  ( 0.8660254037844333785, 0.000000000000000000, 0.5000000000000092149 ) ) ;
#1729 = ORIENTED_EDGE ( 'NONE', *, *, #4258, .T. ) ;
#1730 = CARTESIAN_POINT ( 'NONE',  ( 1.675926263239042842E-15, 8.000000000000000000, 22.00000000000003908 ) ) ;
#1731 = CARTESIAN_POINT ( 'NONE',  ( -28.54359353944907696, 36.30000000000018900, 25.60000000000013998 ) ) ;
#1732 = DIRECTION ( 'NONE',  ( 0.000000000000000000, -3.445107828157266365E-15, 1.000000000000000000 ) ) ;
#1733 = ORIENTED_EDGE ( 'NONE', *, *, #4273, .T. ) ;
#1734 = EDGE_LOOP ( 'NONE', ( #3325, #2968, #175, #4979 ) ) ;
#1735 = CARTESIAN_POINT ( 'NONE',  ( 10.69999999999994778, 5.400000000000000355, 21.76610514844892208 ) ) ;
#1736 = ORIENTED_EDGE ( 'NONE', *, *, #836, .T. ) ;
#1737 = APPROVAL_STATUS ( 'not_yet_approved' ) ;
#1738 = LINE ( 'NONE', #1380, #135 ) ;
#1739 = DIRECTION ( 'NONE',  ( -0.4999999999999985567, -0.8660254037844394848, -2.790012826226032270E-15 ) ) ;
#1740 = VERTEX_POINT ( 'NONE', #3571 ) ;
#1741 = VERTEX_POINT ( 'NONE', #1993 ) ;
#1742 = EDGE_CURVE ( 'NONE', #1278, #1102, #410, .T. ) ;
#1743 = DIRECTION ( 'NONE',  ( 0.000000000000000000, -1.000000000000000000, -3.854941057726246577E-15 ) ) ;
#1744 = FACE_OUTER_BOUND ( 'NONE', #2333, .T. ) ;
#1745 = EDGE_LOOP ( 'NONE', ( #1936, #2136, #4585, #42 ) ) ;
#1746 = ORIENTED_EDGE ( 'NONE', *, *, #3906, .T. ) ;
#1747 = CARTESIAN_POINT ( 'NONE',  ( -15.50000000000000000, 0.000000000000000000, -18.85999999999999943 ) ) ;
#1748 = ADVANCED_FACE ( 'NONE', ( #386 ), #3590, .T. ) ;
#1749 = EDGE_CURVE ( 'NONE', #1556, #3809, #296, .T. ) ;
#1750 = CARTESIAN_POINT ( 'NONE',  ( -10.69999999999976659, 60.00000000000002842, -24.99926665591089048 ) ) ;
#1751 = EDGE_LOOP ( 'NONE', ( #3113, #1076, #3423, #3397 ) ) ;
#1752 = DIRECTION ( 'NONE',  ( 0.000000000000000000, -1.000000000000000000, -3.585095183685402643E-15 ) ) ;
#1753 = LINE ( 'NONE', #4605, #3016 ) ;
#1754 = LINE ( 'NONE', #2851, #4888 ) ;
#1755 = EDGE_CURVE ( 'NONE', #1115, #2117, #4802, .T. ) ;
#1756 = VERTEX_POINT ( 'NONE', #3614 ) ;
#1757 = ORIENTED_EDGE ( 'NONE', *, *, #2191, .T. ) ;
#1758 = EDGE_CURVE ( 'NONE', #1508, #3377, #2290, .T. ) ;
#1759 = AXIS2_PLACEMENT_3D ( 'NONE', #4672, #1872, #3469 ) ;
#1760 = DIRECTION ( 'NONE',  ( 0.000000000000000000, -1.000000000000000000, -3.854941057726253677E-15 ) ) ;
#1761 = ORIENTED_EDGE ( 'NONE', *, *, #1274, .T. ) ;
#1762 = PERSON_AND_ORGANIZATION ( #5120, #4359 ) ;
#1763 = CARTESIAN_POINT ( 'NONE',  ( 10.69999999999994778, 10.24040027717670220, 22.00000000000003908 ) ) ;
#1764 = ADVANCED_FACE ( 'NONE', ( #1659 ), #2775, .F. ) ;
#1765 = LINE ( 'NONE', #4146, #4315 ) ;
#1766 = VERTEX_POINT ( 'NONE', #758 ) ;
#1767 = DIRECTION ( 'NONE',  ( -0.000000000000000000, 1.000000000000000000, -0.000000000000000000 ) ) ;
#1768 = PLANE ( 'NONE',  #2276 ) ;
#1769 = ADVANCED_FACE ( 'NONE', ( #5144 ), #1555, .F. ) ;
#1770 = AXIS2_PLACEMENT_3D ( 'NONE', #4401, #2346, #1910 ) ;
#1771 = DIRECTION ( 'NONE',  ( 0.8660254037844328234, 0.5000000000000101030, 1.817990202823767988E-15 ) ) ;
#1772 = ORIENTED_EDGE ( 'NONE', *, *, #4595, .F. ) ;
#1773 = VERTEX_POINT ( 'NONE', #2 ) ;
#1774 = LINE ( 'NONE', #4575, #5121 ) ;
#1775 = VECTOR ( 'NONE', #1726, 1000.000000000000114 ) ;
#1776 = DIRECTION ( 'NONE',  ( 0.000000000000000000, 0.000000000000000000, 1.000000000000000000 ) ) ;
#1777 = CARTESIAN_POINT ( 'NONE',  ( -42.40000000000000568, 18.00000000000003197, 22.00000000000007816 ) ) ;
#1778 = CIRCLE ( 'NONE', #3026, 1.700000000000000178 ) ;
#1779 = EDGE_LOOP ( 'NONE', ( #645, #369 ) ) ;
#1780 = AXIS2_PLACEMENT_3D ( 'NONE', #879, #465, #1760 ) ;
#1781 = DIRECTION ( 'NONE',  ( -0.000000000000000000, 3.717264591378872007E-15, -1.000000000000000000 ) ) ;
#1782 = CARTESIAN_POINT ( 'NONE',  ( 26.99999999999999645, 60.00000000000002842, 3.233161507461903117 ) ) ;
#1783 = DIRECTION ( 'NONE',  ( 1.000000000000000000, -0.000000000000000000, 0.000000000000000000 ) ) ;
#1784 = ORIENTED_EDGE ( 'NONE', *, *, #1905, .T. ) ;
#1785 = ORIENTED_EDGE ( 'NONE', *, *, #4832, .T. ) ;
#1786 = VECTOR ( 'NONE', #4682, 1000.000000000000000 ) ;
#1787 = CIRCLE ( 'NONE', #3877, 1.699999999999996625 ) ;
#1788 = LINE ( 'NONE', #226, #2941 ) ;
#1789 = ORIENTED_EDGE ( 'NONE', *, *, #4767, .T. ) ;
#1790 = PERSON_AND_ORGANIZATION_ROLE ( 'creator' ) ;
#1791 = CONICAL_SURFACE ( 'NONE', #2289, 3.360000000000003428, 0.7853981633974492782 ) ;
#1792 = CIRCLE ( 'NONE', #1712, 3.360000000000003428 ) ;
#1793 = LINE ( 'NONE', #2550, #3378 ) ;
#1794 = FACE_OUTER_BOUND ( 'NONE', #1865, .T. ) ;
#1795 = DIRECTION ( 'NONE',  ( 0.000000000000000000, 0.000000000000000000, 1.000000000000000000 ) ) ;
#1796 = CARTESIAN_POINT ( 'NONE',  ( -57.90000000000000568, 45.50000000000001421, 28.44000000000017181 ) ) ;
#1797 = VECTOR ( 'NONE', #3910, 1000.000000000000000 ) ;
#1798 = EDGE_CURVE ( 'NONE', #4107, #1115, #4773, .T. ) ;
#1799 = AXIS2_PLACEMENT_3D ( 'NONE', #3968, #3500, #3575 ) ;
#1800 = ORIENTED_EDGE ( 'NONE', *, *, #4004, .T. ) ;
#1801 = ORIENTED_EDGE ( 'NONE', *, *, #4339, .F. ) ;
#1802 = CARTESIAN_POINT ( 'NONE',  ( -44.01658075373095613, 48.80000000000006111, 22.00000000000018474 ) ) ;
#1803 = AXIS2_PLACEMENT_3D ( 'NONE', #3435, #5039, #2708 ) ;
#1804 = CARTESIAN_POINT ( 'NONE',  ( -42.40000000000000568, 18.00000000000001066, 30.00000000000025935 ) ) ;
#1805 = FACE_OUTER_BOUND ( 'NONE', #440, .T. ) ;
#1806 = ORIENTED_EDGE ( 'NONE', *, *, #742, .T. ) ;
#1807 = CARTESIAN_POINT ( 'NONE',  ( 27.00000000000000000, 5.400000000000000355, 0.000000000000000000 ) ) ;
#1808 = FACE_OUTER_BOUND ( 'NONE', #2738, .T. ) ;
#1809 = DIRECTION ( 'NONE',  ( -7.617846651086544702E-17, 3.552713678800500929E-15, -1.000000000000000000 ) ) ;
#1810 = EDGE_CURVE ( 'NONE', #2701, #2594, #3796, .T. ) ;
#1811 = ORIENTED_EDGE ( 'NONE', *, *, #1434, .F. ) ;
#1812 = EDGE_LOOP ( 'NONE', ( #2938, #3771, #2275, #3911 ) ) ;
#1813 = DIRECTION ( 'NONE',  ( 0.000000000000000000, -0.7071067811865507924, 0.7071067811865441310 ) ) ;
#1814 = FACE_OUTER_BOUND ( 'NONE', #5124, .T. ) ;
#1815 = EDGE_LOOP ( 'NONE', ( #4631, #5074, #2733, #1671 ) ) ;
#1816 = DATE_AND_TIME ( #5011, #1349 ) ;
#1817 = EDGE_CURVE ( 'NONE', #382, #4082, #3380, .T. ) ;
#1818 = DIRECTION ( 'NONE',  ( -0.8660254037844390407, 0.000000000000000000, 0.4999999999999991673 ) ) ;
#1819 = DIRECTION ( 'NONE',  ( -0.000000000000000000, -1.000000000000000000, -0.000000000000000000 ) ) ;
#1820 = CARTESIAN_POINT ( 'NONE',  ( 2.742424794396365927E-16, -9.456959025401700359E-14, 25.60000000000000497 ) ) ;
#1821 = DIRECTION ( 'NONE',  ( -0.4999999999999900635, 0.000000000000000000, -0.8660254037844444808 ) ) ;
#1822 = EDGE_CURVE ( 'NONE', #3353, #4351, #4902, .T. ) ;
#1823 = EDGE_LOOP ( 'NONE', ( #3003, #4099 ) ) ;
#1824 = ORIENTED_EDGE ( 'NONE', *, *, #1230, .T. ) ;
#1825 = DIRECTION ( 'NONE',  ( -0.8660254037844333785, 0.000000000000000000, -0.5000000000000092149 ) ) ;
#1826 = DIRECTION ( 'NONE',  ( -0.000000000000000000, 1.000000000000000000, -0.000000000000000000 ) ) ;
#1827 = EDGE_CURVE ( 'NONE', #3377, #1508, #3550, .T. ) ;
#1828 = DIRECTION ( 'NONE',  ( 2.720046410331633524E-15, 0.000000000000000000, -1.000000000000000000 ) ) ;
#1829 = CARTESIAN_POINT ( 'NONE',  ( 27.00000000000000000, 0.000000000000000000, 0.000000000000000000 ) ) ;
#1830 = DIRECTION ( 'NONE',  ( 0.000000000000000000, 1.000000000000000000, 3.854941057726268666E-15 ) ) ;
#1831 = CARTESIAN_POINT ( 'NONE',  ( -10.69999999999976659, 5.400000000000000355, -24.99926665591089048 ) ) ;
#1832 = FACE_OUTER_BOUND ( 'NONE', #4068, .T. ) ;
#1833 = ORIENTED_EDGE ( 'NONE', *, *, #1224, .F. ) ;
#1834 = CYLINDRICAL_SURFACE ( 'NONE', #802, 1.700000000000000178 ) ;
#1835 = ORIENTED_EDGE ( 'NONE', *, *, #3699, .F. ) ;
#1836 = EDGE_CURVE ( 'NONE', #2902, #3330, #1344, .T. ) ;
#1837 = CARTESIAN_POINT ( 'NONE',  ( -26.89999999999999858, 14.50000000000000888, 30.00000000000006040 ) ) ;
#1838 = VERTEX_POINT ( 'NONE', #120 ) ;
#1839 = VECTOR ( 'NONE', #92, 1000.000000000000000 ) ;
#1840 = CARTESIAN_POINT ( 'NONE',  ( -53.02324495308916141, 38.00000000000001421, 22.00000000000014921 ) ) ;
#1841 = DIRECTION ( 'NONE',  ( 0.5000000000000039968, -0.8660254037844363761, 0.000000000000000000 ) ) ;
#1842 = LINE ( 'NONE', #3070, #4195 ) ;
#1843 = LINE ( 'NONE', #3437, #3114 ) ;
#1844 = FACE_BOUND ( 'NONE', #3432, .T. ) ;
#1845 = ADVANCED_FACE ( 'NONE', ( #3687 ), #589, .F. ) ;
#1846 = ORIENTED_EDGE ( 'NONE', *, *, #5105, .F. ) ;
#1847 = ORIENTED_EDGE ( 'NONE', *, *, #1894, .T. ) ;
#1848 = ORIENTED_EDGE ( 'NONE', *, *, #2521, .F. ) ;
#1849 = FACE_OUTER_BOUND ( 'NONE', #270, .T. ) ;
#1850 = DIRECTION ( 'NONE',  ( -0.000000000000000000, 1.000000000000000000, 0.000000000000000000 ) ) ;
#1851 = AXIS2_PLACEMENT_3D ( 'NONE', #3714, #2539, #4101 ) ;
#1852 = DIRECTION ( 'NONE',  ( 0.000000000000000000, -1.000000000000000000, 0.000000000000000000 ) ) ;
#1853 = ORIENTED_EDGE ( 'NONE', *, *, #1230, .F. ) ;
#1854 = DIRECTION ( 'NONE',  ( 0.000000000000000000, 0.000000000000000000, 1.000000000000000000 ) ) ;
#1855 = DIRECTION ( 'NONE',  ( 0.000000000000000000, 0.000000000000000000, 1.000000000000000000 ) ) ;
#1856 = DIRECTION ( 'NONE',  ( -1.102003339948843381E-16, 3.445107828157265971E-15, -1.000000000000000000 ) ) ;
#1857 = CIRCLE ( 'NONE', #4529, 29.99999999999998934 ) ;
#1858 = DIRECTION ( 'NONE',  ( -0.000000000000000000, -1.000000000000000000, -0.000000000000000000 ) ) ;
#1859 = ORIENTED_EDGE ( 'NONE', *, *, #2077, .F. ) ;
#1860 = LINE ( 'NONE', #4663, #3371 ) ;
#1861 = ADVANCED_FACE ( 'NONE', ( #537 ), #2067, .F. ) ;
#1862 = ORIENTED_EDGE ( 'NONE', *, *, #3892, .F. ) ;
#1863 = VECTOR ( 'NONE', #2836, 1000.000000000000000 ) ;
#1864 = CIRCLE ( 'NONE', #4794, 1.799999999999989164 ) ;
#1865 = EDGE_LOOP ( 'NONE', ( #4357, #1346, #2387, #724 ) ) ;
#1866 = LINE ( 'NONE', #2622, #1961 ) ;
#1867 = CARTESIAN_POINT ( 'NONE',  ( 13.50000000000023981, 5.400000000000000355, -20.14952439471778334 ) ) ;
#1868 = VERTEX_POINT ( 'NONE', #2953 ) ;
#1869 = VECTOR ( 'NONE', #3504, 1000.000000000000114 ) ;
#1870 = VECTOR ( 'NONE', #4080, 1000.000000000000000 ) ;
#1871 = EDGE_CURVE ( 'NONE', #1661, #3861, #1322, .T. ) ;
#1872 = DIRECTION ( 'NONE',  ( 0.000000000000000000, 1.000000000000000000, 0.000000000000000000 ) ) ;
#1873 = CIRCLE ( 'NONE', #2534, 1.799999999999989164 ) ;
#1874 = CARTESIAN_POINT ( 'NONE',  ( 30.77511220352753440, 8.000000000000000000, 1.616580753730951336 ) ) ;
#1875 = EDGE_CURVE ( 'NONE', #60, #1740, #4102, .T. ) ;
#1876 = AXIS2_PLACEMENT_3D ( 'NONE', #5130, #4759, #1180 ) ;
#1877 = DIRECTION ( 'NONE',  ( -0.000000000000000000, -3.552713678800500929E-15, 1.000000000000000000 ) ) ;
#1878 = ORIENTED_EDGE ( 'NONE', *, *, #4924, .F. ) ;
#1879 = AXIS2_PLACEMENT_3D ( 'NONE', #2095, #4537, #926 ) ;
#1880 = ORIENTED_EDGE ( 'NONE', *, *, #1701, .F. ) ;
#1881 = AXIS2_PLACEMENT_3D ( 'NONE', #4021, #1243, #2326 ) ;
#1882 = ORIENTED_EDGE ( 'NONE', *, *, #4236, .T. ) ;
#1883 = CARTESIAN_POINT ( 'NONE',  ( 10.70000000000025331, 60.00000000000002842, -21.76610514844876931 ) ) ;
#1884 = FACE_OUTER_BOUND ( 'NONE', #2950, .T. ) ;
#1885 = VECTOR ( 'NONE', #4073, 1000.000000000000000 ) ;
#1886 = EDGE_CURVE ( 'NONE', #53, #4948, #1754, .T. ) ;
#1887 = LINE ( 'NONE', #2979, #3840 ) ;
#1888 = ORIENTED_EDGE ( 'NONE', *, *, #1210, .F. ) ;
#1889 = DIRECTION ( 'NONE',  ( -0.000000000000000000, -1.000000000000000000, -0.000000000000000000 ) ) ;
#1890 = LINE ( 'NONE', #3564, #4024 ) ;
#1891 = CARTESIAN_POINT ( 'NONE',  ( -16.30000000000012150, 5.400000000000000355, 24.99926665591072350 ) ) ;
#1892 = VECTOR ( 'NONE', #4163, 1000.000000000000000 ) ;
#1893 = ORIENTED_EDGE ( 'NONE', *, *, #2531, .F. ) ;
#1894 = EDGE_CURVE ( 'NONE', #2417, #4301, #1368, .T. ) ;
#1895 = ORIENTED_EDGE ( 'NONE', *, *, #3331, .T. ) ;
#1896 = ORIENTED_EDGE ( 'NONE', *, *, #2629, .T. ) ;
#1897 = CYLINDRICAL_SURFACE ( 'NONE', #533, 1.699999999999996625 ) ;
#1898 = DIRECTION ( 'NONE',  ( 0.8660254037844409281, 0.000000000000000000, -0.4999999999999961142 ) ) ;
#1899 = ORIENTED_EDGE ( 'NONE', *, *, #904, .T. ) ;
#1900 = CARTESIAN_POINT ( 'NONE',  ( -10.70000000000011831, 5.400000000000000355, 24.99926665591075192 ) ) ;
#1901 = CARTESIAN_POINT ( 'NONE',  ( 10.70000000000029239, 60.00000000000002842, -24.99926665591067021 ) ) ;
#1902 = FACE_OUTER_BOUND ( 'NONE', #4469, .T. ) ;
#1903 = CARTESIAN_POINT ( 'NONE',  ( -54.82640687119288714, 0.000000000000000000, 22.00000000000000711 ) ) ;
#1904 = EDGE_LOOP ( 'NONE', ( #438, #1955 ) ) ;
#1905 = EDGE_CURVE ( 'NONE', #1354, #377, #1299, .T. ) ;
#1906 = EDGE_LOOP ( 'NONE', ( #4687, #4851, #3196, #1859 ) ) ;
#1907 = EDGE_LOOP ( 'NONE', ( #28, #46, #1979, #459 ) ) ;
#1908 = LINE ( 'NONE', #1160, #4117 ) ;
#1909 = DIRECTION ( 'NONE',  ( -7.617846651086544702E-17, 3.552713678800500929E-15, -1.000000000000000000 ) ) ;
#1910 = DIRECTION ( 'NONE',  ( -0.5000000000000095479, 0.8660254037844331565, 0.000000000000000000 ) ) ;
#1911 = ORIENTED_EDGE ( 'NONE', *, *, #4656, .F. ) ;
#1912 = DIRECTION ( 'NONE',  ( 0.000000000000000000, -1.000000000000000000, 0.000000000000000000 ) ) ;
#1913 = CARTESIAN_POINT ( 'NONE',  ( -25.31043203198699132, 22.00000000000016698, 25.60000000000009024 ) ) ;
#1914 = CARTESIAN_POINT ( 'NONE',  ( -15.50000000000000355, 0.000000000000000000, 18.86000000000000298 ) ) ;
#1915 = DIRECTION ( 'NONE',  ( 0.5000000000000026645, 0.000000000000000000, -0.8660254037844371533 ) ) ;
#1916 = ORIENTED_EDGE ( 'NONE', *, *, #1822, .T. ) ;
#1917 = LINE ( 'NONE', #3512, #3036 ) ;
#1918 = ORIENTED_EDGE ( 'NONE', *, *, #958, .F. ) ;
#1919 = ORIENTED_EDGE ( 'NONE', *, *, #2077, .T. ) ;
#1920 = EDGE_CURVE ( 'NONE', #3810, #5115, #3376, .T. ) ;
#1921 = LINE ( 'NONE', #1034, #217 ) ;
#1923 = EDGE_CURVE ( 'NONE', #3250, #1440, #4487, .T. ) ;
#1922 = VERTEX_POINT ( 'NONE', #4136 ) ;
#1924 = FACE_OUTER_BOUND ( 'NONE', #4439, .T. ) ;
#1925 = LINE ( 'NONE', #1174, #2102 ) ;
#1926 = ADVANCED_FACE ( 'NONE', ( #4456, #3304, #898, #1680, #918, #4557, #3715 ), #3351, .T. ) ;
#1927 = VECTOR ( 'NONE', #3759, 1000.000000000000000 ) ;
#1928 = CARTESIAN_POINT ( 'NONE',  ( -42.40000000000000568, 44.30000000000002558, 25.60000000000016840 ) ) ;
#1929 = ORIENTED_EDGE ( 'NONE', *, *, #134, .T. ) ;
#1930 = VERTEX_POINT ( 'NONE', #2922 ) ;
#1931 = ORIENTED_EDGE ( 'NONE', *, *, #3774, .T. ) ;
#1932 = LINE ( 'NONE', #3527, #1292 ) ;
#1933 = DIRECTION ( 'NONE',  ( 0.000000000000000000, -1.000000000000000000, -3.854941057726261566E-15 ) ) ;
#1934 = EDGE_CURVE ( 'NONE', #835, #1354, #947, .T. ) ;
#1935 = DIRECTION ( 'NONE',  ( 6.671245638583922968E-16, 0.000000000000000000, 1.000000000000000000 ) ) ;
#1936 = ORIENTED_EDGE ( 'NONE', *, *, #400, .F. ) ;
#1937 = DIRECTION ( 'NONE',  ( 0.4999999999999985567, 0.8660254037844394848, 2.790012826226032270E-15 ) ) ;
#1938 = CARTESIAN_POINT ( 'NONE',  ( -54.63982570682010476, 35.19999999999999574, 25.60000000000013642 ) ) ;
#1939 = LINE ( 'NONE', #5137, #1635 ) ;
#1940 = ORIENTED_EDGE ( 'NONE', *, *, #3234, .F. ) ;
#1941 = CARTESIAN_POINT ( 'NONE',  ( 12.42640687119288323, 8.000000000000035527, 22.00000000000003553 ) ) ;
#1942 = EDGE_LOOP ( 'NONE', ( #3661, #1888, #2808, #3754 ) ) ;
#1943 = AXIS2_PLACEMENT_3D ( 'NONE', #2921, #3739, #1343 ) ;
#1944 = EDGE_LOOP ( 'NONE', ( #2723, #1704, #4190, #4909 ) ) ;
#1945 = LINE ( 'NONE', #49, #136 ) ;
#1946 = EDGE_LOOP ( 'NONE', ( #955, #2805 ) ) ;
#1947 = AXIS2_PLACEMENT_3D ( 'NONE', #5082, #693, #5136 ) ;
#1948 = EDGE_CURVE ( 'NONE', #4333, #1553, #4161, .T. ) ;
#1949 = CARTESIAN_POINT ( 'NONE',  ( -40.78341924626904813, 16.80000000000000071, 25.60000000000007248 ) ) ;
#1950 = AXIS2_PLACEMENT_3D ( 'NONE', #2788, #792, #2373 ) ;
#1951 = VECTOR ( 'NONE', #3667, 1000.000000000000000 ) ;
#1952 = FACE_BOUND ( 'NONE', #1, .T. ) ;
#1953 = DIRECTION ( 'NONE',  ( -0.000000000000000000, 1.000000000000000000, -0.000000000000000000 ) ) ;
#1954 = ORIENTED_EDGE ( 'NONE', *, *, #1489, .F. ) ;
#1955 = ORIENTED_EDGE ( 'NONE', *, *, #738, .F. ) ;
#1956 = ORIENTED_EDGE ( 'NONE', *, *, #149, .T. ) ;
#1957 = CARTESIAN_POINT ( 'NONE',  ( -53.02324495308916141, 38.00000000000000000, 25.60000000000014708 ) ) ;
#1958 = AXIS2_PLACEMENT_3D ( 'NONE', #3480, #1850, #4997 ) ;
#1959 = DIRECTION ( 'NONE',  ( 0.8660254037844390407, 0.000000000000000000, -0.4999999999999991673 ) ) ;
#1960 = VECTOR ( 'NONE', #4353, 1000.000000000000114 ) ;
#1961 = VECTOR ( 'NONE', #4723, 1000.000000000000227 ) ;
#1962 = CARTESIAN_POINT ( 'NONE',  ( 0.000000000000000000, 0.000000000000000000, 0.000000000000000000 ) ) ;
#1963 = ORIENTED_EDGE ( 'NONE', *, *, #3291, .T. ) ;
#1964 = CARTESIAN_POINT ( 'NONE',  ( -26.90000000000000568, 43.70000000000005258, 22.00000000000016698 ) ) ;
#1965 = EDGE_CURVE ( 'NONE', #2761, #3615, #3709, .T. ) ;
#1966 = DIRECTION ( 'NONE',  ( -3.402186748401941492E-17, 3.361841101310300739E-15, -1.000000000000000000 ) ) ;
#1967 = VERTEX_POINT ( 'NONE', #4661 ) ;
#1968 = ORIENTED_EDGE ( 'NONE', *, *, #4978, .T. ) ;
#1969 = CARTESIAN_POINT ( 'NONE',  ( -57.90000000000000568, 45.50000000000001421, 28.44000000000017181 ) ) ;
#1970 = ORIENTED_EDGE ( 'NONE', *, *, #3048, .T. ) ;
#1971 = CIRCLE ( 'NONE', #4730, 1.700000000000000178 ) ;
#1972 = EDGE_CURVE ( 'NONE', #2642, #2752, #1458, .T. ) ;
#1973 = CARTESIAN_POINT ( 'NONE',  ( -42.40000000000000568, 30.00000000000003553, 22.00000000000012079 ) ) ;
#1974 = VERTEX_POINT ( 'NONE', #4267 ) ;
#1975 = PLANE ( 'NONE',  #4179 ) ;
#1976 = CARTESIAN_POINT ( 'NONE',  ( -13.50000000000011013, 0.000000000000000000, 23.38268590217978726 ) ) ;
#1977 = EDGE_CURVE ( 'NONE', #1445, #4288, #3509, .T. ) ;
#1978 = LINE ( 'NONE', #2714, #2963 ) ;
#1979 = ORIENTED_EDGE ( 'NONE', *, *, #2179, .F. ) ;
#1980 = ORIENTED_EDGE ( 'NONE', *, *, #3710, .F. ) ;
#1981 = EDGE_CURVE ( 'NONE', #1657, #3377, #644, .T. ) ;
#1982 = EDGE_LOOP ( 'NONE', ( #3385, #5018, #5117, #4740 ) ) ;
#1983 = LINE ( 'NONE', #4837, #2185 ) ;
#1984 = EDGE_CURVE ( 'NONE', #4548, #1167, #2958, .T. ) ;
#1985 = DIRECTION ( 'NONE',  ( -1.254552017826427048E-14, 0.000000000000000000, 1.000000000000000000 ) ) ;
#1986 = ORIENTED_EDGE ( 'NONE', *, *, #2901, .T. ) ;
#1987 = CARTESIAN_POINT ( 'NONE',  ( -42.40000000000000568, 46.00000000000002842, 25.60000000000017550 ) ) ;
#1988 = DIRECTION ( 'NONE',  ( -0.000000000000000000, 3.593355771666226926E-15, -1.000000000000000000 ) ) ;
#1989 = ORIENTED_EDGE ( 'NONE', *, *, #3600, .F. ) ;
#1990 = FACE_BOUND ( 'NONE', #4669, .T. ) ;
#1991 = VERTEX_POINT ( 'NONE', #1914 ) ;
#1992 = DIRECTION ( 'NONE',  ( -0.000000000000000000, -1.000000000000000000, -0.000000000000000000 ) ) ;
#1993 = CARTESIAN_POINT ( 'NONE',  ( -59.48956796801291347, 21.99999999999993960, 25.60000000000009024 ) ) ;
#1994 = ORIENTED_EDGE ( 'NONE', *, *, #2311, .F. ) ;
#1995 = ORIENTED_EDGE ( 'NONE', *, *, #4083, .F. ) ;
#1996 = EDGE_CURVE ( 'NONE', #2117, #3777, #1494, .T. ) ;
#1997 = LINE ( 'NONE', #2758, #4287 ) ;
#1998 = CARTESIAN_POINT ( 'NONE',  ( -15.50000000000000355, 0.000000000000000000, 15.50000000000000178 ) ) ;
#1999 = ORIENTED_EDGE ( 'NONE', *, *, #1875, .F. ) ;
#2000 = ORIENTED_EDGE ( 'NONE', *, *, #2947, .T. ) ;
#2001 = DIRECTION ( 'NONE',  ( -1.000000000000000000, 0.000000000000000000, -5.495603971894524875E-15 ) ) ;
#2002 = FACE_OUTER_BOUND ( 'NONE', #737, .T. ) ;
#2003 = AXIS2_PLACEMENT_3D ( 'NONE', #4181, #3481, #3789 ) ;
#2004 = EDGE_CURVE ( 'NONE', #2642, #1695, #1000, .T. ) ;
#2005 = EDGE_CURVE ( 'NONE', #3557, #3540, #3426, .T. ) ;
#2006 = FACE_OUTER_BOUND ( 'NONE', #2769, .T. ) ;
#2007 = EDGE_CURVE ( 'NONE', #4154, #3567, #3817, .T. ) ;
#2008 = ORIENTED_EDGE ( 'NONE', *, *, #2809, .T. ) ;
#2009 = CARTESIAN_POINT ( 'NONE',  ( -42.40000000000000568, 30.00000000000001066, 30.00000000000030198 ) ) ;
#2010 = FACE_OUTER_BOUND ( 'NONE', #2395, .T. ) ;
#2011 = ORIENTED_EDGE ( 'NONE', *, *, #3515, .F. ) ;
#2012 = PLANE ( 'NONE',  #1539 ) ;
#2013 = EDGE_LOOP ( 'NONE', ( #2056, #4816 ) ) ;
#2014 = CARTESIAN_POINT ( 'NONE',  ( 0.000000000000000000, 8.000000000000000000, -29.99999999999998934 ) ) ;
#2015 = CARTESIAN_POINT ( 'NONE',  ( 5.350000000000084910, 8.000000000000000000, -9.266471820493421774 ) ) ;
#2016 = DIRECTION ( 'NONE',  ( 1.102003339948839560E-16, 3.493786075749806212E-15, -1.000000000000000000 ) ) ;
#2017 = EDGE_CURVE ( 'NONE', #3482, #1459, #1462, .T. ) ;
#2018 = ORIENTED_EDGE ( 'NONE', *, *, #3072, .T. ) ;
#2019 = VECTOR ( 'NONE', #2826, 1000.000000000000114 ) ;
#2020 = CARTESIAN_POINT ( 'NONE',  ( -26.92701278571814427, 40.80000000000019611, 25.60000000000015774 ) ) ;
#2021 = ADVANCED_FACE ( 'NONE', ( #4299 ), #4633, .F. ) ;
#2022 = AXIS2_PLACEMENT_3D ( 'NONE', #1058, #2644, #4266 ) ;
#2023 = VECTOR ( 'NONE', #2682, 1000.000000000000000 ) ;
#2024 = AXIS2_PLACEMENT_3D ( 'NONE', #4571, #4122, #553 ) ;
#2025 = DIRECTION ( 'NONE',  ( -0.000000000000000000, -3.552713678800500929E-15, 1.000000000000000000 ) ) ;
#2026 = AXIS2_PLACEMENT_3D ( 'NONE', #1275, #3278, #3648 ) ;
#2027 = ORIENTED_EDGE ( 'NONE', *, *, #3390, .T. ) ;
#2028 = ORIENTED_EDGE ( 'NONE', *, *, #3060, .F. ) ;
#2029 = EDGE_CURVE ( 'NONE', #4795, #5087, #3057, .T. ) ;
#2030 = CARTESIAN_POINT ( 'NONE',  ( 8.150000000000009237, 8.000000000000000000, -14.11621408168635661 ) ) ;
#2031 = CARTESIAN_POINT ( 'NONE',  ( 27.00000000000000000, 60.00000000000002842, -3.233161507461902673 ) ) ;
#2032 = AXIS2_PLACEMENT_3D ( 'NONE', #3713, #2564, #1752 ) ;
#2033 = CARTESIAN_POINT ( 'NONE',  ( -63.61320343559648194, 8.786796564403655196, 22.00000000000004263 ) ) ;
#2034 = ORIENTED_EDGE ( 'NONE', *, *, #4572, .T. ) ;
#2035 = AXIS2_PLACEMENT_3D ( 'NONE', #1488, #3899, #637 ) ;
#2036 = CARTESIAN_POINT ( 'NONE',  ( 12.42640687119288856, 8.000000000000000000, 30.00000000000000000 ) ) ;
#2037 = FACE_OUTER_BOUND ( 'NONE', #1982, .T. ) ;
#2038 = CARTESIAN_POINT ( 'NONE',  ( -63.61320343559648194, 8.786796564403626775, 30.00000000000004263 ) ) ;
#2039 = PLANE ( 'NONE',  #54 ) ;
#2040 = EDGE_CURVE ( 'NONE', #4075, #4559, #2983, .T. ) ;
#2041 = VECTOR ( 'NONE', #960, 1000.000000000000000 ) ;
#2042 = AXIS2_PLACEMENT_3D ( 'NONE', #850, #2439, #2753 ) ;
#2043 = ORIENTED_EDGE ( 'NONE', *, *, #2783, .F. ) ;
#2044 = DIRECTION ( 'NONE',  ( 0.8660254037844443697, 0.000000000000000000, -0.4999999999999900635 ) ) ;
#2045 = DIRECTION ( 'NONE',  ( 8.659560562354952580E-17, 0.7071067811865465735, 0.7071067811865485719 ) ) ;
#2046 = DIRECTION ( 'NONE',  ( -0.000000000000000000, 3.345538132240845257E-15, -1.000000000000000000 ) ) ;
#2047 = EDGE_CURVE ( 'NONE', #1115, #841, #267, .T. ) ;
#2048 = CIRCLE ( 'NONE', #3473, 3.360000000000002096 ) ;
#2049 = VERTEX_POINT ( 'NONE', #4606 ) ;
#2050 = AXIS2_PLACEMENT_3D ( 'NONE', #763, #1560, #3154 ) ;
#2051 = CARTESIAN_POINT ( 'NONE',  ( 13.49999999999994671, 0.000000000000000000, 25.08268590217987182 ) ) ;
#2052 = VECTOR ( 'NONE', #103, 1000.000000000000000 ) ;
#2053 = CARTESIAN_POINT ( 'NONE',  ( -29.80000000000000071, 8.000000000000000000, 0.000000000000000000 ) ) ;
#2054 = DIRECTION ( 'NONE',  ( -0.5000000000000039968, 0.000000000000000000, -0.8660254037844363761 ) ) ;
#2055 = ORIENTED_EDGE ( 'NONE', *, *, #1419, .T. ) ;
#2056 = ORIENTED_EDGE ( 'NONE', *, *, #3645, .F. ) ;
#2057 = CARTESIAN_POINT ( 'NONE',  ( 12.10000000000022702, 8.000000000000000000, -20.95781477158329054 ) ) ;
#2058 = EDGE_CURVE ( 'NONE', #2594, #2701, #4639, .T. ) ;
#2059 = ORIENTED_EDGE ( 'NONE', *, *, #5020, .T. ) ;
#2060 = DIRECTION ( 'NONE',  ( 0.000000000000000000, 0.000000000000000000, 1.000000000000000000 ) ) ;
#2061 = DIRECTION ( 'NONE',  ( 5.495603971894524875E-15, 0.000000000000000000, -1.000000000000000000 ) ) ;
#2062 = DIRECTION ( 'NONE',  ( -0.000000000000000000, 1.000000000000000000, -0.000000000000000000 ) ) ;
#2063 = LINE ( 'NONE', #1247, #3214 ) ;
#2064 = DIRECTION ( 'NONE',  ( -0.000000000000000000, 1.000000000000000000, -0.000000000000000000 ) ) ;
#2065 = VERTEX_POINT ( 'NONE', #611 ) ;
#2066 = PLANE ( 'NONE',  #3290 ) ;
#2067 = PLANE ( 'NONE',  #2627 ) ;
#2068 = ORIENTED_EDGE ( 'NONE', *, *, #2216, .F. ) ;
#2069 = EDGE_CURVE ( 'NONE', #2236, #219, #1059, .T. ) ;
#2070 = CARTESIAN_POINT ( 'NONE',  ( -54.82640687119288714, 0.000000000000000000, 30.00000000000000711 ) ) ;
#2071 = LINE ( 'NONE', #545, #365 ) ;
#2072 = CARTESIAN_POINT ( 'NONE',  ( -15.50000000000000000, 8.000000000000000000, -15.49999999999999822 ) ) ;
#2073 = DIRECTION ( 'NONE',  ( -0.000000000000000000, -1.000000000000000000, -0.000000000000000000 ) ) ;
#2074 = VERTEX_POINT ( 'NONE', #5003 ) ;
#2075 = EDGE_LOOP ( 'NONE', ( #3852, #974, #3517, #1408 ) ) ;
#2076 = CARTESIAN_POINT ( 'NONE',  ( -15.50000000000000355, 0.000000000000000000, 15.50000000000000178 ) ) ;
#2077 = EDGE_CURVE ( 'NONE', #273, #307, #1415, .T. ) ;
#2078 = LINE ( 'NONE', #2134, #3974 ) ;
#2079 = ORIENTED_EDGE ( 'NONE', *, *, #631, .T. ) ;
#2080 = ORIENTED_EDGE ( 'NONE', *, *, #1171, .T. ) ;
#2081 = CARTESIAN_POINT ( 'NONE',  ( -56.25640646055099126, 21.99999999999995737, 25.60000000000009024 ) ) ;
#2082 = CARTESIAN_POINT ( 'NONE',  ( -31.77675504691096364, 38.00000000000017053, 22.00000000000014921 ) ) ;
#2083 = CARTESIAN_POINT ( 'NONE',  ( -56.25640646055104099, 37.99999999999999289, 25.60000000000014708 ) ) ;
#2084 = VECTOR ( 'NONE', #2232, 1000.000000000000000 ) ;
#2085 = EDGE_CURVE ( 'NONE', #4624, #344, #2614, .T. ) ;
#2086 = DIRECTION ( 'NONE',  ( 0.000000000000000000, 0.000000000000000000, 1.000000000000000000 ) ) ;
#2087 = ORIENTED_EDGE ( 'NONE', *, *, #3668, .T. ) ;
#2088 = LINE ( 'NONE', #897, #3545 ) ;
#2089 = DIRECTION ( 'NONE',  ( 0.000000000000000000, 1.000000000000000000, 0.000000000000000000 ) ) ;
#2090 = ORIENTED_EDGE ( 'NONE', *, *, #4201, .T. ) ;
#2091 = DIRECTION ( 'NONE',  ( 0.8660254037844445918, 0.000000000000000000, -0.4999999999999895084 ) ) ;
#2092 = FACE_BOUND ( 'NONE', #1779, .T. ) ;
#2093 = SHAPE_DEFINITION_REPRESENTATION ( #3769, #4370 ) ;
#2094 = EDGE_CURVE ( 'NONE', #1387, #570, #2207, .T. ) ;
#2095 = CARTESIAN_POINT ( 'NONE',  ( -15.50000000000000355, 1.560000000000005826, 15.50000000000000178 ) ) ;
#2096 = CARTESIAN_POINT ( 'NONE',  ( -39.16683849253811189, 46.00000000000007105, 22.00000000000017408 ) ) ;
#2097 = ORIENTED_EDGE ( 'NONE', *, *, #2386, .F. ) ;
#2098 = AXIS2_PLACEMENT_3D ( 'NONE', #2565, #2189, #3405 ) ;
#2099 = DIRECTION ( 'NONE',  ( 0.8660254037844367092, 0.5000000000000034417, 1.627117625333545117E-15 ) ) ;
#2100 = LINE ( 'NONE', #3752, #4533 ) ;
#2101 = VECTOR ( 'NONE', #4129, 1000.000000000000000 ) ;
#2102 = VECTOR ( 'NONE', #3151, 1000.000000000000114 ) ;
#2103 = PLANE ( 'NONE',  #3475 ) ;
#2104 = ORIENTED_EDGE ( 'NONE', *, *, #5035, .F. ) ;
#2105 = VERTEX_POINT ( 'NONE', #449 ) ;
#2106 = DIRECTION ( 'NONE',  ( -0.000000000000000000, -1.000000000000000000, -0.000000000000000000 ) ) ;
#2107 = AXIS2_PLACEMENT_3D ( 'NONE', #3341, #2579, #4886 ) ;
#2108 = CIRCLE ( 'NONE', #541, 1.799999999999985612 ) ;
#2109 = CIRCLE ( 'NONE', #3621, 29.99999999999998934 ) ;
#2110 = LINE ( 'NONE', #2508, #3176 ) ;
#2111 = ORIENTED_EDGE ( 'NONE', *, *, #3339, .T. ) ;
#2112 = DIRECTION ( 'NONE',  ( -0.000000000000000000, 1.000000000000000000, -0.000000000000000000 ) ) ;
#2113 = DIRECTION ( 'NONE',  ( -0.000000000000000000, -3.552713678800500929E-15, 1.000000000000000000 ) ) ;
#2114 = DIRECTION ( 'NONE',  ( 8.659560562354941486E-17, 0.7071067811865456854, 0.7071067811865493491 ) ) ;
#2115 = ORIENTED_EDGE ( 'NONE', *, *, #1724, .F. ) ;
#2116 = VECTOR ( 'NONE', #4600, 1000.000000000000000 ) ;
#2117 = VERTEX_POINT ( 'NONE', #3979 ) ;
#2118 = EDGE_CURVE ( 'NONE', #5114, #3861, #3565, .T. ) ;
#2119 = AXIS2_PLACEMENT_3D ( 'NONE', #1250, #3253, #458 ) ;
#2120 = DIRECTION ( 'NONE',  ( 0.000000000000000000, -1.000000000000000000, -3.854941057726261566E-15 ) ) ;
#2121 = ORIENTED_EDGE ( 'NONE', *, *, #3917, .F. ) ;
#2122 = LINE ( 'NONE', #4455, #528 ) ;
#2123 = CONICAL_SURFACE ( 'NONE', #638, 3.359999999999998543, 0.7853981633974482790 ) ;
#2124 = VECTOR ( 'NONE', #3108, 1000.000000000000000 ) ;
#2125 = LINE ( 'NONE', #2053, #305 ) ;
#2126 = CARTESIAN_POINT ( 'NONE',  ( -10.69999999999976659, 60.00000000000002842, -24.99926665591089048 ) ) ;
#2127 = EDGE_LOOP ( 'NONE', ( #1251, #691, #5092, #815 ) ) ;
#2128 = AXIS2_PLACEMENT_3D ( 'NONE', #303, #1915, #3487 ) ;
#2129 = DIRECTION ( 'NONE',  ( 0.000000000000000000, 0.000000000000000000, -1.000000000000000000 ) ) ;
#2130 = DIRECTION ( 'NONE',  ( 3.402186748401744277E-17, 3.577052802596770261E-15, -1.000000000000000000 ) ) ;
#2131 = ADVANCED_FACE ( 'NONE', ( #5163 ), #2748, .F. ) ;
#2132 = DIRECTION ( 'NONE',  ( 0.000000000000000000, 0.000000000000000000, 1.000000000000000000 ) ) ;
#2133 = EDGE_CURVE ( 'NONE', #4318, #1440, #3044, .T. ) ;
#2134 = CARTESIAN_POINT ( 'NONE',  ( -13.49999999999978328, 5.400000000000000355, -25.08268590217996774 ) ) ;
#2135 = VERTEX_POINT ( 'NONE', #3167 ) ;
#2136 = ORIENTED_EDGE ( 'NONE', *, *, #1081, .F. ) ;
#2137 = DIRECTION ( 'NONE',  ( -0.000000000000000000, -1.000000000000000000, -0.000000000000000000 ) ) ;
#2138 = ADVANCED_FACE ( 'NONE', ( #4001 ), #1572, .F. ) ;
#2139 = DIRECTION ( 'NONE',  ( 0.5000000000000039968, -0.8660254037844363761, -3.004629197474243121E-15 ) ) ;
#2140 = VERTEX_POINT ( 'NONE', #2384 ) ;
#2141 = CYLINDRICAL_SURFACE ( 'NONE', #1618, 1.700000000000000178 ) ;
#2142 = DIRECTION ( 'NONE',  ( -1.102003339948843381E-16, 3.445107828157265971E-15, -1.000000000000000000 ) ) ;
#2143 = CARTESIAN_POINT ( 'NONE',  ( -16.30000000000010374, 60.00000000000002842, 21.76610514844881550 ) ) ;
#2144 = ORIENTED_EDGE ( 'NONE', *, *, #853, .F. ) ;
#2145 = EDGE_CURVE ( 'NONE', #3640, #4316, #2717, .T. ) ;
#2146 = VERTEX_POINT ( 'NONE', #404 ) ;
#2147 = LINE ( 'NONE', #4463, #1365 ) ;
#2148 = ORIENTED_EDGE ( 'NONE', *, *, #526, .F. ) ;
#2149 = EDGE_CURVE ( 'NONE', #2347, #1868, #3190, .T. ) ;
#2150 = CARTESIAN_POINT ( 'NONE',  ( 15.50000000000000000, 0.000000000000000000, -18.86000000000000298 ) ) ;
#2151 = DIRECTION ( 'NONE',  ( 0.8660254037844442587, -0.4999999999999902300, -1.759062599773003062E-15 ) ) ;
#2152 = ORIENTED_EDGE ( 'NONE', *, *, #3072, .F. ) ;
#2153 = VERTEX_POINT ( 'NONE', #353 ) ;
#2154 = DIRECTION ( 'NONE',  ( 8.659560562354937789E-17, -0.7071067811865471286, 0.7071067811865479058 ) ) ;
#2155 = CARTESIAN_POINT ( 'NONE',  ( 16.30000000000025295, 5.400000000000000355, -21.76610514844869826 ) ) ;
#2156 = CARTESIAN_POINT ( 'NONE',  ( -45.63316150746191369, 46.00000000000003553, 25.60000000000017550 ) ) ;
#2157 = ORIENTED_EDGE ( 'NONE', *, *, #2334, .T. ) ;
#2158 = EDGE_LOOP ( 'NONE', ( #2944, #2543, #4884, #3597 ) ) ;
#2159 = CARTESIAN_POINT ( 'NONE',  ( 21.21320343559646915, 8.000000000000000000, 21.21320343559638033 ) ) ;
#2160 = CARTESIAN_POINT ( 'NONE',  ( -10.69999999999979678, 60.00000000000002842, -21.76610514844899313 ) ) ;
#2161 = EDGE_LOOP ( 'NONE', ( #2312, #1537 ) ) ;
#2162 = CARTESIAN_POINT ( 'NONE',  ( -57.89999999999999858, 16.30000000000001847, 22.00000000000007461 ) ) ;
#2163 = DIRECTION ( 'NONE',  ( 0.000000000000000000, -1.000000000000000000, -3.097720492815725095E-15 ) ) ;
#2164 = DIRECTION ( 'NONE',  ( 0.6103818063152128826, -0.7921073478508945387, -2.948570141335367649E-15 ) ) ;
#2165 = ORIENTED_EDGE ( 'NONE', *, *, #948, .F. ) ;
#2166 = ORIENTED_EDGE ( 'NONE', *, *, #3162, .F. ) ;
#2167 = VECTOR ( 'NONE', #298, 1000.000000000000000 ) ;
#2168 = EDGE_CURVE ( 'NONE', #1142, #4717, #2350, .T. ) ;
#2169 = DIRECTION ( 'NONE',  ( 0.000000000000000000, -1.000000000000000000, -0.000000000000000000 ) ) ;
#2170 = ORIENTED_EDGE ( 'NONE', *, *, #2896, .T. ) ;
#2171 = CALENDAR_DATE ( 2026, 26, 2 ) ;
#2172 = CARTESIAN_POINT ( 'NONE',  ( -57.89999999999999858, 14.50000000000003375, 22.00000000000006750 ) ) ;
#2173 = LINE ( 'NONE', #961, #1151 ) ;
#2174 = DIRECTION ( 'NONE',  ( -0.000000000000000000, -1.000000000000000000, -0.000000000000000000 ) ) ;
#2175 = DIRECTION ( 'NONE',  ( -0.000000000000000000, -3.552713678800500929E-15, 1.000000000000000000 ) ) ;
#2176 = FACE_OUTER_BOUND ( 'NONE', #518, .T. ) ;
#2177 = AXIS2_PLACEMENT_3D ( 'NONE', #2952, #5025, #4160 ) ;
#2178 = PLANE ( 'NONE',  #561 ) ;
#2179 = EDGE_CURVE ( 'NONE', #1416, #539, #2821, .T. ) ;
#2180 = VERTEX_POINT ( 'NONE', #3220 ) ;
#2181 = VERTEX_POINT ( 'NONE', #2038 ) ;
#2182 = CYLINDRICAL_SURFACE ( 'NONE', #3447, 1.700000000000000178 ) ;
#2183 = VECTOR ( 'NONE', #3734, 1000.000000000000227 ) ;
#2184 = CYLINDRICAL_SURFACE ( 'NONE', #1098, 1.700000000000000178 ) ;
#2185 = VECTOR ( 'NONE', #1587, 1000.000000000000000 ) ;
#2186 = ORIENTED_EDGE ( 'NONE', *, *, #3064, .T. ) ;
#2187 = AXIS2_PLACEMENT_3D ( 'NONE', #2961, #513, #2120 ) ;
#2188 = FACE_OUTER_BOUND ( 'NONE', #4058, .T. ) ;
#2189 = DIRECTION ( 'NONE',  ( -0.5000000000000026645, 0.000000000000000000, 0.8660254037844371533 ) ) ;
#2190 = DIRECTION ( 'NONE',  ( 1.000000000000000000, 0.000000000000000000, 0.000000000000000000 ) ) ;
#2192 = EDGE_LOOP ( 'NONE', ( #1733, #3555, #5047, #2198 ) ) ;
#2191 = EDGE_CURVE ( 'NONE', #3741, #3623, #5110, .T. ) ;
#2193 = VECTOR ( 'NONE', #1937, 1000.000000000000114 ) ;
#2194 = EDGE_CURVE ( 'NONE', #1922, #4363, #1141, .T. ) ;
#2195 = DIRECTION ( 'NONE',  ( -0.000000000000000000, -1.000000000000000000, -0.000000000000000000 ) ) ;
#2196 = AXIS2_PLACEMENT_3D ( 'NONE', #2730, #3874, #269 ) ;
#2197 = FACE_OUTER_BOUND ( 'NONE', #3896, .T. ) ;
#2198 = ORIENTED_EDGE ( 'NONE', *, *, #3048, .F. ) ;
#2199 = PERSON_AND_ORGANIZATION ( #5120, #4359 ) ;
#2200 = VECTOR ( 'NONE', #4340, 999.9999999999998863 ) ;
#2201 = AXIS2_PLACEMENT_3D ( 'NONE', #3230, #4749, #4029 ) ;
#2202 = APPLICATION_PROTOCOL_DEFINITION ( 'international standard', 'config_control_design', 1994, #4732 ) ;
#2203 = CARTESIAN_POINT ( 'NONE',  ( 0.000000000000000000, 0.000000000000000000, 0.000000000000000000 ) ) ;
#2204 = CARTESIAN_POINT ( 'NONE',  ( -57.89999999999999858, 16.29999999999999716, 28.44000000000006523 ) ) ;
#2205 = FACE_OUTER_BOUND ( 'NONE', #2853, .T. ) ;
#2206 = AXIS2_PLACEMENT_3D ( 'NONE', #1070, #316, #5012 ) ;
#2207 = CIRCLE ( 'NONE', #4475, 1.700000000000000178 ) ;
#2208 = CARTESIAN_POINT ( 'NONE',  ( -56.25640646055099126, 21.99999999999995737, 25.60000000000009024 ) ) ;
#2209 = EDGE_CURVE ( 'NONE', #361, #911, #1939, .T. ) ;
#2210 = DIRECTION ( 'NONE',  ( 1.000000000000000000, -0.000000000000000000, -1.031762615983161979E-16 ) ) ;
#2211 = AXIS2_PLACEMENT_3D ( 'NONE', #4200, #395, #342 ) ;
#2212 = EDGE_LOOP ( 'NONE', ( #1784, #1536, #831, #83 ) ) ;
#2213 = ORIENTED_EDGE ( 'NONE', *, *, #4115, .T. ) ;
#2214 = LINE ( 'NONE', #1802, #4700 ) ;
#2215 = CARTESIAN_POINT ( 'NONE',  ( -28.54359353944891353, 23.70000000000015206, 25.60000000000009734 ) ) ;
#2216 = EDGE_CURVE ( 'NONE', #1288, #728, #3140, .T. ) ;
#2217 = CARTESIAN_POINT ( 'NONE',  ( 16.29999999999994031, 5.400000000000000355, 24.99926665591083363 ) ) ;
#2218 = ORIENTED_EDGE ( 'NONE', *, *, #3618, .F. ) ;
#2219 = CARTESIAN_POINT ( 'NONE',  ( -16.37820639017468949, 5.400000000000000355, -25.13472409716964506 ) ) ;
#2220 = DIRECTION ( 'NONE',  ( 0.5000000000000034417, -0.8660254037844367092, 0.000000000000000000 ) ) ;
#2221 = CARTESIAN_POINT ( 'NONE',  ( -42.40000000000000568, 46.00000000000001421, 30.00000000000042633 ) ) ;
#2222 = DIRECTION ( 'NONE',  ( 0.000000000000000000, 1.000000000000000000, 3.854941057726261566E-15 ) ) ;
#2223 = VERTEX_POINT ( 'NONE', #629 ) ;
#2224 = DIRECTION ( 'NONE',  ( 1.000000000000000000, 0.000000000000000000, 2.109423746787797427E-15 ) ) ;
#2225 = VERTEX_POINT ( 'NONE', #2459 ) ;
#2226 = LINE ( 'NONE', #3823, #2379 ) ;
#2227 = DIRECTION ( 'NONE',  ( 0.000000000000000000, -1.000000000000000000, -3.097720492815725095E-15 ) ) ;
#2228 = EDGE_LOOP ( 'NONE', ( #3860, #1862, #3998, #3848 ) ) ;
#2229 = EDGE_CURVE ( 'NONE', #841, #3905, #988, .T. ) ;
#2230 = CARTESIAN_POINT ( 'NONE',  ( -13.50000000000012434, 5.400000000000000355, -26.61584740964169171 ) ) ;
#2231 = EDGE_CURVE ( 'NONE', #1027, #1657, #1055, .T. ) ;
#2232 = DIRECTION ( 'NONE',  ( -0.000000000000000000, -1.000000000000000000, -0.000000000000000000 ) ) ;
#2233 = CARTESIAN_POINT ( 'NONE',  ( 13.49999999999995559, 60.00000000000002842, 20.14952439471797163 ) ) ;
#2234 = DIRECTION ( 'NONE',  ( -0.8660254037844394848, 0.4999999999999985012, 1.842329326619997088E-15 ) ) ;
#2235 = VERTEX_POINT ( 'NONE', #4052 ) ;
#2236 = VERTEX_POINT ( 'NONE', #4843 ) ;
#2237 = EDGE_CURVE ( 'NONE', #3728, #5076, #2802, .T. ) ;
#2238 = CARTESIAN_POINT ( 'NONE',  ( 16.29999999999994031, 60.00000000000002842, 24.99926665591083363 ) ) ;
#2239 = CYLINDRICAL_SURFACE ( 'NONE', #1453, 1.700000000000000178 ) ;
#2240 = FACE_OUTER_BOUND ( 'NONE', #1942, .T. ) ;
#2241 = ORIENTED_EDGE ( 'NONE', *, *, #613, .F. ) ;
#2242 = DIRECTION ( 'NONE',  ( 1.102003339948839560E-16, 3.493786075749806212E-15, -1.000000000000000000 ) ) ;
#2243 = EDGE_CURVE ( 'NONE', #4840, #2262, #3393, .T. ) ;
#2244 = CARTESIAN_POINT ( 'NONE',  ( 13.49999999999995559, 5.400000000000000355, 20.14952439471797163 ) ) ;
#2245 = DIRECTION ( 'NONE',  ( 0.000000000000000000, 1.000000000000000000, 4.081702296416015997E-15 ) ) ;
#2246 = CARTESIAN_POINT ( 'NONE',  ( -26.90000000000000568, 47.30000000000001847, 28.44000000000017536 ) ) ;
#2247 = EDGE_LOOP ( 'NONE', ( #4612, #1598, #4256, #3428 ) ) ;
#2248 = CARTESIAN_POINT ( 'NONE',  ( -42.40000000000000568, 47.70000000000002416, 25.60000000000018261 ) ) ;
#2249 = VERTEX_POINT ( 'NONE', #2578 ) ;
#2250 = ADVANCED_FACE ( 'NONE', ( #599 ), #4865, .F. ) ;
#2251 = LINE ( 'NONE', #4166, #4113 ) ;
#2252 = DIRECTION ( 'NONE',  ( 0.000000000000000000, 0.000000000000000000, 1.000000000000000000 ) ) ;
#2253 = ORIENTED_EDGE ( 'NONE', *, *, #2179, .T. ) ;
#2254 = VECTOR ( 'NONE', #1392, 1000.000000000000000 ) ;
#2255 = DIRECTION ( 'NONE',  ( -0.8660254037844363761, -0.5000000000000039968, -1.651456749129815238E-15 ) ) ;
#2256 = PLANE ( 'NONE',  #3776 ) ;
#2257 = DIRECTION ( 'NONE',  ( -0.000000000000000000, -1.000000000000000000, -0.000000000000000000 ) ) ;
#2258 = EDGE_CURVE ( 'NONE', #857, #1838, #2048, .T. ) ;
#2259 = CYLINDRICAL_SURFACE ( 'NONE', #1720, 1.799999999999990941 ) ;
#2260 = VERTEX_POINT ( 'NONE', #1404 ) ;
#2261 = ORIENTED_EDGE ( 'NONE', *, *, #491, .F. ) ;
#2262 = VERTEX_POINT ( 'NONE', #2082 ) ;
#2263 = DIRECTION ( 'NONE',  ( 0.4999999999999998335, 0.000000000000000000, -0.8660254037844387076 ) ) ;
#2264 = CARTESIAN_POINT ( 'NONE',  ( 13.57820639017451647, 8.000000000000000000, -26.75130485090069854 ) ) ;
#2265 = CIRCLE ( 'NONE', #29, 1.700000000000000178 ) ;
#2266 = DESIGN_CONTEXT ( 'detailed design', #362, 'design' ) ;
#2267 = CARTESIAN_POINT ( 'NONE',  ( -10.69999999999998153, 8.000000000000000000, -5.880296249927131266E-14 ) ) ;
#2268 = ORIENTED_EDGE ( 'NONE', *, *, #2237, .T. ) ;
#2269 = CARTESIAN_POINT ( 'NONE',  ( -56.25640646055104099, 39.69999999999999574, 25.60000000000015419 ) ) ;
#2270 = CARTESIAN_POINT ( 'NONE',  ( 29.80000000000000071, 5.400000000000000355, -1.616580753730949116 ) ) ;
#2271 = CARTESIAN_POINT ( 'NONE',  ( 0.000000000000000000, 5.400000000000000355, 0.000000000000000000 ) ) ;
#2272 = AXIS2_PLACEMENT_3D ( 'NONE', #3484, #4660, #4298 ) ;
#2273 = DIRECTION ( 'NONE',  ( -0.000000000000000000, -1.000000000000000000, 0.000000000000000000 ) ) ;
#2274 = VERTEX_POINT ( 'NONE', #4197 ) ;
#2275 = ORIENTED_EDGE ( 'NONE', *, *, #4709, .F. ) ;
#2276 = AXIS2_PLACEMENT_3D ( 'NONE', #106, #2910, #3730 ) ;
#2277 = AXIS2_PLACEMENT_3D ( 'NONE', #3882, #673, #3494 ) ;
#2278 = ORIENTED_EDGE ( 'NONE', *, *, #994, .F. ) ;
#2279 = LINE ( 'NONE', #249, #2713 ) ;
#2280 = CARTESIAN_POINT ( 'NONE',  ( -16.29999999999979821, 60.00000000000002842, -21.76610514844904287 ) ) ;
#2281 = CYLINDRICAL_SURFACE ( 'NONE', #2469, 1.700000000000000178 ) ;
#2282 = ORIENTED_EDGE ( 'NONE', *, *, #2750, .F. ) ;
#2283 = VECTOR ( 'NONE', #4134, 1000.000000000000000 ) ;
#2284 = ADVANCED_FACE ( 'NONE', ( #2205 ), #2486, .F. ) ;
#2285 = CARTESIAN_POINT ( 'NONE',  ( 13.50000000000027178, 0.000000000000000000, -23.38268590217968423 ) ) ;
#2286 = CARTESIAN_POINT ( 'NONE',  ( -15.50000000000000000, 0.000000000000000000, -13.70000000000000817 ) ) ;
#2287 = CARTESIAN_POINT ( 'NONE',  ( 15.50000000000000000, 8.000000000000000000, -13.70000000000000817 ) ) ;
#2288 = LINE ( 'NONE', #3319, #793 ) ;
#2289 = AXIS2_PLACEMENT_3D ( 'NONE', #517, #4416, #2785 ) ;
#2290 = CIRCLE ( 'NONE', #1629, 1.700000000000000178 ) ;
#2291 = CARTESIAN_POINT ( 'NONE',  ( 0.000000000000000000, 0.000000000000000000, 12.00000000000000178 ) ) ;
#2292 = ORIENTED_EDGE ( 'NONE', *, *, #1701, .T. ) ;
#2293 = ORIENTED_EDGE ( 'NONE', *, *, #454, .T. ) ;
#2294 = VECTOR ( 'NONE', #1438, 1000.000000000000114 ) ;
#2295 = ORIENTED_EDGE ( 'NONE', *, *, #3892, .T. ) ;
#2296 = DIRECTION ( 'NONE',  ( 0.000000000000000000, 0.000000000000000000, -1.000000000000000000 ) ) ;
#2297 = ADVANCED_FACE ( 'NONE', ( #2992, #4592 ), #2599, .T. ) ;
#2298 = VECTOR ( 'NONE', #2210, 1000.000000000000000 ) ;
#2299 = EDGE_CURVE ( 'NONE', #4476, #2262, #5015, .T. ) ;
#2300 = DIRECTION ( 'NONE',  ( 0.000000000000000000, -1.000000000000000000, -3.854941057726268666E-15 ) ) ;
#2301 = ORIENTED_EDGE ( 'NONE', *, *, #4576, .F. ) ;
#2302 = FACE_OUTER_BOUND ( 'NONE', #2563, .T. ) ;
#2303 = LINE ( 'NONE', #2270, #3021 ) ;
#2304 = DIRECTION ( 'NONE',  ( 1.000000000000000000, 8.992806499463750622E-15, 2.146163712482759319E-16 ) ) ;
#2305 = VECTOR ( 'NONE', #740, 1000.000000000000000 ) ;
#2306 = ORIENTED_EDGE ( 'NONE', *, *, #3491, .T. ) ;
#2307 = ORIENTED_EDGE ( 'NONE', *, *, #4987, .T. ) ;
#2308 = EDGE_LOOP ( 'NONE', ( #3075, #4981, #1613, #2985 ) ) ;
#2309 = CARTESIAN_POINT ( 'NONE',  ( -53.02324495308916141, 38.00000000000000000, 25.60000000000014708 ) ) ;
#2310 = CARTESIAN_POINT ( 'NONE',  ( -24.20000000000000284, 5.400000000000000355, -1.616580753730955555 ) ) ;
#2311 = EDGE_CURVE ( 'NONE', #3676, #161, #5148, .T. ) ;
#2312 = ORIENTED_EDGE ( 'NONE', *, *, #1210, .T. ) ;
#2313 = FACE_BOUND ( 'NONE', #4069, .T. ) ;
#2314 = DIRECTION ( 'NONE',  ( -0.000000000000000000, -3.552713678800500929E-15, 1.000000000000000000 ) ) ;
#2315 = EDGE_CURVE ( 'NONE', #4093, #943, #58, .T. ) ;
#2316 = CARTESIAN_POINT ( 'NONE',  ( -57.87298721428201986, 40.79999999999999716, 25.60000000000015774 ) ) ;
#2317 = VERTEX_POINT ( 'NONE', #3680 ) ;
#2318 = ORIENTED_EDGE ( 'NONE', *, *, #2397, .T. ) ;
#2319 = ORIENTED_EDGE ( 'NONE', *, *, #2058, .F. ) ;
#2320 = CARTESIAN_POINT ( 'NONE',  ( -15.50000000000000355, 8.000000000000000000, 13.70000000000001172 ) ) ;
#2321 = DIRECTION ( 'NONE',  ( -2.109423746787797427E-15, -7.164044134830351317E-16, 1.000000000000000000 ) ) ;
#2322 = DIRECTION ( 'NONE',  ( 0.000000000000000000, 0.000000000000000000, 1.000000000000000000 ) ) ;
#2323 = VERTEX_POINT ( 'NONE', #4896 ) ;
#2324 = DIRECTION ( 'NONE',  ( 0.000000000000000000, 0.000000000000000000, 1.000000000000000000 ) ) ;
#2325 = LINE ( 'NONE', #3082, #4194 ) ;
#2326 = DIRECTION ( 'NONE',  ( 0.000000000000000000, 1.000000000000000000, 4.081702296416015997E-15 ) ) ;
#2327 = ORIENTED_EDGE ( 'NONE', *, *, #2973, .T. ) ;
#2328 = FACE_OUTER_BOUND ( 'NONE', #2715, .T. ) ;
#2329 = ORIENTED_EDGE ( 'NONE', *, *, #995, .T. ) ;
#2330 = ADVANCED_FACE ( 'NONE', ( #894 ), #1045, .F. ) ;
#2331 = ORIENTED_EDGE ( 'NONE', *, *, #4583, .T. ) ;
#2332 = CARTESIAN_POINT ( 'NONE',  ( -56.25640646055099126, 21.99999999999994316, 30.00000000000034106 ) ) ;
#2333 = EDGE_LOOP ( 'NONE', ( #3784, #5054, #3749, #715 ) ) ;
#2334 = EDGE_CURVE ( 'NONE', #728, #2732, #90, .T. ) ;
#2335 = FACE_BOUND ( 'NONE', #2707, .T. ) ;
#2336 = FACE_OUTER_BOUND ( 'NONE', #509, .T. ) ;
#2337 = CARTESIAN_POINT ( 'NONE',  ( -10.70000000000011831, 38.01170189303009295, 24.99926665591075192 ) ) ;
#2338 = LINE ( 'NONE', #3552, #5145 ) ;
#2339 = DIRECTION ( 'NONE',  ( -1.073081856240826668E-15, 0.000000000000000000, -1.000000000000000000 ) ) ;
#2340 = ORIENTED_EDGE ( 'NONE', *, *, #181, .F. ) ;
#2341 = ORIENTED_EDGE ( 'NONE', *, *, #990, .F. ) ;
#2342 = ORIENTED_EDGE ( 'NONE', *, *, #5156, .F. ) ;
#2343 = CARTESIAN_POINT ( 'NONE',  ( -59.48956796801297031, 38.00000000000000711, 22.00000000000014921 ) ) ;
#2344 = AXIS2_PLACEMENT_3D ( 'NONE', #1040, #2628, #3335 ) ;
#2345 = ADVANCED_FACE ( 'NONE', ( #1673 ), #2872, .F. ) ;
#2346 = DIRECTION ( 'NONE',  ( 0.8660254037844331565, 0.5000000000000095479, 1.842329326620034953E-15 ) ) ;
#2347 = VERTEX_POINT ( 'NONE', #2337 ) ;
#2348 = DIRECTION ( 'NONE',  ( 0.000000000000000000, 1.000000000000000000, 0.000000000000000000 ) ) ;
#2349 = CARTESIAN_POINT ( 'NONE',  ( -15.50000000000000000, 1.560000000000005826, -13.70000000000000639 ) ) ;
#2350 = LINE ( 'NONE', #844, #3556 ) ;
#2351 = ORIENTED_EDGE ( 'NONE', *, *, #100, .F. ) ;
#2352 = CARTESIAN_POINT ( 'NONE',  ( 13.49999999999994671, 5.400000000000000355, 23.38268590217987608 ) ) ;
#2353 = EDGE_LOOP ( 'NONE', ( #2441, #789, #4750, #259, #148, #3225, #4221, #1178 ) ) ;
#2354 = FACE_OUTER_BOUND ( 'NONE', #1052, .T. ) ;
#2355 = AXIS2_PLACEMENT_3D ( 'NONE', #4060, #4825, #2415 ) ;
#2356 = ORIENTED_EDGE ( 'NONE', *, *, #3451, .T. ) ;
#2357 = ADVANCED_FACE ( 'NONE', ( #5097 ), #3043, .F. ) ;
#2358 = DIRECTION ( 'NONE',  ( -0.000000000000000000, 3.221629312528199387E-15, -1.000000000000000000 ) ) ;
#2359 = EDGE_CURVE ( 'NONE', #1364, #754, #3071, .T. ) ;
#2360 = ORIENTED_EDGE ( 'NONE', *, *, #3450, .F. ) ;
#2361 = CIRCLE ( 'NONE', #2698, 1.699999999999996625 ) ;
#2362 = EDGE_CURVE ( 'NONE', #2752, #4568, #415, .T. ) ;
#2363 = CARTESIAN_POINT ( 'NONE',  ( 16.29999999999994387, 5.400000000000000355, -24.99926665591083363 ) ) ;
#2364 = VECTOR ( 'NONE', #2554, 1000.000000000000227 ) ;
#2365 = CIRCLE ( 'NONE', #1780, 1.799999999999992495 ) ;
#2366 = CARTESIAN_POINT ( 'NONE',  ( -27.00000000000000000, 5.400000000000000355, 3.233161507461902673 ) ) ;
#2367 = AXIS2_PLACEMENT_3D ( 'NONE', #4006, #1297, #2850 ) ;
#2368 = LINE ( 'NONE', #1155, #3298 ) ;
#2369 = DIRECTION ( 'NONE',  ( 0.000000000000000000, -1.000000000000000000, 0.000000000000000000 ) ) ;
#2370 = VERTEX_POINT ( 'NONE', #1118 ) ;
#2371 = ORIENTED_EDGE ( 'NONE', *, *, #1095, .F. ) ;
#2372 = ORIENTED_EDGE ( 'NONE', *, *, #2986, .F. ) ;
#2373 = DIRECTION ( 'NONE',  ( 0.000000000000000000, 0.000000000000000000, 1.000000000000000000 ) ) ;
#2374 = AXIS2_PLACEMENT_3D ( 'NONE', #3603, #2842, #3656 ) ;
#2375 = EDGE_CURVE ( 'NONE', #3795, #2732, #3431, .T. ) ;
#2376 = LINE ( 'NONE', #4666, #2874 ) ;
#2377 = CARTESIAN_POINT ( 'NONE',  ( 0.000000000000000000, 8.000000000000000000, -29.99999999999998934 ) ) ;
#2378 = VECTOR ( 'NONE', #3281, 1000.000000000000114 ) ;
#2379 = VECTOR ( 'NONE', #3065, 1000.000000000000114 ) ;
#2380 = DIRECTION ( 'NONE',  ( 0.000000000000000000, 0.000000000000000000, 1.000000000000000000 ) ) ;
#2381 = ORIENTED_EDGE ( 'NONE', *, *, #1406, .T. ) ;
#2382 = DIRECTION ( 'NONE',  ( -7.617846651086544702E-17, 3.552713678800500929E-15, -1.000000000000000000 ) ) ;
#2383 = LINE ( 'NONE', #1622, #3360 ) ;
#2384 = CARTESIAN_POINT ( 'NONE',  ( -44.01658075373094903, 16.80000000000001492, 22.00000000000007461 ) ) ;
#2385 = CARTESIAN_POINT ( 'NONE',  ( -57.87298721428201276, 35.19999999999999574, 25.60000000000013642 ) ) ;
#2386 = EDGE_CURVE ( 'NONE', #683, #1119, #3117, .T. ) ;
#2387 = ORIENTED_EDGE ( 'NONE', *, *, #4753, .F. ) ;
#2388 = VECTOR ( 'NONE', #2190, 1000.000000000000000 ) ;
#2389 = DIRECTION ( 'NONE',  ( -0.000000000000000000, -3.552713678800500929E-15, 1.000000000000000000 ) ) ;
#2390 = ORIENTED_EDGE ( 'NONE', *, *, #4767, .F. ) ;
#2391 = VECTOR ( 'NONE', #3207, 1000.000000000000114 ) ;
#2392 = DIRECTION ( 'NONE',  ( 0.000000000000000000, 1.000000000000000000, 3.469446951953614189E-15 ) ) ;
#2393 = CARTESIAN_POINT ( 'NONE',  ( -16.29999999999979821, 5.400000000000000355, -21.76610514844904287 ) ) ;
#2394 = DIRECTION ( 'NONE',  ( 0.4999999999999919509, 0.8660254037844432595, 3.004629197474266787E-15 ) ) ;
#2395 = EDGE_LOOP ( 'NONE', ( #1801, #3407, #370, #4675 ) ) ;
#2396 = CARTESIAN_POINT ( 'NONE',  ( -26.90000000000000568, 45.50000000000001421, 30.00000000000017408 ) ) ;
#2397 = EDGE_CURVE ( 'NONE', #2955, #695, #1921, .T. ) ;
#2398 = ADVANCED_FACE ( 'NONE', ( #5033 ), #2281, .F. ) ;
#2399 = DIRECTION ( 'NONE',  ( 0.000000000000000000, 1.000000000000000000, 0.000000000000000000 ) ) ;
#2400 = ORIENTED_EDGE ( 'NONE', *, *, #2118, .T. ) ;
#2401 = ORIENTED_EDGE ( 'NONE', *, *, #3010, .T. ) ;
#2402 = ORIENTED_EDGE ( 'NONE', *, *, #4201, .F. ) ;
#2403 = CARTESIAN_POINT ( 'NONE',  ( -8.150000000000034106, 8.000000000000000000, 14.11621408168630865 ) ) ;
#2404 = CARTESIAN_POINT ( 'NONE',  ( -56.25640646055099126, 23.69999999999995666, 25.60000000000009734 ) ) ;
#2405 = ADVANCED_FACE ( 'NONE', ( #276 ), #3933, .F. ) ;
#2406 = DIRECTION ( 'NONE',  ( -0.8660254037844397068, 0.000000000000000000, 0.4999999999999979461 ) ) ;
#2407 = ORIENTED_EDGE ( 'NONE', *, *, #4414, .F. ) ;
#2408 = DIRECTION ( 'NONE',  ( -0.000000000000000000, 3.717264591378872007E-15, -1.000000000000000000 ) ) ;
#2409 = LINE ( 'NONE', #3657, #1284 ) ;
#2410 = ORIENTED_EDGE ( 'NONE', *, *, #2145, .T. ) ;
#2411 = DIRECTION ( 'NONE',  ( -0.7071067811865490160, 0.000000000000000000, -0.7071067811865460184 ) ) ;
#2412 = ADVANCED_FACE ( 'NONE', ( #1521 ), #4668, .T. ) ;
#2413 = ORIENTED_EDGE ( 'NONE', *, *, #3618, .T. ) ;
#2414 = CARTESIAN_POINT ( 'NONE',  ( -57.90000000000000568, 48.86000000000000654, 30.00000000000018829 ) ) ;
#2415 = DIRECTION ( 'NONE',  ( 0.000000000000000000, -1.000000000000000000, -3.097720492815725095E-15 ) ) ;
#2416 = LINE ( 'NONE', #1577, #388 ) ;
#2417 = VERTEX_POINT ( 'NONE', #360 ) ;
#2418 = EDGE_CURVE ( 'NONE', #4177, #417, #4727, .T. ) ;
#2419 = DIRECTION ( 'NONE',  ( 1.000000000000000000, 0.000000000000000000, -1.073081856240826668E-15 ) ) ;
#2420 = LINE ( 'NONE', #7, #4545 ) ;
#2421 = ORIENTED_EDGE ( 'NONE', *, *, #1827, .T. ) ;
#2422 = ORIENTED_EDGE ( 'NONE', *, *, #3382, .T. ) ;
#2423 = EDGE_LOOP ( 'NONE', ( #2027, #30, #3368, #949, #3972, #2977 ) ) ;
#2424 = DIRECTION ( 'NONE',  ( -0.000000000000000000, 1.000000000000000000, -0.000000000000000000 ) ) ;
#2425 = ADVANCED_FACE ( 'NONE', ( #667 ), #1026, .F. ) ;
#2426 = DIRECTION ( 'NONE',  ( 0.8660254037844388186, 0.4999999999999996669, 1.710384352180497531E-15 ) ) ;
#2427 = AXIS2_PLACEMENT_3D ( 'NONE', #1502, #3093, #781 ) ;
#2428 = EDGE_CURVE ( 'NONE', #2260, #5087, #2616, .T. ) ;
#2429 = FACE_OUTER_BOUND ( 'NONE', #472, .T. ) ;
#2430 = ORIENTED_EDGE ( 'NONE', *, *, #1468, .F. ) ;
#2431 = DIRECTION ( 'NONE',  ( 0.4999999999999961697, 0.8660254037844408170, 0.000000000000000000 ) ) ;
#2432 = DIRECTION ( 'NONE',  ( 0.000000000000000000, 0.000000000000000000, -1.000000000000000000 ) ) ;
#2433 = CARTESIAN_POINT ( 'NONE',  ( 13.49999999999993960, 60.00000000000002842, 26.61584740964178053 ) ) ;
#2434 = CARTESIAN_POINT ( 'NONE',  ( -27.00000000000000000, 5.400000000000000355, -1.700000000000000178 ) ) ;
#2435 = CARTESIAN_POINT ( 'NONE',  ( -28.54359353944891353, 20.30000000000014992, 25.60000000000008313 ) ) ;
#2436 = EDGE_LOOP ( 'NONE', ( #3338, #2984, #4202, #5048 ) ) ;
#2437 = FACE_OUTER_BOUND ( 'NONE', #1431, .T. ) ;
#2438 = CARTESIAN_POINT ( 'NONE',  ( -57.89999999999999858, 14.50000000000003375, 22.00000000000006750 ) ) ;
#2439 = DIRECTION ( 'NONE',  ( -0.4999999999999992228, 0.000000000000000000, -0.8660254037844391517 ) ) ;
#2440 = VERTEX_POINT ( 'NONE', #3872 ) ;
#2441 = ORIENTED_EDGE ( 'NONE', *, *, #4426, .T. ) ;
#2442 = AXIS2_PLACEMENT_3D ( 'NONE', #1962, #3163, #2380 ) ;
#2443 = LINE ( 'NONE', #832, #368 ) ;
#2444 = VECTOR ( 'NONE', #2895, 1000.000000000000000 ) ;
#2445 = ADVANCED_FACE ( 'NONE', ( #1832 ), #4329, .T. ) ;
#2446 = DIRECTION ( 'NONE',  ( 0.000000000000000000, 1.000000000000000000, 0.000000000000000000 ) ) ;
#2447 = VECTOR ( 'NONE', #11, 1000.000000000000114 ) ;
#2448 = DIRECTION ( 'NONE',  ( 0.000000000000000000, 0.000000000000000000, 1.000000000000000000 ) ) ;
#2449 = VECTOR ( 'NONE', #4248, 1000.000000000000000 ) ;
#2450 = ORIENTED_EDGE ( 'NONE', *, *, #571, .T. ) ;
#2451 = VERTEX_POINT ( 'NONE', #2246 ) ;
#2452 = DIRECTION ( 'NONE',  ( 0.000000000000000000, -1.000000000000000000, -3.097720492815725095E-15 ) ) ;
#2453 = CARTESIAN_POINT ( 'NONE',  ( 27.00000000000000000, 0.000000000000000000, -1.700000000000000178 ) ) ;
#2454 = AXIS2_PLACEMENT_3D ( 'NONE', #3746, #99, #176 ) ;
#2455 = ORIENTED_EDGE ( 'NONE', *, *, #2854, .T. ) ;
#2456 = CIRCLE ( 'NONE', #2374, 1.799999999999992495 ) ;
#2457 = PLANE ( 'NONE',  #953 ) ;
#2458 = DIRECTION ( 'NONE',  ( 0.000000000000000000, 1.000000000000000000, 4.081702296416015997E-15 ) ) ;
#2459 = CARTESIAN_POINT ( 'NONE',  ( 13.49999999999994671, 0.000000000000000000, 21.68268590217987679 ) ) ;
#2460 = PRODUCT_DEFINITION ( 'UNKNOWN', '', #852, #2266 ) ;
#2461 = FACE_OUTER_BOUND ( 'NONE', #2158, .T. ) ;
#2462 = CIRCLE ( 'NONE', #957, 12.00000000000000178 ) ;
#2463 = CIRCLE ( 'NONE', #4547, 3.359999999999998543 ) ;
#2464 = FACE_OUTER_BOUND ( 'NONE', #2660, .T. ) ;
#2465 = ORIENTED_EDGE ( 'NONE', *, *, #3608, .F. ) ;
#2466 = CARTESIAN_POINT ( 'NONE',  ( 10.69999999999994245, 5.400000000000000355, 24.99926665591081942 ) ) ;
#2467 = CARTESIAN_POINT ( 'NONE',  ( -15.50000000000000000, 0.000000000000000000, -15.49999999999999822 ) ) ;
#2468 = DIRECTION ( 'NONE',  ( 0.000000000000000000, 0.000000000000000000, 1.000000000000000000 ) ) ;
#2469 = AXIS2_PLACEMENT_3D ( 'NONE', #5067, #5116, #337 ) ;
#2470 = ORIENTED_EDGE ( 'NONE', *, *, #319, .F. ) ;
#2471 = AXIS2_PLACEMENT_3D ( 'NONE', #3766, #1417, #3004 ) ;
#2472 = EDGE_CURVE ( 'NONE', #1553, #2729, #4224, .T. ) ;
#2473 = LINE ( 'NONE', #4507, #4199 ) ;
#2474 = AXIS2_PLACEMENT_3D ( 'NONE', #2575, #3775, #2990 ) ;
#2475 = DIRECTION ( 'NONE',  ( 0.000000000000000000, 1.000000000000000000, 4.081702296416015997E-15 ) ) ;
#2476 = DIRECTION ( 'NONE',  ( -0.4999999999999985567, -0.8660254037844394848, -3.219245568722475271E-15 ) ) ;
#2477 = ORIENTED_EDGE ( 'NONE', *, *, #4369, .T. ) ;
#2478 = EDGE_CURVE ( 'NONE', #1741, #2146, #5084, .T. ) ;
#2479 = VERTEX_POINT ( 'NONE', #4685 ) ;
#2480 = ORIENTED_EDGE ( 'NONE', *, *, #4323, .F. ) ;
#2481 = CARTESIAN_POINT ( 'NONE',  ( -26.89999999999999858, 12.70000000000002061, 30.00000000000005329 ) ) ;
#2482 = LINE ( 'NONE', #2840, #3135 ) ;
#2483 = ORIENTED_EDGE ( 'NONE', *, *, #3079, .T. ) ;
#2484 = DIRECTION ( 'NONE',  ( 1.073081856240826668E-15, -0.000000000000000000, 1.000000000000000000 ) ) ;
#2485 = CARTESIAN_POINT ( 'NONE',  ( -54.63982570682003370, 19.19999999999998153, 22.00000000000008171 ) ) ;
#2486 = PLANE ( 'NONE',  #3215 ) ;
#2487 = LINE ( 'NONE', #2434, #284 ) ;
#2488 = DIRECTION ( 'NONE',  ( -0.000000000000000000, 1.000000000000000000, -0.000000000000000000 ) ) ;
#2489 = VERTEX_POINT ( 'NONE', #3510 ) ;
#2490 = DIRECTION ( 'NONE',  ( -0.000000000000000000, -1.000000000000000000, -0.000000000000000000 ) ) ;
#2491 = CARTESIAN_POINT ( 'NONE',  ( -30.16017429318005583, 40.80000000000016769, 22.00000000000015987 ) ) ;
#2492 = CARTESIAN_POINT ( 'NONE',  ( 0.000000000000000000, 8.000000000000000000, 0.000000000000000000 ) ) ;
#2493 = ORIENTED_EDGE ( 'NONE', *, *, #660, .T. ) ;
#2494 = EDGE_CURVE ( 'NONE', #3942, #3038, #5111, .T. ) ;
#2495 = PLANE ( 'NONE',  #5069 ) ;
#2496 = PLANE ( 'NONE',  #41 ) ;
#2497 = CARTESIAN_POINT ( 'NONE',  ( -45.63316150746190658, 13.99999999999999289, 25.60000000000006537 ) ) ;
#2498 = DIRECTION ( 'NONE',  ( 9.714451465470122884E-15, 0.000000000000000000, -1.000000000000000000 ) ) ;
#2499 = DIRECTION ( 'NONE',  ( 0.000000000000000000, 1.000000000000000000, 4.081702296416015997E-15 ) ) ;
#2500 = ORIENTED_EDGE ( 'NONE', *, *, #2299, .T. ) ;
#2501 = DIRECTION ( 'NONE',  ( 0.5000000000000039968, -0.000000000000000000, 0.8660254037844363761 ) ) ;
#2502 = CARTESIAN_POINT ( 'NONE',  ( -42.40000000000000568, 15.70000000000001883, 25.60000000000006892 ) ) ;
#2503 = DIRECTION ( 'NONE',  ( 0.8660254037844445918, 0.000000000000000000, -0.4999999999999895084 ) ) ;
#2504 = ORIENTED_EDGE ( 'NONE', *, *, #1093, .T. ) ;
#2505 = ORIENTED_EDGE ( 'NONE', *, *, #3145, .T. ) ;
#2506 = CARTESIAN_POINT ( 'NONE',  ( -54.63982570682010476, 35.19999999999999574, 25.60000000000013642 ) ) ;
#2507 = ADVANCED_FACE ( 'NONE', ( #605 ), #4321, .F. ) ;
#2508 = CARTESIAN_POINT ( 'NONE',  ( 16.37820639017451541, 8.000000000000000000, -25.13472409716975875 ) ) ;
#2509 = ORIENTED_EDGE ( 'NONE', *, *, #3580, .T. ) ;
#2510 = CARTESIAN_POINT ( 'NONE',  ( -26.90000000000000568, 48.86000000000001364, 30.00000000000018474 ) ) ;
#2511 = DIRECTION ( 'NONE',  ( -0.8660254037844367092, -0.5000000000000034417, -1.627117625333545117E-15 ) ) ;
#2512 = DIRECTION ( 'NONE',  ( -0.000000000000000000, 3.593355771666226926E-15, -1.000000000000000000 ) ) ;
#2513 = EDGE_LOOP ( 'NONE', ( #3957, #3941, #482, #2090 ) ) ;
#2514 = ADVANCED_FACE ( 'NONE', ( #4980 ), #2568, .F. ) ;
#2515 = FACE_BOUND ( 'NONE', #5057, .T. ) ;
#2516 = ORIENTED_EDGE ( 'NONE', *, *, #413, .F. ) ;
#2517 = DIRECTION ( 'NONE',  ( 0.000000000000000000, 0.000000000000000000, 1.000000000000000000 ) ) ;
#2518 = CALENDAR_DATE ( 2026, 26, 2 ) ;
#2519 = VECTOR ( 'NONE', #4085, 1000.000000000000114 ) ;
#2520 = DIRECTION ( 'NONE',  ( -0.8660254037844392627, 0.000000000000000000, 0.4999999999999989453 ) ) ;
#2521 = EDGE_CURVE ( 'NONE', #4107, #4573, #4947, .T. ) ;
#2522 = LINE ( 'NONE', #2126, #4724 ) ;
#2523 = EDGE_LOOP ( 'NONE', ( #770, #1994 ) ) ;
#2524 = AXIS2_PLACEMENT_3D ( 'NONE', #4121, #552, #3729 ) ;
#2525 = CYLINDRICAL_SURFACE ( 'NONE', #2524, 1.700000000000000178 ) ;
#2526 = LINE ( 'NONE', #3779, #2860 ) ;
#2527 = AXIS2_PLACEMENT_3D ( 'NONE', #4497, #909, #133 ) ;
#2528 = AXIS2_PLACEMENT_3D ( 'NONE', #1674, #4405, #3637 ) ;
#2529 = EDGE_LOOP ( 'NONE', ( #2898, #8, #2959, #4488, #4232, #4862 ) ) ;
#2530 = ORIENTED_EDGE ( 'NONE', *, *, #3370, .T. ) ;
#2531 = EDGE_CURVE ( 'NONE', #397, #4457, #2924, .T. ) ;
#2532 = LINE ( 'NONE', #2506, #2101 ) ;
#2533 = VECTOR ( 'NONE', #1413, 1000.000000000000000 ) ;
#2534 = AXIS2_PLACEMENT_3D ( 'NONE', #1259, #1566, #1933 ) ;
#2535 = CARTESIAN_POINT ( 'NONE',  ( 15.49999999999999645, 8.000000000000000000, 13.70000000000001172 ) ) ;
#2536 = ORIENTED_EDGE ( 'NONE', *, *, #3505, .T. ) ;
#2537 = FACE_OUTER_BOUND ( 'NONE', #4484, .T. ) ;
#2538 = ADVANCED_FACE ( 'NONE', ( #4608 ), #2495, .T. ) ;
#2539 = DIRECTION ( 'NONE',  ( -2.146163712482456101E-16, 3.593355771666182750E-15, -1.000000000000000000 ) ) ;
#2540 = CARTESIAN_POINT ( 'NONE',  ( -16.29999999999998295, 8.000000000000000000, -8.957834474188068226E-14 ) ) ;
#2541 = ORIENTED_EDGE ( 'NONE', *, *, #3122, .F. ) ;
#2542 = AXIS2_PLACEMENT_3D ( 'NONE', #2271, #4684, #302 ) ;
#2543 = ORIENTED_EDGE ( 'NONE', *, *, #1348, .F. ) ;
#2544 = AXIS2_PLACEMENT_3D ( 'NONE', #3904, #330, #1397 ) ;
#2545 = FACE_BOUND ( 'NONE', #3286, .T. ) ;
#2546 = ORIENTED_EDGE ( 'NONE', *, *, #3331, .F. ) ;
#2547 = PERSON_AND_ORGANIZATION ( #5120, #4359 ) ;
#2548 = AXIS2_PLACEMENT_3D ( 'NONE', #3395, #1771, #3366 ) ;
#2549 = DIRECTION ( 'NONE',  ( -0.000000000000000000, 0.000000000000000000, -1.000000000000000000 ) ) ;
#2550 = CARTESIAN_POINT ( 'NONE',  ( -12.10000000000007603, 8.000000000000000000, 20.95781477158337225 ) ) ;
#2551 = EDGE_LOOP ( 'NONE', ( #3137, #1166, #684, #1729 ) ) ;
#2552 = AXIS2_PLACEMENT_3D ( 'NONE', #1998, #2073, #834 ) ;
#2553 = CARTESIAN_POINT ( 'NONE',  ( 8.679136255228380392, 12.86292441645673534, 39.42097769699140031 ) ) ;
#2554 = DIRECTION ( 'NONE',  ( 0.4999999999999973910, 0.000000000000000000, -0.8660254037844401509 ) ) ;
#2555 = EDGE_CURVE ( 'NONE', #825, #3243, #4137, .T. ) ;
#2556 = EDGE_CURVE ( 'NONE', #1204, #3396, #1709, .T. ) ;
#2557 = FACE_OUTER_BOUND ( 'NONE', #3733, .T. ) ;
#2558 = ORIENTED_EDGE ( 'NONE', *, *, #4042, .F. ) ;
#2559 = PLANE ( 'NONE',  #1691 ) ;
#2560 = PRODUCT ( 'LPlate', 'LPlate', '', ( #546 ) ) ;
#2561 = ADVANCED_FACE ( 'NONE', ( #2429 ), #4048, .F. ) ;
#2562 = DIRECTION ( 'NONE',  ( 0.000000000000000000, 0.000000000000000000, 1.000000000000000000 ) ) ;
#2563 = EDGE_LOOP ( 'NONE', ( #593, #1464, #1970, #1719, #4967, #801, #2923, #4025, #5147, #5030, #3576, #816 ) ) ;
#2564 = DIRECTION ( 'NONE',  ( 7.617846651086544702E-17, -3.552713678800500929E-15, 1.000000000000000000 ) ) ;
#2565 = CARTESIAN_POINT ( 'NONE',  ( 16.29999999999995097, 60.00000000000002842, 21.76610514844893274 ) ) ;
#2566 = DIRECTION ( 'NONE',  ( 5.495603971894524875E-15, 0.000000000000000000, -1.000000000000000000 ) ) ;
#2567 = ORIENTED_EDGE ( 'NONE', *, *, #335, .F. ) ;
#2568 = PLANE ( 'NONE',  #2471 ) ;
#2569 = ORIENTED_EDGE ( 'NONE', *, *, #357, .F. ) ;
#2570 = ADVANCED_FACE ( 'NONE', ( #890 ), #2103, .F. ) ;
#2571 = FACE_OUTER_BOUND ( 'NONE', #3743, .T. ) ;
#2572 = EDGE_LOOP ( 'NONE', ( #1668, #4111, #2292, #3089 ) ) ;
#2573 = SECURITY_CLASSIFICATION_LEVEL ( 'unclassified' ) ;
#2574 = ADVANCED_FACE ( 'NONE', ( #138 ), #1670, .F. ) ;
#2575 = CARTESIAN_POINT ( 'NONE',  ( -28.54359353944907696, 38.00000000000018474, 25.60000000000014708 ) ) ;
#2576 = VERTEX_POINT ( 'NONE', #445 ) ;
#2577 = ORIENTED_EDGE ( 'NONE', *, *, #3659, .F. ) ;
#2578 = CARTESIAN_POINT ( 'NONE',  ( -54.63982570682003370, 19.19999999999997087, 25.60000000000007958 ) ) ;
#2579 = DIRECTION ( 'NONE',  ( -0.000000000000000000, -3.552713678800500929E-15, 1.000000000000000000 ) ) ;
#2580 = PLANE ( 'NONE',  #4482 ) ;
#2581 = EDGE_CURVE ( 'NONE', #3174, #602, #2482, .T. ) ;
#2582 = ORIENTED_EDGE ( 'NONE', *, *, #3323, .T. ) ;
#2583 = DIRECTION ( 'NONE',  ( 0.000000000000000000, -0.7071067811865471286, -0.7071067811865479058 ) ) ;
#2584 = EDGE_CURVE ( 'NONE', #4295, #4476, #1693, .T. ) ;
#2585 = DIRECTION ( 'NONE',  ( -1.000000000000000000, -1.332267629550187691E-14, 0.000000000000000000 ) ) ;
#2586 = ORIENTED_EDGE ( 'NONE', *, *, #4432, .T. ) ;
#2587 = DIRECTION ( 'NONE',  ( -7.617846651086544702E-17, 3.552713678800500929E-15, -1.000000000000000000 ) ) ;
#2588 = CARTESIAN_POINT ( 'NONE',  ( -63.61320343559648194, 8.786796564403655196, 22.00000000000004263 ) ) ;
#2589 = CARTESIAN_POINT ( 'NONE',  ( -54.63982570682003370, 19.19999999999998153, 22.00000000000008171 ) ) ;
#2590 = ORIENTED_EDGE ( 'NONE', *, *, #1395, .F. ) ;
#2591 = VERTEX_POINT ( 'NONE', #934 ) ;
#2592 = DIRECTION ( 'NONE',  ( 0.8660254037844328234, 0.5000000000000101030, 1.982541115402139066E-15 ) ) ;
#2593 = EDGE_CURVE ( 'NONE', #383, #4952, #1649, .T. ) ;
#2594 = VERTEX_POINT ( 'NONE', #498 ) ;
#2595 = APPROVAL_DATE_TIME ( #4564, #4536 ) ;
#2596 = DIRECTION ( 'NONE',  ( 0.6103818063152128826, -0.7921073478508945387, 0.000000000000000000 ) ) ;
#2597 = CARTESIAN_POINT ( 'NONE',  ( -27.00000000000000000, 0.000000000000000000, -1.700000000000000178 ) ) ;
#2598 = DIRECTION ( 'NONE',  ( 0.8660254037844392627, 0.000000000000000000, -0.4999999999999988898 ) ) ;
#2599 = PLANE ( 'NONE',  #4131 ) ;
#2600 = EDGE_CURVE ( 'NONE', #3625, #224, #2078, .T. ) ;
#2601 = CIRCLE ( 'NONE', #4022, 1.799999999999985612 ) ;
#2602 = DIRECTION ( 'NONE',  ( 8.659560562354937789E-17, -0.7071067811865471286, 0.7071067811865479058 ) ) ;
#2603 = ORIENTED_EDGE ( 'NONE', *, *, #3984, .T. ) ;
#2604 = ORIENTED_EDGE ( 'NONE', *, *, #4849, .T. ) ;
#2605 = LINE ( 'NONE', #4519, #198 ) ;
#2606 = CYLINDRICAL_SURFACE ( 'NONE', #4964, 12.00000000000000000 ) ;
#2607 = VECTOR ( 'NONE', #4090, 1000.000000000000000 ) ;
#2608 = FACE_BOUND ( 'NONE', #3495, .T. ) ;
#2609 = CIRCLE ( 'NONE', #5129, 1.799999999999989164 ) ;
#2610 = EDGE_LOOP ( 'NONE', ( #4693, #614, #803, #3127 ) ) ;
#2611 = AXIS2_PLACEMENT_3D ( 'NONE', #1837, #3008, #4189 ) ;
#2612 = DIRECTION ( 'NONE',  ( 1.000000000000000000, -0.000000000000000000, 0.000000000000000000 ) ) ;
#2613 = CARTESIAN_POINT ( 'NONE',  ( -26.90000000000000568, 45.50000000000001421, 30.00000000000017408 ) ) ;
#2614 = LINE ( 'NONE', #4212, #3971 ) ;
#2615 = PRODUCT_RELATED_PRODUCT_CATEGORY ( 'detail', '', ( #2560 ) ) ;
#2616 = LINE ( 'NONE', #2728, #4400 ) ;
#2617 = VERTEX_POINT ( 'NONE', #4839 ) ;
#2618 = FACE_OUTER_BOUND ( 'NONE', #4827, .T. ) ;
#2619 = ORIENTED_EDGE ( 'NONE', *, *, #1434, .T. ) ;
#2620 = EDGE_CURVE ( 'NONE', #2249, #3238, #1261, .T. ) ;
#2621 = CONICAL_SURFACE ( 'NONE', #2367, 3.360000000000002096, 0.7853981633974482790 ) ;
#2622 = CARTESIAN_POINT ( 'NONE',  ( 16.29999999999995097, 5.400000000000000355, 21.76610514844893274 ) ) ;
#2623 = AXIS2_PLACEMENT_3D ( 'NONE', #5161, #1570, #2431 ) ;
#2624 = CARTESIAN_POINT ( 'NONE',  ( 24.19999999999999929, 5.400000000000000355, -1.616580753730953779 ) ) ;
#2625 = EDGE_LOOP ( 'NONE', ( #1507, #1455 ) ) ;
#2626 = AXIS2_PLACEMENT_3D ( 'NONE', #1969, #2389, #3981 ) ;
#2627 = AXIS2_PLACEMENT_3D ( 'NONE', #4061, #3663, #1732 ) ;
#2628 = DIRECTION ( 'NONE',  ( 0.000000000000000000, 0.000000000000000000, 1.000000000000000000 ) ) ;
#2629 = EDGE_CURVE ( 'NONE', #1360, #4304, #107, .T. ) ;
#2630 = DIRECTION ( 'NONE',  ( 1.000000000000000000, 1.998401444325287295E-15, -2.146163712482384364E-16 ) ) ;
#2631 = DIRECTION ( 'NONE',  ( -0.000000000000000000, 3.345538132240845257E-15, -1.000000000000000000 ) ) ;
#2632 = DIRECTION ( 'NONE',  ( 0.000000000000000000, 1.000000000000000000, 4.081702296416015997E-15 ) ) ;
#2633 = AXIS2_PLACEMENT_3D ( 'NONE', #3883, #674, #2252 ) ;
#2634 = EDGE_CURVE ( 'NONE', #1695, #4568, #2636, .T. ) ;
#2635 = FACE_OUTER_BOUND ( 'NONE', #84, .T. ) ;
#2636 = CIRCLE ( 'NONE', #1234, 1.700000000000000178 ) ;
#2637 = ORIENTED_EDGE ( 'NONE', *, *, #4694, .F. ) ;
#2638 = ORIENTED_EDGE ( 'NONE', *, *, #400, .T. ) ;
#2639 = CARTESIAN_POINT ( 'NONE',  ( -15.50000000000000000, 0.000000000000000000, -12.13999999999999879 ) ) ;
#2640 = DIRECTION ( 'NONE',  ( -0.000000000000000000, -1.000000000000000000, -0.000000000000000000 ) ) ;
#2641 = FACE_BOUND ( 'NONE', #3884, .T. ) ;
#2642 = VERTEX_POINT ( 'NONE', #257 ) ;
#2643 = CARTESIAN_POINT ( 'NONE',  ( 27.00000000000000000, 5.400000000000000355, 1.700000000000000178 ) ) ;
#2644 = DIRECTION ( 'NONE',  ( -0.000000000000000000, -1.000000000000000000, -0.000000000000000000 ) ) ;
#2645 = DIRECTION ( 'NONE',  ( -2.720046410331633918E-15, 0.000000000000000000, 1.000000000000000000 ) ) ;
#2646 = ORIENTED_EDGE ( 'NONE', *, *, #1479, .F. ) ;
#2647 = ORIENTED_EDGE ( 'NONE', *, *, #1226, .F. ) ;
#2648 = ADVANCED_FACE ( 'NONE', ( #2635 ), #4231, .F. ) ;
#2649 = PLANE ( 'NONE',  #4308 ) ;
#2650 = ADVANCED_FACE ( 'NONE', ( #4151 ), #2580, .F. ) ;
#2651 = LINE ( 'NONE', #592, #788 ) ;
#2652 = EDGE_LOOP ( 'NONE', ( #4603, #277, #2371, #4961, #1878, #1130 ) ) ;
#2653 = LINE ( 'NONE', #651, #2449 ) ;
#2654 = ADVANCED_FACE ( 'NONE', ( #1844, #3440 ), #2942, .T. ) ;
#2655 = CARTESIAN_POINT ( 'NONE',  ( -40.78341924626905524, 11.20000000000001528, 22.00000000000005329 ) ) ;
#2656 = FACE_OUTER_BOUND ( 'NONE', #2247, .T. ) ;
#2657 = DIRECTION ( 'NONE',  ( -7.617846651086544702E-17, 3.552713678800500929E-15, -1.000000000000000000 ) ) ;
#2658 = DIRECTION ( 'NONE',  ( -0.8660254037844443697, 0.000000000000000000, 0.4999999999999900080 ) ) ;
#2659 = CARTESIAN_POINT ( 'NONE',  ( -26.89999999999999858, 16.29999999999999716, 30.00000000000006750 ) ) ;
#2660 = EDGE_LOOP ( 'NONE', ( #3834, #1660, #1113, #475 ) ) ;
#2661 = ORIENTED_EDGE ( 'NONE', *, *, #2040, .F. ) ;
#2662 = ORIENTED_EDGE ( 'NONE', *, *, #616, .F. ) ;
#2663 = CARTESIAN_POINT ( 'NONE',  ( -16.29999999999979821, 5.400000000000000355, -21.76610514844904287 ) ) ;
#2664 = PLANE ( 'NONE',  #1958 ) ;
#2665 = CARTESIAN_POINT ( 'NONE',  ( 15.50000000000000000, 1.560000000000005826, -17.29999999999999005 ) ) ;
#2666 = VERTEX_POINT ( 'NONE', #3753 ) ;
#2667 = PLANE ( 'NONE',  #116 ) ;
#2668 = DIRECTION ( 'NONE',  ( 1.000000000000000000, 8.992806499463750622E-15, 2.146163712482759319E-16 ) ) ;
#2669 = CARTESIAN_POINT ( 'NONE',  ( -26.89999999999999858, 14.50000000000003730, 22.00000000000006395 ) ) ;
#2670 = EDGE_CURVE ( 'NONE', #2235, #382, #394, .T. ) ;
#2671 = ORIENTED_EDGE ( 'NONE', *, *, #980, .T. ) ;
#2672 = CARTESIAN_POINT ( 'NONE',  ( -16.30000000000010374, 8.000000000000000000, 21.76610514844881550 ) ) ;
#2673 = ORIENTED_EDGE ( 'NONE', *, *, #4745, .F. ) ;
#2674 = VERTEX_POINT ( 'NONE', #160 ) ;
#2675 = FACE_OUTER_BOUND ( 'NONE', #745, .T. ) ;
#2676 = DIRECTION ( 'NONE',  ( -0.5000000000000032196, 0.000000000000000000, 0.8660254037844368202 ) ) ;
#2677 = CARTESIAN_POINT ( 'NONE',  ( -42.40000000000000568, 15.70000000000001883, 25.60000000000006892 ) ) ;
#2678 = ORIENTED_EDGE ( 'NONE', *, *, #5167, .F. ) ;
#2679 = ADVANCED_FACE ( 'NONE', ( #1744 ), #2178, .T. ) ;
#2680 = DIRECTION ( 'NONE',  ( 0.000000000000000000, 0.000000000000000000, 1.000000000000000000 ) ) ;
#2681 = CARTESIAN_POINT ( 'NONE',  ( -57.87298721428194881, 19.19999999999994245, 25.60000000000008313 ) ) ;
#2682 = DIRECTION ( 'NONE',  ( -0.000000000000000000, 1.000000000000000000, -0.000000000000000000 ) ) ;
#2683 = CARTESIAN_POINT ( 'NONE',  ( -54.82640687119288714, 8.000000000000000000, 22.00000000000000711 ) ) ;
#2684 = ADVANCED_FACE ( 'NONE', ( #2557 ), #184, .F. ) ;
#2685 = EDGE_CURVE ( 'NONE', #2729, #1991, #4993, .T. ) ;
#2686 = CARTESIAN_POINT ( 'NONE',  ( -15.50000000000000355, 1.560000000000005826, 17.29999999999999716 ) ) ;
#2687 = ORIENTED_EDGE ( 'NONE', *, *, #2825, .T. ) ;
#2688 = ORIENTED_EDGE ( 'NONE', *, *, #488, .T. ) ;
#2689 = ORIENTED_EDGE ( 'NONE', *, *, #4354, .F. ) ;
#2690 = LINE ( 'NONE', #4345, #1869 ) ;
#2691 = CARTESIAN_POINT ( 'NONE',  ( 10.69999999999994778, 10.24040027717670220, 22.00000000000003197 ) ) ;
#2692 = EDGE_CURVE ( 'NONE', #1991, #2489, #3223, .T. ) ;
#2693 = FACE_OUTER_BOUND ( 'NONE', #621, .T. ) ;
#2694 = CARTESIAN_POINT ( 'NONE',  ( 24.20000000000000284, 5.400000000000000355, 1.616580753730955555 ) ) ;
#2695 = CARTESIAN_POINT ( 'NONE',  ( 12.42640687119288856, 8.000000000000000000, 30.00000000000000000 ) ) ;
#2696 = DIRECTION ( 'NONE',  ( 0.8660254037844363761, 0.000000000000000000, 0.5000000000000039968 ) ) ;
#2697 = VECTOR ( 'NONE', #4764, 1000.000000000000000 ) ;
#2698 = AXIS2_PLACEMENT_3D ( 'NONE', #3700, #1767, #3340 ) ;
#2699 = ORIENTED_EDGE ( 'NONE', *, *, #2145, .F. ) ;
#2700 = DIRECTION ( 'NONE',  ( 0.000000000000000000, 0.000000000000000000, 1.000000000000000000 ) ) ;
#2701 = VERTEX_POINT ( 'NONE', #1928 ) ;
#2702 = CIRCLE ( 'NONE', #450, 1.700000000000000178 ) ;
#2703 = VECTOR ( 'NONE', #3221, 1000.000000000000000 ) ;
#2704 = EDGE_CURVE ( 'NONE', #1119, #2762, #968, .T. ) ;
#2705 = ORIENTED_EDGE ( 'NONE', *, *, #134, .F. ) ;
#2706 = LINE ( 'NONE', #1217, #2703 ) ;
#2707 = EDGE_LOOP ( 'NONE', ( #2699, #1484 ) ) ;
#2708 = DIRECTION ( 'NONE',  ( -0.8660254037844363761, 0.000000000000000000, -0.5000000000000039968 ) ) ;
#2709 = CIRCLE ( 'NONE', #2948, 12.00000000000000000 ) ;
#2710 = CARTESIAN_POINT ( 'NONE',  ( -42.40000000000000568, 30.00000000000003553, 22.00000000000012079 ) ) ;
#2711 = AXIS2_PLACEMENT_3D ( 'NONE', #905, #2399, #2448 ) ;
#2712 = VECTOR ( 'NONE', #1656, 999.9999999999998863 ) ;
#2713 = VECTOR ( 'NONE', #3493, 1000.000000000000000 ) ;
#2714 = CARTESIAN_POINT ( 'NONE',  ( 24.19999999999999929, 8.000000000000000000, -2.596858092102800434E-14 ) ) ;
#2715 = EDGE_LOOP ( 'NONE', ( #1401, #2619, #2800, #3418, #4563, #3307 ) ) ;
#2716 = ORIENTED_EDGE ( 'NONE', *, *, #4230, .F. ) ;
#2717 = CIRCLE ( 'NONE', #810, 3.360000000000000320 ) ;
#2718 = ORIENTED_EDGE ( 'NONE', *, *, #280, .T. ) ;
#2719 = CARTESIAN_POINT ( 'NONE',  ( 29.95641278034915089, 5.400000000000000355, -1.616580753730949116 ) ) ;
#2720 = LINE ( 'NONE', #719, #2116 ) ;
#2721 = CONICAL_SURFACE ( 'NONE', #3388, 3.360000000000000320, 0.7853981633974488341 ) ;
#2722 = CARTESIAN_POINT ( 'NONE',  ( -54.63982570682013318, 40.80000000000001847, 22.00000000000015987 ) ) ;
#2723 = ORIENTED_EDGE ( 'NONE', *, *, #3994, .T. ) ;
#2724 = CARTESIAN_POINT ( 'NONE',  ( -15.50000000000000000, 0.000000000000000000, -15.49999999999999822 ) ) ;
#2725 = LINE ( 'NONE', #4328, #2857 ) ;
#2726 = CARTESIAN_POINT ( 'NONE',  ( -10.70000000000010054, 60.00000000000002842, 21.76610514844884392 ) ) ;
#2727 = VECTOR ( 'NONE', #1818, 1000.000000000000114 ) ;
#2728 = CARTESIAN_POINT ( 'NONE',  ( -13.49999999999975309, 60.00000000000002842, -26.61584740964186935 ) ) ;
#2729 = VERTEX_POINT ( 'NONE', #2686 ) ;
#2730 = CARTESIAN_POINT ( 'NONE',  ( 0.000000000000000000, 5.400000000000000355, 0.000000000000000000 ) ) ;
#2731 = EDGE_CURVE ( 'NONE', #1359, #2955, #1978, .T. ) ;
#2732 = VERTEX_POINT ( 'NONE', #787 ) ;
#2733 = ORIENTED_EDGE ( 'NONE', *, *, #2047, .F. ) ;
#2734 = DIRECTION ( 'NONE',  ( -0.000000000000000000, -3.552713678800500929E-15, 1.000000000000000000 ) ) ;
#2735 = CARTESIAN_POINT ( 'NONE',  ( -39.16683849253811189, 46.00000000000007105, 22.00000000000017408 ) ) ;
#2736 = EDGE_CURVE ( 'NONE', #344, #385, #5122, .T. ) ;
#2737 = CARTESIAN_POINT ( 'NONE',  ( -27.00000000000000000, 5.400000000000000355, 3.233161507461902673 ) ) ;
#2738 = EDGE_LOOP ( 'NONE', ( #3099, #4744, #4326, #2541 ) ) ;
#2739 = ORIENTED_EDGE ( 'NONE', *, *, #4369, .F. ) ;
#2740 = ORIENTED_EDGE ( 'NONE', *, *, #4458, .T. ) ;
#2741 = DIRECTION ( 'NONE',  ( -0.000000000000000000, -1.000000000000000000, -0.000000000000000000 ) ) ;
#2742 = EDGE_CURVE ( 'NONE', #602, #3201, #1534, .T. ) ;
#2743 = ADVANCED_FACE ( 'NONE', ( #4731 ), #1156, .T. ) ;
#2744 = CARTESIAN_POINT ( 'NONE',  ( -26.92701278571797729, 24.80000000000017835, 22.00000000000010303 ) ) ;
#2745 = ORIENTED_EDGE ( 'NONE', *, *, #948, .T. ) ;
#2746 = CARTESIAN_POINT ( 'NONE',  ( -16.29999999999976623, 5.400000000000000355, -24.99926665591094732 ) ) ;
#2747 = CARTESIAN_POINT ( 'NONE',  ( -40.78341924626905524, 11.20000000000000284, 25.60000000000005471 ) ) ;
#2748 = PLANE ( 'NONE',  #639 ) ;
#2749 = ORIENTED_EDGE ( 'NONE', *, *, #4829, .T. ) ;
#2750 = EDGE_CURVE ( 'NONE', #848, #1576, #4558, .T. ) ;
#2751 = DIRECTION ( 'NONE',  ( 0.000000000000000000, -1.000000000000000000, -3.854941057726261566E-15 ) ) ;
#2752 = VERTEX_POINT ( 'NONE', #286 ) ;
#2753 = DIRECTION ( 'NONE',  ( -0.8660254037844390407, 0.000000000000000000, 0.4999999999999991673 ) ) ;
#2754 = VERTEX_POINT ( 'NONE', #2291 ) ;
#2755 = CARTESIAN_POINT ( 'NONE',  ( -42.40000000000000568, 18.00000000000001066, 30.00000000000025935 ) ) ;
#2756 = EDGE_CURVE ( 'NONE', #2752, #2642, #735, .T. ) ;
#2757 = AXIS2_PLACEMENT_3D ( 'NONE', #1269, #4057, #563 ) ;
#2758 = CARTESIAN_POINT ( 'NONE',  ( -10.70000000000011831, 5.400000000000000355, 24.99926665591075192 ) ) ;
#2759 = CARTESIAN_POINT ( 'NONE',  ( 27.00000000000000000, 5.400000000000000355, -1.700000000000000178 ) ) ;
#2760 = ORIENTED_EDGE ( 'NONE', *, *, #4963, .F. ) ;
#2761 = VERTEX_POINT ( 'NONE', #5099 ) ;
#2762 = VERTEX_POINT ( 'NONE', #2759 ) ;
#2763 = CARTESIAN_POINT ( 'NONE',  ( -26.89999999999999858, 14.50000000000000888, 30.00000000000006040 ) ) ;
#2764 = CARTESIAN_POINT ( 'NONE',  ( -26.90000000000000568, 45.50000000000001421, 30.00000000000017408 ) ) ;
#2765 = ORIENTED_EDGE ( 'NONE', *, *, #1129, .T. ) ;
#2766 = FACE_OUTER_BOUND ( 'NONE', #2995, .T. ) ;
#2767 = LINE ( 'NONE', #800, #3611 ) ;
#2768 = CARTESIAN_POINT ( 'NONE',  ( -54.63982570682010476, 35.19999999999999574, 25.60000000000013642 ) ) ;
#2769 = EDGE_LOOP ( 'NONE', ( #672, #2213, #885, #2278 ) ) ;
#2770 = FACE_OUTER_BOUND ( 'NONE', #1547, .T. ) ;
#2771 = VECTOR ( 'NONE', #574, 1000.000000000000000 ) ;
#2772 = EDGE_LOOP ( 'NONE', ( #5004, #2546, #2465, #2673, #2011, #2661 ) ) ;
#2773 = EDGE_CURVE ( 'NONE', #152, #2065, #3893, .T. ) ;
#2774 = DIRECTION ( 'NONE',  ( 8.659560562354932858E-17, 0.7071067811865450192, 0.7071067811865501263 ) ) ;
#2775 = PLANE ( 'NONE',  #4046 ) ;
#2776 = ORIENTED_EDGE ( 'NONE', *, *, #1871, .T. ) ;
#2777 = EDGE_CURVE ( 'NONE', #273, #385, #5153, .T. ) ;
#2778 = VECTOR ( 'NONE', #4155, 1000.000000000000000 ) ;
#2779 = VECTOR ( 'NONE', #2856, 999.9999999999998863 ) ;
#2780 = VECTOR ( 'NONE', #473, 1000.000000000000000 ) ;
#2781 = AXIS2_PLACEMENT_3D ( 'NONE', #984, #3356, #4956 ) ;
#2782 = CARTESIAN_POINT ( 'NONE',  ( -28.54359353944907696, 38.00000000000017053, 30.00000000000039790 ) ) ;
#2783 = EDGE_CURVE ( 'NONE', #219, #3745, #4286, .T. ) ;
#2784 = VECTOR ( 'NONE', #247, 1000.000000000000000 ) ;
#2785 = DIRECTION ( 'NONE',  ( 0.000000000000000000, 0.000000000000000000, -1.000000000000000000 ) ) ;
#2786 = ORIENTED_EDGE ( 'NONE', *, *, #1875, .T. ) ;
#2787 = ORIENTED_EDGE ( 'NONE', *, *, #25, .F. ) ;
#2788 = CARTESIAN_POINT ( 'NONE',  ( -27.00000000000000000, 5.400000000000000355, 0.000000000000000000 ) ) ;
#2789 = VECTOR ( 'NONE', #2696, 999.9999999999998863 ) ;
#2790 = DIRECTION ( 'NONE',  ( 0.000000000000000000, 0.000000000000000000, -1.000000000000000000 ) ) ;
#2791 = ADVANCED_FACE ( 'NONE', ( #743 ), #2721, .F. ) ;
#2792 = VECTOR ( 'NONE', #2498, 1000.000000000000000 ) ;
#2793 = AXIS2_PLACEMENT_3D ( 'NONE', #727, #5056, #2245 ) ;
#2794 = DIRECTION ( 'NONE',  ( 0.000000000000000000, -1.000000000000000000, -3.854941057726261566E-15 ) ) ;
#2795 = ORIENTED_EDGE ( 'NONE', *, *, #3668, .F. ) ;
#2796 = DIRECTION ( 'NONE',  ( -0.000000000000000000, 1.000000000000000000, -0.000000000000000000 ) ) ;
#2797 = DIRECTION ( 'NONE',  ( -0.000000000000000000, 3.345538132240845257E-15, -1.000000000000000000 ) ) ;
#2798 = DIRECTION ( 'NONE',  ( 0.000000000000000000, -1.000000000000000000, -0.000000000000000000 ) ) ;
#2799 = CARTESIAN_POINT ( 'NONE',  ( 27.00000000000000000, 0.000000000000000000, 1.700000000000000178 ) ) ;
#2800 = ORIENTED_EDGE ( 'NONE', *, *, #717, .T. ) ;
#2801 = CIRCLE ( 'NONE', #4394, 12.00000000000000000 ) ;
#2802 = CIRCLE ( 'NONE', #4890, 1.699999999999996625 ) ;
#2803 = EDGE_CURVE ( 'NONE', #2479, #224, #1971, .T. ) ;
#2804 = DIRECTION ( 'NONE',  ( -0.000000000000000000, 3.345538132240845257E-15, -1.000000000000000000 ) ) ;
#2805 = ORIENTED_EDGE ( 'NONE', *, *, #4917, .T. ) ;
#2806 = CARTESIAN_POINT ( 'NONE',  ( -10.69999999999979678, 60.00000000000002842, -21.76610514844899313 ) ) ;
#2807 = DIRECTION ( 'NONE',  ( 0.000000000000000000, 0.000000000000000000, -1.000000000000000000 ) ) ;
#2808 = ORIENTED_EDGE ( 'NONE', *, *, #2531, .T. ) ;
#2809 = EDGE_CURVE ( 'NONE', #4177, #53, #1075, .T. ) ;
#2810 = ADVANCED_FACE ( 'NONE', ( #4254 ), #2259, .F. ) ;
#2811 = DIRECTION ( 'NONE',  ( -0.000000000000000000, -3.552713678800500929E-15, 1.000000000000000000 ) ) ;
#2812 = EDGE_CURVE ( 'NONE', #2260, #3801, #3073, .T. ) ;
#2813 = LINE ( 'NONE', #3283, #4306 ) ;
#2814 = ORIENTED_EDGE ( 'NONE', *, *, #4932, .T. ) ;
#2815 = ORIENTED_EDGE ( 'NONE', *, *, #600, .F. ) ;
#2816 = FACE_OUTER_BOUND ( 'NONE', #139, .T. ) ;
#2817 = CARTESIAN_POINT ( 'NONE',  ( 0.000000000000000000, 8.000000000000000000, 0.000000000000000000 ) ) ;
#2818 = EDGE_LOOP ( 'NONE', ( #1853, #2356, #3501, #4857 ) ) ;
#2819 = CARTESIAN_POINT ( 'NONE',  ( 10.70000000000029239, 8.000000000000000000, -24.99926665591067021 ) ) ;
#2820 = LINE ( 'NONE', #4447, #3951 ) ;
#2821 = LINE ( 'NONE', #2433, #2124 ) ;
#2822 = PLANE ( 'NONE',  #1711 ) ;
#2823 = ORIENTED_EDGE ( 'NONE', *, *, #141, .T. ) ;
#2824 = DIRECTION ( 'NONE',  ( 0.000000000000000000, 1.000000000000000000, 3.854941057726268666E-15 ) ) ;
#2825 = EDGE_CURVE ( 'NONE', #4082, #2666, #320, .T. ) ;
#2826 = DIRECTION ( 'NONE',  ( -0.4999999999999901745, -0.8660254037844442587, -3.219245568722515503E-15 ) ) ;
#2827 = DIRECTION ( 'NONE',  ( 7.617846651086517585E-17, -1.000000000000000000, -3.663735981263016583E-15 ) ) ;
#2828 = ORIENTED_EDGE ( 'NONE', *, *, #2359, .F. ) ;
#2829 = ORIENTED_EDGE ( 'NONE', *, *, #3183, .F. ) ;
#2830 = CARTESIAN_POINT ( 'NONE',  ( 10.70000000000025331, 60.00000000000002842, -21.76610514844876931 ) ) ;
#2831 = EDGE_CURVE ( 'NONE', #2262, #3652, #1126, .T. ) ;
#2832 = CARTESIAN_POINT ( 'NONE',  ( 26.99999999999999645, 5.400000000000000355, 3.233161507461903117 ) ) ;
#2833 = EDGE_LOOP ( 'NONE', ( #900, #579, #1393, #1954 ) ) ;
#2834 = EDGE_CURVE ( 'NONE', #1157, #997, #4467, .T. ) ;
#2835 = EDGE_LOOP ( 'NONE', ( #1615, #4074 ) ) ;
#2836 = DIRECTION ( 'NONE',  ( -0.8660254037844333785, 0.000000000000000000, -0.5000000000000092149 ) ) ;
#2837 = ADVANCED_FACE ( 'NONE', ( #468 ), #2888, .F. ) ;
#2838 = PLANE ( 'NONE',  #722 ) ;
#2839 = VECTOR ( 'NONE', #2139, 999.9999999999998863 ) ;
#2840 = CARTESIAN_POINT ( 'NONE',  ( -59.48956796801297031, 37.99999999999999289, 25.60000000000014708 ) ) ;
#2841 = VERTEX_POINT ( 'NONE', #2832 ) ;
#2842 = DIRECTION ( 'NONE',  ( -0.000000000000000000, -3.552713678800500929E-15, 1.000000000000000000 ) ) ;
#2843 = LINE ( 'NONE', #3978, #531 ) ;
#2844 = CARTESIAN_POINT ( 'NONE',  ( 13.49999999999994316, 1.293321843319615638, -26.61584740964178053 ) ) ;
#2845 = DIRECTION ( 'NONE',  ( 0.000000000000000000, -1.000000000000000000, -3.854941057726261566E-15 ) ) ;
#2846 = DIRECTION ( 'NONE',  ( -0.000000000000000000, 3.345538132240890616E-15, -1.000000000000000000 ) ) ;
#2847 = EDGE_CURVE ( 'NONE', #3767, #4270, #4778, .T. ) ;
#2848 = CARTESIAN_POINT ( 'NONE',  ( 10.70000000000025331, 5.400000000000000355, -21.76610514844876931 ) ) ;
#2849 = ORIENTED_EDGE ( 'NONE', *, *, #3710, .T. ) ;
#2850 = DIRECTION ( 'NONE',  ( 0.000000000000000000, -1.000000000000000000, -3.097720492815725095E-15 ) ) ;
#2851 = CARTESIAN_POINT ( 'NONE',  ( -26.89999999999999858, 17.86000000000001009, 30.00000000000007105 ) ) ;
#2852 = ORIENTED_EDGE ( 'NONE', *, *, #5086, .T. ) ;
#2853 = EDGE_LOOP ( 'NONE', ( #3797, #3237, #1187, #4002 ) ) ;
#2854 = EDGE_CURVE ( 'NONE', #992, #1868, #3990, .T. ) ;
#2855 = VECTOR ( 'NONE', #1437, 1000.000000000000000 ) ;
#2856 = DIRECTION ( 'NONE',  ( -0.8660254037844368202, 0.000000000000000000, -0.5000000000000032196 ) ) ;
#2857 = VECTOR ( 'NONE', #301, 1000.000000000000114 ) ;
#2858 = VECTOR ( 'NONE', #341, 1000.000000000000114 ) ;
#2859 = DIRECTION ( 'NONE',  ( 0.4999999999999992228, 0.000000000000000000, 0.8660254037844391517 ) ) ;
#2860 = VECTOR ( 'NONE', #496, 1000.000000000000000 ) ;
#2861 = FACE_OUTER_BOUND ( 'NONE', #2551, .T. ) ;
#2862 = VECTOR ( 'NONE', #2885, 1000.000000000000000 ) ;
#2863 = ORIENTED_EDGE ( 'NONE', *, *, #910, .T. ) ;
#2864 = ORIENTED_EDGE ( 'NONE', *, *, #2258, .F. ) ;
#2865 = ORIENTED_EDGE ( 'NONE', *, *, #348, .T. ) ;
#2866 = CARTESIAN_POINT ( 'NONE',  ( -44.01658075373095613, 11.20000000000000284, 25.60000000000005471 ) ) ;
#2867 = AXIS2_PLACEMENT_3D ( 'NONE', #750, #3424, #692 ) ;
#2868 = ORIENTED_EDGE ( 'NONE', *, *, #1742, .F. ) ;
#2869 = VECTOR ( 'NONE', #3812, 1000.000000000000000 ) ;
#2870 = PLANE ( 'NONE',  #2623 ) ;
#2871 = CARTESIAN_POINT ( 'NONE',  ( 0.000000000000000000, 8.000000000000000000, 0.000000000000000000 ) ) ;
#2872 = PLANE ( 'NONE',  #466 ) ;
#2873 = CIRCLE ( 'NONE', #4636, 1.700000000000000178 ) ;
#2874 = VECTOR ( 'NONE', #5031, 1000.000000000000114 ) ;
#2875 = CARTESIAN_POINT ( 'NONE',  ( -63.61320343559648194, 8.786796564403626775, 30.00000000000004263 ) ) ;
#2876 = ORIENTED_EDGE ( 'NONE', *, *, #319, .T. ) ;
#2877 = PLANE ( 'NONE',  #798 ) ;
#2878 = CARTESIAN_POINT ( 'NONE',  ( -13.49999999999978328, 0.000000000000000000, -25.08268590217996774 ) ) ;
#2879 = DIRECTION ( 'NONE',  ( -0.000000000000000000, -3.552713678800500929E-15, 1.000000000000000000 ) ) ;
#2880 = AXIS2_PLACEMENT_3D ( 'NONE', #1009, #4170, #2596 ) ;
#2881 = VECTOR ( 'NONE', #2304, 1000.000000000000000 ) ;
#2882 = EDGE_CURVE ( 'NONE', #650, #1050, #65, .T. ) ;
#2883 = ORIENTED_EDGE ( 'NONE', *, *, #4481, .T. ) ;
#2884 = VECTOR ( 'NONE', #3084, 1000.000000000000114 ) ;
#2885 = DIRECTION ( 'NONE',  ( 1.000000000000000000, 1.332267629550187533E-14, 2.146163712482680926E-16 ) ) ;
#2886 = CARTESIAN_POINT ( 'NONE',  ( -57.87298721428198434, 24.79999999999994742, 22.00000000000010303 ) ) ;
#2887 = DIRECTION ( 'NONE',  ( -0.5000000000000034417, 0.8660254037844367092, 3.219245568722465410E-15 ) ) ;
#2888 = CYLINDRICAL_SURFACE ( 'NONE', #739, 1.700000000000000178 ) ;
#2889 = ORIENTED_EDGE ( 'NONE', *, *, #3200, .F. ) ;
#2890 = CARTESIAN_POINT ( 'NONE',  ( 13.50000000000027178, 0.000000000000000000, -23.38268590217968423 ) ) ;
#2891 = ADVANCED_FACE ( 'NONE', ( #4855, #3651 ), #1255, .T. ) ;
#2892 = CARTESIAN_POINT ( 'NONE',  ( -27.00000000000000000, 5.400000000000000355, 1.700000000000000178 ) ) ;
#2893 = ORIENTED_EDGE ( 'NONE', *, *, #2047, .T. ) ;
#2894 = ORIENTED_EDGE ( 'NONE', *, *, #4891, .T. ) ;
#2895 = DIRECTION ( 'NONE',  ( -0.000000000000000000, -3.552713678800500929E-15, 1.000000000000000000 ) ) ;
#2896 = EDGE_CURVE ( 'NONE', #323, #343, #1277, .T. ) ;
#2897 = DIRECTION ( 'NONE',  ( -0.4999999999999974465, 0.000000000000000000, 0.8660254037844400399 ) ) ;
#2898 = ORIENTED_EDGE ( 'NONE', *, *, #2947, .F. ) ;
#2899 = LINE ( 'NONE', #2510, #4959 ) ;
#2900 = DIRECTION ( 'NONE',  ( 0.000000000000000000, -0.7071067811865507924, 0.7071067811865441310 ) ) ;
#2901 = EDGE_CURVE ( 'NONE', #1644, #3129, #2813, .T. ) ;
#2902 = VERTEX_POINT ( 'NONE', #416 ) ;
#2903 = CARTESIAN_POINT ( 'NONE',  ( 0.000000000000000000, 0.000000000000000000, -29.99999999999998934 ) ) ;
#2904 = ORIENTED_EDGE ( 'NONE', *, *, #2168, .F. ) ;
#2905 = DIRECTION ( 'NONE',  ( -0.000000000000000000, 1.000000000000000000, -0.000000000000000000 ) ) ;
#2906 = ADVANCED_FACE ( 'NONE', ( #2861 ), #883, .F. ) ;
#2907 = PLANE ( 'NONE',  #3879 ) ;
#2908 = ORIENTED_EDGE ( 'NONE', *, *, #1109, .F. ) ;
#2909 = CYLINDRICAL_SURFACE ( 'NONE', #1285, 1.799999999999990941 ) ;
#2910 = DIRECTION ( 'NONE',  ( -6.272760089132149442E-15, 1.000000000000000000, 3.361841101310300739E-15 ) ) ;
#2911 = ADVANCED_FACE ( 'NONE', ( #1611 ), #1791, .F. ) ;
#2912 = DIRECTION ( 'NONE',  ( -0.8660254037844363761, -0.5000000000000039968, -1.486905836551445738E-15 ) ) ;
#2913 = DIRECTION ( 'NONE',  ( 0.4999999999999979461, 0.8660254037844397068, 3.004629197474254559E-15 ) ) ;
#2914 = EDGE_LOOP ( 'NONE', ( #3704, #171 ) ) ;
#2915 = ORIENTED_EDGE ( 'NONE', *, *, #4464, .T. ) ;
#2916 = CARTESIAN_POINT ( 'NONE',  ( -56.25640646055104099, 37.99999999999999289, 25.60000000000014708 ) ) ;
#2917 = VECTOR ( 'NONE', #2897, 1000.000000000000114 ) ;
#2918 = FACE_OUTER_BOUND ( 'NONE', #1751, .T. ) ;
#2919 = ORIENTED_EDGE ( 'NONE', *, *, #4937, .T. ) ;
#2920 = DIRECTION ( 'NONE',  ( -0.4999999999999985567, -0.8660254037844394848, -3.219245568722475271E-15 ) ) ;
#2921 = CARTESIAN_POINT ( 'NONE',  ( -15.50000000000000000, 0.000000000000000000, -15.49999999999999822 ) ) ;
#2922 = CARTESIAN_POINT ( 'NONE',  ( 1.469576158976824144E-15, 0.000000000000000000, -12.00000000000000178 ) ) ;
#2923 = ORIENTED_EDGE ( 'NONE', *, *, #668, .T. ) ;
#2924 = LINE ( 'NONE', #4527, #142 ) ;
#2925 = ORIENTED_EDGE ( 'NONE', *, *, #1305, .T. ) ;
#2926 = ADVANCED_FACE ( 'NONE', ( #493 ), #461, .F. ) ;
#2927 = EDGE_CURVE ( 'NONE', #4288, #5157, #2420, .T. ) ;
#2928 = FACE_BOUND ( 'NONE', #2835, .T. ) ;
#2929 = VERTEX_POINT ( 'NONE', #4012 ) ;
#2930 = CARTESIAN_POINT ( 'NONE',  ( 0.000000000000000000, 8.000000000000000000, 12.00000000000000178 ) ) ;
#2931 = PERSON_AND_ORGANIZATION ( #5120, #4359 ) ;
#2932 = VECTOR ( 'NONE', #4509, 1000.000000000000000 ) ;
#2933 = CARTESIAN_POINT ( 'NONE',  ( -57.87298721428201276, 35.19999999999999574, 25.60000000000013642 ) ) ;
#2934 = FACE_OUTER_BOUND ( 'NONE', #3832, .T. ) ;
#2935 = EDGE_LOOP ( 'NONE', ( #4005, #1550 ) ) ;
#2936 = AXIS2_PLACEMENT_3D ( 'NONE', #2081, #2797, #2458 ) ;
#2937 = AXIS2_PLACEMENT_3D ( 'NONE', #3829, #4697, #233 ) ;
#2938 = ORIENTED_EDGE ( 'NONE', *, *, #199, .T. ) ;
#2939 = CARTESIAN_POINT ( 'NONE',  ( -30.16017429318005583, 40.80000000000015348, 25.60000000000015774 ) ) ;
#2940 = EDGE_CURVE ( 'NONE', #3810, #4445, #3179, .T. ) ;
#2941 = VECTOR ( 'NONE', #700, 1000.000000000000000 ) ;
#2942 = PLANE ( 'NONE',  #3046 ) ;
#2943 = ORIENTED_EDGE ( 'NONE', *, *, #1473, .F. ) ;
#2944 = ORIENTED_EDGE ( 'NONE', *, *, #4924, .T. ) ;
#2945 = CARTESIAN_POINT ( 'NONE',  ( -26.90000000000000568, 47.30000000000000426, 30.00000000000018119 ) ) ;
#2946 = VECTOR ( 'NONE', #916, 1000.000000000000000 ) ;
#2947 = EDGE_CURVE ( 'NONE', #3942, #835, #437, .T. ) ;
#2948 = AXIS2_PLACEMENT_3D ( 'NONE', #2009, #1263, #1289 ) ;
#2949 = CARTESIAN_POINT ( 'NONE',  ( -57.90000000000000568, 47.30000000000001137, 28.44000000000017891 ) ) ;
#2950 = EDGE_LOOP ( 'NONE', ( #3723, #2925, #3460, #1205, #109, #3587, #779, #591 ) ) ;
#2951 = CARTESIAN_POINT ( 'NONE',  ( -44.01658075373095613, 48.80000000000004690, 25.60000000000018616 ) ) ;
#2952 = CARTESIAN_POINT ( 'NONE',  ( -59.48956796801297031, 37.99999999999999289, 25.60000000000014708 ) ) ;
#2953 = CARTESIAN_POINT ( 'NONE',  ( -10.70000000000010232, 38.01170189303008584, 22.00000000000003908 ) ) ;
#2954 = EDGE_CURVE ( 'NONE', #2135, #2049, #2969, .T. ) ;
#2955 = VERTEX_POINT ( 'NONE', #1642 ) ;
#2956 = AXIS2_PLACEMENT_3D ( 'NONE', #340, #2734, #1071 ) ;
#2957 = VECTOR ( 'NONE', #1533, 1000.000000000000000 ) ;
#2958 = CIRCLE ( 'NONE', #1379, 1.700000000000000178 ) ;
#2959 = ORIENTED_EDGE ( 'NONE', *, *, #1069, .T. ) ;
#2960 = VECTOR ( 'NONE', #1084, 1000.000000000000000 ) ;
#2961 = CARTESIAN_POINT ( 'NONE',  ( -26.90000000000000568, 45.50000000000002132, 28.44000000000016826 ) ) ;
#2962 = ORIENTED_EDGE ( 'NONE', *, *, #1245, .F. ) ;
#2963 = VECTOR ( 'NONE', #2339, 1000.000000000000000 ) ;
#2964 = EDGE_CURVE ( 'NONE', #3728, #3970, #1686, .T. ) ;
#2965 = ADVANCED_FACE ( 'NONE', ( #855 ), #928, .F. ) ;
#2966 = CARTESIAN_POINT ( 'NONE',  ( 27.00000000000000000, 5.400000000000000355, 0.000000000000000000 ) ) ;
#2967 = DIRECTION ( 'NONE',  ( 0.000000000000000000, 0.000000000000000000, 1.000000000000000000 ) ) ;
#2968 = ORIENTED_EDGE ( 'NONE', *, *, #1199, .F. ) ;
#2969 = CIRCLE ( 'NONE', #1378, 3.360000000000002096 ) ;
#2970 = EDGE_LOOP ( 'NONE', ( #851, #4355, #1929, #1158 ) ) ;
#2971 = DIRECTION ( 'NONE',  ( 0.000000000000000000, 0.000000000000000000, 1.000000000000000000 ) ) ;
#2972 = DIRECTION ( 'NONE',  ( -0.000000000000000000, 1.000000000000000000, -0.000000000000000000 ) ) ;
#2973 = EDGE_CURVE ( 'NONE', #3801, #4795, #2522, .T. ) ;
#2974 = DIRECTION ( 'NONE',  ( -1.000000000000000000, -1.332267629550187533E-14, -2.146163712482680926E-16 ) ) ;
#2975 = CARTESIAN_POINT ( 'NONE',  ( -15.50000000000000355, 0.000000000000000000, 15.50000000000000178 ) ) ;
#2976 = VERTEX_POINT ( 'NONE', #178 ) ;
#2977 = ORIENTED_EDGE ( 'NONE', *, *, #3961, .T. ) ;
#2978 = DIRECTION ( 'NONE',  ( 0.8660254037844432595, -0.4999999999999919509, -1.486905836551404126E-15 ) ) ;
#2979 = CARTESIAN_POINT ( 'NONE',  ( 14.89999999999994351, 8.000000000000000000, 25.80755703277631241 ) ) ;
#2980 = VERTEX_POINT ( 'NONE', #4193 ) ;
#2981 = CARTESIAN_POINT ( 'NONE',  ( -26.90000000000000568, 43.70000000000002416, 30.00000000000017053 ) ) ;
#2982 = FACE_OUTER_BOUND ( 'NONE', #4746, .T. ) ;
#2983 = LINE ( 'NONE', #2589, #306 ) ;
#2984 = ORIENTED_EDGE ( 'NONE', *, *, #3900, .T. ) ;
#2985 = ORIENTED_EDGE ( 'NONE', *, *, #2803, .T. ) ;
#2986 = EDGE_CURVE ( 'NONE', #848, #4548, #549, .T. ) ;
#2987 = DIRECTION ( 'NONE',  ( 0.5000000000000087708, 0.000000000000000000, -0.8660254037844336006 ) ) ;
#2988 = EDGE_LOOP ( 'NONE', ( #1370, #962, #2401, #1785 ) ) ;
#2989 =( NAMED_UNIT ( * ) PLANE_ANGLE_UNIT ( ) SI_UNIT ( $, .RADIAN. ) );
#2990 = DIRECTION ( 'NONE',  ( 0.000000000000000000, 1.000000000000000000, 4.081702296416015997E-15 ) ) ;
#2991 = CARTESIAN_POINT ( 'NONE',  ( -13.98755610176389830, 1.293321843319610309, -27.46031934943675523 ) ) ;
#2992 = FACE_BOUND ( 'NONE', #1262, .T. ) ;
#2993 = FACE_OUTER_BOUND ( 'NONE', #2513, .T. ) ;
#2994 = EDGE_CURVE ( 'NONE', #3032, #5115, #1353, .T. ) ;
#2995 = EDGE_LOOP ( 'NONE', ( #1221, #1512, #3948, #2516 ) ) ;
#2996 = ORIENTED_EDGE ( 'NONE', *, *, #1002, .T. ) ;
#2997 = DIRECTION ( 'NONE',  ( 1.000000000000000000, 0.000000000000000000, 0.000000000000000000 ) ) ;
#2998 = CARTESIAN_POINT ( 'NONE',  ( 13.50000000000027178, 0.000000000000000000, -25.08268590217968708 ) ) ;
#2999 = VERTEX_POINT ( 'NONE', #3337 ) ;
#3000 = CARTESIAN_POINT ( 'NONE',  ( -45.63316150746190658, 13.99999999999999289, 25.60000000000006537 ) ) ;
#3001 = DIRECTION ( 'NONE',  ( -0.5000000000000095479, 0.8660254037844331565, 2.790012826226010182E-15 ) ) ;
#3002 = DIRECTION ( 'NONE',  ( 0.000000000000000000, -1.000000000000000000, -3.758567531283081775E-15 ) ) ;
#3003 = ORIENTED_EDGE ( 'NONE', *, *, #373, .F. ) ;
#3004 = DIRECTION ( 'NONE',  ( -0.4999999999999902300, -0.8660254037844442587, 0.000000000000000000 ) ) ;
#3005 = ADVANCED_FACE ( 'NONE', ( #1717 ), #1382, .F. ) ;
#3006 = EDGE_LOOP ( 'NONE', ( #3577, #3320, #2604, #1323, #412, #773, #5133, #2087, #4372, #3408, #4574, #4607, #3683, #27, #4677, #1331, #4703, #582, #2740, #3606, #4165, #1477, #4757, #2586, #2400, #3492, #3049, #2340, #2018, #2493, #3833, #766, #3952, #4407, #4894, #4609, #1337, #2477, #1248, #2504, #4499 ) ) ;
#3007 = LOCAL_TIME ( 21, 20, 36.00000000000000000, #4223 ) ;
#3008 = DIRECTION ( 'NONE',  ( -0.000000000000000000, -3.552713678800500929E-15, 1.000000000000000000 ) ) ;
#3009 = ORIENTED_EDGE ( 'NONE', *, *, #2094, .T. ) ;
#3010 = EDGE_CURVE ( 'NONE', #2274, #4755, #985, .T. ) ;
#3011 = PERSON_AND_ORGANIZATION ( #5120, #4359 ) ;
#3012 = CARTESIAN_POINT ( 'NONE',  ( -42.40000000000000568, 30.00000000000001066, 30.00000000000030198 ) ) ;
#3013 = LINE ( 'NONE', #4615, #1640 ) ;
#3014 = CARTESIAN_POINT ( 'NONE',  ( -13.49999999999978328, 5.400000000000000355, -25.08268590217996774 ) ) ;
#3015 = CARTESIAN_POINT ( 'NONE',  ( 13.50000000000027178, 5.400000000000000355, -23.38268590217968423 ) ) ;
#3016 = VECTOR ( 'NONE', #2142, 1000.000000000000000 ) ;
#3017 = AXIS2_PLACEMENT_3D ( 'NONE', #1233, #2811, #4413 ) ;
#3018 = ORIENTED_EDGE ( 'NONE', *, *, #1579, .F. ) ;
#3019 = EDGE_LOOP ( 'NONE', ( #3316, #1918, #4498, #1916 ) ) ;
#3020 = DIRECTION ( 'NONE',  ( 0.7071067811865461294, -0.000000000000000000, -0.7071067811865489050 ) ) ;
#3021 = VECTOR ( 'NONE', #3456, 1000.000000000000227 ) ;
#3022 = DIRECTION ( 'NONE',  ( 0.000000000000000000, 0.000000000000000000, -1.000000000000000000 ) ) ;
#3023 = AXIS2_PLACEMENT_3D ( 'NONE', #318, #255, #3498 ) ;
#3024 = EDGE_CURVE ( 'NONE', #602, #4154, #4171, .T. ) ;
#3025 = FACE_BOUND ( 'NONE', #3217, .T. ) ;
#3026 = AXIS2_PLACEMENT_3D ( 'NONE', #1013, #4282, #1046 ) ;
#3027 = ORIENTED_EDGE ( 'NONE', *, *, #1335, .F. ) ;
#3028 = CIRCLE ( 'NONE', #2026, 1.700000000000000178 ) ;
#3029 = DIRECTION ( 'NONE',  ( -0.000000000000000000, -1.000000000000000000, -0.000000000000000000 ) ) ;
#3030 = CARTESIAN_POINT ( 'NONE',  ( -54.82640687119288714, 8.000000000000000000, 22.00000000000000711 ) ) ;
#3031 = CARTESIAN_POINT ( 'NONE',  ( -56.25640646055104099, 37.99999999999999289, 25.60000000000014708 ) ) ;
#3032 = VERTEX_POINT ( 'NONE', #4590 ) ;
#3033 = EDGE_LOOP ( 'NONE', ( #3419, #1112, #1407, #1940 ) ) ;
#3034 = VECTOR ( 'NONE', #2920, 1000.000000000000114 ) ;
#3035 = DIRECTION ( 'NONE',  ( 1.332267629550187691E-14, -1.000000000000000000, -3.577052802596770261E-15 ) ) ;
#3036 = VECTOR ( 'NONE', #4216, 1000.000000000000000 ) ;
#3037 = DIRECTION ( 'NONE',  ( 0.000000000000000000, 0.000000000000000000, 1.000000000000000000 ) ) ;
#3038 = VERTEX_POINT ( 'NONE', #3415 ) ;
#3039 = VECTOR ( 'NONE', #4505, 1000.000000000000000 ) ;
#3040 = DIRECTION ( 'NONE',  ( 0.000000000000000000, 1.000000000000000000, 4.081702296416015997E-15 ) ) ;
#3041 = FACE_BOUND ( 'NONE', #494, .T. ) ;
#3042 = CARTESIAN_POINT ( 'NONE',  ( -57.89999999999999858, 16.29999999999999005, 30.00000000000007105 ) ) ;
#3043 = PLANE ( 'NONE',  #3383 ) ;
#3044 = CIRCLE ( 'NONE', #1881, 1.700000000000000178 ) ;
#3045 = DIRECTION ( 'NONE',  ( 0.000000000000000000, 0.000000000000000000, -1.000000000000000000 ) ) ;
#3046 = AXIS2_PLACEMENT_3D ( 'NONE', #4175, #4594, #2912 ) ;
#3047 = VERTEX_POINT ( 'NONE', #2597 ) ;
#3048 = EDGE_CURVE ( 'NONE', #1500, #3615, #1765, .T. ) ;
#3049 = ORIENTED_EDGE ( 'NONE', *, *, #2882, .T. ) ;
#3050 = ORIENTED_EDGE ( 'NONE', *, *, #3989, .F. ) ;
#3051 = DIRECTION ( 'NONE',  ( 8.659560562354932858E-17, -0.7071067811865474617, 0.7071067811865474617 ) ) ;
#3052 = DIRECTION ( 'NONE',  ( -7.617846651086544702E-17, 3.552713678800500929E-15, -1.000000000000000000 ) ) ;
#3053 = DIRECTION ( 'NONE',  ( -1.031762615983161979E-16, 0.000000000000000000, -1.000000000000000000 ) ) ;
#3054 = ORIENTED_EDGE ( 'NONE', *, *, #1524, .T. ) ;
#3055 = CARTESIAN_POINT ( 'NONE',  ( -27.00000000000000000, 5.400000000000000355, -1.700000000000000178 ) ) ;
#3056 = CARTESIAN_POINT ( 'NONE',  ( 0.000000000000000000, 5.400000000000000355, 0.000000000000000000 ) ) ;
#3057 = LINE ( 'NONE', #1831, #2294 ) ;
#3059 = ORIENTED_EDGE ( 'NONE', *, *, #4963, .T. ) ;
#3058 = EDGE_CURVE ( 'NONE', #2317, #1643, #2173, .T. ) ;
#3060 = EDGE_CURVE ( 'NONE', #4427, #1922, #1793, .T. ) ;
#3061 = LINE ( 'NONE', #1145, #4629 ) ;
#3062 = ORIENTED_EDGE ( 'NONE', *, *, #1468, .T. ) ;
#3063 = EDGE_LOOP ( 'NONE', ( #733, #500, #2470, #469 ) ) ;
#3064 = EDGE_CURVE ( 'NONE', #1930, #2754, #2462, .T. ) ;
#3065 = DIRECTION ( 'NONE',  ( -0.7071067811865461294, 0.7071067811865489050, 2.644518867078458797E-15 ) ) ;
#3066 = LINE ( 'NONE', #4983, #868 ) ;
#3068 = ADVANCED_FACE ( 'NONE', ( #2934 ), #1010, .F. ) ;
#3067 = ORIENTED_EDGE ( 'NONE', *, *, #1996, .F. ) ;
#3069 = DIRECTION ( 'NONE',  ( 0.4999999999999997224, -0.8660254037844388186, -2.790012826226006237E-15 ) ) ;
#3070 = CARTESIAN_POINT ( 'NONE',  ( -24.19999999999999929, 5.400000000000000355, 1.616580753730953779 ) ) ;
#3071 = LINE ( 'NONE', #2683, #881 ) ;
#3072 = EDGE_CURVE ( 'NONE', #2929, #2576, #3748, .T. ) ;
#3073 = LINE ( 'NONE', #1099, #1309 ) ;
#3074 = ORIENTED_EDGE ( 'NONE', *, *, #3491, .F. ) ;
#3075 = ORIENTED_EDGE ( 'NONE', *, *, #2600, .F. ) ;
#3076 = EDGE_LOOP ( 'NONE', ( #2306, #3411, #3862, #3118 ) ) ;
#3077 = PLANE ( 'NONE',  #1526 ) ;
#3078 = CARTESIAN_POINT ( 'NONE',  ( -42.40000000000000568, 30.00000000000001066, 30.00000000000030198 ) ) ;
#3079 = EDGE_CURVE ( 'NONE', #3254, #383, #211, .T. ) ;
#3080 = CARTESIAN_POINT ( 'NONE',  ( -57.89999999999999858, 14.50000000000000533, 30.00000000000006395 ) ) ;
#3081 = VERTEX_POINT ( 'NONE', #130 ) ;
#3082 = CARTESIAN_POINT ( 'NONE',  ( -53.02324495308916141, 38.00000000000000000, 25.60000000000014708 ) ) ;
#3083 = DIRECTION ( 'NONE',  ( -0.000000000000000000, 3.593355771666226926E-15, -1.000000000000000000 ) ) ;
#3084 = DIRECTION ( 'NONE',  ( 0.4999999999999961697, 0.8660254037844408170, 2.790012826226013337E-15 ) ) ;
#3085 = ORIENTED_EDGE ( 'NONE', *, *, #3938, .F. ) ;
#3086 = ORIENTED_EDGE ( 'NONE', *, *, #4520, .F. ) ;
#3087 = EDGE_LOOP ( 'NONE', ( #4925, #1848, #3373, #2765 ) ) ;
#3088 = FACE_OUTER_BOUND ( 'NONE', #487, .T. ) ;
#3089 = ORIENTED_EDGE ( 'NONE', *, *, #5020, .F. ) ;
#3090 = CIRCLE ( 'NONE', #4681, 1.799999999999990941 ) ;
#3091 =( LENGTH_UNIT ( ) NAMED_UNIT ( * ) SI_UNIT ( .MILLI., .METRE. ) );
#3092 = ADVANCED_FACE ( 'NONE', ( #4567 ), #3226, .F. ) ;
#3093 = DIRECTION ( 'NONE',  ( -8.992806499463749045E-15, 1.000000000000000000, 3.493786075749805423E-15 ) ) ;
#3094 = PLANE ( 'NONE',  #2937 ) ;
#3095 = DIRECTION ( 'NONE',  ( -0.6103818063152128826, -0.000000000000000000, 0.7921073478508945387 ) ) ;
#3096 = DIRECTION ( 'NONE',  ( 0.000000000000000000, 0.000000000000000000, -1.000000000000000000 ) ) ;
#3097 = ORIENTED_EDGE ( 'NONE', *, *, #3610, .T. ) ;
#3098 = ORIENTED_EDGE ( 'NONE', *, *, #3064, .F. ) ;
#3099 = ORIENTED_EDGE ( 'NONE', *, *, #3600, .T. ) ;
#3100 = EDGE_CURVE ( 'NONE', #3525, #1092, #3013, .T. ) ;
#3101 = LINE ( 'NONE', #1079, #942 ) ;
#3102 = VECTOR ( 'NONE', #3985, 1000.000000000000114 ) ;
#3103 = CARTESIAN_POINT ( 'NONE',  ( -40.78341924626905524, 48.80000000000004690, 25.60000000000018616 ) ) ;
#3104 = EDGE_LOOP ( 'NONE', ( #1563, #1296, #635, #2894 ) ) ;
#3105 = CARTESIAN_POINT ( 'NONE',  ( -30.16017429317986753, 24.80000000000013216, 25.60000000000009734 ) ) ;
#3106 = ADVANCED_FACE ( 'NONE', ( #1330 ), #2907, .F. ) ;
#3107 = FACE_OUTER_BOUND ( 'NONE', #2988, .T. ) ;
#3108 = DIRECTION ( 'NONE',  ( 0.000000000000000000, -1.000000000000000000, 0.000000000000000000 ) ) ;
#3109 = VECTOR ( 'NONE', #4864, 1000.000000000000114 ) ;
#3110 = DIRECTION ( 'NONE',  ( 8.992806499463749045E-15, -1.000000000000000000, -3.493786075749805423E-15 ) ) ;
#3111 = ORIENTED_EDGE ( 'NONE', *, *, #3486, .T. ) ;
#3112 = LINE ( 'NONE', #1941, #4804 ) ;
#3113 = ORIENTED_EDGE ( 'NONE', *, *, #2428, .T. ) ;
#3114 = VECTOR ( 'NONE', #235, 1000.000000000000227 ) ;
#3115 = ORIENTED_EDGE ( 'NONE', *, *, #357, .T. ) ;
#3116 = EDGE_CURVE ( 'NONE', #2049, #2135, #1627, .T. ) ;
#3117 = LINE ( 'NONE', #701, #1797 ) ;
#3118 = ORIENTED_EDGE ( 'NONE', *, *, #3595, .T. ) ;
#3119 = VECTOR ( 'NONE', #5001, 1000.000000000000227 ) ;
#3120 = DIRECTION ( 'NONE',  ( 3.402186748401744277E-17, 3.577052802596770261E-15, -1.000000000000000000 ) ) ;
#3121 = LINE ( 'NONE', #4035, #1038 ) ;
#3122 = EDGE_CURVE ( 'NONE', #4270, #2236, #4312, .T. ) ;
#3123 = VECTOR ( 'NONE', #3670, 1000.000000000000000 ) ;
#3124 = VECTOR ( 'NONE', #4945, 1000.000000000000000 ) ;
#3125 = DIRECTION ( 'NONE',  ( 0.8660254037844409281, 0.000000000000000000, -0.4999999999999961142 ) ) ;
#3126 = DIRECTION ( 'NONE',  ( 0.000000000000000000, 0.000000000000000000, 1.000000000000000000 ) ) ;
#3127 = ORIENTED_EDGE ( 'NONE', *, *, #1614, .F. ) ;
#3128 = VECTOR ( 'NONE', #652, 1000.000000000000000 ) ;
#3129 = VERTEX_POINT ( 'NONE', #760 ) ;
#3130 = ADVANCED_FACE ( 'NONE', ( #2656 ), #679, .F. ) ;
#3131 = VECTOR ( 'NONE', #3269, 1000.000000000000114 ) ;
#3132 = VERTEX_POINT ( 'NONE', #4252 ) ;
#3133 = DIRECTION ( 'NONE',  ( -2.720046410331633918E-15, 0.000000000000000000, 1.000000000000000000 ) ) ;
#3134 = CARTESIAN_POINT ( 'NONE',  ( -15.50000000000000355, 1.560000000000005826, 13.70000000000000817 ) ) ;
#3135 = VECTOR ( 'NONE', #2913, 1000.000000000000227 ) ;
#3136 = DIRECTION ( 'NONE',  ( 0.000000000000000000, -1.000000000000000000, -3.552713678800500929E-15 ) ) ;
#3137 = ORIENTED_EDGE ( 'NONE', *, *, #4054, .T. ) ;
#3138 = CARTESIAN_POINT ( 'NONE',  ( 10.69999999999994600, 8.000000000000000000, 22.00000000000003553 ) ) ;
#3139 = LINE ( 'NONE', #4742, #939 ) ;
#3140 = LINE ( 'NONE', #4743, #5064 ) ;
#3141 = VERTEX_POINT ( 'NONE', #2755 ) ;
#3142 = PLANE ( 'NONE',  #718 ) ;
#3143 = ORIENTED_EDGE ( 'NONE', *, *, #2005, .T. ) ;
#3144 = CARTESIAN_POINT ( 'NONE',  ( -54.63982570682006212, 24.79999999999995097, 25.60000000000010090 ) ) ;
#3145 = EDGE_CURVE ( 'NONE', #3201, #3567, #1480, .T. ) ;
#3146 = VERTEX_POINT ( 'NONE', #4696 ) ;
#3147 = DIRECTION ( 'NONE',  ( -1.000000000000000000, 0.000000000000000000, -0.000000000000000000 ) ) ;
#3148 = EDGE_LOOP ( 'NONE', ( #2889, #2307, #1338, #827 ) ) ;
#3149 = ADVANCED_FACE ( 'NONE', ( #1122 ), #3150, .T. ) ;
#3150 = PLANE ( 'NONE',  #1803 ) ;
#3151 = DIRECTION ( 'NONE',  ( 0.8660254037844387076, -0.000000000000000000, 0.4999999999999998335 ) ) ;
#3152 = DIRECTION ( 'NONE',  ( -0.4999999999999996669, 0.8660254037844388186, 0.000000000000000000 ) ) ;
#3153 = CARTESIAN_POINT ( 'NONE',  ( -16.29999999999979821, 60.00000000000002842, -21.76610514844904287 ) ) ;
#3154 = DIRECTION ( 'NONE',  ( 0.000000000000000000, 1.000000000000000000, 4.081702296416015997E-15 ) ) ;
#3155 = ORIENTED_EDGE ( 'NONE', *, *, #3183, .T. ) ;
#3156 = EDGE_LOOP ( 'NONE', ( #4147, #105, #4347, #3355, #671, #5088, #4364, #3633 ) ) ;
#3157 = EDGE_LOOP ( 'NONE', ( #4255, #4031, #4528, #1308 ) ) ;
#3158 = LINE ( 'NONE', #4366, #2447 ) ;
#3159 = FACE_OUTER_BOUND ( 'NONE', #1021, .T. ) ;
#3160 = CARTESIAN_POINT ( 'NONE',  ( -57.87298721428194881, 19.19999999999994245, 25.60000000000008313 ) ) ;
#3161 = ADVANCED_FACE ( 'NONE', ( #3828, #1449, #3854, #2335, #2313, #3041, #4751, #4646, #3912, #3936, #4280, #1924 ), #282, .F. ) ;
#3162 = EDGE_CURVE ( 'NONE', #1204, #2370, #363, .T. ) ;
#3163 = DIRECTION ( 'NONE',  ( -0.000000000000000000, 1.000000000000000000, -0.000000000000000000 ) ) ;
#3164 = ORIENTED_EDGE ( 'NONE', *, *, #4432, .F. ) ;
#3165 = LINE ( 'NONE', #3563, #52 ) ;
#3166 = PLANE ( 'NONE',  #1030 ) ;
#3167 = CARTESIAN_POINT ( 'NONE',  ( -57.89999999999999858, 11.14000000000000590, 30.00000000000005329 ) ) ;
#3168 = ORIENTED_EDGE ( 'NONE', *, *, #1324, .F. ) ;
#3169 = ORIENTED_EDGE ( 'NONE', *, *, #2736, .T. ) ;
#3170 = CARTESIAN_POINT ( 'NONE',  ( -26.89999999999999858, 14.50000000000000888, 30.00000000000006040 ) ) ;
#3171 = ORIENTED_EDGE ( 'NONE', *, *, #3819, .F. ) ;
#3172 = DIRECTION ( 'NONE',  ( 0.000000000000000000, 1.000000000000000000, 4.081702296416015997E-15 ) ) ;
#3173 = EDGE_CURVE ( 'NONE', #3976, #3344, #3090, .T. ) ;
#3174 = VERTEX_POINT ( 'NONE', #1525 ) ;
#3175 = DIRECTION ( 'NONE',  ( -0.5000000000000087708, 0.000000000000000000, 0.8660254037844336006 ) ) ;
#3176 = VECTOR ( 'NONE', #1295, 1000.000000000000000 ) ;
#3177 = DIRECTION ( 'NONE',  ( 0.000000000000000000, 0.000000000000000000, 1.000000000000000000 ) ) ;
#3178 = EDGE_CURVE ( 'NONE', #3822, #5046, #3546, .T. ) ;
#3179 = LINE ( 'NONE', #4883, #3123 ) ;
#3180 = VERTEX_POINT ( 'NONE', #4358 ) ;
#3181 = ORIENTED_EDGE ( 'NONE', *, *, #2773, .T. ) ;
#3182 = ORIENTED_EDGE ( 'NONE', *, *, #1531, .T. ) ;
#3183 = EDGE_CURVE ( 'NONE', #525, #3232, #707, .T. ) ;
#3184 = FACE_OUTER_BOUND ( 'NONE', #36, .T. ) ;
#3185 = PLANE ( 'NONE',  #4124 ) ;
#3186 = CARTESIAN_POINT ( 'NONE',  ( -30.16017429318005583, 40.80000000000015348, 25.60000000000015774 ) ) ;
#3187 = VERTEX_POINT ( 'NONE', #5149 ) ;
#3188 = CARTESIAN_POINT ( 'NONE',  ( 13.50000000000027178, 5.400000000000000355, -23.38268590217968423 ) ) ;
#3189 = CARTESIAN_POINT ( 'NONE',  ( 16.30000000000029203, 60.00000000000002842, -24.99926665591060626 ) ) ;
#3190 = LINE ( 'NONE', #3925, #1231 ) ;
#3191 = LINE ( 'NONE', #4897, #4293 ) ;
#3192 = ORIENTED_EDGE ( 'NONE', *, *, #3994, .F. ) ;
#3193 = AXIS2_PLACEMENT_3D ( 'NONE', #3372, #3561, #2322 ) ;
#3194 = LINE ( 'NONE', #3639, #127 ) ;
#3195 = VECTOR ( 'NONE', #1672, 1000.000000000000000 ) ;
#3196 = ORIENTED_EDGE ( 'NONE', *, *, #1655, .F. ) ;
#3197 = CARTESIAN_POINT ( 'NONE',  ( -26.90000000000000568, 42.14000000000000767, 30.00000000000016698 ) ) ;
#3198 = CARTESIAN_POINT ( 'NONE',  ( -18.63677956447317996, 48.31145418945639847, 22.00000000000018474 ) ) ;
#3199 = CARTESIAN_POINT ( 'NONE',  ( -15.50000000000000000, 1.560000000000005826, -15.49999999999999822 ) ) ;
#3200 = EDGE_CURVE ( 'NONE', #2223, #3809, #5095, .T. ) ;
#3201 = VERTEX_POINT ( 'NONE', #3889 ) ;
#3202 = VECTOR ( 'NONE', #261, 1000.000000000000114 ) ;
#3203 = AXIS2_PLACEMENT_3D ( 'NONE', #2083, #4819, #1624 ) ;
#3204 = VECTOR ( 'NONE', #1192, 1000.000000000000000 ) ;
#3205 = DIRECTION ( 'NONE',  ( 5.495603971894524875E-15, 0.000000000000000000, -1.000000000000000000 ) ) ;
#3206 = VECTOR ( 'NONE', #5139, 1000.000000000000000 ) ;
#3207 = DIRECTION ( 'NONE',  ( 0.4999999999999901745, 0.8660254037844442587, 3.219245568722515503E-15 ) ) ;
#3208 = EDGE_LOOP ( 'NONE', ( #195, #1172, #564, #4664 ) ) ;
#3209 = ORIENTED_EDGE ( 'NONE', *, *, #1648, .F. ) ;
#3210 = DIRECTION ( 'NONE',  ( 0.000000000000000000, 0.000000000000000000, 1.000000000000000000 ) ) ;
#3211 = AXIS2_PLACEMENT_3D ( 'NONE', #1665, #59, #1583 ) ;
#3212 = AXIS2_PLACEMENT_3D ( 'NONE', #4274, #3035, #274 ) ;
#3213 = ADVANCED_FACE ( 'NONE', ( #4728 ), #317, .F. ) ;
#3214 = VECTOR ( 'NONE', #4425, 1000.000000000000000 ) ;
#3215 = AXIS2_PLACEMENT_3D ( 'NONE', #3807, #478, #1697 ) ;
#3216 = CARTESIAN_POINT ( 'NONE',  ( -54.63982570682003370, 19.19999999999997087, 25.60000000000007958 ) ) ;
#3217 = EDGE_LOOP ( 'NONE', ( #4748, #4522 ) ) ;
#3218 = CARTESIAN_POINT ( 'NONE',  ( 10.70000000000029239, 5.400000000000000355, -24.99926665591067021 ) ) ;
#3219 = DIRECTION ( 'NONE',  ( -0.4999999999999997224, 0.8660254037844388186, 2.790012826226006237E-15 ) ) ;
#3220 = CARTESIAN_POINT ( 'NONE',  ( -54.63982570682010476, 35.20000000000000995, 22.00000000000013856 ) ) ;
#3221 = DIRECTION ( 'NONE',  ( -7.617846651086544702E-17, 3.552713678800500929E-15, -1.000000000000000000 ) ) ;
#3222 = ORIENTED_EDGE ( 'NONE', *, *, #1305, .F. ) ;
#3223 = CIRCLE ( 'NONE', #2211, 3.360000000000000320 ) ;
#3224 = DIRECTION ( 'NONE',  ( -0.000000000000000000, 1.000000000000000000, -0.000000000000000000 ) ) ;
#3225 = ORIENTED_EDGE ( 'NONE', *, *, #995, .F. ) ;
#3226 = CONICAL_SURFACE ( 'NONE', #972, 3.360000000000002096, 0.7853981633974504994 ) ;
#3227 = CYLINDRICAL_SURFACE ( 'NONE', #952, 12.00000000000000000 ) ;
#3228 = CARTESIAN_POINT ( 'NONE',  ( 13.50000000000027178, 5.400000000000000355, -25.08268590217968708 ) ) ;
#3229 = EDGE_CURVE ( 'NONE', #1088, #4756, #3929, .T. ) ;
#3230 = CARTESIAN_POINT ( 'NONE',  ( -39.16683849253811189, 46.00000000000005684, 25.60000000000017550 ) ) ;
#3231 = EDGE_CURVE ( 'NONE', #417, #4177, #4593, .T. ) ;
#3232 = VERTEX_POINT ( 'NONE', #4919 ) ;
#3233 = ADVANCED_FACE ( 'NONE', ( #2464 ), #391, .F. ) ;
#3234 = EDGE_CURVE ( 'NONE', #2976, #1459, #4869, .T. ) ;
#3235 = CARTESIAN_POINT ( 'NONE',  ( -27.00000000000000000, 8.000000000000000000, 3.233161507461902673 ) ) ;
#3236 = CARTESIAN_POINT ( 'NONE',  ( -13.50000000000011013, 5.400000000000000355, 25.08268590217978300 ) ) ;
#3237 = ORIENTED_EDGE ( 'NONE', *, *, #4010, .T. ) ;
#3238 = VERTEX_POINT ( 'NONE', #3573 ) ;
#3239 = LINE ( 'NONE', #2403, #4876 ) ;
#3240 = EDGE_CURVE ( 'NONE', #2761, #1150, #2110, .T. ) ;
#3241 = DIRECTION ( 'NONE',  ( 0.000000000000000000, 1.000000000000000000, 0.000000000000000000 ) ) ;
#3242 = CARTESIAN_POINT ( 'NONE',  ( 15.49999999999999645, 0.000000000000000000, 17.29999999999999005 ) ) ;
#3243 = VERTEX_POINT ( 'NONE', #870 ) ;
#3244 = CARTESIAN_POINT ( 'NONE',  ( -15.50000000000000355, 0.000000000000000000, 17.29999999999999005 ) ) ;
#3245 = LINE ( 'NONE', #4076, #2697 ) ;
#3246 = CARTESIAN_POINT ( 'NONE',  ( -31.77675504691096364, 38.00000000000015632, 25.60000000000014708 ) ) ;
#3247 = CARTESIAN_POINT ( 'NONE',  ( -13.57820639017470121, 8.000000000000000000, -26.75130485090060617 ) ) ;
#3248 = ADVANCED_FACE ( 'NONE', ( #1363 ), #1975, .T. ) ;
#3249 = CARTESIAN_POINT ( 'NONE',  ( -10.69999999999976659, 5.400000000000000355, -24.99926665591089048 ) ) ;
#3250 = VERTEX_POINT ( 'NONE', #481 ) ;
#3251 = CARTESIAN_POINT ( 'NONE',  ( -16.30000000000010374, 8.000000000000000000, 22.00000000000003553 ) ) ;
#3252 = DIRECTION ( 'NONE',  ( -0.000000000000000000, -1.000000000000000000, -0.000000000000000000 ) ) ;
#3253 = DIRECTION ( 'NONE',  ( 0.000000000000000000, 1.000000000000000000, 0.000000000000000000 ) ) ;
#3254 = VERTEX_POINT ( 'NONE', #2535 ) ;
#3255 = DIRECTION ( 'NONE',  ( 0.000000000000000000, 0.000000000000000000, 1.000000000000000000 ) ) ;
#3256 = ADVANCED_FACE ( 'NONE', ( #505 ), #1340, .F. ) ;
#3257 = LINE ( 'NONE', #4065, #2378 ) ;
#3258 = CARTESIAN_POINT ( 'NONE',  ( -56.25640646055099126, 21.99999999999995737, 25.60000000000009024 ) ) ;
#3259 = VECTOR ( 'NONE', #3069, 1000.000000000000000 ) ;
#3260 = EDGE_LOOP ( 'NONE', ( #4009, #82, #3672, #236, #1064, #3916, #2776, #3930, #1650, #1811, #3272 ) ) ;
#3261 = ORIENTED_EDGE ( 'NONE', *, *, #2085, .T. ) ;
#3262 = ORIENTED_EDGE ( 'NONE', *, *, #1836, .T. ) ;
#3263 = CARTESIAN_POINT ( 'NONE',  ( 15.50000000000000000, 0.000000000000000000, -18.86000000000000298 ) ) ;
#3264 = ADVANCED_FACE ( 'NONE', ( #2918 ), #1580, .T. ) ;
#3265 = CARTESIAN_POINT ( 'NONE',  ( -30.16017429317998477, 35.20000000000017337, 25.60000000000013642 ) ) ;
#3266 = ORIENTED_EDGE ( 'NONE', *, *, #4168, .F. ) ;
#3267 = DIRECTION ( 'NONE',  ( -3.402186748401941492E-17, 3.361841101310300739E-15, -1.000000000000000000 ) ) ;
#3268 = CARTESIAN_POINT ( 'NONE',  ( -28.54359353944907696, 38.00000000000018474, 25.60000000000014708 ) ) ;
#3269 = DIRECTION ( 'NONE',  ( -0.5000000000000101030, 0.8660254037844328234, 3.004629197474230499E-15 ) ) ;
#3270 = CARTESIAN_POINT ( 'NONE',  ( -56.25640646055104099, 37.99999999999999289, 25.60000000000014708 ) ) ;
#3271 = DIRECTION ( 'NONE',  ( -0.000000000000000000, 1.000000000000000000, -0.000000000000000000 ) ) ;
#3272 = ORIENTED_EDGE ( 'NONE', *, *, #1406, .F. ) ;
#3273 = CARTESIAN_POINT ( 'NONE',  ( -30.16017429317980358, 19.20000000000012719, 25.60000000000007958 ) ) ;
#3274 = CARTESIAN_POINT ( 'NONE',  ( -45.63316150746191369, 46.00000000000003553, 25.60000000000017550 ) ) ;
#3275 = EDGE_LOOP ( 'NONE', ( #4704, #951, #4779, #2080 ) ) ;
#3276 = CONICAL_SURFACE ( 'NONE', #612, 3.360000000000002096, 0.7853981633974492782 ) ;
#3277 = EDGE_CURVE ( 'NONE', #1491, #1142, #4521, .T. ) ;
#3278 = DIRECTION ( 'NONE',  ( -0.000000000000000000, 1.000000000000000000, -0.000000000000000000 ) ) ;
#3279 = VECTOR ( 'NONE', #1595, 1000.000000000000000 ) ;
#3280 = VECTOR ( 'NONE', #1528, 1000.000000000000000 ) ;
#3281 = DIRECTION ( 'NONE',  ( 0.4999999999999985567, 0.8660254037844394848, 3.219245568722475271E-15 ) ) ;
#3282 = VECTOR ( 'NONE', #2130, 1000.000000000000000 ) ;
#3283 = CARTESIAN_POINT ( 'NONE',  ( -44.01658075373095613, 11.20000000000001528, 22.00000000000005329 ) ) ;
#3284 = VECTOR ( 'NONE', #3824, 1000.000000000000000 ) ;
#3285 = ORIENTED_EDGE ( 'NONE', *, *, #413, .T. ) ;
#3286 = EDGE_LOOP ( 'NONE', ( #774, #1718, #93, #2577, #201, #1574 ) ) ;
#3287 = ORIENTED_EDGE ( 'NONE', *, *, #3100, .T. ) ;
#3288 = CYLINDRICAL_SURFACE ( 'NONE', #2107, 1.799999999999989164 ) ;
#3289 = EDGE_CURVE ( 'NONE', #746, #506, #4846, .T. ) ;
#3290 = AXIS2_PLACEMENT_3D ( 'NONE', #47, #3662, #1222 ) ;
#3291 = EDGE_CURVE ( 'NONE', #1422, #1667, #3660, .T. ) ;
#3292 = CARTESIAN_POINT ( 'NONE',  ( -8.149999999999835154, 8.000000000000000000, -14.11621408168645608 ) ) ;
#3293 = ORIENTED_EDGE ( 'NONE', *, *, #2777, .F. ) ;
#3294 = VECTOR ( 'NONE', #3267, 1000.000000000000000 ) ;
#3295 = ORIENTED_EDGE ( 'NONE', *, *, #780, .T. ) ;
#3296 = CARTESIAN_POINT ( 'NONE',  ( -54.63982570682010476, 35.19999999999999574, 25.60000000000013642 ) ) ;
#3297 = DIRECTION ( 'NONE',  ( -0.8660254037844331565, -0.5000000000000095479, -1.842329326620034953E-15 ) ) ;
#3298 = VECTOR ( 'NONE', #3125, 1000.000000000000114 ) ;
#3299 = VECTOR ( 'NONE', #2566, 1000.000000000000000 ) ;
#3300 = DIRECTION ( 'NONE',  ( -0.4999999999999929501, 0.000000000000000000, -0.8660254037844427044 ) ) ;
#3301 = ORIENTED_EDGE ( 'NONE', *, *, #4325, .F. ) ;
#3302 = CARTESIAN_POINT ( 'NONE',  ( -16.37820639017468949, 8.000000000000000000, -25.13472409716964506 ) ) ;
#3303 = LINE ( 'NONE', #2393, #3102 ) ;
#3304 = FACE_BOUND ( 'NONE', #248, .T. ) ;
#3305 = CIRCLE ( 'NONE', #3716, 1.700000000000000178 ) ;
#3306 = AXIS2_PLACEMENT_3D ( 'NONE', #1091, #312, #1898 ) ;
#3307 = ORIENTED_EDGE ( 'NONE', *, *, #4458, .F. ) ;
#3308 = EDGE_CURVE ( 'NONE', #1360, #2181, #1676, .T. ) ;
#3309 = AXIS2_PLACEMENT_3D ( 'NONE', #753, #3110, #331 ) ;
#3310 = PLANE ( 'NONE',  #3956 ) ;
#3311 = DIRECTION ( 'NONE',  ( -0.000000000000000000, 1.000000000000000000, -0.000000000000000000 ) ) ;
#3312 = EDGE_CURVE ( 'NONE', #3970, #19, #1347, .T. ) ;
#3313 = APPROVAL_ROLE ( '' ) ;
#3314 = CARTESIAN_POINT ( 'NONE',  ( 0.000000000000000000, 0.000000000000000000, 12.00000000000000178 ) ) ;
#3315 = DIRECTION ( 'NONE',  ( 0.000000000000000000, -1.000000000000000000, -3.097720492815725095E-15 ) ) ;
#3316 = ORIENTED_EDGE ( 'NONE', *, *, #4927, .T. ) ;
#3317 = DIRECTION ( 'NONE',  ( -0.000000000000000000, 1.000000000000000000, -0.000000000000000000 ) ) ;
#3318 = DIRECTION ( 'NONE',  ( 0.000000000000000000, -1.000000000000000000, -3.854941057726261566E-15 ) ) ;
#3319 = CARTESIAN_POINT ( 'NONE',  ( -26.92701278571807322, 35.20000000000023022, 25.60000000000013642 ) ) ;
#3320 = ORIENTED_EDGE ( 'NONE', *, *, #1727, .T. ) ;
#3321 = ORIENTED_EDGE ( 'NONE', *, *, #3649, .T. ) ;
#3322 = LINE ( 'NONE', #2945, #2444 ) ;
#3323 = EDGE_CURVE ( 'NONE', #2274, #2902, #921, .T. ) ;
#3324 = DIRECTION ( 'NONE',  ( -7.617846651086544702E-17, 3.552713678800500929E-15, -1.000000000000000000 ) ) ;
#3325 = ORIENTED_EDGE ( 'NONE', *, *, #2040, .T. ) ;
#3326 = CARTESIAN_POINT ( 'NONE',  ( -42.40000000000000568, 44.30000000000002558, 25.60000000000016840 ) ) ;
#3327 = CARTESIAN_POINT ( 'NONE',  ( 29.95641278034914734, 8.000000000000000000, -1.616580753730948672 ) ) ;
#3328 = DIRECTION ( 'NONE',  ( 0.000000000000000000, 1.000000000000000000, 4.081702296416015997E-15 ) ) ;
#3329 = VERTEX_POINT ( 'NONE', #2363 ) ;
#3330 = VERTEX_POINT ( 'NONE', #2949 ) ;
#3331 = EDGE_CURVE ( 'NONE', #1667, #4332, #4132, .T. ) ;
#3332 = DIRECTION ( 'NONE',  ( -0.000000000000000000, 1.000000000000000000, -0.000000000000000000 ) ) ;
#3333 = ORIENTED_EDGE ( 'NONE', *, *, #1822, .F. ) ;
#3334 = DIRECTION ( 'NONE',  ( 0.000000000000000000, 1.000000000000000000, 0.000000000000000000 ) ) ;
#3335 = DIRECTION ( 'NONE',  ( 1.000000000000000000, 0.000000000000000000, 0.000000000000000000 ) ) ;
#3336 = DIRECTION ( 'NONE',  ( 3.402186748401744277E-17, 3.577052802596770261E-15, -1.000000000000000000 ) ) ;
#3337 = CARTESIAN_POINT ( 'NONE',  ( -29.80000000000000071, 8.000000000000000000, 1.616580753730949116 ) ) ;
#3338 = ORIENTED_EDGE ( 'NONE', *, *, #348, .F. ) ;
#3339 = EDGE_CURVE ( 'NONE', #2761, #3329, #1703, .T. ) ;
#3340 = DIRECTION ( 'NONE',  ( 0.000000000000000000, 0.000000000000000000, 1.000000000000000000 ) ) ;
#3341 = CARTESIAN_POINT ( 'NONE',  ( -26.89999999999999858, 14.50000000000000888, 30.00000000000006040 ) ) ;
#3342 = EDGE_CURVE ( 'NONE', #219, #1416, #1887, .T. ) ;
#3343 = ORIENTED_EDGE ( 'NONE', *, *, #4670, .T. ) ;
#3344 = VERTEX_POINT ( 'NONE', #2665 ) ;
#3345 = DIRECTION ( 'NONE',  ( -0.000000000000000000, 3.717264591378872007E-15, -1.000000000000000000 ) ) ;
#3346 = AXIS2_PLACEMENT_3D ( 'NONE', #530, #2488, #3711 ) ;
#3347 = CARTESIAN_POINT ( 'NONE',  ( -42.40000000000000568, 42.00000000000000711, 30.00000000000034106 ) ) ;
#3348 = VERTEX_POINT ( 'NONE', #2998 ) ;
#3349 = CARTESIAN_POINT ( 'NONE',  ( 10.69999999999994245, 10.24040027717669687, 24.99926665591081942 ) ) ;
#3350 = CARTESIAN_POINT ( 'NONE',  ( 16.29999999999994031, 5.400000000000000355, 24.99926665591083363 ) ) ;
#3351 = PLANE ( 'NONE',  #3463 ) ;
#3352 = ORIENTED_EDGE ( 'NONE', *, *, #2670, .F. ) ;
#3353 = VERTEX_POINT ( 'NONE', #3422 ) ;
#3354 = FACE_BOUND ( 'NONE', #1057, .T. ) ;
#3355 = ORIENTED_EDGE ( 'NONE', *, *, #3838, .F. ) ;
#3356 = DIRECTION ( 'NONE',  ( -0.000000000000000000, 1.000000000000000000, -0.000000000000000000 ) ) ;
#3357 = CARTESIAN_POINT ( 'NONE',  ( 15.50000000000000000, 0.000000000000000000, -15.49999999999999822 ) ) ;
#3358 = CARTESIAN_POINT ( 'NONE',  ( 15.49999999999999645, 8.000000000000000000, 15.50000000000000178 ) ) ;
#3359 = ORIENTED_EDGE ( 'NONE', *, *, #2750, .T. ) ;
#3360 = VECTOR ( 'NONE', #1571, 1000.000000000000114 ) ;
#3361 = VECTOR ( 'NONE', #1819, 1000.000000000000000 ) ;
#3362 = CYLINDRICAL_SURFACE ( 'NONE', #3690, 1.799999999999989164 ) ;
#3363 = DIRECTION ( 'NONE',  ( 0.000000000000000000, 0.000000000000000000, 1.000000000000000000 ) ) ;
#3364 = AXIS2_PLACEMENT_3D ( 'NONE', #1796, #3394, #1743 ) ;
#3365 = CIRCLE ( 'NONE', #2277, 1.700000000000000178 ) ;
#3366 = DIRECTION ( 'NONE',  ( -0.5000000000000101030, 0.8660254037844328234, 0.000000000000000000 ) ) ;
#3367 = ORIENTED_EDGE ( 'NONE', *, *, #3079, .F. ) ;
#3368 = ORIENTED_EDGE ( 'NONE', *, *, #4892, .T. ) ;
#3369 = FACE_OUTER_BOUND ( 'NONE', #4946, .T. ) ;
#3370 = EDGE_CURVE ( 'NONE', #3767, #361, #3401, .T. ) ;
#3371 = VECTOR ( 'NONE', #3459, 1000.000000000000000 ) ;
#3372 = CARTESIAN_POINT ( 'NONE',  ( -27.00000000000000000, 0.000000000000000000, 0.000000000000000000 ) ) ;
#3373 = ORIENTED_EDGE ( 'NONE', *, *, #1591, .F. ) ;
#3374 = LINE ( 'NONE', #1022, #3702 ) ;
#3375 = FACE_BOUND ( 'NONE', #2625, .T. ) ;
#3376 = LINE ( 'NONE', #3740, #4127 ) ;
#3377 = VERTEX_POINT ( 'NONE', #4602 ) ;
#3378 = VECTOR ( 'NONE', #3805, 999.9999999999998863 ) ;
#3379 = VECTOR ( 'NONE', #576, 1000.000000000000000 ) ;
#3380 = CIRCLE ( 'NONE', #55, 29.99999999999998934 ) ;
#3381 = ORIENTED_EDGE ( 'NONE', *, *, #2258, .T. ) ;
#3382 = EDGE_CURVE ( 'NONE', #4427, #1616, #4657, .T. ) ;
#3383 = AXIS2_PLACEMENT_3D ( 'NONE', #3471, #4648, #3152 ) ;
#3384 = CARTESIAN_POINT ( 'NONE',  ( -40.78341924626904813, 16.80000000000001492, 22.00000000000007461 ) ) ;
#3385 = ORIENTED_EDGE ( 'NONE', *, *, #1002, .F. ) ;
#3386 = CALENDAR_DATE ( 2026, 26, 2 ) ;
#3387 = ADVANCED_FACE ( 'NONE', ( #4577 ), #4263, .F. ) ;
#3388 = AXIS2_PLACEMENT_3D ( 'NONE', #1454, #5073, #3045 ) ;
#3389 = DIRECTION ( 'NONE',  ( 0.000000000000000000, 0.000000000000000000, -1.000000000000000000 ) ) ;
#3390 = EDGE_CURVE ( 'NONE', #3745, #3146, #1435, .T. ) ;
#3391 = DIRECTION ( 'NONE',  ( 0.4999999999999902300, 0.8660254037844442587, 0.000000000000000000 ) ) ;
#3392 = LINE ( 'NONE', #3855, #3361 ) ;
#3393 = LINE ( 'NONE', #502, #3131 ) ;
#3394 = DIRECTION ( 'NONE',  ( -0.000000000000000000, -3.552713678800500929E-15, 1.000000000000000000 ) ) ;
#3395 = CARTESIAN_POINT ( 'NONE',  ( -26.92701278571814427, 40.80000000000019611, 25.60000000000015774 ) ) ;
#3396 = VERTEX_POINT ( 'NONE', #5079 ) ;
#3397 = ORIENTED_EDGE ( 'NONE', *, *, #2812, .F. ) ;
#3398 = ADVANCED_FACE ( 'NONE', ( #2240 ), #2184, .F. ) ;
#3399 = DIRECTION ( 'NONE',  ( 0.000000000000000000, 0.000000000000000000, -1.000000000000000000 ) ) ;
#3400 = DIRECTION ( 'NONE',  ( 0.000000000000000000, -0.7071067811865474617, -0.7071067811865474617 ) ) ;
#3401 = LINE ( 'NONE', #4973, #1589 ) ;
#3402 = EDGE_LOOP ( 'NONE', ( #2483, #519, #1087, #2689 ) ) ;
#3403 = CARTESIAN_POINT ( 'NONE',  ( 13.49999999999994316, 5.400000000000000355, -26.61584740964178053 ) ) ;
#3404 = ADVANCED_FACE ( 'NONE', ( #607 ), #996, .F. ) ;
#3405 = DIRECTION ( 'NONE',  ( 0.8660254037844371533, 0.000000000000000000, 0.5000000000000026645 ) ) ;
#3406 = CARTESIAN_POINT ( 'NONE',  ( 16.30000000000000782, 8.000000000000000000, 4.433675648840565421E-14 ) ) ;
#3407 = ORIENTED_EDGE ( 'NONE', *, *, #4310, .F. ) ;
#3408 = ORIENTED_EDGE ( 'NONE', *, *, #12, .F. ) ;
#3409 = FACE_OUTER_BOUND ( 'NONE', #978, .T. ) ;
#3410 = DIRECTION ( 'NONE',  ( -0.000000000000000000, -3.552713678800500929E-15, 1.000000000000000000 ) ) ;
#3411 = ORIENTED_EDGE ( 'NONE', *, *, #4258, .F. ) ;
#3412 = CARTESIAN_POINT ( 'NONE',  ( 24.19999999999999929, 5.400000000000000355, -1.616580753730953779 ) ) ;
#3413 = APPROVAL_ROLE ( '' ) ;
#3414 = CARTESIAN_POINT ( 'NONE',  ( 16.29999999999995097, 60.00000000000002842, 21.76610514844893274 ) ) ;
#3415 = CARTESIAN_POINT ( 'NONE',  ( -16.30000000000012506, 45.27895839063658912, 24.99926665591072350 ) ) ;
#3416 = CARTESIAN_POINT ( 'NONE',  ( -25.31043203198716185, 38.00000000000024158, 25.60000000000014708 ) ) ;
#3417 = DIRECTION ( 'NONE',  ( -2.368335091109122803E-29, 3.717264591378872007E-15, -1.000000000000000000 ) ) ;
#3418 = ORIENTED_EDGE ( 'NONE', *, *, #2209, .F. ) ;
#3419 = ORIENTED_EDGE ( 'NONE', *, *, #1238, .F. ) ;
#3420 = CARTESIAN_POINT ( 'NONE',  ( -10.69999999999979678, 5.400000000000000355, -21.76610514844899313 ) ) ;
#3421 = CARTESIAN_POINT ( 'NONE',  ( 15.49999999999999645, 0.000000000000000000, 12.14000000000000234 ) ) ;
#3422 = CARTESIAN_POINT ( 'NONE',  ( -45.63316150746191369, 46.00000000000003553, 25.60000000000017550 ) ) ;
#3423 = ORIENTED_EDGE ( 'NONE', *, *, #2973, .F. ) ;
#3424 = DIRECTION ( 'NONE',  ( -7.617846651086544702E-17, 3.552713678800500929E-15, -1.000000000000000000 ) ) ;
#3425 = DIRECTION ( 'NONE',  ( 0.000000000000000000, -1.000000000000000000, -3.097720492815725095E-15 ) ) ;
#3426 = LINE ( 'NONE', #245, #2388 ) ;
#3427 = EDGE_LOOP ( 'NONE', ( #4217, #3987, #3953, #4665 ) ) ;
#3428 = ORIENTED_EDGE ( 'NONE', *, *, #1199, .T. ) ;
#3429 = APPROVAL_PERSON_ORGANIZATION ( #204, #5089, #3413 ) ;
#3430 = CARTESIAN_POINT ( 'NONE',  ( -25.31043203198716185, 38.00000000000024158, 25.60000000000014708 ) ) ;
#3431 = LINE ( 'NONE', #2310, #4047 ) ;
#3432 = EDGE_LOOP ( 'NONE', ( #1029, #767 ) ) ;
#3433 = ADVANCED_FACE ( 'NONE', ( #1805 ), #4433, .F. ) ;
#3434 = DIRECTION ( 'NONE',  ( -0.000000000000000000, -1.000000000000000000, -0.000000000000000000 ) ) ;
#3435 = CARTESIAN_POINT ( 'NONE',  ( -16.30000000000012150, 60.00000000000002842, 24.99926665591072350 ) ) ;
#3436 = CARTESIAN_POINT ( 'NONE',  ( 16.29999999999994031, 8.000000000000000000, 24.99926665591083363 ) ) ;
#3437 = CARTESIAN_POINT ( 'NONE',  ( 10.69999999999994245, 5.400000000000000355, 24.99926665591081942 ) ) ;
#3438 = VECTOR ( 'NONE', #192, 1000.000000000000000 ) ;
#3439 = VECTOR ( 'NONE', #4801, 1000.000000000000000 ) ;
#3440 = FACE_OUTER_BOUND ( 'NONE', #4736, .T. ) ;
#3441 = AXIS2_PLACEMENT_3D ( 'NONE', #1639, #4360, #782 ) ;
#3442 = ORIENTED_EDGE ( 'NONE', *, *, #3945, .T. ) ;
#3443 = ADVANCED_FACE ( 'NONE', ( #3813, #1411, #2641, #1020, #241, #2608, #3025, #4237, #662, #3839, #1463, #263 ), #4552, .F. ) ;
#3444 = ORIENTED_EDGE ( 'NONE', *, *, #4180, .F. ) ;
#3445 = ORIENTED_EDGE ( 'NONE', *, *, #2315, .T. ) ;
#3446 = DIRECTION ( 'NONE',  ( 9.103828801926283631E-15, 0.000000000000000000, -1.000000000000000000 ) ) ;
#3447 = AXIS2_PLACEMENT_3D ( 'NONE', #2916, #4996, #3786 ) ;
#3448 = CARTESIAN_POINT ( 'NONE',  ( -42.40000000000000568, 42.00000000000003553, 22.00000000000016342 ) ) ;
#3449 = AXIS2_PLACEMENT_3D ( 'NONE', #5066, #4691, #1117 ) ;
#3450 = EDGE_CURVE ( 'NONE', #1922, #992, #690, .T. ) ;
#3451 = EDGE_CURVE ( 'NONE', #3081, #4333, #179, .T. ) ;
#3452 = DIRECTION ( 'NONE',  ( -1.332267629550187691E-14, 1.000000000000000000, 3.577052802596770261E-15 ) ) ;
#3453 = VECTOR ( 'NONE', #3674, 1000.000000000000227 ) ;
#3454 = VECTOR ( 'NONE', #2774, 1000.000000000000114 ) ;
#3455 = LINE ( 'NONE', #2694, #5134 ) ;
#3456 = DIRECTION ( 'NONE',  ( -0.8660254037844383745, 0.000000000000000000, -0.5000000000000003331 ) ) ;
#3457 = DIRECTION ( 'NONE',  ( -0.8660254037844390407, 0.000000000000000000, 0.4999999999999991673 ) ) ;
#3458 = ORIENTED_EDGE ( 'NONE', *, *, #5152, .F. ) ;
#3459 = DIRECTION ( 'NONE',  ( 0.000000000000000000, -0.7071067811865516806, 0.7071067811865434649 ) ) ;
#3460 = ORIENTED_EDGE ( 'NONE', *, *, #3289, .T. ) ;
#3461 = AXIS2_PLACEMENT_3D ( 'NONE', #4235, #2640, #3022 ) ;
#3462 = ORIENTED_EDGE ( 'NONE', *, *, #4188, .T. ) ;
#3463 = AXIS2_PLACEMENT_3D ( 'NONE', #2492, #977, #4923 ) ;
#3464 = DIRECTION ( 'NONE',  ( -0.8660254037844408170, 0.000000000000000000, 0.4999999999999961142 ) ) ;
#3465 = VERTEX_POINT ( 'NONE', #4157 ) ;
#3466 = AXIS2_PLACEMENT_3D ( 'NONE', #2966, #4491, #4566 ) ;
#3467 = VECTOR ( 'NONE', #1315, 1000.000000000000114 ) ;
#3468 = DIRECTION ( 'NONE',  ( 0.000000000000000000, -1.000000000000000000, -3.758567531283081775E-15 ) ) ;
#3469 = DIRECTION ( 'NONE',  ( 0.000000000000000000, -0.000000000000000000, 1.000000000000000000 ) ) ;
#3470 = FACE_OUTER_BOUND ( 'NONE', #150, .T. ) ;
#3471 = CARTESIAN_POINT ( 'NONE',  ( -40.78341924626904813, 16.80000000000000071, 25.60000000000007248 ) ) ;
#3472 = EDGE_CURVE ( 'NONE', #4690, #190, #586, .T. ) ;
#3473 = AXIS2_PLACEMENT_3D ( 'NONE', #1012, #2175, #3778 ) ;
#3474 = CARTESIAN_POINT ( 'NONE',  ( 15.50000000000000000, 0.000000000000000000, -15.49999999999999822 ) ) ;
#3475 = AXIS2_PLACEMENT_3D ( 'NONE', #3632, #4913, #3703 ) ;
#3476 = ORIENTED_EDGE ( 'NONE', *, *, #5029, .F. ) ;
#3477 = EDGE_LOOP ( 'NONE', ( #2111, #3050, #1383, #4939 ) ) ;
#3478 = VERTEX_POINT ( 'NONE', #189 ) ;
#3479 = CARTESIAN_POINT ( 'NONE',  ( 15.49999999999999645, 1.560000000000005826, 15.50000000000000178 ) ) ;
#3480 = CARTESIAN_POINT ( 'NONE',  ( 0.000000000000000000, 5.400000000000000355, 0.000000000000000000 ) ) ;
#3481 = DIRECTION ( 'NONE',  ( -0.000000000000000000, -3.552713678800500929E-15, 1.000000000000000000 ) ) ;
#3482 = VERTEX_POINT ( 'NONE', #1777 ) ;
#3483 = DIRECTION ( 'NONE',  ( 0.000000000000000000, 0.000000000000000000, -1.000000000000000000 ) ) ;
#3484 = CARTESIAN_POINT ( 'NONE',  ( -57.90000000000000568, 45.50000000000000711, 30.00000000000017764 ) ) ;
#3485 = CARTESIAN_POINT ( 'NONE',  ( -28.54359353944907696, 39.70000000000018758, 25.60000000000015419 ) ) ;
#3486 = EDGE_CURVE ( 'NONE', #2105, #3047, #4852, .T. ) ;
#3487 = DIRECTION ( 'NONE',  ( -0.8660254037844371533, 0.000000000000000000, -0.5000000000000026645 ) ) ;
#3488 = EDGE_LOOP ( 'NONE', ( #4788, #4203, #2043, #982 ) ) ;
#3489 = CYLINDRICAL_SURFACE ( 'NONE', #542, 12.00000000000000178 ) ;
#3490 = ORIENTED_EDGE ( 'NONE', *, *, #3519, .T. ) ;
#3491 = EDGE_CURVE ( 'NONE', #3777, #355, #1211, .T. ) ;
#3492 = ORIENTED_EDGE ( 'NONE', *, *, #4323, .T. ) ;
#3493 = DIRECTION ( 'NONE',  ( 0.000000000000000000, -1.000000000000000000, 0.000000000000000000 ) ) ;
#3494 = DIRECTION ( 'NONE',  ( 0.000000000000000000, 0.000000000000000000, 1.000000000000000000 ) ) ;
#3495 = EDGE_LOOP ( 'NONE', ( #3009, #23 ) ) ;
#3496 = ADVANCED_FACE ( 'NONE', ( #1106 ), #1542, .F. ) ;
#3497 = CARTESIAN_POINT ( 'NONE',  ( -25.31043203198716185, 38.00000000000024158, 25.60000000000014708 ) ) ;
#3498 = DIRECTION ( 'NONE',  ( 0.000000000000000000, 0.000000000000000000, 1.000000000000000000 ) ) ;
#3499 = ADVANCED_FACE ( 'NONE', ( #1162 ), #326, .F. ) ;
#3500 = DIRECTION ( 'NONE',  ( -0.5000000000000004441, 0.000000000000000000, 0.8660254037844384856 ) ) ;
#3501 = ORIENTED_EDGE ( 'NONE', *, *, #1948, .T. ) ;
#3502 = ORIENTED_EDGE ( 'NONE', *, *, #3659, .T. ) ;
#3503 = ORIENTED_EDGE ( 'NONE', *, *, #334, .T. ) ;
#3504 = DIRECTION ( 'NONE',  ( -0.4999999999999961697, -0.8660254037844408170, -2.790012826226013337E-15 ) ) ;
#3505 = EDGE_CURVE ( 'NONE', #608, #3525, #3975, .T. ) ;
#3506 = CARTESIAN_POINT ( 'NONE',  ( -57.87298721428194881, 19.19999999999995310, 22.00000000000008527 ) ) ;
#3507 = LINE ( 'NONE', #5081, #1786 ) ;
#3508 = DIRECTION ( 'NONE',  ( 0.6103818063152128826, 0.000000000000000000, -0.7921073478508945387 ) ) ;
#3509 = LINE ( 'NONE', #1891, #2789 ) ;
#3510 = CARTESIAN_POINT ( 'NONE',  ( -15.50000000000000355, 0.000000000000000000, 12.14000000000000234 ) ) ;
#3511 = ORIENTED_EDGE ( 'NONE', *, *, #4814, .F. ) ;
#3512 = CARTESIAN_POINT ( 'NONE',  ( -40.78341924626906234, 43.20000000000005969, 22.00000000000016698 ) ) ;
#3513 = ORIENTED_EDGE ( 'NONE', *, *, #3289, .F. ) ;
#3514 = ORIENTED_EDGE ( 'NONE', *, *, #4998, .F. ) ;
#3515 = EDGE_CURVE ( 'NONE', #4559, #2440, #4346, .T. ) ;
#3516 = ADVANCED_FACE ( 'NONE', ( #2693 ), #4739, .T. ) ;
#3517 = ORIENTED_EDGE ( 'NONE', *, *, #1452, .F. ) ;
#3518 = AXIS2_PLACEMENT_3D ( 'NONE', #5053, #3053, #1082 ) ;
#3519 = EDGE_CURVE ( 'NONE', #3809, #1556, #439, .T. ) ;
#3520 = DIRECTION ( 'NONE',  ( 0.000000000000000000, -1.000000000000000000, -0.000000000000000000 ) ) ;
#3521 = LOCAL_TIME ( 21, 20, 36.00000000000000000, #228 ) ;
#3522 = FACE_OUTER_BOUND ( 'NONE', #187, .T. ) ;
#3523 = CARTESIAN_POINT ( 'NONE',  ( 27.00000000000000000, 5.400000000000000355, 0.000000000000000000 ) ) ;
#3524 = ORIENTED_EDGE ( 'NONE', *, *, #1171, .F. ) ;
#3525 = VERTEX_POINT ( 'NONE', #1592 ) ;
#3526 = EDGE_LOOP ( 'NONE', ( #4689, #669, #3980, #1789 ) ) ;
#3527 = CARTESIAN_POINT ( 'NONE',  ( 15.49999999999999645, 0.000000000000000000, 13.70000000000001172 ) ) ;
#3528 = ADVANCED_FACE ( 'NONE', ( #4710 ), #4294, .T. ) ;
#3529 = DIRECTION ( 'NONE',  ( -1.000000000000000000, 0.000000000000000000, 1.073081856240826668E-15 ) ) ;
#3530 = DIRECTION ( 'NONE',  ( 1.000000000000000000, 0.000000000000000000, -6.671245638583922968E-16 ) ) ;
#3531 = VERTEX_POINT ( 'NONE', #4761 ) ;
#3532 = CARTESIAN_POINT ( 'NONE',  ( -45.63316150746190658, 14.00000000000000533, 22.00000000000006395 ) ) ;
#3533 = DIRECTION ( 'NONE',  ( -1.000000000000000000, -1.998401444325287295E-15, 2.146163712482384364E-16 ) ) ;
#3534 = CARTESIAN_POINT ( 'NONE',  ( 15.49999999999999645, 0.000000000000000000, 15.50000000000000178 ) ) ;
#3535 = CIRCLE ( 'NONE', #2936, 1.700000000000000178 ) ;
#3536 = VECTOR ( 'NONE', #2314, 1000.000000000000000 ) ;
#3537 = ADVANCED_FACE ( 'NONE', ( #769 ), #3947, .F. ) ;
#3538 = VERTEX_POINT ( 'NONE', #3186 ) ;
#3539 = LINE ( 'NONE', #1549, #2784 ) ;
#3540 = VERTEX_POINT ( 'NONE', #3103 ) ;
#3541 = VECTOR ( 'NONE', #4562, 1000.000000000000000 ) ;
#3542 = ORIENTED_EDGE ( 'NONE', *, *, #153, .F. ) ;
#3543 = DIRECTION ( 'NONE',  ( 0.000000000000000000, 1.000000000000000000, 4.081702296416015997E-15 ) ) ;
#3544 = ORIENTED_EDGE ( 'NONE', *, *, #4596, .F. ) ;
#3545 = VECTOR ( 'NONE', #1678, 1000.000000000000000 ) ;
#3546 = LINE ( 'NONE', #1949, #3259 ) ;
#3547 = VECTOR ( 'NONE', #1133, 1000.000000000000227 ) ;
#3548 = LINE ( 'NONE', #392, #124 ) ;
#3549 = ADVANCED_FACE ( 'NONE', ( #2006 ), #723, .F. ) ;
#3550 = CIRCLE ( 'NONE', #4725, 1.700000000000000178 ) ;
#3551 = EDGE_CURVE ( 'NONE', #2225, #397, #1114, .T. ) ;
#3552 = CARTESIAN_POINT ( 'NONE',  ( -39.16683849253810479, 14.00000000000001421, 25.60000000000006537 ) ) ;
#3553 = DIRECTION ( 'NONE',  ( -1.102003339948843381E-16, 3.445107828157265971E-15, -1.000000000000000000 ) ) ;
#3554 = ORIENTED_EDGE ( 'NONE', *, *, #874, .F. ) ;
#3555 = ORIENTED_EDGE ( 'NONE', *, *, #491, .T. ) ;
#3556 = VECTOR ( 'NONE', #2798, 1000.000000000000000 ) ;
#3557 = VERTEX_POINT ( 'NONE', #35 ) ;
#3558 = LINE ( 'NONE', #441, #4792 ) ;
#3559 = VECTOR ( 'NONE', #4314, 1000.000000000000227 ) ;
#3560 = ADVANCED_FACE ( 'NONE', ( #349 ), #797, .F. ) ;
#3561 = DIRECTION ( 'NONE',  ( -0.000000000000000000, 1.000000000000000000, -0.000000000000000000 ) ) ;
#3562 = ORIENTED_EDGE ( 'NONE', *, *, #2362, .T. ) ;
#3563 = CARTESIAN_POINT ( 'NONE',  ( -13.49999999999981348, 5.400000000000000355, -20.14952439471806400 ) ) ;
#3564 = CARTESIAN_POINT ( 'NONE',  ( -23.76322043552682928, 8.000000000000000000, -18.31145418945635939 ) ) ;
#3565 = LINE ( 'NONE', #823, #137 ) ;
#3566 = EDGE_LOOP ( 'NONE', ( #2962, #2996, #1313, #3168 ) ) ;
#3567 = VERTEX_POINT ( 'NONE', #2722 ) ;
#3568 = CARTESIAN_POINT ( 'NONE',  ( -40.78341924626905524, 11.20000000000000284, 25.60000000000005471 ) ) ;
#3569 = ADVANCED_FACE ( 'NONE', ( #3901 ), #4324, .F. ) ;
#3570 = ORIENTED_EDGE ( 'NONE', *, *, #4251, .T. ) ;
#3571 = CARTESIAN_POINT ( 'NONE',  ( -26.89999999999999858, 11.14000000000000945, 30.00000000000004974 ) ) ;
#3572 = ORIENTED_EDGE ( 'NONE', *, *, #2692, .F. ) ;
#3573 = CARTESIAN_POINT ( 'NONE',  ( -57.87298721428194881, 19.19999999999994245, 25.60000000000008313 ) ) ;
#3574 = DIRECTION ( 'NONE',  ( -0.000000000000000000, 1.000000000000000000, -0.000000000000000000 ) ) ;
#3575 = DIRECTION ( 'NONE',  ( 0.8660254037844383745, 0.000000000000000000, 0.5000000000000003331 ) ) ;
#3576 = ORIENTED_EDGE ( 'NONE', *, *, #4230, .T. ) ;
#3577 = ORIENTED_EDGE ( 'NONE', *, *, #4273, .F. ) ;
#3578 = ORIENTED_EDGE ( 'NONE', *, *, #339, .T. ) ;
#3579 = CARTESIAN_POINT ( 'NONE',  ( 13.49999999999994671, 5.400000000000000355, 25.08268590217987537 ) ) ;
#3580 = EDGE_CURVE ( 'NONE', #161, #3676, #2265, .T. ) ;
#3581 = EDGE_CURVE ( 'NONE', #121, #2153, #1025, .T. ) ;
#3582 = DIRECTION ( 'NONE',  ( -0.000000000000000000, -1.000000000000000000, -0.000000000000000000 ) ) ;
#3583 = VERTEX_POINT ( 'NONE', #2930 ) ;
#3584 = FACE_BOUND ( 'NONE', #4994, .T. ) ;
#3585 = LINE ( 'NONE', #4374, #3109 ) ;
#3586 = CARTESIAN_POINT ( 'NONE',  ( -57.90000000000000568, 45.50000000000000711, 30.00000000000017764 ) ) ;
#3587 = ORIENTED_EDGE ( 'NONE', *, *, #3339, .F. ) ;
#3588 = EDGE_LOOP ( 'NONE', ( #3664, #3814, #3490, #1636 ) ) ;
#3589 = FACE_OUTER_BOUND ( 'NONE', #2970, .T. ) ;
#3590 = PLANE ( 'NONE',  #213 ) ;
#3591 = ORIENTED_EDGE ( 'NONE', *, *, #3649, .F. ) ;
#3592 = EDGE_CURVE ( 'NONE', #2980, #4352, #4535, .T. ) ;
#3593 = VECTOR ( 'NONE', #3120, 1000.000000000000000 ) ;
#3594 = DIRECTION ( 'NONE',  ( -1.073081856240826668E-15, 0.000000000000000000, -1.000000000000000000 ) ) ;
#3595 = EDGE_CURVE ( 'NONE', #841, #3777, #2071, .T. ) ;
#3596 = CARTESIAN_POINT ( 'NONE',  ( -16.30000000000011795, 5.400000000000000355, -24.99926665591072705 ) ) ;
#3597 = ORIENTED_EDGE ( 'NONE', *, *, #1920, .T. ) ;
#3598 = ORIENTED_EDGE ( 'NONE', *, *, #149, .F. ) ;
#3599 = DIRECTION ( 'NONE',  ( 0.4999999999999979461, 0.8660254037844397068, 3.004629197474254559E-15 ) ) ;
#3600 = EDGE_CURVE ( 'NONE', #4270, #3820, #4955, .T. ) ;
#3601 = CARTESIAN_POINT ( 'NONE',  ( 13.49999999999994671, 0.000000000000000000, 23.38268590217987608 ) ) ;
#3602 = ORIENTED_EDGE ( 'NONE', *, *, #1742, .T. ) ;
#3603 = CARTESIAN_POINT ( 'NONE',  ( -26.89999999999999858, 14.50000000000001421, 28.44000000000005457 ) ) ;
#3604 = CARTESIAN_POINT ( 'NONE',  ( -54.63982570682010476, 35.20000000000000995, 22.00000000000013856 ) ) ;
#3605 = FACE_OUTER_BOUND ( 'NONE', #1270, .T. ) ;
#3606 = ORIENTED_EDGE ( 'NONE', *, *, #2847, .T. ) ;
#3607 = AXIS2_PLACEMENT_3D ( 'NONE', #2764, #4787, #2794 ) ;
#3608 = EDGE_CURVE ( 'NONE', #2323, #1667, #1684, .T. ) ;
#3609 = DIRECTION ( 'NONE',  ( 0.000000000000000000, 0.000000000000000000, 1.000000000000000000 ) ) ;
#3610 = EDGE_CURVE ( 'NONE', #3132, #2617, #925, .T. ) ;
#3611 = VECTOR ( 'NONE', #4000, 1000.000000000000000 ) ;
#3612 = ORIENTED_EDGE ( 'NONE', *, *, #1810, .F. ) ;
#3613 = FACE_OUTER_BOUND ( 'NONE', #158, .T. ) ;
#3614 = CARTESIAN_POINT ( 'NONE',  ( -13.49999999999981348, 5.400000000000000355, -20.14952439471806400 ) ) ;
#3615 = VERTEX_POINT ( 'NONE', #3693 ) ;
#3616 = VECTOR ( 'NONE', #3446, 1000.000000000000000 ) ;
#3617 = AXIS2_PLACEMENT_3D ( 'NONE', #3586, #17, #2845 ) ;
#3618 = EDGE_CURVE ( 'NONE', #108, #2049, #2122, .T. ) ;
#3619 = VECTOR ( 'NONE', #4848, 1000.000000000000000 ) ;
#3620 = DIRECTION ( 'NONE',  ( -0.000000000000000000, -3.552713678800500929E-15, 1.000000000000000000 ) ) ;
#3621 = AXIS2_PLACEMENT_3D ( 'NONE', #4838, #3995, #1207 ) ;
#3622 = DIRECTION ( 'NONE',  ( 0.000000000000000000, -1.000000000000000000, -3.097720492815725095E-15 ) ) ;
#3623 = VERTEX_POINT ( 'NONE', #48 ) ;
#3624 = ADVANCED_FACE ( 'NONE', ( #1298 ), #3946, .F. ) ;
#3625 = VERTEX_POINT ( 'NONE', #2878 ) ;
#3626 = ORIENTED_EDGE ( 'NONE', *, *, #1948, .F. ) ;
#3627 = DIRECTION ( 'NONE',  ( 0.8660254037844383745, -0.000000000000000000, 0.5000000000000003331 ) ) ;
#3628 = VECTOR ( 'NONE', #254, 1000.000000000000000 ) ;
#3629 = LINE ( 'NONE', #3160, #2200 ) ;
#3630 = CIRCLE ( 'NONE', #1143, 3.360000000000003428 ) ;
#3631 = AXIS2_PLACEMENT_3D ( 'NONE', #4228, #3297, #1291 ) ;
#3632 = CARTESIAN_POINT ( 'NONE',  ( -44.01658075373094903, 16.80000000000000071, 25.60000000000007248 ) ) ;
#3633 = ORIENTED_EDGE ( 'NONE', *, *, #335, .T. ) ;
#3634 = FACE_OUTER_BOUND ( 'NONE', #3566, .T. ) ;
#3635 = CARTESIAN_POINT ( 'NONE',  ( -16.29999999999976623, 60.00000000000002842, -24.99926665591094732 ) ) ;
#3636 = DIRECTION ( 'NONE',  ( 0.8660254037844390407, 0.000000000000000000, -0.4999999999999991673 ) ) ;
#3637 = DIRECTION ( 'NONE',  ( 0.000000000000000000, 1.000000000000000000, 3.854941057726261566E-15 ) ) ;
#3638 = VECTOR ( 'NONE', #4754, 1000.000000000000000 ) ;
#3639 = CARTESIAN_POINT ( 'NONE',  ( -59.48956796801291347, 21.99999999999995026, 22.00000000000009237 ) ) ;
#3640 = VERTEX_POINT ( 'NONE', #4429 ) ;
#3641 = VECTOR ( 'NONE', #3727, 1000.000000000000000 ) ;
#3642 = CARTESIAN_POINT ( 'NONE',  ( 15.50000000000000000, 0.000000000000000000, -15.49999999999999822 ) ) ;
#3643 = DIRECTION ( 'NONE',  ( 0.000000000000000000, 0.000000000000000000, -1.000000000000000000 ) ) ;
#3644 = DIRECTION ( 'NONE',  ( -7.617846651086545934E-17, 3.663735981263016583E-15, -1.000000000000000000 ) ) ;
#3646 = EDGE_LOOP ( 'NONE', ( #4079, #246, #3737, #4735 ) ) ;
#3645 = EDGE_CURVE ( 'NONE', #1740, #4948, #1280, .T. ) ;
#3647 = ORIENTED_EDGE ( 'NONE', *, *, #4481, .F. ) ;
#3648 = DIRECTION ( 'NONE',  ( 0.000000000000000000, 0.000000000000000000, 1.000000000000000000 ) ) ;
#3649 = EDGE_CURVE ( 'NONE', #1257, #3583, #4283, .T. ) ;
#3650 = CARTESIAN_POINT ( 'NONE',  ( 15.49999999999999645, 1.560000000000005826, 17.29999999999999716 ) ) ;
#3651 = FACE_OUTER_BOUND ( 'NONE', #891, .T. ) ;
#3652 = VERTEX_POINT ( 'NONE', #2491 ) ;
#3653 = ORIENTED_EDGE ( 'NONE', *, *, #313, .T. ) ;
#3654 = FACE_OUTER_BOUND ( 'NONE', #1578, .T. ) ;
#3655 = ORIENTED_EDGE ( 'NONE', *, *, #3774, .F. ) ;
#3656 = DIRECTION ( 'NONE',  ( 0.000000000000000000, -1.000000000000000000, -3.854941057726253677E-15 ) ) ;
#3657 = CARTESIAN_POINT ( 'NONE',  ( 24.20000000000000284, 60.00000000000002842, 1.616580753730955555 ) ) ;
#3658 = DIRECTION ( 'NONE',  ( -0.000000000000000000, 3.345538132240845257E-15, -1.000000000000000000 ) ) ;
#3659 = EDGE_CURVE ( 'NONE', #3232, #4352, #3686, .T. ) ;
#3660 = LINE ( 'NONE', #914, #1839 ) ;
#3661 = ORIENTED_EDGE ( 'NONE', *, *, #141, .F. ) ;
#3662 = DIRECTION ( 'NONE',  ( 0.8660254037844401509, 0.000000000000000000, 0.4999999999999975020 ) ) ;
#3663 = DIRECTION ( 'NONE',  ( -1.998401444325286506E-15, 1.000000000000000000, 3.445107828157266365E-15 ) ) ;
#3664 = ORIENTED_EDGE ( 'NONE', *, *, #373, .T. ) ;
#3665 = EDGE_CURVE ( 'NONE', #4393, #1756, #3303, .T. ) ;
#3666 = EDGE_CURVE ( 'NONE', #5005, #1661, #1604, .T. ) ;
#3667 = DIRECTION ( 'NONE',  ( 7.617846651086544702E-17, -3.552713678800500929E-15, 1.000000000000000000 ) ) ;
#3668 = EDGE_CURVE ( 'NONE', #4126, #2074, #1223, .T. ) ;
#3669 = LINE ( 'NONE', #4882, #2041 ) ;
#3670 = DIRECTION ( 'NONE',  ( -1.000000000000000000, 0.000000000000000000, 0.000000000000000000 ) ) ;
#3671 = ORIENTED_EDGE ( 'NONE', *, *, #717, .F. ) ;
#3672 = ORIENTED_EDGE ( 'NONE', *, *, #91, .F. ) ;
#3673 = EDGE_LOOP ( 'NONE', ( #2121, #2342, #3285, #2509 ) ) ;
#3674 = DIRECTION ( 'NONE',  ( -0.8660254037844390407, 0.000000000000000000, 0.4999999999999992228 ) ) ;
#3675 = DIRECTION ( 'NONE',  ( -0.000000000000000000, 1.000000000000000000, -0.000000000000000000 ) ) ;
#3676 = VERTEX_POINT ( 'NONE', #3228 ) ;
#3677 = ORIENTED_EDGE ( 'NONE', *, *, #4745, .T. ) ;
#3678 = EDGE_CURVE ( 'NONE', #1001, #1278, #2601, .T. ) ;
#3679 = CARTESIAN_POINT ( 'NONE',  ( -16.30000000000010374, 60.00000000000002842, 21.76610514844881550 ) ) ;
#3680 = CARTESIAN_POINT ( 'NONE',  ( -40.78341924626906234, 43.20000000000004547, 25.60000000000016485 ) ) ;
#3681 = CARTESIAN_POINT ( 'NONE',  ( 21.21320343559646915, 8.000000000000000000, 21.21320343559638033 ) ) ;
#3682 = CARTESIAN_POINT ( 'NONE',  ( -57.90000000000000568, 45.50000000000003553, 22.00000000000017408 ) ) ;
#3683 = ORIENTED_EDGE ( 'NONE', *, *, #780, .F. ) ;
#3684 = CARTESIAN_POINT ( 'NONE',  ( -42.40000000000000568, 30.00000000000001066, 30.00000000000012079 ) ) ;
#3685 = EDGE_CURVE ( 'NONE', #3174, #1092, #1753, .T. ) ;
#3686 = LINE ( 'NONE', #1321, #2019 ) ;
#3687 = FACE_OUTER_BOUND ( 'NONE', #350, .T. ) ;
#3688 = ORIENTED_EDGE ( 'NONE', *, *, #2581, .T. ) ;
#3689 = DIRECTION ( 'NONE',  ( -0.000000000000000000, -1.000000000000000000, -0.000000000000000000 ) ) ;
#3690 = AXIS2_PLACEMENT_3D ( 'NONE', #4859, #2174, #1721 ) ;
#3691 = CARTESIAN_POINT ( 'NONE',  ( -30.16017429318005583, 40.80000000000015348, 25.60000000000015774 ) ) ;
#3692 = CIRCLE ( 'NONE', #4461, 1.699999999999996625 ) ;
#3693 = CARTESIAN_POINT ( 'NONE',  ( 13.57820639017451825, 5.400000000000000355, -26.75130485090070565 ) ) ;
#3694 = PLANE ( 'NONE',  #1049 ) ;
#3695 = CONICAL_SURFACE ( 'NONE', #4460, 3.360000000000002096, 0.7853981633974492782 ) ;
#3696 = CARTESIAN_POINT ( 'NONE',  ( 8.149999999999977263, 8.000000000000000000, 14.11621408168633884 ) ) ;
#3697 = VECTOR ( 'NONE', #4667, 1000.000000000000000 ) ;
#3698 = VERTEX_POINT ( 'NONE', #3762 ) ;
#3699 = EDGE_CURVE ( 'NONE', #2576, #2841, #4211, .T. ) ;
#3700 = CARTESIAN_POINT ( 'NONE',  ( -13.49999999999978328, 0.000000000000000000, -23.38268590217996490 ) ) ;
#3701 = DIRECTION ( 'NONE',  ( -0.000000000000000000, 1.000000000000000000, -0.000000000000000000 ) ) ;
#3702 = VECTOR ( 'NONE', #4523, 1000.000000000000000 ) ;
#3703 = DIRECTION ( 'NONE',  ( 0.000000000000000000, -3.386180225106570465E-15, 1.000000000000000000 ) ) ;
#3704 = ORIENTED_EDGE ( 'NONE', *, *, #271, .T. ) ;
#3705 = VECTOR ( 'NONE', #2321, 1000.000000000000000 ) ;
#3706 = EDGE_LOOP ( 'NONE', ( #2450, #290, #714, #3086 ) ) ;
#3707 = CARTESIAN_POINT ( 'NONE',  ( -31.77675504691080022, 22.00000000000012079, 25.60000000000009024 ) ) ;
#3708 = VECTOR ( 'NONE', #1188, 1000.000000000000000 ) ;
#3709 = CIRCLE ( 'NONE', #2542, 29.99999999999998934 ) ;
#3710 = EDGE_CURVE ( 'NONE', #1027, #1508, #1023, .T. ) ;
#3711 = DIRECTION ( 'NONE',  ( 0.000000000000000000, 0.000000000000000000, 1.000000000000000000 ) ) ;
#3712 = ORIENTED_EDGE ( 'NONE', *, *, #339, .F. ) ;
#3713 = CARTESIAN_POINT ( 'NONE',  ( -42.40000000000000568, 30.00000000000003553, 22.00000000000012079 ) ) ;
#3714 = CARTESIAN_POINT ( 'NONE',  ( 4.780762113533208790, 51.71947712046028300, 25.60000000000018616 ) ) ;
#3715 = FACE_BOUND ( 'NONE', #657, .T. ) ;
#3716 = AXIS2_PLACEMENT_3D ( 'NONE', #281, #4279, #3040 ) ;
#3717 = VECTOR ( 'NONE', #3457, 1000.000000000000114 ) ;
#3718 = ORIENTED_EDGE ( 'NONE', *, *, #3024, .T. ) ;
#3719 = ORIENTED_EDGE ( 'NONE', *, *, #3472, .F. ) ;
#3720 = ADVANCED_FACE ( 'NONE', ( #536 ), #3276, .F. ) ;
#3721 = AXIS2_PLACEMENT_3D ( 'NONE', #2033, #86, #4016 ) ;
#3722 = CARTESIAN_POINT ( 'NONE',  ( -24.19999999999999929, 5.400000000000000355, 1.616580753730953779 ) ) ;
#3723 = ORIENTED_EDGE ( 'NONE', *, *, #4097, .T. ) ;
#3724 = COORDINATED_UNIVERSAL_TIME_OFFSET ( 8, 0, .AHEAD. ) ;
#3725 = ADVANCED_FACE ( 'NONE', ( #2982 ), #588, .F. ) ;
#3726 = LINE ( 'NONE', #2933, #1227 ) ;
#3727 = DIRECTION ( 'NONE',  ( -0.000000000000000000, 3.593355771666182750E-15, -1.000000000000000000 ) ) ;
#3728 = VERTEX_POINT ( 'NONE', #4504 ) ;
#3729 = DIRECTION ( 'NONE',  ( 0.000000000000000000, 1.000000000000000000, 4.081702296416015997E-15 ) ) ;
#3730 = DIRECTION ( 'NONE',  ( -1.000000000000000000, -6.272760089132149442E-15, 0.000000000000000000 ) ) ;
#3731 = DIRECTION ( 'NONE',  ( -1.000000000000000000, -6.272760089132151808E-15, 2.146163712481998068E-16 ) ) ;
#3732 = VERTEX_POINT ( 'NONE', #2588 ) ;
#3733 = EDGE_LOOP ( 'NONE', ( #4929, #2829, #5140, #1470 ) ) ;
#3734 = DIRECTION ( 'NONE',  ( 0.8660254037844390407, 0.000000000000000000, -0.4999999999999992228 ) ) ;
#3735 = ADVANCED_FACE ( 'NONE', ( #4922 ), #643, .F. ) ;
#3736 = CARTESIAN_POINT ( 'NONE',  ( -31.77675504691080022, 22.00000000000012079, 25.60000000000009024 ) ) ;
#3737 = ORIENTED_EDGE ( 'NONE', *, *, #910, .F. ) ;
#3738 = DIRECTION ( 'NONE',  ( 0.5000000000000044409, 0.000000000000000000, 0.8660254037844360431 ) ) ;
#3739 = DIRECTION ( 'NONE',  ( -0.000000000000000000, -1.000000000000000000, -0.000000000000000000 ) ) ;
#3740 = CARTESIAN_POINT ( 'NONE',  ( -40.78341924626905524, 11.20000000000000284, 25.60000000000005471 ) ) ;
#3741 = VERTEX_POINT ( 'NONE', #3327 ) ;
#3742 = CARTESIAN_POINT ( 'NONE',  ( 15.49999999999999645, 0.000000000000000000, 15.50000000000000178 ) ) ;
#3743 = EDGE_LOOP ( 'NONE', ( #4722, #2000, #3295, #4638, #264, #2863 ) ) ;
#3744 = FACE_BOUND ( 'NONE', #2935, .T. ) ;
#3745 = VERTEX_POINT ( 'NONE', #3350 ) ;
#3746 = CARTESIAN_POINT ( 'NONE',  ( 0.000000000000000000, 0.000000000000000000, 0.000000000000000000 ) ) ;
#3747 = DIRECTION ( 'NONE',  ( 0.4999999999999985012, 0.8660254037844394848, 0.000000000000000000 ) ) ;
#3748 = LINE ( 'NONE', #3696, #2727 ) ;
#3749 = ORIENTED_EDGE ( 'NONE', *, *, #4010, .F. ) ;
#3750 = DIRECTION ( 'NONE',  ( -0.5000000000000034417, 0.8660254037844367092, 0.000000000000000000 ) ) ;
#3751 = ADVANCED_FACE ( 'NONE', ( #4524 ), #4579, .F. ) ;
#3752 = CARTESIAN_POINT ( 'NONE',  ( -15.50000000000000000, 0.000000000000000000, -12.13999999999999879 ) ) ;
#3753 = CARTESIAN_POINT ( 'NONE',  ( -54.82640687119288714, 0.000000000000000000, 22.00000000000000711 ) ) ;
#3754 = ORIENTED_EDGE ( 'NONE', *, *, #4998, .T. ) ;
#3755 = ORIENTED_EDGE ( 'NONE', *, *, #2854, .F. ) ;
#3756 = CARTESIAN_POINT ( 'NONE',  ( -89.58076211353306917, 8.280522879539445213, 25.60000000000003340 ) ) ;
#3757 = AXIS2_PLACEMENT_3D ( 'NONE', #3682, #3324, #4941 ) ;
#3758 = EDGE_CURVE ( 'NONE', #3623, #2417, #1367, .T. ) ;
#3759 = DIRECTION ( 'NONE',  ( -0.000000000000000000, -1.000000000000000000, 0.000000000000000000 ) ) ;
#3760 = EDGE_LOOP ( 'NONE', ( #1412, #3445 ) ) ;
#3761 = LINE ( 'NONE', #565, #4296 ) ;
#3762 = CARTESIAN_POINT ( 'NONE',  ( 29.95641278034915089, 5.400000000000000355, 1.616580753730952003 ) ) ;
#3763 = CARTESIAN_POINT ( 'NONE',  ( 29.80000000000000071, 5.400000000000000355, -1.616580753730949116 ) ) ;
#3764 = ADVANCED_FACE ( 'NONE', ( #3375, #917 ), #3792, .T. ) ;
#3765 = ORIENTED_EDGE ( 'NONE', *, *, #4634, .T. ) ;
#3766 = CARTESIAN_POINT ( 'NONE',  ( -31.77675504691096364, 38.00000000000015632, 25.60000000000014708 ) ) ;
#3767 = VERTEX_POINT ( 'NONE', #3816 ) ;
#3768 = EDGE_CURVE ( 'NONE', #1838, #857, #1688, .T. ) ;
#3769 = PRODUCT_DEFINITION_SHAPE ( 'NONE', 'NONE',  #2460 ) ;
#3770 = CARTESIAN_POINT ( 'NONE',  ( -57.90000000000000568, 45.50000000000000711, 30.00000000000017764 ) ) ;
#3771 = ORIENTED_EDGE ( 'NONE', *, *, #4937, .F. ) ;
#3772 = VECTOR ( 'NONE', #566, 1000.000000000000000 ) ;
#3773 = CARTESIAN_POINT ( 'NONE',  ( 15.49999999999999645, 0.000000000000000000, 15.50000000000000178 ) ) ;
#3774 = EDGE_CURVE ( 'NONE', #1319, #4624, #4135, .T. ) ;
#3775 = DIRECTION ( 'NONE',  ( -0.000000000000000000, 3.593355771666226926E-15, -1.000000000000000000 ) ) ;
#3776 = AXIS2_PLACEMENT_3D ( 'NONE', #285, #1481, #1451 ) ;
#3777 = VERTEX_POINT ( 'NONE', #4556 ) ;
#3778 = DIRECTION ( 'NONE',  ( 0.000000000000000000, -1.000000000000000000, -3.097720492815725095E-15 ) ) ;
#3779 = CARTESIAN_POINT ( 'NONE',  ( -10.70000000000011831, 60.00000000000002842, 24.99926665591075192 ) ) ;
#3780 = VECTOR ( 'NONE', #3599, 1000.000000000000227 ) ;
#3781 = CIRCLE ( 'NONE', #2454, 12.00000000000000178 ) ;
#3782 = EDGE_CURVE ( 'NONE', #4690, #4126, #999, .T. ) ;
#3783 = CARTESIAN_POINT ( 'NONE',  ( -16.29999999999976623, 60.00000000000002842, -24.99926665591094732 ) ) ;
#3784 = ORIENTED_EDGE ( 'NONE', *, *, #4868, .T. ) ;
#3785 = ORIENTED_EDGE ( 'NONE', *, *, #1479, .T. ) ;
#3786 = DIRECTION ( 'NONE',  ( 0.000000000000000000, 1.000000000000000000, 4.081702296416015997E-15 ) ) ;
#3787 = VECTOR ( 'NONE', #1912, 1000.000000000000000 ) ;
#3788 = VECTOR ( 'NONE', #4707, 1000.000000000000000 ) ;
#3789 = DIRECTION ( 'NONE',  ( 0.000000000000000000, -1.000000000000000000, -3.097720492815725095E-15 ) ) ;
#3790 = ORIENTED_EDGE ( 'NONE', *, *, #1923, .F. ) ;
#3791 = LINE ( 'NONE', #642, #2533 ) ;
#3792 = PLANE ( 'NONE',  #1851 ) ;
#3793 = DIRECTION ( 'NONE',  ( -1.000000000000000000, -6.272760089132151808E-15, 2.146163712481998068E-16 ) ) ;
#3794 = CARTESIAN_POINT ( 'NONE',  ( -15.50000000000000355, 1.560000000000005826, 15.50000000000000178 ) ) ;
#3795 = VERTEX_POINT ( 'NONE', #244 ) ;
#3796 = CIRCLE ( 'NONE', #634, 1.700000000000000178 ) ;
#3797 = ORIENTED_EDGE ( 'NONE', *, *, #12, .T. ) ;
#3798 = AXIS2_PLACEMENT_3D ( 'NONE', #4185, #4580, #694 ) ;
#3799 = EDGE_CURVE ( 'NONE', #3478, #4573, #5002, .T. ) ;
#3800 = CARTESIAN_POINT ( 'NONE',  ( -57.87298721428201986, 40.79999999999999716, 25.60000000000015774 ) ) ;
#3801 = VERTEX_POINT ( 'NONE', #976 ) ;
#3802 = DATE_TIME_ROLE ( 'creation_date' ) ;
#3803 = AXIS2_PLACEMENT_3D ( 'NONE', #3742, #3689, #122 ) ;
#3804 = CARTESIAN_POINT ( 'NONE',  ( -13.50000000000011013, 0.000000000000000000, 21.68268590217978442 ) ) ;
#3805 = DIRECTION ( 'NONE',  ( 0.8660254037844368202, -0.000000000000000000, 0.5000000000000032196 ) ) ;
#3806 = PLANE ( 'NONE',  #5123 ) ;
#3807 = CARTESIAN_POINT ( 'NONE',  ( -16.30000000000011795, 1.293321843319610309, -24.99926665591072705 ) ) ;
#3808 = ADVANCED_FACE ( 'NONE', ( #1808 ), #610, .T. ) ;
#3809 = VERTEX_POINT ( 'NONE', #2349 ) ;
#3810 = VERTEX_POINT ( 'NONE', #2747 ) ;
#3811 = PLANE ( 'NONE',  #708 ) ;
#3812 = DIRECTION ( 'NONE',  ( 0.000000000000000000, -1.000000000000000000, 0.000000000000000000 ) ) ;
#3813 = FACE_BOUND ( 'NONE', #2914, .T. ) ;
#3814 = ORIENTED_EDGE ( 'NONE', *, *, #3200, .T. ) ;
#3815 = CARTESIAN_POINT ( 'NONE',  ( -54.63982570682006212, 24.79999999999995097, 25.60000000000010090 ) ) ;
#3816 = CARTESIAN_POINT ( 'NONE',  ( 10.69999999999994778, 8.000000000000000000, 21.76610514844892208 ) ) ;
#3817 = LINE ( 'NONE', #1467, #1548 ) ;
#3818 = DIRECTION ( 'NONE',  ( 0.000000000000000000, 0.000000000000000000, -1.000000000000000000 ) ) ;
#3819 = EDGE_CURVE ( 'NONE', #4013, #4332, #1545, .T. ) ;
#3820 = VERTEX_POINT ( 'NONE', #2244 ) ;
#3821 = CARTESIAN_POINT ( 'NONE',  ( -42.40000000000000568, 47.70000000000000995, 30.00000000000043343 ) ) ;
#3822 = VERTEX_POINT ( 'NONE', #266 ) ;
#3823 = CARTESIAN_POINT ( 'NONE',  ( -63.61320343559648194, 8.786796564403655196, 22.00000000000004263 ) ) ;
#3824 = DIRECTION ( 'NONE',  ( 0.000000000000000000, -1.000000000000000000, 0.000000000000000000 ) ) ;
#3825 = ORIENTED_EDGE ( 'NONE', *, *, #2685, .T. ) ;
#3826 = ADVANCED_FACE ( 'NONE', ( #3842 ), #380, .F. ) ;
#3827 = FACE_OUTER_BOUND ( 'NONE', #2833, .T. ) ;
#3828 = FACE_BOUND ( 'NONE', #4560, .T. ) ;
#3829 = CARTESIAN_POINT ( 'NONE',  ( 26.99999999999999645, 60.00000000000002842, 3.233161507461903117 ) ) ;
#3830 = ADVANCED_FACE ( 'NONE', ( #352 ), #4376, .F. ) ;
#3831 = DIRECTION ( 'NONE',  ( -0.4999999999999985012, -0.8660254037844394848, 0.000000000000000000 ) ) ;
#3832 = EDGE_LOOP ( 'NONE', ( #3502, #4546, #5085, #3155 ) ) ;
#3833 = ORIENTED_EDGE ( 'NONE', *, *, #2731, .T. ) ;
#3834 = ORIENTED_EDGE ( 'NONE', *, *, #3885, .T. ) ;
#3835 = CARTESIAN_POINT ( 'NONE',  ( -10.70000000000010054, 5.400000000000000355, 21.76610514844884392 ) ) ;
#3836 = LINE ( 'NONE', #262, #5052 ) ;
#3837 = UNCERTAINTY_MEASURE_WITH_UNIT (LENGTH_MEASURE( 1.000000000000000082E-05 ), #3091, 'distance_accuracy_value', 'NONE');
#3838 = EDGE_CURVE ( 'NONE', #1364, #4082, #1890, .T. ) ;
#3839 = FACE_BOUND ( 'NONE', #4257, .T. ) ;
#3840 = VECTOR ( 'NONE', #1490, 1000.000000000000227 ) ;
#3841 = CARTESIAN_POINT ( 'NONE',  ( 0.000000000000000000, 8.000000000000000000, 0.000000000000000000 ) ) ;
#3842 = FACE_OUTER_BOUND ( 'NONE', #214, .T. ) ;
#3843 = CARTESIAN_POINT ( 'NONE',  ( -30.16017429317986753, 24.80000000000013216, 25.60000000000009734 ) ) ;
#3844 = ORIENTED_EDGE ( 'NONE', *, *, #5156, .T. ) ;
#3845 = DIRECTION ( 'NONE',  ( -0.000000000000000000, 3.717264591378872007E-15, -1.000000000000000000 ) ) ;
#3846 = ORIENTED_EDGE ( 'NONE', *, *, #444, .T. ) ;
#3847 = EDGE_CURVE ( 'NONE', #3531, #997, #1857, .T. ) ;
#3848 = ORIENTED_EDGE ( 'NONE', *, *, #2007, .T. ) ;
#3849 = DIRECTION ( 'NONE',  ( 0.000000000000000000, -1.000000000000000000, -3.097720492815725095E-15 ) ) ;
#3850 = CC_DESIGN_APPROVAL ( #452, ( #102 ) ) ;
#3851 = DIRECTION ( 'NONE',  ( -7.617846651086544702E-17, 3.552713678800500929E-15, -1.000000000000000000 ) ) ;
#3852 = ORIENTED_EDGE ( 'NONE', *, *, #3472, .T. ) ;
#3853 = DIRECTION ( 'NONE',  ( 0.000000000000000000, 0.000000000000000000, -1.000000000000000000 ) ) ;
#3854 = FACE_BOUND ( 'NONE', #4783, .T. ) ;
#3855 = CARTESIAN_POINT ( 'NONE',  ( 15.50000000000000000, 0.000000000000000000, -17.29999999999999005 ) ) ;
#3856 = AXIS2_PLACEMENT_3D ( 'NONE', #401, #3997, #1985 ) ;
#3857 = CONICAL_SURFACE ( 'NONE', #786, 3.359999999999998543, 0.7853981633974482790 ) ;
#3858 = CARTESIAN_POINT ( 'NONE',  ( -56.25640646055104099, 37.99999999999997868, 30.00000000000039790 ) ) ;
#3859 = EDGE_CURVE ( 'NONE', #4952, #4812, #4285, .T. ) ;
#3860 = ORIENTED_EDGE ( 'NONE', *, *, #5167, .T. ) ;
#3861 = VERTEX_POINT ( 'NONE', #2695 ) ;
#3862 = ORIENTED_EDGE ( 'NONE', *, *, #2229, .F. ) ;
#3863 = CARTESIAN_POINT ( 'NONE',  ( 12.42640687119288856, 0.000000000000000000, 30.00000000000000000 ) ) ;
#3864 = VECTOR ( 'NONE', #1564, 1000.000000000000000 ) ;
#3865 = VECTOR ( 'NONE', #2169, 1000.000000000000000 ) ;
#3866 = CARTESIAN_POINT ( 'NONE',  ( -15.50000000000000355, 8.000000000000000000, 15.50000000000000178 ) ) ;
#3867 = ORIENTED_EDGE ( 'NONE', *, *, #585, .T. ) ;
#3868 = AXIS2_PLACEMENT_3D ( 'NONE', #1271, #872, #4059 ) ;
#3869 = DIRECTION ( 'NONE',  ( 0.000000000000000000, 0.000000000000000000, -1.000000000000000000 ) ) ;
#3870 = DIRECTION ( 'NONE',  ( 0.7921073478508945387, -0.000000000000000000, 0.6103818063152128826 ) ) ;
#3871 = CARTESIAN_POINT ( 'NONE',  ( -30.16017429317986753, 24.80000000000014637, 22.00000000000009948 ) ) ;
#3872 = CARTESIAN_POINT ( 'NONE',  ( -59.48956796801291347, 21.99999999999995026, 22.00000000000009237 ) ) ;
#3873 = ORIENTED_EDGE ( 'NONE', *, *, #4868, .F. ) ;
#3874 = DIRECTION ( 'NONE',  ( 0.000000000000000000, 1.000000000000000000, 0.000000000000000000 ) ) ;
#3875 = ADVANCED_FACE ( 'NONE', ( #3107 ), #726, .F. ) ;
#3876 = ORIENTED_EDGE ( 'NONE', *, *, #2825, .F. ) ;
#3877 = AXIS2_PLACEMENT_3D ( 'NONE', #3977, #892, #799 ) ;
#3878 = ORIENTED_EDGE ( 'NONE', *, *, #512, .T. ) ;
#3879 = AXIS2_PLACEMENT_3D ( 'NONE', #4511, #5071, #1153 ) ;
#3880 = CIRCLE ( 'NONE', #1879, 1.799999999999992495 ) ;
#3881 = VECTOR ( 'NONE', #3083, 1000.000000000000000 ) ;
#3882 = CARTESIAN_POINT ( 'NONE',  ( 27.00000000000000000, 0.000000000000000000, 0.000000000000000000 ) ) ;
#3883 = CARTESIAN_POINT ( 'NONE',  ( 13.50000000000027178, 5.400000000000000355, -23.38268590217968423 ) ) ;
#3884 = EDGE_LOOP ( 'NONE', ( #291, #4653 ) ) ;
#3885 = EDGE_CURVE ( 'NONE', #4573, #2117, #4714, .T. ) ;
#3886 = CIRCLE ( 'NONE', #1456, 1.700000000000000178 ) ;
#3887 = VECTOR ( 'NONE', #1428, 1000.000000000000000 ) ;
#3888 = DIRECTION ( 'NONE',  ( 0.000000000000000000, 0.000000000000000000, 1.000000000000000000 ) ) ;
#3889 = CARTESIAN_POINT ( 'NONE',  ( -57.87298721428201986, 40.80000000000001137, 22.00000000000015987 ) ) ;
#3890 = DIRECTION ( 'NONE',  ( 0.5756811139072496308, -0.7470754134985359007, 0.3323696460817378573 ) ) ;
#3891 = VECTOR ( 'NONE', #3553, 1000.000000000000000 ) ;
#3892 = EDGE_CURVE ( 'NONE', #4468, #4847, #2325, .T. ) ;
#3893 = LINE ( 'NONE', #3939, #5151 ) ;
#3894 = AXIS2_PLACEMENT_3D ( 'NONE', #4908, #2151, #3391 ) ;
#3895 = ORIENTED_EDGE ( 'NONE', *, *, #1452, .T. ) ;
#3896 = EDGE_LOOP ( 'NONE', ( #3895, #1486, #3873, #2795 ) ) ;
#3897 = ORIENTED_EDGE ( 'NONE', *, *, #3229, .F. ) ;
#3898 = CARTESIAN_POINT ( 'NONE',  ( -13.49999999999978328, 5.400000000000000355, -21.68268590217996561 ) ) ;
#3899 = DIRECTION ( 'NONE',  ( -0.000000000000000000, -3.552713678800500929E-15, 1.000000000000000000 ) ) ;
#3900 = EDGE_CURVE ( 'NONE', #5076, #19, #4683, .T. ) ;
#3901 = FACE_OUTER_BOUND ( 'NONE', #5009, .T. ) ;
#3902 = CARTESIAN_POINT ( 'NONE',  ( -54.63982570682003370, 19.19999999999997087, 25.60000000000007958 ) ) ;
#3903 = DIRECTION ( 'NONE',  ( -0.000000000000000000, 1.000000000000000000, -0.000000000000000000 ) ) ;
#3904 = CARTESIAN_POINT ( 'NONE',  ( -44.01658075373095613, 48.80000000000004690, 25.60000000000018616 ) ) ;
#3905 = VERTEX_POINT ( 'NONE', #1913 ) ;
#3906 = EDGE_CURVE ( 'NONE', #2417, #1967, #2303, .T. ) ;
#3907 = CARTESIAN_POINT ( 'NONE',  ( -44.01658075373095613, 11.20000000000000284, 25.60000000000005471 ) ) ;
#3908 = ORIENTED_EDGE ( 'NONE', *, *, #1238, .T. ) ;
#3909 = VERTEX_POINT ( 'NONE', #5162 ) ;
#3910 = DIRECTION ( 'NONE',  ( -0.000000000000000000, 1.000000000000000000, -0.000000000000000000 ) ) ;
#3911 = ORIENTED_EDGE ( 'NONE', *, *, #3592, .T. ) ;
#3912 = FACE_BOUND ( 'NONE', #2161, .T. ) ;
#3913 = LINE ( 'NONE', #4647, #4786 ) ;
#3914 = PLANE ( 'NONE',  #867 ) ;
#3915 = DIRECTION ( 'NONE',  ( -0.000000000000000000, 3.593355771666182750E-15, -1.000000000000000000 ) ) ;
#3916 = ORIENTED_EDGE ( 'NONE', *, *, #3666, .T. ) ;
#3917 = EDGE_CURVE ( 'NONE', #3348, #3676, #5055, .T. ) ;
#3918 = ORIENTED_EDGE ( 'NONE', *, *, #2231, .F. ) ;
#3919 = EDGE_LOOP ( 'NONE', ( #2268, #2865 ) ) ;
#3920 = FACE_OUTER_BOUND ( 'NONE', #3488, .T. ) ;
#3921 = DIRECTION ( 'NONE',  ( 0.000000000000000000, 0.000000000000000000, -1.000000000000000000 ) ) ;
#3922 = ORIENTED_EDGE ( 'NONE', *, *, #231, .F. ) ;
#3923 = DIRECTION ( 'NONE',  ( 0.000000000000000000, 0.000000000000000000, 1.000000000000000000 ) ) ;
#3924 = CARTESIAN_POINT ( 'NONE',  ( -16.30000000000010374, 45.27895839063656780, 22.00000000000003908 ) ) ;
#3925 = CARTESIAN_POINT ( 'NONE',  ( -10.70000000000010232, 38.01170189303008584, 21.99999999999980105 ) ) ;
#3926 = ORIENTED_EDGE ( 'NONE', *, *, #2418, .T. ) ;
#3927 = FACE_OUTER_BOUND ( 'NONE', #2353, .T. ) ;
#3928 = VERTEX_POINT ( 'NONE', #1083 ) ;
#3929 = CIRCLE ( 'NONE', #1675, 1.700000000000000178 ) ;
#3930 = ORIENTED_EDGE ( 'NONE', *, *, #2118, .F. ) ;
#3931 = CC_DESIGN_PERSON_AND_ORGANIZATION_ASSIGNMENT ( #2199, #1376, ( #102 ) ) ;
#3932 = DIRECTION ( 'NONE',  ( -0.000000000000000000, -1.000000000000000000, -0.000000000000000000 ) ) ;
#3933 = CYLINDRICAL_SURFACE ( 'NONE', #2633, 1.700000000000000178 ) ;
#3935 = ADVANCED_FACE ( 'NONE', ( #1140 ), #2667, .F. ) ;
#3934 = EDGE_LOOP ( 'NONE', ( #4803, #3647, #4289, #4734 ) ) ;
#3936 = FACE_BOUND ( 'NONE', #308, .T. ) ;
#3937 = CARTESIAN_POINT ( 'NONE',  ( -24.19999999999999929, 8.000000000000000000, 1.616580753730953779 ) ) ;
#3938 = EDGE_CURVE ( 'NONE', #4476, #3538, #2725, .T. ) ;
#3939 = CARTESIAN_POINT ( 'NONE',  ( -26.92701278571790624, 19.20000000000015916, 25.60000000000007958 ) ) ;
#3940 = ORIENTED_EDGE ( 'NONE', *, *, #1590, .T. ) ;
#3941 = ORIENTED_EDGE ( 'NONE', *, *, #3291, .F. ) ;
#3942 = VERTEX_POINT ( 'NONE', #3924 ) ;
#3943 = CYLINDRICAL_SURFACE ( 'NONE', #1950, 1.700000000000000178 ) ;
#3944 = PLANE ( 'NONE',  #5050 ) ;
#3945 = EDGE_CURVE ( 'NONE', #4120, #608, #751, .T. ) ;
#3946 = CONICAL_SURFACE ( 'NONE', #4103, 3.360000000000000320, 0.7853981633974488341 ) ;
#3947 = PLANE ( 'NONE',  #112 ) ;
#3948 = ORIENTED_EDGE ( 'NONE', *, *, #2311, .T. ) ;
#3949 = CARTESIAN_POINT ( 'NONE',  ( -53.02324495308910457, 21.99999999999996803, 25.60000000000009024 ) ) ;
#3950 = DIRECTION ( 'NONE',  ( 0.000000000000000000, 1.000000000000000000, 4.081702296416015997E-15 ) ) ;
#3951 = VECTOR ( 'NONE', #843, 1000.000000000000114 ) ;
#3952 = ORIENTED_EDGE ( 'NONE', *, *, #4520, .T. ) ;
#3953 = ORIENTED_EDGE ( 'NONE', *, *, #5029, .T. ) ;
#3954 = CARTESIAN_POINT ( 'NONE',  ( -57.90000000000000568, 43.70000000000001705, 28.44000000000016826 ) ) ;
#3955 = VECTOR ( 'NONE', #3627, 1000.000000000000114 ) ;
#3956 = AXIS2_PLACEMENT_3D ( 'NONE', #4531, #923, #1325 ) ;
#3957 = ORIENTED_EDGE ( 'NONE', *, *, #3608, .T. ) ;
#3958 = DIRECTION ( 'NONE',  ( 0.000000000000000000, 1.000000000000000000, 4.081702296416015997E-15 ) ) ;
#3959 = ORIENTED_EDGE ( 'NONE', *, *, #3678, .T. ) ;
#3960 = AXIS2_PLACEMENT_3D ( 'NONE', #3815, #4554, #534 ) ;
#3961 = EDGE_CURVE ( 'NONE', #539, #3745, #3139, .T. ) ;
#3962 = CARTESIAN_POINT ( 'NONE',  ( -27.00000000000000000, 5.400000000000000355, 0.000000000000000000 ) ) ;
#3963 = AXIS2_PLACEMENT_3D ( 'NONE', #1987, #2408, #4763 ) ;
#3964 = CARTESIAN_POINT ( 'NONE',  ( -26.92701278571814427, 40.80000000000021032, 22.00000000000015987 ) ) ;
#3965 = VECTOR ( 'NONE', #4957, 1000.000000000000000 ) ;
#3966 = VECTOR ( 'NONE', #2394, 1000.000000000000114 ) ;
#3967 = DIRECTION ( 'NONE',  ( 7.617846651086544702E-17, 3.386180225106570071E-15, -1.000000000000000000 ) ) ;
#3968 = CARTESIAN_POINT ( 'NONE',  ( 29.80000000000000071, 60.00000000000002842, -1.616580753730949116 ) ) ;
#3969 = ORIENTED_EDGE ( 'NONE', *, *, #3678, .F. ) ;
#3970 = VERTEX_POINT ( 'NONE', #4790 ) ;
#3971 = VECTOR ( 'NONE', #4241, 1000.000000000000227 ) ;
#3972 = ORIENTED_EDGE ( 'NONE', *, *, #4695, .T. ) ;
#3973 = DIRECTION ( 'NONE',  ( 2.109423746787797427E-15, 0.000000000000000000, -1.000000000000000000 ) ) ;
#3974 = VECTOR ( 'NONE', #3675, 1000.000000000000000 ) ;
#3975 = LINE ( 'NONE', #1511, #194 ) ;
#3976 = VERTEX_POINT ( 'NONE', #16 ) ;
#3977 = CARTESIAN_POINT ( 'NONE',  ( 13.49999999999994671, 0.000000000000000000, 23.38268590217987608 ) ) ;
#3978 = CARTESIAN_POINT ( 'NONE',  ( -44.01658075373095613, 11.20000000000000284, 25.60000000000005471 ) ) ;
#3979 = CARTESIAN_POINT ( 'NONE',  ( -30.16017429317986753, 24.80000000000014637, 22.00000000000009948 ) ) ;
#3980 = ORIENTED_EDGE ( 'NONE', *, *, #1923, .T. ) ;
#3981 = DIRECTION ( 'NONE',  ( 0.000000000000000000, -1.000000000000000000, -3.854941057726246577E-15 ) ) ;
#3982 = ORIENTED_EDGE ( 'NONE', *, *, #689, .T. ) ;
#3983 = CARTESIAN_POINT ( 'NONE',  ( 13.50000000000023981, 5.400000000000000355, -20.14952439471778334 ) ) ;
#3984 = EDGE_CURVE ( 'NONE', #2929, #4885, #4424, .T. ) ;
#3985 = DIRECTION ( 'NONE',  ( 0.8660254037844336006, 0.000000000000000000, 0.5000000000000087708 ) ) ;
#3986 = PLANE ( 'NONE',  #2201 ) ;
#3987 = ORIENTED_EDGE ( 'NONE', *, *, #732, .F. ) ;
#3988 = DIRECTION ( 'NONE',  ( -0.4999999999999961697, -0.8660254037844408170, -2.790012826226013337E-15 ) ) ;
#3989 = EDGE_CURVE ( 'NONE', #1491, #3329, #4404, .T. ) ;
#3990 = LINE ( 'NONE', #26, #4044 ) ;
#3991 = ORIENTED_EDGE ( 'NONE', *, *, #4030, .F. ) ;
#3992 = ORIENTED_EDGE ( 'NONE', *, *, #4317, .T. ) ;
#3993 = DIRECTION ( 'NONE',  ( -0.5000000000000044409, 0.000000000000000000, -0.8660254037844360431 ) ) ;
#3994 = EDGE_CURVE ( 'NONE', #2180, #3525, #89, .T. ) ;
#3995 = DIRECTION ( 'NONE',  ( 0.000000000000000000, 1.000000000000000000, 0.000000000000000000 ) ) ;
#3996 = DIRECTION ( 'NONE',  ( 0.000000000000000000, 0.000000000000000000, 1.000000000000000000 ) ) ;
#3997 = DIRECTION ( 'NONE',  ( -1.000000000000000000, 0.000000000000000000, -1.254552017826427048E-14 ) ) ;
#3998 = ORIENTED_EDGE ( 'NONE', *, *, #1274, .F. ) ;
#3999 = LINE ( 'NONE', #3244, #128 ) ;
#4000 = DIRECTION ( 'NONE',  ( 0.4999999999999997224, -0.8660254037844388186, -3.219245568722496570E-15 ) ) ;
#4001 = FACE_OUTER_BOUND ( 'NONE', #3402, .T. ) ;
#4002 = ORIENTED_EDGE ( 'NONE', *, *, #393, .F. ) ;
#4003 = DIRECTION ( 'NONE',  ( -0.7071067811865460184, 0.000000000000000000, 0.7071067811865490160 ) ) ;
#4004 = EDGE_CURVE ( 'NONE', #1586, #3928, #3535, .T. ) ;
#4005 = ORIENTED_EDGE ( 'NONE', *, *, #1827, .F. ) ;
#4006 = CARTESIAN_POINT ( 'NONE',  ( -57.90000000000000568, 45.50000000000000711, 30.00000000000017764 ) ) ;
#4007 = DIRECTION ( 'NONE',  ( 0.000000000000000000, 1.000000000000000000, 0.000000000000000000 ) ) ;
#4008 = PLANE ( 'NONE',  #2042 ) ;
#4009 = ORIENTED_EDGE ( 'NONE', *, *, #2149, .F. ) ;
#4010 = EDGE_CURVE ( 'NONE', #4319, #1157, #865, .T. ) ;
#4011 = FACE_OUTER_BOUND ( 'NONE', #2423, .T. ) ;
#4012 = CARTESIAN_POINT ( 'NONE',  ( 29.80000000000000071, 8.000000000000000000, 1.616580753730952003 ) ) ;
#4013 = VERTEX_POINT ( 'NONE', #822 ) ;
#4014 = EDGE_LOOP ( 'NONE', ( #1986, #4934, #4623, #1177 ) ) ;
#4015 = CARTESIAN_POINT ( 'NONE',  ( -13.50000000000009948, 8.000000000000000000, 20.14952439471788281 ) ) ;
#4016 = DIRECTION ( 'NONE',  ( -0.7071067811865460184, 0.7071067811865490160, 0.000000000000000000 ) ) ;
#4017 = ADVANCED_FACE ( 'NONE', ( #1242 ), #4020, .F. ) ;
#4018 = ORIENTED_EDGE ( 'NONE', *, *, #2229, .T. ) ;
#4019 = DIRECTION ( 'NONE',  ( 0.000000000000000000, 1.000000000000000000, 0.000000000000000000 ) ) ;
#4020 = CYLINDRICAL_SURFACE ( 'NONE', #4870, 1.700000000000000178 ) ;
#4021 = CARTESIAN_POINT ( 'NONE',  ( -28.54359353944891353, 22.00000000000015277, 25.60000000000009024 ) ) ;
#4022 = AXIS2_PLACEMENT_3D ( 'NONE', #2438, #4028, #1830 ) ;
#4023 = CARTESIAN_POINT ( 'NONE',  ( -27.00000000000000000, 5.400000000000000355, 1.700000000000000178 ) ) ;
#4024 = VECTOR ( 'NONE', #1466, 1000.000000000000000 ) ;
#4025 = ORIENTED_EDGE ( 'NONE', *, *, #1531, .F. ) ;
#4026 = CIRCLE ( 'NONE', #279, 12.00000000000000000 ) ;
#4027 = CARTESIAN_POINT ( 'NONE',  ( -40.78341924626905524, 48.80000000000004690, 25.60000000000018616 ) ) ;
#4028 = DIRECTION ( 'NONE',  ( -7.617846651086544702E-17, 3.552713678800500929E-15, -1.000000000000000000 ) ) ;
#4029 = DIRECTION ( 'NONE',  ( 0.4999999999999985012, 0.8660254037844394848, 0.000000000000000000 ) ) ;
#4030 = EDGE_CURVE ( 'NONE', #1359, #4041, #2409, .T. ) ;
#4031 = ORIENTED_EDGE ( 'NONE', *, *, #2004, .T. ) ;
#4032 = ORIENTED_EDGE ( 'NONE', *, *, #2584, .T. ) ;
#4033 = CIRCLE ( 'NONE', #3364, 1.799999999999996048 ) ;
#4034 = VECTOR ( 'NONE', #4901, 1000.000000000000000 ) ;
#4035 = CARTESIAN_POINT ( 'NONE',  ( -53.02324495308910457, 21.99999999999996803, 25.60000000000009024 ) ) ;
#4036 = EDGE_CURVE ( 'NONE', #2617, #2140, #3245, .T. ) ;
#4037 = AXIS2_PLACEMENT_3D ( 'NONE', #2724, #1889, #3483 ) ;
#4038 = DIRECTION ( 'NONE',  ( -0.000000000000000000, -1.000000000000000000, -0.000000000000000000 ) ) ;
#4039 = DIRECTION ( 'NONE',  ( 0.8660254037844411501, 0.000000000000000000, -0.4999999999999956146 ) ) ;
#4040 = ORIENTED_EDGE ( 'NONE', *, *, #1817, .F. ) ;
#4041 = VERTEX_POINT ( 'NONE', #1185 ) ;
#4042 = EDGE_CURVE ( 'NONE', #2674, #323, #2767, .T. ) ;
#4043 = LINE ( 'NONE', #372, #2780 ) ;
#4044 = VECTOR ( 'NONE', #1235, 1000.000000000000000 ) ;
#4045 = VECTOR ( 'NONE', #177, 999.9999999999998863 ) ;
#4046 = AXIS2_PLACEMENT_3D ( 'NONE', #4334, #2807, #3147 ) ;
#4047 = VECTOR ( 'NONE', #251, 1000.000000000000114 ) ;
#4048 = PLANE ( 'NONE',  #3721 ) ;
#4049 = ORIENTED_EDGE ( 'NONE', *, *, #4443, .T. ) ;
#4050 = CARTESIAN_POINT ( 'NONE',  ( -29.80000000000000071, 8.000000000000000000, -1.616580753730952003 ) ) ;
#4051 = DIRECTION ( 'NONE',  ( 0.000000000000000000, 1.000000000000000000, 4.081702296416015997E-15 ) ) ;
#4052 = CARTESIAN_POINT ( 'NONE',  ( 21.21320343559646915, 0.000000000000000000, 21.21320343559638033 ) ) ;
#4053 = VECTOR ( 'NONE', #3731, 1000.000000000000000 ) ;
#4054 = EDGE_CURVE ( 'NONE', #355, #2065, #3585, .T. ) ;
#4055 = CARTESIAN_POINT ( 'NONE',  ( 15.49999999999999645, 1.560000000000005826, 13.70000000000000817 ) ) ;
#4056 = ADVANCED_FACE ( 'NONE', ( #427 ), #3166, .T. ) ;
#4057 = DIRECTION ( 'NONE',  ( -7.617846651086544702E-17, 3.552713678800500929E-15, -1.000000000000000000 ) ) ;
#4058 = EDGE_LOOP ( 'NONE', ( #1895, #3171, #268, #1963 ) ) ;
#4059 = DIRECTION ( 'NONE',  ( 0.000000000000000000, -1.000000000000000000, -3.700743415417189520E-15 ) ) ;
#4060 = CARTESIAN_POINT ( 'NONE',  ( -26.89999999999999858, 14.50000000000000888, 30.00000000000006040 ) ) ;
#4061 = CARTESIAN_POINT ( 'NONE',  ( -57.87298721428201986, 40.79999999999999716, 25.60000000000015774 ) ) ;
#4062 = ORIENTED_EDGE ( 'NONE', *, *, #668, .F. ) ;
#4063 = DIRECTION ( 'NONE',  ( -0.000000000000000000, 1.000000000000000000, -0.000000000000000000 ) ) ;
#4064 = DIRECTION ( 'NONE',  ( 0.000000000000000000, 0.000000000000000000, 1.000000000000000000 ) ) ;
#4065 = CARTESIAN_POINT ( 'NONE',  ( -45.63316150746191369, 46.00000000000004974, 22.00000000000017408 ) ) ;
#4066 = ADVANCED_FACE ( 'NONE', ( #4842 ), #1290, .T. ) ;
#4067 = CARTESIAN_POINT ( 'NONE',  ( -25.31043203198699132, 22.00000000000016698, 25.60000000000009024 ) ) ;
#4068 = EDGE_LOOP ( 'NONE', ( #2253, #1496, #3671, #3867, #3164 ) ) ;
#4069 = EDGE_LOOP ( 'NONE', ( #3844, #1003 ) ) ;
#4070 = DIRECTION ( 'NONE',  ( -0.8660254037844383745, 0.000000000000000000, -0.5000000000000003331 ) ) ;
#4071 = DIRECTION ( 'NONE',  ( -0.000000000000000000, -3.552713678800500929E-15, 1.000000000000000000 ) ) ;
#4072 = ADVANCED_FACE ( 'NONE', ( #2010 ), #3857, .F. ) ;
#4073 = DIRECTION ( 'NONE',  ( -0.000000000000000000, -1.000000000000000000, -0.000000000000000000 ) ) ;
#4074 = ORIENTED_EDGE ( 'NONE', *, *, #1116, .F. ) ;
#4075 = VERTEX_POINT ( 'NONE', #2485 ) ;
#4076 = CARTESIAN_POINT ( 'NONE',  ( -44.01658075373094903, 16.80000000000000071, 25.60000000000007248 ) ) ;
#4077 = DIRECTION ( 'NONE',  ( 0.000000000000000000, 0.000000000000000000, 1.000000000000000000 ) ) ;
#4078 = DIRECTION ( 'NONE',  ( 0.000000000000000000, 0.000000000000000000, 1.000000000000000000 ) ) ;
#4079 = ORIENTED_EDGE ( 'NONE', *, *, #874, .T. ) ;
#4080 = DIRECTION ( 'NONE',  ( 0.4999999999999997224, -0.8660254037844388186, -3.219245568722496570E-15 ) ) ;
#4081 = DIRECTION ( 'NONE',  ( -0.8660254037844394848, 0.4999999999999985012, 1.627117625333528354E-15 ) ) ;
#4082 = VERTEX_POINT ( 'NONE', #501 ) ;
#4083 = EDGE_CURVE ( 'NONE', #2955, #4437, #2383, .T. ) ;
#4084 = CARTESIAN_POINT ( 'NONE',  ( -47.18076211353266558, -21.71947712046030077, 25.59999999999992681 ) ) ;
#4085 = DIRECTION ( 'NONE',  ( 0.4999999999999985567, 0.8660254037844394848, 2.790012826226032270E-15 ) ) ;
#4086 = LINE ( 'NONE', #3314, #57 ) ;
#4087 = DIRECTION ( 'NONE',  ( 0.4999999999999919509, 0.8660254037844432595, 0.000000000000000000 ) ) ;
#4088 = VECTOR ( 'NONE', #1728, 1000.000000000000000 ) ;
#4089 = ORIENTED_EDGE ( 'NONE', *, *, #2375, .T. ) ;
#4090 = DIRECTION ( 'NONE',  ( -1.000000000000000000, -8.992806499463750622E-15, -2.146163712482759319E-16 ) ) ;
#4091 = DIRECTION ( 'NONE',  ( -0.000000000000000000, 1.000000000000000000, -0.000000000000000000 ) ) ;
#4092 = EDGE_CURVE ( 'NONE', #4445, #3132, #2843, .T. ) ;
#4093 = VERTEX_POINT ( 'NONE', #4818 ) ;
#4094 = CC_DESIGN_SECURITY_CLASSIFICATION ( #102, ( #852 ) ) ;
#4095 = ORIENTED_EDGE ( 'NONE', *, *, #904, .F. ) ;
#4096 = DIRECTION ( 'NONE',  ( 0.000000000000000000, 0.000000000000000000, 1.000000000000000000 ) ) ;
#4097 = EDGE_CURVE ( 'NONE', #4153, #2370, #2820, .T. ) ;
#4098 = DIRECTION ( 'NONE',  ( -0.8660254037844432595, 0.4999999999999919509, 1.651456749129775401E-15 ) ) ;
#4099 = ORIENTED_EDGE ( 'NONE', *, *, #4987, .F. ) ;
#4100 = LINE ( 'NONE', #1342, #3034 ) ;
#4101 = DIRECTION ( 'NONE',  ( -0.8660254037844397068, 0.4999999999999979461, 1.982541115402097256E-15 ) ) ;
#4102 = LINE ( 'NONE', #147, #4215 ) ;
#4103 = AXIS2_PLACEMENT_3D ( 'NONE', #2467, #3252, #3643 ) ;
#4104 = ADVANCED_FACE ( 'NONE', ( #2037 ), #477, .F. ) ;
#4105 = ORIENTED_EDGE ( 'NONE', *, *, #2847, .F. ) ;
#4106 = CARTESIAN_POINT ( 'NONE',  ( -31.77675504691080022, 22.00000000000012079, 25.60000000000009024 ) ) ;
#4107 = VERTEX_POINT ( 'NONE', #3707 ) ;
#4108 = VECTOR ( 'NONE', #5049, 1000.000000000000000 ) ;
#4109 = CLOSED_SHELL ( 'NONE', ( #2965, #697, #1769, #2837, #4164, #1283, #3830, #625, #1637, #4555, #3433, #288, #3387, #3549, #1444, #2911, #2810, #2791, #2648, #5127, #2138, #4649, #66, #1302, #2250, #3826, #4588, #1410, #965, #3499, #4066, #1926, #1748, #381, #5143, #1147, #3935, #3443, #4780, #3161, #1007, #2561, #1317, #2743, #1552, #238, #4284, #185, #1286, #1482, #4335, #3808, #125, #1381, #2445, #3528, #297, #575, #3149, #4516, #497, #2412, #4056, #4776, #43, #1679, #1582, #4549, #4905, #229, #1565, #2679, #515, #3248, #899, #3264, #1332, #2538, #4821, #4385, #4699, #3516, #1501, #3398, #551, #4415, #3256, #2405, #3735, #3624, #50, #4072, #4686, #2926, #4150, #829, #846, #294, #3720, #3560, #3092, #4738, #4421, #3875, #813, #3005, #3537, #1723, #1541, #2021, #2650, #2297, #4104, #2131, #1641, #4, #1861, #3725, #3751, #3764, #1254, #938, #4611, #2507, #3130, #4406, #2654, #2357, #2570, #1845, #3106, #4808, #4918, #2891, #3213, #3233, #2330, #2425, #2906, #3496, #4123, #2514, #243, #1608, #3068, #2684, #3404, #464, #617, #2574, #78, #2398, #4017, #1764, #3569, #2345, #833, #2284, #114 ) ) ;
#4110 = FACE_BOUND ( 'NONE', #4138, .T. ) ;
#4111 = ORIENTED_EDGE ( 'NONE', *, *, #922, .T. ) ;
#4112 = VECTOR ( 'NONE', #2583, 1000.000000000000000 ) ;
#4113 = VECTOR ( 'NONE', #200, 1000.000000000000000 ) ;
#4114 = APPROVAL_DATE_TIME ( #956, #5089 ) ;
#4115 = EDGE_CURVE ( 'NONE', #76, #2451, #3322, .T. ) ;
#4116 = CARTESIAN_POINT ( 'NONE',  ( -40.78341924626905524, 11.20000000000001528, 22.00000000000005329 ) ) ;
#4117 = VECTOR ( 'NONE', #3051, 1000.000000000000114 ) ;
#4118 = DIRECTION ( 'NONE',  ( -0.8660254037844388186, -0.4999999999999996669, -1.710384352180497531E-15 ) ) ;
#4119 = CONICAL_SURFACE ( 'NONE', #1042, 3.360000000000003428, 0.7853981633974492782 ) ;
#4120 = VERTEX_POINT ( 'NONE', #3296 ) ;
#4121 = CARTESIAN_POINT ( 'NONE',  ( -42.40000000000000568, 14.00000000000001954, 25.60000000000006537 ) ) ;
#4122 = DIRECTION ( 'NONE',  ( -0.000000000000000000, -1.000000000000000000, -0.000000000000000000 ) ) ;
#4123 = ADVANCED_FACE ( 'NONE', ( #140, #3369 ), #2559, .T. ) ;
#4124 = AXIS2_PLACEMENT_3D ( 'NONE', #4785, #3241, #2790 ) ;
#4125 = DIRECTION ( 'NONE',  ( -0.000000000000000000, 3.221629312528199387E-15, -1.000000000000000000 ) ) ;
#4126 = VERTEX_POINT ( 'NONE', #4550 ) ;
#4127 = VECTOR ( 'NONE', #4525, 1000.000000000000000 ) ;
#4128 = ORIENTED_EDGE ( 'NONE', *, *, #742, .F. ) ;
#4129 = DIRECTION ( 'NONE',  ( -1.102003339948843381E-16, 3.445107828157265971E-15, -1.000000000000000000 ) ) ;
#4130 = CIRCLE ( 'NONE', #1628, 1.799999999999989164 ) ;
#4131 = AXIS2_PLACEMENT_3D ( 'NONE', #1820, #3417, #655 ) ;
#4132 = LINE ( 'NONE', #115, #2839 ) ;
#4133 = EDGE_LOOP ( 'NONE', ( #4513, #791, #1127, #1681 ) ) ;
#4134 = DIRECTION ( 'NONE',  ( -0.000000000000000000, -3.552713678800500929E-15, 1.000000000000000000 ) ) ;
#4135 = LINE ( 'NONE', #4944, #3438 ) ;
#4136 = CARTESIAN_POINT ( 'NONE',  ( -10.70000000000010054, 8.000000000000000000, 21.76610514844884392 ) ) ;
#4137 = CIRCLE ( 'NONE', #3803, 3.359999999999998543 ) ;
#4138 = EDGE_LOOP ( 'NONE', ( #3067, #573, #51, #2787, #863, #3074 ) ) ;
#4139 = VERTEX_POINT ( 'NONE', #4500 ) ;
#4140 = AXIS2_PLACEMENT_3D ( 'NONE', #1357, #4229, #4828 ) ;
#4141 = EDGE_CURVE ( 'NONE', #336, #3232, #527, .T. ) ;
#4142 = CARTESIAN_POINT ( 'NONE',  ( 15.49999999999999645, 8.000000000000000000, 17.29999999999999005 ) ) ;
#4143 = ORIENTED_EDGE ( 'NONE', *, *, #571, .F. ) ;
#4144 = APPROVAL_ROLE ( '' ) ;
#4145 = LINE ( 'NONE', #80, #3379 ) ;
#4146 = CARTESIAN_POINT ( 'NONE',  ( 13.57820639017451825, 8.000000000000000000, -26.75130485090070565 ) ) ;
#4147 = ORIENTED_EDGE ( 'NONE', *, *, #4849, .F. ) ;
#4148 = FACE_OUTER_BOUND ( 'NONE', #1326, .T. ) ;
#4149 = FACE_OUTER_BOUND ( 'NONE', #299, .T. ) ;
#4150 = ADVANCED_FACE ( 'NONE', ( #4916 ), #4940, .F. ) ;
#4151 = FACE_OUTER_BOUND ( 'NONE', #3019, .T. ) ;
#4152 = CC_DESIGN_PERSON_AND_ORGANIZATION_ASSIGNMENT ( #154, #4191, ( #852 ) ) ;
#4153 = VERTEX_POINT ( 'NONE', #4599 ) ;
#4154 = VERTEX_POINT ( 'NONE', #4970 ) ;
#4155 = DIRECTION ( 'NONE',  ( 7.494178599599612151E-30, -1.000000000000000000, -3.552713678800500929E-15 ) ) ;
#4156 = EDGE_CURVE ( 'NONE', #307, #2999, #937, .T. ) ;
#4157 = CARTESIAN_POINT ( 'NONE',  ( -26.90000000000000568, 43.70000000000003126, 28.44000000000016470 ) ) ;
#4158 = EDGE_LOOP ( 'NONE', ( #1543, #1896, #1176, #4244, #3554 ) ) ;
#4159 = LINE ( 'NONE', #975, #45 ) ;
#4160 = DIRECTION ( 'NONE',  ( -0.4999999999999979461, -0.8660254037844397068, 0.000000000000000000 ) ) ;
#4161 = LINE ( 'NONE', #873, #807 ) ;
#4162 = ORIENTED_EDGE ( 'NONE', *, *, #2133, .T. ) ;
#4163 = DIRECTION ( 'NONE',  ( 1.102003339948839560E-16, 3.493786075749806212E-15, -1.000000000000000000 ) ) ;
#4164 = ADVANCED_FACE ( 'NONE', ( #971 ), #2182, .F. ) ;
#4165 = ORIENTED_EDGE ( 'NONE', *, *, #3122, .T. ) ;
#4166 = CARTESIAN_POINT ( 'NONE',  ( 11.66181495941388668, 8.992229560516676656, 25.55457078163907170 ) ) ;
#4167 = ORIENTED_EDGE ( 'NONE', *, *, #4249, .T. ) ;
#4168 = EDGE_CURVE ( 'NONE', #4120, #2180, #2532, .T. ) ;
#4169 = PERSON_AND_ORGANIZATION_ROLE ( 'design_owner' ) ;
#4170 = DIRECTION ( 'NONE',  ( -0.7921073478508945387, -0.6103818063152128826, -2.108170269515744765E-15 ) ) ;
#4171 = LINE ( 'NONE', #596, #1391 ) ;
#4172 = LINE ( 'NONE', #4935, #940 ) ;
#4173 = CARTESIAN_POINT ( 'NONE',  ( -28.54359353944907696, 38.00000000000017053, 30.00000000000039790 ) ) ;
#4174 = CARTESIAN_POINT ( 'NONE',  ( -57.87298721428194881, 19.19999999999995310, 22.00000000000008527 ) ) ;
#4175 = CARTESIAN_POINT ( 'NONE',  ( -37.61923788646698341, 81.71947712046032564, 25.60000000000028919 ) ) ;
#4176 = ORIENTED_EDGE ( 'NONE', *, *, #3231, .T. ) ;
#4177 = VERTEX_POINT ( 'NONE', #215 ) ;
#4178 = DIRECTION ( 'NONE',  ( 0.5000000000000101030, -0.8660254037844328234, -3.004629197474230499E-15 ) ) ;
#4179 = AXIS2_PLACEMENT_3D ( 'NONE', #5, #3300, #4501 ) ;
#4180 = EDGE_CURVE ( 'NONE', #2153, #121, #5040, .T. ) ;
#4181 = CARTESIAN_POINT ( 'NONE',  ( -26.90000000000000568, 45.50000000000001421, 30.00000000000017408 ) ) ;
#4182 = ORIENTED_EDGE ( 'NONE', *, *, #2005, .F. ) ;
#4183 = LINE ( 'NONE', #3326, #1125 ) ;
#4184 = DIRECTION ( 'NONE',  ( -0.8660254037844427044, 0.000000000000000000, 0.4999999999999929501 ) ) ;
#4185 = CARTESIAN_POINT ( 'NONE',  ( -42.40000000000000568, 46.00000000000002842, 25.60000000000017550 ) ) ;
#4186 = EDGE_LOOP ( 'NONE', ( #2282, #4995, #1666, #4344 ) ) ;
#4187 = EDGE_LOOP ( 'NONE', ( #2671, #2455, #2381, #986 ) ) ;
#4188 = EDGE_CURVE ( 'NONE', #1312, #2674, #2214, .T. ) ;
#4189 = DIRECTION ( 'NONE',  ( 0.000000000000000000, -1.000000000000000000, -3.097720492815725095E-15 ) ) ;
#4190 = ORIENTED_EDGE ( 'NONE', *, *, #3945, .F. ) ;
#4191 = PERSON_AND_ORGANIZATION_ROLE ( 'design_supplier' ) ;
#4192 = VECTOR ( 'NONE', #1414, 1000.000000000000000 ) ;
#4193 = CARTESIAN_POINT ( 'NONE',  ( -26.92701278571807322, 35.20000000000023022, 25.60000000000013642 ) ) ;
#4194 = VECTOR ( 'NONE', #1493, 1000.000000000000000 ) ;
#4195 = VECTOR ( 'NONE', #4673, 1000.000000000000000 ) ;
#4196 = CARTESIAN_POINT ( 'NONE',  ( 13.50000000000027178, 5.400000000000000355, -21.68268590217968494 ) ) ;
#4197 = CARTESIAN_POINT ( 'NONE',  ( -57.90000000000000568, 43.70000000000004547, 22.00000000000016698 ) ) ;
#4198 = VECTOR ( 'NONE', #3993, 1000.000000000000114 ) ;
#4199 = VECTOR ( 'NONE', #3332, 1000.000000000000000 ) ;
#4200 = CARTESIAN_POINT ( 'NONE',  ( -15.50000000000000355, 0.000000000000000000, 15.50000000000000178 ) ) ;
#4201 = EDGE_CURVE ( 'NONE', #2146, #2323, #2605, .T. ) ;
#4202 = ORIENTED_EDGE ( 'NONE', *, *, #100, .T. ) ;
#4203 = ORIENTED_EDGE ( 'NONE', *, *, #3390, .F. ) ;
#4204 = CARTESIAN_POINT ( 'NONE',  ( -26.92701278571814427, 40.80000000000021032, 22.00000000000015987 ) ) ;
#4205 = VECTOR ( 'NONE', #2242, 1000.000000000000000 ) ;
#4206 = LINE ( 'NONE', #293, #3547 ) ;
#4207 = AXIS2_PLACEMENT_3D ( 'NONE', #3188, #2796, #2060 ) ;
#4208 = CARTESIAN_POINT ( 'NONE',  ( 13.49999999999994671, 5.400000000000000355, 23.38268590217987608 ) ) ;
#4209 = ORIENTED_EDGE ( 'NONE', *, *, #1226, .T. ) ;
#4210 = LINE ( 'NONE', #2981, #2283 ) ;
#4211 = LINE ( 'NONE', #1782, #2855 ) ;
#4212 = CARTESIAN_POINT ( 'NONE',  ( -29.80000000000000071, 5.400000000000000355, 1.616580753730949116 ) ) ;
#4213 = EDGE_LOOP ( 'NONE', ( #1757, #1388, #1847, #4062 ) ) ;
#4214 = CIRCLE ( 'NONE', #5058, 1.700000000000000178 ) ;
#4215 = VECTOR ( 'NONE', #2900, 1000.000000000000114 ) ;
#4216 = DIRECTION ( 'NONE',  ( -1.000000000000000000, 0.000000000000000000, 0.000000000000000000 ) ) ;
#4217 = ORIENTED_EDGE ( 'NONE', *, *, #4538, .F. ) ;
#4218 = EDGE_CURVE ( 'NONE', #5023, #1194, #1696, .T. ) ;
#4219 = CARTESIAN_POINT ( 'NONE',  ( 15.49999999999999645, 0.000000000000000000, 15.50000000000000178 ) ) ;
#4220 = CARTESIAN_POINT ( 'NONE',  ( -42.40000000000000568, 44.30000000000001137, 30.00000000000041922 ) ) ;
#4221 = ORIENTED_EDGE ( 'NONE', *, *, #3847, .T. ) ;
#4222 = DIRECTION ( 'NONE',  ( -0.000000000000000000, 3.345538132240890616E-15, -1.000000000000000000 ) ) ;
#4223 = COORDINATED_UNIVERSAL_TIME_OFFSET ( 8, 0, .AHEAD. ) ;
#4224 = CIRCLE ( 'NONE', #1149, 1.799999999999992495 ) ;
#4225 = LINE ( 'NONE', #3414, #809 ) ;
#4226 = CARTESIAN_POINT ( 'NONE',  ( -56.25640646055104099, 36.29999999999999005, 25.60000000000013998 ) ) ;
#4227 = CARTESIAN_POINT ( 'NONE',  ( -13.50000000000011013, 5.400000000000000355, 23.38268590217978726 ) ) ;
#4228 = CARTESIAN_POINT ( 'NONE',  ( -30.16017429317980358, 19.20000000000012719, 25.60000000000007958 ) ) ;
#4229 = DIRECTION ( 'NONE',  ( -0.8660254037844408170, 0.4999999999999961697, 1.710384352180486092E-15 ) ) ;
#4230 = EDGE_CURVE ( 'NONE', #650, #2235, #188, .T. ) ;
#4231 = CYLINDRICAL_SURFACE ( 'NONE', #4898, 1.799999999999989164 ) ;
#4232 = ORIENTED_EDGE ( 'NONE', *, *, #1905, .F. ) ;
#4233 = ORIENTED_EDGE ( 'NONE', *, *, #2756, .F. ) ;
#4234 = CARTESIAN_POINT ( 'NONE',  ( 10.44551884636073957, 10.57064667312368478, 12.79089565781014493 ) ) ;
#4235 = CARTESIAN_POINT ( 'NONE',  ( -15.50000000000000355, 0.000000000000000000, 15.50000000000000178 ) ) ;
#4236 = EDGE_CURVE ( 'NONE', #2841, #4885, #4895, .T. ) ;
#4237 = FACE_BOUND ( 'NONE', #2013, .T. ) ;
#4238 = EDGE_LOOP ( 'NONE', ( #1457, #4540, #1236, #1128 ) ) ;
#4239 = LINE ( 'NONE', #1492, #3787 ) ;
#4240 = DIRECTION ( 'NONE',  ( 0.4999999999999919509, 0.8660254037844432595, 3.004629197474266787E-15 ) ) ;
#4241 = DIRECTION ( 'NONE',  ( 0.8660254037844383745, 0.000000000000000000, 0.5000000000000003331 ) ) ;
#4242 = EDGE_LOOP ( 'NONE', ( #2318, #1474, #4143, #1995 ) ) ;
#4243 = ORIENTED_EDGE ( 'NONE', *, *, #2692, .T. ) ;
#4244 = ORIENTED_EDGE ( 'NONE', *, *, #1871, .F. ) ;
#4245 = DIRECTION ( 'NONE',  ( 0.4999999999999979461, 0.8660254037844397068, 0.000000000000000000 ) ) ;
#4246 = LINE ( 'NONE', #1499, #3865 ) ;
#4247 = ORIENTED_EDGE ( 'NONE', *, *, #4030, .T. ) ;
#4248 = DIRECTION ( 'NONE',  ( 0.000000000000000000, -1.000000000000000000, 0.000000000000000000 ) ) ;
#4249 = EDGE_CURVE ( 'NONE', #1576, #1167, #1774, .T. ) ;
#4250 = LINE ( 'NONE', #678, #1682 ) ;
#4251 = EDGE_CURVE ( 'NONE', #1556, #3640, #993, .T. ) ;
#4252 = CARTESIAN_POINT ( 'NONE',  ( -45.63316150746190658, 13.99999999999999289, 25.60000000000006537 ) ) ;
#4253 = CARTESIAN_POINT ( 'NONE',  ( -56.25640646055099126, 23.69999999999995666, 25.60000000000009734 ) ) ;
#4254 = FACE_OUTER_BOUND ( 'NONE', #314, .T. ) ;
#4255 = ORIENTED_EDGE ( 'NONE', *, *, #1972, .F. ) ;
#4256 = ORIENTED_EDGE ( 'NONE', *, *, #4861, .F. ) ;
#4257 = EDGE_LOOP ( 'NONE', ( #2864, #1472 ) ) ;
#4258 = EDGE_CURVE ( 'NONE', #3905, #355, #1361, .T. ) ;
#4259 = LINE ( 'NONE', #2057, #1863 ) ;
#4260 = LINE ( 'NONE', #4679, #2869 ) ;
#4261 = CARTESIAN_POINT ( 'NONE',  ( -13.50000000000009948, 60.00000000000002842, 20.14952439471788281 ) ) ;
#4262 = ORIENTED_EDGE ( 'NONE', *, *, #4670, .F. ) ;
#4263 = CONICAL_SURFACE ( 'NONE', #2003, 3.360000000000002096, 0.7853981633974492782 ) ;
#4264 = DIRECTION ( 'NONE',  ( -3.402186748401941492E-17, 3.361841101310300739E-15, -1.000000000000000000 ) ) ;
#4265 = EDGE_CURVE ( 'NONE', #345, #2479, #1131, .T. ) ;
#4266 = DIRECTION ( 'NONE',  ( 0.000000000000000000, 0.000000000000000000, -1.000000000000000000 ) ) ;
#4267 = CARTESIAN_POINT ( 'NONE',  ( -57.90000000000000568, 42.14000000000000057, 30.00000000000017053 ) ) ;
#4268 = ORIENTED_EDGE ( 'NONE', *, *, #1175, .T. ) ;
#4269 = CARTESIAN_POINT ( 'NONE',  ( 10.69999999999994778, 60.00000000000002842, 21.76610514844892208 ) ) ;
#4270 = VERTEX_POINT ( 'NONE', #5103 ) ;
#4271 = LOCAL_TIME ( 21, 20, 36.00000000000000000, #3724 ) ;
#4272 = ORIENTED_EDGE ( 'NONE', *, *, #3277, .F. ) ;
#4273 = EDGE_CURVE ( 'NONE', #1500, #3396, #1538, .T. ) ;
#4274 = CARTESIAN_POINT ( 'NONE',  ( -26.92701278571807322, 35.20000000000023022, 25.60000000000013642 ) ) ;
#4275 = DIRECTION ( 'NONE',  ( 2.146163712482199228E-16, 3.593355771666226926E-15, -1.000000000000000000 ) ) ;
#4276 = DIRECTION ( 'NONE',  ( 0.000000000000000000, -1.000000000000000000, 0.000000000000000000 ) ) ;
#4277 = ORIENTED_EDGE ( 'NONE', *, *, #1424, .F. ) ;
#4278 = CARTESIAN_POINT ( 'NONE',  ( -39.16683849253811189, 46.00000000000005684, 25.60000000000017550 ) ) ;
#4279 = DIRECTION ( 'NONE',  ( -0.000000000000000000, 3.593355771666182750E-15, -1.000000000000000000 ) ) ;
#4280 = FACE_BOUND ( 'NONE', #734, .T. ) ;
#4281 = DIRECTION ( 'NONE',  ( 0.000000000000000000, -0.7071067811865501263, 0.7071067811865450192 ) ) ;
#4282 = DIRECTION ( 'NONE',  ( -0.000000000000000000, 3.221629312528199387E-15, -1.000000000000000000 ) ) ;
#4283 = CIRCLE ( 'NONE', #698, 12.00000000000000178 ) ;
#4284 = ADVANCED_FACE ( 'NONE', ( #686 ), #5078, .T. ) ;
#4285 = CIRCLE ( 'NONE', #2022, 1.799999999999992495 ) ;
#4286 = LINE ( 'NONE', #4362, #1386 ) ;
#4287 = VECTOR ( 'NONE', #3205, 1000.000000000000000 ) ;
#4288 = VERTEX_POINT ( 'NONE', #4320 ) ;
#4289 = ORIENTED_EDGE ( 'NONE', *, *, #3058, .F. ) ;
#4290 = ORIENTED_EDGE ( 'NONE', *, *, #990, .T. ) ;
#4291 = DIRECTION ( 'NONE',  ( -0.000000000000000000, 1.000000000000000000, -0.000000000000000000 ) ) ;
#4292 = DIRECTION ( 'NONE',  ( -0.000000000000000000, 3.345538132240845257E-15, -1.000000000000000000 ) ) ;
#4293 = VECTOR ( 'NONE', #4480, 1000.000000000000114 ) ;
#4294 = PLANE ( 'NONE',  #933 ) ;
#4295 = VERTEX_POINT ( 'NONE', #716 ) ;
#4296 = VECTOR ( 'NONE', #2612, 1000.000000000000000 ) ;
#4297 = CYLINDRICAL_SURFACE ( 'NONE', #1450, 29.99999999999998934 ) ;
#4298 = DIRECTION ( 'NONE',  ( 0.000000000000000000, -1.000000000000000000, -3.854941057726261566E-15 ) ) ;
#4299 = FACE_OUTER_BOUND ( 'NONE', #5102, .T. ) ;
#4300 = DIRECTION ( 'NONE',  ( -7.617846651086544702E-17, 3.552713678800500929E-15, -1.000000000000000000 ) ) ;
#4301 = VERTEX_POINT ( 'NONE', #2719 ) ;
#4302 = ORIENTED_EDGE ( 'NONE', *, *, #4709, .T. ) ;
#4303 = CIRCLE ( 'NONE', #3461, 3.360000000000000320 ) ;
#4304 = VERTEX_POINT ( 'NONE', #3863 ) ;
#4305 = FACE_OUTER_BOUND ( 'NONE', #1812, .T. ) ;
#4306 = VECTOR ( 'NONE', #4436, 1000.000000000000000 ) ;
#4307 = CIRCLE ( 'NONE', #4472, 29.99999999999998934 ) ;
#4308 = AXIS2_PLACEMENT_3D ( 'NONE', #2309, #5007, #4245 ) ;
#4309 = ORIENTED_EDGE ( 'NONE', *, *, #165, .T. ) ;
#4310 = EDGE_CURVE ( 'NONE', #4812, #4952, #1206, .T. ) ;
#4311 = VECTOR ( 'NONE', #1265, 1000.000000000000000 ) ;
#4312 = LINE ( 'NONE', #1557, #3628 ) ;
#4313 = PLANE ( 'NONE',  #619 ) ;
#4314 = DIRECTION ( 'NONE',  ( 0.8660254037844390407, 0.000000000000000000, -0.4999999999999992228 ) ) ;
#4315 = VECTOR ( 'NONE', #626, 1000.000000000000000 ) ;
#4316 = VERTEX_POINT ( 'NONE', #2639 ) ;
#4317 = EDGE_CURVE ( 'NONE', #3187, #2347, #1104, .T. ) ;
#4318 = VERTEX_POINT ( 'NONE', #659 ) ;
#4319 = VERTEX_POINT ( 'NONE', #5019 ) ;
#4320 = CARTESIAN_POINT ( 'NONE',  ( -13.50000000000012967, 5.400000000000000355, 26.61584740964168816 ) ) ;
#4321 = PLANE ( 'NONE',  #4140 ) ;
#4322 = FACE_OUTER_BOUND ( 'NONE', #3033, .T. ) ;
#4323 = EDGE_CURVE ( 'NONE', #3861, #650, #4737, .T. ) ;
#4324 = PLANE ( 'NONE',  #272 ) ;
#4325 = EDGE_CURVE ( 'NONE', #2732, #1319, #3101, .T. ) ;
#4326 = ORIENTED_EDGE ( 'NONE', *, *, #5075, .F. ) ;
#4327 = CARTESIAN_POINT ( 'NONE',  ( 29.95641278034915089, 8.000000000000000000, 1.616580753730952003 ) ) ;
#4328 = CARTESIAN_POINT ( 'NONE',  ( -31.77675504691096364, 38.00000000000015632, 25.60000000000014708 ) ) ;
#4329 = PLANE ( 'NONE',  #2128 ) ;
#4330 = ORIENTED_EDGE ( 'NONE', *, *, #2007, .F. ) ;
#4331 = DIRECTION ( 'NONE',  ( 0.6103818063152128826, -0.7921073478508945387, -2.948570141335367649E-15 ) ) ;
#4332 = VERTEX_POINT ( 'NONE', #5128 ) ;
#4333 = VERTEX_POINT ( 'NONE', #2320 ) ;
#4334 = CARTESIAN_POINT ( 'NONE',  ( 29.80000000000000071, 2.022992871964639061, -1.616580753730949116 ) ) ;
#4335 = ADVANCED_FACE ( 'NONE', ( #3920 ), #3077, .T. ) ;
#4336 = ORIENTED_EDGE ( 'NONE', *, *, #486, .T. ) ;
#4337 = CARTESIAN_POINT ( 'NONE',  ( -57.87298721428201986, 40.80000000000001137, 22.00000000000015987 ) ) ;
#4338 = DIRECTION ( 'NONE',  ( -0.4999999999999919509, -0.8660254037844432595, -3.004629197474266787E-15 ) ) ;
#4339 = EDGE_CURVE ( 'NONE', #4952, #825, #1908, .T. ) ;
#4340 = DIRECTION ( 'NONE',  ( -0.5000000000000039968, 0.8660254037844363761, 3.004629197474243121E-15 ) ) ;
#4341 = DIRECTION ( 'NONE',  ( 0.000000000000000000, 1.000000000000000000, 4.081702296416015997E-15 ) ) ;
#4342 = ORIENTED_EDGE ( 'NONE', *, *, #4251, .F. ) ;
#4343 = ORIENTED_EDGE ( 'NONE', *, *, #3024, .F. ) ;
#4344 = ORIENTED_EDGE ( 'NONE', *, *, #4249, .F. ) ;
#4345 = CARTESIAN_POINT ( 'NONE',  ( -53.02324495308910457, 21.99999999999997868, 22.00000000000009237 ) ) ;
#4346 = LINE ( 'NONE', #3506, #4867 ) ;
#4347 = ORIENTED_EDGE ( 'NONE', *, *, #1817, .T. ) ;
#4348 = CARTESIAN_POINT ( 'NONE',  ( 0.000000000000000000, 8.000000000000000000, 0.000000000000000000 ) ) ;
#4349 = CARTESIAN_POINT ( 'NONE',  ( -13.50000000000011013, 5.400000000000000355, 21.68268590217978797 ) ) ;
#4350 = DIRECTION ( 'NONE',  ( -0.000000000000000000, -1.000000000000000000, -0.000000000000000000 ) ) ;
#4351 = VERTEX_POINT ( 'NONE', #346 ) ;
#4352 = VERTEX_POINT ( 'NONE', #4678 ) ;
#4353 = DIRECTION ( 'NONE',  ( 0.4999999999999985567, 0.8660254037844394848, 3.219245568722475271E-15 ) ) ;
#4354 = EDGE_CURVE ( 'NONE', #3254, #4812, #1932, .T. ) ;
#4355 = ORIENTED_EDGE ( 'NONE', *, *, #4832, .F. ) ;
#4356 = FACE_OUTER_BOUND ( 'NONE', #1906, .T. ) ;
#4357 = ORIENTED_EDGE ( 'NONE', *, *, #1655, .T. ) ;
#4358 = CARTESIAN_POINT ( 'NONE',  ( -57.90000000000000568, 48.86000000000000654, 30.00000000000018829 ) ) ;
#4359 = ORGANIZATION ( 'UNSPECIFIED', 'UNSPECIFIED', '' ) ;
#4360 = DIRECTION ( 'NONE',  ( 0.000000000000000000, 1.000000000000000000, 0.000000000000000000 ) ) ;
#4361 = EDGE_CURVE ( 'NONE', #4332, #4075, #2690, .T. ) ;
#4362 = CARTESIAN_POINT ( 'NONE',  ( 16.29999999999994031, 60.00000000000002842, 24.99926665591083363 ) ) ;
#4363 = VERTEX_POINT ( 'NONE', #3835 ) ;
#4364 = ORIENTED_EDGE ( 'NONE', *, *, #3847, .F. ) ;
#4365 = ORIENTED_EDGE ( 'NONE', *, *, #1316, .T. ) ;
#4366 = CARTESIAN_POINT ( 'NONE',  ( -26.92701278571814427, 40.80000000000019611, 25.60000000000015774 ) ) ;
#4367 = AXIS2_PLACEMENT_3D ( 'NONE', #4976, #2511, #2220 ) ;
#4368 = AXIS2_PLACEMENT_3D ( 'NONE', #908, #2099, #3750 ) ;
#4369 = EDGE_CURVE ( 'NONE', #1142, #10, #4625, .T. ) ;
#4370 = ADVANCED_BREP_SHAPE_REPRESENTATION ( 'LPlate', ( #522, #2344 ), #4435 ) ;
#4371 = DIRECTION ( 'NONE',  ( -0.000000000000000000, 1.000000000000000000, -0.000000000000000000 ) ) ;
#4372 = ORIENTED_EDGE ( 'NONE', *, *, #4971, .T. ) ;
#4373 = CARTESIAN_POINT ( 'NONE',  ( -57.87298721428194881, 19.19999999999994245, 25.60000000000008313 ) ) ;
#4374 = CARTESIAN_POINT ( 'NONE',  ( -25.31043203198699132, 22.00000000000018119, 22.00000000000009237 ) ) ;
#4375 = DIRECTION ( 'NONE',  ( -0.000000000000000000, -1.000000000000000000, -0.000000000000000000 ) ) ;
#4376 = CONICAL_SURFACE ( 'NONE', #1947, 3.360000000000002096, 0.7853981633974482790 ) ;
#4377 = CIRCLE ( 'NONE', #5041, 3.360000000000002096 ) ;
#4378 = ORIENTED_EDGE ( 'NONE', *, *, #2593, .F. ) ;
#4379 = FACE_OUTER_BOUND ( 'NONE', #744, .T. ) ;
#4380 = VECTOR ( 'NONE', #3701, 1000.000000000000000 ) ;
#4381 = CIRCLE ( 'NONE', #627, 1.700000000000000178 ) ;
#4382 = ORIENTED_EDGE ( 'NONE', *, *, #2927, .T. ) ;
#4383 = CARTESIAN_POINT ( 'NONE',  ( 10.70000000000025331, 5.400000000000000355, -21.76610514844876931 ) ) ;
#4384 = DIRECTION ( 'NONE',  ( -0.000000000000000000, -3.552713678800500929E-15, 1.000000000000000000 ) ) ;
#4385 = ADVANCED_FACE ( 'NONE', ( #1849 ), #3811, .T. ) ;
#4386 = ORIENTED_EDGE ( 'NONE', *, *, #1048, .T. ) ;
#4387 = CIRCLE ( 'NONE', #1447, 1.799999999999990941 ) ;
#4388 = VECTOR ( 'NONE', #4718, 1000.000000000000000 ) ;
#4389 = EDGE_CURVE ( 'NONE', #190, #4795, #4654, .T. ) ;
#4390 = CYLINDRICAL_SURFACE ( 'NONE', #3017, 1.799999999999985612 ) ;
#4391 = CIRCLE ( 'NONE', #1876, 1.799999999999989164 ) ;
#4392 = CARTESIAN_POINT ( 'NONE',  ( -16.30000000000010374, 30.00000000000003553, 22.00000000000011724 ) ) ;
#4393 = VERTEX_POINT ( 'NONE', #2663 ) ;
#4394 = AXIS2_PLACEMENT_3D ( 'NONE', #3012, #253, #3468 ) ;
#4395 = VECTOR ( 'NONE', #2645, 1000.000000000000000 ) ;
#4396 = ORIENTED_EDGE ( 'NONE', *, *, #271, .F. ) ;
#4397 = DIRECTION ( 'NONE',  ( -0.8660254037844371533, 0.000000000000000000, -0.5000000000000026645 ) ) ;
#4398 = EDGE_CURVE ( 'NONE', #10, #4139, #4259, .T. ) ;
#4399 = CARTESIAN_POINT ( 'NONE',  ( -56.25640646055104099, 39.69999999999998153, 30.00000000000040501 ) ) ;
#4400 = VECTOR ( 'NONE', #2273, 1000.000000000000000 ) ;
#4401 = CARTESIAN_POINT ( 'NONE',  ( -26.92701278571797729, 24.80000000000016414, 25.60000000000010090 ) ) ;
#4402 = ORIENTED_EDGE ( 'NONE', *, *, #3610, .F. ) ;
#4403 = CARTESIAN_POINT ( 'NONE',  ( -54.63982570682013318, 40.80000000000000426, 25.60000000000015774 ) ) ;
#4404 = LINE ( 'NONE', #3189, #1197 ) ;
#4405 = DIRECTION ( 'NONE',  ( -7.617846651086544702E-17, 3.552713678800500929E-15, -1.000000000000000000 ) ) ;
#4406 = ADVANCED_FACE ( 'NONE', ( #1258 ), #860, .F. ) ;
#4407 = ORIENTED_EDGE ( 'NONE', *, *, #2191, .F. ) ;
#4408 = CARTESIAN_POINT ( 'NONE',  ( -28.54359353944891353, 22.00000000000015277, 25.60000000000009024 ) ) ;
#4409 = ORIENTED_EDGE ( 'NONE', *, *, #1981, .F. ) ;
#4410 = DIRECTION ( 'NONE',  ( -9.103828801926283631E-15, 0.000000000000000000, 1.000000000000000000 ) ) ;
#4411 = CARTESIAN_POINT ( 'NONE',  ( -42.40000000000000568, 46.00000000000002842, 25.60000000000017550 ) ) ;
#4412 = ORIENTED_EDGE ( 'NONE', *, *, #796, .T. ) ;
#4413 = DIRECTION ( 'NONE',  ( 0.000000000000000000, -1.000000000000000000, -3.854941057726268666E-15 ) ) ;
#4414 = EDGE_CURVE ( 'NONE', #1092, #3201, #4440, .T. ) ;
#4415 = ADVANCED_FACE ( 'NONE', ( #3654 ), #3943, .F. ) ;
#4416 = DIRECTION ( 'NONE',  ( -0.000000000000000000, -1.000000000000000000, -0.000000000000000000 ) ) ;
#4417 = ORIENTED_EDGE ( 'NONE', *, *, #3116, .T. ) ;
#4418 = ORIENTED_EDGE ( 'NONE', *, *, #181, .T. ) ;
#4419 = LINE ( 'NONE', #2030, #3955 ) ;
#4420 = CARTESIAN_POINT ( 'NONE',  ( 13.50000000000027178, 0.000000000000000000, -21.68268590217968494 ) ) ;
#4421 = ADVANCED_FACE ( 'NONE', ( #2816 ), #3695, .F. ) ;
#4422 = ORIENTED_EDGE ( 'NONE', *, *, #2809, .F. ) ;
#4423 = FACE_OUTER_BOUND ( 'NONE', #3063, .T. ) ;
#4424 = LINE ( 'NONE', #403, #3279 ) ;
#4425 = DIRECTION ( 'NONE',  ( -9.103828801926283631E-15, 0.000000000000000000, 1.000000000000000000 ) ) ;
#4426 = EDGE_CURVE ( 'NONE', #1157, #4393, #1983, .T. ) ;
#4427 = VERTEX_POINT ( 'NONE', #4015 ) ;
#4428 = CARTESIAN_POINT ( 'NONE',  ( -56.25640646055104099, 36.29999999999997584, 30.00000000000039080 ) ) ;
#4429 = CARTESIAN_POINT ( 'NONE',  ( -15.50000000000000000, 0.000000000000000000, -18.85999999999999943 ) ) ;
#4430 = DIRECTION ( 'NONE',  ( 0.000000000000000000, -1.000000000000000000, 0.000000000000000000 ) ) ;
#4431 = EDGE_LOOP ( 'NONE', ( #1519, #3825, #4243, #1619 ) ) ;
#4432 = EDGE_CURVE ( 'NONE', #1416, #5114, #3239, .T. ) ;
#4433 = CONICAL_SURFACE ( 'NONE', #597, 3.360000000000002096, 0.7853981633974504994 ) ;
#4434 = DIRECTION ( 'NONE',  ( 0.000000000000000000, -1.000000000000000000, -0.000000000000000000 ) ) ;
#4435 =( GEOMETRIC_REPRESENTATION_CONTEXT ( 3 ) GLOBAL_UNCERTAINTY_ASSIGNED_CONTEXT ( ( #3837 ) ) GLOBAL_UNIT_ASSIGNED_CONTEXT ( ( #3091, #2989, #5094 ) ) REPRESENTATION_CONTEXT ( 'NONE', 'WORKASPACE' ) );
#4436 = DIRECTION ( 'NONE',  ( -0.4999999999999997224, 0.8660254037844388186, 2.790012826226006237E-15 ) ) ;
#4437 = VERTEX_POINT ( 'NONE', #4860 ) ;
#4438 = EDGE_LOOP ( 'NONE', ( #4517, #2908, #3991, #979 ) ) ;
#4439 = EDGE_LOOP ( 'NONE', ( #338, #538, #225, #3876, #4040, #3352 ) ) ;
#4440 = LINE ( 'NONE', #2343, #3780 ) ;
#4441 = EDGE_CURVE ( 'NONE', #4717, #3329, #4043, .T. ) ;
#4442 = CARTESIAN_POINT ( 'NONE',  ( -24.19999999999999929, 60.00000000000002842, 1.616580753730953779 ) ) ;
#4443 = EDGE_CURVE ( 'NONE', #1766, #4457, #2702, .T. ) ;
#4444 = CARTESIAN_POINT ( 'NONE',  ( 12.42640687119288856, 0.000000000000000000, 30.00000000000000000 ) ) ;
#4445 = VERTEX_POINT ( 'NONE', #2866 ) ;
#4446 = CARTESIAN_POINT ( 'NONE',  ( 1.469576158976824144E-15, 8.000000000000000000, -12.00000000000000178 ) ) ;
#4447 = CARTESIAN_POINT ( 'NONE',  ( 13.50000000000031442, 5.400000000000000355, -26.61584740964158868 ) ) ;
#4448 = DIRECTION ( 'NONE',  ( -0.4999999999999979461, 0.000000000000000000, 0.8660254037844397068 ) ) ;
#4449 = DIRECTION ( 'NONE',  ( 0.000000000000000000, 1.000000000000000000, 0.000000000000000000 ) ) ;
#4450 = DIRECTION ( 'NONE',  ( -7.617846651086544702E-17, 3.552713678800500929E-15, -1.000000000000000000 ) ) ;
#4451 = AXIS2_PLACEMENT_3D ( 'NONE', #1339, #3345, #1017 ) ;
#4452 = EDGE_LOOP ( 'NONE', ( #2688, #1399, #2341, #658 ) ) ;
#4453 = VECTOR ( 'NONE', #4990, 1000.000000000000000 ) ;
#4454 = CARTESIAN_POINT ( 'NONE',  ( -26.92701278571797729, 24.80000000000016414, 25.60000000000010090 ) ) ;
#4455 = CARTESIAN_POINT ( 'NONE',  ( -57.89999999999999858, 17.86000000000000654, 30.00000000000007461 ) ) ;
#4456 = FACE_OUTER_BOUND ( 'NONE', #3006, .T. ) ;
#4457 = VERTEX_POINT ( 'NONE', #3579 ) ;
#4458 = EDGE_CURVE ( 'NONE', #1194, #3767, #1669, .T. ) ;
#4459 = VERTEX_POINT ( 'NONE', #3263 ) ;
#4460 = AXIS2_PLACEMENT_3D ( 'NONE', #2763, #1646, #2452 ) ;
#4461 = AXIS2_PLACEMENT_3D ( 'NONE', #1976, #3574, #3177 ) ;
#4462 = VECTOR ( 'NONE', #191, 999.9999999999998863 ) ;
#4463 = CARTESIAN_POINT ( 'NONE',  ( -16.37820639017468949, 8.000000000000000000, -25.13472409716964506 ) ) ;
#4464 = EDGE_CURVE ( 'NONE', #2260, #647, #32, .T. ) ;
#4465 = CIRCLE ( 'NONE', #4720, 1.700000000000000178 ) ;
#4466 = CARTESIAN_POINT ( 'NONE',  ( -39.16683849253810479, 14.00000000000001421, 25.60000000000006537 ) ) ;
#4467 = LINE ( 'NONE', #3596, #1469 ) ;
#4468 = VERTEX_POINT ( 'NONE', #1957 ) ;
#4469 = EDGE_LOOP ( 'NONE', ( #2603, #4652, #1835, #2152 ) ) ;
#4470 = CARTESIAN_POINT ( 'NONE',  ( -29.80000000000000071, 60.00000000000002842, 1.616580753730949116 ) ) ;
#4471 = CARTESIAN_POINT ( 'NONE',  ( -16.30000000000010374, 5.400000000000000355, 21.76610514844881550 ) ) ;
#4472 = AXIS2_PLACEMENT_3D ( 'NONE', #2817, #840, #3996 ) ;
#4473 = CIRCLE ( 'NONE', #4968, 1.700000000000000178 ) ;
#4474 = CIRCLE ( 'NONE', #2206, 1.700000000000000178 ) ;
#4475 = AXIS2_PLACEMENT_3D ( 'NONE', #2221, #4791, #3950 ) ;
#4476 = VERTEX_POINT ( 'NONE', #1282 ) ;
#4477 = LINE ( 'NONE', #842, #210 ) ;
#4478 = DIRECTION ( 'NONE',  ( -0.000000000000000000, -1.000000000000000000, -0.000000000000000000 ) ) ;
#4479 = DIRECTION ( 'NONE',  ( -0.8660254037844398178, 0.000000000000000000, -0.4999999999999980016 ) ) ;
#4480 = DIRECTION ( 'NONE',  ( -0.8660254037844387076, 0.000000000000000000, -0.4999999999999998335 ) ) ;
#4481 = EDGE_CURVE ( 'NONE', #1643, #5125, #3558, .T. ) ;
#4482 = AXIS2_PLACEMENT_3D ( 'NONE', #2156, #2234, #3831 ) ;
#4483 = CARTESIAN_POINT ( 'NONE',  ( 16.29999999999997939, 8.000000000000000000, 2.044919789057073156E-13 ) ) ;
#4484 = EDGE_LOOP ( 'NONE', ( #2148, #2638, #1968, #2097 ) ) ;
#4485 = DIRECTION ( 'NONE',  ( -1.000000000000000000, 0.000000000000000000, -9.103828801926283631E-15 ) ) ;
#4486 = CARTESIAN_POINT ( 'NONE',  ( 0.000000000000000000, 8.000000000000000000, 0.000000000000000000 ) ) ;
#4487 = LINE ( 'NONE', #1706, #3039 ) ;
#4488 = ORIENTED_EDGE ( 'NONE', *, *, #4489, .F. ) ;
#4489 = EDGE_CURVE ( 'NONE', #377, #1445, #5158, .T. ) ;
#4490 = CARTESIAN_POINT ( 'NONE',  ( -16.30000000000010374, 5.400000000000000355, 21.76610514844881550 ) ) ;
#4491 = DIRECTION ( 'NONE',  ( -0.000000000000000000, 1.000000000000000000, -0.000000000000000000 ) ) ;
#4492 = DIRECTION ( 'NONE',  ( -0.000000000000000000, 3.345538132240845257E-15, -1.000000000000000000 ) ) ;
#4493 = ORIENTED_EDGE ( 'NONE', *, *, #2478, .T. ) ;
#4494 = EDGE_CURVE ( 'NONE', #3909, #525, #3158, .T. ) ;
#4495 = ORIENTED_EDGE ( 'NONE', *, *, #1886, .T. ) ;
#4496 = ORIENTED_EDGE ( 'NONE', *, *, #677, .F. ) ;
#4497 = CARTESIAN_POINT ( 'NONE',  ( -24.20000000000000284, 60.00000000000002842, -1.616580753730955555 ) ) ;
#4498 = ORIENTED_EDGE ( 'NONE', *, *, #4829, .F. ) ;
#4499 = ORIENTED_EDGE ( 'NONE', *, *, #2556, .T. ) ;
#4500 = CARTESIAN_POINT ( 'NONE',  ( 10.70000000000025331, 8.000000000000000000, -21.76610514844876931 ) ) ;
#4501 = DIRECTION ( 'NONE',  ( -0.8660254037844427044, 0.000000000000000000, 0.4999999999999929501 ) ) ;
#4502 = EDGE_LOOP ( 'NONE', ( #1772, #419, #3570, #2410 ) ) ;
#4503 = DIRECTION ( 'NONE',  ( 8.659560562354941486E-17, 0.7071067811865456854, 0.7071067811865493491 ) ) ;
#4504 = CARTESIAN_POINT ( 'NONE',  ( -13.50000000000011013, 0.000000000000000000, 25.08268590217978300 ) ) ;
#4505 = DIRECTION ( 'NONE',  ( -0.000000000000000000, 3.345538132240890616E-15, -1.000000000000000000 ) ) ;
#4506 = ORIENTED_EDGE ( 'NONE', *, *, #1591, .T. ) ;
#4507 = CARTESIAN_POINT ( 'NONE',  ( 13.50000000000027178, 5.400000000000000355, -21.68268590217968494 ) ) ;
#4508 = EDGE_LOOP ( 'NONE', ( #4518, #3959, #3602, #104 ) ) ;
#4509 = DIRECTION ( 'NONE',  ( 0.000000000000000000, -1.000000000000000000, 0.000000000000000000 ) ) ;
#4510 = PLANE ( 'NONE',  #1634 ) ;
#4511 = CARTESIAN_POINT ( 'NONE',  ( -44.01658075373095613, 11.20000000000000284, 25.60000000000005471 ) ) ;
#4512 = AXIS2_PLACEMENT_3D ( 'NONE', #1318, #3271, #2086 ) ;
#4513 = ORIENTED_EDGE ( 'NONE', *, *, #1516, .T. ) ;
#4514 = DIRECTION ( 'NONE',  ( -0.000000000000000000, -1.000000000000000000, -0.000000000000000000 ) ) ;
#4515 = CARTESIAN_POINT ( 'NONE',  ( -56.25640646055104099, 36.29999999999999005, 25.60000000000013998 ) ) ;
#4516 = ADVANCED_FACE ( 'NONE', ( #3184 ), #817, .T. ) ;
#4517 = ORIENTED_EDGE ( 'NONE', *, *, #3699, .T. ) ;
#4518 = ORIENTED_EDGE ( 'NONE', *, *, #165, .F. ) ;
#4519 = CARTESIAN_POINT ( 'NONE',  ( -57.87298721428198434, 24.79999999999993676, 25.60000000000010090 ) ) ;
#4520 = EDGE_CURVE ( 'NONE', #4437, #3623, #4419, .T. ) ;
#4521 = LINE ( 'NONE', #4483, #5108 ) ;
#4522 = ORIENTED_EDGE ( 'NONE', *, *, #1419, .F. ) ;
#4523 = DIRECTION ( 'NONE',  ( 0.4999999999999997224, -0.8660254037844388186, -2.790012826226006237E-15 ) ) ;
#4524 = FACE_OUTER_BOUND ( 'NONE', #304, .T. ) ;
#4525 = DIRECTION ( 'NONE',  ( 7.617846651086544702E-17, 3.386180225106570071E-15, -1.000000000000000000 ) ) ;
#4526 = ORIENTED_EDGE ( 'NONE', *, *, #1260, .F. ) ;
#4527 = CARTESIAN_POINT ( 'NONE',  ( 13.49999999999994671, 5.400000000000000355, 25.08268590217987537 ) ) ;
#4528 = ORIENTED_EDGE ( 'NONE', *, *, #2634, .T. ) ;
#4529 = AXIS2_PLACEMENT_3D ( 'NONE', #3056, #772, #1855 ) ;
#4530 = AXIS2_PLACEMENT_3D ( 'NONE', #4470, #598, #4070 ) ;
#4531 = CARTESIAN_POINT ( 'NONE',  ( -42.40000000000000568, 30.00000000000003553, 22.00000000000012079 ) ) ;
#4532 = ORIENTED_EDGE ( 'NONE', *, *, #1395, .T. ) ;
#4533 = VECTOR ( 'NONE', #2154, 1000.000000000000000 ) ;
#4534 = AXIS2_PLACEMENT_3D ( 'NONE', #1067, #1443, #3037 ) ;
#4535 = LINE ( 'NONE', #490, #2771 ) ;
#4536 = APPROVAL ( #1328, 'UNSPECIFIED' ) ;
#4537 = DIRECTION ( 'NONE',  ( -0.000000000000000000, -1.000000000000000000, -0.000000000000000000 ) ) ;
#4538 = EDGE_CURVE ( 'NONE', #1930, #1257, #64, .T. ) ;
#4539 = CARTESIAN_POINT ( 'NONE',  ( -44.01658075373096324, 43.20000000000004547, 25.60000000000016485 ) ) ;
#4540 = ORIENTED_EDGE ( 'NONE', *, *, #2237, .F. ) ;
#4541 = FACE_OUTER_BOUND ( 'NONE', #5101, .T. ) ;
#4542 = LINE ( 'NONE', #159, #2364 ) ;
#4543 = VECTOR ( 'NONE', #4817, 1000.000000000000000 ) ;
#4544 = DIRECTION ( 'NONE',  ( 1.000000000000000000, 0.000000000000000000, 9.714451465470122884E-15 ) ) ;
#4545 = VECTOR ( 'NONE', #4039, 1000.000000000000114 ) ;
#4546 = ORIENTED_EDGE ( 'NONE', *, *, #3592, .F. ) ;
#4547 = AXIS2_PLACEMENT_3D ( 'NONE', #4219, #2195, #1032 ) ;
#4548 = VERTEX_POINT ( 'NONE', #4515 ) ;
#4549 = ADVANCED_FACE ( 'NONE', ( #2176 ), #4912, .T. ) ;
#4550 = CARTESIAN_POINT ( 'NONE',  ( -13.49999999999981348, 8.000000000000000000, -20.14952439471806400 ) ) ;
#4551 = AXIS2_PLACEMENT_3D ( 'NONE', #3015, #2062, #4077 ) ;
#4552 = PLANE ( 'NONE',  #3518 ) ;
#4553 = ORIENTED_EDGE ( 'NONE', *, *, #2194, .T. ) ;
#4554 = DIRECTION ( 'NONE',  ( 0.8660254037844363761, 0.5000000000000039968, 1.651456749129815238E-15 ) ) ;
#4555 = ADVANCED_FACE ( 'NONE', ( #1722 ), #3288, .F. ) ;
#4556 = CARTESIAN_POINT ( 'NONE',  ( -26.92701278571797729, 24.80000000000018190, 22.00000000000009948 ) ) ;
#4557 = FACE_BOUND ( 'NONE', #856, .T. ) ;
#4558 = CIRCLE ( 'NONE', #62, 1.700000000000000178 ) ;
#4559 = VERTEX_POINT ( 'NONE', #4174 ) ;
#4560 = EDGE_LOOP ( 'NONE', ( #2104, #1880 ) ) ;
#4561 = AXIS2_PLACEMENT_3D ( 'NONE', #2681, #2255, #1841 ) ;
#4562 = DIRECTION ( 'NONE',  ( 7.617846651086544702E-17, 3.386180225106570071E-15, -1.000000000000000000 ) ) ;
#4563 = ORIENTED_EDGE ( 'NONE', *, *, #3370, .F. ) ;
#4564 = DATE_AND_TIME ( #983, #4271 ) ;
#4565 = DIRECTION ( 'NONE',  ( -7.617846651086544702E-17, 3.552713678800500929E-15, -1.000000000000000000 ) ) ;
#4566 = DIRECTION ( 'NONE',  ( 0.000000000000000000, 0.000000000000000000, 1.000000000000000000 ) ) ;
#4567 = FACE_OUTER_BOUND ( 'NONE', #4984, .T. ) ;
#4568 = VERTEX_POINT ( 'NONE', #2502 ) ;
#4569 = CARTESIAN_POINT ( 'NONE',  ( 13.50000000000023981, 8.000000000000000000, -20.14952439471778334 ) ) ;
#4570 = DIRECTION ( 'NONE',  ( -0.000000000000000000, 3.593355771666226926E-15, -1.000000000000000000 ) ) ;
#4571 = CARTESIAN_POINT ( 'NONE',  ( -15.50000000000000000, 0.000000000000000000, -15.49999999999999822 ) ) ;
#4572 = EDGE_CURVE ( 'NONE', #1967, #695, #1311, .T. ) ;
#4573 = VERTEX_POINT ( 'NONE', #4962 ) ;
#4574 = ORIENTED_EDGE ( 'NONE', *, *, #1103, .T. ) ;
#4575 = CARTESIAN_POINT ( 'NONE',  ( -56.25640646055104099, 39.69999999999999574, 25.60000000000015419 ) ) ;
#4576 = EDGE_CURVE ( 'NONE', #3465, #2451, #2609, .T. ) ;
#4577 = FACE_OUTER_BOUND ( 'NONE', #2610, .T. ) ;
#4578 = FACE_OUTER_BOUND ( 'NONE', #3646, .T. ) ;
#4579 = PLANE ( 'NONE',  #4367 ) ;
#4580 = DIRECTION ( 'NONE',  ( -0.000000000000000000, 3.717264591378872007E-15, -1.000000000000000000 ) ) ;
#4581 = ORIENTED_EDGE ( 'NONE', *, *, #3162, .T. ) ;
#4582 = ORIENTED_EDGE ( 'NONE', *, *, #334, .F. ) ;
#4583 = EDGE_CURVE ( 'NONE', #2347, #5157, #2526, .T. ) ;
#4584 = CARTESIAN_POINT ( 'NONE',  ( -13.50000000000011013, 5.400000000000000355, 23.38268590217978726 ) ) ;
#4585 = ORIENTED_EDGE ( 'NONE', *, *, #2386, .T. ) ;
#4586 = DIRECTION ( 'NONE',  ( -7.617846651086544702E-17, 3.552713678800500929E-15, -1.000000000000000000 ) ) ;
#4587 = PERSON_AND_ORGANIZATION_ROLE ( 'creator' ) ;
#4588 = ADVANCED_FACE ( 'NONE', ( #1405 ), #1385, .F. ) ;
#4589 = LINE ( 'NONE', #5070, #3128 ) ;
#4590 = CARTESIAN_POINT ( 'NONE',  ( -39.16683849253810479, 14.00000000000002665, 22.00000000000006040 ) ) ;
#4591 = DIRECTION ( 'NONE',  ( 0.8660254037844361541, 0.000000000000000000, -0.5000000000000045519 ) ) ;
#4592 = FACE_OUTER_BOUND ( 'NONE', #1602, .T. ) ;
#4593 = CIRCLE ( 'NONE', #2757, 1.799999999999989164 ) ;
#4594 = DIRECTION ( 'NONE',  ( -2.146163712482203172E-16, 3.345538132240846046E-15, -1.000000000000000000 ) ) ;
#4595 = EDGE_CURVE ( 'NONE', #3809, #4316, #2100, .T. ) ;
#4596 = EDGE_CURVE ( 'NONE', #3538, #3652, #1334, .T. ) ;
#4597 = ORIENTED_EDGE ( 'NONE', *, *, #2216, .T. ) ;
#4598 = ORIENTED_EDGE ( 'NONE', *, *, #5086, .F. ) ;
#4599 = CARTESIAN_POINT ( 'NONE',  ( 13.50000000000031442, 5.400000000000000355, -26.61584740964158868 ) ) ;
#4600 = DIRECTION ( 'NONE',  ( -0.000000000000000000, -1.000000000000000000, -0.000000000000000000 ) ) ;
#4601 = APPROVAL_PERSON_ORGANIZATION ( #623, #452, #4144 ) ;
#4602 = CARTESIAN_POINT ( 'NONE',  ( -28.54359353944907696, 39.70000000000018758, 25.60000000000015419 ) ) ;
#4603 = ORIENTED_EDGE ( 'NONE', *, *, #932, .F. ) ;
#4604 = LINE ( 'NONE', #2951, #378 ) ;
#4605 = CARTESIAN_POINT ( 'NONE',  ( -59.48956796801297031, 37.99999999999999289, 25.60000000000014708 ) ) ;
#4606 = CARTESIAN_POINT ( 'NONE',  ( -57.89999999999999858, 17.86000000000000654, 30.00000000000007461 ) ) ;
#4607 = ORIENTED_EDGE ( 'NONE', *, *, #2359, .T. ) ;
#4608 = FACE_OUTER_BOUND ( 'NONE', #4768, .T. ) ;
#4609 = ORIENTED_EDGE ( 'NONE', *, *, #4645, .F. ) ;
#4610 = CARTESIAN_POINT ( 'NONE',  ( -10.70000000000010054, 60.00000000000002842, 21.76610514844884392 ) ) ;
#4611 = ADVANCED_FACE ( 'NONE', ( #2993 ), #1768, .F. ) ;
#4612 = ORIENTED_EDGE ( 'NONE', *, *, #3515, .T. ) ;
#4613 = DATE_AND_TIME ( #2171, #3007 ) ;
#4614 = AXIS2_PLACEMENT_3D ( 'NONE', #169, #2113, #2163 ) ;
#4615 = CARTESIAN_POINT ( 'NONE',  ( -57.87298721428201276, 35.20000000000000995, 22.00000000000013856 ) ) ;
#4616 = VECTOR ( 'NONE', #4240, 1000.000000000000114 ) ;
#4617 = DIRECTION ( 'NONE',  ( -0.000000000000000000, 1.000000000000000000, -0.000000000000000000 ) ) ;
#4618 = DIRECTION ( 'NONE',  ( 0.000000000000000000, 1.000000000000000000, 4.081702296416015997E-15 ) ) ;
#4619 = EDGE_CURVE ( 'NONE', #3583, #1257, #40, .T. ) ;
#4620 = CARTESIAN_POINT ( 'NONE',  ( -10.69999999999979678, 8.000000000000000000, -21.76610514844899313 ) ) ;
#4621 = VECTOR ( 'NONE', #3973, 1000.000000000000000 ) ;
#4622 = VECTOR ( 'NONE', #4434, 1000.000000000000000 ) ;
#4623 = ORIENTED_EDGE ( 'NONE', *, *, #4092, .F. ) ;
#4624 = VERTEX_POINT ( 'NONE', #209 ) ;
#4625 = LINE ( 'NONE', #768, #3202 ) ;
#4626 = AXIS2_PLACEMENT_3D ( 'NONE', #2208, #2804, #1219 ) ;
#4627 = VECTOR ( 'NONE', #4264, 1000.000000000000000 ) ;
#4628 = DIRECTION ( 'NONE',  ( 0.000000000000000000, 0.000000000000000000, 1.000000000000000000 ) ) ;
#4629 = VECTOR ( 'NONE', #1086, 1000.000000000000000 ) ;
#4630 = DIRECTION ( 'NONE',  ( -0.000000000000000000, -3.552713678800500929E-15, 1.000000000000000000 ) ) ;
#4631 = ORIENTED_EDGE ( 'NONE', *, *, #1996, .T. ) ;
#4632 = DIRECTION ( 'NONE',  ( 0.000000000000000000, 0.000000000000000000, 1.000000000000000000 ) ) ;
#4633 = PLANE ( 'NONE',  #2544 ) ;
#4634 = EDGE_CURVE ( 'NONE', #2105, #4756, #931, .T. ) ;
#4635 = EDGE_LOOP ( 'NONE', ( #1506, #3655, #2430, #4781 ) ) ;
#4636 = AXIS2_PLACEMENT_3D ( 'NONE', #882, #467, #2475 ) ;
#4637 = CIRCLE ( 'NONE', #2119, 29.99999999999998934 ) ;
#4638 = ORIENTED_EDGE ( 'NONE', *, *, #853, .T. ) ;
#4639 = CIRCLE ( 'NONE', #3798, 1.700000000000000178 ) ;
#4640 = CARTESIAN_POINT ( 'NONE',  ( -26.89999999999999858, 14.50000000000000888, 30.00000000000006040 ) ) ;
#4641 = PLANE ( 'NONE',  #622 ) ;
#4642 = ORIENTED_EDGE ( 'NONE', *, *, #958, .T. ) ;
#4643 = VECTOR ( 'NONE', #4701, 999.9999999999998863 ) ;
#4644 = CARTESIAN_POINT ( 'NONE',  ( -39.16683849253810479, 14.00000000000001421, 25.60000000000006537 ) ) ;
#4645 = EDGE_CURVE ( 'NONE', #1491, #1150, #4542, .T. ) ;
#4646 = FACE_BOUND ( 'NONE', #3919, .T. ) ;
#4647 = CARTESIAN_POINT ( 'NONE',  ( -57.90000000000000568, 42.14000000000000057, 30.00000000000017053 ) ) ;
#4648 = DIRECTION ( 'NONE',  ( 0.8660254037844388186, 0.4999999999999996669, 1.759062599773035800E-15 ) ) ;
#4649 = ADVANCED_FACE ( 'NONE', ( #4149 ), #540, .F. ) ;
#4650 = CARTESIAN_POINT ( 'NONE',  ( -13.49999999999978328, 5.400000000000000355, -23.38268590217996490 ) ) ;
#4651 = EDGE_LOOP ( 'NONE', ( #5077, #907, #371, #5027 ) ) ;
#4652 = ORIENTED_EDGE ( 'NONE', *, *, #4236, .F. ) ;
#4653 = ORIENTED_EDGE ( 'NONE', *, *, #1972, .T. ) ;
#4654 = LINE ( 'NONE', #3420, #3616 ) ;
#4655 = CARTESIAN_POINT ( 'NONE',  ( -16.30000000000012150, 5.400000000000000355, 24.99926665591072350 ) ) ;
#4656 = EDGE_CURVE ( 'NONE', #3330, #4755, #4033, .T. ) ;
#4657 = LINE ( 'NONE', #4261, #2254 ) ;
#4658 = ORIENTED_EDGE ( 'NONE', *, *, #2954, .T. ) ;
#4659 = DIRECTION ( 'NONE',  ( -0.000000000000000000, -1.000000000000000000, -0.000000000000000000 ) ) ;
#4660 = DIRECTION ( 'NONE',  ( -0.000000000000000000, -3.552713678800500929E-15, 1.000000000000000000 ) ) ;
#4661 = CARTESIAN_POINT ( 'NONE',  ( 27.00000000000000000, 5.400000000000000355, -3.233161507461902673 ) ) ;
#4662 = EDGE_LOOP ( 'NONE', ( #1203, #3897 ) ) ;
#4663 = CARTESIAN_POINT ( 'NONE',  ( -57.89999999999999858, 11.14000000000000412, 30.00000000000005329 ) ) ;
#4664 = ORIENTED_EDGE ( 'NONE', *, *, #4265, .F. ) ;
#4665 = ORIENTED_EDGE ( 'NONE', *, *, #4619, .T. ) ;
#4666 = CARTESIAN_POINT ( 'NONE',  ( -30.16017429317980358, 19.20000000000012719, 25.60000000000007958 ) ) ;
#4667 = DIRECTION ( 'NONE',  ( 1.073081856240826471E-15, 0.000000000000000000, 1.000000000000000000 ) ) ;
#4668 = PLANE ( 'NONE',  #3306 ) ;
#4669 = EDGE_LOOP ( 'NONE', ( #4938, #2351 ) ) ;
#4670 = EDGE_CURVE ( 'NONE', #417, #60, #889, .T. ) ;
#4671 = CARTESIAN_POINT ( 'NONE',  ( -13.49999999999978328, 0.000000000000000000, -23.38268590217996490 ) ) ;
#4672 = CARTESIAN_POINT ( 'NONE',  ( 0.000000000000000000, 0.000000000000000000, 0.000000000000000000 ) ) ;
#4673 = DIRECTION ( 'NONE',  ( -1.073081856240826471E-15, 0.000000000000000000, -1.000000000000000000 ) ) ;
#4674 = DIRECTION ( 'NONE',  ( 0.000000000000000000, 0.000000000000000000, 1.000000000000000000 ) ) ;
#4675 = ORIENTED_EDGE ( 'NONE', *, *, #1599, .T. ) ;
#4676 = EDGE_LOOP ( 'NONE', ( #4835, #2301, #837, #3381 ) ) ;
#4677 = ORIENTED_EDGE ( 'NONE', *, *, #4878, .T. ) ;
#4678 = CARTESIAN_POINT ( 'NONE',  ( -26.92701278571807322, 35.20000000000024443, 22.00000000000013856 ) ) ;
#4679 = CARTESIAN_POINT ( 'NONE',  ( -29.80000000000000071, 60.00000000000002842, -1.616580753730952003 ) ) ;
#4680 = DIRECTION ( 'NONE',  ( -0.000000000000000000, -3.552713678800500929E-15, 1.000000000000000000 ) ) ;
#4681 = AXIS2_PLACEMENT_3D ( 'NONE', #5118, #1173, #1096 ) ;
#4682 = DIRECTION ( 'NONE',  ( 1.254552017826427048E-14, 0.000000000000000000, -1.000000000000000000 ) ) ;
#4683 = LINE ( 'NONE', #4349, #1523 ) ;
#4684 = DIRECTION ( 'NONE',  ( 0.000000000000000000, 1.000000000000000000, 0.000000000000000000 ) ) ;
#4685 = CARTESIAN_POINT ( 'NONE',  ( -13.49999999999978328, 5.400000000000000355, -21.68268590217996561 ) ) ;
#4686 = ADVANCED_FACE ( 'NONE', ( #580 ), #1690, .F. ) ;
#4687 = ORIENTED_EDGE ( 'NONE', *, *, #2777, .T. ) ;
#4688 = FACE_BOUND ( 'NONE', #1904, .T. ) ;
#4689 = ORIENTED_EDGE ( 'NONE', *, *, #4830, .F. ) ;
#4690 = VERTEX_POINT ( 'NONE', #4620 ) ;
#4691 = DIRECTION ( 'NONE',  ( -0.4999999999999956146, 0.000000000000000000, -0.8660254037844412611 ) ) ;
#4692 = DIRECTION ( 'NONE',  ( -0.000000000000000000, 3.221629312528199387E-15, -1.000000000000000000 ) ) ;
#4693 = ORIENTED_EDGE ( 'NONE', *, *, #359, .F. ) ;
#4694 = EDGE_CURVE ( 'NONE', #4568, #1695, #1778, .T. ) ;
#4695 = EDGE_CURVE ( 'NONE', #911, #539, #1843, .T. ) ;
#4696 = CARTESIAN_POINT ( 'NONE',  ( 16.29999999999995097, 5.400000000000000355, 21.76610514844893274 ) ) ;
#4697 = DIRECTION ( 'NONE',  ( -0.4999999999999992228, 0.000000000000000000, -0.8660254037844391517 ) ) ;
#4698 = AXIS2_PLACEMENT_3D ( 'NONE', #3601, #4371, #1137 ) ;
#4699 = ADVANCED_FACE ( 'NONE', ( #5043 ), #3914, .T. ) ;
#4700 = VECTOR ( 'NONE', #2997, 1000.000000000000000 ) ;
#4701 = DIRECTION ( 'NONE',  ( -0.6103818063152128826, -0.000000000000000000, 0.7921073478508945387 ) ) ;
#4702 = ORIENTED_EDGE ( 'NONE', *, *, #216, .T. ) ;
#4703 = ORIENTED_EDGE ( 'NONE', *, *, #3450, .T. ) ;
#4704 = ORIENTED_EDGE ( 'NONE', *, *, #1429, .F. ) ;
#4705 = DIRECTION ( 'NONE',  ( -0.8660254037844390407, 0.000000000000000000, 0.4999999999999992228 ) ) ;
#4706 = AXIS2_PLACEMENT_3D ( 'NONE', #2076, #2257, #1073 ) ;
#4707 = DIRECTION ( 'NONE',  ( -0.000000000000000000, -1.000000000000000000, 0.000000000000000000 ) ) ;
#4708 = VECTOR ( 'NONE', #4844, 1000.000000000000000 ) ;
#4709 = EDGE_CURVE ( 'NONE', #2980, #4295, #2288, .T. ) ;
#4710 = FACE_OUTER_BOUND ( 'NONE', #1907, .T. ) ;
#4711 = ORIENTED_EDGE ( 'NONE', *, *, #4310, .T. ) ;
#4712 = CIRCLE ( 'NONE', #1294, 29.99999999999998934 ) ;
#4713 = DIRECTION ( 'NONE',  ( 0.000000000000000000, 0.000000000000000000, -1.000000000000000000 ) ) ;
#4714 = LINE ( 'NONE', #5109, #4616 ) ;
#4715 = DIRECTION ( 'NONE',  ( -1.000000000000000000, -0.000000000000000000, -0.000000000000000000 ) ) ;
#4716 = CARTESIAN_POINT ( 'NONE',  ( -16.30000000000010374, 45.27895839063656780, 21.99999999999974065 ) ) ;
#4717 = VERTEX_POINT ( 'NONE', #2155 ) ;
#4718 = DIRECTION ( 'NONE',  ( 0.000000000000000000, -1.000000000000000000, -0.000000000000000000 ) ) ;
#4719 = ORIENTED_EDGE ( 'NONE', *, *, #3308, .T. ) ;
#4720 = AXIS2_PLACEMENT_3D ( 'NONE', #15, #379, #4789 ) ;
#4721 = EDGE_CURVE ( 'NONE', #3928, #1586, #376, .T. ) ;
#4722 = ORIENTED_EDGE ( 'NONE', *, *, #1362, .T. ) ;
#4723 = DIRECTION ( 'NONE',  ( -0.8660254037844370423, 0.000000000000000000, -0.5000000000000026645 ) ) ;
#4724 = VECTOR ( 'NONE', #4933, 1000.000000000000000 ) ;
#4725 = AXIS2_PLACEMENT_3D ( 'NONE', #508, #2512, #3328 ) ;
#4726 = ORIENTED_EDGE ( 'NONE', *, *, #1065, .T. ) ;
#4727 = CIRCLE ( 'NONE', #812, 1.799999999999989164 ) ;
#4728 = FACE_OUTER_BOUND ( 'NONE', #1815, .T. ) ;
#4729 = CARTESIAN_POINT ( 'NONE',  ( -13.57820639017470299, 8.000000000000000000, -26.75130485090060972 ) ) ;
#4730 = AXIS2_PLACEMENT_3D ( 'NONE', #4650, #682, #4674 ) ;
#4731 = FACE_OUTER_BOUND ( 'NONE', #3706, .T. ) ;
#4732 = APPLICATION_CONTEXT ( 'configuration controlled 3d designs of mechanical parts and assemblies' ) ;
#4733 = VECTOR ( 'NONE', #4989, 1000.000000000000000 ) ;
#4734 = ORIENTED_EDGE ( 'NONE', *, *, #677, .T. ) ;
#4735 = ORIENTED_EDGE ( 'NONE', *, *, #436, .T. ) ;
#4736 = EDGE_LOOP ( 'NONE', ( #2876, #1441, #4762, #4493, #227, #558 ) ) ;
#4737 = LINE ( 'NONE', #1432, #283 ) ;
#4738 = ADVANCED_FACE ( 'NONE', ( #2354 ), #384, .F. ) ;
#4739 = PLANE ( 'NONE',  #3856 ) ;
#4740 = ORIENTED_EDGE ( 'NONE', *, *, #2058, .T. ) ;
#4741 = LINE ( 'NONE', #4373, #3294 ) ;
#4742 = CARTESIAN_POINT ( 'NONE',  ( 13.49999999999993960, 5.400000000000000355, 26.61584740964178053 ) ) ;
#4743 = CARTESIAN_POINT ( 'NONE',  ( -8.149999999999977263, 8.000000000000000000, -14.11621408168633884 ) ) ;
#4744 = ORIENTED_EDGE ( 'NONE', *, *, #1601, .F. ) ;
#4745 = EDGE_CURVE ( 'NONE', #2440, #2323, #3194, .T. ) ;
#4746 = EDGE_LOOP ( 'NONE', ( #1562, #1384, #1398, #699 ) ) ;
#4747 = DIRECTION ( 'NONE',  ( 0.4999999999999961697, 0.8660254037844408170, 2.790012826226013337E-15 ) ) ;
#4748 = ORIENTED_EDGE ( 'NONE', *, *, #535, .F. ) ;
#4749 = DIRECTION ( 'NONE',  ( 0.8660254037844394848, -0.4999999999999985012, -1.842329326619997088E-15 ) ) ;
#4750 = ORIENTED_EDGE ( 'NONE', *, *, #1232, .T. ) ;
#4751 = FACE_BOUND ( 'NONE', #5100, .T. ) ;
#4752 = FACE_OUTER_BOUND ( 'NONE', #4651, .T. ) ;
#4753 = EDGE_CURVE ( 'NONE', #2999, #4624, #1267, .T. ) ;
#4754 = DIRECTION ( 'NONE',  ( 0.000000000000000000, -1.000000000000000000, 0.000000000000000000 ) ) ;
#4755 = VERTEX_POINT ( 'NONE', #3954 ) ;
#4756 = VERTEX_POINT ( 'NONE', #4023 ) ;
#4757 = ORIENTED_EDGE ( 'NONE', *, *, #3342, .T. ) ;
#4758 = DIRECTION ( 'NONE',  ( 1.000000000000000000, 6.272760089132149442E-15, 0.000000000000000000 ) ) ;
#4759 = DIRECTION ( 'NONE',  ( -0.000000000000000000, -3.552713678800500929E-15, 1.000000000000000000 ) ) ;
#4760 = EDGE_CURVE ( 'NONE', #3801, #4690, #2063, .T. ) ;
#4761 = CARTESIAN_POINT ( 'NONE',  ( -13.57820639017470299, 5.400000000000000355, -26.75130485090060972 ) ) ;
#4762 = ORIENTED_EDGE ( 'NONE', *, *, #4861, .T. ) ;
#4763 = DIRECTION ( 'NONE',  ( 0.000000000000000000, 1.000000000000000000, 4.081702296416015997E-15 ) ) ;
#4764 = DIRECTION ( 'NONE',  ( 7.617846651086544702E-17, 3.386180225106570071E-15, -1.000000000000000000 ) ) ;
#4765 = DIRECTION ( 'NONE',  ( 7.617846651086544702E-17, -3.552713678800500929E-15, 1.000000000000000000 ) ) ;
#4766 = ORIENTED_EDGE ( 'NONE', *, *, #616, .T. ) ;
#4767 = EDGE_CURVE ( 'NONE', #1440, #4318, #4214, .T. ) ;
#4768 = EDGE_LOOP ( 'NONE', ( #4581, #578, #2261, #77 ) ) ;
#4769 = CARTESIAN_POINT ( 'NONE',  ( -45.63316150746191369, 46.00000000000003553, 25.60000000000017550 ) ) ;
#4770 = VECTOR ( 'NONE', #4450, 1000.000000000000000 ) ;
#4771 = ORIENTED_EDGE ( 'NONE', *, *, #1189, .F. ) ;
#4772 = LINE ( 'NONE', #4800, #3204 ) ;
#4773 = LINE ( 'NONE', #805, #3966 ) ;
#4774 = EDGE_LOOP ( 'NONE', ( #1237, #396 ) ) ;
#4775 = AXIS2_PLACEMENT_3D ( 'NONE', #2285, #595, #3888 ) ;
#4776 = ADVANCED_FACE ( 'NONE', ( #1990, #4379 ), #1551, .T. ) ;
#4777 = CARTESIAN_POINT ( 'NONE',  ( -25.31043203198699132, 22.00000000000018119, 22.00000000000009237 ) ) ;
#4778 = LINE ( 'NONE', #81, #295 ) ;
#4779 = ORIENTED_EDGE ( 'NONE', *, *, #196, .T. ) ;
#4780 = ADVANCED_FACE ( 'NONE', ( #44 ), #2039, .F. ) ;
#4781 = ORIENTED_EDGE ( 'NONE', *, *, #4932, .F. ) ;
#4782 = VECTOR ( 'NONE', #1568, 1000.000000000000114 ) ;
#4783 = EDGE_LOOP ( 'NONE', ( #5126, #287 ) ) ;
#4784 = CARTESIAN_POINT ( 'NONE',  ( -10.70000000000011831, 60.00000000000002842, 24.99926665591075192 ) ) ;
#4785 = CARTESIAN_POINT ( 'NONE',  ( 0.000000000000000000, 5.400000000000000355, 0.000000000000000000 ) ) ;
#4786 = VECTOR ( 'NONE', #4281, 1000.000000000000114 ) ;
#4787 = DIRECTION ( 'NONE',  ( -0.000000000000000000, -3.552713678800500929E-15, 1.000000000000000000 ) ) ;
#4788 = ORIENTED_EDGE ( 'NONE', *, *, #5075, .T. ) ;
#4789 = DIRECTION ( 'NONE',  ( 0.000000000000000000, 1.000000000000000000, 4.081702296416015997E-15 ) ) ;
#4790 = CARTESIAN_POINT ( 'NONE',  ( -13.50000000000011013, 5.400000000000000355, 25.08268590217978300 ) ) ;
#4791 = DIRECTION ( 'NONE',  ( -0.000000000000000000, 3.717264591378872007E-15, -1.000000000000000000 ) ) ;
#4792 = VECTOR ( 'NONE', #399, 1000.000000000000000 ) ;
#4793 = CARTESIAN_POINT ( 'NONE',  ( 29.95641278034915089, 8.000000000000000000, -1.616580753730949116 ) ) ;
#4794 = AXIS2_PLACEMENT_3D ( 'NONE', #620, #3851, #275 ) ;
#4795 = VERTEX_POINT ( 'NONE', #3249 ) ;
#4796 = VECTOR ( 'NONE', #1487, 1000.000000000000114 ) ;
#4797 = CIRCLE ( 'NONE', #3868, 29.99999999999998934 ) ;
#4798 = ORIENTED_EDGE ( 'NONE', *, *, #231, .T. ) ;
#4799 = EDGE_CURVE ( 'NONE', #1422, #4013, #72, .T. ) ;
#4800 = CARTESIAN_POINT ( 'NONE',  ( -24.20000000000000284, 60.00000000000002842, -1.616580753730955555 ) ) ;
#4801 = DIRECTION ( 'NONE',  ( 7.617846651086544702E-17, -3.552713678800500929E-15, 1.000000000000000000 ) ) ;
#4802 = LINE ( 'NONE', #21, #547 ) ;
#4803 = ORIENTED_EDGE ( 'NONE', *, *, #1389, .T. ) ;
#4804 = VECTOR ( 'NONE', #4331, 1000.000000000000000 ) ;
#4805 = AXIS2_PLACEMENT_3D ( 'NONE', #1170, #2358, #3958 ) ;
#4806 = DIRECTION ( 'NONE',  ( -0.000000000000000000, 3.593355771666226926E-15, -1.000000000000000000 ) ) ;
#4807 = VECTOR ( 'NONE', #752, 1000.000000000000000 ) ;
#4808 = ADVANCED_FACE ( 'NONE', ( #2461 ), #2822, .F. ) ;
#4809 = DIRECTION ( 'NONE',  ( 0.8660254037844432595, -0.4999999999999919509, -1.651456749129775401E-15 ) ) ;
#4810 = EDGE_LOOP ( 'NONE', ( #1625, #1256, #1191, #3846 ) ) ;
#4811 = AXIS2_PLACEMENT_3D ( 'NONE', #632, #555, #2132 ) ;
#4812 = VERTEX_POINT ( 'NONE', #4055 ) ;
#4813 = CARTESIAN_POINT ( 'NONE',  ( -13.98755610176389830, 8.000000000000000000, -27.46031934943675523 ) ) ;
#4814 = EDGE_CURVE ( 'NONE', #3047, #2105, #3886, .T. ) ;
#4815 = VECTOR ( 'NONE', #1307, 1000.000000000000000 ) ;
#4816 = ORIENTED_EDGE ( 'NONE', *, *, #486, .F. ) ;
#4817 = DIRECTION ( 'NONE',  ( -1.254552017826426891E-14, 0.000000000000000000, 1.000000000000000000 ) ) ;
#4818 = CARTESIAN_POINT ( 'NONE',  ( -56.25640646055099126, 20.29999999999994387, 30.00000000000033396 ) ) ;
#4819 = DIRECTION ( 'NONE',  ( -0.000000000000000000, 3.593355771666182750E-15, -1.000000000000000000 ) ) ;
#4820 = ORIENTED_EDGE ( 'NONE', *, *, #4978, .F. ) ;
#4821 = ADVANCED_FACE ( 'NONE', ( #2770 ), #2012, .T. ) ;
#4822 = LINE ( 'NONE', #2435, #4887 ) ;
#4823 = EDGE_LOOP ( 'NONE', ( #1980, #4396, #186, #2421 ) ) ;
#4824 = DIRECTION ( 'NONE',  ( -7.617846651086544702E-17, 3.552713678800500929E-15, -1.000000000000000000 ) ) ;
#4825 = DIRECTION ( 'NONE',  ( -0.000000000000000000, -3.552713678800500929E-15, 1.000000000000000000 ) ) ;
#4826 = CARTESIAN_POINT ( 'NONE',  ( -42.40000000000000568, 12.30000000000001847, 25.60000000000005826 ) ) ;
#4827 = EDGE_LOOP ( 'NONE', ( #1005, #2823, #4049, #1893 ) ) ;
#4828 = DIRECTION ( 'NONE',  ( -0.4999999999999961697, -0.8660254037844408170, 0.000000000000000000 ) ) ;
#4829 = EDGE_CURVE ( 'NONE', #3353, #3557, #1575, .T. ) ;
#4830 = EDGE_CURVE ( 'NONE', #663, #4318, #4822, .T. ) ;
#4831 = DIRECTION ( 'NONE',  ( -0.4999999999999985567, -0.8660254037844394848, -2.790012826226032270E-15 ) ) ;
#4832 = EDGE_CURVE ( 'NONE', #4755, #3330, #387, .T. ) ;
#4833 = DIRECTION ( 'NONE',  ( 0.8660254037844392627, 0.000000000000000000, -0.4999999999999988898 ) ) ;
#4834 = ORIENTED_EDGE ( 'NONE', *, *, #2896, .F. ) ;
#4835 = ORIENTED_EDGE ( 'NONE', *, *, #1062, .F. ) ;
#4836 = VERTEX_POINT ( 'NONE', #2377 ) ;
#4837 = CARTESIAN_POINT ( 'NONE',  ( -16.29999999999976623, 5.400000000000000355, -24.99926665591094732 ) ) ;
#4838 = CARTESIAN_POINT ( 'NONE',  ( 0.000000000000000000, 5.400000000000000355, 0.000000000000000000 ) ) ;
#4839 = CARTESIAN_POINT ( 'NONE',  ( -44.01658075373094903, 16.80000000000000071, 25.60000000000007248 ) ) ;
#4840 = VERTEX_POINT ( 'NONE', #1209 ) ;
#4841 = DIRECTION ( 'NONE',  ( 0.8660254037844427044, 0.000000000000000000, -0.4999999999999928946 ) ) ;
#4842 = FACE_OUTER_BOUND ( 'NONE', #3156, .T. ) ;
#4843 = CARTESIAN_POINT ( 'NONE',  ( 16.29999999999995097, 8.000000000000000000, 21.76610514844893274 ) ) ;
#4844 = DIRECTION ( 'NONE',  ( -0.000000000000000000, -1.000000000000000000, -0.000000000000000000 ) ) ;
#4845 = DIRECTION ( 'NONE',  ( -0.000000000000000000, -3.552713678800500929E-15, 1.000000000000000000 ) ) ;
#4846 = LINE ( 'NONE', #2848, #4088 ) ;
#4847 = VERTEX_POINT ( 'NONE', #1567 ) ;
#4848 = DIRECTION ( 'NONE',  ( -0.4999999999999997224, 0.8660254037844388186, 3.219245568722496570E-15 ) ) ;
#4849 = EDGE_CURVE ( 'NONE', #4836, #647, #4307, .T. ) ;
#4850 = DIRECTION ( 'NONE',  ( -0.000000000000000000, -1.000000000000000000, -0.000000000000000000 ) ) ;
#4851 = ORIENTED_EDGE ( 'NONE', *, *, #2736, .F. ) ;
#4852 = CIRCLE ( 'NONE', #3193, 1.700000000000000178 ) ;
#4853 = CARTESIAN_POINT ( 'NONE',  ( 15.50000000000000000, 0.000000000000000000, -12.13999999999999702 ) ) ;
#4854 = DIRECTION ( 'NONE',  ( -0.000000000000000000, 1.000000000000000000, -0.000000000000000000 ) ) ;
#4855 = FACE_BOUND ( 'NONE', #1068, .T. ) ;
#4856 = VERTEX_POINT ( 'NONE', #4420 ) ;
#4857 = ORIENTED_EDGE ( 'NONE', *, *, #2472, .T. ) ;
#4858 = CC_DESIGN_PERSON_AND_ORGANIZATION_ASSIGNMENT ( #2547, #1790, ( #852 ) ) ;
#4859 = CARTESIAN_POINT ( 'NONE',  ( 15.49999999999999645, 0.000000000000000000, 15.50000000000000178 ) ) ;
#4860 = CARTESIAN_POINT ( 'NONE',  ( 27.00000000000000000, 8.000000000000000000, -3.233161507461902673 ) ) ;
#4861 = EDGE_CURVE ( 'NONE', #3238, #1741, #3629, .T. ) ;
#4862 = ORIENTED_EDGE ( 'NONE', *, *, #1934, .F. ) ;
#4863 = CARTESIAN_POINT ( 'NONE',  ( -57.89999999999999858, 12.70000000000004725, 22.00000000000006040 ) ) ;
#4864 = DIRECTION ( 'NONE',  ( -0.4999999999999919509, -0.8660254037844432595, -3.004629197474266787E-15 ) ) ;
#4865 = CYLINDRICAL_SURFACE ( 'NONE', #966, 1.700000000000000178 ) ;
#4866 = DIRECTION ( 'NONE',  ( 0.000000000000000000, 1.000000000000000000, 4.081702296416015997E-15 ) ) ;
#4867 = VECTOR ( 'NONE', #424, 999.9999999999998863 ) ;
#4868 = EDGE_CURVE ( 'NONE', #2074, #4393, #1559, .T. ) ;
#4869 = LINE ( 'NONE', #3347, #4770 ) ;
#4870 = AXIS2_PLACEMENT_3D ( 'NONE', #3268, #1988, #4051 ) ;
#4871 = ORIENTED_EDGE ( 'NONE', *, *, #3058, .T. ) ;
#4872 = AXIS2_PLACEMENT_3D ( 'NONE', #2890, #3317, #1333 ) ;
#4873 = DIRECTION ( 'NONE',  ( -0.000000000000000000, -1.000000000000000000, -0.000000000000000000 ) ) ;
#4874 = CARTESIAN_POINT ( 'NONE',  ( -57.90000000000000568, 47.29999999999999716, 30.00000000000018474 ) ) ;
#4875 = ORIENTED_EDGE ( 'NONE', *, *, #4595, .T. ) ;
#4876 = VECTOR ( 'NONE', #4397, 1000.000000000000000 ) ;
#4877 = AXIS2_PLACEMENT_3D ( 'NONE', #1374, #1663, #3255 ) ;
#4878 = EDGE_CURVE ( 'NONE', #1354, #4427, #2368, .T. ) ;
#4879 = CIRCLE ( 'NONE', #2867, 1.799999999999989164 ) ;
#4880 = LINE ( 'NONE', #151, #3541 ) ;
#4881 = VECTOR ( 'NONE', #1433, 1000.000000000000000 ) ;
#4882 = CARTESIAN_POINT ( 'NONE',  ( -44.01658075373096324, 43.20000000000004547, 25.60000000000016485 ) ) ;
#4883 = CARTESIAN_POINT ( 'NONE',  ( -40.78341924626905524, 11.20000000000000284, 25.60000000000005471 ) ) ;
#4884 = ORIENTED_EDGE ( 'NONE', *, *, #2940, .F. ) ;
#4885 = VERTEX_POINT ( 'NONE', #762 ) ;
#4886 = DIRECTION ( 'NONE',  ( 0.000000000000000000, -1.000000000000000000, -3.854941057726261566E-15 ) ) ;
#4887 = VECTOR ( 'NONE', #775, 1000.000000000000000 ) ;
#4888 = VECTOR ( 'NONE', #2114, 1000.000000000000000 ) ;
#4889 = AXIS2_PLACEMENT_3D ( 'NONE', #4671, #4988, #2680 ) ;
#4890 = AXIS2_PLACEMENT_3D ( 'NONE', #208, #111, #1795 ) ;
#4891 = EDGE_CURVE ( 'NONE', #5046, #3032, #2338, .T. ) ;
#4892 = EDGE_CURVE ( 'NONE', #3820, #361, #101, .T. ) ;
#4893 = ORIENTED_EDGE ( 'NONE', *, *, #1081, .T. ) ;
#4894 = ORIENTED_EDGE ( 'NONE', *, *, #1074, .T. ) ;
#4895 = LINE ( 'NONE', #584, #2183 ) ;
#4896 = CARTESIAN_POINT ( 'NONE',  ( -57.87298721428198434, 24.79999999999994742, 22.00000000000010303 ) ) ;
#4897 = CARTESIAN_POINT ( 'NONE',  ( 5.349999999999995204, 8.000000000000000000, -9.266471820493489275 ) ) ;
#4898 = AXIS2_PLACEMENT_3D ( 'NONE', #2975, #581, #656 ) ;
#4899 = CARTESIAN_POINT ( 'NONE',  ( 16.78755610176370894, 5.400000000000000355, -25.84373859570590426 ) ) ;
#4900 = ORIENTED_EDGE ( 'NONE', *, *, #2004, .F. ) ;
#4901 = DIRECTION ( 'NONE',  ( 7.617846651086544702E-17, 3.386180225106570071E-15, -1.000000000000000000 ) ) ;
#4902 = LINE ( 'NONE', #3274, #3124 ) ;
#4903 = ORIENTED_EDGE ( 'NONE', *, *, #4986, .F. ) ;
#4904 = DIRECTION ( 'NONE',  ( -0.000000000000000000, -0.000000000000000000, 1.000000000000000000 ) ) ;
#4905 = ADVANCED_FACE ( 'NONE', ( #1664 ), #4510, .T. ) ;
#4906 = APPLICATION_PROTOCOL_DEFINITION ( 'international standard', 'config_control_design', 1994, #362 ) ;
#4907 = CARTESIAN_POINT ( 'NONE',  ( -16.30000000000000782, 8.000000000000000000, -1.583455588871631030E-13 ) ) ;
#4908 = CARTESIAN_POINT ( 'NONE',  ( -25.31043203198716185, 38.00000000000024158, 25.60000000000014708 ) ) ;
#4909 = ORIENTED_EDGE ( 'NONE', *, *, #4168, .T. ) ;
#4910 = CARTESIAN_POINT ( 'NONE',  ( -26.89999999999999858, 12.70000000000002238, 28.44000000000004746 ) ) ;
#4911 = EDGE_CURVE ( 'NONE', #2729, #1553, #3880, .T. ) ;
#4912 = PLANE ( 'NONE',  #2527 ) ;
#4913 = DIRECTION ( 'NONE',  ( 0.000000000000000000, 1.000000000000000000, 3.386180225106570465E-15 ) ) ;
#4914 = EDGE_LOOP ( 'NONE', ( #4128, #3969 ) ) ;
#4915 = ORIENTED_EDGE ( 'NONE', *, *, #3486, .F. ) ;
#4916 = FACE_OUTER_BOUND ( 'NONE', #3275, .T. ) ;
#4917 = EDGE_CURVE ( 'NONE', #663, #3250, #2873, .T. ) ;
#4918 = ADVANCED_FACE ( 'NONE', ( #4931 ), #3694, .F. ) ;
#4919 = CARTESIAN_POINT ( 'NONE',  ( -25.31043203198716185, 38.00000000000025580, 22.00000000000014921 ) ) ;
#4920 = ORIENTED_EDGE ( 'NONE', *, *, #2168, .T. ) ;
#4921 = LINE ( 'NONE', #168, #2946 ) ;
#4922 = FACE_OUTER_BOUND ( 'NONE', #3148, .T. ) ;
#4923 = DIRECTION ( 'NONE',  ( 0.000000000000000000, -0.000000000000000000, 1.000000000000000000 ) ) ;
#4924 = EDGE_CURVE ( 'NONE', #5115, #1644, #548, .T. ) ;
#4925 = ORIENTED_EDGE ( 'NONE', *, *, #3799, .T. ) ;
#4926 = EDGE_LOOP ( 'NONE', ( #3367, #3598 ) ) ;
#4927 = EDGE_CURVE ( 'NONE', #4351, #1312, #3257, .T. ) ;
#4928 = FACE_BOUND ( 'NONE', #2652, .T. ) ;
#4929 = ORIENTED_EDGE ( 'NONE', *, *, #4141, .T. ) ;
#4930 = COORDINATED_UNIVERSAL_TIME_OFFSET ( 8, 0, .AHEAD. ) ;
#4931 = FACE_OUTER_BOUND ( 'NONE', #3104, .T. ) ;
#4932 = EDGE_CURVE ( 'NONE', #2999, #1288, #2125, .T. ) ;
#4933 = DIRECTION ( 'NONE',  ( -0.000000000000000000, -1.000000000000000000, 0.000000000000000000 ) ) ;
#4934 = ORIENTED_EDGE ( 'NONE', *, *, #1048, .F. ) ;
#4935 = CARTESIAN_POINT ( 'NONE',  ( -16.30000000000011795, 8.000000000000000000, -24.99926665591072705 ) ) ;
#4936 = DIRECTION ( 'NONE',  ( 0.000000000000000000, 0.000000000000000000, 1.000000000000000000 ) ) ;
#4937 = EDGE_CURVE ( 'NONE', #4295, #4840, #1738, .T. ) ;
#4938 = ORIENTED_EDGE ( 'NONE', *, *, #3312, .F. ) ;
#4939 = ORIENTED_EDGE ( 'NONE', *, *, #3240, .F. ) ;
#4940 = CYLINDRICAL_SURFACE ( 'NONE', #618, 1.799999999999990941 ) ;
#4941 = DIRECTION ( 'NONE',  ( 0.000000000000000000, 1.000000000000000000, 3.854941057726261566E-15 ) ) ;
#4942 = ORIENTED_EDGE ( 'NONE', *, *, #732, .T. ) ;
#4943 = CARTESIAN_POINT ( 'NONE',  ( -56.25640646055099126, 23.69999999999994245, 30.00000000000034817 ) ) ;
#4944 = CARTESIAN_POINT ( 'NONE',  ( -29.80000000000000071, 5.400000000000000355, -1.616580753730952003 ) ) ;
#4945 = DIRECTION ( 'NONE',  ( -7.617846651086544702E-17, 3.552713678800500929E-15, -1.000000000000000000 ) ) ;
#4946 = EDGE_LOOP ( 'NONE', ( #2893, #4018, #2718, #1300, #4506, #117 ) ) ;
#4947 = LINE ( 'NONE', #4106, #1892 ) ;
#4948 = VERTEX_POINT ( 'NONE', #1352 ) ;
#4949 = VECTOR ( 'NONE', #70, 1000.000000000000000 ) ;
#4950 = CIRCLE ( 'NONE', #4872, 1.700000000000000178 ) ;
#4951 = CARTESIAN_POINT ( 'NONE',  ( -63.61320343559648194, 8.786796564403655196, 22.00000000000004263 ) ) ;
#4952 = VERTEX_POINT ( 'NONE', #3650 ) ;
#4953 = VECTOR ( 'NONE', #1460, 1000.000000000000227 ) ;
#4954 = CIRCLE ( 'NONE', #4877, 1.799999999999989164 ) ;
#4955 = LINE ( 'NONE', #98, #2932 ) ;
#4956 = DIRECTION ( 'NONE',  ( 0.000000000000000000, 0.000000000000000000, 1.000000000000000000 ) ) ;
#4957 = DIRECTION ( 'NONE',  ( -1.000000000000000000, 0.000000000000000000, 0.000000000000000000 ) ) ;
#4958 = DIRECTION ( 'NONE',  ( 0.000000000000000000, 1.000000000000000000, 0.000000000000000000 ) ) ;
#4959 = VECTOR ( 'NONE', #4503, 1000.000000000000000 ) ;
#4960 = ORIENTED_EDGE ( 'NONE', *, *, #3938, .T. ) ;
#4961 = ORIENTED_EDGE ( 'NONE', *, *, #2901, .F. ) ;
#4962 = CARTESIAN_POINT ( 'NONE',  ( -31.77675504691080022, 22.00000000000013500, 22.00000000000009237 ) ) ;
#4963 = EDGE_CURVE ( 'NONE', #1643, #3353, #3669, .T. ) ;
#4964 = AXIS2_PLACEMENT_3D ( 'NONE', #3078, #1909, #5104 ) ;
#4965 = DIRECTION ( 'NONE',  ( 0.000000000000000000, 1.000000000000000000, 4.081702296416015997E-15 ) ) ;
#4966 = CIRCLE ( 'NONE', #462, 1.700000000000000178 ) ;
#4967 = ORIENTED_EDGE ( 'NONE', *, *, #3240, .T. ) ;
#4968 = AXIS2_PLACEMENT_3D ( 'NONE', #2332, #2046, #3543 ) ;
#4969 = ORIENTED_EDGE ( 'NONE', *, *, #1224, .T. ) ;
#4970 = CARTESIAN_POINT ( 'NONE',  ( -54.63982570682013318, 40.80000000000000426, 25.60000000000015774 ) ) ;
#4971 = EDGE_CURVE ( 'NONE', #2074, #4319, #129, .T. ) ;
#4972 = VECTOR ( 'NONE', #4715, 1000.000000000000000 ) ;
#4973 = CARTESIAN_POINT ( 'NONE',  ( 10.69999999999994778, 60.00000000000002842, 21.76610514844892208 ) ) ;
#4974 = ORIENTED_EDGE ( 'NONE', *, *, #2742, .T. ) ;
#4975 = LINE ( 'NONE', #1730, #1371 ) ;
#4976 = CARTESIAN_POINT ( 'NONE',  ( -57.87298721428201276, 35.19999999999999574, 25.60000000000013642 ) ) ;
#4977 = CARTESIAN_POINT ( 'NONE',  ( 0.000000000000000000, 0.000000000000000000, 0.000000000000000000 ) ) ;
#4978 = EDGE_CURVE ( 'NONE', #2762, #1119, #554, .T. ) ;
#4979 = ORIENTED_EDGE ( 'NONE', *, *, #1152, .T. ) ;
#4980 = FACE_OUTER_BOUND ( 'NONE', #212, .T. ) ;
#4981 = ORIENTED_EDGE ( 'NONE', *, *, #5093, .F. ) ;
#4982 = AXIS2_PLACEMENT_3D ( 'NONE', #4539, #4118, #577 ) ;
#4983 = CARTESIAN_POINT ( 'NONE',  ( 21.21320343559646915, 0.000000000000000000, 21.21320343559638033 ) ) ;
#4984 = EDGE_LOOP ( 'NONE', ( #2218, #3018, #859, #4658 ) ) ;
#4985 = APPROVAL_DATE_TIME ( #1816, #452 ) ;
#4986 = EDGE_CURVE ( 'NONE', #608, #3174, #3726, .T. ) ;
#4987 = EDGE_CURVE ( 'NONE', #2223, #2591, #4130, .T. ) ;
#4988 = DIRECTION ( 'NONE',  ( -0.000000000000000000, 1.000000000000000000, -0.000000000000000000 ) ) ;
#4989 = DIRECTION ( 'NONE',  ( -0.000000000000000000, -3.552713678800500929E-15, 1.000000000000000000 ) ) ;
#4990 = DIRECTION ( 'NONE',  ( 1.000000000000000000, -0.000000000000000000, -6.671245638583922968E-16 ) ) ;
#4991 = DIRECTION ( 'NONE',  ( -0.000000000000000000, 1.000000000000000000, -0.000000000000000000 ) ) ;
#4992 = DIRECTION ( 'NONE',  ( -0.000000000000000000, -3.552713678800500929E-15, 1.000000000000000000 ) ) ;
#4993 = LINE ( 'NONE', #1014, #471 ) ;
#4994 = EDGE_LOOP ( 'NONE', ( #1148, #4820 ) ) ;
#4995 = ORIENTED_EDGE ( 'NONE', *, *, #2986, .T. ) ;
#4996 = DIRECTION ( 'NONE',  ( -0.000000000000000000, 3.593355771666182750E-15, -1.000000000000000000 ) ) ;
#4997 = DIRECTION ( 'NONE',  ( 0.8660254037844328234, 0.000000000000000000, 0.5000000000000101030 ) ) ;
#4998 = EDGE_CURVE ( 'NONE', #4457, #1766, #4966, .T. ) ;
#4999 = CARTESIAN_POINT ( 'NONE',  ( -57.89999999999999858, 14.50000000000000533, 30.00000000000006395 ) ) ;
#5000 = ORIENTED_EDGE ( 'NONE', *, *, #4180, .T. ) ;
#5001 = DIRECTION ( 'NONE',  ( 0.4999999999999979461, 0.000000000000000000, -0.8660254037844397068 ) ) ;
#5002 = LINE ( 'NONE', #146, #1439 ) ;
#5003 = CARTESIAN_POINT ( 'NONE',  ( -16.29999999999979821, 8.000000000000000000, -21.76610514844904287 ) ) ;
#5004 = ORIENTED_EDGE ( 'NONE', *, *, #4361, .F. ) ;
#5005 = VERTEX_POINT ( 'NONE', #492 ) ;
#5006 = EDGE_CURVE ( 'NONE', #2146, #1422, #4145, .T. ) ;
#5007 = DIRECTION ( 'NONE',  ( 0.8660254037844398178, -0.4999999999999980016, -1.817990202823726573E-15 ) ) ;
#5008 = CARTESIAN_POINT ( 'NONE',  ( 13.49999999999993960, 5.400000000000000355, 26.61584740964178053 ) ) ;
#5009 = EDGE_LOOP ( 'NONE', ( #2745, #1687, #4418, #4771 ) ) ;
#5010 = FACE_OUTER_BOUND ( 'NONE', #431, .T. ) ;
#5011 = CALENDAR_DATE ( 2026, 26, 2 ) ;
#5012 = DIRECTION ( 'NONE',  ( 0.000000000000000000, 1.000000000000000000, 4.081702296416015997E-15 ) ) ;
#5013 = DIRECTION ( 'NONE',  ( -0.000000000000000000, -3.552713678800500929E-15, 1.000000000000000000 ) ) ;
#5014 = LINE ( 'NONE', #1124, #118 ) ;
#5015 = LINE ( 'NONE', #3246, #3887 ) ;
#5016 = CARTESIAN_POINT ( 'NONE',  ( -42.40000000000000568, 14.00000000000001954, 25.60000000000006537 ) ) ;
#5017 = ORIENTED_EDGE ( 'NONE', *, *, #4036, .F. ) ;
#5018 = ORIENTED_EDGE ( 'NONE', *, *, #2094, .F. ) ;
#5019 = CARTESIAN_POINT ( 'NONE',  ( -16.30000000000011795, 8.000000000000000000, -24.99926665591072705 ) ) ;
#5020 = EDGE_CURVE ( 'NONE', #3344, #4459, #1716, .T. ) ;
#5021 = CARTESIAN_POINT ( 'NONE',  ( -28.54359353944907696, 36.30000000000018900, 25.60000000000013998 ) ) ;
#5022 = DIRECTION ( 'NONE',  ( -0.000000000000000000, 1.000000000000000000, -0.000000000000000000 ) ) ;
#5023 = VERTEX_POINT ( 'NONE', #1763 ) ;
#5024 = CARTESIAN_POINT ( 'NONE',  ( 16.37820639017451541, 8.000000000000000000, -25.13472409716975164 ) ) ;
#5025 = DIRECTION ( 'NONE',  ( -0.8660254037844398178, 0.4999999999999980016, 1.817990202823726573E-15 ) ) ;
#5026 = DIRECTION ( 'NONE',  ( -0.000000000000000000, -1.000000000000000000, -0.000000000000000000 ) ) ;
#5027 = ORIENTED_EDGE ( 'NONE', *, *, #4576, .T. ) ;
#5028 = CARTESIAN_POINT ( 'NONE',  ( 0.000000000000000000, 0.000000000000000000, 0.000000000000000000 ) ) ;
#5029 = EDGE_CURVE ( 'NONE', #2754, #3583, #4086, .T. ) ;
#5030 = ORIENTED_EDGE ( 'NONE', *, *, #2882, .F. ) ;
#5031 = DIRECTION ( 'NONE',  ( -0.5000000000000095479, 0.8660254037844331565, 2.790012826226010182E-15 ) ) ;
#5032 = PLANE ( 'NONE',  #3449 ) ;
#5033 = FACE_OUTER_BOUND ( 'NONE', #3526, .T. ) ;
#5034 = ORIENTED_EDGE ( 'NONE', *, *, #5152, .T. ) ;
#5035 = EDGE_CURVE ( 'NONE', #4459, #411, #3630, .T. ) ;
#5036 = AXIS2_PLACEMENT_3D ( 'NONE', #3080, #4680, #2300 ) ;
#5037 = CIRCLE ( 'NONE', #784, 1.700000000000000178 ) ;
#5038 = LINE ( 'NONE', #1840, #729 ) ;
#5039 = DIRECTION ( 'NONE',  ( 0.5000000000000039968, 0.000000000000000000, -0.8660254037844363761 ) ) ;
#5040 = CIRCLE ( 'NONE', #278, 1.799999999999989164 ) ;
#5041 = AXIS2_PLACEMENT_3D ( 'NONE', #3770, #3410, #2227 ) ;
#5042 = FACE_OUTER_BOUND ( 'NONE', #4635, .T. ) ;
#5043 = FACE_OUTER_BOUND ( 'NONE', #1585, .T. ) ;
#5044 = AXIS2_PLACEMENT_3D ( 'NONE', #3479, #747, #2296 ) ;
#5045 = CIRCLE ( 'NONE', #2781, 1.700000000000000178 ) ;
#5046 = VERTEX_POINT ( 'NONE', #4644 ) ;
#5047 = ORIENTED_EDGE ( 'NONE', *, *, #1043, .T. ) ;
#5048 = ORIENTED_EDGE ( 'NONE', *, *, #2964, .F. ) ;
#5049 = DIRECTION ( 'NONE',  ( 1.102003339948839560E-16, 3.493786075749806212E-15, -1.000000000000000000 ) ) ;
#5050 = AXIS2_PLACEMENT_3D ( 'NONE', #839, #2426, #347 ) ;
#5051 = LINE ( 'NONE', #3421, #460 ) ;
#5052 = VECTOR ( 'NONE', #4292, 1000.000000000000000 ) ;
#5053 = CARTESIAN_POINT ( 'NONE',  ( 12.42640687119288856, 8.000000000000000000, 30.00000000000000000 ) ) ;
#5054 = ORIENTED_EDGE ( 'NONE', *, *, #4426, .F. ) ;
#5055 = LINE ( 'NONE', #329, #366 ) ;
#5056 = DIRECTION ( 'NONE',  ( -0.000000000000000000, 3.221629312528199387E-15, -1.000000000000000000 ) ) ;
#5057 = EDGE_LOOP ( 'NONE', ( #2241, #2815 ) ) ;
#5058 = AXIS2_PLACEMENT_3D ( 'NONE', #4408, #2846, #826 ) ;
#5059 = EDGE_CURVE ( 'NONE', #1553, #2489, #4589, .T. ) ;
#5060 = VECTOR ( 'NONE', #95, 1000.000000000000000 ) ;
#5061 = CARTESIAN_POINT ( 'NONE',  ( -54.82640687119288714, 1.040834085586084257E-14, 30.00000000000001421 ) ) ;
#5062 = CIRCLE ( 'NONE', #4775, 1.700000000000000178 ) ;
#5063 = EDGE_LOOP ( 'NONE', ( #3442, #1218, #3688, #3718, #1761, #3785 ) ) ;
#5064 = VECTOR ( 'NONE', #3636, 1000.000000000000114 ) ;
#5065 = CARTESIAN_POINT ( 'NONE',  ( -44.01658075373096324, 43.20000000000004547, 25.60000000000016485 ) ) ;
#5066 = CARTESIAN_POINT ( 'NONE',  ( -13.50000000000012967, 60.00000000000002842, 26.61584740964168816 ) ) ;
#5067 = CARTESIAN_POINT ( 'NONE',  ( -28.54359353944891353, 22.00000000000015277, 25.60000000000009024 ) ) ;
#5068 = ORIENTED_EDGE ( 'NONE', *, *, #3645, .T. ) ;
#5069 = AXIS2_PLACEMENT_3D ( 'NONE', #569, #510, #2091 ) ;
#5070 = CARTESIAN_POINT ( 'NONE',  ( -15.50000000000000355, 0.000000000000000000, 12.14000000000000234 ) ) ;
#5071 = DIRECTION ( 'NONE',  ( -0.8660254037844388186, -0.4999999999999996669, -1.759062599773035800E-15 ) ) ;
#5072 = LINE ( 'NONE', #1874, #4453 ) ;
#5073 = DIRECTION ( 'NONE',  ( -0.000000000000000000, -1.000000000000000000, -0.000000000000000000 ) ) ;
#5074 = ORIENTED_EDGE ( 'NONE', *, *, #3595, .F. ) ;
#5075 = EDGE_CURVE ( 'NONE', #2236, #3146, #4225, .T. ) ;
#5076 = VERTEX_POINT ( 'NONE', #3804 ) ;
#5077 = ORIENTED_EDGE ( 'NONE', *, *, #4115, .F. ) ;
#5078 = PLANE ( 'NONE',  #1446 ) ;
#5079 = CARTESIAN_POINT ( 'NONE',  ( 13.49999999999994316, 8.000000000000000000, -26.61584740964178053 ) ) ;
#5080 = ORIENTED_EDGE ( 'NONE', *, *, #3010, .F. ) ;
#5081 = CARTESIAN_POINT ( 'NONE',  ( 10.69999999999997797, 8.000000000000000000, 1.342370659074274400E-13 ) ) ;
#5082 = CARTESIAN_POINT ( 'NONE',  ( -57.90000000000000568, 45.50000000000000711, 30.00000000000017764 ) ) ;
#5083 = DIRECTION ( 'NONE',  ( -0.000000000000000000, 3.593355771666182750E-15, -1.000000000000000000 ) ) ;
#5084 = LINE ( 'NONE', #1495, #2884 ) ;
#5085 = ORIENTED_EDGE ( 'NONE', *, *, #173, .F. ) ;
#5086 = EDGE_CURVE ( 'NONE', #4847, #2180, #5038, .T. ) ;
#5087 = VERTEX_POINT ( 'NONE', #2230 ) ;
#5088 = ORIENTED_EDGE ( 'NONE', *, *, #393, .T. ) ;
#5089 = APPROVAL ( #1714, 'UNSPECIFIED' ) ;
#5090 = CARTESIAN_POINT ( 'NONE',  ( -18.63677956447317996, 48.31145418945637005, 30.00000000000018474 ) ) ;
#5091 = DIRECTION ( 'NONE',  ( -0.000000000000000000, 1.000000000000000000, -0.000000000000000000 ) ) ;
#5093 = EDGE_CURVE ( 'NONE', #345, #3625, #880, .T. ) ;
#5092 = ORIENTED_EDGE ( 'NONE', *, *, #5059, .T. ) ;
#5094 =( NAMED_UNIT ( * ) SI_UNIT ( $, .STERADIAN. ) SOLID_ANGLE_UNIT ( ) );
#5095 = LINE ( 'NONE', #2286, #2084 ) ;
#5096 = LINE ( 'NONE', #4253, #443 ) ;
#5097 = FACE_OUTER_BOUND ( 'NONE', #4810, .T. ) ;
#5098 = EDGE_CURVE ( 'NONE', #3250, #663, #4474, .T. ) ;
#5099 = CARTESIAN_POINT ( 'NONE',  ( 16.37820639017451541, 5.400000000000000355, -25.13472409716975875 ) ) ;
#5100 = EDGE_LOOP ( 'NONE', ( #3111, #1561 ) ) ;
#5101 = EDGE_LOOP ( 'NONE', ( #4900, #4233, #3562, #896 ) ) ;
#5102 = EDGE_LOOP ( 'NONE', ( #3462, #2647, #4182, #4642 ) ) ;
#5103 = CARTESIAN_POINT ( 'NONE',  ( 13.49999999999995559, 8.000000000000000000, 20.14952439471797163 ) ) ;
#5104 = DIRECTION ( 'NONE',  ( 0.000000000000000000, 1.000000000000000000, 3.469446951953614189E-15 ) ) ;
#5105 = EDGE_CURVE ( 'NONE', #1576, #848, #3305, .T. ) ;
#5106 = CARTESIAN_POINT ( 'NONE',  ( -40.78341924626906234, 43.20000000000004547, 25.60000000000016485 ) ) ;
#5107 = ORIENTED_EDGE ( 'NONE', *, *, #3231, .F. ) ;
#5108 = VECTOR ( 'NONE', #941, 1000.000000000000000 ) ;
#5109 = CARTESIAN_POINT ( 'NONE',  ( -31.77675504691080022, 22.00000000000013500, 22.00000000000009237 ) ) ;
#5110 = LINE ( 'NONE', #1515, #4972 ) ;
#5111 = LINE ( 'NONE', #4716, #1554 ) ;
#5112 = EDGE_LOOP ( 'NONE', ( #1899, #3333, #2760, #2883 ) ) ;
#5113 = LINE ( 'NONE', #1518, #4388 ) ;
#5114 = VERTEX_POINT ( 'NONE', #624 ) ;
#5115 = VERTEX_POINT ( 'NONE', #2655 ) ;
#5116 = DIRECTION ( 'NONE',  ( -0.000000000000000000, 3.345538132240890616E-15, -1.000000000000000000 ) ) ;
#5117 = ORIENTED_EDGE ( 'NONE', *, *, #1324, .T. ) ;
#5118 = CARTESIAN_POINT ( 'NONE',  ( 15.50000000000000000, 1.560000000000005826, -15.49999999999999822 ) ) ;
#5119 = CARTESIAN_POINT ( 'NONE',  ( -40.78341924626906234, 43.20000000000005969, 22.00000000000016698 ) ) ;
#5120 = PERSON ( 'UNSPECIFIED', 'UNSPECIFIED', 'UNSPECIFIED', ('UNSPECIFIED'), ('UNSPECIFIED'), ('UNSPECIFIED') ) ;
#5121 = VECTOR ( 'NONE', #163, 1000.000000000000000 ) ;
#5122 = LINE ( 'NONE', #2737, #3559 ) ;
#5123 = AXIS2_PLACEMENT_3D ( 'NONE', #2233, #1011, #2598 ) ;
#5124 = EDGE_LOOP ( 'NONE', ( #2422, #2569, #936, #2028 ) ) ;
#5125 = VERTEX_POINT ( 'NONE', #706 ) ;
#5126 = ORIENTED_EDGE ( 'NONE', *, *, #1599, .F. ) ;
#5127 = ADVANCED_FACE ( 'NONE', ( #3827 ), #2123, .F. ) ;
#5128 = CARTESIAN_POINT ( 'NONE',  ( -53.02324495308910457, 21.99999999999997868, 22.00000000000009237 ) ) ;
#5129 = AXIS2_PLACEMENT_3D ( 'NONE', #521, #4992, #3318 ) ;
#5130 = CARTESIAN_POINT ( 'NONE',  ( -57.89999999999999858, 14.50000000000001066, 28.44000000000005812 ) ) ;
#5131 = CIRCLE ( 'NONE', #4534, 1.799999999999987388 ) ;
#5132 = CARTESIAN_POINT ( 'NONE',  ( 13.50000000000027178, 5.400000000000000355, -23.38268590217968423 ) ) ;
#5133 = ORIENTED_EDGE ( 'NONE', *, *, #3782, .T. ) ;
#5134 = VECTOR ( 'NONE', #300, 1000.000000000000114 ) ;
#5135 = LINE ( 'NONE', #4327, #1708 ) ;
#5136 = DIRECTION ( 'NONE',  ( 0.000000000000000000, -1.000000000000000000, -3.097720492815725095E-15 ) ) ;
#5137 = CARTESIAN_POINT ( 'NONE',  ( 10.69999999999994778, 5.400000000000000355, 21.76610514844892208 ) ) ;
#5138 = ORIENTED_EDGE ( 'NONE', *, *, #3116, .F. ) ;
#5139 = DIRECTION ( 'NONE',  ( 7.617846651086544702E-17, 3.386180225106570071E-15, -1.000000000000000000 ) ) ;
#5140 = ORIENTED_EDGE ( 'NONE', *, *, #4494, .F. ) ;
#5141 = CARTESIAN_POINT ( 'NONE',  ( 0.000000000000000000, 5.400000000000000355, 0.000000000000000000 ) ) ;
#5142 = ORIENTED_EDGE ( 'NONE', *, *, #3234, .T. ) ;
#5143 = ADVANCED_FACE ( 'NONE', ( #1448 ), #1425, .F. ) ;
#5144 = FACE_OUTER_BOUND ( 'NONE', #3157, .T. ) ;
#5145 = VECTOR ( 'NONE', #3967, 1000.000000000000000 ) ;
#5146 = VECTOR ( 'NONE', #4384, 1000.000000000000000 ) ;
#5147 = ORIENTED_EDGE ( 'NONE', *, *, #1189, .T. ) ;
#5148 = CIRCLE ( 'NONE', #4551, 1.700000000000000178 ) ;
#5149 = CARTESIAN_POINT ( 'NONE',  ( -13.50000000000012257, 41.64533014183333393, 26.61584740964169526 ) ) ;
#5150 = DIRECTION ( 'NONE',  ( 0.000000000000000000, 1.000000000000000000, 0.000000000000000000 ) ) ;
#5151 = VECTOR ( 'NONE', #367, 1000.000000000000000 ) ;
#5152 = EDGE_CURVE ( 'NONE', #2976, #3141, #2801, .T. ) ;
#5153 = LINE ( 'NONE', #1505, #3638 ) ;
#5154 = EDGE_LOOP ( 'NONE', ( #3062, #3301, #924, #2068 ) ) ;
#5155 = ORIENTED_EDGE ( 'NONE', *, *, #2243, .T. ) ;
#5156 = EDGE_CURVE ( 'NONE', #4856, #3348, #5062, .T. ) ;
#5157 = VERTEX_POINT ( 'NONE', #1900 ) ;
#5158 = LINE ( 'NONE', #4471, #3864 ) ;
#5159 = DIRECTION ( 'NONE',  ( -1.102003339948843381E-16, 3.445107828157265971E-15, -1.000000000000000000 ) ) ;
#5160 = ORIENTED_EDGE ( 'NONE', *, *, #470, .T. ) ;
#5161 = CARTESIAN_POINT ( 'NONE',  ( -53.02324495308910457, 21.99999999999996803, 25.60000000000009024 ) ) ;
#5162 = CARTESIAN_POINT ( 'NONE',  ( -26.92701278571814427, 40.80000000000019611, 25.60000000000015774 ) ) ;
#5163 = FACE_OUTER_BOUND ( 'NONE', #1944, .T. ) ;
#5164 = ORIENTED_EDGE ( 'NONE', *, *, #4656, .T. ) ;
#5165 = EDGE_LOOP ( 'NONE', ( #4960, #2293, #456, #583, #4302, #4032 ) ) ;
#5166 = DIRECTION ( 'NONE',  ( 0.000000000000000000, 3.386180225106570465E-15, -1.000000000000000000 ) ) ;
#5167 = EDGE_CURVE ( 'NONE', #3567, #4847, #4250, .T. ) ;
ENDSEC;
END-ISO-10303-21;
